[0.000000] (-) TimerEvent: {}
[0.000136] (workspace_gz) JobQueued: {'identifier': 'workspace_gz', 'dependencies': OrderedDict()}
[0.000503] (workspace_nav) JobQueued: {'identifier': 'workspace_nav', 'dependencies': OrderedDict()}
[0.000623] (workspace_ros) JobQueued: {'identifier': 'workspace_ros', 'dependencies': OrderedDict()}
[0.000782] (workspace_gz) JobStarted: {'identifier': 'workspace_gz'}
[0.008423] (workspace_nav) JobStarted: {'identifier': 'workspace_nav'}
[0.014367] (workspace_ros) JobStarted: {'identifier': 'workspace_ros'}
[0.021964] (workspace_gz) JobProgress: {'identifier': 'workspace_gz', 'progress': 'cmake'}
[0.023232] (workspace_gz) Command: {'cmd': ['/usr/bin/cmake', '/home/aliomac/garp-test/workspace_gz', '-DAMENT_CMAKE_SYMLINK_INSTALL=1', '-DCMAKE_INSTALL_PREFIX=/home/aliomac/garp-test/install/workspace_gz'], 'cwd': '/home/aliomac/garp-test/build/workspace_gz', 'env': OrderedDict({'GZ_SIM_SYSTEM_PLUGIN_PATH': '/home/aliomac/vrx_ws/install/lib', 'GJS_DEBUG_TOPICS': 'JS ERROR;JS LOG', 'XDG_ACTIVATION_TOKEN': 'gnome-shell/Terminator/2481-1-aliomac-Nitro-AN515-55_TIME693242', 'LESSOPEN': '| /usr/bin/lesspipe %s', 'GZ_SIM_RESOURCE_PATH': '/home/aliomac/vrx_ws/install/share/vrx_gz/models/tmp:/home/aliomac/vrx_ws/install/share/vrx_gz/models:/home/aliomac/vrx_ws/install/share/vrx_gz/worlds/2023_phase2:/home/aliomac/vrx_ws/install/share/vrx_gz/worlds/2023_practice:/home/aliomac/vrx_ws/install/share/vrx_gz/worlds:/home/aliomac/vrx_ws/install/share/wamv_description/models:/home/aliomac/vrx_ws/install/share/vrx_gazebo/models:/home/aliomac/vrx_ws/install/share/:/opt/ros/jazzy/share', 'USER': 'aliomac', 'GZ_CONFIG_PATH': '/opt/ros/jazzy/opt/gz_sim_vendor/share/gz:/opt/ros/jazzy/opt/sdformat_vendor/share/gz:/opt/ros/jazzy/opt/gz_gui_vendor/share/gz:/opt/ros/jazzy/opt/gz_transport_vendor/share/gz:/opt/ros/jazzy/opt/gz_rendering_vendor/share/gz:/opt/ros/jazzy/opt/gz_plugin_vendor/share/gz:/opt/ros/jazzy/opt/gz_fuel_tools_vendor/share/gz:/opt/ros/jazzy/opt/gz_msgs_vendor/share/gz:/opt/ros/jazzy/opt/gz_common_vendor/share/gz', 'XDG_SESSION_TYPE': 'wayland', 'CLUTTER_DISABLE_MIPMAPPED_TEXT': '1', 'SHLVL': '1', 'LD_LIBRARY_PATH': '/home/aliomac/garp-test/install/workspace_gz/lib:/home/aliomac/vrx_ws/install/lib:/home/aliomac/thesis_USV_gazebo/install/lib:/opt/ros/jazzy/opt/gz_sim_vendor/lib:/opt/ros/jazzy/opt/gz_sensors_vendor/lib:/opt/ros/jazzy/opt/gz_physics_vendor/lib:/opt/ros/jazzy/opt/sdformat_vendor/lib:/opt/ros/jazzy/opt/rviz_ogre_vendor/lib:/opt/ros/jazzy/lib/x86_64-linux-gnu:/opt/ros/jazzy/opt/gz_gui_vendor/lib:/opt/ros/jazzy/opt/gz_transport_vendor/lib:/opt/ros/jazzy/opt/gz_rendering_vendor/lib:/opt/ros/jazzy/opt/gz_plugin_vendor/lib:/opt/ros/jazzy/opt/gz_fuel_tools_vendor/lib:/opt/ros/jazzy/opt/gz_msgs_vendor/lib:/opt/ros/jazzy/opt/gz_common_vendor/lib:/opt/ros/jazzy/opt/gz_math_vendor/lib:/opt/ros/jazzy/opt/gz_utils_vendor/lib:/opt/ros/jazzy/opt/gz_tools_vendor/lib:/opt/ros/jazzy/opt/gz_ogre_next_vendor/lib:/opt/ros/jazzy/opt/gz_dartsim_vendor/lib:/opt/ros/jazzy/opt/gz_cmake_vendor/lib:/opt/ros/jazzy/lib', 'HOME': '/home/aliomac', 'OLDPWD': '/home/aliomac', 'DESKTOP_SESSION': 'ubuntu', 'GIO_LAUNCHED_DESKTOP_FILE': '/usr/share/applications/terminator.desktop', 'ROS_PYTHON_VERSION': '3', 'GNOME_SHELL_SESSION_MODE': 'ubuntu', 'GTK_MODULES': 'gail:atk-bridge', 'MANAGERPID': '2198', 'SYSTEMD_EXEC_PID': '2481', 'GSM_SKIP_SSH_AGENT_WORKAROUND': 'true', 'DBUS_SESSION_BUS_ADDRESS': 'unix:path=/run/user/1000/bus', 'COLORTERM': 'truecolor', 'TERMINATOR_DBUS_NAME': 'net.tenshu.Terminator25ef4b219e3b005583550f2b0f9f990c3', 'GIO_LAUNCHED_DESKTOP_FILE_PID': '7984', 'DEBUGINFOD_URLS': 'https://debuginfod.ubuntu.com', 'IM_CONFIG_PHASE': '1', 'WAYLAND_DISPLAY': 'wayland-0', 'COLCON_PREFIX_PATH': '/home/aliomac/garp-test/install:/home/aliomac/vrx_ws/install:/home/aliomac/thesis_USV_gazebo/install', 'ROS_DISTRO': 'jazzy', 'LOGNAME': 'aliomac', 'JOURNAL_STREAM': '9:20790', '_': '/usr/bin/colcon', 'ROS_VERSION': '2', 'MEMORY_PRESSURE_WATCH': '/sys/fs/cgroup/user.slice/user-1000.slice/user@1000.service/session.slice/org.gnome.Shell@wayland.service/memory.pressure', 'XDG_SESSION_CLASS': 'user', 'USERNAME': 'aliomac', 'TERM': 'xterm-256color', 'GNOME_DESKTOP_SESSION_ID': 'this-is-deprecated', 'PATH': '/home/aliomac/.opencode/bin:/home/aliomac/.local/bin:/opt/ros/jazzy/opt/gz_msgs_vendor/bin:/opt/ros/jazzy/opt/gz_tools_vendor/bin:/opt/ros/jazzy/opt/gz_ogre_next_vendor/bin:/opt/ros/jazzy/bin:/home/aliomac/.local/bin:/usr/local/sbin:/usr/local/bin:/usr/sbin:/usr/bin:/sbin:/bin:/usr/games:/usr/local/games:/snap/bin:/snap/bin', 'SESSION_MANAGER': 'local/aliomac-Nitro-AN515-55:@/tmp/.ICE-unix/2442,unix/aliomac-Nitro-AN515-55:/tmp/.ICE-unix/2442', 'INVOCATION_ID': '9615740d914f443fadb2fde0e12e93b1', 'XDG_MENU_PREFIX': 'gnome-', 'GNOME_SETUP_DISPLAY': ':1', 'XDG_RUNTIME_DIR': '/run/user/1000', 'DISPLAY': ':0', 'TERMINATOR_DBUS_PATH': '/net/tenshu/Terminator2', 'LANG': 'en_US.UTF-8', 'XDG_CURRENT_DESKTOP': 'ubuntu:GNOME', 'XMODIFIERS': '@im=ibus', 'XDG_SESSION_DESKTOP': 'ubuntu', 'XAUTHORITY': '/run/user/1000/.mutter-Xwaylandauth.7RB4J3', 'LS_COLORS': 'rs=0:di=01;34:ln=01;36:mh=00:pi=40;33:so=01;35:do=01;35:bd=40;33;01:cd=40;33;01:or=40;31;01:mi=00:su=37;41:sg=30;43:ca=00:tw=30;42:ow=34;42:st=37;44:ex=01;32:*.tar=01;31:*.tgz=01;31:*.arc=01;31:*.arj=01;31:*.taz=01;31:*.lha=01;31:*.lz4=01;31:*.lzh=01;31:*.lzma=01;31:*.tlz=01;31:*.txz=01;31:*.tzo=01;31:*.t7z=01;31:*.zip=01;31:*.z=01;31:*.dz=01;31:*.gz=01;31:*.lrz=01;31:*.lz=01;31:*.lzo=01;31:*.xz=01;31:*.zst=01;31:*.tzst=01;31:*.bz2=01;31:*.bz=01;31:*.tbz=01;31:*.tbz2=01;31:*.tz=01;31:*.deb=01;31:*.rpm=01;31:*.jar=01;31:*.war=01;31:*.ear=01;31:*.sar=01;31:*.rar=01;31:*.alz=01;31:*.ace=01;31:*.zoo=01;31:*.cpio=01;31:*.7z=01;31:*.rz=01;31:*.cab=01;31:*.wim=01;31:*.swm=01;31:*.dwm=01;31:*.esd=01;31:*.avif=01;35:*.jpg=01;35:*.jpeg=01;35:*.mjpg=01;35:*.mjpeg=01;35:*.gif=01;35:*.bmp=01;35:*.pbm=01;35:*.pgm=01;35:*.ppm=01;35:*.tga=01;35:*.xbm=01;35:*.xpm=01;35:*.tif=01;35:*.tiff=01;35:*.png=01;35:*.svg=01;35:*.svgz=01;35:*.mng=01;35:*.pcx=01;35:*.mov=01;35:*.mpg=01;35:*.mpeg=01;35:*.m2v=01;35:*.mkv=01;35:*.webm=01;35:*.webp=01;35:*.ogm=01;35:*.mp4=01;35:*.m4v=01;35:*.mp4v=01;35:*.vob=01;35:*.qt=01;35:*.nuv=01;35:*.wmv=01;35:*.asf=01;35:*.rm=01;35:*.rmvb=01;35:*.flc=01;35:*.avi=01;35:*.fli=01;35:*.flv=01;35:*.gl=01;35:*.dl=01;35:*.xcf=01;35:*.xwd=01;35:*.yuv=01;35:*.cgm=01;35:*.emf=01;35:*.ogv=01;35:*.ogx=01;35:*.aac=00;36:*.au=00;36:*.flac=00;36:*.m4a=00;36:*.mid=00;36:*.midi=00;36:*.mka=00;36:*.mp3=00;36:*.mpc=00;36:*.ogg=00;36:*.ra=00;36:*.wav=00;36:*.oga=00;36:*.opus=00;36:*.spx=00;36:*.xspf=00;36:*~=00;90:*#=00;90:*.bak=00;90:*.crdownload=00;90:*.dpkg-dist=00;90:*.dpkg-new=00;90:*.dpkg-old=00;90:*.dpkg-tmp=00;90:*.old=00;90:*.orig=00;90:*.part=00;90:*.rej=00;90:*.rpmnew=00;90:*.rpmorig=00;90:*.rpmsave=00;90:*.swp=00;90:*.tmp=00;90:*.ucf-dist=00;90:*.ucf-new=00;90:*.ucf-old=00;90:', 'SSH_AUTH_SOCK': '/run/user/1000/keyring/ssh', 'AMENT_PREFIX_PATH': '/home/aliomac/garp-test/install/workspace_ros:/home/aliomac/garp-test/install/workspace_nav:/home/aliomac/garp-test/install/workspace_gz:/home/aliomac/vrx_ws/install:/home/aliomac/thesis_USV_gazebo/install:/opt/ros/jazzy', 'SHELL': '/bin/bash', 'TERMINATOR_UUID': 'urn:uuid:ec32f629-2688-448a-b15f-6f1a24b05c54', 'QT_ACCESSIBILITY': '1', 'GDMSESSION': 'ubuntu', 'LESSCLOSE': '/usr/bin/lesspipe %s %s', 'GJS_DEBUG_OUTPUT': 'stderr', 'ROS_AUTOMATIC_DISCOVERY_RANGE': 'SUBNET', 'QT_IM_MODULE': 'ibus', 'PWD': '/home/aliomac/garp-test/build/workspace_gz', 'LC_ALL': 'en_US.UTF-8', 'XDG_CONFIG_DIRS': '/etc/xdg/xdg-ubuntu:/etc/xdg', 'XDG_DATA_DIRS': '/usr/share/ubuntu:/usr/share/gnome:/usr/local/share/:/usr/share/:/var/lib/snapd/desktop', 'PYTHONPATH': '/home/aliomac/garp-test/install/workspace_ros/lib/python3.12/site-packages:/home/aliomac/garp-test/install/workspace_nav/lib/python3.12/site-packages:/home/aliomac/vrx_ws/install/lib/python3.12/site-packages:/home/aliomac/thesis_USV_gazebo/build/ros_gz_bridge_custom:/home/aliomac/thesis_USV_gazebo/build/autopilot:/home/aliomac/thesis_USV_gazebo/install/lib/python3.12/site-packages:/opt/ros/jazzy/lib/python3.12/site-packages', 'COLCON': '1', 'MEMORY_PRESSURE_WRITE': 'c29tZSAyMDAwMDAgMjAwMDAwMAA=', 'VTE_VERSION': '7600', 'CMAKE_PREFIX_PATH': '/home/aliomac/garp-test/install/workspace_gz:/home/aliomac/vrx_ws/install:/home/aliomac/thesis_USV_gazebo/install:/opt/ros/jazzy/opt/gz_sim_vendor:/opt/ros/jazzy/opt/gz_sensors_vendor:/opt/ros/jazzy/opt/gz_physics_vendor:/opt/ros/jazzy/opt/sdformat_vendor:/opt/ros/jazzy/opt/gz_gui_vendor:/opt/ros/jazzy/opt/gz_transport_vendor:/opt/ros/jazzy/opt/gz_rendering_vendor:/opt/ros/jazzy/opt/gz_plugin_vendor:/opt/ros/jazzy/opt/gz_fuel_tools_vendor:/opt/ros/jazzy/opt/gz_msgs_vendor:/opt/ros/jazzy/opt/gz_common_vendor:/opt/ros/jazzy/opt/gz_math_vendor:/opt/ros/jazzy/opt/gz_utils_vendor:/opt/ros/jazzy/opt/gz_tools_vendor:/opt/ros/jazzy/opt/gz_ogre_next_vendor:/opt/ros/jazzy/opt/gz_dartsim_vendor:/opt/ros/jazzy/opt/gz_cmake_vendor:/home/aliomac/garp-test/install/workspace_ros:/home/aliomac/garp-test/install/workspace_nav:/opt/ros/jazzy'}), 'shell': False}
[0.099879] (-) TimerEvent: {}
[0.200197] (-) TimerEvent: {}
[0.294313] (workspace_gz) StdoutLine: {'line': b'-- Found ament_cmake: 2.5.5 (/opt/ros/jazzy/share/ament_cmake/cmake)\n'}
[0.294847] (workspace_gz) StdoutLine: {'line': b'-- Override CMake install command with custom implementation using symlinks instead of copying resources\n'}
[0.295252] (workspace_gz) StdoutLine: {'line': b'-- Looking for gz-sim8 -- found version 8.10.0\n'}
[0.295726] (workspace_gz) StdoutLine: {'line': b'-- Searching for dependencies of gz-sim8\n'}
[0.296184] (workspace_gz) StdoutLine: {'line': b'-- Looking for sdformat14 -- found version 14.8.0\n'}
[0.296414] (workspace_gz) StdoutLine: {'line': b'-- Searching for dependencies of sdformat14\n'}
[0.296606] (workspace_gz) StdoutLine: {'line': b"-- Checking for module 'tinyxml2'\n"}
[0.300268] (-) TimerEvent: {}
[0.312938] (workspace_gz) StdoutLine: {'line': b'--   Found tinyxml2, version 10.0.0\n'}
[0.338423] (workspace_gz) StdoutLine: {'line': b'-- Looking for gz-math7 -- found version 7.5.2\n'}
[0.338658] (workspace_gz) StdoutLine: {'line': b'-- Searching for dependencies of gz-math7\n'}
[0.339216] (workspace_gz) StdoutLine: {'line': b'-- Looking for gz-utils2 -- found version 2.2.1\n'}
[0.339419] (workspace_gz) StdoutLine: {'line': b'-- Searching for dependencies of gz-utils2\n'}
[0.341161] (workspace_gz) StdoutLine: {'line': b'-- Looking for gz-utils2 -- found version 2.2.1\n'}
[0.341371] (workspace_gz) StdoutLine: {'line': b'-- Searching for dependencies of gz-utils2\n'}
[0.341573] (workspace_gz) StdoutLine: {'line': b'-- Searching for <gz-utils2> component [cli]\n'}
[0.342191] (workspace_gz) StdoutLine: {'line': b'-- Looking for gz-utils2-cli -- found version 2.2.1\n'}
[0.342397] (workspace_gz) StdoutLine: {'line': b'-- Searching for dependencies of gz-utils2-cli\n'}
[0.344397] (workspace_gz) StdoutLine: {'line': b'-- Looking for gz-plugin2 -- found version 2.0.4\n'}
[0.344600] (workspace_gz) StdoutLine: {'line': b'-- Searching for dependencies of gz-plugin2\n'}
[0.344899] (workspace_gz) StdoutLine: {'line': b'-- Looking for gz-utils2 -- found version 2.2.1\n'}
[0.345626] (workspace_gz) StdoutLine: {'line': b'-- Searching for <gz-plugin2> component [loader]\n'}
[0.346299] (workspace_gz) StdoutLine: {'line': b'-- Looking for gz-plugin2-loader -- found version 2.0.4\n'}
[0.346457] (workspace_gz) StdoutLine: {'line': b'-- Searching for dependencies of gz-plugin2-loader\n'}
[0.347209] (workspace_gz) StdoutLine: {'line': b'-- Searching for <gz-plugin2> component [register]\n'}
[0.347940] (workspace_gz) StdoutLine: {'line': b'-- Looking for gz-plugin2-register -- found version 2.0.4\n'}
[0.348161] (workspace_gz) StdoutLine: {'line': b'-- Searching for dependencies of gz-plugin2-register\n'}
[0.349602] (workspace_gz) StdoutLine: {'line': b'-- Looking for gz-transport13 -- found version 13.5.0\n'}
[0.349805] (workspace_gz) StdoutLine: {'line': b'-- Searching for dependencies of gz-transport13\n'}
[0.388627] (workspace_gz) StdoutLine: {'line': b'-- Config-file not installed for ZeroMQ -- checking for pkg-config\n'}
[0.392510] (workspace_gz) StdoutLine: {'line': b"-- Checking for module 'libzmq >= 4'\n"}
[0.400347] (-) TimerEvent: {}
[0.405786] (workspace_gz) StdoutLine: {'line': b'--   Found libzmq, version 4.3.5\n'}
[0.453866] (workspace_gz) StdoutLine: {'line': b"-- Checking for module 'uuid'\n"}
[0.468723] (workspace_gz) StdoutLine: {'line': b'--   Found uuid, version 2.39.3\n'}
[0.497696] (workspace_gz) StdoutLine: {'line': b'-- Looking for gz-utils2 -- found version 2.2.1\n'}
[0.498387] (workspace_gz) StdoutLine: {'line': b'-- Looking for gz-msgs10 -- found version 10.3.2\n'}
[0.498645] (workspace_gz) StdoutLine: {'line': b'-- Searching for dependencies of gz-msgs10\n'}
[0.500466] (-) TimerEvent: {}
[0.522210] (workspace_gz) StdoutLine: {'line': b'-- Looking for gz-utils2 -- found version 2.2.1\n'}
[0.522632] (workspace_gz) StdoutLine: {'line': b'-- Looking for gz-math7 -- found version 7.5.2\n'}
[0.531346] (workspace_gz) StdoutLine: {'line': b'-- Searching for <gz-transport13> component [log]\n'}
[0.532106] (workspace_gz) StdoutLine: {'line': b'-- Looking for gz-transport13-log -- found version 13.5.0\n'}
[0.532396] (workspace_gz) StdoutLine: {'line': b'-- Searching for dependencies of gz-transport13-log\n'}
[0.533144] (workspace_gz) StdoutLine: {'line': b'-- Searching for <gz-transport13> component [parameters]\n'}
[0.534025] (workspace_gz) StdoutLine: {'line': b'-- Looking for gz-transport13-parameters -- found version 13.5.0\n'}
[0.534244] (workspace_gz) StdoutLine: {'line': b'-- Searching for dependencies of gz-transport13-parameters\n'}
[0.535430] (workspace_gz) StdoutLine: {'line': b'-- Looking for gz-msgs10 -- found version 10.3.2\n'}
[0.536237] (workspace_gz) StdoutLine: {'line': b'-- Looking for gz-common5 -- found version 5.7.1\n'}
[0.536407] (workspace_gz) StdoutLine: {'line': b'-- Searching for dependencies of gz-common5\n'}
[0.536777] (workspace_gz) StdoutLine: {'line': b'-- Looking for gz-utils2 -- found version 2.2.1\n'}
[0.537121] (workspace_gz) StdoutLine: {'line': b'-- Looking for dlfcn.h - found\n'}
[0.537228] (workspace_gz) StdoutLine: {'line': b'-- Looking for libdl - found\n'}
[0.546052] (workspace_gz) StdoutLine: {'line': b'-- Searching for <gz-common5> component [av]\n'}
[0.546847] (workspace_gz) StdoutLine: {'line': b'-- Looking for gz-common5-av -- found version 5.7.1\n'}
[0.547052] (workspace_gz) StdoutLine: {'line': b'-- Searching for dependencies of gz-common5-av\n'}
[0.552214] (workspace_gz) StdoutLine: {'line': b"-- Checking for module 'libswscale'\n"}
[0.568704] (workspace_gz) StdoutLine: {'line': b'--   Found libswscale, version 7.5.100\n'}
[0.600571] (-) TimerEvent: {}
[0.605982] (workspace_gz) StdoutLine: {'line': b"-- Checking for module 'libavdevice >= 56.4.100'\n"}
[0.620330] (workspace_gz) StdoutLine: {'line': b'--   Found libavdevice, version 60.3.100\n'}
[0.668349] (workspace_gz) StdoutLine: {'line': b"-- Checking for module 'libavformat'\n"}
[0.682660] (workspace_gz) StdoutLine: {'line': b'--   Found libavformat, version 60.16.100\n'}
[0.700663] (-) TimerEvent: {}
[0.720823] (workspace_gz) StdoutLine: {'line': b"-- Checking for module 'libavcodec'\n"}
[0.733993] (workspace_gz) StdoutLine: {'line': b'--   Found libavcodec, version 60.31.102\n'}
[0.764702] (workspace_gz) StdoutLine: {'line': b"-- Checking for module 'libavutil'\n"}
[0.776547] (workspace_gz) StdoutLine: {'line': b'--   Found libavutil, version 58.29.100\n'}
[0.800722] (workspace_gz) StdoutLine: {'line': b'-- Searching for <gz-common5> component [events]\n'}
[0.800926] (-) TimerEvent: {}
[0.801449] (workspace_gz) StdoutLine: {'line': b'-- Looking for gz-common5-events -- found version 5.7.1\n'}
[0.801647] (workspace_gz) StdoutLine: {'line': b'-- Searching for dependencies of gz-common5-events\n'}
[0.802035] (workspace_gz) StdoutLine: {'line': b'-- Looking for gz-math7 -- found version 7.5.2\n'}
[0.803281] (workspace_gz) StdoutLine: {'line': b'-- Searching for <gz-common5> component [graphics]\n'}
[0.804177] (workspace_gz) StdoutLine: {'line': b'-- Looking for gz-common5-graphics -- found version 5.7.1\n'}
[0.804506] (workspace_gz) StdoutLine: {'line': b'-- Searching for dependencies of gz-common5-graphics\n'}
[0.805101] (workspace_gz) StdoutLine: {'line': b'-- Looking for gz-math7 -- found version 7.5.2\n'}
[0.808438] (workspace_gz) StdoutLine: {'line': b'-- Searching for <gz-common5> component [io]\n'}
[0.809134] (workspace_gz) StdoutLine: {'line': b'-- Looking for gz-common5-io -- found version 5.7.1\n'}
[0.809357] (workspace_gz) StdoutLine: {'line': b'-- Searching for dependencies of gz-common5-io\n'}
[0.810150] (workspace_gz) StdoutLine: {'line': b'-- Searching for <gz-common5> component [profiler]\n'}
[0.810841] (workspace_gz) StdoutLine: {'line': b'-- Looking for gz-common5-profiler -- found version 5.7.1\n'}
[0.810995] (workspace_gz) StdoutLine: {'line': b'-- Searching for dependencies of gz-common5-profiler\n'}
[0.812634] (workspace_gz) StdoutLine: {'line': b'-- Looking for gz-fuel_tools9 -- found version 9.1.1\n'}
[0.812788] (workspace_gz) StdoutLine: {'line': b'-- Searching for dependencies of gz-fuel_tools9\n'}
[0.864606] (workspace_gz) StdoutLine: {'line': b"-- Checking for module 'jsoncpp'\n"}
[0.877976] (workspace_gz) StdoutLine: {'line': b'--   Found jsoncpp, version 1.9.5\n'}
[0.901017] (-) TimerEvent: {}
[0.921901] (workspace_gz) StdoutLine: {'line': b"-- Checking for module 'yaml-0.1'\n"}
[0.934538] (workspace_gz) StdoutLine: {'line': b'--   Found yaml-0.1, version 0.2.5\n'}
[0.968025] (workspace_gz) StdoutLine: {'line': b"-- Checking for module 'libzip'\n"}
[0.983219] (workspace_gz) StdoutLine: {'line': b'--   Found libzip, version 1.7.3\n'}
[1.001106] (-) TimerEvent: {}
[1.012757] (workspace_gz) StdoutLine: {'line': b'-- Looking for gz-utils2 -- found version 2.2.1\n'}
[1.013325] (workspace_gz) StdoutLine: {'line': b'-- Looking for gz-common5 -- found version 5.7.1\n'}
[1.013545] (workspace_gz) StdoutLine: {'line': b'-- Searching for dependencies of gz-common5\n'}
[1.014113] (workspace_gz) StdoutLine: {'line': b'-- Looking for gz-utils2 -- found version 2.2.1\n'}
[1.014420] (workspace_gz) StdoutLine: {'line': b'-- Looking for dlfcn.h - found\n'}
[1.014547] (workspace_gz) StdoutLine: {'line': b'-- Looking for libdl - found\n'}
[1.022746] (workspace_gz) StdoutLine: {'line': b'-- Searching for <gz-common5> component [testing]\n'}
[1.023663] (workspace_gz) StdoutLine: {'line': b'-- Looking for gz-common5-testing -- found version 5.7.1\n'}
[1.023871] (workspace_gz) StdoutLine: {'line': b'-- Searching for dependencies of gz-common5-testing\n'}
[1.025351] (workspace_gz) StdoutLine: {'line': b'-- Looking for gz-math7 -- found version 7.5.2\n'}
[1.025878] (workspace_gz) StdoutLine: {'line': b'-- Looking for gz-msgs10 -- found version 10.3.2\n'}
[1.027814] (workspace_gz) StdoutLine: {'line': b'-- Looking for gz-gui8 -- found version 8.4.0\n'}
[1.028014] (workspace_gz) StdoutLine: {'line': b'-- Searching for dependencies of gz-gui8\n'}
[1.053633] (workspace_gz) StdoutLine: {'line': b'-- Looking for gz-utils2 -- found version 2.2.1\n'}
[1.053987] (workspace_gz) StdoutLine: {'line': b'-- Looking for gz-math7 -- found version 7.5.2\n'}
[1.054450] (workspace_gz) StdoutLine: {'line': b'-- Looking for gz-common5 -- found version 5.7.1\n'}
[1.054834] (workspace_gz) StdoutLine: {'line': b'-- Looking for gz-plugin2 -- found version 2.0.4\n'}
[1.055333] (workspace_gz) StdoutLine: {'line': b'-- Looking for gz-transport13 -- found version 13.5.0\n'}
[1.056042] (workspace_gz) StdoutLine: {'line': b'-- Looking for gz-rendering8 -- found version 8.2.3\n'}
[1.056248] (workspace_gz) StdoutLine: {'line': b'-- Searching for dependencies of gz-rendering8\n'}
[1.056614] (workspace_gz) StdoutLine: {'line': b'-- Looking for gz-math7 -- found version 7.5.2\n'}
[1.056788] (workspace_gz) StdoutLine: {'line': b'-- Searching for dependencies of gz-math7\n'}
[1.057171] (workspace_gz) StdoutLine: {'line': b'-- Looking for gz-utils2 -- found version 2.2.1\n'}
[1.057398] (workspace_gz) StdoutLine: {'line': b'-- Searching for <gz-math7> component [eigen3]\n'}
[1.058083] (workspace_gz) StdoutLine: {'line': b'-- Looking for gz-math7-eigen3 -- found version 7.5.2\n'}
[1.058291] (workspace_gz) StdoutLine: {'line': b'-- Searching for dependencies of gz-math7-eigen3\n'}
[1.060605] (workspace_gz) StdoutLine: {'line': b'-- Looking for gz-common5 -- found version 5.7.1\n'}
[1.060816] (workspace_gz) StdoutLine: {'line': b'-- Searching for dependencies of gz-common5\n'}
[1.061161] (workspace_gz) StdoutLine: {'line': b'-- Looking for gz-utils2 -- found version 2.2.1\n'}
[1.061370] (workspace_gz) StdoutLine: {'line': b'-- Looking for dlfcn.h - found\n'}
[1.061527] (workspace_gz) StdoutLine: {'line': b'-- Looking for libdl - found\n'}
[1.068349] (workspace_gz) StdoutLine: {'line': b'-- Searching for <gz-common5> component [graphics]\n'}
[1.068600] (workspace_gz) StdoutLine: {'line': b'-- Searching for <gz-common5> component [events]\n'}
[1.068750] (workspace_gz) StdoutLine: {'line': b'-- Searching for <gz-common5> component [geospatial]\n'}
[1.069144] (workspace_gz) StdoutLine: {'line': b'-- Looking for gz-common5-geospatial -- found version 5.7.1\n'}
[1.069338] (workspace_gz) StdoutLine: {'line': b'-- Searching for dependencies of gz-common5-geospatial\n'}
[1.069706] (workspace_gz) StdoutLine: {'line': b'-- Looking for gz-math7 -- found version 7.5.2\n'}
[1.070264] (workspace_gz) StdoutLine: {'line': b'-- Looking for gz-common5 -- found version 5.7.1\n'}
[1.071554] (workspace_gz) StdoutLine: {'line': b'-- Looking for gz-plugin2 -- found version 2.0.4\n'}
[1.071778] (workspace_gz) StdoutLine: {'line': b'-- Searching for dependencies of gz-plugin2\n'}
[1.072286] (workspace_gz) StdoutLine: {'line': b'-- Looking for gz-utils2 -- found version 2.2.1\n'}
[1.072473] (workspace_gz) StdoutLine: {'line': b'-- Searching for <gz-plugin2> component [all]\n'}
[1.073292] (workspace_gz) StdoutLine: {'line': b'-- Looking for all libraries of gz-plugin2 -- found version 2.0.4\n'}
[1.073898] (workspace_gz) StdoutLine: {'line': b'-- Looking for gz-plugin2 -- found version 2.0.4\n'}
[1.075040] (workspace_gz) StdoutLine: {'line': b'-- Looking for gz-utils2 -- found version 2.2.1\n'}
[1.079965] (workspace_gz) StdoutLine: {'line': b'-- Looking for gz-msgs10 -- found version 10.3.2\n'}
[1.101199] (-) TimerEvent: {}
[1.112372] (workspace_gz) StdoutLine: {'line': b'-- Looking for gz-physics7 -- found version 7.6.0\n'}
[1.112637] (workspace_gz) StdoutLine: {'line': b'-- Searching for dependencies of gz-physics7\n'}
[1.113058] (workspace_gz) StdoutLine: {'line': b'-- Looking for gz-common5 -- found version 5.7.1\n'}
[1.113672] (workspace_gz) StdoutLine: {'line': b'-- Looking for gz-math7 -- found version 7.5.2\n'}
[1.114301] (workspace_gz) StdoutLine: {'line': b'-- Looking for gz-plugin2 -- found version 2.0.4\n'}
[1.114783] (workspace_gz) StdoutLine: {'line': b'-- Looking for gz-utils2 -- found version 2.2.1\n'}
[1.116574] (workspace_gz) StdoutLine: {'line': b'-- Searching for <gz-physics7> component [heightmap]\n'}
[1.117372] (workspace_gz) StdoutLine: {'line': b'-- Looking for gz-physics7-heightmap -- found version 7.6.0\n'}
[1.117618] (workspace_gz) StdoutLine: {'line': b'-- Searching for dependencies of gz-physics7-heightmap\n'}
[1.118197] (workspace_gz) StdoutLine: {'line': b'-- Looking for gz-common5 -- found version 5.7.1\n'}
[1.118994] (workspace_gz) StdoutLine: {'line': b'-- Searching for <gz-physics7> component [mesh]\n'}
[1.119821] (workspace_gz) StdoutLine: {'line': b'-- Looking for gz-physics7-mesh -- found version 7.6.0\n'}
[1.120178] (workspace_gz) StdoutLine: {'line': b'-- Searching for dependencies of gz-physics7-mesh\n'}
[1.120639] (workspace_gz) StdoutLine: {'line': b'-- Looking for gz-common5 -- found version 5.7.1\n'}
[1.121353] (workspace_gz) StdoutLine: {'line': b'-- Searching for <gz-physics7> component [sdf]\n'}
[1.121968] (workspace_gz) StdoutLine: {'line': b'-- Looking for gz-physics7-sdf -- found version 7.6.0\n'}
[1.122176] (workspace_gz) StdoutLine: {'line': b'-- Searching for dependencies of gz-physics7-sdf\n'}
[1.122550] (workspace_gz) StdoutLine: {'line': b'-- Looking for sdformat14 -- found version 14.8.0\n'}
[1.123916] (workspace_gz) StdoutLine: {'line': b'-- Looking for gz-sensors8 -- found version 8.2.2\n'}
[1.124112] (workspace_gz) StdoutLine: {'line': b'-- Searching for dependencies of gz-sensors8\n'}
[1.145524] (workspace_gz) StdoutLine: {'line': b'-- Looking for gz-math7 -- found version 7.5.2\n'}
[1.145996] (workspace_gz) StdoutLine: {'line': b'-- Looking for gz-common5 -- found version 5.7.1\n'}
[1.146540] (workspace_gz) StdoutLine: {'line': b'-- Looking for gz-transport13 -- found version 13.5.0\n'}
[1.147089] (workspace_gz) StdoutLine: {'line': b'-- Looking for gz-rendering8 -- found version 8.2.3\n'}
[1.147577] (workspace_gz) StdoutLine: {'line': b'-- Looking for gz-msgs10 -- found version 10.3.2\n'}
[1.148080] (workspace_gz) StdoutLine: {'line': b'-- Looking for sdformat14 -- found version 14.8.0\n'}
[1.148933] (workspace_gz) StdoutLine: {'line': b'-- Searching for <gz-sensors8> component [air_pressure]\n'}
[1.149608] (workspace_gz) StdoutLine: {'line': b'-- Looking for gz-sensors8-air_pressure -- found version 8.2.2\n'}
[1.149857] (workspace_gz) StdoutLine: {'line': b'-- Searching for dependencies of gz-sensors8-air_pressure\n'}
[1.150659] (workspace_gz) StdoutLine: {'line': b'-- Searching for <gz-sensors8> component [air_speed]\n'}
[1.151350] (workspace_gz) StdoutLine: {'line': b'-- Looking for gz-sensors8-air_speed -- found version 8.2.2\n'}
[1.151572] (workspace_gz) StdoutLine: {'line': b'-- Searching for dependencies of gz-sensors8-air_speed\n'}
[1.152373] (workspace_gz) StdoutLine: {'line': b'-- Searching for <gz-sensors8> component [altimeter]\n'}
[1.153082] (workspace_gz) StdoutLine: {'line': b'-- Looking for gz-sensors8-altimeter -- found version 8.2.2\n'}
[1.153298] (workspace_gz) StdoutLine: {'line': b'-- Searching for dependencies of gz-sensors8-altimeter\n'}
[1.154088] (workspace_gz) StdoutLine: {'line': b'-- Searching for <gz-sensors8> component [imu]\n'}
[1.154807] (workspace_gz) StdoutLine: {'line': b'-- Looking for gz-sensors8-imu -- found version 8.2.2\n'}
[1.155021] (workspace_gz) StdoutLine: {'line': b'-- Searching for dependencies of gz-sensors8-imu\n'}
[1.155764] (workspace_gz) StdoutLine: {'line': b'-- Searching for <gz-sensors8> component [force_torque]\n'}
[1.156473] (workspace_gz) StdoutLine: {'line': b'-- Looking for gz-sensors8-force_torque -- found version 8.2.2\n'}
[1.156692] (workspace_gz) StdoutLine: {'line': b'-- Searching for dependencies of gz-sensors8-force_torque\n'}
[1.157434] (workspace_gz) StdoutLine: {'line': b'-- Searching for <gz-sensors8> component [logical_camera]\n'}
[1.158103] (workspace_gz) StdoutLine: {'line': b'-- Looking for gz-sensors8-logical_camera -- found version 8.2.2\n'}
[1.158346] (workspace_gz) StdoutLine: {'line': b'-- Searching for dependencies of gz-sensors8-logical_camera\n'}
[1.159051] (workspace_gz) StdoutLine: {'line': b'-- Searching for <gz-sensors8> component [magnetometer]\n'}
[1.159735] (workspace_gz) StdoutLine: {'line': b'-- Looking for gz-sensors8-magnetometer -- found version 8.2.2\n'}
[1.159968] (workspace_gz) StdoutLine: {'line': b'-- Searching for dependencies of gz-sensors8-magnetometer\n'}
[1.160750] (workspace_gz) StdoutLine: {'line': b'-- Searching for <gz-sensors8> component [navsat]\n'}
[1.161468] (workspace_gz) StdoutLine: {'line': b'-- Looking for gz-sensors8-navsat -- found version 8.2.2\n'}
[1.161697] (workspace_gz) StdoutLine: {'line': b'-- Searching for dependencies of gz-sensors8-navsat\n'}
[1.162508] (workspace_gz) StdoutLine: {'line': b'-- Searching for <gz-sensors8> component [dvl]\n'}
[1.163183] (workspace_gz) StdoutLine: {'line': b'-- Looking for gz-sensors8-dvl -- found version 8.2.2\n'}
[1.163344] (workspace_gz) StdoutLine: {'line': b'-- Searching for dependencies of gz-sensors8-dvl\n'}
[1.163889] (workspace_gz) StdoutLine: {'line': b'-- Looking for gz-sensors8 -- found version 8.2.2\n'}
[1.164190] (workspace_gz) StdoutLine: {'line': b'-- Searching for dependencies of gz-sensors8\n'}
[1.184117] (workspace_gz) StdoutLine: {'line': b'-- Looking for gz-math7 -- found version 7.5.2\n'}
[1.184621] (workspace_gz) StdoutLine: {'line': b'-- Looking for gz-common5 -- found version 5.7.1\n'}
[1.185189] (workspace_gz) StdoutLine: {'line': b'-- Looking for gz-transport13 -- found version 13.5.0\n'}
[1.185690] (workspace_gz) StdoutLine: {'line': b'-- Looking for gz-rendering8 -- found version 8.2.3\n'}
[1.186257] (workspace_gz) StdoutLine: {'line': b'-- Looking for gz-msgs10 -- found version 10.3.2\n'}
[1.186748] (workspace_gz) StdoutLine: {'line': b'-- Looking for sdformat14 -- found version 14.8.0\n'}
[1.187013] (workspace_gz) StdoutLine: {'line': b'-- Searching for <gz-sensors8> component [rendering]\n'}
[1.187795] (workspace_gz) StdoutLine: {'line': b'-- Looking for gz-sensors8-rendering -- found version 8.2.2\n'}
[1.188028] (workspace_gz) StdoutLine: {'line': b'-- Searching for dependencies of gz-sensors8-rendering\n'}
[1.189612] (workspace_gz) StdoutLine: {'line': b'-- Searching for <gz-sensors8> component [rendering]\n'}
[1.189775] (workspace_gz) StdoutLine: {'line': b'-- Searching for <gz-sensors8> component [lidar]\n'}
[1.190382] (workspace_gz) StdoutLine: {'line': b'-- Looking for gz-sensors8-lidar -- found version 8.2.2\n'}
[1.190601] (workspace_gz) StdoutLine: {'line': b'-- Searching for dependencies of gz-sensors8-lidar\n'}
[1.191166] (workspace_gz) StdoutLine: {'line': b'-- Looking for gz-sensors8 -- found version 8.2.2\n'}
[1.192101] (workspace_gz) StdoutLine: {'line': b'-- Searching for <gz-sensors8> component [gpu_lidar]\n'}
[1.192923] (workspace_gz) StdoutLine: {'line': b'-- Looking for gz-sensors8-gpu_lidar -- found version 8.2.2\n'}
[1.193196] (workspace_gz) StdoutLine: {'line': b'-- Searching for dependencies of gz-sensors8-gpu_lidar\n'}
[1.193754] (workspace_gz) StdoutLine: {'line': b'-- Looking for gz-sensors8 -- found version 8.2.2\n'}
[1.194870] (workspace_gz) StdoutLine: {'line': b'-- Searching for <gz-sensors8> component [camera]\n'}
[1.195669] (workspace_gz) StdoutLine: {'line': b'-- Looking for gz-sensors8-camera -- found version 8.2.2\n'}
[1.195882] (workspace_gz) StdoutLine: {'line': b'-- Searching for dependencies of gz-sensors8-camera\n'}
[1.196497] (workspace_gz) StdoutLine: {'line': b'-- Looking for gz-sensors8 -- found version 8.2.2\n'}
[1.197375] (workspace_gz) StdoutLine: {'line': b'-- Searching for <gz-sensors8> component [boundingbox_camera]\n'}
[1.197957] (workspace_gz) StdoutLine: {'line': b'-- Looking for gz-sensors8-boundingbox_camera -- found version 8.2.2\n'}
[1.198153] (workspace_gz) StdoutLine: {'line': b'-- Searching for dependencies of gz-sensors8-boundingbox_camera\n'}
[1.198756] (workspace_gz) StdoutLine: {'line': b'-- Searching for <gz-sensors8> component [segmentation_camera]\n'}
[1.199418] (workspace_gz) StdoutLine: {'line': b'-- Looking for gz-sensors8-segmentation_camera -- found version 8.2.2\n'}
[1.199607] (workspace_gz) StdoutLine: {'line': b'-- Searching for dependencies of gz-sensors8-segmentation_camera\n'}
[1.200210] (workspace_gz) StdoutLine: {'line': b'-- Searching for <gz-sensors8> component [depth_camera]\n'}
[1.200839] (workspace_gz) StdoutLine: {'line': b'-- Looking for gz-sensors8-depth_camera -- found version 8.2.2\n'}
[1.201028] (workspace_gz) StdoutLine: {'line': b'-- Searching for dependencies of gz-sensors8-depth_camera\n'}
[1.201264] (-) TimerEvent: {}
[1.201445] (workspace_gz) StdoutLine: {'line': b'-- Looking for gz-sensors8 -- found version 8.2.2\n'}
[1.202650] (workspace_gz) StdoutLine: {'line': b'-- Searching for <gz-sensors8> component [rgbd_camera]\n'}
[1.203305] (workspace_gz) StdoutLine: {'line': b'-- Looking for gz-sensors8-rgbd_camera -- found version 8.2.2\n'}
[1.203502] (workspace_gz) StdoutLine: {'line': b'-- Searching for dependencies of gz-sensors8-rgbd_camera\n'}
[1.203873] (workspace_gz) StdoutLine: {'line': b'-- Looking for gz-sensors8 -- found version 8.2.2\n'}
[1.204931] (workspace_gz) StdoutLine: {'line': b'-- Searching for <gz-sensors8> component [thermal_camera]\n'}
[1.205722] (workspace_gz) StdoutLine: {'line': b'-- Looking for gz-sensors8-thermal_camera -- found version 8.2.2\n'}
[1.205964] (workspace_gz) StdoutLine: {'line': b'-- Searching for dependencies of gz-sensors8-thermal_camera\n'}
[1.206342] (workspace_gz) StdoutLine: {'line': b'-- Looking for gz-sensors8 -- found version 8.2.2\n'}
[1.207141] (workspace_gz) StdoutLine: {'line': b'-- Searching for <gz-sensors8> component [wide_angle_camera]\n'}
[1.207765] (workspace_gz) StdoutLine: {'line': b'-- Looking for gz-sensors8-wide_angle_camera -- found version 8.2.2\n'}
[1.207963] (workspace_gz) StdoutLine: {'line': b'-- Searching for dependencies of gz-sensors8-wide_angle_camera\n'}
[1.209079] (workspace_gz) StdoutLine: {'line': b'-- Looking for gz-rendering8 -- found version 8.2.3\n'}
[1.209473] (workspace_gz) StdoutLine: {'line': b'-- Looking for gz-math7 -- found version 7.5.2\n'}
[1.209870] (workspace_gz) StdoutLine: {'line': b'-- Looking for gz-utils2 -- found version 2.2.1\n'}
[1.231097] (workspace_gz) StdoutLine: {'line': b'-- Looking for gz-common5 -- found version 5.7.1\n'}
[1.231497] (workspace_gz) StdoutLine: {'line': b'-- Looking for gz-math7 -- found version 7.5.2\n'}
[1.231873] (workspace_gz) StdoutLine: {'line': b'-- Looking for gz-transport13 -- found version 13.5.0\n'}
[1.232341] (workspace_gz) StdoutLine: {'line': b'-- Looking for gz-plugin2 -- found version 2.0.4\n'}
[1.232765] (workspace_gz) StdoutLine: {'line': b'-- Looking for gz-rendering8 -- found version 8.2.3\n'}
[1.233191] (workspace_gz) StdoutLine: {'line': b'-- Looking for gz-sensors8 -- found version 8.2.2\n'}
[1.233597] (workspace_gz) StdoutLine: {'line': b'-- Looking for gz-utils2 -- found version 2.2.1\n'}
[1.233978] (workspace_gz) StdoutLine: {'line': b'-- Looking for sdformat14 -- found version 14.8.0\n'}
[1.235089] (workspace_gz) StdoutLine: {'line': b'-- Found std_msgs: 5.3.6 (/opt/ros/jazzy/share/std_msgs/cmake)\n'}
[1.263433] (workspace_gz) StdoutLine: {'line': b'-- Found rosidl_generator_c: 4.6.7 (/opt/ros/jazzy/share/rosidl_generator_c/cmake)\n'}
[1.275308] (workspace_gz) StdoutLine: {'line': b'-- Found rosidl_generator_cpp: 4.6.7 (/opt/ros/jazzy/share/rosidl_generator_cpp/cmake)\n'}
[1.291203] (workspace_gz) StdoutLine: {'line': b'-- Using all available rosidl_typesupport_c: rosidl_typesupport_fastrtps_c;rosidl_typesupport_introspection_c\n'}
[1.301358] (-) TimerEvent: {}
[1.311484] (workspace_gz) StdoutLine: {'line': b'-- Using all available rosidl_typesupport_cpp: rosidl_typesupport_fastrtps_cpp;rosidl_typesupport_introspection_cpp\n'}
[1.351100] (workspace_gz) StdoutLine: {'line': b'-- Looking for gz-msgs10 -- found version 10.3.2\n'}
[1.351870] (workspace_gz) StdoutLine: {'line': b'-- Looking for gz-fuel_tools9 -- found version 9.1.1\n'}
[1.354342] (workspace_ros) Command: {'cmd': ['/usr/bin/python3', '-W', 'ignore:setup.py install is deprecated', '-W', 'ignore:easy_install command is deprecated', 'setup.py', 'develop', '--editable', '--build-directory', '/home/aliomac/garp-test/build/workspace_ros/build', '--no-deps', 'symlink_data', '--force'], 'cwd': '/home/aliomac/garp-test/build/workspace_ros', 'env': {'GZ_SIM_SYSTEM_PLUGIN_PATH': '/home/aliomac/vrx_ws/install/lib', 'GJS_DEBUG_TOPICS': 'JS ERROR;JS LOG', 'XDG_ACTIVATION_TOKEN': 'gnome-shell/Terminator/2481-1-aliomac-Nitro-AN515-55_TIME693242', 'LESSOPEN': '| /usr/bin/lesspipe %s', 'GZ_SIM_RESOURCE_PATH': '/home/aliomac/vrx_ws/install/share/vrx_gz/models/tmp:/home/aliomac/vrx_ws/install/share/vrx_gz/models:/home/aliomac/vrx_ws/install/share/vrx_gz/worlds/2023_phase2:/home/aliomac/vrx_ws/install/share/vrx_gz/worlds/2023_practice:/home/aliomac/vrx_ws/install/share/vrx_gz/worlds:/home/aliomac/vrx_ws/install/share/wamv_description/models:/home/aliomac/vrx_ws/install/share/vrx_gazebo/models:/home/aliomac/vrx_ws/install/share/:/opt/ros/jazzy/share', 'USER': 'aliomac', 'GZ_CONFIG_PATH': '/opt/ros/jazzy/opt/gz_sim_vendor/share/gz:/opt/ros/jazzy/opt/sdformat_vendor/share/gz:/opt/ros/jazzy/opt/gz_gui_vendor/share/gz:/opt/ros/jazzy/opt/gz_transport_vendor/share/gz:/opt/ros/jazzy/opt/gz_rendering_vendor/share/gz:/opt/ros/jazzy/opt/gz_plugin_vendor/share/gz:/opt/ros/jazzy/opt/gz_fuel_tools_vendor/share/gz:/opt/ros/jazzy/opt/gz_msgs_vendor/share/gz:/opt/ros/jazzy/opt/gz_common_vendor/share/gz', 'XDG_SESSION_TYPE': 'wayland', 'CLUTTER_DISABLE_MIPMAPPED_TEXT': '1', 'SHLVL': '1', 'LD_LIBRARY_PATH': '/home/aliomac/garp-test/install/workspace_gz/lib:/home/aliomac/vrx_ws/install/lib:/home/aliomac/thesis_USV_gazebo/install/lib:/opt/ros/jazzy/opt/gz_sim_vendor/lib:/opt/ros/jazzy/opt/gz_sensors_vendor/lib:/opt/ros/jazzy/opt/gz_physics_vendor/lib:/opt/ros/jazzy/opt/sdformat_vendor/lib:/opt/ros/jazzy/opt/rviz_ogre_vendor/lib:/opt/ros/jazzy/lib/x86_64-linux-gnu:/opt/ros/jazzy/opt/gz_gui_vendor/lib:/opt/ros/jazzy/opt/gz_transport_vendor/lib:/opt/ros/jazzy/opt/gz_rendering_vendor/lib:/opt/ros/jazzy/opt/gz_plugin_vendor/lib:/opt/ros/jazzy/opt/gz_fuel_tools_vendor/lib:/opt/ros/jazzy/opt/gz_msgs_vendor/lib:/opt/ros/jazzy/opt/gz_common_vendor/lib:/opt/ros/jazzy/opt/gz_math_vendor/lib:/opt/ros/jazzy/opt/gz_utils_vendor/lib:/opt/ros/jazzy/opt/gz_tools_vendor/lib:/opt/ros/jazzy/opt/gz_ogre_next_vendor/lib:/opt/ros/jazzy/opt/gz_dartsim_vendor/lib:/opt/ros/jazzy/opt/gz_cmake_vendor/lib:/opt/ros/jazzy/lib', 'HOME': '/home/aliomac', 'OLDPWD': '/home/aliomac', 'DESKTOP_SESSION': 'ubuntu', 'GIO_LAUNCHED_DESKTOP_FILE': '/usr/share/applications/terminator.desktop', 'ROS_PYTHON_VERSION': '3', 'GNOME_SHELL_SESSION_MODE': 'ubuntu', 'GTK_MODULES': 'gail:atk-bridge', 'MANAGERPID': '2198', 'SYSTEMD_EXEC_PID': '2481', 'GSM_SKIP_SSH_AGENT_WORKAROUND': 'true', 'DBUS_SESSION_BUS_ADDRESS': 'unix:path=/run/user/1000/bus', 'COLORTERM': 'truecolor', 'TERMINATOR_DBUS_NAME': 'net.tenshu.Terminator25ef4b219e3b005583550f2b0f9f990c3', 'GIO_LAUNCHED_DESKTOP_FILE_PID': '7984', 'DEBUGINFOD_URLS': 'https://debuginfod.ubuntu.com', 'IM_CONFIG_PHASE': '1', 'WAYLAND_DISPLAY': 'wayland-0', 'COLCON_PREFIX_PATH': '/home/aliomac/garp-test/install:/home/aliomac/vrx_ws/install:/home/aliomac/thesis_USV_gazebo/install', 'ROS_DISTRO': 'jazzy', 'LOGNAME': 'aliomac', 'JOURNAL_STREAM': '9:20790', '_': '/usr/bin/colcon', 'ROS_VERSION': '2', 'MEMORY_PRESSURE_WATCH': '/sys/fs/cgroup/user.slice/user-1000.slice/user@1000.service/session.slice/org.gnome.Shell@wayland.service/memory.pressure', 'XDG_SESSION_CLASS': 'user', 'USERNAME': 'aliomac', 'TERM': 'xterm-256color', 'GNOME_DESKTOP_SESSION_ID': 'this-is-deprecated', 'PATH': '/home/aliomac/.opencode/bin:/home/aliomac/.local/bin:/opt/ros/jazzy/opt/gz_msgs_vendor/bin:/opt/ros/jazzy/opt/gz_tools_vendor/bin:/opt/ros/jazzy/opt/gz_ogre_next_vendor/bin:/opt/ros/jazzy/bin:/home/aliomac/.local/bin:/usr/local/sbin:/usr/local/bin:/usr/sbin:/usr/bin:/sbin:/bin:/usr/games:/usr/local/games:/snap/bin:/snap/bin', 'SESSION_MANAGER': 'local/aliomac-Nitro-AN515-55:@/tmp/.ICE-unix/2442,unix/aliomac-Nitro-AN515-55:/tmp/.ICE-unix/2442', 'INVOCATION_ID': '9615740d914f443fadb2fde0e12e93b1', 'XDG_MENU_PREFIX': 'gnome-', 'GNOME_SETUP_DISPLAY': ':1', 'XDG_RUNTIME_DIR': '/run/user/1000', 'DISPLAY': ':0', 'TERMINATOR_DBUS_PATH': '/net/tenshu/Terminator2', 'LANG': 'en_US.UTF-8', 'XDG_CURRENT_DESKTOP': 'ubuntu:GNOME', 'XMODIFIERS': '@im=ibus', 'XDG_SESSION_DESKTOP': 'ubuntu', 'XAUTHORITY': '/run/user/1000/.mutter-Xwaylandauth.7RB4J3', 'LS_COLORS': 'rs=0:di=01;34:ln=01;36:mh=00:pi=40;33:so=01;35:do=01;35:bd=40;33;01:cd=40;33;01:or=40;31;01:mi=00:su=37;41:sg=30;43:ca=00:tw=30;42:ow=34;42:st=37;44:ex=01;32:*.tar=01;31:*.tgz=01;31:*.arc=01;31:*.arj=01;31:*.taz=01;31:*.lha=01;31:*.lz4=01;31:*.lzh=01;31:*.lzma=01;31:*.tlz=01;31:*.txz=01;31:*.tzo=01;31:*.t7z=01;31:*.zip=01;31:*.z=01;31:*.dz=01;31:*.gz=01;31:*.lrz=01;31:*.lz=01;31:*.lzo=01;31:*.xz=01;31:*.zst=01;31:*.tzst=01;31:*.bz2=01;31:*.bz=01;31:*.tbz=01;31:*.tbz2=01;31:*.tz=01;31:*.deb=01;31:*.rpm=01;31:*.jar=01;31:*.war=01;31:*.ear=01;31:*.sar=01;31:*.rar=01;31:*.alz=01;31:*.ace=01;31:*.zoo=01;31:*.cpio=01;31:*.7z=01;31:*.rz=01;31:*.cab=01;31:*.wim=01;31:*.swm=01;31:*.dwm=01;31:*.esd=01;31:*.avif=01;35:*.jpg=01;35:*.jpeg=01;35:*.mjpg=01;35:*.mjpeg=01;35:*.gif=01;35:*.bmp=01;35:*.pbm=01;35:*.pgm=01;35:*.ppm=01;35:*.tga=01;35:*.xbm=01;35:*.xpm=01;35:*.tif=01;35:*.tiff=01;35:*.png=01;35:*.svg=01;35:*.svgz=01;35:*.mng=01;35:*.pcx=01;35:*.mov=01;35:*.mpg=01;35:*.mpeg=01;35:*.m2v=01;35:*.mkv=01;35:*.webm=01;35:*.webp=01;35:*.ogm=01;35:*.mp4=01;35:*.m4v=01;35:*.mp4v=01;35:*.vob=01;35:*.qt=01;35:*.nuv=01;35:*.wmv=01;35:*.asf=01;35:*.rm=01;35:*.rmvb=01;35:*.flc=01;35:*.avi=01;35:*.fli=01;35:*.flv=01;35:*.gl=01;35:*.dl=01;35:*.xcf=01;35:*.xwd=01;35:*.yuv=01;35:*.cgm=01;35:*.emf=01;35:*.ogv=01;35:*.ogx=01;35:*.aac=00;36:*.au=00;36:*.flac=00;36:*.m4a=00;36:*.mid=00;36:*.midi=00;36:*.mka=00;36:*.mp3=00;36:*.mpc=00;36:*.ogg=00;36:*.ra=00;36:*.wav=00;36:*.oga=00;36:*.opus=00;36:*.spx=00;36:*.xspf=00;36:*~=00;90:*#=00;90:*.bak=00;90:*.crdownload=00;90:*.dpkg-dist=00;90:*.dpkg-new=00;90:*.dpkg-old=00;90:*.dpkg-tmp=00;90:*.old=00;90:*.orig=00;90:*.part=00;90:*.rej=00;90:*.rpmnew=00;90:*.rpmorig=00;90:*.rpmsave=00;90:*.swp=00;90:*.tmp=00;90:*.ucf-dist=00;90:*.ucf-new=00;90:*.ucf-old=00;90:', 'SSH_AUTH_SOCK': '/run/user/1000/keyring/ssh', 'AMENT_PREFIX_PATH': '/home/aliomac/garp-test/install/workspace_ros:/home/aliomac/garp-test/install/workspace_nav:/home/aliomac/garp-test/install/workspace_gz:/home/aliomac/vrx_ws/install:/home/aliomac/thesis_USV_gazebo/install:/opt/ros/jazzy', 'SHELL': '/bin/bash', 'TERMINATOR_UUID': 'urn:uuid:ec32f629-2688-448a-b15f-6f1a24b05c54', 'QT_ACCESSIBILITY': '1', 'GDMSESSION': 'ubuntu', 'LESSCLOSE': '/usr/bin/lesspipe %s %s', 'GJS_DEBUG_OUTPUT': 'stderr', 'ROS_AUTOMATIC_DISCOVERY_RANGE': 'SUBNET', 'QT_IM_MODULE': 'ibus', 'PWD': '/home/aliomac/garp-test/build/workspace_ros', 'LC_ALL': 'en_US.UTF-8', 'XDG_CONFIG_DIRS': '/etc/xdg/xdg-ubuntu:/etc/xdg', 'XDG_DATA_DIRS': '/usr/share/ubuntu:/usr/share/gnome:/usr/local/share/:/usr/share/:/var/lib/snapd/desktop', 'PYTHONPATH': '/home/aliomac/garp-test/build/workspace_ros/prefix_override:/usr/lib/python3/dist-packages/colcon_core/task/python/colcon_distutils_commands:/home/aliomac/garp-test/install/workspace_ros/lib/python3.12/site-packages:/home/aliomac/garp-test/install/workspace_ros/lib/python3.12/site-packages:/home/aliomac/garp-test/install/workspace_nav/lib/python3.12/site-packages:/home/aliomac/vrx_ws/install/lib/python3.12/site-packages:/home/aliomac/thesis_USV_gazebo/build/ros_gz_bridge_custom:/home/aliomac/thesis_USV_gazebo/build/autopilot:/home/aliomac/thesis_USV_gazebo/install/lib/python3.12/site-packages:/opt/ros/jazzy/lib/python3.12/site-packages', 'COLCON': '1', 'MEMORY_PRESSURE_WRITE': 'c29tZSAyMDAwMDAgMjAwMDAwMAA=', 'VTE_VERSION': '7600', 'CMAKE_PREFIX_PATH': '/home/aliomac/garp-test/install/workspace_gz:/home/aliomac/vrx_ws/install:/home/aliomac/thesis_USV_gazebo/install:/opt/ros/jazzy/opt/gz_sim_vendor:/opt/ros/jazzy/opt/gz_sensors_vendor:/opt/ros/jazzy/opt/gz_physics_vendor:/opt/ros/jazzy/opt/sdformat_vendor:/opt/ros/jazzy/opt/gz_gui_vendor:/opt/ros/jazzy/opt/gz_transport_vendor:/opt/ros/jazzy/opt/gz_rendering_vendor:/opt/ros/jazzy/opt/gz_plugin_vendor:/opt/ros/jazzy/opt/gz_fuel_tools_vendor:/opt/ros/jazzy/opt/gz_msgs_vendor:/opt/ros/jazzy/opt/gz_common_vendor:/opt/ros/jazzy/opt/gz_math_vendor:/opt/ros/jazzy/opt/gz_utils_vendor:/opt/ros/jazzy/opt/gz_tools_vendor:/opt/ros/jazzy/opt/gz_ogre_next_vendor:/opt/ros/jazzy/opt/gz_dartsim_vendor:/opt/ros/jazzy/opt/gz_cmake_vendor'}, 'shell': False}
[1.394866] (workspace_nav) Command: {'cmd': ['/usr/bin/python3', '-W', 'ignore:setup.py install is deprecated', '-W', 'ignore:easy_install command is deprecated', 'setup.py', 'develop', '--editable', '--build-directory', '/home/aliomac/garp-test/build/workspace_nav/build', '--no-deps', 'symlink_data', '--force'], 'cwd': '/home/aliomac/garp-test/build/workspace_nav', 'env': {'GZ_SIM_SYSTEM_PLUGIN_PATH': '/home/aliomac/vrx_ws/install/lib', 'GJS_DEBUG_TOPICS': 'JS ERROR;JS LOG', 'XDG_ACTIVATION_TOKEN': 'gnome-shell/Terminator/2481-1-aliomac-Nitro-AN515-55_TIME693242', 'LESSOPEN': '| /usr/bin/lesspipe %s', 'GZ_SIM_RESOURCE_PATH': '/home/aliomac/vrx_ws/install/share/vrx_gz/models/tmp:/home/aliomac/vrx_ws/install/share/vrx_gz/models:/home/aliomac/vrx_ws/install/share/vrx_gz/worlds/2023_phase2:/home/aliomac/vrx_ws/install/share/vrx_gz/worlds/2023_practice:/home/aliomac/vrx_ws/install/share/vrx_gz/worlds:/home/aliomac/vrx_ws/install/share/wamv_description/models:/home/aliomac/vrx_ws/install/share/vrx_gazebo/models:/home/aliomac/vrx_ws/install/share/:/opt/ros/jazzy/share', 'USER': 'aliomac', 'GZ_CONFIG_PATH': '/opt/ros/jazzy/opt/gz_sim_vendor/share/gz:/opt/ros/jazzy/opt/sdformat_vendor/share/gz:/opt/ros/jazzy/opt/gz_gui_vendor/share/gz:/opt/ros/jazzy/opt/gz_transport_vendor/share/gz:/opt/ros/jazzy/opt/gz_rendering_vendor/share/gz:/opt/ros/jazzy/opt/gz_plugin_vendor/share/gz:/opt/ros/jazzy/opt/gz_fuel_tools_vendor/share/gz:/opt/ros/jazzy/opt/gz_msgs_vendor/share/gz:/opt/ros/jazzy/opt/gz_common_vendor/share/gz', 'XDG_SESSION_TYPE': 'wayland', 'CLUTTER_DISABLE_MIPMAPPED_TEXT': '1', 'SHLVL': '1', 'LD_LIBRARY_PATH': '/home/aliomac/garp-test/install/workspace_gz/lib:/home/aliomac/vrx_ws/install/lib:/home/aliomac/thesis_USV_gazebo/install/lib:/opt/ros/jazzy/opt/gz_sim_vendor/lib:/opt/ros/jazzy/opt/gz_sensors_vendor/lib:/opt/ros/jazzy/opt/gz_physics_vendor/lib:/opt/ros/jazzy/opt/sdformat_vendor/lib:/opt/ros/jazzy/opt/rviz_ogre_vendor/lib:/opt/ros/jazzy/lib/x86_64-linux-gnu:/opt/ros/jazzy/opt/gz_gui_vendor/lib:/opt/ros/jazzy/opt/gz_transport_vendor/lib:/opt/ros/jazzy/opt/gz_rendering_vendor/lib:/opt/ros/jazzy/opt/gz_plugin_vendor/lib:/opt/ros/jazzy/opt/gz_fuel_tools_vendor/lib:/opt/ros/jazzy/opt/gz_msgs_vendor/lib:/opt/ros/jazzy/opt/gz_common_vendor/lib:/opt/ros/jazzy/opt/gz_math_vendor/lib:/opt/ros/jazzy/opt/gz_utils_vendor/lib:/opt/ros/jazzy/opt/gz_tools_vendor/lib:/opt/ros/jazzy/opt/gz_ogre_next_vendor/lib:/opt/ros/jazzy/opt/gz_dartsim_vendor/lib:/opt/ros/jazzy/opt/gz_cmake_vendor/lib:/opt/ros/jazzy/lib', 'HOME': '/home/aliomac', 'OLDPWD': '/home/aliomac', 'DESKTOP_SESSION': 'ubuntu', 'GIO_LAUNCHED_DESKTOP_FILE': '/usr/share/applications/terminator.desktop', 'ROS_PYTHON_VERSION': '3', 'GNOME_SHELL_SESSION_MODE': 'ubuntu', 'GTK_MODULES': 'gail:atk-bridge', 'MANAGERPID': '2198', 'SYSTEMD_EXEC_PID': '2481', 'GSM_SKIP_SSH_AGENT_WORKAROUND': 'true', 'DBUS_SESSION_BUS_ADDRESS': 'unix:path=/run/user/1000/bus', 'COLORTERM': 'truecolor', 'TERMINATOR_DBUS_NAME': 'net.tenshu.Terminator25ef4b219e3b005583550f2b0f9f990c3', 'GIO_LAUNCHED_DESKTOP_FILE_PID': '7984', 'DEBUGINFOD_URLS': 'https://debuginfod.ubuntu.com', 'IM_CONFIG_PHASE': '1', 'WAYLAND_DISPLAY': 'wayland-0', 'COLCON_PREFIX_PATH': '/home/aliomac/garp-test/install:/home/aliomac/vrx_ws/install:/home/aliomac/thesis_USV_gazebo/install', 'ROS_DISTRO': 'jazzy', 'LOGNAME': 'aliomac', 'JOURNAL_STREAM': '9:20790', '_': '/usr/bin/colcon', 'ROS_VERSION': '2', 'MEMORY_PRESSURE_WATCH': '/sys/fs/cgroup/user.slice/user-1000.slice/user@1000.service/session.slice/org.gnome.Shell@wayland.service/memory.pressure', 'XDG_SESSION_CLASS': 'user', 'USERNAME': 'aliomac', 'TERM': 'xterm-256color', 'GNOME_DESKTOP_SESSION_ID': 'this-is-deprecated', 'PATH': '/home/aliomac/.opencode/bin:/home/aliomac/.local/bin:/opt/ros/jazzy/opt/gz_msgs_vendor/bin:/opt/ros/jazzy/opt/gz_tools_vendor/bin:/opt/ros/jazzy/opt/gz_ogre_next_vendor/bin:/opt/ros/jazzy/bin:/home/aliomac/.local/bin:/usr/local/sbin:/usr/local/bin:/usr/sbin:/usr/bin:/sbin:/bin:/usr/games:/usr/local/games:/snap/bin:/snap/bin', 'SESSION_MANAGER': 'local/aliomac-Nitro-AN515-55:@/tmp/.ICE-unix/2442,unix/aliomac-Nitro-AN515-55:/tmp/.ICE-unix/2442', 'INVOCATION_ID': '9615740d914f443fadb2fde0e12e93b1', 'XDG_MENU_PREFIX': 'gnome-', 'GNOME_SETUP_DISPLAY': ':1', 'XDG_RUNTIME_DIR': '/run/user/1000', 'DISPLAY': ':0', 'TERMINATOR_DBUS_PATH': '/net/tenshu/Terminator2', 'LANG': 'en_US.UTF-8', 'XDG_CURRENT_DESKTOP': 'ubuntu:GNOME', 'XMODIFIERS': '@im=ibus', 'XDG_SESSION_DESKTOP': 'ubuntu', 'XAUTHORITY': '/run/user/1000/.mutter-Xwaylandauth.7RB4J3', 'LS_COLORS': 'rs=0:di=01;34:ln=01;36:mh=00:pi=40;33:so=01;35:do=01;35:bd=40;33;01:cd=40;33;01:or=40;31;01:mi=00:su=37;41:sg=30;43:ca=00:tw=30;42:ow=34;42:st=37;44:ex=01;32:*.tar=01;31:*.tgz=01;31:*.arc=01;31:*.arj=01;31:*.taz=01;31:*.lha=01;31:*.lz4=01;31:*.lzh=01;31:*.lzma=01;31:*.tlz=01;31:*.txz=01;31:*.tzo=01;31:*.t7z=01;31:*.zip=01;31:*.z=01;31:*.dz=01;31:*.gz=01;31:*.lrz=01;31:*.lz=01;31:*.lzo=01;31:*.xz=01;31:*.zst=01;31:*.tzst=01;31:*.bz2=01;31:*.bz=01;31:*.tbz=01;31:*.tbz2=01;31:*.tz=01;31:*.deb=01;31:*.rpm=01;31:*.jar=01;31:*.war=01;31:*.ear=01;31:*.sar=01;31:*.rar=01;31:*.alz=01;31:*.ace=01;31:*.zoo=01;31:*.cpio=01;31:*.7z=01;31:*.rz=01;31:*.cab=01;31:*.wim=01;31:*.swm=01;31:*.dwm=01;31:*.esd=01;31:*.avif=01;35:*.jpg=01;35:*.jpeg=01;35:*.mjpg=01;35:*.mjpeg=01;35:*.gif=01;35:*.bmp=01;35:*.pbm=01;35:*.pgm=01;35:*.ppm=01;35:*.tga=01;35:*.xbm=01;35:*.xpm=01;35:*.tif=01;35:*.tiff=01;35:*.png=01;35:*.svg=01;35:*.svgz=01;35:*.mng=01;35:*.pcx=01;35:*.mov=01;35:*.mpg=01;35:*.mpeg=01;35:*.m2v=01;35:*.mkv=01;35:*.webm=01;35:*.webp=01;35:*.ogm=01;35:*.mp4=01;35:*.m4v=01;35:*.mp4v=01;35:*.vob=01;35:*.qt=01;35:*.nuv=01;35:*.wmv=01;35:*.asf=01;35:*.rm=01;35:*.rmvb=01;35:*.flc=01;35:*.avi=01;35:*.fli=01;35:*.flv=01;35:*.gl=01;35:*.dl=01;35:*.xcf=01;35:*.xwd=01;35:*.yuv=01;35:*.cgm=01;35:*.emf=01;35:*.ogv=01;35:*.ogx=01;35:*.aac=00;36:*.au=00;36:*.flac=00;36:*.m4a=00;36:*.mid=00;36:*.midi=00;36:*.mka=00;36:*.mp3=00;36:*.mpc=00;36:*.ogg=00;36:*.ra=00;36:*.wav=00;36:*.oga=00;36:*.opus=00;36:*.spx=00;36:*.xspf=00;36:*~=00;90:*#=00;90:*.bak=00;90:*.crdownload=00;90:*.dpkg-dist=00;90:*.dpkg-new=00;90:*.dpkg-old=00;90:*.dpkg-tmp=00;90:*.old=00;90:*.orig=00;90:*.part=00;90:*.rej=00;90:*.rpmnew=00;90:*.rpmorig=00;90:*.rpmsave=00;90:*.swp=00;90:*.tmp=00;90:*.ucf-dist=00;90:*.ucf-new=00;90:*.ucf-old=00;90:', 'SSH_AUTH_SOCK': '/run/user/1000/keyring/ssh', 'AMENT_PREFIX_PATH': '/home/aliomac/garp-test/install/workspace_ros:/home/aliomac/garp-test/install/workspace_nav:/home/aliomac/garp-test/install/workspace_gz:/home/aliomac/vrx_ws/install:/home/aliomac/thesis_USV_gazebo/install:/opt/ros/jazzy', 'SHELL': '/bin/bash', 'TERMINATOR_UUID': 'urn:uuid:ec32f629-2688-448a-b15f-6f1a24b05c54', 'QT_ACCESSIBILITY': '1', 'GDMSESSION': 'ubuntu', 'LESSCLOSE': '/usr/bin/lesspipe %s %s', 'GJS_DEBUG_OUTPUT': 'stderr', 'ROS_AUTOMATIC_DISCOVERY_RANGE': 'SUBNET', 'QT_IM_MODULE': 'ibus', 'PWD': '/home/aliomac/garp-test/build/workspace_nav', 'LC_ALL': 'en_US.UTF-8', 'XDG_CONFIG_DIRS': '/etc/xdg/xdg-ubuntu:/etc/xdg', 'XDG_DATA_DIRS': '/usr/share/ubuntu:/usr/share/gnome:/usr/local/share/:/usr/share/:/var/lib/snapd/desktop', 'PYTHONPATH': '/home/aliomac/garp-test/build/workspace_nav/prefix_override:/usr/lib/python3/dist-packages/colcon_core/task/python/colcon_distutils_commands:/home/aliomac/garp-test/install/workspace_nav/lib/python3.12/site-packages:/home/aliomac/garp-test/install/workspace_ros/lib/python3.12/site-packages:/home/aliomac/garp-test/install/workspace_nav/lib/python3.12/site-packages:/home/aliomac/vrx_ws/install/lib/python3.12/site-packages:/home/aliomac/thesis_USV_gazebo/build/ros_gz_bridge_custom:/home/aliomac/thesis_USV_gazebo/build/autopilot:/home/aliomac/thesis_USV_gazebo/install/lib/python3.12/site-packages:/opt/ros/jazzy/lib/python3.12/site-packages', 'COLCON': '1', 'MEMORY_PRESSURE_WRITE': 'c29tZSAyMDAwMDAgMjAwMDAwMAA=', 'VTE_VERSION': '7600', 'CMAKE_PREFIX_PATH': '/home/aliomac/garp-test/install/workspace_gz:/home/aliomac/vrx_ws/install:/home/aliomac/thesis_USV_gazebo/install:/opt/ros/jazzy/opt/gz_sim_vendor:/opt/ros/jazzy/opt/gz_sensors_vendor:/opt/ros/jazzy/opt/gz_physics_vendor:/opt/ros/jazzy/opt/sdformat_vendor:/opt/ros/jazzy/opt/gz_gui_vendor:/opt/ros/jazzy/opt/gz_transport_vendor:/opt/ros/jazzy/opt/gz_rendering_vendor:/opt/ros/jazzy/opt/gz_plugin_vendor:/opt/ros/jazzy/opt/gz_fuel_tools_vendor:/opt/ros/jazzy/opt/gz_msgs_vendor:/opt/ros/jazzy/opt/gz_common_vendor:/opt/ros/jazzy/opt/gz_math_vendor:/opt/ros/jazzy/opt/gz_utils_vendor:/opt/ros/jazzy/opt/gz_tools_vendor:/opt/ros/jazzy/opt/gz_ogre_next_vendor:/opt/ros/jazzy/opt/gz_dartsim_vendor:/opt/ros/jazzy/opt/gz_cmake_vendor'}, 'shell': False}
[1.401468] (-) TimerEvent: {}
[1.485096] (workspace_gz) StdoutLine: {'line': b'-- Configuring done (1.5s)\n'}
[1.501557] (-) TimerEvent: {}
[1.601837] (-) TimerEvent: {}
[1.634755] (workspace_gz) StdoutLine: {'line': b'-- Generating done (0.1s)\n'}
[1.661043] (workspace_gz) StdoutLine: {'line': b'-- Build files have been written to: /home/aliomac/garp-test/build/workspace_gz\n'}
[1.673866] (workspace_gz) CommandEnded: {'returncode': 0}
[1.674645] (workspace_gz) JobProgress: {'identifier': 'workspace_gz', 'progress': 'build'}
[1.675690] (workspace_gz) Command: {'cmd': ['/usr/bin/cmake', '--build', '/home/aliomac/garp-test/build/workspace_gz', '--', '-j8', '-l8'], 'cwd': '/home/aliomac/garp-test/build/workspace_gz', 'env': OrderedDict({'GZ_SIM_SYSTEM_PLUGIN_PATH': '/home/aliomac/vrx_ws/install/lib', 'GJS_DEBUG_TOPICS': 'JS ERROR;JS LOG', 'XDG_ACTIVATION_TOKEN': 'gnome-shell/Terminator/2481-1-aliomac-Nitro-AN515-55_TIME693242', 'LESSOPEN': '| /usr/bin/lesspipe %s', 'GZ_SIM_RESOURCE_PATH': '/home/aliomac/vrx_ws/install/share/vrx_gz/models/tmp:/home/aliomac/vrx_ws/install/share/vrx_gz/models:/home/aliomac/vrx_ws/install/share/vrx_gz/worlds/2023_phase2:/home/aliomac/vrx_ws/install/share/vrx_gz/worlds/2023_practice:/home/aliomac/vrx_ws/install/share/vrx_gz/worlds:/home/aliomac/vrx_ws/install/share/wamv_description/models:/home/aliomac/vrx_ws/install/share/vrx_gazebo/models:/home/aliomac/vrx_ws/install/share/:/opt/ros/jazzy/share', 'USER': 'aliomac', 'GZ_CONFIG_PATH': '/opt/ros/jazzy/opt/gz_sim_vendor/share/gz:/opt/ros/jazzy/opt/sdformat_vendor/share/gz:/opt/ros/jazzy/opt/gz_gui_vendor/share/gz:/opt/ros/jazzy/opt/gz_transport_vendor/share/gz:/opt/ros/jazzy/opt/gz_rendering_vendor/share/gz:/opt/ros/jazzy/opt/gz_plugin_vendor/share/gz:/opt/ros/jazzy/opt/gz_fuel_tools_vendor/share/gz:/opt/ros/jazzy/opt/gz_msgs_vendor/share/gz:/opt/ros/jazzy/opt/gz_common_vendor/share/gz', 'XDG_SESSION_TYPE': 'wayland', 'CLUTTER_DISABLE_MIPMAPPED_TEXT': '1', 'SHLVL': '1', 'LD_LIBRARY_PATH': '/home/aliomac/garp-test/install/workspace_gz/lib:/home/aliomac/vrx_ws/install/lib:/home/aliomac/thesis_USV_gazebo/install/lib:/opt/ros/jazzy/opt/gz_sim_vendor/lib:/opt/ros/jazzy/opt/gz_sensors_vendor/lib:/opt/ros/jazzy/opt/gz_physics_vendor/lib:/opt/ros/jazzy/opt/sdformat_vendor/lib:/opt/ros/jazzy/opt/rviz_ogre_vendor/lib:/opt/ros/jazzy/lib/x86_64-linux-gnu:/opt/ros/jazzy/opt/gz_gui_vendor/lib:/opt/ros/jazzy/opt/gz_transport_vendor/lib:/opt/ros/jazzy/opt/gz_rendering_vendor/lib:/opt/ros/jazzy/opt/gz_plugin_vendor/lib:/opt/ros/jazzy/opt/gz_fuel_tools_vendor/lib:/opt/ros/jazzy/opt/gz_msgs_vendor/lib:/opt/ros/jazzy/opt/gz_common_vendor/lib:/opt/ros/jazzy/opt/gz_math_vendor/lib:/opt/ros/jazzy/opt/gz_utils_vendor/lib:/opt/ros/jazzy/opt/gz_tools_vendor/lib:/opt/ros/jazzy/opt/gz_ogre_next_vendor/lib:/opt/ros/jazzy/opt/gz_dartsim_vendor/lib:/opt/ros/jazzy/opt/gz_cmake_vendor/lib:/opt/ros/jazzy/lib', 'HOME': '/home/aliomac', 'OLDPWD': '/home/aliomac', 'DESKTOP_SESSION': 'ubuntu', 'GIO_LAUNCHED_DESKTOP_FILE': '/usr/share/applications/terminator.desktop', 'ROS_PYTHON_VERSION': '3', 'GNOME_SHELL_SESSION_MODE': 'ubuntu', 'GTK_MODULES': 'gail:atk-bridge', 'MANAGERPID': '2198', 'SYSTEMD_EXEC_PID': '2481', 'GSM_SKIP_SSH_AGENT_WORKAROUND': 'true', 'DBUS_SESSION_BUS_ADDRESS': 'unix:path=/run/user/1000/bus', 'COLORTERM': 'truecolor', 'TERMINATOR_DBUS_NAME': 'net.tenshu.Terminator25ef4b219e3b005583550f2b0f9f990c3', 'GIO_LAUNCHED_DESKTOP_FILE_PID': '7984', 'DEBUGINFOD_URLS': 'https://debuginfod.ubuntu.com', 'IM_CONFIG_PHASE': '1', 'WAYLAND_DISPLAY': 'wayland-0', 'COLCON_PREFIX_PATH': '/home/aliomac/garp-test/install:/home/aliomac/vrx_ws/install:/home/aliomac/thesis_USV_gazebo/install', 'ROS_DISTRO': 'jazzy', 'LOGNAME': 'aliomac', 'JOURNAL_STREAM': '9:20790', '_': '/usr/bin/colcon', 'ROS_VERSION': '2', 'MEMORY_PRESSURE_WATCH': '/sys/fs/cgroup/user.slice/user-1000.slice/user@1000.service/session.slice/org.gnome.Shell@wayland.service/memory.pressure', 'XDG_SESSION_CLASS': 'user', 'USERNAME': 'aliomac', 'TERM': 'xterm-256color', 'GNOME_DESKTOP_SESSION_ID': 'this-is-deprecated', 'PATH': '/home/aliomac/.opencode/bin:/home/aliomac/.local/bin:/opt/ros/jazzy/opt/gz_msgs_vendor/bin:/opt/ros/jazzy/opt/gz_tools_vendor/bin:/opt/ros/jazzy/opt/gz_ogre_next_vendor/bin:/opt/ros/jazzy/bin:/home/aliomac/.local/bin:/usr/local/sbin:/usr/local/bin:/usr/sbin:/usr/bin:/sbin:/bin:/usr/games:/usr/local/games:/snap/bin:/snap/bin', 'SESSION_MANAGER': 'local/aliomac-Nitro-AN515-55:@/tmp/.ICE-unix/2442,unix/aliomac-Nitro-AN515-55:/tmp/.ICE-unix/2442', 'INVOCATION_ID': '9615740d914f443fadb2fde0e12e93b1', 'XDG_MENU_PREFIX': 'gnome-', 'GNOME_SETUP_DISPLAY': ':1', 'XDG_RUNTIME_DIR': '/run/user/1000', 'DISPLAY': ':0', 'TERMINATOR_DBUS_PATH': '/net/tenshu/Terminator2', 'LANG': 'en_US.UTF-8', 'XDG_CURRENT_DESKTOP': 'ubuntu:GNOME', 'XMODIFIERS': '@im=ibus', 'XDG_SESSION_DESKTOP': 'ubuntu', 'XAUTHORITY': '/run/user/1000/.mutter-Xwaylandauth.7RB4J3', 'LS_COLORS': 'rs=0:di=01;34:ln=01;36:mh=00:pi=40;33:so=01;35:do=01;35:bd=40;33;01:cd=40;33;01:or=40;31;01:mi=00:su=37;41:sg=30;43:ca=00:tw=30;42:ow=34;42:st=37;44:ex=01;32:*.tar=01;31:*.tgz=01;31:*.arc=01;31:*.arj=01;31:*.taz=01;31:*.lha=01;31:*.lz4=01;31:*.lzh=01;31:*.lzma=01;31:*.tlz=01;31:*.txz=01;31:*.tzo=01;31:*.t7z=01;31:*.zip=01;31:*.z=01;31:*.dz=01;31:*.gz=01;31:*.lrz=01;31:*.lz=01;31:*.lzo=01;31:*.xz=01;31:*.zst=01;31:*.tzst=01;31:*.bz2=01;31:*.bz=01;31:*.tbz=01;31:*.tbz2=01;31:*.tz=01;31:*.deb=01;31:*.rpm=01;31:*.jar=01;31:*.war=01;31:*.ear=01;31:*.sar=01;31:*.rar=01;31:*.alz=01;31:*.ace=01;31:*.zoo=01;31:*.cpio=01;31:*.7z=01;31:*.rz=01;31:*.cab=01;31:*.wim=01;31:*.swm=01;31:*.dwm=01;31:*.esd=01;31:*.avif=01;35:*.jpg=01;35:*.jpeg=01;35:*.mjpg=01;35:*.mjpeg=01;35:*.gif=01;35:*.bmp=01;35:*.pbm=01;35:*.pgm=01;35:*.ppm=01;35:*.tga=01;35:*.xbm=01;35:*.xpm=01;35:*.tif=01;35:*.tiff=01;35:*.png=01;35:*.svg=01;35:*.svgz=01;35:*.mng=01;35:*.pcx=01;35:*.mov=01;35:*.mpg=01;35:*.mpeg=01;35:*.m2v=01;35:*.mkv=01;35:*.webm=01;35:*.webp=01;35:*.ogm=01;35:*.mp4=01;35:*.m4v=01;35:*.mp4v=01;35:*.vob=01;35:*.qt=01;35:*.nuv=01;35:*.wmv=01;35:*.asf=01;35:*.rm=01;35:*.rmvb=01;35:*.flc=01;35:*.avi=01;35:*.fli=01;35:*.flv=01;35:*.gl=01;35:*.dl=01;35:*.xcf=01;35:*.xwd=01;35:*.yuv=01;35:*.cgm=01;35:*.emf=01;35:*.ogv=01;35:*.ogx=01;35:*.aac=00;36:*.au=00;36:*.flac=00;36:*.m4a=00;36:*.mid=00;36:*.midi=00;36:*.mka=00;36:*.mp3=00;36:*.mpc=00;36:*.ogg=00;36:*.ra=00;36:*.wav=00;36:*.oga=00;36:*.opus=00;36:*.spx=00;36:*.xspf=00;36:*~=00;90:*#=00;90:*.bak=00;90:*.crdownload=00;90:*.dpkg-dist=00;90:*.dpkg-new=00;90:*.dpkg-old=00;90:*.dpkg-tmp=00;90:*.old=00;90:*.orig=00;90:*.part=00;90:*.rej=00;90:*.rpmnew=00;90:*.rpmorig=00;90:*.rpmsave=00;90:*.swp=00;90:*.tmp=00;90:*.ucf-dist=00;90:*.ucf-new=00;90:*.ucf-old=00;90:', 'SSH_AUTH_SOCK': '/run/user/1000/keyring/ssh', 'AMENT_PREFIX_PATH': '/home/aliomac/garp-test/install/workspace_ros:/home/aliomac/garp-test/install/workspace_nav:/home/aliomac/garp-test/install/workspace_gz:/home/aliomac/vrx_ws/install:/home/aliomac/thesis_USV_gazebo/install:/opt/ros/jazzy', 'SHELL': '/bin/bash', 'TERMINATOR_UUID': 'urn:uuid:ec32f629-2688-448a-b15f-6f1a24b05c54', 'QT_ACCESSIBILITY': '1', 'GDMSESSION': 'ubuntu', 'LESSCLOSE': '/usr/bin/lesspipe %s %s', 'GJS_DEBUG_OUTPUT': 'stderr', 'ROS_AUTOMATIC_DISCOVERY_RANGE': 'SUBNET', 'QT_IM_MODULE': 'ibus', 'PWD': '/home/aliomac/garp-test/build/workspace_gz', 'LC_ALL': 'en_US.UTF-8', 'XDG_CONFIG_DIRS': '/etc/xdg/xdg-ubuntu:/etc/xdg', 'XDG_DATA_DIRS': '/usr/share/ubuntu:/usr/share/gnome:/usr/local/share/:/usr/share/:/var/lib/snapd/desktop', 'PYTHONPATH': '/home/aliomac/garp-test/install/workspace_ros/lib/python3.12/site-packages:/home/aliomac/garp-test/install/workspace_nav/lib/python3.12/site-packages:/home/aliomac/vrx_ws/install/lib/python3.12/site-packages:/home/aliomac/thesis_USV_gazebo/build/ros_gz_bridge_custom:/home/aliomac/thesis_USV_gazebo/build/autopilot:/home/aliomac/thesis_USV_gazebo/install/lib/python3.12/site-packages:/opt/ros/jazzy/lib/python3.12/site-packages', 'COLCON': '1', 'MEMORY_PRESSURE_WRITE': 'c29tZSAyMDAwMDAgMjAwMDAwMAA=', 'VTE_VERSION': '7600', 'CMAKE_PREFIX_PATH': '/home/aliomac/garp-test/install/workspace_gz:/home/aliomac/vrx_ws/install:/home/aliomac/thesis_USV_gazebo/install:/opt/ros/jazzy/opt/gz_sim_vendor:/opt/ros/jazzy/opt/gz_sensors_vendor:/opt/ros/jazzy/opt/gz_physics_vendor:/opt/ros/jazzy/opt/sdformat_vendor:/opt/ros/jazzy/opt/gz_gui_vendor:/opt/ros/jazzy/opt/gz_transport_vendor:/opt/ros/jazzy/opt/gz_rendering_vendor:/opt/ros/jazzy/opt/gz_plugin_vendor:/opt/ros/jazzy/opt/gz_fuel_tools_vendor:/opt/ros/jazzy/opt/gz_msgs_vendor:/opt/ros/jazzy/opt/gz_common_vendor:/opt/ros/jazzy/opt/gz_math_vendor:/opt/ros/jazzy/opt/gz_utils_vendor:/opt/ros/jazzy/opt/gz_tools_vendor:/opt/ros/jazzy/opt/gz_ogre_next_vendor:/opt/ros/jazzy/opt/gz_dartsim_vendor:/opt/ros/jazzy/opt/gz_cmake_vendor:/home/aliomac/garp-test/install/workspace_ros:/home/aliomac/garp-test/install/workspace_nav:/opt/ros/jazzy'}), 'shell': False}
[1.701926] (-) TimerEvent: {}
[1.742239] (workspace_gz) StdoutLine: {'line': b'[  4%] Built target ScoringPlugin\n'}
[1.744666] (workspace_gz) StdoutLine: {'line': b'[  8%] Built target Waves\n'}
[1.808117] (-) TimerEvent: {}
[1.815163] (workspace_gz) StdoutLine: {'line': b'[ 14%] Built target StationkeepingScoringPlugin\n'}
[1.832115] (workspace_gz) StdoutLine: {'line': b'[ 20%] Built target WayfindingScoringPlugin\n'}
[1.856159] (workspace_gz) StdoutLine: {'line': b'[ 25%] Built target LightBuoyPlugin\n'}
[1.864335] (workspace_gz) StdoutLine: {'line': b'[ 39%] Built target PolyhedraBuoyancyDrag\n'}
[1.867230] (workspace_gz) StdoutLine: {'line': b'[ 37%] Built target AcousticPerceptionScoringPlugin\n'}
[1.876180] (workspace_gz) StdoutLine: {'line': b'[ 43%] Built target BallShooterPlugin\n'}
[1.880834] (workspace_gz) StdoutLine: {'line': b'[ 50%] Built target AcousticTrackingScoringPlugin\n'}
[1.908210] (-) TimerEvent: {}
[1.928980] (workspace_gz) StdoutLine: {'line': b'[ 54%] Built target NavigationScoringPlugin\n'}
[1.943222] (workspace_gz) StdoutLine: {'line': b'[ 58%] Built target GymkhanaScoringPlugin\n'}
[1.957171] (workspace_gz) StdoutLine: {'line': b'[ 62%] Built target PlacardPlugin\n'}
[1.977234] (workspace_gz) StdoutLine: {'line': b'[ 66%] Built target AcousticPingerPlugin\n'}
[1.991910] (workspace_gz) StdoutLine: {'line': b'[ 70%] Built target PerceptionScoringPlugin\n'}
[2.003784] (workspace_gz) StdoutLine: {'line': b'[ 75%] Built target PublisherPlugin\n'}
[2.013191] (workspace_gz) StdoutLine: {'line': b'[ 79%] Built target ScanDockScoringPlugin\n'}
[2.013478] (-) TimerEvent: {}
[2.022733] (workspace_gz) StdoutLine: {'line': b'[ 83%] Built target SimpleHydrodynamics\n'}
[2.027367] (workspace_gz) StdoutLine: {'line': b'[ 87%] Built target Surface\n'}
[2.047117] (workspace_nav) StdoutLine: {'line': b'running develop\n'}
[2.076712] (workspace_gz) StdoutLine: {'line': b'[ 91%] Built target USVWind\n'}
[2.081250] (workspace_gz) StdoutLine: {'line': b'[ 95%] Built target WaveVisual\n'}
[2.103536] (workspace_gz) StdoutLine: {'line': b'[100%] Built target WildlifeScoringPlugin\n'}
[2.116113] (-) TimerEvent: {}
[2.123162] (workspace_ros) StdoutLine: {'line': b'running develop\n'}
[2.149731] (workspace_gz) CommandEnded: {'returncode': 0}
[2.151051] (workspace_gz) JobProgress: {'identifier': 'workspace_gz', 'progress': 'install'}
[2.176137] (workspace_gz) Command: {'cmd': ['/usr/bin/cmake', '--install', '/home/aliomac/garp-test/build/workspace_gz'], 'cwd': '/home/aliomac/garp-test/build/workspace_gz', 'env': OrderedDict({'GZ_SIM_SYSTEM_PLUGIN_PATH': '/home/aliomac/vrx_ws/install/lib', 'GJS_DEBUG_TOPICS': 'JS ERROR;JS LOG', 'XDG_ACTIVATION_TOKEN': 'gnome-shell/Terminator/2481-1-aliomac-Nitro-AN515-55_TIME693242', 'LESSOPEN': '| /usr/bin/lesspipe %s', 'GZ_SIM_RESOURCE_PATH': '/home/aliomac/vrx_ws/install/share/vrx_gz/models/tmp:/home/aliomac/vrx_ws/install/share/vrx_gz/models:/home/aliomac/vrx_ws/install/share/vrx_gz/worlds/2023_phase2:/home/aliomac/vrx_ws/install/share/vrx_gz/worlds/2023_practice:/home/aliomac/vrx_ws/install/share/vrx_gz/worlds:/home/aliomac/vrx_ws/install/share/wamv_description/models:/home/aliomac/vrx_ws/install/share/vrx_gazebo/models:/home/aliomac/vrx_ws/install/share/:/opt/ros/jazzy/share', 'USER': 'aliomac', 'GZ_CONFIG_PATH': '/opt/ros/jazzy/opt/gz_sim_vendor/share/gz:/opt/ros/jazzy/opt/sdformat_vendor/share/gz:/opt/ros/jazzy/opt/gz_gui_vendor/share/gz:/opt/ros/jazzy/opt/gz_transport_vendor/share/gz:/opt/ros/jazzy/opt/gz_rendering_vendor/share/gz:/opt/ros/jazzy/opt/gz_plugin_vendor/share/gz:/opt/ros/jazzy/opt/gz_fuel_tools_vendor/share/gz:/opt/ros/jazzy/opt/gz_msgs_vendor/share/gz:/opt/ros/jazzy/opt/gz_common_vendor/share/gz', 'XDG_SESSION_TYPE': 'wayland', 'CLUTTER_DISABLE_MIPMAPPED_TEXT': '1', 'SHLVL': '1', 'LD_LIBRARY_PATH': '/home/aliomac/garp-test/install/workspace_gz/lib:/home/aliomac/vrx_ws/install/lib:/home/aliomac/thesis_USV_gazebo/install/lib:/opt/ros/jazzy/opt/gz_sim_vendor/lib:/opt/ros/jazzy/opt/gz_sensors_vendor/lib:/opt/ros/jazzy/opt/gz_physics_vendor/lib:/opt/ros/jazzy/opt/sdformat_vendor/lib:/opt/ros/jazzy/opt/rviz_ogre_vendor/lib:/opt/ros/jazzy/lib/x86_64-linux-gnu:/opt/ros/jazzy/opt/gz_gui_vendor/lib:/opt/ros/jazzy/opt/gz_transport_vendor/lib:/opt/ros/jazzy/opt/gz_rendering_vendor/lib:/opt/ros/jazzy/opt/gz_plugin_vendor/lib:/opt/ros/jazzy/opt/gz_fuel_tools_vendor/lib:/opt/ros/jazzy/opt/gz_msgs_vendor/lib:/opt/ros/jazzy/opt/gz_common_vendor/lib:/opt/ros/jazzy/opt/gz_math_vendor/lib:/opt/ros/jazzy/opt/gz_utils_vendor/lib:/opt/ros/jazzy/opt/gz_tools_vendor/lib:/opt/ros/jazzy/opt/gz_ogre_next_vendor/lib:/opt/ros/jazzy/opt/gz_dartsim_vendor/lib:/opt/ros/jazzy/opt/gz_cmake_vendor/lib:/opt/ros/jazzy/lib', 'HOME': '/home/aliomac', 'OLDPWD': '/home/aliomac', 'DESKTOP_SESSION': 'ubuntu', 'GIO_LAUNCHED_DESKTOP_FILE': '/usr/share/applications/terminator.desktop', 'ROS_PYTHON_VERSION': '3', 'GNOME_SHELL_SESSION_MODE': 'ubuntu', 'GTK_MODULES': 'gail:atk-bridge', 'MANAGERPID': '2198', 'SYSTEMD_EXEC_PID': '2481', 'GSM_SKIP_SSH_AGENT_WORKAROUND': 'true', 'DBUS_SESSION_BUS_ADDRESS': 'unix:path=/run/user/1000/bus', 'COLORTERM': 'truecolor', 'TERMINATOR_DBUS_NAME': 'net.tenshu.Terminator25ef4b219e3b005583550f2b0f9f990c3', 'GIO_LAUNCHED_DESKTOP_FILE_PID': '7984', 'DEBUGINFOD_URLS': 'https://debuginfod.ubuntu.com', 'IM_CONFIG_PHASE': '1', 'WAYLAND_DISPLAY': 'wayland-0', 'COLCON_PREFIX_PATH': '/home/aliomac/garp-test/install:/home/aliomac/vrx_ws/install:/home/aliomac/thesis_USV_gazebo/install', 'ROS_DISTRO': 'jazzy', 'LOGNAME': 'aliomac', 'JOURNAL_STREAM': '9:20790', '_': '/usr/bin/colcon', 'ROS_VERSION': '2', 'MEMORY_PRESSURE_WATCH': '/sys/fs/cgroup/user.slice/user-1000.slice/user@1000.service/session.slice/org.gnome.Shell@wayland.service/memory.pressure', 'XDG_SESSION_CLASS': 'user', 'USERNAME': 'aliomac', 'TERM': 'xterm-256color', 'GNOME_DESKTOP_SESSION_ID': 'this-is-deprecated', 'PATH': '/home/aliomac/.opencode/bin:/home/aliomac/.local/bin:/opt/ros/jazzy/opt/gz_msgs_vendor/bin:/opt/ros/jazzy/opt/gz_tools_vendor/bin:/opt/ros/jazzy/opt/gz_ogre_next_vendor/bin:/opt/ros/jazzy/bin:/home/aliomac/.local/bin:/usr/local/sbin:/usr/local/bin:/usr/sbin:/usr/bin:/sbin:/bin:/usr/games:/usr/local/games:/snap/bin:/snap/bin', 'SESSION_MANAGER': 'local/aliomac-Nitro-AN515-55:@/tmp/.ICE-unix/2442,unix/aliomac-Nitro-AN515-55:/tmp/.ICE-unix/2442', 'INVOCATION_ID': '9615740d914f443fadb2fde0e12e93b1', 'XDG_MENU_PREFIX': 'gnome-', 'GNOME_SETUP_DISPLAY': ':1', 'XDG_RUNTIME_DIR': '/run/user/1000', 'DISPLAY': ':0', 'TERMINATOR_DBUS_PATH': '/net/tenshu/Terminator2', 'LANG': 'en_US.UTF-8', 'XDG_CURRENT_DESKTOP': 'ubuntu:GNOME', 'XMODIFIERS': '@im=ibus', 'XDG_SESSION_DESKTOP': 'ubuntu', 'XAUTHORITY': '/run/user/1000/.mutter-Xwaylandauth.7RB4J3', 'LS_COLORS': 'rs=0:di=01;34:ln=01;36:mh=00:pi=40;33:so=01;35:do=01;35:bd=40;33;01:cd=40;33;01:or=40;31;01:mi=00:su=37;41:sg=30;43:ca=00:tw=30;42:ow=34;42:st=37;44:ex=01;32:*.tar=01;31:*.tgz=01;31:*.arc=01;31:*.arj=01;31:*.taz=01;31:*.lha=01;31:*.lz4=01;31:*.lzh=01;31:*.lzma=01;31:*.tlz=01;31:*.txz=01;31:*.tzo=01;31:*.t7z=01;31:*.zip=01;31:*.z=01;31:*.dz=01;31:*.gz=01;31:*.lrz=01;31:*.lz=01;31:*.lzo=01;31:*.xz=01;31:*.zst=01;31:*.tzst=01;31:*.bz2=01;31:*.bz=01;31:*.tbz=01;31:*.tbz2=01;31:*.tz=01;31:*.deb=01;31:*.rpm=01;31:*.jar=01;31:*.war=01;31:*.ear=01;31:*.sar=01;31:*.rar=01;31:*.alz=01;31:*.ace=01;31:*.zoo=01;31:*.cpio=01;31:*.7z=01;31:*.rz=01;31:*.cab=01;31:*.wim=01;31:*.swm=01;31:*.dwm=01;31:*.esd=01;31:*.avif=01;35:*.jpg=01;35:*.jpeg=01;35:*.mjpg=01;35:*.mjpeg=01;35:*.gif=01;35:*.bmp=01;35:*.pbm=01;35:*.pgm=01;35:*.ppm=01;35:*.tga=01;35:*.xbm=01;35:*.xpm=01;35:*.tif=01;35:*.tiff=01;35:*.png=01;35:*.svg=01;35:*.svgz=01;35:*.mng=01;35:*.pcx=01;35:*.mov=01;35:*.mpg=01;35:*.mpeg=01;35:*.m2v=01;35:*.mkv=01;35:*.webm=01;35:*.webp=01;35:*.ogm=01;35:*.mp4=01;35:*.m4v=01;35:*.mp4v=01;35:*.vob=01;35:*.qt=01;35:*.nuv=01;35:*.wmv=01;35:*.asf=01;35:*.rm=01;35:*.rmvb=01;35:*.flc=01;35:*.avi=01;35:*.fli=01;35:*.flv=01;35:*.gl=01;35:*.dl=01;35:*.xcf=01;35:*.xwd=01;35:*.yuv=01;35:*.cgm=01;35:*.emf=01;35:*.ogv=01;35:*.ogx=01;35:*.aac=00;36:*.au=00;36:*.flac=00;36:*.m4a=00;36:*.mid=00;36:*.midi=00;36:*.mka=00;36:*.mp3=00;36:*.mpc=00;36:*.ogg=00;36:*.ra=00;36:*.wav=00;36:*.oga=00;36:*.opus=00;36:*.spx=00;36:*.xspf=00;36:*~=00;90:*#=00;90:*.bak=00;90:*.crdownload=00;90:*.dpkg-dist=00;90:*.dpkg-new=00;90:*.dpkg-old=00;90:*.dpkg-tmp=00;90:*.old=00;90:*.orig=00;90:*.part=00;90:*.rej=00;90:*.rpmnew=00;90:*.rpmorig=00;90:*.rpmsave=00;90:*.swp=00;90:*.tmp=00;90:*.ucf-dist=00;90:*.ucf-new=00;90:*.ucf-old=00;90:', 'SSH_AUTH_SOCK': '/run/user/1000/keyring/ssh', 'AMENT_PREFIX_PATH': '/home/aliomac/garp-test/install/workspace_ros:/home/aliomac/garp-test/install/workspace_nav:/home/aliomac/garp-test/install/workspace_gz:/home/aliomac/vrx_ws/install:/home/aliomac/thesis_USV_gazebo/install:/opt/ros/jazzy', 'SHELL': '/bin/bash', 'TERMINATOR_UUID': 'urn:uuid:ec32f629-2688-448a-b15f-6f1a24b05c54', 'QT_ACCESSIBILITY': '1', 'GDMSESSION': 'ubuntu', 'LESSCLOSE': '/usr/bin/lesspipe %s %s', 'GJS_DEBUG_OUTPUT': 'stderr', 'ROS_AUTOMATIC_DISCOVERY_RANGE': 'SUBNET', 'QT_IM_MODULE': 'ibus', 'PWD': '/home/aliomac/garp-test/build/workspace_gz', 'LC_ALL': 'en_US.UTF-8', 'XDG_CONFIG_DIRS': '/etc/xdg/xdg-ubuntu:/etc/xdg', 'XDG_DATA_DIRS': '/usr/share/ubuntu:/usr/share/gnome:/usr/local/share/:/usr/share/:/var/lib/snapd/desktop', 'PYTHONPATH': '/home/aliomac/garp-test/install/workspace_ros/lib/python3.12/site-packages:/home/aliomac/garp-test/install/workspace_nav/lib/python3.12/site-packages:/home/aliomac/vrx_ws/install/lib/python3.12/site-packages:/home/aliomac/thesis_USV_gazebo/build/ros_gz_bridge_custom:/home/aliomac/thesis_USV_gazebo/build/autopilot:/home/aliomac/thesis_USV_gazebo/install/lib/python3.12/site-packages:/opt/ros/jazzy/lib/python3.12/site-packages', 'COLCON': '1', 'MEMORY_PRESSURE_WRITE': 'c29tZSAyMDAwMDAgMjAwMDAwMAA=', 'VTE_VERSION': '7600', 'CMAKE_PREFIX_PATH': '/home/aliomac/garp-test/install/workspace_gz:/home/aliomac/vrx_ws/install:/home/aliomac/thesis_USV_gazebo/install:/opt/ros/jazzy/opt/gz_sim_vendor:/opt/ros/jazzy/opt/gz_sensors_vendor:/opt/ros/jazzy/opt/gz_physics_vendor:/opt/ros/jazzy/opt/sdformat_vendor:/opt/ros/jazzy/opt/gz_gui_vendor:/opt/ros/jazzy/opt/gz_transport_vendor:/opt/ros/jazzy/opt/gz_rendering_vendor:/opt/ros/jazzy/opt/gz_plugin_vendor:/opt/ros/jazzy/opt/gz_fuel_tools_vendor:/opt/ros/jazzy/opt/gz_msgs_vendor:/opt/ros/jazzy/opt/gz_common_vendor:/opt/ros/jazzy/opt/gz_math_vendor:/opt/ros/jazzy/opt/gz_utils_vendor:/opt/ros/jazzy/opt/gz_tools_vendor:/opt/ros/jazzy/opt/gz_ogre_next_vendor:/opt/ros/jazzy/opt/gz_dartsim_vendor:/opt/ros/jazzy/opt/gz_cmake_vendor:/home/aliomac/garp-test/install/workspace_ros:/home/aliomac/garp-test/install/workspace_nav:/opt/ros/jazzy'}), 'shell': False}
[2.204345] (workspace_gz) StdoutLine: {'line': b'-- Install configuration: ""\n'}
[2.205357] (workspace_gz) StdoutLine: {'line': b'-- Execute custom install script\n'}
[2.207104] (workspace_gz) StdoutLine: {'line': b'-- Up-to-date symlink: /home/aliomac/garp-test/install/workspace_gz/lib/libWaves.so\n'}
[2.207327] (workspace_gz) StdoutLine: {'line': b'-- Up-to-date symlink: /home/aliomac/garp-test/install/workspace_gz/lib/libPolyhedraBuoyancyDrag.so\n'}
[2.207624] (workspace_gz) StdoutLine: {'line': b'-- Up-to-date symlink: /home/aliomac/garp-test/install/workspace_gz/lib/libScoringPlugin.so\n'}
[2.208976] (workspace_gz) StdoutLine: {'line': b'-- Up-to-date symlink: /home/aliomac/garp-test/install/workspace_gz/lib/libStationkeepingScoringPlugin.so\n'}
[2.209249] (workspace_gz) StdoutLine: {'line': b'-- Up-to-date symlink: /home/aliomac/garp-test/install/workspace_gz/lib/libWayfindingScoringPlugin.so\n'}
[2.210047] (workspace_gz) StdoutLine: {'line': b'-- Up-to-date symlink: /home/aliomac/garp-test/install/workspace_gz/lib/libAcousticPerceptionScoringPlugin.so\n'}
[2.210320] (workspace_gz) StdoutLine: {'line': b'-- Up-to-date symlink: /home/aliomac/garp-test/install/workspace_gz/lib/libAcousticTrackingScoringPlugin.so\n'}
[2.210586] (workspace_gz) StdoutLine: {'line': b'-- Up-to-date symlink: /home/aliomac/garp-test/install/workspace_gz/lib/libAcousticPingerPlugin.so\n'}
[2.210849] (workspace_gz) StdoutLine: {'line': b'-- Up-to-date symlink: /home/aliomac/garp-test/install/workspace_gz/lib/libBallShooterPlugin.so\n'}
[2.211133] (workspace_gz) StdoutLine: {'line': b'-- Up-to-date symlink: /home/aliomac/garp-test/install/workspace_gz/lib/libLightBuoyPlugin.so\n'}
[2.211447] (workspace_gz) StdoutLine: {'line': b'-- Up-to-date symlink: /home/aliomac/garp-test/install/workspace_gz/lib/libNavigationScoringPlugin.so\n'}
[2.211954] (workspace_gz) StdoutLine: {'line': b'-- Up-to-date symlink: /home/aliomac/garp-test/install/workspace_gz/lib/libGymkhanaScoringPlugin.so\n'}
[2.212135] (workspace_gz) StdoutLine: {'line': b'-- Up-to-date symlink: /home/aliomac/garp-test/install/workspace_gz/lib/libPerceptionScoringPlugin.so\n'}
[2.213291] (workspace_gz) StdoutLine: {'line': b'-- Up-to-date symlink: /home/aliomac/garp-test/install/workspace_gz/lib/libPlacardPlugin.so\n'}
[2.213787] (workspace_gz) StdoutLine: {'line': b'-- Up-to-date symlink: /home/aliomac/garp-test/install/workspace_gz/lib/libPublisherPlugin.so\n'}
[2.214071] (workspace_gz) StdoutLine: {'line': b'-- Up-to-date symlink: /home/aliomac/garp-test/install/workspace_gz/lib/libScanDockScoringPlugin.so\n'}
[2.214838] (workspace_gz) StdoutLine: {'line': b'-- Up-to-date symlink: /home/aliomac/garp-test/install/workspace_gz/lib/libSimpleHydrodynamics.so\n'}
[2.215322] (workspace_gz) StdoutLine: {'line': b'-- Up-to-date symlink: /home/aliomac/garp-test/install/workspace_gz/lib/libSurface.so\n'}
[2.215498] (workspace_gz) StdoutLine: {'line': b'-- Up-to-date symlink: /home/aliomac/garp-test/install/workspace_gz/lib/libUSVWind.so\n'}
[2.215971] (workspace_gz) StdoutLine: {'line': b'-- Up-to-date symlink: /home/aliomac/garp-test/install/workspace_gz/lib/libWaveVisual.so\n'}
[2.216125] (-) TimerEvent: {}
[2.218580] (workspace_gz) StdoutLine: {'line': b'-- Up-to-date symlink: /home/aliomac/garp-test/install/workspace_gz/lib/libWildlifeScoringPlugin.so\n'}
[2.218890] (workspace_gz) StdoutLine: {'line': b'-- Up-to-date symlink: /home/aliomac/garp-test/install/workspace_gz/share/workspace_gz//description/roboboat/roboboat.xacro\n'}
[2.219093] (workspace_gz) StdoutLine: {'line': b'-- Up-to-date symlink: /home/aliomac/garp-test/install/workspace_gz/share/workspace_gz//launch/simulation.launch.py\n'}
[2.220917] (workspace_gz) StdoutLine: {'line': b'-- Up-to-date symlink: /home/aliomac/garp-test/install/workspace_gz/share/workspace_gz//models/buoys/marker_buoy_black/materials/textures/MarkerBuoy_Base_Color.png\n'}
[2.221239] (workspace_gz) StdoutLine: {'line': b'-- Up-to-date symlink: /home/aliomac/garp-test/install/workspace_gz/share/workspace_gz//models/buoys/marker_buoy_black/materials/textures/MarkerBuoy_Roughness.png\n'}
[2.221832] (workspace_gz) StdoutLine: {'line': b'-- Up-to-date symlink: /home/aliomac/garp-test/install/workspace_gz/share/workspace_gz//models/buoys/marker_buoy_black/meshes/marker_buoy.dae\n'}
[2.222290] (workspace_gz) StdoutLine: {'line': b'-- Up-to-date symlink: /home/aliomac/garp-test/install/workspace_gz/share/workspace_gz//models/buoys/marker_buoy_black/model.config\n'}
[2.222541] (workspace_gz) StdoutLine: {'line': b'-- Up-to-date symlink: /home/aliomac/garp-test/install/workspace_gz/share/workspace_gz//models/buoys/marker_buoy_black/model.sdf\n'}
[2.223581] (workspace_gz) StdoutLine: {'line': b'-- Up-to-date symlink: /home/aliomac/garp-test/install/workspace_gz/share/workspace_gz//models/buoys/marker_buoy_green/materials/textures/MarkerBuoy_Base_Color.png\n'}
[2.223782] (workspace_gz) StdoutLine: {'line': b'-- Up-to-date symlink: /home/aliomac/garp-test/install/workspace_gz/share/workspace_gz//models/buoys/marker_buoy_green/materials/textures/MarkerBuoy_Roughness.png\n'}
[2.223924] (workspace_gz) StdoutLine: {'line': b'-- Up-to-date symlink: /home/aliomac/garp-test/install/workspace_gz/share/workspace_gz//models/buoys/marker_buoy_green/meshes/marker_buoy.dae\n'}
[2.224144] (workspace_gz) StdoutLine: {'line': b'-- Up-to-date symlink: /home/aliomac/garp-test/install/workspace_gz/share/workspace_gz//models/buoys/marker_buoy_green/model.config\n'}
[2.225029] (workspace_gz) StdoutLine: {'line': b'-- Up-to-date symlink: /home/aliomac/garp-test/install/workspace_gz/share/workspace_gz//models/buoys/marker_buoy_green/model.sdf\n'}
[2.227158] (workspace_gz) StdoutLine: {'line': b'-- Up-to-date symlink: /home/aliomac/garp-test/install/workspace_gz/share/workspace_gz//models/buoys/marker_buoy_orange/materials/textures/MarkerBuoy_Base_Color.png\n'}
[2.228707] (workspace_gz) StdoutLine: {'line': b'-- Up-to-date symlink: /home/aliomac/garp-test/install/workspace_gz/share/workspace_gz//models/buoys/marker_buoy_orange/materials/textures/MarkerBuoy_Roughness.png\n'}
[2.228880] (workspace_gz) StdoutLine: {'line': b'-- Up-to-date symlink: /home/aliomac/garp-test/install/workspace_gz/share/workspace_gz//models/buoys/marker_buoy_orange/meshes/marker_buoy.dae\n'}
[2.229022] (workspace_gz) StdoutLine: {'line': b'-- Up-to-date symlink: /home/aliomac/garp-test/install/workspace_gz/share/workspace_gz//models/buoys/marker_buoy_orange/model.config\n'}
[2.229179] (workspace_gz) StdoutLine: {'line': b'-- Up-to-date symlink: /home/aliomac/garp-test/install/workspace_gz/share/workspace_gz//models/buoys/marker_buoy_orange/model.sdf\n'}
[2.230501] (workspace_gz) StdoutLine: {'line': b'-- Up-to-date symlink: /home/aliomac/garp-test/install/workspace_gz/share/workspace_gz//models/buoys/marker_buoy_red/materials/textures/MarkerBuoy_Base_Color.png\n'}
[2.231855] (workspace_gz) StdoutLine: {'line': b'-- Up-to-date symlink: /home/aliomac/garp-test/install/workspace_gz/share/workspace_gz//models/buoys/marker_buoy_red/materials/textures/MarkerBuoy_Roughness.png\n'}
[2.232096] (workspace_gz) StdoutLine: {'line': b'-- Up-to-date symlink: /home/aliomac/garp-test/install/workspace_gz/share/workspace_gz//models/buoys/marker_buoy_red/meshes/marker_buoy.dae\n'}
[2.232257] (workspace_gz) StdoutLine: {'line': b'-- Up-to-date symlink: /home/aliomac/garp-test/install/workspace_gz/share/workspace_gz//models/buoys/marker_buoy_red/model.config\n'}
[2.232387] (workspace_gz) StdoutLine: {'line': b'-- Up-to-date symlink: /home/aliomac/garp-test/install/workspace_gz/share/workspace_gz//models/buoys/marker_buoy_red/model.sdf\n'}
[2.232572] (workspace_gz) StdoutLine: {'line': b'-- Up-to-date symlink: /home/aliomac/garp-test/install/workspace_gz/share/workspace_gz//models/buoys/marker_buoy_yellow/materials/textures/MarkerBuoy_Base_Color.png\n'}
[2.232761] (workspace_gz) StdoutLine: {'line': b'-- Up-to-date symlink: /home/aliomac/garp-test/install/workspace_gz/share/workspace_gz//models/buoys/marker_buoy_yellow/materials/textures/MarkerBuoy_Roughness.png\n'}
[2.236171] (workspace_gz) StdoutLine: {'line': b'-- Up-to-date symlink: /home/aliomac/garp-test/install/workspace_gz/share/workspace_gz//models/buoys/marker_buoy_yellow/meshes/marker_buoy.dae\n'}
[2.236389] (workspace_gz) StdoutLine: {'line': b'-- Up-to-date symlink: /home/aliomac/garp-test/install/workspace_gz/share/workspace_gz//models/buoys/marker_buoy_yellow/model.config\n'}
[2.236542] (workspace_gz) StdoutLine: {'line': b'-- Up-to-date symlink: /home/aliomac/garp-test/install/workspace_gz/share/workspace_gz//models/buoys/marker_buoy_yellow/model.sdf\n'}
[2.236830] (workspace_gz) StdoutLine: {'line': b'-- Up-to-date symlink: /home/aliomac/garp-test/install/workspace_gz/share/workspace_gz//models/buoys/round_buoy_orange/materials/textures/RoundBarrierBuoy_Base_Color.png\n'}
[2.236994] (workspace_gz) StdoutLine: {'line': b'-- Up-to-date symlink: /home/aliomac/garp-test/install/workspace_gz/share/workspace_gz//models/buoys/round_buoy_orange/materials/textures/RoundBarrierBuoy_Roughness.png\n'}
[2.237162] (workspace_gz) StdoutLine: {'line': b'-- Up-to-date symlink: /home/aliomac/garp-test/install/workspace_gz/share/workspace_gz//models/buoys/round_buoy_orange/meshes/round_buoy.dae\n'}
[2.237313] (workspace_gz) StdoutLine: {'line': b'-- Up-to-date symlink: /home/aliomac/garp-test/install/workspace_gz/share/workspace_gz//models/buoys/round_buoy_orange/model.config\n'}
[2.237514] (workspace_gz) StdoutLine: {'line': b'-- Up-to-date symlink: /home/aliomac/garp-test/install/workspace_gz/share/workspace_gz//models/buoys/round_buoy_orange/model.sdf\n'}
[2.237679] (workspace_gz) StdoutLine: {'line': b'-- Up-to-date symlink: /home/aliomac/garp-test/install/workspace_gz/share/workspace_gz//models/roboboat/materials/textures/roboboat_albedo.png\n'}
[2.237882] (workspace_gz) StdoutLine: {'line': b'-- Up-to-date symlink: /home/aliomac/garp-test/install/workspace_gz/share/workspace_gz//models/roboboat/materials/textures/roboboat_metalness.png\n'}
[2.238112] (workspace_gz) StdoutLine: {'line': b'-- Up-to-date symlink: /home/aliomac/garp-test/install/workspace_gz/share/workspace_gz//models/roboboat/materials/textures/roboboat_normal.png\n'}
[2.238303] (workspace_gz) StdoutLine: {'line': b'-- Up-to-date symlink: /home/aliomac/garp-test/install/workspace_gz/share/workspace_gz//models/roboboat/materials/textures/roboboat_roughness.png\n'}
[2.238485] (workspace_gz) StdoutLine: {'line': b'-- Up-to-date symlink: /home/aliomac/garp-test/install/workspace_gz/share/workspace_gz//models/roboboat/materials/textures/thruster_albedo.png\n'}
[2.238691] (workspace_gz) StdoutLine: {'line': b'-- Up-to-date symlink: /home/aliomac/garp-test/install/workspace_gz/share/workspace_gz//models/roboboat/materials/textures/thruster_roughness.png\n'}
[2.238917] (workspace_gz) StdoutLine: {'line': b'-- Up-to-date symlink: /home/aliomac/garp-test/install/workspace_gz/share/workspace_gz//models/roboboat/meshes/housing.dae\n'}
[2.240181] (workspace_gz) StdoutLine: {'line': b'-- Up-to-date symlink: /home/aliomac/garp-test/install/workspace_gz/share/workspace_gz//models/roboboat/meshes/mount.dae\n'}
[2.240386] (workspace_gz) StdoutLine: {'line': b'-- Up-to-date symlink: /home/aliomac/garp-test/install/workspace_gz/share/workspace_gz//models/roboboat/meshes/prop.dae\n'}
[2.240577] (workspace_gz) StdoutLine: {'line': b'-- Up-to-date symlink: /home/aliomac/garp-test/install/workspace_gz/share/workspace_gz//models/roboboat/meshes/roboboat.dae\n'}
[2.240714] (workspace_gz) StdoutLine: {'line': b'-- Up-to-date symlink: /home/aliomac/garp-test/install/workspace_gz/share/workspace_gz//models/roboboat/sensors/camera/materials/textures/camera.png\n'}
[2.240846] (workspace_gz) StdoutLine: {'line': b'-- Up-to-date symlink: /home/aliomac/garp-test/install/workspace_gz/share/workspace_gz//models/roboboat/sensors/camera/materials/textures/camera_albedo.png\n'}
[2.243310] (workspace_gz) StdoutLine: {'line': b'-- Up-to-date symlink: /home/aliomac/garp-test/install/workspace_gz/share/workspace_gz//models/roboboat/sensors/camera/materials/textures/camera_metalness.png\n'}
[2.243498] (workspace_gz) StdoutLine: {'line': b'-- Up-to-date symlink: /home/aliomac/garp-test/install/workspace_gz/share/workspace_gz//models/roboboat/sensors/camera/materials/textures/camera_normal.png\n'}
[2.243648] (workspace_gz) StdoutLine: {'line': b'-- Up-to-date symlink: /home/aliomac/garp-test/install/workspace_gz/share/workspace_gz//models/roboboat/sensors/camera/materials/textures/camera_roughness.png\n'}
[2.243794] (workspace_gz) StdoutLine: {'line': b'-- Up-to-date symlink: /home/aliomac/garp-test/install/workspace_gz/share/workspace_gz//models/roboboat/sensors/camera/meshes/camera.dae\n'}
[2.243930] (workspace_gz) StdoutLine: {'line': b'-- Up-to-date symlink: /home/aliomac/garp-test/install/workspace_gz/share/workspace_gz//models/roboboat/sensors/camera/meshes/camera_albedo.png\n'}
[2.244105] (workspace_gz) StdoutLine: {'line': b'-- Up-to-date symlink: /home/aliomac/garp-test/install/workspace_gz/share/workspace_gz//models/roboboat/sensors/camera_post/materials/textures/post_albedo.png\n'}
[2.244243] (workspace_gz) StdoutLine: {'line': b'-- Up-to-date symlink: /home/aliomac/garp-test/install/workspace_gz/share/workspace_gz//models/roboboat/sensors/camera_post/meshes/post.dae\n'}
[2.244661] (workspace_gz) StdoutLine: {'line': b'-- Up-to-date symlink: /home/aliomac/garp-test/install/workspace_gz/share/workspace_gz//models/roboboat/sensors/camera_post/meshes/post_albedo.jpg\n'}
[2.244909] (workspace_gz) StdoutLine: {'line': b'-- Up-to-date symlink: /home/aliomac/garp-test/install/workspace_gz/share/workspace_gz//models/roboboat/sensors/drybox/materials/textures/drybox_albedo.png\n'}
[2.245208] (workspace_gz) StdoutLine: {'line': b'-- Up-to-date symlink: /home/aliomac/garp-test/install/workspace_gz/share/workspace_gz//models/roboboat/sensors/drybox/materials/textures/drybox_roughness.png\n'}
[2.245823] (workspace_gz) StdoutLine: {'line': b'-- Up-to-date symlink: /home/aliomac/garp-test/install/workspace_gz/share/workspace_gz//models/roboboat/sensors/drybox/meshes/drybox.dae\n'}
[2.246566] (workspace_gz) StdoutLine: {'line': b'-- Up-to-date symlink: /home/aliomac/garp-test/install/workspace_gz/share/workspace_gz//models/roboboat/sensors/gps/materials/textures/gps_albedo.png\n'}
[2.246809] (workspace_gz) StdoutLine: {'line': b'-- Up-to-date symlink: /home/aliomac/garp-test/install/workspace_gz/share/workspace_gz//models/roboboat/sensors/gps/meshes/gps.dae\n'}
[2.247230] (workspace_gz) StdoutLine: {'line': b'-- Up-to-date symlink: /home/aliomac/garp-test/install/workspace_gz/share/workspace_gz//models/roboboat/sensors/gps/meshes/gps_albedo.png\n'}
[2.247647] (workspace_gz) StdoutLine: {'line': b'-- Up-to-date symlink: /home/aliomac/garp-test/install/workspace_gz/share/workspace_gz//models/roboboat/sensors/lidar/materials/textures/lidar.png\n'}
[2.248379] (workspace_gz) StdoutLine: {'line': b'-- Up-to-date symlink: /home/aliomac/garp-test/install/workspace_gz/share/workspace_gz//models/roboboat/sensors/lidar/materials/textures/lidar_albedo.png\n'}
[2.249149] (workspace_gz) StdoutLine: {'line': b'-- Up-to-date symlink: /home/aliomac/garp-test/install/workspace_gz/share/workspace_gz//models/roboboat/sensors/lidar/materials/textures/lidar_metalness.png\n'}
[2.249393] (workspace_gz) StdoutLine: {'line': b'-- Up-to-date symlink: /home/aliomac/garp-test/install/workspace_gz/share/workspace_gz//models/roboboat/sensors/lidar/materials/textures/lidar_normal.png\n'}
[2.249852] (workspace_gz) StdoutLine: {'line': b'-- Up-to-date symlink: /home/aliomac/garp-test/install/workspace_gz/share/workspace_gz//models/roboboat/sensors/lidar/materials/textures/lidar_roughness.png\n'}
[2.251143] (workspace_gz) StdoutLine: {'line': b'-- Up-to-date symlink: /home/aliomac/garp-test/install/workspace_gz/share/workspace_gz//models/roboboat/sensors/lidar/meshes/lidar.dae\n'}
[2.251386] (workspace_gz) StdoutLine: {'line': b'-- Up-to-date symlink: /home/aliomac/garp-test/install/workspace_gz/share/workspace_gz//models/roboboat/sensors/lidar/meshes/lidar_albedo.png\n'}
[2.251620] (workspace_gz) StdoutLine: {'line': b'-- Up-to-date symlink: /home/aliomac/garp-test/install/workspace_gz/share/workspace_gz//models/roboboat/sensors/lidar_post/materials/textures/post_albedo.png\n'}
[2.251837] (workspace_gz) StdoutLine: {'line': b'-- Up-to-date symlink: /home/aliomac/garp-test/install/workspace_gz/share/workspace_gz//models/roboboat/sensors/lidar_post/meshes/post.dae\n'}
[2.252830] (workspace_gz) StdoutLine: {'line': b'-- Up-to-date symlink: /home/aliomac/garp-test/install/workspace_gz/share/workspace_gz//models/roboboat/sensors/lidar_post/meshes/post_albedo.jpg\n'}
[2.253085] (workspace_gz) StdoutLine: {'line': b'-- Up-to-date symlink: /home/aliomac/garp-test/install/workspace_gz/share/workspace_gz//models/waves/materials/programs/GerstnerWaves_fs_330.glsl\n'}
[2.253966] (workspace_gz) StdoutLine: {'line': b'-- Up-to-date symlink: /home/aliomac/garp-test/install/workspace_gz/share/workspace_gz//models/waves/materials/programs/GerstnerWaves_vs_330.glsl\n'}
[2.254208] (workspace_gz) StdoutLine: {'line': b'-- Up-to-date symlink: /home/aliomac/garp-test/install/workspace_gz/share/workspace_gz//models/waves/materials/textures/skybox_lowres.dds\n'}
[2.254446] (workspace_gz) StdoutLine: {'line': b'-- Up-to-date symlink: /home/aliomac/garp-test/install/workspace_gz/share/workspace_gz//models/waves/materials/textures/wave_normals.dds\n'}
[2.254656] (workspace_gz) StdoutLine: {'line': b'-- Up-to-date symlink: /home/aliomac/garp-test/install/workspace_gz/share/workspace_gz//models/waves/meshes/waterlow.dae\n'}
[2.254859] (workspace_gz) StdoutLine: {'line': b'-- Up-to-date symlink: /home/aliomac/garp-test/install/workspace_gz/share/workspace_gz//models/waves/model.config\n'}
[2.255136] (workspace_gz) StdoutLine: {'line': b'-- Up-to-date symlink: /home/aliomac/garp-test/install/workspace_gz/share/workspace_gz//models/waves/model.sdf\n'}
[2.256118] (workspace_gz) StdoutLine: {'line': b'-- Up-to-date symlink: /home/aliomac/garp-test/install/workspace_gz/share/workspace_gz//worlds/world.sdf\n'}
[2.256341] (workspace_gz) StdoutLine: {'line': b'-- Up-to-date symlink: /home/aliomac/garp-test/install/workspace_gz/share/workspace_gz/environment/library_path.sh\n'}
[2.256498] (workspace_gz) StdoutLine: {'line': b'-- Up-to-date symlink: /home/aliomac/garp-test/install/workspace_gz/share/workspace_gz/environment/library_path.dsv\n'}
[2.256692] (workspace_gz) StdoutLine: {'line': b'-- Up-to-date symlink: /home/aliomac/garp-test/install/workspace_gz/share/ament_index/resource_index/package_run_dependencies/workspace_gz\n'}
[2.256840] (workspace_gz) StdoutLine: {'line': b'-- Up-to-date symlink: /home/aliomac/garp-test/install/workspace_gz/share/ament_index/resource_index/parent_prefix_path/workspace_gz\n'}
[2.258179] (workspace_gz) StdoutLine: {'line': b'-- Up-to-date symlink: /home/aliomac/garp-test/install/workspace_gz/share/workspace_gz/environment/ament_prefix_path.sh\n'}
[2.258431] (workspace_gz) StdoutLine: {'line': b'-- Up-to-date symlink: /home/aliomac/garp-test/install/workspace_gz/share/workspace_gz/environment/ament_prefix_path.dsv\n'}
[2.258581] (workspace_gz) StdoutLine: {'line': b'-- Up-to-date symlink: /home/aliomac/garp-test/install/workspace_gz/share/workspace_gz/environment/path.sh\n'}
[2.258728] (workspace_gz) StdoutLine: {'line': b'-- Up-to-date symlink: /home/aliomac/garp-test/install/workspace_gz/share/workspace_gz/environment/path.dsv\n'}
[2.258940] (workspace_gz) StdoutLine: {'line': b'-- Up-to-date symlink: /home/aliomac/garp-test/install/workspace_gz/share/workspace_gz/local_setup.bash\n'}
[2.259098] (workspace_gz) StdoutLine: {'line': b'-- Up-to-date symlink: /home/aliomac/garp-test/install/workspace_gz/share/workspace_gz/local_setup.sh\n'}
[2.260536] (workspace_gz) StdoutLine: {'line': b'-- Up-to-date symlink: /home/aliomac/garp-test/install/workspace_gz/share/workspace_gz/local_setup.zsh\n'}
[2.260786] (workspace_gz) StdoutLine: {'line': b'-- Up-to-date symlink: /home/aliomac/garp-test/install/workspace_gz/share/workspace_gz/local_setup.dsv\n'}
[2.260917] (workspace_gz) StdoutLine: {'line': b'-- Symlinking: /home/aliomac/garp-test/install/workspace_gz/share/workspace_gz/package.dsv\n'}
[2.274286] (workspace_gz) StdoutLine: {'line': b'-- Up-to-date symlink: /home/aliomac/garp-test/install/workspace_gz/share/ament_index/resource_index/packages/workspace_gz\n'}
[2.274571] (workspace_gz) StdoutLine: {'line': b'-- Up-to-date symlink: /home/aliomac/garp-test/install/workspace_gz/share/workspace_gz/cmake/ament_cmake_export_libraries-extras.cmake\n'}
[2.274805] (workspace_gz) StdoutLine: {'line': b'-- Up-to-date symlink: /home/aliomac/garp-test/install/workspace_gz/share/workspace_gz/cmake/ament_cmake_export_dependencies-extras.cmake\n'}
[2.275104] (workspace_gz) StdoutLine: {'line': b'-- Up-to-date symlink: /home/aliomac/garp-test/install/workspace_gz/share/workspace_gz/cmake/workspace_gzConfig.cmake\n'}
[2.275358] (workspace_gz) StdoutLine: {'line': b'-- Up-to-date symlink: /home/aliomac/garp-test/install/workspace_gz/share/workspace_gz/cmake/workspace_gzConfig-version.cmake\n'}
[2.275588] (workspace_gz) StdoutLine: {'line': b'-- Up-to-date symlink: /home/aliomac/garp-test/install/workspace_gz/share/workspace_gz/package.xml\n'}
[2.277924] (workspace_gz) CommandEnded: {'returncode': 0}
[2.316215] (-) TimerEvent: {}
[2.339695] (workspace_gz) JobEnded: {'identifier': 'workspace_gz', 'rc': 0}
[2.416320] (-) TimerEvent: {}
[2.516621] (-) TimerEvent: {}
[2.617884] (-) TimerEvent: {}
[2.718226] (-) TimerEvent: {}
[2.819999] (-) TimerEvent: {}
[2.871290] (workspace_ros) StdoutLine: {'line': b'running egg_info\n'}
[2.922162] (-) TimerEvent: {}
[2.929184] (workspace_nav) StdoutLine: {'line': b'running egg_info\n'}
[2.955010] (workspace_ros) StdoutLine: {'line': b'writing workspace_ros.egg-info/PKG-INFO\n'}
[2.955408] (workspace_ros) StdoutLine: {'line': b'writing dependency_links to workspace_ros.egg-info/dependency_links.txt\n'}
[2.955768] (workspace_ros) StdoutLine: {'line': b'writing entry points to workspace_ros.egg-info/entry_points.txt\n'}
[2.955971] (workspace_ros) StdoutLine: {'line': b'writing requirements to workspace_ros.egg-info/requires.txt\n'}
[2.962167] (workspace_ros) StdoutLine: {'line': b'writing top-level names to workspace_ros.egg-info/top_level.txt\n'}
[3.023110] (-) TimerEvent: {}
[3.034173] (workspace_nav) StdoutLine: {'line': b'writing workspace_nav.egg-info/PKG-INFO\n'}
[3.034947] (workspace_nav) StdoutLine: {'line': b'writing dependency_links to workspace_nav.egg-info/dependency_links.txt\n'}
[3.035553] (workspace_nav) StdoutLine: {'line': b'writing entry points to workspace_nav.egg-info/entry_points.txt\n'}
[3.036326] (workspace_nav) StdoutLine: {'line': b'writing requirements to workspace_nav.egg-info/requires.txt\n'}
[3.036507] (workspace_nav) StdoutLine: {'line': b'writing top-level names to workspace_nav.egg-info/top_level.txt\n'}
[3.121852] (workspace_ros) StdoutLine: {'line': b"reading manifest file 'workspace_ros.egg-info/SOURCES.txt'\n"}
[3.123213] (-) TimerEvent: {}
[3.123569] (workspace_ros) StdoutLine: {'line': b"writing manifest file 'workspace_ros.egg-info/SOURCES.txt'\n"}
[3.197011] (workspace_nav) StdoutLine: {'line': b"reading manifest file 'workspace_nav.egg-info/SOURCES.txt'\n"}
[3.201182] (workspace_nav) StdoutLine: {'line': b"writing manifest file 'workspace_nav.egg-info/SOURCES.txt'\n"}
[3.226117] (-) TimerEvent: {}
[3.270352] (workspace_ros) StdoutLine: {'line': b'running build_ext\n'}
[3.277132] (workspace_ros) StdoutLine: {'line': b'Creating /home/aliomac/garp-test/install/workspace_ros/lib/python3.12/site-packages/workspace-ros.egg-link (link to .)\n'}
[3.277413] (workspace_ros) StdoutLine: {'line': b'Installing converter script to /home/aliomac/garp-test/install/workspace_ros/lib/workspace_ros\n'}
[3.279867] (workspace_ros) StdoutLine: {'line': b'Installing gps_covariance_repub script to /home/aliomac/garp-test/install/workspace_ros/lib/workspace_ros\n'}
[3.280116] (workspace_ros) StdoutLine: {'line': b'Installing imu_covariance_repub script to /home/aliomac/garp-test/install/workspace_ros/lib/workspace_ros\n'}
[3.280268] (workspace_ros) StdoutLine: {'line': b'Installing lidar_processor script to /home/aliomac/garp-test/install/workspace_ros/lib/workspace_ros\n'}
[3.280421] (workspace_ros) StdoutLine: {'line': b'Installing static_transform_publisher script to /home/aliomac/garp-test/install/workspace_ros/lib/workspace_ros\n'}
[3.280568] (workspace_ros) StdoutLine: {'line': b'Installing wasd_teleop script to /home/aliomac/garp-test/install/workspace_ros/lib/workspace_ros\n'}
[3.280710] (workspace_ros) StdoutLine: {'line': b'\n'}
[3.280940] (workspace_ros) StdoutLine: {'line': b'Installed /home/aliomac/garp-test/build/workspace_ros\n'}
[3.281170] (workspace_ros) StdoutLine: {'line': b'running symlink_data\n'}
[3.281319] (workspace_ros) StdoutLine: {'line': b'symbolically linking /home/aliomac/garp-test/build/workspace_ros/resource/workspace_ros -> /home/aliomac/garp-test/install/workspace_ros/share/ament_index/resource_index/packages\n'}
[3.281449] (workspace_ros) StdoutLine: {'line': b'symbolically linking /home/aliomac/garp-test/build/workspace_ros/package.xml -> /home/aliomac/garp-test/install/workspace_ros/share/workspace_ros\n'}
[3.281607] (workspace_ros) StdoutLine: {'line': b'symbolically linking /home/aliomac/garp-test/build/workspace_ros/config/ekf.yaml -> /home/aliomac/garp-test/install/workspace_ros/share/workspace_ros/config\n'}
[3.281745] (workspace_ros) StdoutLine: {'line': b'symbolically linking /home/aliomac/garp-test/build/workspace_ros/config/kiss_icp.yaml -> /home/aliomac/garp-test/install/workspace_ros/share/workspace_ros/config\n'}
[3.281890] (workspace_ros) StdoutLine: {'line': b'symbolically linking /home/aliomac/garp-test/build/workspace_ros/config/lidar_filter.yaml -> /home/aliomac/garp-test/install/workspace_ros/share/workspace_ros/config\n'}
[3.282155] (workspace_ros) StdoutLine: {'line': b'symbolically linking /home/aliomac/garp-test/build/workspace_ros/config/static_transform.yaml -> /home/aliomac/garp-test/install/workspace_ros/share/workspace_ros/config\n'}
[3.282465] (workspace_ros) StdoutLine: {'line': b'symbolically linking /home/aliomac/garp-test/build/workspace_ros/config/lidar_rviz.rviz -> /home/aliomac/garp-test/install/workspace_ros/share/workspace_ros/config\n'}
[3.282738] (workspace_ros) StdoutLine: {'line': b'symbolically linking /home/aliomac/garp-test/build/workspace_ros/config/navsat.yaml -> /home/aliomac/garp-test/install/workspace_ros/share/workspace_ros/config\n'}
[3.283163] (workspace_ros) StdoutLine: {'line': b'symbolically linking /home/aliomac/garp-test/build/workspace_ros/launch/localization.launch.py -> /home/aliomac/garp-test/install/workspace_ros/share/workspace_ros/launch\n'}
[3.283810] (workspace_ros) StdoutLine: {'line': b'symbolically linking /home/aliomac/garp-test/build/workspace_ros/launch/mola_slam.launch.py -> /home/aliomac/garp-test/install/workspace_ros/share/workspace_ros/launch\n'}
[3.284486] (workspace_ros) StdoutLine: {'line': b'symbolically linking /home/aliomac/garp-test/build/workspace_ros/launch/lidar_filter.launch.py -> /home/aliomac/garp-test/install/workspace_ros/share/workspace_ros/launch\n'}
[3.285106] (workspace_ros) StdoutLine: {'line': b'symbolically linking /home/aliomac/garp-test/build/workspace_ros/launch/kiss_icp.launch.py -> /home/aliomac/garp-test/install/workspace_ros/share/workspace_ros/launch\n'}
[3.291118] (workspace_ros) StdoutLine: {'line': b'symbolically linking /home/aliomac/garp-test/build/workspace_ros/scripts/gps_covariance_repub.py -> /home/aliomac/garp-test/install/workspace_ros/share/workspace_ros/scripts\n'}
[3.291432] (workspace_ros) StdoutLine: {'line': b'symbolically linking /home/aliomac/garp-test/build/workspace_ros/scripts/lidar_processor.py -> /home/aliomac/garp-test/install/workspace_ros/share/workspace_ros/scripts\n'}
[3.291586] (workspace_ros) StdoutLine: {'line': b'symbolically linking /home/aliomac/garp-test/build/workspace_ros/scripts/wasd_teleop.py -> /home/aliomac/garp-test/install/workspace_ros/share/workspace_ros/scripts\n'}
[3.291723] (workspace_ros) StdoutLine: {'line': b'symbolically linking /home/aliomac/garp-test/build/workspace_ros/scripts/imu_covariance_repub.py -> /home/aliomac/garp-test/install/workspace_ros/share/workspace_ros/scripts\n'}
[3.291856] (workspace_ros) StdoutLine: {'line': b'symbolically linking /home/aliomac/garp-test/build/workspace_ros/scripts/__init__.py -> /home/aliomac/garp-test/install/workspace_ros/share/workspace_ros/scripts\n'}
[3.292016] (workspace_ros) StdoutLine: {'line': b'symbolically linking /home/aliomac/garp-test/build/workspace_ros/scripts/converter.py -> /home/aliomac/garp-test/install/workspace_ros/share/workspace_ros/scripts\n'}
[3.292191] (workspace_ros) StdoutLine: {'line': b'symbolically linking /home/aliomac/garp-test/build/workspace_ros/scripts/static_transform_publisher.py -> /home/aliomac/garp-test/install/workspace_ros/share/workspace_ros/scripts\n'}
[3.292335] (workspace_ros) StdoutLine: {'line': b'symbolically linking /home/aliomac/garp-test/build/workspace_ros/YOLOv11/YOLOv11.pt -> /home/aliomac/garp-test/install/workspace_ros/share/workspace_ros/YOLOv11\n'}
[3.330235] (-) TimerEvent: {}
[3.350212] (workspace_nav) StdoutLine: {'line': b'running build_ext\n'}
[3.350506] (workspace_nav) StdoutLine: {'line': b'Creating /home/aliomac/garp-test/install/workspace_nav/lib/python3.12/site-packages/workspace-nav.egg-link (link to .)\n'}
[3.381113] (workspace_nav) StdoutLine: {'line': b'Installing parkour_navigation script to /home/aliomac/garp-test/install/workspace_nav/lib/workspace_nav\n'}
[3.381424] (workspace_nav) StdoutLine: {'line': b'\n'}
[3.381669] (workspace_nav) StdoutLine: {'line': b'Installed /home/aliomac/garp-test/build/workspace_nav\n'}
[3.381816] (workspace_nav) StdoutLine: {'line': b'running symlink_data\n'}
[3.381942] (workspace_nav) StdoutLine: {'line': b'symbolically linking /home/aliomac/garp-test/build/workspace_nav/resource/workspace_nav -> /home/aliomac/garp-test/install/workspace_nav/share/ament_index/resource_index/packages\n'}
[3.382075] (workspace_nav) StdoutLine: {'line': b'symbolically linking /home/aliomac/garp-test/build/workspace_nav/package.xml -> /home/aliomac/garp-test/install/workspace_nav/share/workspace_nav\n'}
[3.382215] (workspace_nav) StdoutLine: {'line': b'symbolically linking /home/aliomac/garp-test/build/workspace_nav/config/map.yaml -> /home/aliomac/garp-test/install/workspace_nav/share/workspace_nav/config\n'}
[3.382342] (workspace_nav) StdoutLine: {'line': b'symbolically linking /home/aliomac/garp-test/build/workspace_nav/config/parkour_nav.yaml -> /home/aliomac/garp-test/install/workspace_nav/share/workspace_nav/config\n'}
[3.382463] (workspace_nav) StdoutLine: {'line': b'symbolically linking /home/aliomac/garp-test/build/workspace_nav/config/nav2_params.yaml -> /home/aliomac/garp-test/install/workspace_nav/share/workspace_nav/config\n'}
[3.389111] (workspace_nav) StdoutLine: {'line': b'symbolically linking /home/aliomac/garp-test/build/workspace_nav/launch/nav2.launch.py -> /home/aliomac/garp-test/install/workspace_nav/share/workspace_nav/launch\n'}
[3.389377] (workspace_nav) StdoutLine: {'line': b'symbolically linking /home/aliomac/garp-test/build/workspace_nav/launch/parkour_nav.launch.py -> /home/aliomac/garp-test/install/workspace_nav/share/workspace_nav/launch\n'}
[3.389533] (workspace_nav) StdoutLine: {'line': b'symbolically linking /home/aliomac/garp-test/build/workspace_nav/scripts/parkour_navigation.py -> /home/aliomac/garp-test/install/workspace_nav/share/workspace_nav/scripts\n'}
[3.389677] (workspace_nav) StdoutLine: {'line': b'symbolically linking /home/aliomac/garp-test/build/workspace_nav/scripts/__init__.py -> /home/aliomac/garp-test/install/workspace_nav/share/workspace_nav/scripts\n'}
[3.389807] (workspace_nav) StdoutLine: {'line': b'symbolically linking /home/aliomac/garp-test/build/workspace_nav/map/map.pgm -> /home/aliomac/garp-test/install/workspace_nav/share/workspace_nav/map\n'}
[3.430999] (-) TimerEvent: {}
[3.514112] (workspace_ros) CommandEnded: {'returncode': 0}
[3.543050] (-) TimerEvent: {}
[3.558839] (workspace_ros) JobEnded: {'identifier': 'workspace_ros', 'rc': 0}
[3.623231] (workspace_nav) CommandEnded: {'returncode': 0}
[3.637592] (workspace_nav) JobEnded: {'identifier': 'workspace_nav', 'rc': 0}
[3.642799] (-) EventReactorShutdown: {}
