[0.000000] (-) TimerEvent: {}
[0.000249] (workspace_gz) JobQueued: {'identifier': 'workspace_gz', 'dependencies': OrderedDict()}
[0.000537] (workspace_nav) JobQueued: {'identifier': 'workspace_nav', 'dependencies': OrderedDict()}
[0.000676] (workspace_ros) JobQueued: {'identifier': 'workspace_ros', 'dependencies': OrderedDict()}
[0.000917] (workspace_gz) JobStarted: {'identifier': 'workspace_gz'}
[0.009991] (workspace_nav) JobStarted: {'identifier': 'workspace_nav'}
[0.017490] (workspace_ros) JobStarted: {'identifier': 'workspace_ros'}
[0.027662] (workspace_gz) JobProgress: {'identifier': 'workspace_gz', 'progress': 'cmake'}
[0.029233] (workspace_gz) Command: {'cmd': ['/usr/bin/cmake', '/home/aliomac/garp-test/workspace_gz', '-DCMAKE_INSTALL_PREFIX=/home/aliomac/garp-test/install/workspace_gz'], 'cwd': '/home/aliomac/garp-test/build/workspace_gz', 'env': OrderedDict({'GZ_SIM_SYSTEM_PLUGIN_PATH': '/home/aliomac/vrx_ws/install/lib', 'GJS_DEBUG_TOPICS': 'JS ERROR;JS LOG', 'XDG_ACTIVATION_TOKEN': 'gnome-shell/Terminator/2472-6-aliomac-Nitro-AN515-55_TIME10247798', 'LESSOPEN': '| /usr/bin/lesspipe %s', 'GZ_SIM_RESOURCE_PATH': '/home/aliomac/vrx_ws/install/share/vrx_gz/models/tmp:/home/aliomac/vrx_ws/install/share/vrx_gz/models:/home/aliomac/vrx_ws/install/share/vrx_gz/worlds/2023_phase2:/home/aliomac/vrx_ws/install/share/vrx_gz/worlds/2023_practice:/home/aliomac/vrx_ws/install/share/vrx_gz/worlds:/home/aliomac/vrx_ws/install/share/wamv_description/models:/home/aliomac/vrx_ws/install/share/vrx_gazebo/models:/home/aliomac/vrx_ws/install/share/:/opt/ros/jazzy/share', 'USER': 'aliomac', 'GZ_CONFIG_PATH': '/opt/ros/jazzy/opt/gz_sim_vendor/share/gz:/opt/ros/jazzy/opt/sdformat_vendor/share/gz:/opt/ros/jazzy/opt/gz_gui_vendor/share/gz:/opt/ros/jazzy/opt/gz_transport_vendor/share/gz:/opt/ros/jazzy/opt/gz_rendering_vendor/share/gz:/opt/ros/jazzy/opt/gz_plugin_vendor/share/gz:/opt/ros/jazzy/opt/gz_fuel_tools_vendor/share/gz:/opt/ros/jazzy/opt/gz_msgs_vendor/share/gz:/opt/ros/jazzy/opt/gz_common_vendor/share/gz', 'XDG_SESSION_TYPE': 'wayland', 'CLUTTER_DISABLE_MIPMAPPED_TEXT': '1', 'SHLVL': '1', 'LD_LIBRARY_PATH': '/home/aliomac/garp-test/install/workspace_gz/lib:/home/aliomac/vrx_ws/install/lib:/home/aliomac/thesis_USV_gazebo/install/lib:/opt/ros/jazzy/opt/gz_sim_vendor/lib:/opt/ros/jazzy/opt/gz_sensors_vendor/lib:/opt/ros/jazzy/opt/gz_physics_vendor/lib:/opt/ros/jazzy/opt/sdformat_vendor/lib:/opt/ros/jazzy/opt/rviz_ogre_vendor/lib:/opt/ros/jazzy/lib/x86_64-linux-gnu:/opt/ros/jazzy/opt/gz_gui_vendor/lib:/opt/ros/jazzy/opt/gz_transport_vendor/lib:/opt/ros/jazzy/opt/gz_rendering_vendor/lib:/opt/ros/jazzy/opt/gz_plugin_vendor/lib:/opt/ros/jazzy/opt/gz_fuel_tools_vendor/lib:/opt/ros/jazzy/opt/gz_msgs_vendor/lib:/opt/ros/jazzy/opt/gz_common_vendor/lib:/opt/ros/jazzy/opt/gz_math_vendor/lib:/opt/ros/jazzy/opt/gz_utils_vendor/lib:/opt/ros/jazzy/opt/gz_tools_vendor/lib:/opt/ros/jazzy/opt/gz_ogre_next_vendor/lib:/opt/ros/jazzy/opt/gz_dartsim_vendor/lib:/opt/ros/jazzy/opt/gz_cmake_vendor/lib:/opt/ros/jazzy/lib', 'HOME': '/home/aliomac', 'OLDPWD': '/home/aliomac', 'DESKTOP_SESSION': 'ubuntu', 'GIO_LAUNCHED_DESKTOP_FILE': '/usr/share/applications/terminator.desktop', 'ROS_PYTHON_VERSION': '3', 'GNOME_SHELL_SESSION_MODE': 'ubuntu', 'GTK_MODULES': 'gail:atk-bridge', 'MANAGERPID': '2192', 'SYSTEMD_EXEC_PID': '2472', 'GSM_SKIP_SSH_AGENT_WORKAROUND': 'true', 'DBUS_SESSION_BUS_ADDRESS': 'unix:path=/run/user/1000/bus', 'COLORTERM': 'truecolor', 'TERMINATOR_DBUS_NAME': 'net.tenshu.Terminator25ef4b219e3b005583550f2b0f9f990c3', 'GIO_LAUNCHED_DESKTOP_FILE_PID': '35431', 'DEBUGINFOD_URLS': 'https://debuginfod.ubuntu.com', 'IM_CONFIG_PHASE': '1', 'WAYLAND_DISPLAY': 'wayland-0', 'COLCON_PREFIX_PATH': '/home/aliomac/garp-test/install:/home/aliomac/vrx_ws/install:/home/aliomac/thesis_USV_gazebo/install', 'ROS_DISTRO': 'jazzy', 'LOGNAME': 'aliomac', 'JOURNAL_STREAM': '9:21782', '_': '/usr/bin/colcon', 'ROS_VERSION': '2', 'MEMORY_PRESSURE_WATCH': '/sys/fs/cgroup/user.slice/user-1000.slice/user@1000.service/session.slice/org.gnome.Shell@wayland.service/memory.pressure', 'XDG_SESSION_CLASS': 'user', 'USERNAME': 'aliomac', 'TERM': 'xterm-256color', 'GNOME_DESKTOP_SESSION_ID': 'this-is-deprecated', 'PATH': '/home/aliomac/.opencode/bin:/home/aliomac/.local/bin:/opt/ros/jazzy/opt/gz_msgs_vendor/bin:/opt/ros/jazzy/opt/gz_tools_vendor/bin:/opt/ros/jazzy/opt/gz_ogre_next_vendor/bin:/opt/ros/jazzy/bin:/home/aliomac/.local/bin:/usr/local/sbin:/usr/local/bin:/usr/sbin:/usr/bin:/sbin:/bin:/usr/games:/usr/local/games:/snap/bin:/snap/bin', 'SESSION_MANAGER': 'local/aliomac-Nitro-AN515-55:@/tmp/.ICE-unix/2436,unix/aliomac-Nitro-AN515-55:/tmp/.ICE-unix/2436', 'INVOCATION_ID': 'e8e0e4c9cc6248f28b2cbb1f6f3e7b59', 'XDG_MENU_PREFIX': 'gnome-', 'GNOME_SETUP_DISPLAY': ':1', 'XDG_RUNTIME_DIR': '/run/user/1000', 'DISPLAY': ':0', 'TERMINATOR_DBUS_PATH': '/net/tenshu/Terminator2', 'LANG': 'en_US.UTF-8', 'XDG_CURRENT_DESKTOP': 'ubuntu:GNOME', 'XMODIFIERS': '@im=ibus', 'XDG_SESSION_DESKTOP': 'ubuntu', 'XAUTHORITY': '/run/user/1000/.mutter-Xwaylandauth.I4R3J3', 'LS_COLORS': 'rs=0:di=01;34:ln=01;36:mh=00:pi=40;33:so=01;35:do=01;35:bd=40;33;01:cd=40;33;01:or=40;31;01:mi=00:su=37;41:sg=30;43:ca=00:tw=30;42:ow=34;42:st=37;44:ex=01;32:*.tar=01;31:*.tgz=01;31:*.arc=01;31:*.arj=01;31:*.taz=01;31:*.lha=01;31:*.lz4=01;31:*.lzh=01;31:*.lzma=01;31:*.tlz=01;31:*.txz=01;31:*.tzo=01;31:*.t7z=01;31:*.zip=01;31:*.z=01;31:*.dz=01;31:*.gz=01;31:*.lrz=01;31:*.lz=01;31:*.lzo=01;31:*.xz=01;31:*.zst=01;31:*.tzst=01;31:*.bz2=01;31:*.bz=01;31:*.tbz=01;31:*.tbz2=01;31:*.tz=01;31:*.deb=01;31:*.rpm=01;31:*.jar=01;31:*.war=01;31:*.ear=01;31:*.sar=01;31:*.rar=01;31:*.alz=01;31:*.ace=01;31:*.zoo=01;31:*.cpio=01;31:*.7z=01;31:*.rz=01;31:*.cab=01;31:*.wim=01;31:*.swm=01;31:*.dwm=01;31:*.esd=01;31:*.avif=01;35:*.jpg=01;35:*.jpeg=01;35:*.mjpg=01;35:*.mjpeg=01;35:*.gif=01;35:*.bmp=01;35:*.pbm=01;35:*.pgm=01;35:*.ppm=01;35:*.tga=01;35:*.xbm=01;35:*.xpm=01;35:*.tif=01;35:*.tiff=01;35:*.png=01;35:*.svg=01;35:*.svgz=01;35:*.mng=01;35:*.pcx=01;35:*.mov=01;35:*.mpg=01;35:*.mpeg=01;35:*.m2v=01;35:*.mkv=01;35:*.webm=01;35:*.webp=01;35:*.ogm=01;35:*.mp4=01;35:*.m4v=01;35:*.mp4v=01;35:*.vob=01;35:*.qt=01;35:*.nuv=01;35:*.wmv=01;35:*.asf=01;35:*.rm=01;35:*.rmvb=01;35:*.flc=01;35:*.avi=01;35:*.fli=01;35:*.flv=01;35:*.gl=01;35:*.dl=01;35:*.xcf=01;35:*.xwd=01;35:*.yuv=01;35:*.cgm=01;35:*.emf=01;35:*.ogv=01;35:*.ogx=01;35:*.aac=00;36:*.au=00;36:*.flac=00;36:*.m4a=00;36:*.mid=00;36:*.midi=00;36:*.mka=00;36:*.mp3=00;36:*.mpc=00;36:*.ogg=00;36:*.ra=00;36:*.wav=00;36:*.oga=00;36:*.opus=00;36:*.spx=00;36:*.xspf=00;36:*~=00;90:*#=00;90:*.bak=00;90:*.crdownload=00;90:*.dpkg-dist=00;90:*.dpkg-new=00;90:*.dpkg-old=00;90:*.dpkg-tmp=00;90:*.old=00;90:*.orig=00;90:*.part=00;90:*.rej=00;90:*.rpmnew=00;90:*.rpmorig=00;90:*.rpmsave=00;90:*.swp=00;90:*.tmp=00;90:*.ucf-dist=00;90:*.ucf-new=00;90:*.ucf-old=00;90:', 'SSH_AUTH_SOCK': '/run/user/1000/keyring/ssh', 'AMENT_PREFIX_PATH': '/home/aliomac/garp-test/install/workspace_ros:/home/aliomac/garp-test/install/workspace_nav:/home/aliomac/garp-test/install/workspace_gz:/home/aliomac/vrx_ws/install:/home/aliomac/thesis_USV_gazebo/install:/opt/ros/jazzy', 'SHELL': '/bin/bash', 'TERMINATOR_UUID': 'urn:uuid:f2e7c95a-d8b0-4455-9882-a73cb1bcef23', 'QT_ACCESSIBILITY': '1', 'GDMSESSION': 'ubuntu', 'LESSCLOSE': '/usr/bin/lesspipe %s %s', 'GJS_DEBUG_OUTPUT': 'stderr', 'ROS_AUTOMATIC_DISCOVERY_RANGE': 'SUBNET', 'QT_IM_MODULE': 'ibus', 'PWD': '/home/aliomac/garp-test/build/workspace_gz', 'LC_ALL': 'en_US.UTF-8', 'XDG_CONFIG_DIRS': '/etc/xdg/xdg-ubuntu:/etc/xdg', 'XDG_DATA_DIRS': '/usr/share/ubuntu:/usr/share/gnome:/usr/local/share/:/usr/share/:/var/lib/snapd/desktop', 'PYTHONPATH': '/home/aliomac/garp-test/install/workspace_ros/lib/python3.12/site-packages:/home/aliomac/garp-test/install/workspace_nav/lib/python3.12/site-packages:/home/aliomac/vrx_ws/install/lib/python3.12/site-packages:/home/aliomac/thesis_USV_gazebo/build/ros_gz_bridge_custom:/home/aliomac/thesis_USV_gazebo/build/autopilot:/home/aliomac/thesis_USV_gazebo/install/lib/python3.12/site-packages:/opt/ros/jazzy/lib/python3.12/site-packages', 'COLCON': '1', 'MEMORY_PRESSURE_WRITE': 'c29tZSAyMDAwMDAgMjAwMDAwMAA=', 'VTE_VERSION': '7600', 'CMAKE_PREFIX_PATH': '/home/aliomac/garp-test/install/workspace_gz:/home/aliomac/vrx_ws/install:/home/aliomac/thesis_USV_gazebo/install:/opt/ros/jazzy/opt/gz_sim_vendor:/opt/ros/jazzy/opt/gz_sensors_vendor:/opt/ros/jazzy/opt/gz_physics_vendor:/opt/ros/jazzy/opt/sdformat_vendor:/opt/ros/jazzy/opt/gz_gui_vendor:/opt/ros/jazzy/opt/gz_transport_vendor:/opt/ros/jazzy/opt/gz_rendering_vendor:/opt/ros/jazzy/opt/gz_plugin_vendor:/opt/ros/jazzy/opt/gz_fuel_tools_vendor:/opt/ros/jazzy/opt/gz_msgs_vendor:/opt/ros/jazzy/opt/gz_common_vendor:/opt/ros/jazzy/opt/gz_math_vendor:/opt/ros/jazzy/opt/gz_utils_vendor:/opt/ros/jazzy/opt/gz_tools_vendor:/opt/ros/jazzy/opt/gz_ogre_next_vendor:/opt/ros/jazzy/opt/gz_dartsim_vendor:/opt/ros/jazzy/opt/gz_cmake_vendor:/home/aliomac/garp-test/install/workspace_ros:/home/aliomac/garp-test/install/workspace_nav:/opt/ros/jazzy'}), 'shell': False}
[0.099893] (-) TimerEvent: {}
[0.200131] (-) TimerEvent: {}
[0.300419] (-) TimerEvent: {}
[0.319316] (workspace_gz) StdoutLine: {'line': b'-- Found ament_cmake: 2.5.5 (/opt/ros/jazzy/share/ament_cmake/cmake)\n'}
[0.320063] (workspace_gz) StdoutLine: {'line': b'-- Override CMake install command with custom implementation using symlinks instead of copying resources\n'}
[0.320313] (workspace_gz) StdoutLine: {'line': b'-- Looking for gz-sim8 -- found version 8.10.0\n'}
[0.320414] (workspace_gz) StdoutLine: {'line': b'-- Searching for dependencies of gz-sim8\n'}
[0.320802] (workspace_gz) StdoutLine: {'line': b'-- Looking for sdformat14 -- found version 14.8.0\n'}
[0.320897] (workspace_gz) StdoutLine: {'line': b'-- Searching for dependencies of sdformat14\n'}
[0.321060] (workspace_gz) StdoutLine: {'line': b"-- Checking for module 'tinyxml2'\n"}
[0.321152] (workspace_gz) StdoutLine: {'line': b'--   Found tinyxml2, version 10.0.0\n'}
[0.340592] (workspace_gz) StdoutLine: {'line': b'-- Looking for gz-math7 -- found version 7.5.2\n'}
[0.340914] (workspace_gz) StdoutLine: {'line': b'-- Searching for dependencies of gz-math7\n'}
[0.341314] (workspace_gz) StdoutLine: {'line': b'-- Looking for gz-utils2 -- found version 2.2.1\n'}
[0.341608] (workspace_gz) StdoutLine: {'line': b'-- Searching for dependencies of gz-utils2\n'}
[0.343138] (workspace_gz) StdoutLine: {'line': b'-- Looking for gz-utils2 -- found version 2.2.1\n'}
[0.343384] (workspace_gz) StdoutLine: {'line': b'-- Searching for dependencies of gz-utils2\n'}
[0.343589] (workspace_gz) StdoutLine: {'line': b'-- Searching for <gz-utils2> component [cli]\n'}
[0.344068] (workspace_gz) StdoutLine: {'line': b'-- Looking for gz-utils2-cli -- found version 2.2.1\n'}
[0.344295] (workspace_gz) StdoutLine: {'line': b'-- Searching for dependencies of gz-utils2-cli\n'}
[0.345772] (workspace_gz) StdoutLine: {'line': b'-- Looking for gz-plugin2 -- found version 2.0.4\n'}
[0.345989] (workspace_gz) StdoutLine: {'line': b'-- Searching for dependencies of gz-plugin2\n'}
[0.346235] (workspace_gz) StdoutLine: {'line': b'-- Looking for gz-utils2 -- found version 2.2.1\n'}
[0.346776] (workspace_gz) StdoutLine: {'line': b'-- Searching for <gz-plugin2> component [loader]\n'}
[0.347209] (workspace_gz) StdoutLine: {'line': b'-- Looking for gz-plugin2-loader -- found version 2.0.4\n'}
[0.347446] (workspace_gz) StdoutLine: {'line': b'-- Searching for dependencies of gz-plugin2-loader\n'}
[0.347960] (workspace_gz) StdoutLine: {'line': b'-- Searching for <gz-plugin2> component [register]\n'}
[0.348404] (workspace_gz) StdoutLine: {'line': b'-- Looking for gz-plugin2-register -- found version 2.0.4\n'}
[0.348603] (workspace_gz) StdoutLine: {'line': b'-- Searching for dependencies of gz-plugin2-register\n'}
[0.349636] (workspace_gz) StdoutLine: {'line': b'-- Looking for gz-transport13 -- found version 13.5.0\n'}
[0.349845] (workspace_gz) StdoutLine: {'line': b'-- Searching for dependencies of gz-transport13\n'}
[0.386330] (workspace_gz) StdoutLine: {'line': b'-- Config-file not installed for ZeroMQ -- checking for pkg-config\n'}
[0.390434] (workspace_gz) StdoutLine: {'line': b"-- Checking for module 'libzmq >= 4'\n"}
[0.400532] (-) TimerEvent: {}
[0.403065] (workspace_gz) StdoutLine: {'line': b'--   Found libzmq, version 4.3.5\n'}
[0.451626] (workspace_gz) StdoutLine: {'line': b"-- Checking for module 'uuid'\n"}
[0.472143] (workspace_gz) StdoutLine: {'line': b'--   Found uuid, version 2.39.3\n'}
[0.500634] (-) TimerEvent: {}
[0.505787] (workspace_gz) StdoutLine: {'line': b'-- Looking for gz-utils2 -- found version 2.2.1\n'}
[0.506488] (workspace_gz) StdoutLine: {'line': b'-- Looking for gz-msgs10 -- found version 10.3.2\n'}
[0.506778] (workspace_gz) StdoutLine: {'line': b'-- Searching for dependencies of gz-msgs10\n'}
[0.541442] (workspace_gz) StdoutLine: {'line': b'-- Looking for gz-utils2 -- found version 2.2.1\n'}
[0.542076] (workspace_gz) StdoutLine: {'line': b'-- Looking for gz-math7 -- found version 7.5.2\n'}
[0.552516] (workspace_gz) StdoutLine: {'line': b'-- Searching for <gz-transport13> component [log]\n'}
[0.553187] (workspace_gz) StdoutLine: {'line': b'-- Looking for gz-transport13-log -- found version 13.5.0\n'}
[0.553581] (workspace_gz) StdoutLine: {'line': b'-- Searching for dependencies of gz-transport13-log\n'}
[0.554362] (workspace_gz) StdoutLine: {'line': b'-- Searching for <gz-transport13> component [parameters]\n'}
[0.555074] (workspace_gz) StdoutLine: {'line': b'-- Looking for gz-transport13-parameters -- found version 13.5.0\n'}
[0.555378] (workspace_gz) StdoutLine: {'line': b'-- Searching for dependencies of gz-transport13-parameters\n'}
[0.556974] (workspace_gz) StdoutLine: {'line': b'-- Looking for gz-msgs10 -- found version 10.3.2\n'}
[0.557709] (workspace_gz) StdoutLine: {'line': b'-- Looking for gz-common5 -- found version 5.7.1\n'}
[0.558013] (workspace_gz) StdoutLine: {'line': b'-- Searching for dependencies of gz-common5\n'}
[0.558628] (workspace_gz) StdoutLine: {'line': b'-- Looking for gz-utils2 -- found version 2.2.1\n'}
[0.558886] (workspace_gz) StdoutLine: {'line': b'-- Looking for dlfcn.h - found\n'}
[0.559022] (workspace_gz) StdoutLine: {'line': b'-- Looking for libdl - found\n'}
[0.571434] (workspace_gz) StdoutLine: {'line': b'-- Searching for <gz-common5> component [av]\n'}
[0.572120] (workspace_gz) StdoutLine: {'line': b'-- Looking for gz-common5-av -- found version 5.7.1\n'}
[0.572390] (workspace_gz) StdoutLine: {'line': b'-- Searching for dependencies of gz-common5-av\n'}
[0.579114] (workspace_gz) StdoutLine: {'line': b"-- Checking for module 'libswscale'\n"}
[0.596691] (workspace_gz) StdoutLine: {'line': b'--   Found libswscale, version 7.5.100\n'}
[0.600706] (-) TimerEvent: {}
[0.637656] (workspace_gz) StdoutLine: {'line': b"-- Checking for module 'libavdevice >= 56.4.100'\n"}
[0.654908] (workspace_gz) StdoutLine: {'line': b'--   Found libavdevice, version 60.3.100\n'}
[0.700808] (-) TimerEvent: {}
[0.710369] (workspace_gz) StdoutLine: {'line': b"-- Checking for module 'libavformat'\n"}
[0.726701] (workspace_gz) StdoutLine: {'line': b'--   Found libavformat, version 60.16.100\n'}
[0.768011] (workspace_gz) StdoutLine: {'line': b"-- Checking for module 'libavcodec'\n"}
[0.783368] (workspace_gz) StdoutLine: {'line': b'--   Found libavcodec, version 60.31.102\n'}
[0.800904] (-) TimerEvent: {}
[0.828717] (workspace_gz) StdoutLine: {'line': b"-- Checking for module 'libavutil'\n"}
[0.846207] (workspace_gz) StdoutLine: {'line': b'--   Found libavutil, version 58.29.100\n'}
[0.875996] (workspace_gz) StdoutLine: {'line': b'-- Searching for <gz-common5> component [events]\n'}
[0.876386] (workspace_gz) StdoutLine: {'line': b'-- Looking for gz-common5-events -- found version 5.7.1\n'}
[0.876600] (workspace_gz) StdoutLine: {'line': b'-- Searching for dependencies of gz-common5-events\n'}
[0.876971] (workspace_gz) StdoutLine: {'line': b'-- Looking for gz-math7 -- found version 7.5.2\n'}
[0.877581] (workspace_gz) StdoutLine: {'line': b'-- Searching for <gz-common5> component [graphics]\n'}
[0.877956] (workspace_gz) StdoutLine: {'line': b'-- Looking for gz-common5-graphics -- found version 5.7.1\n'}
[0.878144] (workspace_gz) StdoutLine: {'line': b'-- Searching for dependencies of gz-common5-graphics\n'}
[0.878573] (workspace_gz) StdoutLine: {'line': b'-- Looking for gz-math7 -- found version 7.5.2\n'}
[0.880961] (workspace_gz) StdoutLine: {'line': b'-- Searching for <gz-common5> component [io]\n'}
[0.881365] (workspace_gz) StdoutLine: {'line': b'-- Looking for gz-common5-io -- found version 5.7.1\n'}
[0.881578] (workspace_gz) StdoutLine: {'line': b'-- Searching for dependencies of gz-common5-io\n'}
[0.882052] (workspace_gz) StdoutLine: {'line': b'-- Searching for <gz-common5> component [profiler]\n'}
[0.882471] (workspace_gz) StdoutLine: {'line': b'-- Looking for gz-common5-profiler -- found version 5.7.1\n'}
[0.882671] (workspace_gz) StdoutLine: {'line': b'-- Searching for dependencies of gz-common5-profiler\n'}
[0.883552] (workspace_gz) StdoutLine: {'line': b'-- Looking for gz-fuel_tools9 -- found version 9.1.1\n'}
[0.883743] (workspace_gz) StdoutLine: {'line': b'-- Searching for dependencies of gz-fuel_tools9\n'}
[0.900991] (-) TimerEvent: {}
[0.933308] (workspace_gz) StdoutLine: {'line': b"-- Checking for module 'jsoncpp'\n"}
[0.945774] (workspace_gz) StdoutLine: {'line': b'--   Found jsoncpp, version 1.9.5\n'}
[0.998581] (workspace_gz) StdoutLine: {'line': b"-- Checking for module 'yaml-0.1'\n"}
[1.001102] (-) TimerEvent: {}
[1.018677] (workspace_gz) StdoutLine: {'line': b'--   Found yaml-0.1, version 0.2.5\n'}
[1.056434] (workspace_gz) StdoutLine: {'line': b"-- Checking for module 'libzip'\n"}
[1.072088] (workspace_gz) StdoutLine: {'line': b'--   Found libzip, version 1.7.3\n'}
[1.101199] (-) TimerEvent: {}
[1.102585] (workspace_gz) StdoutLine: {'line': b'-- Looking for gz-utils2 -- found version 2.2.1\n'}
[1.103027] (workspace_gz) StdoutLine: {'line': b'-- Looking for gz-common5 -- found version 5.7.1\n'}
[1.103316] (workspace_gz) StdoutLine: {'line': b'-- Searching for dependencies of gz-common5\n'}
[1.103719] (workspace_gz) StdoutLine: {'line': b'-- Looking for gz-utils2 -- found version 2.2.1\n'}
[1.104000] (workspace_gz) StdoutLine: {'line': b'-- Looking for dlfcn.h - found\n'}
[1.104221] (workspace_gz) StdoutLine: {'line': b'-- Looking for libdl - found\n'}
[1.116329] (workspace_gz) StdoutLine: {'line': b'-- Searching for <gz-common5> component [testing]\n'}
[1.117039] (workspace_gz) StdoutLine: {'line': b'-- Looking for gz-common5-testing -- found version 5.7.1\n'}
[1.117359] (workspace_gz) StdoutLine: {'line': b'-- Searching for dependencies of gz-common5-testing\n'}
[1.118871] (workspace_gz) StdoutLine: {'line': b'-- Looking for gz-math7 -- found version 7.5.2\n'}
[1.119521] (workspace_gz) StdoutLine: {'line': b'-- Looking for gz-msgs10 -- found version 10.3.2\n'}
[1.121095] (workspace_gz) StdoutLine: {'line': b'-- Looking for gz-gui8 -- found version 8.4.0\n'}
[1.121372] (workspace_gz) StdoutLine: {'line': b'-- Searching for dependencies of gz-gui8\n'}
[1.154274] (workspace_gz) StdoutLine: {'line': b'-- Looking for gz-utils2 -- found version 2.2.1\n'}
[1.154675] (workspace_gz) StdoutLine: {'line': b'-- Looking for gz-math7 -- found version 7.5.2\n'}
[1.155194] (workspace_gz) StdoutLine: {'line': b'-- Looking for gz-common5 -- found version 5.7.1\n'}
[1.155873] (workspace_gz) StdoutLine: {'line': b'-- Looking for gz-plugin2 -- found version 2.0.4\n'}
[1.156611] (workspace_gz) StdoutLine: {'line': b'-- Looking for gz-transport13 -- found version 13.5.0\n'}
[1.157343] (workspace_gz) StdoutLine: {'line': b'-- Looking for gz-rendering8 -- found version 8.2.3\n'}
[1.157549] (workspace_gz) StdoutLine: {'line': b'-- Searching for dependencies of gz-rendering8\n'}
[1.157957] (workspace_gz) StdoutLine: {'line': b'-- Looking for gz-math7 -- found version 7.5.2\n'}
[1.158169] (workspace_gz) StdoutLine: {'line': b'-- Searching for dependencies of gz-math7\n'}
[1.158580] (workspace_gz) StdoutLine: {'line': b'-- Looking for gz-utils2 -- found version 2.2.1\n'}
[1.158772] (workspace_gz) StdoutLine: {'line': b'-- Searching for <gz-math7> component [eigen3]\n'}
[1.159216] (workspace_gz) StdoutLine: {'line': b'-- Looking for gz-math7-eigen3 -- found version 7.5.2\n'}
[1.159433] (workspace_gz) StdoutLine: {'line': b'-- Searching for dependencies of gz-math7-eigen3\n'}
[1.161216] (workspace_gz) StdoutLine: {'line': b'-- Looking for gz-common5 -- found version 5.7.1\n'}
[1.162121] (workspace_gz) StdoutLine: {'line': b'-- Searching for dependencies of gz-common5\n'}
[1.162314] (workspace_gz) StdoutLine: {'line': b'-- Looking for gz-utils2 -- found version 2.2.1\n'}
[1.162518] (workspace_gz) StdoutLine: {'line': b'-- Looking for dlfcn.h - found\n'}
[1.162651] (workspace_gz) StdoutLine: {'line': b'-- Looking for libdl - found\n'}
[1.173852] (workspace_gz) StdoutLine: {'line': b'-- Searching for <gz-common5> component [graphics]\n'}
[1.174128] (workspace_gz) StdoutLine: {'line': b'-- Searching for <gz-common5> component [events]\n'}
[1.174306] (workspace_gz) StdoutLine: {'line': b'-- Searching for <gz-common5> component [geospatial]\n'}
[1.174666] (workspace_gz) StdoutLine: {'line': b'-- Looking for gz-common5-geospatial -- found version 5.7.1\n'}
[1.174962] (workspace_gz) StdoutLine: {'line': b'-- Searching for dependencies of gz-common5-geospatial\n'}
[1.175544] (workspace_gz) StdoutLine: {'line': b'-- Looking for gz-math7 -- found version 7.5.2\n'}
[1.176246] (workspace_gz) StdoutLine: {'line': b'-- Looking for gz-common5 -- found version 5.7.1\n'}
[1.178004] (workspace_gz) StdoutLine: {'line': b'-- Looking for gz-plugin2 -- found version 2.0.4\n'}
[1.178309] (workspace_gz) StdoutLine: {'line': b'-- Searching for dependencies of gz-plugin2\n'}
[1.178882] (workspace_gz) StdoutLine: {'line': b'-- Looking for gz-utils2 -- found version 2.2.1\n'}
[1.179114] (workspace_gz) StdoutLine: {'line': b'-- Searching for <gz-plugin2> component [all]\n'}
[1.179834] (workspace_gz) StdoutLine: {'line': b'-- Looking for all libraries of gz-plugin2 -- found version 2.0.4\n'}
[1.180709] (workspace_gz) StdoutLine: {'line': b'-- Looking for gz-plugin2 -- found version 2.0.4\n'}
[1.182227] (workspace_gz) StdoutLine: {'line': b'-- Looking for gz-utils2 -- found version 2.2.1\n'}
[1.187748] (workspace_gz) StdoutLine: {'line': b'-- Looking for gz-msgs10 -- found version 10.3.2\n'}
[1.201312] (-) TimerEvent: {}
[1.217943] (workspace_gz) StdoutLine: {'line': b'-- Looking for gz-physics7 -- found version 7.6.0\n'}
[1.218198] (workspace_gz) StdoutLine: {'line': b'-- Searching for dependencies of gz-physics7\n'}
[1.218813] (workspace_gz) StdoutLine: {'line': b'-- Looking for gz-common5 -- found version 5.7.1\n'}
[1.219496] (workspace_gz) StdoutLine: {'line': b'-- Looking for gz-math7 -- found version 7.5.2\n'}
[1.220083] (workspace_gz) StdoutLine: {'line': b'-- Looking for gz-plugin2 -- found version 2.0.4\n'}
[1.220732] (workspace_gz) StdoutLine: {'line': b'-- Looking for gz-utils2 -- found version 2.2.1\n'}
[1.222608] (workspace_gz) StdoutLine: {'line': b'-- Searching for <gz-physics7> component [heightmap]\n'}
[1.223189] (workspace_gz) StdoutLine: {'line': b'-- Looking for gz-physics7-heightmap -- found version 7.6.0\n'}
[1.223502] (workspace_gz) StdoutLine: {'line': b'-- Searching for dependencies of gz-physics7-heightmap\n'}
[1.224004] (workspace_gz) StdoutLine: {'line': b'-- Looking for gz-common5 -- found version 5.7.1\n'}
[1.224729] (workspace_gz) StdoutLine: {'line': b'-- Searching for <gz-physics7> component [mesh]\n'}
[1.225318] (workspace_gz) StdoutLine: {'line': b'-- Looking for gz-physics7-mesh -- found version 7.6.0\n'}
[1.225612] (workspace_gz) StdoutLine: {'line': b'-- Searching for dependencies of gz-physics7-mesh\n'}
[1.226109] (workspace_gz) StdoutLine: {'line': b'-- Looking for gz-common5 -- found version 5.7.1\n'}
[1.226851] (workspace_gz) StdoutLine: {'line': b'-- Searching for <gz-physics7> component [sdf]\n'}
[1.227400] (workspace_gz) StdoutLine: {'line': b'-- Looking for gz-physics7-sdf -- found version 7.6.0\n'}
[1.227695] (workspace_gz) StdoutLine: {'line': b'-- Searching for dependencies of gz-physics7-sdf\n'}
[1.228228] (workspace_gz) StdoutLine: {'line': b'-- Looking for sdformat14 -- found version 14.8.0\n'}
[1.229572] (workspace_gz) StdoutLine: {'line': b'-- Looking for gz-sensors8 -- found version 8.2.2\n'}
[1.229829] (workspace_gz) StdoutLine: {'line': b'-- Searching for dependencies of gz-sensors8\n'}
[1.253367] (workspace_gz) StdoutLine: {'line': b'-- Looking for gz-math7 -- found version 7.5.2\n'}
[1.253798] (workspace_gz) StdoutLine: {'line': b'-- Looking for gz-common5 -- found version 5.7.1\n'}
[1.254249] (workspace_gz) StdoutLine: {'line': b'-- Looking for gz-transport13 -- found version 13.5.0\n'}
[1.254761] (workspace_gz) StdoutLine: {'line': b'-- Looking for gz-rendering8 -- found version 8.2.3\n'}
[1.255203] (workspace_gz) StdoutLine: {'line': b'-- Looking for gz-msgs10 -- found version 10.3.2\n'}
[1.255642] (workspace_gz) StdoutLine: {'line': b'-- Looking for sdformat14 -- found version 14.8.0\n'}
[1.256327] (workspace_gz) StdoutLine: {'line': b'-- Searching for <gz-sensors8> component [air_pressure]\n'}
[1.256767] (workspace_gz) StdoutLine: {'line': b'-- Looking for gz-sensors8-air_pressure -- found version 8.2.2\n'}
[1.256963] (workspace_gz) StdoutLine: {'line': b'-- Searching for dependencies of gz-sensors8-air_pressure\n'}
[1.257496] (workspace_gz) StdoutLine: {'line': b'-- Searching for <gz-sensors8> component [air_speed]\n'}
[1.257863] (workspace_gz) StdoutLine: {'line': b'-- Looking for gz-sensors8-air_speed -- found version 8.2.2\n'}
[1.258051] (workspace_gz) StdoutLine: {'line': b'-- Searching for dependencies of gz-sensors8-air_speed\n'}
[1.258571] (workspace_gz) StdoutLine: {'line': b'-- Searching for <gz-sensors8> component [altimeter]\n'}
[1.258929] (workspace_gz) StdoutLine: {'line': b'-- Looking for gz-sensors8-altimeter -- found version 8.2.2\n'}
[1.259123] (workspace_gz) StdoutLine: {'line': b'-- Searching for dependencies of gz-sensors8-altimeter\n'}
[1.259609] (workspace_gz) StdoutLine: {'line': b'-- Searching for <gz-sensors8> component [imu]\n'}
[1.260009] (workspace_gz) StdoutLine: {'line': b'-- Looking for gz-sensors8-imu -- found version 8.2.2\n'}
[1.260200] (workspace_gz) StdoutLine: {'line': b'-- Searching for dependencies of gz-sensors8-imu\n'}
[1.260718] (workspace_gz) StdoutLine: {'line': b'-- Searching for <gz-sensors8> component [force_torque]\n'}
[1.261249] (workspace_gz) StdoutLine: {'line': b'-- Looking for gz-sensors8-force_torque -- found version 8.2.2\n'}
[1.261505] (workspace_gz) StdoutLine: {'line': b'-- Searching for dependencies of gz-sensors8-force_torque\n'}
[1.262233] (workspace_gz) StdoutLine: {'line': b'-- Searching for <gz-sensors8> component [logical_camera]\n'}
[1.262805] (workspace_gz) StdoutLine: {'line': b'-- Looking for gz-sensors8-logical_camera -- found version 8.2.2\n'}
[1.263044] (workspace_gz) StdoutLine: {'line': b'-- Searching for dependencies of gz-sensors8-logical_camera\n'}
[1.263770] (workspace_gz) StdoutLine: {'line': b'-- Searching for <gz-sensors8> component [magnetometer]\n'}
[1.264428] (workspace_gz) StdoutLine: {'line': b'-- Looking for gz-sensors8-magnetometer -- found version 8.2.2\n'}
[1.264630] (workspace_gz) StdoutLine: {'line': b'-- Searching for dependencies of gz-sensors8-magnetometer\n'}
[1.265287] (workspace_gz) StdoutLine: {'line': b'-- Searching for <gz-sensors8> component [navsat]\n'}
[1.265896] (workspace_gz) StdoutLine: {'line': b'-- Looking for gz-sensors8-navsat -- found version 8.2.2\n'}
[1.266111] (workspace_gz) StdoutLine: {'line': b'-- Searching for dependencies of gz-sensors8-navsat\n'}
[1.266860] (workspace_gz) StdoutLine: {'line': b'-- Searching for <gz-sensors8> component [dvl]\n'}
[1.267525] (workspace_gz) StdoutLine: {'line': b'-- Looking for gz-sensors8-dvl -- found version 8.2.2\n'}
[1.267783] (workspace_gz) StdoutLine: {'line': b'-- Searching for dependencies of gz-sensors8-dvl\n'}
[1.268240] (workspace_gz) StdoutLine: {'line': b'-- Looking for gz-sensors8 -- found version 8.2.2\n'}
[1.268513] (workspace_gz) StdoutLine: {'line': b'-- Searching for dependencies of gz-sensors8\n'}
[1.288793] (workspace_gz) StdoutLine: {'line': b'-- Looking for gz-math7 -- found version 7.5.2\n'}
[1.289142] (workspace_gz) StdoutLine: {'line': b'-- Looking for gz-common5 -- found version 5.7.1\n'}
[1.289619] (workspace_gz) StdoutLine: {'line': b'-- Looking for gz-transport13 -- found version 13.5.0\n'}
[1.289999] (workspace_gz) StdoutLine: {'line': b'-- Looking for gz-rendering8 -- found version 8.2.3\n'}
[1.290424] (workspace_gz) StdoutLine: {'line': b'-- Looking for gz-msgs10 -- found version 10.3.2\n'}
[1.290830] (workspace_gz) StdoutLine: {'line': b'-- Looking for sdformat14 -- found version 14.8.0\n'}
[1.291035] (workspace_gz) StdoutLine: {'line': b'-- Searching for <gz-sensors8> component [rendering]\n'}
[1.291521] (workspace_gz) StdoutLine: {'line': b'-- Looking for gz-sensors8-rendering -- found version 8.2.2\n'}
[1.291703] (workspace_gz) StdoutLine: {'line': b'-- Searching for dependencies of gz-sensors8-rendering\n'}
[1.292812] (workspace_gz) StdoutLine: {'line': b'-- Searching for <gz-sensors8> component [rendering]\n'}
[1.292980] (workspace_gz) StdoutLine: {'line': b'-- Searching for <gz-sensors8> component [lidar]\n'}
[1.293232] (workspace_gz) StdoutLine: {'line': b'-- Looking for gz-sensors8-lidar -- found version 8.2.2\n'}
[1.293407] (workspace_gz) StdoutLine: {'line': b'-- Searching for dependencies of gz-sensors8-lidar\n'}
[1.293777] (workspace_gz) StdoutLine: {'line': b'-- Looking for gz-sensors8 -- found version 8.2.2\n'}
[1.294338] (workspace_gz) StdoutLine: {'line': b'-- Searching for <gz-sensors8> component [gpu_lidar]\n'}
[1.294721] (workspace_gz) StdoutLine: {'line': b'-- Looking for gz-sensors8-gpu_lidar -- found version 8.2.2\n'}
[1.294884] (workspace_gz) StdoutLine: {'line': b'-- Searching for dependencies of gz-sensors8-gpu_lidar\n'}
[1.295341] (workspace_gz) StdoutLine: {'line': b'-- Looking for gz-sensors8 -- found version 8.2.2\n'}
[1.295884] (workspace_gz) StdoutLine: {'line': b'-- Searching for <gz-sensors8> component [camera]\n'}
[1.296270] (workspace_gz) StdoutLine: {'line': b'-- Looking for gz-sensors8-camera -- found version 8.2.2\n'}
[1.296440] (workspace_gz) StdoutLine: {'line': b'-- Searching for dependencies of gz-sensors8-camera\n'}
[1.296802] (workspace_gz) StdoutLine: {'line': b'-- Looking for gz-sensors8 -- found version 8.2.2\n'}
[1.297388] (workspace_gz) StdoutLine: {'line': b'-- Searching for <gz-sensors8> component [boundingbox_camera]\n'}
[1.297785] (workspace_gz) StdoutLine: {'line': b'-- Looking for gz-sensors8-boundingbox_camera -- found version 8.2.2\n'}
[1.297945] (workspace_gz) StdoutLine: {'line': b'-- Searching for dependencies of gz-sensors8-boundingbox_camera\n'}
[1.298509] (workspace_gz) StdoutLine: {'line': b'-- Searching for <gz-sensors8> component [segmentation_camera]\n'}
[1.298871] (workspace_gz) StdoutLine: {'line': b'-- Looking for gz-sensors8-segmentation_camera -- found version 8.2.2\n'}
[1.299048] (workspace_gz) StdoutLine: {'line': b'-- Searching for dependencies of gz-sensors8-segmentation_camera\n'}
[1.299601] (workspace_gz) StdoutLine: {'line': b'-- Searching for <gz-sensors8> component [depth_camera]\n'}
[1.299963] (workspace_gz) StdoutLine: {'line': b'-- Looking for gz-sensors8-depth_camera -- found version 8.2.2\n'}
[1.300141] (workspace_gz) StdoutLine: {'line': b'-- Searching for dependencies of gz-sensors8-depth_camera\n'}
[1.300503] (workspace_gz) StdoutLine: {'line': b'-- Looking for gz-sensors8 -- found version 8.2.2\n'}
[1.301158] (workspace_gz) StdoutLine: {'line': b'-- Searching for <gz-sensors8> component [rgbd_camera]\n'}
[1.301378] (-) TimerEvent: {}
[1.301556] (workspace_gz) StdoutLine: {'line': b'-- Looking for gz-sensors8-rgbd_camera -- found version 8.2.2\n'}
[1.301739] (workspace_gz) StdoutLine: {'line': b'-- Searching for dependencies of gz-sensors8-rgbd_camera\n'}
[1.302099] (workspace_gz) StdoutLine: {'line': b'-- Looking for gz-sensors8 -- found version 8.2.2\n'}
[1.302746] (workspace_gz) StdoutLine: {'line': b'-- Searching for <gz-sensors8> component [thermal_camera]\n'}
[1.303116] (workspace_gz) StdoutLine: {'line': b'-- Looking for gz-sensors8-thermal_camera -- found version 8.2.2\n'}
[1.303306] (workspace_gz) StdoutLine: {'line': b'-- Searching for dependencies of gz-sensors8-thermal_camera\n'}
[1.303899] (workspace_gz) StdoutLine: {'line': b'-- Looking for gz-sensors8 -- found version 8.2.2\n'}
[1.307277] (workspace_gz) StdoutLine: {'line': b'-- Searching for <gz-sensors8> component [wide_angle_camera]\n'}
[1.307551] (workspace_gz) StdoutLine: {'line': b'-- Looking for gz-sensors8-wide_angle_camera -- found version 8.2.2\n'}
[1.307647] (workspace_gz) StdoutLine: {'line': b'-- Searching for dependencies of gz-sensors8-wide_angle_camera\n'}
[1.307727] (workspace_gz) StdoutLine: {'line': b'-- Looking for gz-rendering8 -- found version 8.2.3\n'}
[1.307954] (workspace_gz) StdoutLine: {'line': b'-- Looking for gz-math7 -- found version 7.5.2\n'}
[1.308368] (workspace_gz) StdoutLine: {'line': b'-- Looking for gz-utils2 -- found version 2.2.1\n'}
[1.332527] (workspace_gz) StdoutLine: {'line': b'-- Looking for gz-common5 -- found version 5.7.1\n'}
[1.332920] (workspace_gz) StdoutLine: {'line': b'-- Looking for gz-math7 -- found version 7.5.2\n'}
[1.333356] (workspace_gz) StdoutLine: {'line': b'-- Looking for gz-transport13 -- found version 13.5.0\n'}
[1.333783] (workspace_gz) StdoutLine: {'line': b'-- Looking for gz-plugin2 -- found version 2.0.4\n'}
[1.334206] (workspace_gz) StdoutLine: {'line': b'-- Looking for gz-rendering8 -- found version 8.2.3\n'}
[1.334642] (workspace_gz) StdoutLine: {'line': b'-- Looking for gz-sensors8 -- found version 8.2.2\n'}
[1.335063] (workspace_gz) StdoutLine: {'line': b'-- Looking for gz-utils2 -- found version 2.2.1\n'}
[1.335484] (workspace_gz) StdoutLine: {'line': b'-- Looking for sdformat14 -- found version 14.8.0\n'}
[1.336136] (workspace_gz) StdoutLine: {'line': b'-- Found std_msgs: 5.3.6 (/opt/ros/jazzy/share/std_msgs/cmake)\n'}
[1.357379] (workspace_gz) StdoutLine: {'line': b'-- Found rosidl_generator_c: 4.6.7 (/opt/ros/jazzy/share/rosidl_generator_c/cmake)\n'}
[1.370871] (workspace_gz) StdoutLine: {'line': b'-- Found rosidl_generator_cpp: 4.6.7 (/opt/ros/jazzy/share/rosidl_generator_cpp/cmake)\n'}
[1.383574] (workspace_gz) StdoutLine: {'line': b'-- Using all available rosidl_typesupport_c: rosidl_typesupport_fastrtps_c;rosidl_typesupport_introspection_c\n'}
[1.398737] (workspace_gz) StdoutLine: {'line': b'-- Using all available rosidl_typesupport_cpp: rosidl_typesupport_fastrtps_cpp;rosidl_typesupport_introspection_cpp\n'}
[1.401458] (-) TimerEvent: {}
[1.431768] (workspace_gz) StdoutLine: {'line': b'-- Looking for gz-msgs10 -- found version 10.3.2\n'}
[1.432277] (workspace_gz) StdoutLine: {'line': b'-- Looking for gz-fuel_tools9 -- found version 9.1.1\n'}
[1.501578] (-) TimerEvent: {}
[1.543352] (workspace_ros) Command: {'cmd': ['/usr/bin/python3', '-W', 'ignore:setup.py install is deprecated', '-W', 'ignore:easy_install command is deprecated', 'setup.py', 'egg_info', '--egg-base', '../build/workspace_ros', 'build', '--build-base', '/home/aliomac/garp-test/build/workspace_ros/build', 'install', '--record', '/home/aliomac/garp-test/build/workspace_ros/install.log', '--single-version-externally-managed', 'install_data'], 'cwd': '/home/aliomac/garp-test/workspace_ros', 'env': {'GZ_SIM_SYSTEM_PLUGIN_PATH': '/home/aliomac/vrx_ws/install/lib', 'GJS_DEBUG_TOPICS': 'JS ERROR;JS LOG', 'XDG_ACTIVATION_TOKEN': 'gnome-shell/Terminator/2472-6-aliomac-Nitro-AN515-55_TIME10247798', 'LESSOPEN': '| /usr/bin/lesspipe %s', 'GZ_SIM_RESOURCE_PATH': '/home/aliomac/vrx_ws/install/share/vrx_gz/models/tmp:/home/aliomac/vrx_ws/install/share/vrx_gz/models:/home/aliomac/vrx_ws/install/share/vrx_gz/worlds/2023_phase2:/home/aliomac/vrx_ws/install/share/vrx_gz/worlds/2023_practice:/home/aliomac/vrx_ws/install/share/vrx_gz/worlds:/home/aliomac/vrx_ws/install/share/wamv_description/models:/home/aliomac/vrx_ws/install/share/vrx_gazebo/models:/home/aliomac/vrx_ws/install/share/:/opt/ros/jazzy/share', 'USER': 'aliomac', 'GZ_CONFIG_PATH': '/opt/ros/jazzy/opt/gz_sim_vendor/share/gz:/opt/ros/jazzy/opt/sdformat_vendor/share/gz:/opt/ros/jazzy/opt/gz_gui_vendor/share/gz:/opt/ros/jazzy/opt/gz_transport_vendor/share/gz:/opt/ros/jazzy/opt/gz_rendering_vendor/share/gz:/opt/ros/jazzy/opt/gz_plugin_vendor/share/gz:/opt/ros/jazzy/opt/gz_fuel_tools_vendor/share/gz:/opt/ros/jazzy/opt/gz_msgs_vendor/share/gz:/opt/ros/jazzy/opt/gz_common_vendor/share/gz', 'XDG_SESSION_TYPE': 'wayland', 'CLUTTER_DISABLE_MIPMAPPED_TEXT': '1', 'SHLVL': '1', 'LD_LIBRARY_PATH': '/home/aliomac/garp-test/install/workspace_gz/lib:/home/aliomac/vrx_ws/install/lib:/home/aliomac/thesis_USV_gazebo/install/lib:/opt/ros/jazzy/opt/gz_sim_vendor/lib:/opt/ros/jazzy/opt/gz_sensors_vendor/lib:/opt/ros/jazzy/opt/gz_physics_vendor/lib:/opt/ros/jazzy/opt/sdformat_vendor/lib:/opt/ros/jazzy/opt/rviz_ogre_vendor/lib:/opt/ros/jazzy/lib/x86_64-linux-gnu:/opt/ros/jazzy/opt/gz_gui_vendor/lib:/opt/ros/jazzy/opt/gz_transport_vendor/lib:/opt/ros/jazzy/opt/gz_rendering_vendor/lib:/opt/ros/jazzy/opt/gz_plugin_vendor/lib:/opt/ros/jazzy/opt/gz_fuel_tools_vendor/lib:/opt/ros/jazzy/opt/gz_msgs_vendor/lib:/opt/ros/jazzy/opt/gz_common_vendor/lib:/opt/ros/jazzy/opt/gz_math_vendor/lib:/opt/ros/jazzy/opt/gz_utils_vendor/lib:/opt/ros/jazzy/opt/gz_tools_vendor/lib:/opt/ros/jazzy/opt/gz_ogre_next_vendor/lib:/opt/ros/jazzy/opt/gz_dartsim_vendor/lib:/opt/ros/jazzy/opt/gz_cmake_vendor/lib:/opt/ros/jazzy/lib', 'HOME': '/home/aliomac', 'OLDPWD': '/home/aliomac', 'DESKTOP_SESSION': 'ubuntu', 'GIO_LAUNCHED_DESKTOP_FILE': '/usr/share/applications/terminator.desktop', 'ROS_PYTHON_VERSION': '3', 'GNOME_SHELL_SESSION_MODE': 'ubuntu', 'GTK_MODULES': 'gail:atk-bridge', 'MANAGERPID': '2192', 'SYSTEMD_EXEC_PID': '2472', 'GSM_SKIP_SSH_AGENT_WORKAROUND': 'true', 'DBUS_SESSION_BUS_ADDRESS': 'unix:path=/run/user/1000/bus', 'COLORTERM': 'truecolor', 'TERMINATOR_DBUS_NAME': 'net.tenshu.Terminator25ef4b219e3b005583550f2b0f9f990c3', 'GIO_LAUNCHED_DESKTOP_FILE_PID': '35431', 'DEBUGINFOD_URLS': 'https://debuginfod.ubuntu.com', 'IM_CONFIG_PHASE': '1', 'WAYLAND_DISPLAY': 'wayland-0', 'COLCON_PREFIX_PATH': '/home/aliomac/garp-test/install:/home/aliomac/vrx_ws/install:/home/aliomac/thesis_USV_gazebo/install', 'ROS_DISTRO': 'jazzy', 'LOGNAME': 'aliomac', 'JOURNAL_STREAM': '9:21782', '_': '/usr/bin/colcon', 'ROS_VERSION': '2', 'MEMORY_PRESSURE_WATCH': '/sys/fs/cgroup/user.slice/user-1000.slice/user@1000.service/session.slice/org.gnome.Shell@wayland.service/memory.pressure', 'XDG_SESSION_CLASS': 'user', 'USERNAME': 'aliomac', 'TERM': 'xterm-256color', 'GNOME_DESKTOP_SESSION_ID': 'this-is-deprecated', 'PATH': '/home/aliomac/.opencode/bin:/home/aliomac/.local/bin:/opt/ros/jazzy/opt/gz_msgs_vendor/bin:/opt/ros/jazzy/opt/gz_tools_vendor/bin:/opt/ros/jazzy/opt/gz_ogre_next_vendor/bin:/opt/ros/jazzy/bin:/home/aliomac/.local/bin:/usr/local/sbin:/usr/local/bin:/usr/sbin:/usr/bin:/sbin:/bin:/usr/games:/usr/local/games:/snap/bin:/snap/bin', 'SESSION_MANAGER': 'local/aliomac-Nitro-AN515-55:@/tmp/.ICE-unix/2436,unix/aliomac-Nitro-AN515-55:/tmp/.ICE-unix/2436', 'INVOCATION_ID': 'e8e0e4c9cc6248f28b2cbb1f6f3e7b59', 'XDG_MENU_PREFIX': 'gnome-', 'GNOME_SETUP_DISPLAY': ':1', 'XDG_RUNTIME_DIR': '/run/user/1000', 'DISPLAY': ':0', 'TERMINATOR_DBUS_PATH': '/net/tenshu/Terminator2', 'LANG': 'en_US.UTF-8', 'XDG_CURRENT_DESKTOP': 'ubuntu:GNOME', 'XMODIFIERS': '@im=ibus', 'XDG_SESSION_DESKTOP': 'ubuntu', 'XAUTHORITY': '/run/user/1000/.mutter-Xwaylandauth.I4R3J3', 'LS_COLORS': 'rs=0:di=01;34:ln=01;36:mh=00:pi=40;33:so=01;35:do=01;35:bd=40;33;01:cd=40;33;01:or=40;31;01:mi=00:su=37;41:sg=30;43:ca=00:tw=30;42:ow=34;42:st=37;44:ex=01;32:*.tar=01;31:*.tgz=01;31:*.arc=01;31:*.arj=01;31:*.taz=01;31:*.lha=01;31:*.lz4=01;31:*.lzh=01;31:*.lzma=01;31:*.tlz=01;31:*.txz=01;31:*.tzo=01;31:*.t7z=01;31:*.zip=01;31:*.z=01;31:*.dz=01;31:*.gz=01;31:*.lrz=01;31:*.lz=01;31:*.lzo=01;31:*.xz=01;31:*.zst=01;31:*.tzst=01;31:*.bz2=01;31:*.bz=01;31:*.tbz=01;31:*.tbz2=01;31:*.tz=01;31:*.deb=01;31:*.rpm=01;31:*.jar=01;31:*.war=01;31:*.ear=01;31:*.sar=01;31:*.rar=01;31:*.alz=01;31:*.ace=01;31:*.zoo=01;31:*.cpio=01;31:*.7z=01;31:*.rz=01;31:*.cab=01;31:*.wim=01;31:*.swm=01;31:*.dwm=01;31:*.esd=01;31:*.avif=01;35:*.jpg=01;35:*.jpeg=01;35:*.mjpg=01;35:*.mjpeg=01;35:*.gif=01;35:*.bmp=01;35:*.pbm=01;35:*.pgm=01;35:*.ppm=01;35:*.tga=01;35:*.xbm=01;35:*.xpm=01;35:*.tif=01;35:*.tiff=01;35:*.png=01;35:*.svg=01;35:*.svgz=01;35:*.mng=01;35:*.pcx=01;35:*.mov=01;35:*.mpg=01;35:*.mpeg=01;35:*.m2v=01;35:*.mkv=01;35:*.webm=01;35:*.webp=01;35:*.ogm=01;35:*.mp4=01;35:*.m4v=01;35:*.mp4v=01;35:*.vob=01;35:*.qt=01;35:*.nuv=01;35:*.wmv=01;35:*.asf=01;35:*.rm=01;35:*.rmvb=01;35:*.flc=01;35:*.avi=01;35:*.fli=01;35:*.flv=01;35:*.gl=01;35:*.dl=01;35:*.xcf=01;35:*.xwd=01;35:*.yuv=01;35:*.cgm=01;35:*.emf=01;35:*.ogv=01;35:*.ogx=01;35:*.aac=00;36:*.au=00;36:*.flac=00;36:*.m4a=00;36:*.mid=00;36:*.midi=00;36:*.mka=00;36:*.mp3=00;36:*.mpc=00;36:*.ogg=00;36:*.ra=00;36:*.wav=00;36:*.oga=00;36:*.opus=00;36:*.spx=00;36:*.xspf=00;36:*~=00;90:*#=00;90:*.bak=00;90:*.crdownload=00;90:*.dpkg-dist=00;90:*.dpkg-new=00;90:*.dpkg-old=00;90:*.dpkg-tmp=00;90:*.old=00;90:*.orig=00;90:*.part=00;90:*.rej=00;90:*.rpmnew=00;90:*.rpmorig=00;90:*.rpmsave=00;90:*.swp=00;90:*.tmp=00;90:*.ucf-dist=00;90:*.ucf-new=00;90:*.ucf-old=00;90:', 'SSH_AUTH_SOCK': '/run/user/1000/keyring/ssh', 'AMENT_PREFIX_PATH': '/home/aliomac/garp-test/install/workspace_ros:/home/aliomac/garp-test/install/workspace_nav:/home/aliomac/garp-test/install/workspace_gz:/home/aliomac/vrx_ws/install:/home/aliomac/thesis_USV_gazebo/install:/opt/ros/jazzy', 'SHELL': '/bin/bash', 'TERMINATOR_UUID': 'urn:uuid:f2e7c95a-d8b0-4455-9882-a73cb1bcef23', 'QT_ACCESSIBILITY': '1', 'GDMSESSION': 'ubuntu', 'LESSCLOSE': '/usr/bin/lesspipe %s %s', 'GJS_DEBUG_OUTPUT': 'stderr', 'ROS_AUTOMATIC_DISCOVERY_RANGE': 'SUBNET', 'QT_IM_MODULE': 'ibus', 'PWD': '/home/aliomac/garp-test/build/workspace_ros', 'LC_ALL': 'en_US.UTF-8', 'XDG_CONFIG_DIRS': '/etc/xdg/xdg-ubuntu:/etc/xdg', 'XDG_DATA_DIRS': '/usr/share/ubuntu:/usr/share/gnome:/usr/local/share/:/usr/share/:/var/lib/snapd/desktop', 'PYTHONPATH': '/home/aliomac/garp-test/build/workspace_ros/prefix_override:/usr/lib/python3/dist-packages/colcon_core/task/python/colcon_distutils_commands:/home/aliomac/garp-test/install/workspace_ros/lib/python3.12/site-packages:/home/aliomac/garp-test/install/workspace_ros/lib/python3.12/site-packages:/home/aliomac/garp-test/install/workspace_nav/lib/python3.12/site-packages:/home/aliomac/vrx_ws/install/lib/python3.12/site-packages:/home/aliomac/thesis_USV_gazebo/build/ros_gz_bridge_custom:/home/aliomac/thesis_USV_gazebo/build/autopilot:/home/aliomac/thesis_USV_gazebo/install/lib/python3.12/site-packages:/opt/ros/jazzy/lib/python3.12/site-packages', 'COLCON': '1', 'MEMORY_PRESSURE_WRITE': 'c29tZSAyMDAwMDAgMjAwMDAwMAA=', 'VTE_VERSION': '7600', 'CMAKE_PREFIX_PATH': '/home/aliomac/garp-test/install/workspace_gz:/home/aliomac/vrx_ws/install:/home/aliomac/thesis_USV_gazebo/install:/opt/ros/jazzy/opt/gz_sim_vendor:/opt/ros/jazzy/opt/gz_sensors_vendor:/opt/ros/jazzy/opt/gz_physics_vendor:/opt/ros/jazzy/opt/sdformat_vendor:/opt/ros/jazzy/opt/gz_gui_vendor:/opt/ros/jazzy/opt/gz_transport_vendor:/opt/ros/jazzy/opt/gz_rendering_vendor:/opt/ros/jazzy/opt/gz_plugin_vendor:/opt/ros/jazzy/opt/gz_fuel_tools_vendor:/opt/ros/jazzy/opt/gz_msgs_vendor:/opt/ros/jazzy/opt/gz_common_vendor:/opt/ros/jazzy/opt/gz_math_vendor:/opt/ros/jazzy/opt/gz_utils_vendor:/opt/ros/jazzy/opt/gz_tools_vendor:/opt/ros/jazzy/opt/gz_ogre_next_vendor:/opt/ros/jazzy/opt/gz_dartsim_vendor:/opt/ros/jazzy/opt/gz_cmake_vendor'}, 'shell': False}
[1.564552] (workspace_gz) StdoutLine: {'line': b'-- Configuring done (1.5s)\n'}
[1.576855] (workspace_nav) Command: {'cmd': ['/usr/bin/python3', '-W', 'ignore:setup.py install is deprecated', '-W', 'ignore:easy_install command is deprecated', 'setup.py', 'egg_info', '--egg-base', '../build/workspace_nav', 'build', '--build-base', '/home/aliomac/garp-test/build/workspace_nav/build', 'install', '--record', '/home/aliomac/garp-test/build/workspace_nav/install.log', '--single-version-externally-managed', 'install_data'], 'cwd': '/home/aliomac/garp-test/workspace_nav', 'env': {'GZ_SIM_SYSTEM_PLUGIN_PATH': '/home/aliomac/vrx_ws/install/lib', 'GJS_DEBUG_TOPICS': 'JS ERROR;JS LOG', 'XDG_ACTIVATION_TOKEN': 'gnome-shell/Terminator/2472-6-aliomac-Nitro-AN515-55_TIME10247798', 'LESSOPEN': '| /usr/bin/lesspipe %s', 'GZ_SIM_RESOURCE_PATH': '/home/aliomac/vrx_ws/install/share/vrx_gz/models/tmp:/home/aliomac/vrx_ws/install/share/vrx_gz/models:/home/aliomac/vrx_ws/install/share/vrx_gz/worlds/2023_phase2:/home/aliomac/vrx_ws/install/share/vrx_gz/worlds/2023_practice:/home/aliomac/vrx_ws/install/share/vrx_gz/worlds:/home/aliomac/vrx_ws/install/share/wamv_description/models:/home/aliomac/vrx_ws/install/share/vrx_gazebo/models:/home/aliomac/vrx_ws/install/share/:/opt/ros/jazzy/share', 'USER': 'aliomac', 'GZ_CONFIG_PATH': '/opt/ros/jazzy/opt/gz_sim_vendor/share/gz:/opt/ros/jazzy/opt/sdformat_vendor/share/gz:/opt/ros/jazzy/opt/gz_gui_vendor/share/gz:/opt/ros/jazzy/opt/gz_transport_vendor/share/gz:/opt/ros/jazzy/opt/gz_rendering_vendor/share/gz:/opt/ros/jazzy/opt/gz_plugin_vendor/share/gz:/opt/ros/jazzy/opt/gz_fuel_tools_vendor/share/gz:/opt/ros/jazzy/opt/gz_msgs_vendor/share/gz:/opt/ros/jazzy/opt/gz_common_vendor/share/gz', 'XDG_SESSION_TYPE': 'wayland', 'CLUTTER_DISABLE_MIPMAPPED_TEXT': '1', 'SHLVL': '1', 'LD_LIBRARY_PATH': '/home/aliomac/garp-test/install/workspace_gz/lib:/home/aliomac/vrx_ws/install/lib:/home/aliomac/thesis_USV_gazebo/install/lib:/opt/ros/jazzy/opt/gz_sim_vendor/lib:/opt/ros/jazzy/opt/gz_sensors_vendor/lib:/opt/ros/jazzy/opt/gz_physics_vendor/lib:/opt/ros/jazzy/opt/sdformat_vendor/lib:/opt/ros/jazzy/opt/rviz_ogre_vendor/lib:/opt/ros/jazzy/lib/x86_64-linux-gnu:/opt/ros/jazzy/opt/gz_gui_vendor/lib:/opt/ros/jazzy/opt/gz_transport_vendor/lib:/opt/ros/jazzy/opt/gz_rendering_vendor/lib:/opt/ros/jazzy/opt/gz_plugin_vendor/lib:/opt/ros/jazzy/opt/gz_fuel_tools_vendor/lib:/opt/ros/jazzy/opt/gz_msgs_vendor/lib:/opt/ros/jazzy/opt/gz_common_vendor/lib:/opt/ros/jazzy/opt/gz_math_vendor/lib:/opt/ros/jazzy/opt/gz_utils_vendor/lib:/opt/ros/jazzy/opt/gz_tools_vendor/lib:/opt/ros/jazzy/opt/gz_ogre_next_vendor/lib:/opt/ros/jazzy/opt/gz_dartsim_vendor/lib:/opt/ros/jazzy/opt/gz_cmake_vendor/lib:/opt/ros/jazzy/lib', 'HOME': '/home/aliomac', 'OLDPWD': '/home/aliomac', 'DESKTOP_SESSION': 'ubuntu', 'GIO_LAUNCHED_DESKTOP_FILE': '/usr/share/applications/terminator.desktop', 'ROS_PYTHON_VERSION': '3', 'GNOME_SHELL_SESSION_MODE': 'ubuntu', 'GTK_MODULES': 'gail:atk-bridge', 'MANAGERPID': '2192', 'SYSTEMD_EXEC_PID': '2472', 'GSM_SKIP_SSH_AGENT_WORKAROUND': 'true', 'DBUS_SESSION_BUS_ADDRESS': 'unix:path=/run/user/1000/bus', 'COLORTERM': 'truecolor', 'TERMINATOR_DBUS_NAME': 'net.tenshu.Terminator25ef4b219e3b005583550f2b0f9f990c3', 'GIO_LAUNCHED_DESKTOP_FILE_PID': '35431', 'DEBUGINFOD_URLS': 'https://debuginfod.ubuntu.com', 'IM_CONFIG_PHASE': '1', 'WAYLAND_DISPLAY': 'wayland-0', 'COLCON_PREFIX_PATH': '/home/aliomac/garp-test/install:/home/aliomac/vrx_ws/install:/home/aliomac/thesis_USV_gazebo/install', 'ROS_DISTRO': 'jazzy', 'LOGNAME': 'aliomac', 'JOURNAL_STREAM': '9:21782', '_': '/usr/bin/colcon', 'ROS_VERSION': '2', 'MEMORY_PRESSURE_WATCH': '/sys/fs/cgroup/user.slice/user-1000.slice/user@1000.service/session.slice/org.gnome.Shell@wayland.service/memory.pressure', 'XDG_SESSION_CLASS': 'user', 'USERNAME': 'aliomac', 'TERM': 'xterm-256color', 'GNOME_DESKTOP_SESSION_ID': 'this-is-deprecated', 'PATH': '/home/aliomac/.opencode/bin:/home/aliomac/.local/bin:/opt/ros/jazzy/opt/gz_msgs_vendor/bin:/opt/ros/jazzy/opt/gz_tools_vendor/bin:/opt/ros/jazzy/opt/gz_ogre_next_vendor/bin:/opt/ros/jazzy/bin:/home/aliomac/.local/bin:/usr/local/sbin:/usr/local/bin:/usr/sbin:/usr/bin:/sbin:/bin:/usr/games:/usr/local/games:/snap/bin:/snap/bin', 'SESSION_MANAGER': 'local/aliomac-Nitro-AN515-55:@/tmp/.ICE-unix/2436,unix/aliomac-Nitro-AN515-55:/tmp/.ICE-unix/2436', 'INVOCATION_ID': 'e8e0e4c9cc6248f28b2cbb1f6f3e7b59', 'XDG_MENU_PREFIX': 'gnome-', 'GNOME_SETUP_DISPLAY': ':1', 'XDG_RUNTIME_DIR': '/run/user/1000', 'DISPLAY': ':0', 'TERMINATOR_DBUS_PATH': '/net/tenshu/Terminator2', 'LANG': 'en_US.UTF-8', 'XDG_CURRENT_DESKTOP': 'ubuntu:GNOME', 'XMODIFIERS': '@im=ibus', 'XDG_SESSION_DESKTOP': 'ubuntu', 'XAUTHORITY': '/run/user/1000/.mutter-Xwaylandauth.I4R3J3', 'LS_COLORS': 'rs=0:di=01;34:ln=01;36:mh=00:pi=40;33:so=01;35:do=01;35:bd=40;33;01:cd=40;33;01:or=40;31;01:mi=00:su=37;41:sg=30;43:ca=00:tw=30;42:ow=34;42:st=37;44:ex=01;32:*.tar=01;31:*.tgz=01;31:*.arc=01;31:*.arj=01;31:*.taz=01;31:*.lha=01;31:*.lz4=01;31:*.lzh=01;31:*.lzma=01;31:*.tlz=01;31:*.txz=01;31:*.tzo=01;31:*.t7z=01;31:*.zip=01;31:*.z=01;31:*.dz=01;31:*.gz=01;31:*.lrz=01;31:*.lz=01;31:*.lzo=01;31:*.xz=01;31:*.zst=01;31:*.tzst=01;31:*.bz2=01;31:*.bz=01;31:*.tbz=01;31:*.tbz2=01;31:*.tz=01;31:*.deb=01;31:*.rpm=01;31:*.jar=01;31:*.war=01;31:*.ear=01;31:*.sar=01;31:*.rar=01;31:*.alz=01;31:*.ace=01;31:*.zoo=01;31:*.cpio=01;31:*.7z=01;31:*.rz=01;31:*.cab=01;31:*.wim=01;31:*.swm=01;31:*.dwm=01;31:*.esd=01;31:*.avif=01;35:*.jpg=01;35:*.jpeg=01;35:*.mjpg=01;35:*.mjpeg=01;35:*.gif=01;35:*.bmp=01;35:*.pbm=01;35:*.pgm=01;35:*.ppm=01;35:*.tga=01;35:*.xbm=01;35:*.xpm=01;35:*.tif=01;35:*.tiff=01;35:*.png=01;35:*.svg=01;35:*.svgz=01;35:*.mng=01;35:*.pcx=01;35:*.mov=01;35:*.mpg=01;35:*.mpeg=01;35:*.m2v=01;35:*.mkv=01;35:*.webm=01;35:*.webp=01;35:*.ogm=01;35:*.mp4=01;35:*.m4v=01;35:*.mp4v=01;35:*.vob=01;35:*.qt=01;35:*.nuv=01;35:*.wmv=01;35:*.asf=01;35:*.rm=01;35:*.rmvb=01;35:*.flc=01;35:*.avi=01;35:*.fli=01;35:*.flv=01;35:*.gl=01;35:*.dl=01;35:*.xcf=01;35:*.xwd=01;35:*.yuv=01;35:*.cgm=01;35:*.emf=01;35:*.ogv=01;35:*.ogx=01;35:*.aac=00;36:*.au=00;36:*.flac=00;36:*.m4a=00;36:*.mid=00;36:*.midi=00;36:*.mka=00;36:*.mp3=00;36:*.mpc=00;36:*.ogg=00;36:*.ra=00;36:*.wav=00;36:*.oga=00;36:*.opus=00;36:*.spx=00;36:*.xspf=00;36:*~=00;90:*#=00;90:*.bak=00;90:*.crdownload=00;90:*.dpkg-dist=00;90:*.dpkg-new=00;90:*.dpkg-old=00;90:*.dpkg-tmp=00;90:*.old=00;90:*.orig=00;90:*.part=00;90:*.rej=00;90:*.rpmnew=00;90:*.rpmorig=00;90:*.rpmsave=00;90:*.swp=00;90:*.tmp=00;90:*.ucf-dist=00;90:*.ucf-new=00;90:*.ucf-old=00;90:', 'SSH_AUTH_SOCK': '/run/user/1000/keyring/ssh', 'AMENT_PREFIX_PATH': '/home/aliomac/garp-test/install/workspace_ros:/home/aliomac/garp-test/install/workspace_nav:/home/aliomac/garp-test/install/workspace_gz:/home/aliomac/vrx_ws/install:/home/aliomac/thesis_USV_gazebo/install:/opt/ros/jazzy', 'SHELL': '/bin/bash', 'TERMINATOR_UUID': 'urn:uuid:f2e7c95a-d8b0-4455-9882-a73cb1bcef23', 'QT_ACCESSIBILITY': '1', 'GDMSESSION': 'ubuntu', 'LESSCLOSE': '/usr/bin/lesspipe %s %s', 'GJS_DEBUG_OUTPUT': 'stderr', 'ROS_AUTOMATIC_DISCOVERY_RANGE': 'SUBNET', 'QT_IM_MODULE': 'ibus', 'PWD': '/home/aliomac/garp-test/build/workspace_nav', 'LC_ALL': 'en_US.UTF-8', 'XDG_CONFIG_DIRS': '/etc/xdg/xdg-ubuntu:/etc/xdg', 'XDG_DATA_DIRS': '/usr/share/ubuntu:/usr/share/gnome:/usr/local/share/:/usr/share/:/var/lib/snapd/desktop', 'PYTHONPATH': '/home/aliomac/garp-test/build/workspace_nav/prefix_override:/usr/lib/python3/dist-packages/colcon_core/task/python/colcon_distutils_commands:/home/aliomac/garp-test/install/workspace_nav/lib/python3.12/site-packages:/home/aliomac/garp-test/install/workspace_ros/lib/python3.12/site-packages:/home/aliomac/garp-test/install/workspace_nav/lib/python3.12/site-packages:/home/aliomac/vrx_ws/install/lib/python3.12/site-packages:/home/aliomac/thesis_USV_gazebo/build/ros_gz_bridge_custom:/home/aliomac/thesis_USV_gazebo/build/autopilot:/home/aliomac/thesis_USV_gazebo/install/lib/python3.12/site-packages:/opt/ros/jazzy/lib/python3.12/site-packages', 'COLCON': '1', 'MEMORY_PRESSURE_WRITE': 'c29tZSAyMDAwMDAgMjAwMDAwMAA=', 'VTE_VERSION': '7600', 'CMAKE_PREFIX_PATH': '/home/aliomac/garp-test/install/workspace_gz:/home/aliomac/vrx_ws/install:/home/aliomac/thesis_USV_gazebo/install:/opt/ros/jazzy/opt/gz_sim_vendor:/opt/ros/jazzy/opt/gz_sensors_vendor:/opt/ros/jazzy/opt/gz_physics_vendor:/opt/ros/jazzy/opt/sdformat_vendor:/opt/ros/jazzy/opt/gz_gui_vendor:/opt/ros/jazzy/opt/gz_transport_vendor:/opt/ros/jazzy/opt/gz_rendering_vendor:/opt/ros/jazzy/opt/gz_plugin_vendor:/opt/ros/jazzy/opt/gz_fuel_tools_vendor:/opt/ros/jazzy/opt/gz_msgs_vendor:/opt/ros/jazzy/opt/gz_common_vendor:/opt/ros/jazzy/opt/gz_math_vendor:/opt/ros/jazzy/opt/gz_utils_vendor:/opt/ros/jazzy/opt/gz_tools_vendor:/opt/ros/jazzy/opt/gz_ogre_next_vendor:/opt/ros/jazzy/opt/gz_dartsim_vendor:/opt/ros/jazzy/opt/gz_cmake_vendor'}, 'shell': False}
[1.601661] (-) TimerEvent: {}
[1.701941] (-) TimerEvent: {}
[1.728671] (workspace_gz) StdoutLine: {'line': b'-- Generating done (0.1s)\n'}
[1.754202] (workspace_gz) StdoutLine: {'line': b'-- Build files have been written to: /home/aliomac/garp-test/build/workspace_gz\n'}
[1.768520] (workspace_gz) CommandEnded: {'returncode': 0}
[1.769198] (workspace_gz) JobProgress: {'identifier': 'workspace_gz', 'progress': 'build'}
[1.770079] (workspace_gz) Command: {'cmd': ['/usr/bin/cmake', '--build', '/home/aliomac/garp-test/build/workspace_gz', '--', '-j8', '-l8'], 'cwd': '/home/aliomac/garp-test/build/workspace_gz', 'env': OrderedDict({'GZ_SIM_SYSTEM_PLUGIN_PATH': '/home/aliomac/vrx_ws/install/lib', 'GJS_DEBUG_TOPICS': 'JS ERROR;JS LOG', 'XDG_ACTIVATION_TOKEN': 'gnome-shell/Terminator/2472-6-aliomac-Nitro-AN515-55_TIME10247798', 'LESSOPEN': '| /usr/bin/lesspipe %s', 'GZ_SIM_RESOURCE_PATH': '/home/aliomac/vrx_ws/install/share/vrx_gz/models/tmp:/home/aliomac/vrx_ws/install/share/vrx_gz/models:/home/aliomac/vrx_ws/install/share/vrx_gz/worlds/2023_phase2:/home/aliomac/vrx_ws/install/share/vrx_gz/worlds/2023_practice:/home/aliomac/vrx_ws/install/share/vrx_gz/worlds:/home/aliomac/vrx_ws/install/share/wamv_description/models:/home/aliomac/vrx_ws/install/share/vrx_gazebo/models:/home/aliomac/vrx_ws/install/share/:/opt/ros/jazzy/share', 'USER': 'aliomac', 'GZ_CONFIG_PATH': '/opt/ros/jazzy/opt/gz_sim_vendor/share/gz:/opt/ros/jazzy/opt/sdformat_vendor/share/gz:/opt/ros/jazzy/opt/gz_gui_vendor/share/gz:/opt/ros/jazzy/opt/gz_transport_vendor/share/gz:/opt/ros/jazzy/opt/gz_rendering_vendor/share/gz:/opt/ros/jazzy/opt/gz_plugin_vendor/share/gz:/opt/ros/jazzy/opt/gz_fuel_tools_vendor/share/gz:/opt/ros/jazzy/opt/gz_msgs_vendor/share/gz:/opt/ros/jazzy/opt/gz_common_vendor/share/gz', 'XDG_SESSION_TYPE': 'wayland', 'CLUTTER_DISABLE_MIPMAPPED_TEXT': '1', 'SHLVL': '1', 'LD_LIBRARY_PATH': '/home/aliomac/garp-test/install/workspace_gz/lib:/home/aliomac/vrx_ws/install/lib:/home/aliomac/thesis_USV_gazebo/install/lib:/opt/ros/jazzy/opt/gz_sim_vendor/lib:/opt/ros/jazzy/opt/gz_sensors_vendor/lib:/opt/ros/jazzy/opt/gz_physics_vendor/lib:/opt/ros/jazzy/opt/sdformat_vendor/lib:/opt/ros/jazzy/opt/rviz_ogre_vendor/lib:/opt/ros/jazzy/lib/x86_64-linux-gnu:/opt/ros/jazzy/opt/gz_gui_vendor/lib:/opt/ros/jazzy/opt/gz_transport_vendor/lib:/opt/ros/jazzy/opt/gz_rendering_vendor/lib:/opt/ros/jazzy/opt/gz_plugin_vendor/lib:/opt/ros/jazzy/opt/gz_fuel_tools_vendor/lib:/opt/ros/jazzy/opt/gz_msgs_vendor/lib:/opt/ros/jazzy/opt/gz_common_vendor/lib:/opt/ros/jazzy/opt/gz_math_vendor/lib:/opt/ros/jazzy/opt/gz_utils_vendor/lib:/opt/ros/jazzy/opt/gz_tools_vendor/lib:/opt/ros/jazzy/opt/gz_ogre_next_vendor/lib:/opt/ros/jazzy/opt/gz_dartsim_vendor/lib:/opt/ros/jazzy/opt/gz_cmake_vendor/lib:/opt/ros/jazzy/lib', 'HOME': '/home/aliomac', 'OLDPWD': '/home/aliomac', 'DESKTOP_SESSION': 'ubuntu', 'GIO_LAUNCHED_DESKTOP_FILE': '/usr/share/applications/terminator.desktop', 'ROS_PYTHON_VERSION': '3', 'GNOME_SHELL_SESSION_MODE': 'ubuntu', 'GTK_MODULES': 'gail:atk-bridge', 'MANAGERPID': '2192', 'SYSTEMD_EXEC_PID': '2472', 'GSM_SKIP_SSH_AGENT_WORKAROUND': 'true', 'DBUS_SESSION_BUS_ADDRESS': 'unix:path=/run/user/1000/bus', 'COLORTERM': 'truecolor', 'TERMINATOR_DBUS_NAME': 'net.tenshu.Terminator25ef4b219e3b005583550f2b0f9f990c3', 'GIO_LAUNCHED_DESKTOP_FILE_PID': '35431', 'DEBUGINFOD_URLS': 'https://debuginfod.ubuntu.com', 'IM_CONFIG_PHASE': '1', 'WAYLAND_DISPLAY': 'wayland-0', 'COLCON_PREFIX_PATH': '/home/aliomac/garp-test/install:/home/aliomac/vrx_ws/install:/home/aliomac/thesis_USV_gazebo/install', 'ROS_DISTRO': 'jazzy', 'LOGNAME': 'aliomac', 'JOURNAL_STREAM': '9:21782', '_': '/usr/bin/colcon', 'ROS_VERSION': '2', 'MEMORY_PRESSURE_WATCH': '/sys/fs/cgroup/user.slice/user-1000.slice/user@1000.service/session.slice/org.gnome.Shell@wayland.service/memory.pressure', 'XDG_SESSION_CLASS': 'user', 'USERNAME': 'aliomac', 'TERM': 'xterm-256color', 'GNOME_DESKTOP_SESSION_ID': 'this-is-deprecated', 'PATH': '/home/aliomac/.opencode/bin:/home/aliomac/.local/bin:/opt/ros/jazzy/opt/gz_msgs_vendor/bin:/opt/ros/jazzy/opt/gz_tools_vendor/bin:/opt/ros/jazzy/opt/gz_ogre_next_vendor/bin:/opt/ros/jazzy/bin:/home/aliomac/.local/bin:/usr/local/sbin:/usr/local/bin:/usr/sbin:/usr/bin:/sbin:/bin:/usr/games:/usr/local/games:/snap/bin:/snap/bin', 'SESSION_MANAGER': 'local/aliomac-Nitro-AN515-55:@/tmp/.ICE-unix/2436,unix/aliomac-Nitro-AN515-55:/tmp/.ICE-unix/2436', 'INVOCATION_ID': 'e8e0e4c9cc6248f28b2cbb1f6f3e7b59', 'XDG_MENU_PREFIX': 'gnome-', 'GNOME_SETUP_DISPLAY': ':1', 'XDG_RUNTIME_DIR': '/run/user/1000', 'DISPLAY': ':0', 'TERMINATOR_DBUS_PATH': '/net/tenshu/Terminator2', 'LANG': 'en_US.UTF-8', 'XDG_CURRENT_DESKTOP': 'ubuntu:GNOME', 'XMODIFIERS': '@im=ibus', 'XDG_SESSION_DESKTOP': 'ubuntu', 'XAUTHORITY': '/run/user/1000/.mutter-Xwaylandauth.I4R3J3', 'LS_COLORS': 'rs=0:di=01;34:ln=01;36:mh=00:pi=40;33:so=01;35:do=01;35:bd=40;33;01:cd=40;33;01:or=40;31;01:mi=00:su=37;41:sg=30;43:ca=00:tw=30;42:ow=34;42:st=37;44:ex=01;32:*.tar=01;31:*.tgz=01;31:*.arc=01;31:*.arj=01;31:*.taz=01;31:*.lha=01;31:*.lz4=01;31:*.lzh=01;31:*.lzma=01;31:*.tlz=01;31:*.txz=01;31:*.tzo=01;31:*.t7z=01;31:*.zip=01;31:*.z=01;31:*.dz=01;31:*.gz=01;31:*.lrz=01;31:*.lz=01;31:*.lzo=01;31:*.xz=01;31:*.zst=01;31:*.tzst=01;31:*.bz2=01;31:*.bz=01;31:*.tbz=01;31:*.tbz2=01;31:*.tz=01;31:*.deb=01;31:*.rpm=01;31:*.jar=01;31:*.war=01;31:*.ear=01;31:*.sar=01;31:*.rar=01;31:*.alz=01;31:*.ace=01;31:*.zoo=01;31:*.cpio=01;31:*.7z=01;31:*.rz=01;31:*.cab=01;31:*.wim=01;31:*.swm=01;31:*.dwm=01;31:*.esd=01;31:*.avif=01;35:*.jpg=01;35:*.jpeg=01;35:*.mjpg=01;35:*.mjpeg=01;35:*.gif=01;35:*.bmp=01;35:*.pbm=01;35:*.pgm=01;35:*.ppm=01;35:*.tga=01;35:*.xbm=01;35:*.xpm=01;35:*.tif=01;35:*.tiff=01;35:*.png=01;35:*.svg=01;35:*.svgz=01;35:*.mng=01;35:*.pcx=01;35:*.mov=01;35:*.mpg=01;35:*.mpeg=01;35:*.m2v=01;35:*.mkv=01;35:*.webm=01;35:*.webp=01;35:*.ogm=01;35:*.mp4=01;35:*.m4v=01;35:*.mp4v=01;35:*.vob=01;35:*.qt=01;35:*.nuv=01;35:*.wmv=01;35:*.asf=01;35:*.rm=01;35:*.rmvb=01;35:*.flc=01;35:*.avi=01;35:*.fli=01;35:*.flv=01;35:*.gl=01;35:*.dl=01;35:*.xcf=01;35:*.xwd=01;35:*.yuv=01;35:*.cgm=01;35:*.emf=01;35:*.ogv=01;35:*.ogx=01;35:*.aac=00;36:*.au=00;36:*.flac=00;36:*.m4a=00;36:*.mid=00;36:*.midi=00;36:*.mka=00;36:*.mp3=00;36:*.mpc=00;36:*.ogg=00;36:*.ra=00;36:*.wav=00;36:*.oga=00;36:*.opus=00;36:*.spx=00;36:*.xspf=00;36:*~=00;90:*#=00;90:*.bak=00;90:*.crdownload=00;90:*.dpkg-dist=00;90:*.dpkg-new=00;90:*.dpkg-old=00;90:*.dpkg-tmp=00;90:*.old=00;90:*.orig=00;90:*.part=00;90:*.rej=00;90:*.rpmnew=00;90:*.rpmorig=00;90:*.rpmsave=00;90:*.swp=00;90:*.tmp=00;90:*.ucf-dist=00;90:*.ucf-new=00;90:*.ucf-old=00;90:', 'SSH_AUTH_SOCK': '/run/user/1000/keyring/ssh', 'AMENT_PREFIX_PATH': '/home/aliomac/garp-test/install/workspace_ros:/home/aliomac/garp-test/install/workspace_nav:/home/aliomac/garp-test/install/workspace_gz:/home/aliomac/vrx_ws/install:/home/aliomac/thesis_USV_gazebo/install:/opt/ros/jazzy', 'SHELL': '/bin/bash', 'TERMINATOR_UUID': 'urn:uuid:f2e7c95a-d8b0-4455-9882-a73cb1bcef23', 'QT_ACCESSIBILITY': '1', 'GDMSESSION': 'ubuntu', 'LESSCLOSE': '/usr/bin/lesspipe %s %s', 'GJS_DEBUG_OUTPUT': 'stderr', 'ROS_AUTOMATIC_DISCOVERY_RANGE': 'SUBNET', 'QT_IM_MODULE': 'ibus', 'PWD': '/home/aliomac/garp-test/build/workspace_gz', 'LC_ALL': 'en_US.UTF-8', 'XDG_CONFIG_DIRS': '/etc/xdg/xdg-ubuntu:/etc/xdg', 'XDG_DATA_DIRS': '/usr/share/ubuntu:/usr/share/gnome:/usr/local/share/:/usr/share/:/var/lib/snapd/desktop', 'PYTHONPATH': '/home/aliomac/garp-test/install/workspace_ros/lib/python3.12/site-packages:/home/aliomac/garp-test/install/workspace_nav/lib/python3.12/site-packages:/home/aliomac/vrx_ws/install/lib/python3.12/site-packages:/home/aliomac/thesis_USV_gazebo/build/ros_gz_bridge_custom:/home/aliomac/thesis_USV_gazebo/build/autopilot:/home/aliomac/thesis_USV_gazebo/install/lib/python3.12/site-packages:/opt/ros/jazzy/lib/python3.12/site-packages', 'COLCON': '1', 'MEMORY_PRESSURE_WRITE': 'c29tZSAyMDAwMDAgMjAwMDAwMAA=', 'VTE_VERSION': '7600', 'CMAKE_PREFIX_PATH': '/home/aliomac/garp-test/install/workspace_gz:/home/aliomac/vrx_ws/install:/home/aliomac/thesis_USV_gazebo/install:/opt/ros/jazzy/opt/gz_sim_vendor:/opt/ros/jazzy/opt/gz_sensors_vendor:/opt/ros/jazzy/opt/gz_physics_vendor:/opt/ros/jazzy/opt/sdformat_vendor:/opt/ros/jazzy/opt/gz_gui_vendor:/opt/ros/jazzy/opt/gz_transport_vendor:/opt/ros/jazzy/opt/gz_rendering_vendor:/opt/ros/jazzy/opt/gz_plugin_vendor:/opt/ros/jazzy/opt/gz_fuel_tools_vendor:/opt/ros/jazzy/opt/gz_msgs_vendor:/opt/ros/jazzy/opt/gz_common_vendor:/opt/ros/jazzy/opt/gz_math_vendor:/opt/ros/jazzy/opt/gz_utils_vendor:/opt/ros/jazzy/opt/gz_tools_vendor:/opt/ros/jazzy/opt/gz_ogre_next_vendor:/opt/ros/jazzy/opt/gz_dartsim_vendor:/opt/ros/jazzy/opt/gz_cmake_vendor:/home/aliomac/garp-test/install/workspace_ros:/home/aliomac/garp-test/install/workspace_nav:/opt/ros/jazzy'}), 'shell': False}
[1.802022] (-) TimerEvent: {}
[1.830923] (workspace_gz) StdoutLine: {'line': b'[  4%] Built target Waves\n'}
[1.856992] (workspace_gz) StdoutLine: {'line': b'[  8%] Built target ScoringPlugin\n'}
[1.887423] (workspace_gz) StdoutLine: {'line': b'[ 16%] Built target PolyhedraBuoyancyDrag\n'}
[1.902140] (-) TimerEvent: {}
[1.913144] (workspace_gz) StdoutLine: {'line': b'[ 20%] Built target LightBuoyPlugin\n'}
[1.941952] (workspace_gz) StdoutLine: {'line': b'[ 25%] Built target NavigationScoringPlugin\n'}
[1.946566] (workspace_ros) StdoutLine: {'line': b'running egg_info\n'}
[1.960782] (workspace_nav) StdoutLine: {'line': b'running egg_info\n'}
[1.968652] (workspace_gz) StdoutLine: {'line': b'[ 29%] Built target GymkhanaScoringPlugin\n'}
[1.976815] (workspace_ros) StdoutLine: {'line': b'writing ../build/workspace_ros/workspace_ros.egg-info/PKG-INFO\n'}
[1.977109] (workspace_ros) StdoutLine: {'line': b'writing dependency_links to ../build/workspace_ros/workspace_ros.egg-info/dependency_links.txt\n'}
[1.977423] (workspace_ros) StdoutLine: {'line': b'writing entry points to ../build/workspace_ros/workspace_ros.egg-info/entry_points.txt\n'}
[1.977619] (workspace_ros) StdoutLine: {'line': b'writing requirements to ../build/workspace_ros/workspace_ros.egg-info/requires.txt\n'}
[1.977801] (workspace_ros) StdoutLine: {'line': b'writing top-level names to ../build/workspace_ros/workspace_ros.egg-info/top_level.txt\n'}
[1.989745] (workspace_nav) StdoutLine: {'line': b'writing ../build/workspace_nav/workspace_nav.egg-info/PKG-INFO\n'}
[1.990021] (workspace_nav) StdoutLine: {'line': b'writing dependency_links to ../build/workspace_nav/workspace_nav.egg-info/dependency_links.txt\n'}
[1.990209] (workspace_nav) StdoutLine: {'line': b'writing entry points to ../build/workspace_nav/workspace_nav.egg-info/entry_points.txt\n'}
[1.990407] (workspace_nav) StdoutLine: {'line': b'writing requirements to ../build/workspace_nav/workspace_nav.egg-info/requires.txt\n'}
[1.990599] (workspace_nav) StdoutLine: {'line': b'writing top-level names to ../build/workspace_nav/workspace_nav.egg-info/top_level.txt\n'}
[1.999152] (workspace_gz) StdoutLine: {'line': b'[ 33%] Built target PerceptionScoringPlugin\n'}
[2.002229] (-) TimerEvent: {}
[2.036551] (workspace_gz) StdoutLine: {'line': b'[ 37%] Built target PlacardPlugin\n'}
[2.058304] (workspace_ros) StdoutLine: {'line': b"reading manifest file '../build/workspace_ros/workspace_ros.egg-info/SOURCES.txt'\n"}
[2.068030] (workspace_ros) StdoutLine: {'line': b"writing manifest file '../build/workspace_ros/workspace_ros.egg-info/SOURCES.txt'\n"}
[2.068319] (workspace_ros) StdoutLine: {'line': b'running build\n'}
[2.068472] (workspace_ros) StdoutLine: {'line': b'running build_py\n'}
[2.068611] (workspace_ros) StdoutLine: {'line': b'running install\n'}
[2.071356] (workspace_nav) StdoutLine: {'line': b"reading manifest file '../build/workspace_nav/workspace_nav.egg-info/SOURCES.txt'\n"}
[2.074869] (workspace_nav) StdoutLine: {'line': b"writing manifest file '../build/workspace_nav/workspace_nav.egg-info/SOURCES.txt'\n"}
[2.075222] (workspace_nav) StdoutLine: {'line': b'running build\n'}
[2.075441] (workspace_nav) StdoutLine: {'line': b'running build_py\n'}
[2.075586] (workspace_nav) StdoutLine: {'line': b'copying scripts/parkour_navigation.py -> /home/aliomac/garp-test/build/workspace_nav/build/lib/scripts\n'}
[2.075831] (workspace_nav) StdoutLine: {'line': b'running install\n'}
[2.077911] (workspace_gz) StdoutLine: {'line': b'[ 41%] Built target PublisherPlugin\n'}
[2.089433] (workspace_ros) StdoutLine: {'line': b'running install_lib\n'}
[2.097856] (workspace_nav) StdoutLine: {'line': b'running install_lib\n'}
[2.102306] (-) TimerEvent: {}
[2.126682] (workspace_gz) StdoutLine: {'line': b'[ 45%] Built target ScanDockScoringPlugin\n'}
[2.144011] (workspace_ros) StdoutLine: {'line': b'running install_data\n'}
[2.144916] (workspace_ros) StdoutLine: {'line': b'running install_egg_info\n'}
[2.146661] (workspace_nav) StdoutLine: {'line': b'copying /home/aliomac/garp-test/build/workspace_nav/build/lib/scripts/parkour_navigation.py -> /home/aliomac/garp-test/install/workspace_nav/lib/python3.12/site-packages/scripts\n'}
[2.147394] (workspace_nav) StdoutLine: {'line': b'byte-compiling /home/aliomac/garp-test/install/workspace_nav/lib/python3.12/site-packages/scripts/parkour_navigation.py to parkour_navigation.cpython-312.pyc\n'}
[2.150871] (workspace_nav) StdoutLine: {'line': b'running install_data\n'}
[2.152324] (workspace_nav) StdoutLine: {'line': b'copying scripts/parkour_navigation.py -> /home/aliomac/garp-test/install/workspace_nav/share/workspace_nav/scripts\n'}
[2.152567] (workspace_nav) StdoutLine: {'line': b'running install_egg_info\n'}
[2.173999] (workspace_gz) StdoutLine: {'line': b'[ 50%] Built target SimpleHydrodynamics\n'}
[2.192329] (workspace_ros) StdoutLine: {'line': b"removing '/home/aliomac/garp-test/install/workspace_ros/lib/python3.12/site-packages/workspace_ros-0.0.0-py3.12.egg-info' (and everything under it)\n"}
[2.195304] (workspace_ros) StdoutLine: {'line': b'Copying ../build/workspace_ros/workspace_ros.egg-info to /home/aliomac/garp-test/install/workspace_ros/lib/python3.12/site-packages/workspace_ros-0.0.0-py3.12.egg-info\n'}
[2.195570] (workspace_ros) StdoutLine: {'line': b'running install_scripts\n'}
[2.202393] (-) TimerEvent: {}
[2.204512] (workspace_nav) StdoutLine: {'line': b"removing '/home/aliomac/garp-test/install/workspace_nav/lib/python3.12/site-packages/workspace_nav-0.0.0-py3.12.egg-info' (and everything under it)\n"}
[2.205396] (workspace_nav) StdoutLine: {'line': b'Copying ../build/workspace_nav/workspace_nav.egg-info to /home/aliomac/garp-test/install/workspace_nav/lib/python3.12/site-packages/workspace_nav-0.0.0-py3.12.egg-info\n'}
[2.206456] (workspace_nav) StdoutLine: {'line': b'running install_scripts\n'}
[2.225465] (workspace_gz) StdoutLine: {'line': b'[ 54%] Built target Surface\n'}
[2.257476] (workspace_gz) StdoutLine: {'line': b'[ 58%] Built target USVWind\n'}
[2.288590] (workspace_gz) StdoutLine: {'line': b'[ 62%] Built target WaveVisual\n'}
[2.302489] (-) TimerEvent: {}
[2.316573] (workspace_gz) StdoutLine: {'line': b'[ 66%] Built target WildlifeScoringPlugin\n'}
[2.344059] (workspace_gz) StdoutLine: {'line': b'[ 70%] Built target BallShooterPlugin\n'}
[2.373972] (workspace_gz) StdoutLine: {'line': b'[ 75%] Built target AcousticPingerPlugin\n'}
[2.388466] (workspace_nav) StdoutLine: {'line': b'Installing parkour_navigation script to /home/aliomac/garp-test/install/workspace_nav/lib/workspace_nav\n'}
[2.388793] (workspace_nav) StdoutLine: {'line': b"writing list of installed files to '/home/aliomac/garp-test/build/workspace_nav/install.log'\n"}
[2.396563] (workspace_ros) StdoutLine: {'line': b'Installing converter script to /home/aliomac/garp-test/install/workspace_ros/lib/workspace_ros\n'}
[2.396865] (workspace_ros) StdoutLine: {'line': b'Installing gps_covariance_repub script to /home/aliomac/garp-test/install/workspace_ros/lib/workspace_ros\n'}
[2.397080] (workspace_ros) StdoutLine: {'line': b'Installing imu_covariance_repub script to /home/aliomac/garp-test/install/workspace_ros/lib/workspace_ros\n'}
[2.397280] (workspace_ros) StdoutLine: {'line': b'Installing lidar_processor script to /home/aliomac/garp-test/install/workspace_ros/lib/workspace_ros\n'}
[2.397488] (workspace_ros) StdoutLine: {'line': b'Installing static_transform_publisher script to /home/aliomac/garp-test/install/workspace_ros/lib/workspace_ros\n'}
[2.397682] (workspace_ros) StdoutLine: {'line': b'Installing wasd_teleop script to /home/aliomac/garp-test/install/workspace_ros/lib/workspace_ros\n'}
[2.398092] (workspace_ros) StdoutLine: {'line': b"writing list of installed files to '/home/aliomac/garp-test/build/workspace_ros/install.log'\n"}
[2.402608] (-) TimerEvent: {}
[2.415334] (workspace_gz) StdoutLine: {'line': b'[ 81%] Built target AcousticTrackingScoringPlugin\n'}
[2.441099] (workspace_nav) CommandEnded: {'returncode': 0}
[2.453621] (workspace_nav) JobEnded: {'identifier': 'workspace_nav', 'rc': 0}
[2.454901] (workspace_ros) CommandEnded: {'returncode': 0}
[2.456943] (workspace_gz) StdoutLine: {'line': b'[ 87%] Built target AcousticPerceptionScoringPlugin\n'}
[2.464986] (workspace_ros) JobEnded: {'identifier': 'workspace_ros', 'rc': 0}
[2.496684] (workspace_gz) StdoutLine: {'line': b'[ 93%] Built target WayfindingScoringPlugin\n'}
[2.502684] (-) TimerEvent: {}
[2.531501] (workspace_gz) StdoutLine: {'line': b'[100%] Built target StationkeepingScoringPlugin\n'}
[2.543689] (workspace_gz) CommandEnded: {'returncode': 0}
[2.544404] (workspace_gz) JobProgress: {'identifier': 'workspace_gz', 'progress': 'install'}
[2.553892] (workspace_gz) Command: {'cmd': ['/usr/bin/cmake', '--install', '/home/aliomac/garp-test/build/workspace_gz'], 'cwd': '/home/aliomac/garp-test/build/workspace_gz', 'env': OrderedDict({'GZ_SIM_SYSTEM_PLUGIN_PATH': '/home/aliomac/vrx_ws/install/lib', 'GJS_DEBUG_TOPICS': 'JS ERROR;JS LOG', 'XDG_ACTIVATION_TOKEN': 'gnome-shell/Terminator/2472-6-aliomac-Nitro-AN515-55_TIME10247798', 'LESSOPEN': '| /usr/bin/lesspipe %s', 'GZ_SIM_RESOURCE_PATH': '/home/aliomac/vrx_ws/install/share/vrx_gz/models/tmp:/home/aliomac/vrx_ws/install/share/vrx_gz/models:/home/aliomac/vrx_ws/install/share/vrx_gz/worlds/2023_phase2:/home/aliomac/vrx_ws/install/share/vrx_gz/worlds/2023_practice:/home/aliomac/vrx_ws/install/share/vrx_gz/worlds:/home/aliomac/vrx_ws/install/share/wamv_description/models:/home/aliomac/vrx_ws/install/share/vrx_gazebo/models:/home/aliomac/vrx_ws/install/share/:/opt/ros/jazzy/share', 'USER': 'aliomac', 'GZ_CONFIG_PATH': '/opt/ros/jazzy/opt/gz_sim_vendor/share/gz:/opt/ros/jazzy/opt/sdformat_vendor/share/gz:/opt/ros/jazzy/opt/gz_gui_vendor/share/gz:/opt/ros/jazzy/opt/gz_transport_vendor/share/gz:/opt/ros/jazzy/opt/gz_rendering_vendor/share/gz:/opt/ros/jazzy/opt/gz_plugin_vendor/share/gz:/opt/ros/jazzy/opt/gz_fuel_tools_vendor/share/gz:/opt/ros/jazzy/opt/gz_msgs_vendor/share/gz:/opt/ros/jazzy/opt/gz_common_vendor/share/gz', 'XDG_SESSION_TYPE': 'wayland', 'CLUTTER_DISABLE_MIPMAPPED_TEXT': '1', 'SHLVL': '1', 'LD_LIBRARY_PATH': '/home/aliomac/garp-test/install/workspace_gz/lib:/home/aliomac/vrx_ws/install/lib:/home/aliomac/thesis_USV_gazebo/install/lib:/opt/ros/jazzy/opt/gz_sim_vendor/lib:/opt/ros/jazzy/opt/gz_sensors_vendor/lib:/opt/ros/jazzy/opt/gz_physics_vendor/lib:/opt/ros/jazzy/opt/sdformat_vendor/lib:/opt/ros/jazzy/opt/rviz_ogre_vendor/lib:/opt/ros/jazzy/lib/x86_64-linux-gnu:/opt/ros/jazzy/opt/gz_gui_vendor/lib:/opt/ros/jazzy/opt/gz_transport_vendor/lib:/opt/ros/jazzy/opt/gz_rendering_vendor/lib:/opt/ros/jazzy/opt/gz_plugin_vendor/lib:/opt/ros/jazzy/opt/gz_fuel_tools_vendor/lib:/opt/ros/jazzy/opt/gz_msgs_vendor/lib:/opt/ros/jazzy/opt/gz_common_vendor/lib:/opt/ros/jazzy/opt/gz_math_vendor/lib:/opt/ros/jazzy/opt/gz_utils_vendor/lib:/opt/ros/jazzy/opt/gz_tools_vendor/lib:/opt/ros/jazzy/opt/gz_ogre_next_vendor/lib:/opt/ros/jazzy/opt/gz_dartsim_vendor/lib:/opt/ros/jazzy/opt/gz_cmake_vendor/lib:/opt/ros/jazzy/lib', 'HOME': '/home/aliomac', 'OLDPWD': '/home/aliomac', 'DESKTOP_SESSION': 'ubuntu', 'GIO_LAUNCHED_DESKTOP_FILE': '/usr/share/applications/terminator.desktop', 'ROS_PYTHON_VERSION': '3', 'GNOME_SHELL_SESSION_MODE': 'ubuntu', 'GTK_MODULES': 'gail:atk-bridge', 'MANAGERPID': '2192', 'SYSTEMD_EXEC_PID': '2472', 'GSM_SKIP_SSH_AGENT_WORKAROUND': 'true', 'DBUS_SESSION_BUS_ADDRESS': 'unix:path=/run/user/1000/bus', 'COLORTERM': 'truecolor', 'TERMINATOR_DBUS_NAME': 'net.tenshu.Terminator25ef4b219e3b005583550f2b0f9f990c3', 'GIO_LAUNCHED_DESKTOP_FILE_PID': '35431', 'DEBUGINFOD_URLS': 'https://debuginfod.ubuntu.com', 'IM_CONFIG_PHASE': '1', 'WAYLAND_DISPLAY': 'wayland-0', 'COLCON_PREFIX_PATH': '/home/aliomac/garp-test/install:/home/aliomac/vrx_ws/install:/home/aliomac/thesis_USV_gazebo/install', 'ROS_DISTRO': 'jazzy', 'LOGNAME': 'aliomac', 'JOURNAL_STREAM': '9:21782', '_': '/usr/bin/colcon', 'ROS_VERSION': '2', 'MEMORY_PRESSURE_WATCH': '/sys/fs/cgroup/user.slice/user-1000.slice/user@1000.service/session.slice/org.gnome.Shell@wayland.service/memory.pressure', 'XDG_SESSION_CLASS': 'user', 'USERNAME': 'aliomac', 'TERM': 'xterm-256color', 'GNOME_DESKTOP_SESSION_ID': 'this-is-deprecated', 'PATH': '/home/aliomac/.opencode/bin:/home/aliomac/.local/bin:/opt/ros/jazzy/opt/gz_msgs_vendor/bin:/opt/ros/jazzy/opt/gz_tools_vendor/bin:/opt/ros/jazzy/opt/gz_ogre_next_vendor/bin:/opt/ros/jazzy/bin:/home/aliomac/.local/bin:/usr/local/sbin:/usr/local/bin:/usr/sbin:/usr/bin:/sbin:/bin:/usr/games:/usr/local/games:/snap/bin:/snap/bin', 'SESSION_MANAGER': 'local/aliomac-Nitro-AN515-55:@/tmp/.ICE-unix/2436,unix/aliomac-Nitro-AN515-55:/tmp/.ICE-unix/2436', 'INVOCATION_ID': 'e8e0e4c9cc6248f28b2cbb1f6f3e7b59', 'XDG_MENU_PREFIX': 'gnome-', 'GNOME_SETUP_DISPLAY': ':1', 'XDG_RUNTIME_DIR': '/run/user/1000', 'DISPLAY': ':0', 'TERMINATOR_DBUS_PATH': '/net/tenshu/Terminator2', 'LANG': 'en_US.UTF-8', 'XDG_CURRENT_DESKTOP': 'ubuntu:GNOME', 'XMODIFIERS': '@im=ibus', 'XDG_SESSION_DESKTOP': 'ubuntu', 'XAUTHORITY': '/run/user/1000/.mutter-Xwaylandauth.I4R3J3', 'LS_COLORS': 'rs=0:di=01;34:ln=01;36:mh=00:pi=40;33:so=01;35:do=01;35:bd=40;33;01:cd=40;33;01:or=40;31;01:mi=00:su=37;41:sg=30;43:ca=00:tw=30;42:ow=34;42:st=37;44:ex=01;32:*.tar=01;31:*.tgz=01;31:*.arc=01;31:*.arj=01;31:*.taz=01;31:*.lha=01;31:*.lz4=01;31:*.lzh=01;31:*.lzma=01;31:*.tlz=01;31:*.txz=01;31:*.tzo=01;31:*.t7z=01;31:*.zip=01;31:*.z=01;31:*.dz=01;31:*.gz=01;31:*.lrz=01;31:*.lz=01;31:*.lzo=01;31:*.xz=01;31:*.zst=01;31:*.tzst=01;31:*.bz2=01;31:*.bz=01;31:*.tbz=01;31:*.tbz2=01;31:*.tz=01;31:*.deb=01;31:*.rpm=01;31:*.jar=01;31:*.war=01;31:*.ear=01;31:*.sar=01;31:*.rar=01;31:*.alz=01;31:*.ace=01;31:*.zoo=01;31:*.cpio=01;31:*.7z=01;31:*.rz=01;31:*.cab=01;31:*.wim=01;31:*.swm=01;31:*.dwm=01;31:*.esd=01;31:*.avif=01;35:*.jpg=01;35:*.jpeg=01;35:*.mjpg=01;35:*.mjpeg=01;35:*.gif=01;35:*.bmp=01;35:*.pbm=01;35:*.pgm=01;35:*.ppm=01;35:*.tga=01;35:*.xbm=01;35:*.xpm=01;35:*.tif=01;35:*.tiff=01;35:*.png=01;35:*.svg=01;35:*.svgz=01;35:*.mng=01;35:*.pcx=01;35:*.mov=01;35:*.mpg=01;35:*.mpeg=01;35:*.m2v=01;35:*.mkv=01;35:*.webm=01;35:*.webp=01;35:*.ogm=01;35:*.mp4=01;35:*.m4v=01;35:*.mp4v=01;35:*.vob=01;35:*.qt=01;35:*.nuv=01;35:*.wmv=01;35:*.asf=01;35:*.rm=01;35:*.rmvb=01;35:*.flc=01;35:*.avi=01;35:*.fli=01;35:*.flv=01;35:*.gl=01;35:*.dl=01;35:*.xcf=01;35:*.xwd=01;35:*.yuv=01;35:*.cgm=01;35:*.emf=01;35:*.ogv=01;35:*.ogx=01;35:*.aac=00;36:*.au=00;36:*.flac=00;36:*.m4a=00;36:*.mid=00;36:*.midi=00;36:*.mka=00;36:*.mp3=00;36:*.mpc=00;36:*.ogg=00;36:*.ra=00;36:*.wav=00;36:*.oga=00;36:*.opus=00;36:*.spx=00;36:*.xspf=00;36:*~=00;90:*#=00;90:*.bak=00;90:*.crdownload=00;90:*.dpkg-dist=00;90:*.dpkg-new=00;90:*.dpkg-old=00;90:*.dpkg-tmp=00;90:*.old=00;90:*.orig=00;90:*.part=00;90:*.rej=00;90:*.rpmnew=00;90:*.rpmorig=00;90:*.rpmsave=00;90:*.swp=00;90:*.tmp=00;90:*.ucf-dist=00;90:*.ucf-new=00;90:*.ucf-old=00;90:', 'SSH_AUTH_SOCK': '/run/user/1000/keyring/ssh', 'AMENT_PREFIX_PATH': '/home/aliomac/garp-test/install/workspace_ros:/home/aliomac/garp-test/install/workspace_nav:/home/aliomac/garp-test/install/workspace_gz:/home/aliomac/vrx_ws/install:/home/aliomac/thesis_USV_gazebo/install:/opt/ros/jazzy', 'SHELL': '/bin/bash', 'TERMINATOR_UUID': 'urn:uuid:f2e7c95a-d8b0-4455-9882-a73cb1bcef23', 'QT_ACCESSIBILITY': '1', 'GDMSESSION': 'ubuntu', 'LESSCLOSE': '/usr/bin/lesspipe %s %s', 'GJS_DEBUG_OUTPUT': 'stderr', 'ROS_AUTOMATIC_DISCOVERY_RANGE': 'SUBNET', 'QT_IM_MODULE': 'ibus', 'PWD': '/home/aliomac/garp-test/build/workspace_gz', 'LC_ALL': 'en_US.UTF-8', 'XDG_CONFIG_DIRS': '/etc/xdg/xdg-ubuntu:/etc/xdg', 'XDG_DATA_DIRS': '/usr/share/ubuntu:/usr/share/gnome:/usr/local/share/:/usr/share/:/var/lib/snapd/desktop', 'PYTHONPATH': '/home/aliomac/garp-test/install/workspace_ros/lib/python3.12/site-packages:/home/aliomac/garp-test/install/workspace_nav/lib/python3.12/site-packages:/home/aliomac/vrx_ws/install/lib/python3.12/site-packages:/home/aliomac/thesis_USV_gazebo/build/ros_gz_bridge_custom:/home/aliomac/thesis_USV_gazebo/build/autopilot:/home/aliomac/thesis_USV_gazebo/install/lib/python3.12/site-packages:/opt/ros/jazzy/lib/python3.12/site-packages', 'COLCON': '1', 'MEMORY_PRESSURE_WRITE': 'c29tZSAyMDAwMDAgMjAwMDAwMAA=', 'VTE_VERSION': '7600', 'CMAKE_PREFIX_PATH': '/home/aliomac/garp-test/install/workspace_gz:/home/aliomac/vrx_ws/install:/home/aliomac/thesis_USV_gazebo/install:/opt/ros/jazzy/opt/gz_sim_vendor:/opt/ros/jazzy/opt/gz_sensors_vendor:/opt/ros/jazzy/opt/gz_physics_vendor:/opt/ros/jazzy/opt/sdformat_vendor:/opt/ros/jazzy/opt/gz_gui_vendor:/opt/ros/jazzy/opt/gz_transport_vendor:/opt/ros/jazzy/opt/gz_rendering_vendor:/opt/ros/jazzy/opt/gz_plugin_vendor:/opt/ros/jazzy/opt/gz_fuel_tools_vendor:/opt/ros/jazzy/opt/gz_msgs_vendor:/opt/ros/jazzy/opt/gz_common_vendor:/opt/ros/jazzy/opt/gz_math_vendor:/opt/ros/jazzy/opt/gz_utils_vendor:/opt/ros/jazzy/opt/gz_tools_vendor:/opt/ros/jazzy/opt/gz_ogre_next_vendor:/opt/ros/jazzy/opt/gz_dartsim_vendor:/opt/ros/jazzy/opt/gz_cmake_vendor:/home/aliomac/garp-test/install/workspace_ros:/home/aliomac/garp-test/install/workspace_nav:/opt/ros/jazzy'}), 'shell': False}
[2.563164] (workspace_gz) StdoutLine: {'line': b'-- Install configuration: ""\n'}
[2.563783] (workspace_gz) StdoutLine: {'line': b'-- Execute custom install script\n'}
[2.564428] (workspace_gz) StdoutLine: {'line': b'-- Up-to-date symlink: /home/aliomac/garp-test/install/workspace_gz/lib/libWaves.so\n'}
[2.564618] (workspace_gz) StdoutLine: {'line': b'-- Up-to-date symlink: /home/aliomac/garp-test/install/workspace_gz/lib/libPolyhedraBuoyancyDrag.so\n'}
[2.564880] (workspace_gz) StdoutLine: {'line': b'-- Up-to-date symlink: /home/aliomac/garp-test/install/workspace_gz/lib/libScoringPlugin.so\n'}
[2.565131] (workspace_gz) StdoutLine: {'line': b'-- Up-to-date symlink: /home/aliomac/garp-test/install/workspace_gz/lib/libStationkeepingScoringPlugin.so\n'}
[2.565470] (workspace_gz) StdoutLine: {'line': b'-- Up-to-date symlink: /home/aliomac/garp-test/install/workspace_gz/lib/libWayfindingScoringPlugin.so\n'}
[2.565687] (workspace_gz) StdoutLine: {'line': b'-- Up-to-date symlink: /home/aliomac/garp-test/install/workspace_gz/lib/libAcousticPerceptionScoringPlugin.so\n'}
[2.565890] (workspace_gz) StdoutLine: {'line': b'-- Up-to-date symlink: /home/aliomac/garp-test/install/workspace_gz/lib/libAcousticTrackingScoringPlugin.so\n'}
[2.566137] (workspace_gz) StdoutLine: {'line': b'-- Up-to-date symlink: /home/aliomac/garp-test/install/workspace_gz/lib/libAcousticPingerPlugin.so\n'}
[2.566523] (workspace_gz) StdoutLine: {'line': b'-- Up-to-date symlink: /home/aliomac/garp-test/install/workspace_gz/lib/libBallShooterPlugin.so\n'}
[2.566772] (workspace_gz) StdoutLine: {'line': b'-- Up-to-date symlink: /home/aliomac/garp-test/install/workspace_gz/lib/libLightBuoyPlugin.so\n'}
[2.566999] (workspace_gz) StdoutLine: {'line': b'-- Up-to-date symlink: /home/aliomac/garp-test/install/workspace_gz/lib/libNavigationScoringPlugin.so\n'}
[2.567249] (workspace_gz) StdoutLine: {'line': b'-- Up-to-date symlink: /home/aliomac/garp-test/install/workspace_gz/lib/libGymkhanaScoringPlugin.so\n'}
[2.567496] (workspace_gz) StdoutLine: {'line': b'-- Up-to-date symlink: /home/aliomac/garp-test/install/workspace_gz/lib/libPerceptionScoringPlugin.so\n'}
[2.567734] (workspace_gz) StdoutLine: {'line': b'-- Up-to-date symlink: /home/aliomac/garp-test/install/workspace_gz/lib/libPlacardPlugin.so\n'}
[2.567976] (workspace_gz) StdoutLine: {'line': b'-- Up-to-date symlink: /home/aliomac/garp-test/install/workspace_gz/lib/libPublisherPlugin.so\n'}
[2.568222] (workspace_gz) StdoutLine: {'line': b'-- Up-to-date symlink: /home/aliomac/garp-test/install/workspace_gz/lib/libScanDockScoringPlugin.so\n'}
[2.568497] (workspace_gz) StdoutLine: {'line': b'-- Up-to-date symlink: /home/aliomac/garp-test/install/workspace_gz/lib/libSimpleHydrodynamics.so\n'}
[2.568739] (workspace_gz) StdoutLine: {'line': b'-- Up-to-date symlink: /home/aliomac/garp-test/install/workspace_gz/lib/libSurface.so\n'}
[2.568986] (workspace_gz) StdoutLine: {'line': b'-- Up-to-date symlink: /home/aliomac/garp-test/install/workspace_gz/lib/libUSVWind.so\n'}
[2.569226] (workspace_gz) StdoutLine: {'line': b'-- Up-to-date symlink: /home/aliomac/garp-test/install/workspace_gz/lib/libWaveVisual.so\n'}
[2.569534] (workspace_gz) StdoutLine: {'line': b'-- Up-to-date symlink: /home/aliomac/garp-test/install/workspace_gz/lib/libWildlifeScoringPlugin.so\n'}
[2.570195] (workspace_gz) StdoutLine: {'line': b'-- Up-to-date symlink: /home/aliomac/garp-test/install/workspace_gz/share/workspace_gz//description/roboboat/roboboat.xacro\n'}
[2.570536] (workspace_gz) StdoutLine: {'line': b'-- Up-to-date symlink: /home/aliomac/garp-test/install/workspace_gz/share/workspace_gz//launch/simulation.launch.py\n'}
[2.572789] (workspace_gz) StdoutLine: {'line': b'-- Up-to-date symlink: /home/aliomac/garp-test/install/workspace_gz/share/workspace_gz//models/buoys/marker_buoy_black/materials/textures/MarkerBuoy_Base_Color.png\n'}
[2.573005] (workspace_gz) StdoutLine: {'line': b'-- Up-to-date symlink: /home/aliomac/garp-test/install/workspace_gz/share/workspace_gz//models/buoys/marker_buoy_black/materials/textures/MarkerBuoy_Roughness.png\n'}
[2.573183] (workspace_gz) StdoutLine: {'line': b'-- Up-to-date symlink: /home/aliomac/garp-test/install/workspace_gz/share/workspace_gz//models/buoys/marker_buoy_black/meshes/marker_buoy.dae\n'}
[2.573398] (workspace_gz) StdoutLine: {'line': b'-- Up-to-date symlink: /home/aliomac/garp-test/install/workspace_gz/share/workspace_gz//models/buoys/marker_buoy_black/model.config\n'}
[2.573586] (workspace_gz) StdoutLine: {'line': b'-- Up-to-date symlink: /home/aliomac/garp-test/install/workspace_gz/share/workspace_gz//models/buoys/marker_buoy_black/model.sdf\n'}
[2.573774] (workspace_gz) StdoutLine: {'line': b'-- Up-to-date symlink: /home/aliomac/garp-test/install/workspace_gz/share/workspace_gz//models/buoys/marker_buoy_green/materials/textures/MarkerBuoy_Base_Color.png\n'}
[2.573967] (workspace_gz) StdoutLine: {'line': b'-- Up-to-date symlink: /home/aliomac/garp-test/install/workspace_gz/share/workspace_gz//models/buoys/marker_buoy_green/materials/textures/MarkerBuoy_Roughness.png\n'}
[2.574156] (workspace_gz) StdoutLine: {'line': b'-- Up-to-date symlink: /home/aliomac/garp-test/install/workspace_gz/share/workspace_gz//models/buoys/marker_buoy_green/meshes/marker_buoy.dae\n'}
[2.574307] (workspace_gz) StdoutLine: {'line': b'-- Up-to-date symlink: /home/aliomac/garp-test/install/workspace_gz/share/workspace_gz//models/buoys/marker_buoy_green/model.config\n'}
[2.574485] (workspace_gz) StdoutLine: {'line': b'-- Up-to-date symlink: /home/aliomac/garp-test/install/workspace_gz/share/workspace_gz//models/buoys/marker_buoy_green/model.sdf\n'}
[2.574679] (workspace_gz) StdoutLine: {'line': b'-- Up-to-date symlink: /home/aliomac/garp-test/install/workspace_gz/share/workspace_gz//models/buoys/marker_buoy_orange/materials/textures/MarkerBuoy_Base_Color.png\n'}
[2.574877] (workspace_gz) StdoutLine: {'line': b'-- Up-to-date symlink: /home/aliomac/garp-test/install/workspace_gz/share/workspace_gz//models/buoys/marker_buoy_orange/materials/textures/MarkerBuoy_Roughness.png\n'}
[2.575077] (workspace_gz) StdoutLine: {'line': b'-- Up-to-date symlink: /home/aliomac/garp-test/install/workspace_gz/share/workspace_gz//models/buoys/marker_buoy_orange/meshes/marker_buoy.dae\n'}
[2.575286] (workspace_gz) StdoutLine: {'line': b'-- Up-to-date symlink: /home/aliomac/garp-test/install/workspace_gz/share/workspace_gz//models/buoys/marker_buoy_orange/model.config\n'}
[2.575468] (workspace_gz) StdoutLine: {'line': b'-- Up-to-date symlink: /home/aliomac/garp-test/install/workspace_gz/share/workspace_gz//models/buoys/marker_buoy_orange/model.sdf\n'}
[2.575652] (workspace_gz) StdoutLine: {'line': b'-- Up-to-date symlink: /home/aliomac/garp-test/install/workspace_gz/share/workspace_gz//models/buoys/marker_buoy_red/materials/textures/MarkerBuoy_Base_Color.png\n'}
[2.575828] (workspace_gz) StdoutLine: {'line': b'-- Up-to-date symlink: /home/aliomac/garp-test/install/workspace_gz/share/workspace_gz//models/buoys/marker_buoy_red/materials/textures/MarkerBuoy_Roughness.png\n'}
[2.576017] (workspace_gz) StdoutLine: {'line': b'-- Up-to-date symlink: /home/aliomac/garp-test/install/workspace_gz/share/workspace_gz//models/buoys/marker_buoy_red/meshes/marker_buoy.dae\n'}
[2.576211] (workspace_gz) StdoutLine: {'line': b'-- Up-to-date symlink: /home/aliomac/garp-test/install/workspace_gz/share/workspace_gz//models/buoys/marker_buoy_red/model.config\n'}
[2.576401] (workspace_gz) StdoutLine: {'line': b'-- Up-to-date symlink: /home/aliomac/garp-test/install/workspace_gz/share/workspace_gz//models/buoys/marker_buoy_red/model.sdf\n'}
[2.576602] (workspace_gz) StdoutLine: {'line': b'-- Up-to-date symlink: /home/aliomac/garp-test/install/workspace_gz/share/workspace_gz//models/buoys/marker_buoy_yellow/materials/textures/MarkerBuoy_Base_Color.png\n'}
[2.576797] (workspace_gz) StdoutLine: {'line': b'-- Up-to-date symlink: /home/aliomac/garp-test/install/workspace_gz/share/workspace_gz//models/buoys/marker_buoy_yellow/materials/textures/MarkerBuoy_Roughness.png\n'}
[2.576984] (workspace_gz) StdoutLine: {'line': b'-- Up-to-date symlink: /home/aliomac/garp-test/install/workspace_gz/share/workspace_gz//models/buoys/marker_buoy_yellow/meshes/marker_buoy.dae\n'}
[2.577164] (workspace_gz) StdoutLine: {'line': b'-- Up-to-date symlink: /home/aliomac/garp-test/install/workspace_gz/share/workspace_gz//models/buoys/marker_buoy_yellow/model.config\n'}
[2.577351] (workspace_gz) StdoutLine: {'line': b'-- Up-to-date symlink: /home/aliomac/garp-test/install/workspace_gz/share/workspace_gz//models/buoys/marker_buoy_yellow/model.sdf\n'}
[2.577546] (workspace_gz) StdoutLine: {'line': b'-- Up-to-date symlink: /home/aliomac/garp-test/install/workspace_gz/share/workspace_gz//models/buoys/round_buoy_orange/materials/textures/RoundBarrierBuoy_Base_Color.png\n'}
[2.577739] (workspace_gz) StdoutLine: {'line': b'-- Up-to-date symlink: /home/aliomac/garp-test/install/workspace_gz/share/workspace_gz//models/buoys/round_buoy_orange/materials/textures/RoundBarrierBuoy_Roughness.png\n'}
[2.577941] (workspace_gz) StdoutLine: {'line': b'-- Up-to-date symlink: /home/aliomac/garp-test/install/workspace_gz/share/workspace_gz//models/buoys/round_buoy_orange/meshes/round_buoy.dae\n'}
[2.578120] (workspace_gz) StdoutLine: {'line': b'-- Up-to-date symlink: /home/aliomac/garp-test/install/workspace_gz/share/workspace_gz//models/buoys/round_buoy_orange/model.config\n'}
[2.578304] (workspace_gz) StdoutLine: {'line': b'-- Up-to-date symlink: /home/aliomac/garp-test/install/workspace_gz/share/workspace_gz//models/buoys/round_buoy_orange/model.sdf\n'}
[2.578488] (workspace_gz) StdoutLine: {'line': b'-- Up-to-date symlink: /home/aliomac/garp-test/install/workspace_gz/share/workspace_gz//models/roboboat/materials/textures/roboboat_albedo.png\n'}
[2.578672] (workspace_gz) StdoutLine: {'line': b'-- Up-to-date symlink: /home/aliomac/garp-test/install/workspace_gz/share/workspace_gz//models/roboboat/materials/textures/roboboat_metalness.png\n'}
[2.578858] (workspace_gz) StdoutLine: {'line': b'-- Up-to-date symlink: /home/aliomac/garp-test/install/workspace_gz/share/workspace_gz//models/roboboat/materials/textures/roboboat_normal.png\n'}
[2.579054] (workspace_gz) StdoutLine: {'line': b'-- Up-to-date symlink: /home/aliomac/garp-test/install/workspace_gz/share/workspace_gz//models/roboboat/materials/textures/roboboat_roughness.png\n'}
[2.579232] (workspace_gz) StdoutLine: {'line': b'-- Up-to-date symlink: /home/aliomac/garp-test/install/workspace_gz/share/workspace_gz//models/roboboat/materials/textures/thruster_albedo.png\n'}
[2.579423] (workspace_gz) StdoutLine: {'line': b'-- Up-to-date symlink: /home/aliomac/garp-test/install/workspace_gz/share/workspace_gz//models/roboboat/materials/textures/thruster_roughness.png\n'}
[2.579597] (workspace_gz) StdoutLine: {'line': b'-- Up-to-date symlink: /home/aliomac/garp-test/install/workspace_gz/share/workspace_gz//models/roboboat/meshes/housing.dae\n'}
[2.579773] (workspace_gz) StdoutLine: {'line': b'-- Up-to-date symlink: /home/aliomac/garp-test/install/workspace_gz/share/workspace_gz//models/roboboat/meshes/mount.dae\n'}
[2.579943] (workspace_gz) StdoutLine: {'line': b'-- Up-to-date symlink: /home/aliomac/garp-test/install/workspace_gz/share/workspace_gz//models/roboboat/meshes/prop.dae\n'}
[2.580116] (workspace_gz) StdoutLine: {'line': b'-- Up-to-date symlink: /home/aliomac/garp-test/install/workspace_gz/share/workspace_gz//models/roboboat/meshes/roboboat.dae\n'}
[2.580322] (workspace_gz) StdoutLine: {'line': b'-- Up-to-date symlink: /home/aliomac/garp-test/install/workspace_gz/share/workspace_gz//models/roboboat/sensors/camera/materials/textures/camera.png\n'}
[2.580514] (workspace_gz) StdoutLine: {'line': b'-- Up-to-date symlink: /home/aliomac/garp-test/install/workspace_gz/share/workspace_gz//models/roboboat/sensors/camera/materials/textures/camera_albedo.png\n'}
[2.580706] (workspace_gz) StdoutLine: {'line': b'-- Up-to-date symlink: /home/aliomac/garp-test/install/workspace_gz/share/workspace_gz//models/roboboat/sensors/camera/materials/textures/camera_metalness.png\n'}
[2.580898] (workspace_gz) StdoutLine: {'line': b'-- Up-to-date symlink: /home/aliomac/garp-test/install/workspace_gz/share/workspace_gz//models/roboboat/sensors/camera/materials/textures/camera_normal.png\n'}
[2.581092] (workspace_gz) StdoutLine: {'line': b'-- Up-to-date symlink: /home/aliomac/garp-test/install/workspace_gz/share/workspace_gz//models/roboboat/sensors/camera/materials/textures/camera_roughness.png\n'}
[2.581279] (workspace_gz) StdoutLine: {'line': b'-- Up-to-date symlink: /home/aliomac/garp-test/install/workspace_gz/share/workspace_gz//models/roboboat/sensors/camera/meshes/camera.dae\n'}
[2.581475] (workspace_gz) StdoutLine: {'line': b'-- Up-to-date symlink: /home/aliomac/garp-test/install/workspace_gz/share/workspace_gz//models/roboboat/sensors/camera/meshes/camera_albedo.png\n'}
[2.581669] (workspace_gz) StdoutLine: {'line': b'-- Up-to-date symlink: /home/aliomac/garp-test/install/workspace_gz/share/workspace_gz//models/roboboat/sensors/camera_post/materials/textures/post_albedo.png\n'}
[2.581856] (workspace_gz) StdoutLine: {'line': b'-- Up-to-date symlink: /home/aliomac/garp-test/install/workspace_gz/share/workspace_gz//models/roboboat/sensors/camera_post/meshes/post.dae\n'}
[2.582041] (workspace_gz) StdoutLine: {'line': b'-- Up-to-date symlink: /home/aliomac/garp-test/install/workspace_gz/share/workspace_gz//models/roboboat/sensors/camera_post/meshes/post_albedo.jpg\n'}
[2.582235] (workspace_gz) StdoutLine: {'line': b'-- Up-to-date symlink: /home/aliomac/garp-test/install/workspace_gz/share/workspace_gz//models/roboboat/sensors/drybox/materials/textures/drybox_albedo.png\n'}
[2.582438] (workspace_gz) StdoutLine: {'line': b'-- Up-to-date symlink: /home/aliomac/garp-test/install/workspace_gz/share/workspace_gz//models/roboboat/sensors/drybox/materials/textures/drybox_roughness.png\n'}
[2.582630] (workspace_gz) StdoutLine: {'line': b'-- Up-to-date symlink: /home/aliomac/garp-test/install/workspace_gz/share/workspace_gz//models/roboboat/sensors/drybox/meshes/drybox.dae\n'}
[2.582823] (workspace_gz) StdoutLine: {'line': b'-- Up-to-date symlink: /home/aliomac/garp-test/install/workspace_gz/share/workspace_gz//models/roboboat/sensors/gps/materials/textures/gps_albedo.png\n'}
[2.583025] (workspace_gz) StdoutLine: {'line': b'-- Up-to-date symlink: /home/aliomac/garp-test/install/workspace_gz/share/workspace_gz//models/roboboat/sensors/gps/meshes/gps.dae\n'}
[2.583203] (workspace_gz) StdoutLine: {'line': b'-- Up-to-date symlink: /home/aliomac/garp-test/install/workspace_gz/share/workspace_gz//models/roboboat/sensors/gps/meshes/gps_albedo.png\n'}
[2.583401] (workspace_gz) StdoutLine: {'line': b'-- Up-to-date symlink: /home/aliomac/garp-test/install/workspace_gz/share/workspace_gz//models/roboboat/sensors/lidar/materials/textures/lidar.png\n'}
[2.583587] (workspace_gz) StdoutLine: {'line': b'-- Up-to-date symlink: /home/aliomac/garp-test/install/workspace_gz/share/workspace_gz//models/roboboat/sensors/lidar/materials/textures/lidar_albedo.png\n'}
[2.583775] (workspace_gz) StdoutLine: {'line': b'-- Up-to-date symlink: /home/aliomac/garp-test/install/workspace_gz/share/workspace_gz//models/roboboat/sensors/lidar/materials/textures/lidar_metalness.png\n'}
[2.583964] (workspace_gz) StdoutLine: {'line': b'-- Up-to-date symlink: /home/aliomac/garp-test/install/workspace_gz/share/workspace_gz//models/roboboat/sensors/lidar/materials/textures/lidar_normal.png\n'}
[2.584148] (workspace_gz) StdoutLine: {'line': b'-- Up-to-date symlink: /home/aliomac/garp-test/install/workspace_gz/share/workspace_gz//models/roboboat/sensors/lidar/materials/textures/lidar_roughness.png\n'}
[2.584337] (workspace_gz) StdoutLine: {'line': b'-- Up-to-date symlink: /home/aliomac/garp-test/install/workspace_gz/share/workspace_gz//models/roboboat/sensors/lidar/meshes/lidar.dae\n'}
[2.584518] (workspace_gz) StdoutLine: {'line': b'-- Up-to-date symlink: /home/aliomac/garp-test/install/workspace_gz/share/workspace_gz//models/roboboat/sensors/lidar/meshes/lidar_albedo.png\n'}
[2.584706] (workspace_gz) StdoutLine: {'line': b'-- Up-to-date symlink: /home/aliomac/garp-test/install/workspace_gz/share/workspace_gz//models/roboboat/sensors/lidar_post/materials/textures/post_albedo.png\n'}
[2.584887] (workspace_gz) StdoutLine: {'line': b'-- Up-to-date symlink: /home/aliomac/garp-test/install/workspace_gz/share/workspace_gz//models/roboboat/sensors/lidar_post/meshes/post.dae\n'}
[2.585077] (workspace_gz) StdoutLine: {'line': b'-- Up-to-date symlink: /home/aliomac/garp-test/install/workspace_gz/share/workspace_gz//models/roboboat/sensors/lidar_post/meshes/post_albedo.jpg\n'}
[2.585248] (workspace_gz) StdoutLine: {'line': b'-- Up-to-date symlink: /home/aliomac/garp-test/install/workspace_gz/share/workspace_gz//models/waves/materials/programs/GerstnerWaves_fs_330.glsl\n'}
[2.585431] (workspace_gz) StdoutLine: {'line': b'-- Up-to-date symlink: /home/aliomac/garp-test/install/workspace_gz/share/workspace_gz//models/waves/materials/programs/GerstnerWaves_vs_330.glsl\n'}
[2.585603] (workspace_gz) StdoutLine: {'line': b'-- Up-to-date symlink: /home/aliomac/garp-test/install/workspace_gz/share/workspace_gz//models/waves/materials/textures/skybox_lowres.dds\n'}
[2.585776] (workspace_gz) StdoutLine: {'line': b'-- Up-to-date symlink: /home/aliomac/garp-test/install/workspace_gz/share/workspace_gz//models/waves/materials/textures/wave_normals.dds\n'}
[2.585942] (workspace_gz) StdoutLine: {'line': b'-- Up-to-date symlink: /home/aliomac/garp-test/install/workspace_gz/share/workspace_gz//models/waves/meshes/waterlow.dae\n'}
[2.586102] (workspace_gz) StdoutLine: {'line': b'-- Up-to-date symlink: /home/aliomac/garp-test/install/workspace_gz/share/workspace_gz//models/waves/model.config\n'}
[2.586262] (workspace_gz) StdoutLine: {'line': b'-- Up-to-date symlink: /home/aliomac/garp-test/install/workspace_gz/share/workspace_gz//models/waves/model.sdf\n'}
[2.586632] (workspace_gz) StdoutLine: {'line': b'-- Up-to-date symlink: /home/aliomac/garp-test/install/workspace_gz/share/workspace_gz//worlds/world.sdf\n'}
[2.586905] (workspace_gz) StdoutLine: {'line': b'-- Up-to-date symlink: /home/aliomac/garp-test/install/workspace_gz/share/workspace_gz/environment/library_path.sh\n'}
[2.587151] (workspace_gz) StdoutLine: {'line': b'-- Up-to-date symlink: /home/aliomac/garp-test/install/workspace_gz/share/workspace_gz/environment/library_path.dsv\n'}
[2.587423] (workspace_gz) StdoutLine: {'line': b'-- Up-to-date symlink: /home/aliomac/garp-test/install/workspace_gz/share/ament_index/resource_index/package_run_dependencies/workspace_gz\n'}
[2.587680] (workspace_gz) StdoutLine: {'line': b'-- Up-to-date symlink: /home/aliomac/garp-test/install/workspace_gz/share/ament_index/resource_index/parent_prefix_path/workspace_gz\n'}
[2.587936] (workspace_gz) StdoutLine: {'line': b'-- Up-to-date symlink: /home/aliomac/garp-test/install/workspace_gz/share/workspace_gz/environment/ament_prefix_path.sh\n'}
[2.588186] (workspace_gz) StdoutLine: {'line': b'-- Up-to-date symlink: /home/aliomac/garp-test/install/workspace_gz/share/workspace_gz/environment/ament_prefix_path.dsv\n'}
[2.588431] (workspace_gz) StdoutLine: {'line': b'-- Up-to-date symlink: /home/aliomac/garp-test/install/workspace_gz/share/workspace_gz/environment/path.sh\n'}
[2.588679] (workspace_gz) StdoutLine: {'line': b'-- Up-to-date symlink: /home/aliomac/garp-test/install/workspace_gz/share/workspace_gz/environment/path.dsv\n'}
[2.588902] (workspace_gz) StdoutLine: {'line': b'-- Up-to-date symlink: /home/aliomac/garp-test/install/workspace_gz/share/workspace_gz/local_setup.bash\n'}
[2.589123] (workspace_gz) StdoutLine: {'line': b'-- Up-to-date symlink: /home/aliomac/garp-test/install/workspace_gz/share/workspace_gz/local_setup.sh\n'}
[2.589366] (workspace_gz) StdoutLine: {'line': b'-- Up-to-date symlink: /home/aliomac/garp-test/install/workspace_gz/share/workspace_gz/local_setup.zsh\n'}
[2.589607] (workspace_gz) StdoutLine: {'line': b'-- Up-to-date symlink: /home/aliomac/garp-test/install/workspace_gz/share/workspace_gz/local_setup.dsv\n'}
[2.589789] (workspace_gz) StdoutLine: {'line': b'-- Symlinking: /home/aliomac/garp-test/install/workspace_gz/share/workspace_gz/package.dsv\n'}
[2.598666] (workspace_gz) StdoutLine: {'line': b'-- Up-to-date symlink: /home/aliomac/garp-test/install/workspace_gz/share/ament_index/resource_index/packages/workspace_gz\n'}
[2.598884] (workspace_gz) StdoutLine: {'line': b'-- Up-to-date symlink: /home/aliomac/garp-test/install/workspace_gz/share/workspace_gz/cmake/ament_cmake_export_libraries-extras.cmake\n'}
[2.599091] (workspace_gz) StdoutLine: {'line': b'-- Up-to-date symlink: /home/aliomac/garp-test/install/workspace_gz/share/workspace_gz/cmake/ament_cmake_export_dependencies-extras.cmake\n'}
[2.599388] (workspace_gz) StdoutLine: {'line': b'-- Up-to-date symlink: /home/aliomac/garp-test/install/workspace_gz/share/workspace_gz/cmake/workspace_gzConfig.cmake\n'}
[2.599559] (workspace_gz) StdoutLine: {'line': b'-- Up-to-date symlink: /home/aliomac/garp-test/install/workspace_gz/share/workspace_gz/cmake/workspace_gzConfig-version.cmake\n'}
[2.599782] (workspace_gz) StdoutLine: {'line': b'-- Up-to-date symlink: /home/aliomac/garp-test/install/workspace_gz/share/workspace_gz/package.xml\n'}
[2.601635] (workspace_gz) CommandEnded: {'returncode': 0}
[2.602777] (-) TimerEvent: {}
[2.621635] (workspace_gz) JobEnded: {'identifier': 'workspace_gz', 'rc': 0}
[2.622808] (-) EventReactorShutdown: {}
