[0.000000] (-) TimerEvent: {}
[0.000568] (workspace_gz) JobQueued: {'identifier': 'workspace_gz', 'dependencies': OrderedDict()}
[0.000618] (workspace_nav) JobQueued: {'identifier': 'workspace_nav', 'dependencies': OrderedDict()}
[0.000681] (workspace_ros) JobQueued: {'identifier': 'workspace_ros', 'dependencies': OrderedDict()}
[0.000702] (workspace_gz) JobStarted: {'identifier': 'workspace_gz'}
[0.006991] (workspace_nav) JobStarted: {'identifier': 'workspace_nav'}
[0.010711] (workspace_ros) JobStarted: {'identifier': 'workspace_ros'}
[0.014344] (workspace_gz) JobProgress: {'identifier': 'workspace_gz', 'progress': 'cmake'}
[0.014698] (workspace_gz) Command: {'cmd': ['/usr/bin/cmake', '/home/ngen/yildiz_ws/src/YILDIZ-USV/workspace_gz', '-DCMAKE_INSTALL_PREFIX=/home/ngen/yildiz_ws/src/YILDIZ-USV/install/workspace_gz'], 'cwd': '/home/ngen/yildiz_ws/src/YILDIZ-USV/build/workspace_gz', 'env': OrderedDict({'GJS_DEBUG_TOPICS': 'JS ERROR;JS LOG', 'XDG_ACTIVATION_TOKEN': 'gnome-shell/Terminator/2260-1-ngen_TIME78248', 'LESSOPEN': '| /usr/bin/lesspipe %s', 'GZ_SIM_RESOURCE_PATH': '/opt/ros/jazzy/share', 'USER': 'ngen', 'GZ_CONFIG_PATH': '/opt/ros/jazzy/opt/gz_sim_vendor/share/gz:/opt/ros/jazzy/opt/sdformat_vendor/share/gz:/opt/ros/jazzy/opt/gz_gui_vendor/share/gz:/opt/ros/jazzy/opt/gz_transport_vendor/share/gz:/opt/ros/jazzy/opt/gz_rendering_vendor/share/gz:/opt/ros/jazzy/opt/gz_plugin_vendor/share/gz:/opt/ros/jazzy/opt/gz_fuel_tools_vendor/share/gz:/opt/ros/jazzy/opt/gz_msgs_vendor/share/gz:/opt/ros/jazzy/opt/gz_common_vendor/share/gz', 'XDG_SESSION_TYPE': 'x11', 'CLUTTER_DISABLE_MIPMAPPED_TEXT': '1', 'SHLVL': '1', 'LD_LIBRARY_PATH': '/opt/ros/jazzy/opt/gz_sim_vendor/lib:/opt/ros/jazzy/opt/gz_sensors_vendor/lib:/opt/ros/jazzy/opt/gz_physics_vendor/lib:/opt/ros/jazzy/opt/sdformat_vendor/lib:/opt/ros/jazzy/opt/rviz_ogre_vendor/lib:/opt/ros/jazzy/lib/x86_64-linux-gnu:/opt/ros/jazzy/opt/gz_gui_vendor/lib:/opt/ros/jazzy/opt/gz_transport_vendor/lib:/opt/ros/jazzy/opt/gz_rendering_vendor/lib:/opt/ros/jazzy/opt/gz_plugin_vendor/lib:/opt/ros/jazzy/opt/gz_fuel_tools_vendor/lib:/opt/ros/jazzy/opt/gz_msgs_vendor/lib:/opt/ros/jazzy/opt/gz_common_vendor/lib:/opt/ros/jazzy/opt/gz_math_vendor/lib:/opt/ros/jazzy/opt/gz_utils_vendor/lib:/opt/ros/jazzy/opt/gz_tools_vendor/lib:/opt/ros/jazzy/opt/gz_ogre_next_vendor/lib:/opt/ros/jazzy/opt/gz_dartsim_vendor/lib:/opt/ros/jazzy/opt/gz_cmake_vendor/lib:/opt/ros/jazzy/lib', 'HOME': '/home/ngen', 'OLDPWD': '/home/ngen', 'DESKTOP_SESSION': 'ubuntu', 'GIO_LAUNCHED_DESKTOP_FILE': '/usr/share/applications/terminator.desktop', 'ROS_PYTHON_VERSION': '3', 'GNOME_SHELL_SESSION_MODE': 'ubuntu', 'GTK_MODULES': 'gail:atk-bridge', 'MANAGERPID': '1805', 'SYSTEMD_EXEC_PID': '2260', 'GSM_SKIP_SSH_AGENT_WORKAROUND': 'true', 'DBUS_SESSION_BUS_ADDRESS': 'unix:path=/run/user/1000/bus', 'COLORTERM': 'truecolor', 'TERMINATOR_DBUS_NAME': 'net.tenshu.Terminator21a9d5db22c73a993ff0b42f64b396873', 'GIO_LAUNCHED_DESKTOP_FILE_PID': '4475', 'DEBUGINFOD_URLS': 'https://debuginfod.ubuntu.com', 'ROS_DISTRO': 'jazzy', 'LOGNAME': 'ngen', 'JOURNAL_STREAM': '9:6655', '_': '/usr/bin/colcon', 'ROS_VERSION': '2', 'MEMORY_PRESSURE_WATCH': '/sys/fs/cgroup/user.slice/user-1000.slice/user@1000.service/session.slice/org.gnome.Shell@x11.service/memory.pressure', 'XDG_SESSION_CLASS': 'user', 'USERNAME': 'ngen', 'TERM': 'xterm-256color', 'GNOME_DESKTOP_SESSION_ID': 'this-is-deprecated', 'ROS_LOCALHOST_ONLY': '1', 'WINDOWPATH': '2', 'PATH': '/opt/ros/jazzy/opt/gz_msgs_vendor/bin:/opt/ros/jazzy/opt/gz_tools_vendor/bin:/opt/ros/jazzy/opt/gz_ogre_next_vendor/bin:/opt/ros/jazzy/bin:/home/ngen/.local/bin:/usr/local/sbin:/usr/local/bin:/usr/sbin:/usr/bin:/sbin:/bin:/usr/games:/usr/local/games:/snap/bin:/snap/bin', 'SESSION_MANAGER': 'local/ngen:@/tmp/.ICE-unix/2220,unix/ngen:/tmp/.ICE-unix/2220', 'INVOCATION_ID': 'dc58f2d4ec9e4c14b683e47dcf0372a9', 'XDG_MENU_PREFIX': 'gnome-', 'XDG_RUNTIME_DIR': '/run/user/1000', 'GZ_PARTITION': 'sim99', 'DISPLAY': ':0', 'TERMINATOR_DBUS_PATH': '/net/tenshu/Terminator2', 'LANG': 'en_US.UTF-8', 'XDG_CURRENT_DESKTOP': 'ubuntu:GNOME', 'GZ_IP': '127.0.0.1', 'XMODIFIERS': '@im=ibus', 'XDG_SESSION_DESKTOP': 'ubuntu', 'XAUTHORITY': '/run/user/1000/gdm/Xauthority', 'LS_COLORS': 'rs=0:di=01;34:ln=01;36:mh=00:pi=40;33:so=01;35:do=01;35:bd=40;33;01:cd=40;33;01:or=40;31;01:mi=00:su=37;41:sg=30;43:ca=00:tw=30;42:ow=34;42:st=37;44:ex=01;32:*.tar=01;31:*.tgz=01;31:*.arc=01;31:*.arj=01;31:*.taz=01;31:*.lha=01;31:*.lz4=01;31:*.lzh=01;31:*.lzma=01;31:*.tlz=01;31:*.txz=01;31:*.tzo=01;31:*.t7z=01;31:*.zip=01;31:*.z=01;31:*.dz=01;31:*.gz=01;31:*.lrz=01;31:*.lz=01;31:*.lzo=01;31:*.xz=01;31:*.zst=01;31:*.tzst=01;31:*.bz2=01;31:*.bz=01;31:*.tbz=01;31:*.tbz2=01;31:*.tz=01;31:*.deb=01;31:*.rpm=01;31:*.jar=01;31:*.war=01;31:*.ear=01;31:*.sar=01;31:*.rar=01;31:*.alz=01;31:*.ace=01;31:*.zoo=01;31:*.cpio=01;31:*.7z=01;31:*.rz=01;31:*.cab=01;31:*.wim=01;31:*.swm=01;31:*.dwm=01;31:*.esd=01;31:*.avif=01;35:*.jpg=01;35:*.jpeg=01;35:*.mjpg=01;35:*.mjpeg=01;35:*.gif=01;35:*.bmp=01;35:*.pbm=01;35:*.pgm=01;35:*.ppm=01;35:*.tga=01;35:*.xbm=01;35:*.xpm=01;35:*.tif=01;35:*.tiff=01;35:*.png=01;35:*.svg=01;35:*.svgz=01;35:*.mng=01;35:*.pcx=01;35:*.mov=01;35:*.mpg=01;35:*.mpeg=01;35:*.m2v=01;35:*.mkv=01;35:*.webm=01;35:*.webp=01;35:*.ogm=01;35:*.mp4=01;35:*.m4v=01;35:*.mp4v=01;35:*.vob=01;35:*.qt=01;35:*.nuv=01;35:*.wmv=01;35:*.asf=01;35:*.rm=01;35:*.rmvb=01;35:*.flc=01;35:*.avi=01;35:*.fli=01;35:*.flv=01;35:*.gl=01;35:*.dl=01;35:*.xcf=01;35:*.xwd=01;35:*.yuv=01;35:*.cgm=01;35:*.emf=01;35:*.ogv=01;35:*.ogx=01;35:*.aac=00;36:*.au=00;36:*.flac=00;36:*.m4a=00;36:*.mid=00;36:*.midi=00;36:*.mka=00;36:*.mp3=00;36:*.mpc=00;36:*.ogg=00;36:*.ra=00;36:*.wav=00;36:*.oga=00;36:*.opus=00;36:*.spx=00;36:*.xspf=00;36:*~=00;90:*#=00;90:*.bak=00;90:*.crdownload=00;90:*.dpkg-dist=00;90:*.dpkg-new=00;90:*.dpkg-old=00;90:*.dpkg-tmp=00;90:*.old=00;90:*.orig=00;90:*.part=00;90:*.rej=00;90:*.rpmnew=00;90:*.rpmorig=00;90:*.rpmsave=00;90:*.swp=00;90:*.tmp=00;90:*.ucf-dist=00;90:*.ucf-new=00;90:*.ucf-old=00;90:', 'SSH_AUTH_SOCK': '/run/user/1000/keyring/ssh', 'ROS_DOMAIN_ID': '99', 'AMENT_PREFIX_PATH': '/opt/ros/jazzy', 'SHELL': '/bin/bash', 'TERMINATOR_UUID': 'urn:uuid:d48611e8-fd2f-404c-8589-307f46e9c843', 'QT_ACCESSIBILITY': '1', 'GDMSESSION': 'ubuntu', 'LESSCLOSE': '/usr/bin/lesspipe %s %s', 'GZ_DISCOVERY_MULTICAST': '0', 'GPG_AGENT_INFO': '/run/user/1000/gnupg/S.gpg-agent:0:1', 'GJS_DEBUG_OUTPUT': 'stderr', 'ROS_AUTOMATIC_DISCOVERY_RANGE': 'SUBNET', 'QT_IM_MODULE': 'ibus', 'PWD': '/home/ngen/yildiz_ws/src/YILDIZ-USV/build/workspace_gz', 'XDG_CONFIG_DIRS': '/etc/xdg/xdg-ubuntu:/etc/xdg', 'XDG_DATA_DIRS': '/usr/share/ubuntu:/usr/share/gnome:/usr/local/share/:/usr/share/:/var/lib/snapd/desktop', 'PYTHONPATH': '/opt/ros/jazzy/lib/python3.12/site-packages', 'COLCON': '1', 'MEMORY_PRESSURE_WRITE': 'c29tZSAyMDAwMDAgMjAwMDAwMAA=', 'VTE_VERSION': '7600', 'CMAKE_PREFIX_PATH': '/opt/ros/jazzy/opt/gz_sim_vendor:/opt/ros/jazzy/opt/gz_sensors_vendor:/opt/ros/jazzy/opt/gz_physics_vendor:/opt/ros/jazzy/opt/sdformat_vendor:/opt/ros/jazzy/opt/gz_gui_vendor:/opt/ros/jazzy/opt/gz_transport_vendor:/opt/ros/jazzy/opt/gz_rendering_vendor:/opt/ros/jazzy/opt/gz_plugin_vendor:/opt/ros/jazzy/opt/gz_fuel_tools_vendor:/opt/ros/jazzy/opt/gz_msgs_vendor:/opt/ros/jazzy/opt/gz_common_vendor:/opt/ros/jazzy/opt/gz_math_vendor:/opt/ros/jazzy/opt/gz_utils_vendor:/opt/ros/jazzy/opt/gz_tools_vendor:/opt/ros/jazzy/opt/gz_ogre_next_vendor:/opt/ros/jazzy/opt/gz_dartsim_vendor:/opt/ros/jazzy/opt/gz_cmake_vendor:/opt/ros/jazzy'}), 'shell': False}
[0.099833] (-) TimerEvent: {}
[0.152763] (workspace_gz) StdoutLine: {'line': b'-- The C compiler identification is GNU 13.3.0\n'}
[0.184843] (workspace_gz) StdoutLine: {'line': b'-- The CXX compiler identification is GNU 13.3.0\n'}
[0.199988] (-) TimerEvent: {}
[0.205179] (workspace_gz) StdoutLine: {'line': b'-- Detecting C compiler ABI info\n'}
[0.291256] (workspace_gz) StdoutLine: {'line': b'-- Detecting C compiler ABI info - done\n'}
[0.298414] (workspace_gz) StdoutLine: {'line': b'-- Check for working C compiler: /usr/bin/cc - skipped\n'}
[0.299163] (workspace_gz) StdoutLine: {'line': b'-- Detecting C compile features\n'}
[0.299631] (workspace_gz) StdoutLine: {'line': b'-- Detecting C compile features - done\n'}
[0.300305] (-) TimerEvent: {}
[0.309248] (workspace_gz) StdoutLine: {'line': b'-- Detecting CXX compiler ABI info\n'}
[0.392666] (workspace_gz) StdoutLine: {'line': b'-- Detecting CXX compiler ABI info - done\n'}
[0.400255] (workspace_gz) StdoutLine: {'line': b'-- Check for working CXX compiler: /usr/bin/c++ - skipped\n'}
[0.400440] (-) TimerEvent: {}
[0.400572] (workspace_gz) StdoutLine: {'line': b'-- Detecting CXX compile features\n'}
[0.400695] (workspace_gz) StdoutLine: {'line': b'-- Detecting CXX compile features - done\n'}
[0.415500] (workspace_gz) StdoutLine: {'line': b'-- Found ament_cmake: 2.5.4 (/opt/ros/jazzy/share/ament_cmake/cmake)\n'}
[0.500546] (-) TimerEvent: {}
[0.551796] (workspace_gz) StdoutLine: {'line': b'-- Found Python3: /usr/bin/python3 (found version "3.12.3") found components: Interpreter \n'}
[0.600650] (-) TimerEvent: {}
[0.674846] (workspace_gz) StdoutLine: {'line': b'-- Looking for gz-sim8 -- found version 8.10.0\n'}
[0.685700] (workspace_gz) StdoutLine: {'line': b'-- Searching for dependencies of gz-sim8\n'}
[0.687128] (workspace_gz) StdoutLine: {'line': b'-- Looking for sdformat14 -- found version 14.8.0\n'}
[0.687275] (workspace_gz) StdoutLine: {'line': b'-- Searching for dependencies of sdformat14\n'}
[0.695120] (workspace_gz) StdoutLine: {'line': b"-- Checking for module 'tinyxml2'\n"}
[0.700722] (-) TimerEvent: {}
[0.712743] (workspace_gz) StdoutLine: {'line': b'--   Found tinyxml2, version 10.0.0\n'}
[0.752253] (workspace_gz) StdoutLine: {'line': b'-- Looking for gz-math7 -- found version 7.5.2\n'}
[0.752460] (workspace_gz) StdoutLine: {'line': b'-- Searching for dependencies of gz-math7\n'}
[0.754181] (workspace_gz) StdoutLine: {'line': b'-- Looking for gz-utils2 -- found version 2.2.1\n'}
[0.754319] (workspace_gz) StdoutLine: {'line': b'-- Searching for dependencies of gz-utils2\n'}
[0.756174] (workspace_gz) StdoutLine: {'line': b'-- Looking for gz-utils2 -- found version 2.2.1\n'}
[0.756316] (workspace_gz) StdoutLine: {'line': b'-- Searching for dependencies of gz-utils2\n'}
[0.756403] (workspace_gz) StdoutLine: {'line': b'-- Searching for <gz-utils2> component [cli]\n'}
[0.757914] (workspace_gz) StdoutLine: {'line': b'-- Looking for gz-utils2-cli -- found version 2.2.1\n'}
[0.758037] (workspace_gz) StdoutLine: {'line': b'-- Searching for dependencies of gz-utils2-cli\n'}
[0.760745] (workspace_gz) StdoutLine: {'line': b'-- Looking for gz-plugin2 -- found version 2.0.4\n'}
[0.760879] (workspace_gz) StdoutLine: {'line': b'-- Searching for dependencies of gz-plugin2\n'}
[0.761049] (workspace_gz) StdoutLine: {'line': b'-- Looking for gz-utils2 -- found version 2.2.1\n'}
[0.762055] (workspace_gz) StdoutLine: {'line': b'-- Searching for <gz-plugin2> component [loader]\n'}
[0.763394] (workspace_gz) StdoutLine: {'line': b'-- Looking for gz-plugin2-loader -- found version 2.0.4\n'}
[0.763531] (workspace_gz) StdoutLine: {'line': b'-- Searching for dependencies of gz-plugin2-loader\n'}
[0.764140] (workspace_gz) StdoutLine: {'line': b'-- Searching for <gz-plugin2> component [register]\n'}
[0.765488] (workspace_gz) StdoutLine: {'line': b'-- Looking for gz-plugin2-register -- found version 2.0.4\n'}
[0.765627] (workspace_gz) StdoutLine: {'line': b'-- Searching for dependencies of gz-plugin2-register\n'}
[0.767242] (workspace_gz) StdoutLine: {'line': b'-- Looking for gz-transport13 -- found version 13.5.0\n'}
[0.767379] (workspace_gz) StdoutLine: {'line': b'-- Searching for dependencies of gz-transport13\n'}
[0.801234] (workspace_ros) Command: {'cmd': ['/usr/bin/python3', '-W', 'ignore:setup.py install is deprecated', '-W', 'ignore:easy_install command is deprecated', 'setup.py', 'egg_info', '--egg-base', '../build/workspace_ros', 'build', '--build-base', '/home/ngen/yildiz_ws/src/YILDIZ-USV/build/workspace_ros/build', 'install', '--record', '/home/ngen/yildiz_ws/src/YILDIZ-USV/build/workspace_ros/install.log', '--single-version-externally-managed', 'install_data'], 'cwd': '/home/ngen/yildiz_ws/src/YILDIZ-USV/workspace_ros', 'env': {'GJS_DEBUG_TOPICS': 'JS ERROR;JS LOG', 'XDG_ACTIVATION_TOKEN': 'gnome-shell/Terminator/2260-1-ngen_TIME78248', 'LESSOPEN': '| /usr/bin/lesspipe %s', 'GZ_SIM_RESOURCE_PATH': '/opt/ros/jazzy/share', 'USER': 'ngen', 'GZ_CONFIG_PATH': '/opt/ros/jazzy/opt/gz_sim_vendor/share/gz:/opt/ros/jazzy/opt/sdformat_vendor/share/gz:/opt/ros/jazzy/opt/gz_gui_vendor/share/gz:/opt/ros/jazzy/opt/gz_transport_vendor/share/gz:/opt/ros/jazzy/opt/gz_rendering_vendor/share/gz:/opt/ros/jazzy/opt/gz_plugin_vendor/share/gz:/opt/ros/jazzy/opt/gz_fuel_tools_vendor/share/gz:/opt/ros/jazzy/opt/gz_msgs_vendor/share/gz:/opt/ros/jazzy/opt/gz_common_vendor/share/gz', 'XDG_SESSION_TYPE': 'x11', 'CLUTTER_DISABLE_MIPMAPPED_TEXT': '1', 'SHLVL': '1', 'LD_LIBRARY_PATH': '/opt/ros/jazzy/opt/gz_sim_vendor/lib:/opt/ros/jazzy/opt/gz_sensors_vendor/lib:/opt/ros/jazzy/opt/gz_physics_vendor/lib:/opt/ros/jazzy/opt/sdformat_vendor/lib:/opt/ros/jazzy/opt/rviz_ogre_vendor/lib:/opt/ros/jazzy/lib/x86_64-linux-gnu:/opt/ros/jazzy/opt/gz_gui_vendor/lib:/opt/ros/jazzy/opt/gz_transport_vendor/lib:/opt/ros/jazzy/opt/gz_rendering_vendor/lib:/opt/ros/jazzy/opt/gz_plugin_vendor/lib:/opt/ros/jazzy/opt/gz_fuel_tools_vendor/lib:/opt/ros/jazzy/opt/gz_msgs_vendor/lib:/opt/ros/jazzy/opt/gz_common_vendor/lib:/opt/ros/jazzy/opt/gz_math_vendor/lib:/opt/ros/jazzy/opt/gz_utils_vendor/lib:/opt/ros/jazzy/opt/gz_tools_vendor/lib:/opt/ros/jazzy/opt/gz_ogre_next_vendor/lib:/opt/ros/jazzy/opt/gz_dartsim_vendor/lib:/opt/ros/jazzy/opt/gz_cmake_vendor/lib:/opt/ros/jazzy/lib', 'HOME': '/home/ngen', 'OLDPWD': '/home/ngen', 'DESKTOP_SESSION': 'ubuntu', 'GIO_LAUNCHED_DESKTOP_FILE': '/usr/share/applications/terminator.desktop', 'ROS_PYTHON_VERSION': '3', 'GNOME_SHELL_SESSION_MODE': 'ubuntu', 'GTK_MODULES': 'gail:atk-bridge', 'MANAGERPID': '1805', 'SYSTEMD_EXEC_PID': '2260', 'GSM_SKIP_SSH_AGENT_WORKAROUND': 'true', 'DBUS_SESSION_BUS_ADDRESS': 'unix:path=/run/user/1000/bus', 'COLORTERM': 'truecolor', 'TERMINATOR_DBUS_NAME': 'net.tenshu.Terminator21a9d5db22c73a993ff0b42f64b396873', 'GIO_LAUNCHED_DESKTOP_FILE_PID': '4475', 'DEBUGINFOD_URLS': 'https://debuginfod.ubuntu.com', 'ROS_DISTRO': 'jazzy', 'LOGNAME': 'ngen', 'JOURNAL_STREAM': '9:6655', '_': '/usr/bin/colcon', 'ROS_VERSION': '2', 'MEMORY_PRESSURE_WATCH': '/sys/fs/cgroup/user.slice/user-1000.slice/user@1000.service/session.slice/org.gnome.Shell@x11.service/memory.pressure', 'XDG_SESSION_CLASS': 'user', 'USERNAME': 'ngen', 'TERM': 'xterm-256color', 'GNOME_DESKTOP_SESSION_ID': 'this-is-deprecated', 'ROS_LOCALHOST_ONLY': '1', 'WINDOWPATH': '2', 'PATH': '/opt/ros/jazzy/opt/gz_msgs_vendor/bin:/opt/ros/jazzy/opt/gz_tools_vendor/bin:/opt/ros/jazzy/opt/gz_ogre_next_vendor/bin:/opt/ros/jazzy/bin:/home/ngen/.local/bin:/usr/local/sbin:/usr/local/bin:/usr/sbin:/usr/bin:/sbin:/bin:/usr/games:/usr/local/games:/snap/bin:/snap/bin', 'SESSION_MANAGER': 'local/ngen:@/tmp/.ICE-unix/2220,unix/ngen:/tmp/.ICE-unix/2220', 'INVOCATION_ID': 'dc58f2d4ec9e4c14b683e47dcf0372a9', 'XDG_MENU_PREFIX': 'gnome-', 'XDG_RUNTIME_DIR': '/run/user/1000', 'GZ_PARTITION': 'sim99', 'DISPLAY': ':0', 'TERMINATOR_DBUS_PATH': '/net/tenshu/Terminator2', 'LANG': 'en_US.UTF-8', 'XDG_CURRENT_DESKTOP': 'ubuntu:GNOME', 'GZ_IP': '127.0.0.1', 'XMODIFIERS': '@im=ibus', 'XDG_SESSION_DESKTOP': 'ubuntu', 'XAUTHORITY': '/run/user/1000/gdm/Xauthority', 'LS_COLORS': 'rs=0:di=01;34:ln=01;36:mh=00:pi=40;33:so=01;35:do=01;35:bd=40;33;01:cd=40;33;01:or=40;31;01:mi=00:su=37;41:sg=30;43:ca=00:tw=30;42:ow=34;42:st=37;44:ex=01;32:*.tar=01;31:*.tgz=01;31:*.arc=01;31:*.arj=01;31:*.taz=01;31:*.lha=01;31:*.lz4=01;31:*.lzh=01;31:*.lzma=01;31:*.tlz=01;31:*.txz=01;31:*.tzo=01;31:*.t7z=01;31:*.zip=01;31:*.z=01;31:*.dz=01;31:*.gz=01;31:*.lrz=01;31:*.lz=01;31:*.lzo=01;31:*.xz=01;31:*.zst=01;31:*.tzst=01;31:*.bz2=01;31:*.bz=01;31:*.tbz=01;31:*.tbz2=01;31:*.tz=01;31:*.deb=01;31:*.rpm=01;31:*.jar=01;31:*.war=01;31:*.ear=01;31:*.sar=01;31:*.rar=01;31:*.alz=01;31:*.ace=01;31:*.zoo=01;31:*.cpio=01;31:*.7z=01;31:*.rz=01;31:*.cab=01;31:*.wim=01;31:*.swm=01;31:*.dwm=01;31:*.esd=01;31:*.avif=01;35:*.jpg=01;35:*.jpeg=01;35:*.mjpg=01;35:*.mjpeg=01;35:*.gif=01;35:*.bmp=01;35:*.pbm=01;35:*.pgm=01;35:*.ppm=01;35:*.tga=01;35:*.xbm=01;35:*.xpm=01;35:*.tif=01;35:*.tiff=01;35:*.png=01;35:*.svg=01;35:*.svgz=01;35:*.mng=01;35:*.pcx=01;35:*.mov=01;35:*.mpg=01;35:*.mpeg=01;35:*.m2v=01;35:*.mkv=01;35:*.webm=01;35:*.webp=01;35:*.ogm=01;35:*.mp4=01;35:*.m4v=01;35:*.mp4v=01;35:*.vob=01;35:*.qt=01;35:*.nuv=01;35:*.wmv=01;35:*.asf=01;35:*.rm=01;35:*.rmvb=01;35:*.flc=01;35:*.avi=01;35:*.fli=01;35:*.flv=01;35:*.gl=01;35:*.dl=01;35:*.xcf=01;35:*.xwd=01;35:*.yuv=01;35:*.cgm=01;35:*.emf=01;35:*.ogv=01;35:*.ogx=01;35:*.aac=00;36:*.au=00;36:*.flac=00;36:*.m4a=00;36:*.mid=00;36:*.midi=00;36:*.mka=00;36:*.mp3=00;36:*.mpc=00;36:*.ogg=00;36:*.ra=00;36:*.wav=00;36:*.oga=00;36:*.opus=00;36:*.spx=00;36:*.xspf=00;36:*~=00;90:*#=00;90:*.bak=00;90:*.crdownload=00;90:*.dpkg-dist=00;90:*.dpkg-new=00;90:*.dpkg-old=00;90:*.dpkg-tmp=00;90:*.old=00;90:*.orig=00;90:*.part=00;90:*.rej=00;90:*.rpmnew=00;90:*.rpmorig=00;90:*.rpmsave=00;90:*.swp=00;90:*.tmp=00;90:*.ucf-dist=00;90:*.ucf-new=00;90:*.ucf-old=00;90:', 'SSH_AUTH_SOCK': '/run/user/1000/keyring/ssh', 'ROS_DOMAIN_ID': '99', 'AMENT_PREFIX_PATH': '/opt/ros/jazzy', 'SHELL': '/bin/bash', 'TERMINATOR_UUID': 'urn:uuid:d48611e8-fd2f-404c-8589-307f46e9c843', 'QT_ACCESSIBILITY': '1', 'GDMSESSION': 'ubuntu', 'LESSCLOSE': '/usr/bin/lesspipe %s %s', 'GZ_DISCOVERY_MULTICAST': '0', 'GPG_AGENT_INFO': '/run/user/1000/gnupg/S.gpg-agent:0:1', 'GJS_DEBUG_OUTPUT': 'stderr', 'ROS_AUTOMATIC_DISCOVERY_RANGE': 'SUBNET', 'QT_IM_MODULE': 'ibus', 'PWD': '/home/ngen/yildiz_ws/src/YILDIZ-USV/build/workspace_ros', 'XDG_CONFIG_DIRS': '/etc/xdg/xdg-ubuntu:/etc/xdg', 'XDG_DATA_DIRS': '/usr/share/ubuntu:/usr/share/gnome:/usr/local/share/:/usr/share/:/var/lib/snapd/desktop', 'PYTHONPATH': '/home/ngen/yildiz_ws/src/YILDIZ-USV/build/workspace_ros/prefix_override:/usr/lib/python3/dist-packages/colcon_core/task/python/colcon_distutils_commands:/home/ngen/yildiz_ws/src/YILDIZ-USV/install/workspace_ros/lib/python3.12/site-packages:/opt/ros/jazzy/lib/python3.12/site-packages', 'COLCON': '1', 'MEMORY_PRESSURE_WRITE': 'c29tZSAyMDAwMDAgMjAwMDAwMAA=', 'VTE_VERSION': '7600', 'CMAKE_PREFIX_PATH': '/opt/ros/jazzy/opt/gz_sim_vendor:/opt/ros/jazzy/opt/gz_sensors_vendor:/opt/ros/jazzy/opt/gz_physics_vendor:/opt/ros/jazzy/opt/sdformat_vendor:/opt/ros/jazzy/opt/gz_gui_vendor:/opt/ros/jazzy/opt/gz_transport_vendor:/opt/ros/jazzy/opt/gz_rendering_vendor:/opt/ros/jazzy/opt/gz_plugin_vendor:/opt/ros/jazzy/opt/gz_fuel_tools_vendor:/opt/ros/jazzy/opt/gz_msgs_vendor:/opt/ros/jazzy/opt/gz_common_vendor:/opt/ros/jazzy/opt/gz_math_vendor:/opt/ros/jazzy/opt/gz_utils_vendor:/opt/ros/jazzy/opt/gz_tools_vendor:/opt/ros/jazzy/opt/gz_ogre_next_vendor:/opt/ros/jazzy/opt/gz_dartsim_vendor:/opt/ros/jazzy/opt/gz_cmake_vendor'}, 'shell': False}
[0.802305] (-) TimerEvent: {}
[0.813044] (workspace_nav) Command: {'cmd': ['/usr/bin/python3', '-W', 'ignore:setup.py install is deprecated', '-W', 'ignore:easy_install command is deprecated', 'setup.py', 'egg_info', '--egg-base', '../build/workspace_nav', 'build', '--build-base', '/home/ngen/yildiz_ws/src/YILDIZ-USV/build/workspace_nav/build', 'install', '--record', '/home/ngen/yildiz_ws/src/YILDIZ-USV/build/workspace_nav/install.log', '--single-version-externally-managed', 'install_data'], 'cwd': '/home/ngen/yildiz_ws/src/YILDIZ-USV/workspace_nav', 'env': {'GJS_DEBUG_TOPICS': 'JS ERROR;JS LOG', 'XDG_ACTIVATION_TOKEN': 'gnome-shell/Terminator/2260-1-ngen_TIME78248', 'LESSOPEN': '| /usr/bin/lesspipe %s', 'GZ_SIM_RESOURCE_PATH': '/opt/ros/jazzy/share', 'USER': 'ngen', 'GZ_CONFIG_PATH': '/opt/ros/jazzy/opt/gz_sim_vendor/share/gz:/opt/ros/jazzy/opt/sdformat_vendor/share/gz:/opt/ros/jazzy/opt/gz_gui_vendor/share/gz:/opt/ros/jazzy/opt/gz_transport_vendor/share/gz:/opt/ros/jazzy/opt/gz_rendering_vendor/share/gz:/opt/ros/jazzy/opt/gz_plugin_vendor/share/gz:/opt/ros/jazzy/opt/gz_fuel_tools_vendor/share/gz:/opt/ros/jazzy/opt/gz_msgs_vendor/share/gz:/opt/ros/jazzy/opt/gz_common_vendor/share/gz', 'XDG_SESSION_TYPE': 'x11', 'CLUTTER_DISABLE_MIPMAPPED_TEXT': '1', 'SHLVL': '1', 'LD_LIBRARY_PATH': '/opt/ros/jazzy/opt/gz_sim_vendor/lib:/opt/ros/jazzy/opt/gz_sensors_vendor/lib:/opt/ros/jazzy/opt/gz_physics_vendor/lib:/opt/ros/jazzy/opt/sdformat_vendor/lib:/opt/ros/jazzy/opt/rviz_ogre_vendor/lib:/opt/ros/jazzy/lib/x86_64-linux-gnu:/opt/ros/jazzy/opt/gz_gui_vendor/lib:/opt/ros/jazzy/opt/gz_transport_vendor/lib:/opt/ros/jazzy/opt/gz_rendering_vendor/lib:/opt/ros/jazzy/opt/gz_plugin_vendor/lib:/opt/ros/jazzy/opt/gz_fuel_tools_vendor/lib:/opt/ros/jazzy/opt/gz_msgs_vendor/lib:/opt/ros/jazzy/opt/gz_common_vendor/lib:/opt/ros/jazzy/opt/gz_math_vendor/lib:/opt/ros/jazzy/opt/gz_utils_vendor/lib:/opt/ros/jazzy/opt/gz_tools_vendor/lib:/opt/ros/jazzy/opt/gz_ogre_next_vendor/lib:/opt/ros/jazzy/opt/gz_dartsim_vendor/lib:/opt/ros/jazzy/opt/gz_cmake_vendor/lib:/opt/ros/jazzy/lib', 'HOME': '/home/ngen', 'OLDPWD': '/home/ngen', 'DESKTOP_SESSION': 'ubuntu', 'GIO_LAUNCHED_DESKTOP_FILE': '/usr/share/applications/terminator.desktop', 'ROS_PYTHON_VERSION': '3', 'GNOME_SHELL_SESSION_MODE': 'ubuntu', 'GTK_MODULES': 'gail:atk-bridge', 'MANAGERPID': '1805', 'SYSTEMD_EXEC_PID': '2260', 'GSM_SKIP_SSH_AGENT_WORKAROUND': 'true', 'DBUS_SESSION_BUS_ADDRESS': 'unix:path=/run/user/1000/bus', 'COLORTERM': 'truecolor', 'TERMINATOR_DBUS_NAME': 'net.tenshu.Terminator21a9d5db22c73a993ff0b42f64b396873', 'GIO_LAUNCHED_DESKTOP_FILE_PID': '4475', 'DEBUGINFOD_URLS': 'https://debuginfod.ubuntu.com', 'ROS_DISTRO': 'jazzy', 'LOGNAME': 'ngen', 'JOURNAL_STREAM': '9:6655', '_': '/usr/bin/colcon', 'ROS_VERSION': '2', 'MEMORY_PRESSURE_WATCH': '/sys/fs/cgroup/user.slice/user-1000.slice/user@1000.service/session.slice/org.gnome.Shell@x11.service/memory.pressure', 'XDG_SESSION_CLASS': 'user', 'USERNAME': 'ngen', 'TERM': 'xterm-256color', 'GNOME_DESKTOP_SESSION_ID': 'this-is-deprecated', 'ROS_LOCALHOST_ONLY': '1', 'WINDOWPATH': '2', 'PATH': '/opt/ros/jazzy/opt/gz_msgs_vendor/bin:/opt/ros/jazzy/opt/gz_tools_vendor/bin:/opt/ros/jazzy/opt/gz_ogre_next_vendor/bin:/opt/ros/jazzy/bin:/home/ngen/.local/bin:/usr/local/sbin:/usr/local/bin:/usr/sbin:/usr/bin:/sbin:/bin:/usr/games:/usr/local/games:/snap/bin:/snap/bin', 'SESSION_MANAGER': 'local/ngen:@/tmp/.ICE-unix/2220,unix/ngen:/tmp/.ICE-unix/2220', 'INVOCATION_ID': 'dc58f2d4ec9e4c14b683e47dcf0372a9', 'XDG_MENU_PREFIX': 'gnome-', 'XDG_RUNTIME_DIR': '/run/user/1000', 'GZ_PARTITION': 'sim99', 'DISPLAY': ':0', 'TERMINATOR_DBUS_PATH': '/net/tenshu/Terminator2', 'LANG': 'en_US.UTF-8', 'XDG_CURRENT_DESKTOP': 'ubuntu:GNOME', 'GZ_IP': '127.0.0.1', 'XMODIFIERS': '@im=ibus', 'XDG_SESSION_DESKTOP': 'ubuntu', 'XAUTHORITY': '/run/user/1000/gdm/Xauthority', 'LS_COLORS': 'rs=0:di=01;34:ln=01;36:mh=00:pi=40;33:so=01;35:do=01;35:bd=40;33;01:cd=40;33;01:or=40;31;01:mi=00:su=37;41:sg=30;43:ca=00:tw=30;42:ow=34;42:st=37;44:ex=01;32:*.tar=01;31:*.tgz=01;31:*.arc=01;31:*.arj=01;31:*.taz=01;31:*.lha=01;31:*.lz4=01;31:*.lzh=01;31:*.lzma=01;31:*.tlz=01;31:*.txz=01;31:*.tzo=01;31:*.t7z=01;31:*.zip=01;31:*.z=01;31:*.dz=01;31:*.gz=01;31:*.lrz=01;31:*.lz=01;31:*.lzo=01;31:*.xz=01;31:*.zst=01;31:*.tzst=01;31:*.bz2=01;31:*.bz=01;31:*.tbz=01;31:*.tbz2=01;31:*.tz=01;31:*.deb=01;31:*.rpm=01;31:*.jar=01;31:*.war=01;31:*.ear=01;31:*.sar=01;31:*.rar=01;31:*.alz=01;31:*.ace=01;31:*.zoo=01;31:*.cpio=01;31:*.7z=01;31:*.rz=01;31:*.cab=01;31:*.wim=01;31:*.swm=01;31:*.dwm=01;31:*.esd=01;31:*.avif=01;35:*.jpg=01;35:*.jpeg=01;35:*.mjpg=01;35:*.mjpeg=01;35:*.gif=01;35:*.bmp=01;35:*.pbm=01;35:*.pgm=01;35:*.ppm=01;35:*.tga=01;35:*.xbm=01;35:*.xpm=01;35:*.tif=01;35:*.tiff=01;35:*.png=01;35:*.svg=01;35:*.svgz=01;35:*.mng=01;35:*.pcx=01;35:*.mov=01;35:*.mpg=01;35:*.mpeg=01;35:*.m2v=01;35:*.mkv=01;35:*.webm=01;35:*.webp=01;35:*.ogm=01;35:*.mp4=01;35:*.m4v=01;35:*.mp4v=01;35:*.vob=01;35:*.qt=01;35:*.nuv=01;35:*.wmv=01;35:*.asf=01;35:*.rm=01;35:*.rmvb=01;35:*.flc=01;35:*.avi=01;35:*.fli=01;35:*.flv=01;35:*.gl=01;35:*.dl=01;35:*.xcf=01;35:*.xwd=01;35:*.yuv=01;35:*.cgm=01;35:*.emf=01;35:*.ogv=01;35:*.ogx=01;35:*.aac=00;36:*.au=00;36:*.flac=00;36:*.m4a=00;36:*.mid=00;36:*.midi=00;36:*.mka=00;36:*.mp3=00;36:*.mpc=00;36:*.ogg=00;36:*.ra=00;36:*.wav=00;36:*.oga=00;36:*.opus=00;36:*.spx=00;36:*.xspf=00;36:*~=00;90:*#=00;90:*.bak=00;90:*.crdownload=00;90:*.dpkg-dist=00;90:*.dpkg-new=00;90:*.dpkg-old=00;90:*.dpkg-tmp=00;90:*.old=00;90:*.orig=00;90:*.part=00;90:*.rej=00;90:*.rpmnew=00;90:*.rpmorig=00;90:*.rpmsave=00;90:*.swp=00;90:*.tmp=00;90:*.ucf-dist=00;90:*.ucf-new=00;90:*.ucf-old=00;90:', 'SSH_AUTH_SOCK': '/run/user/1000/keyring/ssh', 'ROS_DOMAIN_ID': '99', 'AMENT_PREFIX_PATH': '/opt/ros/jazzy', 'SHELL': '/bin/bash', 'TERMINATOR_UUID': 'urn:uuid:d48611e8-fd2f-404c-8589-307f46e9c843', 'QT_ACCESSIBILITY': '1', 'GDMSESSION': 'ubuntu', 'LESSCLOSE': '/usr/bin/lesspipe %s %s', 'GZ_DISCOVERY_MULTICAST': '0', 'GPG_AGENT_INFO': '/run/user/1000/gnupg/S.gpg-agent:0:1', 'GJS_DEBUG_OUTPUT': 'stderr', 'ROS_AUTOMATIC_DISCOVERY_RANGE': 'SUBNET', 'QT_IM_MODULE': 'ibus', 'PWD': '/home/ngen/yildiz_ws/src/YILDIZ-USV/build/workspace_nav', 'XDG_CONFIG_DIRS': '/etc/xdg/xdg-ubuntu:/etc/xdg', 'XDG_DATA_DIRS': '/usr/share/ubuntu:/usr/share/gnome:/usr/local/share/:/usr/share/:/var/lib/snapd/desktop', 'PYTHONPATH': '/home/ngen/yildiz_ws/src/YILDIZ-USV/build/workspace_nav/prefix_override:/usr/lib/python3/dist-packages/colcon_core/task/python/colcon_distutils_commands:/home/ngen/yildiz_ws/src/YILDIZ-USV/install/workspace_nav/lib/python3.12/site-packages:/opt/ros/jazzy/lib/python3.12/site-packages', 'COLCON': '1', 'MEMORY_PRESSURE_WRITE': 'c29tZSAyMDAwMDAgMjAwMDAwMAA=', 'VTE_VERSION': '7600', 'CMAKE_PREFIX_PATH': '/opt/ros/jazzy/opt/gz_sim_vendor:/opt/ros/jazzy/opt/gz_sensors_vendor:/opt/ros/jazzy/opt/gz_physics_vendor:/opt/ros/jazzy/opt/sdformat_vendor:/opt/ros/jazzy/opt/gz_gui_vendor:/opt/ros/jazzy/opt/gz_transport_vendor:/opt/ros/jazzy/opt/gz_rendering_vendor:/opt/ros/jazzy/opt/gz_plugin_vendor:/opt/ros/jazzy/opt/gz_fuel_tools_vendor:/opt/ros/jazzy/opt/gz_msgs_vendor:/opt/ros/jazzy/opt/gz_common_vendor:/opt/ros/jazzy/opt/gz_math_vendor:/opt/ros/jazzy/opt/gz_utils_vendor:/opt/ros/jazzy/opt/gz_tools_vendor:/opt/ros/jazzy/opt/gz_ogre_next_vendor:/opt/ros/jazzy/opt/gz_dartsim_vendor:/opt/ros/jazzy/opt/gz_cmake_vendor'}, 'shell': False}
[0.891132] (workspace_gz) StdoutLine: {'line': b'-- Found Protobuf: /usr/lib/x86_64-linux-gnu/libprotobuf.so (found version "3.21.12") \n'}
[0.902398] (-) TimerEvent: {}
[0.905163] (workspace_gz) StdoutLine: {'line': b'-- Config-file not installed for ZeroMQ -- checking for pkg-config\n'}
[0.909922] (workspace_gz) StdoutLine: {'line': b"-- Checking for module 'libzmq >= 4'\n"}
[0.926004] (workspace_gz) StdoutLine: {'line': b'--   Found libzmq, version 4.3.5\n'}
[0.968397] (workspace_gz) StdoutLine: {'line': b'-- Found ZeroMQ: TRUE (Required is at least version "4") \n'}
[0.974870] (workspace_gz) StdoutLine: {'line': b"-- Checking for module 'uuid'\n"}
[0.989067] (workspace_gz) StdoutLine: {'line': b'--   Found uuid, version 2.39.3\n'}
[1.000655] (workspace_ros) StdoutLine: {'line': b'running egg_info\n'}
[1.000921] (workspace_ros) StdoutLine: {'line': b'creating ../build/workspace_ros/workspace_ros.egg-info\n'}
[1.002467] (-) TimerEvent: {}
[1.018326] (workspace_ros) StdoutLine: {'line': b'writing ../build/workspace_ros/workspace_ros.egg-info/PKG-INFO\n'}
[1.018575] (workspace_ros) StdoutLine: {'line': b'writing dependency_links to ../build/workspace_ros/workspace_ros.egg-info/dependency_links.txt\n'}
[1.018731] (workspace_ros) StdoutLine: {'line': b'writing entry points to ../build/workspace_ros/workspace_ros.egg-info/entry_points.txt\n'}
[1.018847] (workspace_ros) StdoutLine: {'line': b'writing requirements to ../build/workspace_ros/workspace_ros.egg-info/requires.txt\n'}
[1.018997] (workspace_ros) StdoutLine: {'line': b'writing top-level names to ../build/workspace_ros/workspace_ros.egg-info/top_level.txt\n'}
[1.019108] (workspace_ros) StdoutLine: {'line': b"writing manifest file '../build/workspace_ros/workspace_ros.egg-info/SOURCES.txt'\n"}
[1.024171] (workspace_gz) StdoutLine: {'line': b'-- Found UUID: TRUE  \n'}
[1.024579] (workspace_gz) StdoutLine: {'line': b'-- Looking for gz-utils2 -- found version 2.2.1\n'}
[1.025026] (workspace_nav) StdoutLine: {'line': b'running egg_info\n'}
[1.025455] (workspace_nav) StdoutLine: {'line': b'creating ../build/workspace_nav/workspace_nav.egg-info\n'}
[1.026468] (workspace_gz) StdoutLine: {'line': b'-- Looking for gz-msgs10 -- found version 10.3.2\n'}
[1.026605] (workspace_gz) StdoutLine: {'line': b'-- Searching for dependencies of gz-msgs10\n'}
[1.042334] (workspace_nav) StdoutLine: {'line': b'writing ../build/workspace_nav/workspace_nav.egg-info/PKG-INFO\n'}
[1.042483] (workspace_nav) StdoutLine: {'line': b'writing dependency_links to ../build/workspace_nav/workspace_nav.egg-info/dependency_links.txt\n'}
[1.042574] (workspace_nav) StdoutLine: {'line': b'writing entry points to ../build/workspace_nav/workspace_nav.egg-info/entry_points.txt\n'}
[1.042666] (workspace_nav) StdoutLine: {'line': b'writing requirements to ../build/workspace_nav/workspace_nav.egg-info/requires.txt\n'}
[1.042715] (workspace_nav) StdoutLine: {'line': b'writing top-level names to ../build/workspace_nav/workspace_nav.egg-info/top_level.txt\n'}
[1.042780] (workspace_nav) StdoutLine: {'line': b"writing manifest file '../build/workspace_nav/workspace_nav.egg-info/SOURCES.txt'\n"}
[1.047219] (workspace_gz) StdoutLine: {'line': b'-- Looking for gz-utils2 -- found version 2.2.1\n'}
[1.047699] (workspace_gz) StdoutLine: {'line': b'-- Looking for gz-math7 -- found version 7.5.2\n'}
[1.053532] (workspace_ros) StdoutLine: {'line': b"reading manifest file '../build/workspace_ros/workspace_ros.egg-info/SOURCES.txt'\n"}
[1.054160] (workspace_ros) StdoutLine: {'line': b"writing manifest file '../build/workspace_ros/workspace_ros.egg-info/SOURCES.txt'\n"}
[1.054255] (workspace_ros) StdoutLine: {'line': b'running build\n'}
[1.054328] (workspace_ros) StdoutLine: {'line': b'running build_py\n'}
[1.054442] (workspace_ros) StdoutLine: {'line': b'creating /home/ngen/yildiz_ws/src/YILDIZ-USV/build/workspace_ros/build\n'}
[1.054512] (workspace_ros) StdoutLine: {'line': b'creating /home/ngen/yildiz_ws/src/YILDIZ-USV/build/workspace_ros/build/lib\n'}
[1.054590] (workspace_ros) StdoutLine: {'line': b'creating /home/ngen/yildiz_ws/src/YILDIZ-USV/build/workspace_ros/build/lib/scripts\n'}
[1.054638] (workspace_ros) StdoutLine: {'line': b'copying scripts/static_transform_publisher.py -> /home/ngen/yildiz_ws/src/YILDIZ-USV/build/workspace_ros/build/lib/scripts\n'}
[1.054702] (workspace_ros) StdoutLine: {'line': b'copying scripts/converter.py -> /home/ngen/yildiz_ws/src/YILDIZ-USV/build/workspace_ros/build/lib/scripts\n'}
[1.054769] (workspace_ros) StdoutLine: {'line': b'copying scripts/__init__.py -> /home/ngen/yildiz_ws/src/YILDIZ-USV/build/workspace_ros/build/lib/scripts\n'}
[1.054836] (workspace_ros) StdoutLine: {'line': b'copying scripts/lidar_processor.py -> /home/ngen/yildiz_ws/src/YILDIZ-USV/build/workspace_ros/build/lib/scripts\n'}
[1.054903] (workspace_ros) StdoutLine: {'line': b'copying scripts/imu_covariance_repub.py -> /home/ngen/yildiz_ws/src/YILDIZ-USV/build/workspace_ros/build/lib/scripts\n'}
[1.054972] (workspace_ros) StdoutLine: {'line': b'copying scripts/kamikaze.py -> /home/ngen/yildiz_ws/src/YILDIZ-USV/build/workspace_ros/build/lib/scripts\n'}
[1.055039] (workspace_ros) StdoutLine: {'line': b'copying scripts/gps_covariance_repub.py -> /home/ngen/yildiz_ws/src/YILDIZ-USV/build/workspace_ros/build/lib/scripts\n'}
[1.055106] (workspace_ros) StdoutLine: {'line': b'copying scripts/target_buoy.py -> /home/ngen/yildiz_ws/src/YILDIZ-USV/build/workspace_ros/build/lib/scripts\n'}
[1.055164] (workspace_ros) StdoutLine: {'line': b'copying scripts/manual_control.py -> /home/ngen/yildiz_ws/src/YILDIZ-USV/build/workspace_ros/build/lib/scripts\n'}
[1.055298] (workspace_ros) StdoutLine: {'line': b'running install\n'}
[1.057902] (workspace_gz) StdoutLine: {'line': b'-- Searching for <gz-transport13> component [log]\n'}
[1.059341] (workspace_gz) StdoutLine: {'line': b'-- Looking for gz-transport13-log -- found version 13.5.0\n'}
[1.059522] (workspace_gz) StdoutLine: {'line': b'-- Searching for dependencies of gz-transport13-log\n'}
[1.060195] (workspace_gz) StdoutLine: {'line': b'-- Searching for <gz-transport13> component [parameters]\n'}
[1.060882] (workspace_ros) StdoutLine: {'line': b'running install_lib\n'}
[1.061674] (workspace_gz) StdoutLine: {'line': b'-- Looking for gz-transport13-parameters -- found version 13.5.0\n'}
[1.061820] (workspace_gz) StdoutLine: {'line': b'-- Searching for dependencies of gz-transport13-parameters\n'}
[1.063057] (workspace_gz) StdoutLine: {'line': b'-- Looking for gz-msgs10 -- found version 10.3.2\n'}
[1.065741] (workspace_gz) StdoutLine: {'line': b'-- Looking for gz-common5 -- found version 5.7.1\n'}
[1.065851] (workspace_gz) StdoutLine: {'line': b'-- Searching for dependencies of gz-common5\n'}
[1.066198] (workspace_gz) StdoutLine: {'line': b'-- Looking for gz-utils2 -- found version 2.2.1\n'}
[1.066800] (workspace_gz) StdoutLine: {'line': b'-- Looking for dlfcn.h - found\n'}
[1.068084] (workspace_gz) StdoutLine: {'line': b'-- Looking for libdl - found\n'}
[1.069486] (workspace_gz) StdoutLine: {'line': b'-- Found DL: TRUE  \n'}
[1.076776] (workspace_gz) StdoutLine: {'line': b'-- Searching for <gz-common5> component [av]\n'}
[1.076949] (workspace_nav) StdoutLine: {'line': b"reading manifest file '../build/workspace_nav/workspace_nav.egg-info/SOURCES.txt'\n"}
[1.077552] (workspace_nav) StdoutLine: {'line': b"writing manifest file '../build/workspace_nav/workspace_nav.egg-info/SOURCES.txt'\n"}
[1.077627] (workspace_nav) StdoutLine: {'line': b'running build\n'}
[1.077733] (workspace_ros) StdoutLine: {'line': b'creating /home/ngen/yildiz_ws/src/YILDIZ-USV/install/workspace_ros/lib/python3.12/site-packages/scripts\n'}
[1.077787] (workspace_nav) StdoutLine: {'line': b'running build_py\n'}
[1.077866] (workspace_ros) StdoutLine: {'line': b'copying /home/ngen/yildiz_ws/src/YILDIZ-USV/build/workspace_ros/build/lib/scripts/static_transform_publisher.py -> /home/ngen/yildiz_ws/src/YILDIZ-USV/install/workspace_ros/lib/python3.12/site-packages/scripts\n'}
[1.077922] (workspace_ros) StdoutLine: {'line': b'copying /home/ngen/yildiz_ws/src/YILDIZ-USV/build/workspace_ros/build/lib/scripts/converter.py -> /home/ngen/yildiz_ws/src/YILDIZ-USV/install/workspace_ros/lib/python3.12/site-packages/scripts\n'}
[1.078024] (workspace_ros) StdoutLine: {'line': b'copying /home/ngen/yildiz_ws/src/YILDIZ-USV/build/workspace_ros/build/lib/scripts/__init__.py -> /home/ngen/yildiz_ws/src/YILDIZ-USV/install/workspace_ros/lib/python3.12/site-packages/scripts\n'}
[1.078080] (workspace_ros) StdoutLine: {'line': b'copying /home/ngen/yildiz_ws/src/YILDIZ-USV/build/workspace_ros/build/lib/scripts/lidar_processor.py -> /home/ngen/yildiz_ws/src/YILDIZ-USV/install/workspace_ros/lib/python3.12/site-packages/scripts\n'}
[1.078128] (workspace_ros) StdoutLine: {'line': b'copying /home/ngen/yildiz_ws/src/YILDIZ-USV/build/workspace_ros/build/lib/scripts/imu_covariance_repub.py -> /home/ngen/yildiz_ws/src/YILDIZ-USV/install/workspace_ros/lib/python3.12/site-packages/scripts\n'}
[1.078208] (workspace_nav) StdoutLine: {'line': b'creating /home/ngen/yildiz_ws/src/YILDIZ-USV/build/workspace_nav/build\n'}
[1.078257] (workspace_ros) StdoutLine: {'line': b'copying /home/ngen/yildiz_ws/src/YILDIZ-USV/build/workspace_ros/build/lib/scripts/kamikaze.py -> /home/ngen/yildiz_ws/src/YILDIZ-USV/install/workspace_ros/lib/python3.12/site-packages/scripts\n'}
[1.078302] (workspace_ros) StdoutLine: {'line': b'copying /home/ngen/yildiz_ws/src/YILDIZ-USV/build/workspace_ros/build/lib/scripts/gps_covariance_repub.py -> /home/ngen/yildiz_ws/src/YILDIZ-USV/install/workspace_ros/lib/python3.12/site-packages/scripts\n'}
[1.078348] (workspace_ros) StdoutLine: {'line': b'copying /home/ngen/yildiz_ws/src/YILDIZ-USV/build/workspace_ros/build/lib/scripts/target_buoy.py -> /home/ngen/yildiz_ws/src/YILDIZ-USV/install/workspace_ros/lib/python3.12/site-packages/scripts\n'}
[1.078457] (workspace_gz) StdoutLine: {'line': b'-- Looking for gz-common5-av -- found version 5.7.1\n'}
[1.078523] (workspace_ros) StdoutLine: {'line': b'copying /home/ngen/yildiz_ws/src/YILDIZ-USV/build/workspace_ros/build/lib/scripts/manual_control.py -> /home/ngen/yildiz_ws/src/YILDIZ-USV/install/workspace_ros/lib/python3.12/site-packages/scripts\n'}
[1.078568] (workspace_nav) StdoutLine: {'line': b'creating /home/ngen/yildiz_ws/src/YILDIZ-USV/build/workspace_nav/build/lib\n'}
[1.078609] (workspace_nav) StdoutLine: {'line': b'creating /home/ngen/yildiz_ws/src/YILDIZ-USV/build/workspace_nav/build/lib/scripts\n'}
[1.078652] (workspace_nav) StdoutLine: {'line': b'copying scripts/__init__.py -> /home/ngen/yildiz_ws/src/YILDIZ-USV/build/workspace_nav/build/lib/scripts\n'}
[1.078695] (workspace_nav) StdoutLine: {'line': b'copying scripts/waypoint_transform.py -> /home/ngen/yildiz_ws/src/YILDIZ-USV/build/workspace_nav/build/lib/scripts\n'}
[1.078737] (workspace_nav) StdoutLine: {'line': b'copying scripts/waypoint_with_state.py -> /home/ngen/yildiz_ws/src/YILDIZ-USV/build/workspace_nav/build/lib/scripts\n'}
[1.078779] (workspace_nav) StdoutLine: {'line': b'running install\n'}
[1.078821] (workspace_gz) StdoutLine: {'line': b'-- Searching for dependencies of gz-common5-av\n'}
[1.078886] (workspace_ros) StdoutLine: {'line': b'byte-compiling /home/ngen/yildiz_ws/src/YILDIZ-USV/install/workspace_ros/lib/python3.12/site-packages/scripts/static_transform_publisher.py to static_transform_publisher.cpython-312.pyc\n'}
[1.080128] (workspace_ros) StdoutLine: {'line': b'byte-compiling /home/ngen/yildiz_ws/src/YILDIZ-USV/install/workspace_ros/lib/python3.12/site-packages/scripts/converter.py to converter.cpython-312.pyc\n'}
[1.080655] (workspace_ros) StdoutLine: {'line': b'byte-compiling /home/ngen/yildiz_ws/src/YILDIZ-USV/install/workspace_ros/lib/python3.12/site-packages/scripts/__init__.py to __init__.cpython-312.pyc\n'}
[1.080806] (workspace_ros) StdoutLine: {'line': b'byte-compiling /home/ngen/yildiz_ws/src/YILDIZ-USV/install/workspace_ros/lib/python3.12/site-packages/scripts/lidar_processor.py to lidar_processor.cpython-312.pyc\n'}
[1.082579] (workspace_ros) StdoutLine: {'line': b'byte-compiling /home/ngen/yildiz_ws/src/YILDIZ-USV/install/workspace_ros/lib/python3.12/site-packages/scripts/imu_covariance_repub.py to imu_covariance_repub.cpython-312.pyc\n'}
[1.082897] (workspace_ros) StdoutLine: {'line': b'byte-compiling /home/ngen/yildiz_ws/src/YILDIZ-USV/install/workspace_ros/lib/python3.12/site-packages/scripts/kamikaze.py to kamikaze.cpython-312.pyc\n'}
[1.083655] (workspace_nav) StdoutLine: {'line': b'running install_lib\n'}
[1.083764] (workspace_gz) StdoutLine: {'line': b"-- Checking for module 'libswscale'\n"}
[1.086988] (workspace_ros) StdoutLine: {'line': b'byte-compiling /home/ngen/yildiz_ws/src/YILDIZ-USV/install/workspace_ros/lib/python3.12/site-packages/scripts/gps_covariance_repub.py to gps_covariance_repub.cpython-312.pyc\n'}
[1.087469] (workspace_ros) StdoutLine: {'line': b'byte-compiling /home/ngen/yildiz_ws/src/YILDIZ-USV/install/workspace_ros/lib/python3.12/site-packages/scripts/target_buoy.py to target_buoy.cpython-312.pyc\n'}
[1.088944] (workspace_ros) StdoutLine: {'line': b'byte-compiling /home/ngen/yildiz_ws/src/YILDIZ-USV/install/workspace_ros/lib/python3.12/site-packages/scripts/manual_control.py to manual_control.cpython-312.pyc\n'}
[1.089726] (workspace_ros) StdoutLine: {'line': b'running install_data\n'}
[1.089879] (workspace_ros) StdoutLine: {'line': b'creating /home/ngen/yildiz_ws/src/YILDIZ-USV/install/workspace_ros/share/ament_index\n'}
[1.090014] (workspace_ros) StdoutLine: {'line': b'creating /home/ngen/yildiz_ws/src/YILDIZ-USV/install/workspace_ros/share/ament_index/resource_index\n'}
[1.090144] (workspace_ros) StdoutLine: {'line': b'creating /home/ngen/yildiz_ws/src/YILDIZ-USV/install/workspace_ros/share/ament_index/resource_index/packages\n'}
[1.090288] (workspace_ros) StdoutLine: {'line': b'copying resource/workspace_ros -> /home/ngen/yildiz_ws/src/YILDIZ-USV/install/workspace_ros/share/ament_index/resource_index/packages\n'}
[1.090400] (workspace_ros) StdoutLine: {'line': b'copying package.xml -> /home/ngen/yildiz_ws/src/YILDIZ-USV/install/workspace_ros/share/workspace_ros\n'}
[1.090584] (workspace_ros) StdoutLine: {'line': b'creating /home/ngen/yildiz_ws/src/YILDIZ-USV/install/workspace_ros/share/workspace_ros/config\n'}
[1.090718] (workspace_ros) StdoutLine: {'line': b'copying config/static_transform.yaml -> /home/ngen/yildiz_ws/src/YILDIZ-USV/install/workspace_ros/share/workspace_ros/config\n'}
[1.090869] (workspace_ros) StdoutLine: {'line': b'copying config/ekf.yaml -> /home/ngen/yildiz_ws/src/YILDIZ-USV/install/workspace_ros/share/workspace_ros/config\n'}
[1.090984] (workspace_ros) StdoutLine: {'line': b'copying config/lidar_rviz.rviz -> /home/ngen/yildiz_ws/src/YILDIZ-USV/install/workspace_ros/share/workspace_ros/config\n'}
[1.091099] (workspace_ros) StdoutLine: {'line': b'copying config/navsat.yaml -> /home/ngen/yildiz_ws/src/YILDIZ-USV/install/workspace_ros/share/workspace_ros/config\n'}
[1.091207] (workspace_ros) StdoutLine: {'line': b'copying config/lidar_filter.yaml -> /home/ngen/yildiz_ws/src/YILDIZ-USV/install/workspace_ros/share/workspace_ros/config\n'}
[1.091311] (workspace_ros) StdoutLine: {'line': b'creating /home/ngen/yildiz_ws/src/YILDIZ-USV/install/workspace_ros/share/workspace_ros/launch\n'}
[1.091409] (workspace_ros) StdoutLine: {'line': b'copying launch/localization.launch.py -> /home/ngen/yildiz_ws/src/YILDIZ-USV/install/workspace_ros/share/workspace_ros/launch\n'}
[1.091505] (workspace_ros) StdoutLine: {'line': b'copying launch/mola_slam.launch.py -> /home/ngen/yildiz_ws/src/YILDIZ-USV/install/workspace_ros/share/workspace_ros/launch\n'}
[1.091651] (workspace_ros) StdoutLine: {'line': b'copying launch/lidar_filter.launch.py -> /home/ngen/yildiz_ws/src/YILDIZ-USV/install/workspace_ros/share/workspace_ros/launch\n'}
[1.091749] (workspace_ros) StdoutLine: {'line': b'creating /home/ngen/yildiz_ws/src/YILDIZ-USV/install/workspace_ros/share/workspace_ros/scripts\n'}
[1.091843] (workspace_ros) StdoutLine: {'line': b'copying scripts/static_transform_publisher.py -> /home/ngen/yildiz_ws/src/YILDIZ-USV/install/workspace_ros/share/workspace_ros/scripts\n'}
[1.091937] (workspace_ros) StdoutLine: {'line': b'copying scripts/converter.py -> /home/ngen/yildiz_ws/src/YILDIZ-USV/install/workspace_ros/share/workspace_ros/scripts\n'}
[1.092030] (workspace_ros) StdoutLine: {'line': b'copying scripts/__init__.py -> /home/ngen/yildiz_ws/src/YILDIZ-USV/install/workspace_ros/share/workspace_ros/scripts\n'}
[1.092139] (workspace_ros) StdoutLine: {'line': b'copying scripts/lidar_processor.py -> /home/ngen/yildiz_ws/src/YILDIZ-USV/install/workspace_ros/share/workspace_ros/scripts\n'}
[1.092232] (workspace_ros) StdoutLine: {'line': b'copying scripts/imu_covariance_repub.py -> /home/ngen/yildiz_ws/src/YILDIZ-USV/install/workspace_ros/share/workspace_ros/scripts\n'}
[1.092323] (workspace_ros) StdoutLine: {'line': b'copying scripts/kamikaze.py -> /home/ngen/yildiz_ws/src/YILDIZ-USV/install/workspace_ros/share/workspace_ros/scripts\n'}
[1.092413] (workspace_ros) StdoutLine: {'line': b'copying scripts/gps_covariance_repub.py -> /home/ngen/yildiz_ws/src/YILDIZ-USV/install/workspace_ros/share/workspace_ros/scripts\n'}
[1.092502] (workspace_ros) StdoutLine: {'line': b'copying scripts/target_buoy.py -> /home/ngen/yildiz_ws/src/YILDIZ-USV/install/workspace_ros/share/workspace_ros/scripts\n'}
[1.092591] (workspace_ros) StdoutLine: {'line': b'copying scripts/manual_control.py -> /home/ngen/yildiz_ws/src/YILDIZ-USV/install/workspace_ros/share/workspace_ros/scripts\n'}
[1.092685] (workspace_ros) StdoutLine: {'line': b'creating /home/ngen/yildiz_ws/src/YILDIZ-USV/install/workspace_ros/share/workspace_ros/YOLOv11\n'}
[1.092770] (workspace_ros) StdoutLine: {'line': b'copying YOLOv11/YOLOv11.pt -> /home/ngen/yildiz_ws/src/YILDIZ-USV/install/workspace_ros/share/workspace_ros/YOLOv11\n'}
[1.099408] (workspace_gz) StdoutLine: {'line': b'--   Found libswscale, version 7.5.100\n'}
[1.100397] (workspace_nav) StdoutLine: {'line': b'creating /home/ngen/yildiz_ws/src/YILDIZ-USV/install/workspace_nav/lib/python3.12/site-packages/scripts\n'}
[1.100530] (workspace_nav) StdoutLine: {'line': b'copying /home/ngen/yildiz_ws/src/YILDIZ-USV/build/workspace_nav/build/lib/scripts/__init__.py -> /home/ngen/yildiz_ws/src/YILDIZ-USV/install/workspace_nav/lib/python3.12/site-packages/scripts\n'}
[1.100650] (workspace_ros) StdoutLine: {'line': b'running install_egg_info\n'}
[1.100731] (workspace_nav) StdoutLine: {'line': b'copying /home/ngen/yildiz_ws/src/YILDIZ-USV/build/workspace_nav/build/lib/scripts/waypoint_transform.py -> /home/ngen/yildiz_ws/src/YILDIZ-USV/install/workspace_nav/lib/python3.12/site-packages/scripts\n'}
[1.100805] (workspace_nav) StdoutLine: {'line': b'copying /home/ngen/yildiz_ws/src/YILDIZ-USV/build/workspace_nav/build/lib/scripts/waypoint_with_state.py -> /home/ngen/yildiz_ws/src/YILDIZ-USV/install/workspace_nav/lib/python3.12/site-packages/scripts\n'}
[1.100953] (workspace_nav) StdoutLine: {'line': b'byte-compiling /home/ngen/yildiz_ws/src/YILDIZ-USV/install/workspace_nav/lib/python3.12/site-packages/scripts/__init__.py to __init__.cpython-312.pyc\n'}
[1.101107] (workspace_nav) StdoutLine: {'line': b'byte-compiling /home/ngen/yildiz_ws/src/YILDIZ-USV/install/workspace_nav/lib/python3.12/site-packages/scripts/waypoint_transform.py to waypoint_transform.cpython-312.pyc\n'}
[1.102538] (-) TimerEvent: {}
[1.103090] (workspace_nav) StdoutLine: {'line': b'byte-compiling /home/ngen/yildiz_ws/src/YILDIZ-USV/install/workspace_nav/lib/python3.12/site-packages/scripts/waypoint_with_state.py to waypoint_with_state.cpython-312.pyc\n'}
[1.105955] (workspace_nav) StdoutLine: {'line': b'running install_data\n'}
[1.106083] (workspace_nav) StdoutLine: {'line': b'creating /home/ngen/yildiz_ws/src/YILDIZ-USV/install/workspace_nav/share/ament_index\n'}
[1.106204] (workspace_nav) StdoutLine: {'line': b'creating /home/ngen/yildiz_ws/src/YILDIZ-USV/install/workspace_nav/share/ament_index/resource_index\n'}
[1.106320] (workspace_nav) StdoutLine: {'line': b'creating /home/ngen/yildiz_ws/src/YILDIZ-USV/install/workspace_nav/share/ament_index/resource_index/packages\n'}
[1.106441] (workspace_nav) StdoutLine: {'line': b'copying resource/workspace_nav -> /home/ngen/yildiz_ws/src/YILDIZ-USV/install/workspace_nav/share/ament_index/resource_index/packages\n'}
[1.106561] (workspace_nav) StdoutLine: {'line': b'copying package.xml -> /home/ngen/yildiz_ws/src/YILDIZ-USV/install/workspace_nav/share/workspace_nav\n'}
[1.106686] (workspace_nav) StdoutLine: {'line': b'creating /home/ngen/yildiz_ws/src/YILDIZ-USV/install/workspace_nav/share/workspace_nav/config\n'}
[1.106775] (workspace_nav) StdoutLine: {'line': b'copying config/nav2_params.yaml -> /home/ngen/yildiz_ws/src/YILDIZ-USV/install/workspace_nav/share/workspace_nav/config\n'}
[1.106853] (workspace_nav) StdoutLine: {'line': b'copying config/map.yaml -> /home/ngen/yildiz_ws/src/YILDIZ-USV/install/workspace_nav/share/workspace_nav/config\n'}
[1.106931] (workspace_nav) StdoutLine: {'line': b'creating /home/ngen/yildiz_ws/src/YILDIZ-USV/install/workspace_nav/share/workspace_nav/launch\n'}
[1.107008] (workspace_nav) StdoutLine: {'line': b'copying launch/nav2.launch.py -> /home/ngen/yildiz_ws/src/YILDIZ-USV/install/workspace_nav/share/workspace_nav/launch\n'}
[1.107101] (workspace_nav) StdoutLine: {'line': b'creating /home/ngen/yildiz_ws/src/YILDIZ-USV/install/workspace_nav/share/workspace_nav/scripts\n'}
[1.107189] (workspace_nav) StdoutLine: {'line': b'copying scripts/__init__.py -> /home/ngen/yildiz_ws/src/YILDIZ-USV/install/workspace_nav/share/workspace_nav/scripts\n'}
[1.107271] (workspace_nav) StdoutLine: {'line': b'copying scripts/waypoint_transform.py -> /home/ngen/yildiz_ws/src/YILDIZ-USV/install/workspace_nav/share/workspace_nav/scripts\n'}
[1.107352] (workspace_nav) StdoutLine: {'line': b'copying scripts/waypoint_with_state.py -> /home/ngen/yildiz_ws/src/YILDIZ-USV/install/workspace_nav/share/workspace_nav/scripts\n'}
[1.107452] (workspace_nav) StdoutLine: {'line': b'creating /home/ngen/yildiz_ws/src/YILDIZ-USV/install/workspace_nav/share/workspace_nav/map\n'}
[1.107523] (workspace_nav) StdoutLine: {'line': b'copying map/map.pgm -> /home/ngen/yildiz_ws/src/YILDIZ-USV/install/workspace_nav/share/workspace_nav/map\n'}
[1.107592] (workspace_nav) StdoutLine: {'line': b'running install_egg_info\n'}
[1.117045] (workspace_ros) StdoutLine: {'line': b'Copying ../build/workspace_ros/workspace_ros.egg-info to /home/ngen/yildiz_ws/src/YILDIZ-USV/install/workspace_ros/lib/python3.12/site-packages/workspace_ros-0.0.0-py3.12.egg-info\n'}
[1.117468] (workspace_ros) StdoutLine: {'line': b'running install_scripts\n'}
[1.122528] (workspace_nav) StdoutLine: {'line': b'Copying ../build/workspace_nav/workspace_nav.egg-info to /home/ngen/yildiz_ws/src/YILDIZ-USV/install/workspace_nav/lib/python3.12/site-packages/workspace_nav-0.0.0-py3.12.egg-info\n'}
[1.123001] (workspace_nav) StdoutLine: {'line': b'running install_scripts\n'}
[1.134764] (workspace_gz) StdoutLine: {'line': b'-- Found SWSCALE: TRUE  \n'}
[1.140120] (workspace_gz) StdoutLine: {'line': b"-- Checking for module 'libavdevice >= 56.4.100'\n"}
[1.154456] (workspace_gz) StdoutLine: {'line': b'--   Found libavdevice, version 60.3.100\n'}
[1.202644] (-) TimerEvent: {}
[1.205697] (workspace_gz) StdoutLine: {'line': b'-- Found AVDEVICE: TRUE (Required is at least version "56.4.100") \n'}
[1.211957] (workspace_gz) StdoutLine: {'line': b"-- Checking for module 'libavformat'\n"}
[1.222754] (workspace_ros) StdoutLine: {'line': b'Installing converter script to /home/ngen/yildiz_ws/src/YILDIZ-USV/install/workspace_ros/lib/workspace_ros\n'}
[1.222998] (workspace_ros) StdoutLine: {'line': b'Installing gps_covariance_repub script to /home/ngen/yildiz_ws/src/YILDIZ-USV/install/workspace_ros/lib/workspace_ros\n'}
[1.223160] (workspace_ros) StdoutLine: {'line': b'Installing imu_covariance_repub script to /home/ngen/yildiz_ws/src/YILDIZ-USV/install/workspace_ros/lib/workspace_ros\n'}
[1.223257] (workspace_ros) StdoutLine: {'line': b'Installing kamikaze script to /home/ngen/yildiz_ws/src/YILDIZ-USV/install/workspace_ros/lib/workspace_ros\n'}
[1.223344] (workspace_ros) StdoutLine: {'line': b'Installing lidar_processor script to /home/ngen/yildiz_ws/src/YILDIZ-USV/install/workspace_ros/lib/workspace_ros\n'}
[1.223431] (workspace_ros) StdoutLine: {'line': b'Installing manual_control script to /home/ngen/yildiz_ws/src/YILDIZ-USV/install/workspace_ros/lib/workspace_ros\n'}
[1.223537] (workspace_ros) StdoutLine: {'line': b'Installing static_transform_publisher script to /home/ngen/yildiz_ws/src/YILDIZ-USV/install/workspace_ros/lib/workspace_ros\n'}
[1.223622] (workspace_ros) StdoutLine: {'line': b'Installing target_buoy script to /home/ngen/yildiz_ws/src/YILDIZ-USV/install/workspace_ros/lib/workspace_ros\n'}
[1.223705] (workspace_ros) StdoutLine: {'line': b"writing list of installed files to '/home/ngen/yildiz_ws/src/YILDIZ-USV/build/workspace_ros/install.log'\n"}
[1.227897] (workspace_nav) StdoutLine: {'line': b'Installing waypoint_transform script to /home/ngen/yildiz_ws/src/YILDIZ-USV/install/workspace_nav/lib/workspace_nav\n'}
[1.228085] (workspace_nav) StdoutLine: {'line': b'Installing waypoint_with_state script to /home/ngen/yildiz_ws/src/YILDIZ-USV/install/workspace_nav/lib/workspace_nav\n'}
[1.228197] (workspace_gz) StdoutLine: {'line': b'--   Found libavformat, version 60.16.100\n'}
[1.228297] (workspace_nav) StdoutLine: {'line': b"writing list of installed files to '/home/ngen/yildiz_ws/src/YILDIZ-USV/build/workspace_nav/install.log'\n"}
[1.244209] (workspace_ros) CommandEnded: {'returncode': 0}
[1.254383] (workspace_ros) JobEnded: {'identifier': 'workspace_ros', 'rc': 0}
[1.255077] (workspace_nav) CommandEnded: {'returncode': 0}
[1.258487] (workspace_nav) JobEnded: {'identifier': 'workspace_nav', 'rc': 0}
[1.263254] (workspace_gz) StdoutLine: {'line': b'-- Found AVFORMAT: TRUE  \n'}
[1.267630] (workspace_gz) StdoutLine: {'line': b"-- Checking for module 'libavcodec'\n"}
[1.281163] (workspace_gz) StdoutLine: {'line': b'--   Found libavcodec, version 60.31.102\n'}
[1.302750] (-) TimerEvent: {}
[1.314099] (workspace_gz) StdoutLine: {'line': b'-- Found AVCODEC: TRUE  \n'}
[1.318397] (workspace_gz) StdoutLine: {'line': b"-- Checking for module 'libavutil'\n"}
[1.331936] (workspace_gz) StdoutLine: {'line': b'--   Found libavutil, version 58.29.100\n'}
[1.363629] (workspace_gz) StdoutLine: {'line': b'-- Found AVUTIL: TRUE  \n'}
[1.364660] (workspace_gz) StdoutLine: {'line': b'-- Searching for <gz-common5> component [events]\n'}
[1.366004] (workspace_gz) StdoutLine: {'line': b'-- Looking for gz-common5-events -- found version 5.7.1\n'}
[1.366316] (workspace_gz) StdoutLine: {'line': b'-- Searching for dependencies of gz-common5-events\n'}
[1.366525] (workspace_gz) StdoutLine: {'line': b'-- Looking for gz-math7 -- found version 7.5.2\n'}
[1.366923] (workspace_gz) StdoutLine: {'line': b'-- Searching for <gz-common5> component [graphics]\n'}
[1.368249] (workspace_gz) StdoutLine: {'line': b'-- Looking for gz-common5-graphics -- found version 5.7.1\n'}
[1.368506] (workspace_gz) StdoutLine: {'line': b'-- Searching for dependencies of gz-common5-graphics\n'}
[1.368737] (workspace_gz) StdoutLine: {'line': b'-- Looking for gz-math7 -- found version 7.5.2\n'}
[1.373224] (workspace_gz) StdoutLine: {'line': b'-- Found GzAssimp: TRUE (found version "5.3.0") \n'}
[1.373734] (workspace_gz) StdoutLine: {'line': b'-- Searching for <gz-common5> component [io]\n'}
[1.374981] (workspace_gz) StdoutLine: {'line': b'-- Looking for gz-common5-io -- found version 5.7.1\n'}
[1.375171] (workspace_gz) StdoutLine: {'line': b'-- Searching for dependencies of gz-common5-io\n'}
[1.375608] (workspace_gz) StdoutLine: {'line': b'-- Searching for <gz-common5> component [profiler]\n'}
[1.376833] (workspace_gz) StdoutLine: {'line': b'-- Looking for gz-common5-profiler -- found version 5.7.1\n'}
[1.376893] (workspace_gz) StdoutLine: {'line': b'-- Searching for dependencies of gz-common5-profiler\n'}
[1.378769] (workspace_gz) StdoutLine: {'line': b'-- Looking for gz-fuel_tools9 -- found version 9.1.1\n'}
[1.378836] (workspace_gz) StdoutLine: {'line': b'-- Searching for dependencies of gz-fuel_tools9\n'}
[1.402850] (-) TimerEvent: {}
[1.450401] (workspace_gz) StdoutLine: {'line': b'-- Found CURL: /usr/lib/x86_64-linux-gnu/libcurl.so (found version "8.5.0")  \n'}
[1.458507] (workspace_gz) StdoutLine: {'line': b"-- Checking for module 'jsoncpp'\n"}
[1.470875] (workspace_gz) StdoutLine: {'line': b'--   Found jsoncpp, version 1.9.5\n'}
[1.502813] (workspace_gz) StdoutLine: {'line': b'-- Found JSONCPP: TRUE  \n'}
[1.502982] (-) TimerEvent: {}
[1.516087] (workspace_gz) StdoutLine: {'line': b"-- Checking for module 'yaml-0.1'\n"}
[1.529686] (workspace_gz) StdoutLine: {'line': b'--   Found yaml-0.1, version 0.2.5\n'}
[1.558072] (workspace_gz) StdoutLine: {'line': b'-- Found YAML: TRUE  \n'}
[1.562381] (workspace_gz) StdoutLine: {'line': b"-- Checking for module 'libzip'\n"}
[1.574644] (workspace_gz) StdoutLine: {'line': b'--   Found libzip, version 1.7.3\n'}
[1.603281] (-) TimerEvent: {}
[1.604671] (workspace_gz) StdoutLine: {'line': b'-- Found ZIP: TRUE  \n'}
[1.604835] (workspace_gz) StdoutLine: {'line': b'-- Looking for gz-utils2 -- found version 2.2.1\n'}
[1.605308] (workspace_gz) StdoutLine: {'line': b'-- Looking for gz-common5 -- found version 5.7.1\n'}
[1.605394] (workspace_gz) StdoutLine: {'line': b'-- Searching for dependencies of gz-common5\n'}
[1.605594] (workspace_gz) StdoutLine: {'line': b'-- Looking for gz-utils2 -- found version 2.2.1\n'}
[1.605728] (workspace_gz) StdoutLine: {'line': b'-- Looking for dlfcn.h - found\n'}
[1.605769] (workspace_gz) StdoutLine: {'line': b'-- Looking for libdl - found\n'}
[1.611426] (workspace_gz) StdoutLine: {'line': b'-- Searching for <gz-common5> component [testing]\n'}
[1.612773] (workspace_gz) StdoutLine: {'line': b'-- Looking for gz-common5-testing -- found version 5.7.1\n'}
[1.612847] (workspace_gz) StdoutLine: {'line': b'-- Searching for dependencies of gz-common5-testing\n'}
[1.613741] (workspace_gz) StdoutLine: {'line': b'-- Looking for gz-math7 -- found version 7.5.2\n'}
[1.613880] (workspace_gz) StdoutLine: {'line': b'-- Looking for gz-msgs10 -- found version 10.3.2\n'}
[1.616428] (workspace_gz) StdoutLine: {'line': b'-- Looking for gz-gui8 -- found version 8.4.0\n'}
[1.616548] (workspace_gz) StdoutLine: {'line': b'-- Searching for dependencies of gz-gui8\n'}
[1.635706] (workspace_gz) StdoutLine: {'line': b'-- Looking for gz-utils2 -- found version 2.2.1\n'}
[1.635999] (workspace_gz) StdoutLine: {'line': b'-- Looking for gz-math7 -- found version 7.5.2\n'}
[1.636131] (workspace_gz) StdoutLine: {'line': b'-- Looking for gz-common5 -- found version 5.7.1\n'}
[1.636484] (workspace_gz) StdoutLine: {'line': b'-- Looking for gz-plugin2 -- found version 2.0.4\n'}
[1.636713] (workspace_gz) StdoutLine: {'line': b'-- Looking for gz-transport13 -- found version 13.5.0\n'}
[1.638231] (workspace_gz) StdoutLine: {'line': b'-- Looking for gz-rendering8 -- found version 8.2.2\n'}
[1.638401] (workspace_gz) StdoutLine: {'line': b'-- Searching for dependencies of gz-rendering8\n'}
[1.638672] (workspace_gz) StdoutLine: {'line': b'-- Looking for gz-math7 -- found version 7.5.2\n'}
[1.638863] (workspace_gz) StdoutLine: {'line': b'-- Searching for dependencies of gz-math7\n'}
[1.639059] (workspace_gz) StdoutLine: {'line': b'-- Looking for gz-utils2 -- found version 2.2.1\n'}
[1.639095] (workspace_gz) StdoutLine: {'line': b'-- Searching for <gz-math7> component [eigen3]\n'}
[1.640756] (workspace_gz) StdoutLine: {'line': b'-- Looking for gz-math7-eigen3 -- found version 7.5.2\n'}
[1.640829] (workspace_gz) StdoutLine: {'line': b'-- Searching for dependencies of gz-math7-eigen3\n'}
[1.648211] (workspace_gz) StdoutLine: {'line': b'-- Looking for gz-common5 -- found version 5.7.1\n'}
[1.648296] (workspace_gz) StdoutLine: {'line': b'-- Searching for dependencies of gz-common5\n'}
[1.648489] (workspace_gz) StdoutLine: {'line': b'-- Looking for gz-utils2 -- found version 2.2.1\n'}
[1.648537] (workspace_gz) StdoutLine: {'line': b'-- Looking for dlfcn.h - found\n'}
[1.648673] (workspace_gz) StdoutLine: {'line': b'-- Looking for libdl - found\n'}
[1.655689] (workspace_gz) StdoutLine: {'line': b'-- Searching for <gz-common5> component [graphics]\n'}
[1.655750] (workspace_gz) StdoutLine: {'line': b'-- Searching for <gz-common5> component [events]\n'}
[1.655785] (workspace_gz) StdoutLine: {'line': b'-- Searching for <gz-common5> component [geospatial]\n'}
[1.657101] (workspace_gz) StdoutLine: {'line': b'-- Looking for gz-common5-geospatial -- found version 5.7.1\n'}
[1.657271] (workspace_gz) StdoutLine: {'line': b'-- Searching for dependencies of gz-common5-geospatial\n'}
[1.657638] (workspace_gz) StdoutLine: {'line': b'-- Looking for gz-math7 -- found version 7.5.2\n'}
[1.657953] (workspace_gz) StdoutLine: {'line': b'-- Looking for gz-common5 -- found version 5.7.1\n'}
[1.658821] (workspace_gz) StdoutLine: {'line': b'-- Looking for gz-plugin2 -- found version 2.0.4\n'}
[1.658954] (workspace_gz) StdoutLine: {'line': b'-- Searching for dependencies of gz-plugin2\n'}
[1.659089] (workspace_gz) StdoutLine: {'line': b'-- Looking for gz-utils2 -- found version 2.2.1\n'}
[1.659193] (workspace_gz) StdoutLine: {'line': b'-- Searching for <gz-plugin2> component [all]\n'}
[1.660367] (workspace_gz) StdoutLine: {'line': b'-- Looking for all libraries of gz-plugin2 -- found version 2.0.4\n'}
[1.660730] (workspace_gz) StdoutLine: {'line': b'-- Looking for gz-plugin2 -- found version 2.0.4\n'}
[1.661526] (workspace_gz) StdoutLine: {'line': b'-- Looking for gz-utils2 -- found version 2.2.1\n'}
[1.670951] (workspace_gz) StdoutLine: {'line': b'-- Found OpenGL: /usr/lib/x86_64-linux-gnu/libOpenGL.so  found components: OpenGL \n'}
[1.672089] (workspace_gz) StdoutLine: {'line': b'-- Looking for gz-msgs10 -- found version 10.3.2\n'}
[1.701577] (workspace_gz) StdoutLine: {'line': b'-- Looking for gz-physics7 -- found version 7.6.0\n'}
[1.701815] (workspace_gz) StdoutLine: {'line': b'-- Searching for dependencies of gz-physics7\n'}
[1.701926] (workspace_gz) StdoutLine: {'line': b'-- Looking for gz-common5 -- found version 5.7.1\n'}
[1.702033] (workspace_gz) StdoutLine: {'line': b'-- Looking for gz-math7 -- found version 7.5.2\n'}
[1.702464] (workspace_gz) StdoutLine: {'line': b'-- Looking for gz-plugin2 -- found version 2.0.4\n'}
[1.702597] (workspace_gz) StdoutLine: {'line': b'-- Looking for gz-utils2 -- found version 2.2.1\n'}
[1.703335] (-) TimerEvent: {}
[1.703598] (workspace_gz) StdoutLine: {'line': b'-- Searching for <gz-physics7> component [heightmap]\n'}
[1.704600] (workspace_gz) StdoutLine: {'line': b'-- Looking for gz-physics7-heightmap -- found version 7.6.0\n'}
[1.704704] (workspace_gz) StdoutLine: {'line': b'-- Searching for dependencies of gz-physics7-heightmap\n'}
[1.704870] (workspace_gz) StdoutLine: {'line': b'-- Looking for gz-common5 -- found version 5.7.1\n'}
[1.705456] (workspace_gz) StdoutLine: {'line': b'-- Searching for <gz-physics7> component [mesh]\n'}
[1.706563] (workspace_gz) StdoutLine: {'line': b'-- Looking for gz-physics7-mesh -- found version 7.6.0\n'}
[1.706674] (workspace_gz) StdoutLine: {'line': b'-- Searching for dependencies of gz-physics7-mesh\n'}
[1.706779] (workspace_gz) StdoutLine: {'line': b'-- Looking for gz-common5 -- found version 5.7.1\n'}
[1.707302] (workspace_gz) StdoutLine: {'line': b'-- Searching for <gz-physics7> component [sdf]\n'}
[1.708226] (workspace_gz) StdoutLine: {'line': b'-- Looking for gz-physics7-sdf -- found version 7.6.0\n'}
[1.708339] (workspace_gz) StdoutLine: {'line': b'-- Searching for dependencies of gz-physics7-sdf\n'}
[1.708573] (workspace_gz) StdoutLine: {'line': b'-- Looking for sdformat14 -- found version 14.8.0\n'}
[1.711166] (workspace_gz) StdoutLine: {'line': b'-- Looking for gz-sensors8 -- found version 8.2.2\n'}
[1.711278] (workspace_gz) StdoutLine: {'line': b'-- Searching for dependencies of gz-sensors8\n'}
[1.726854] (workspace_gz) StdoutLine: {'line': b'-- Looking for gz-math7 -- found version 7.5.2\n'}
[1.727145] (workspace_gz) StdoutLine: {'line': b'-- Looking for gz-common5 -- found version 5.7.1\n'}
[1.727456] (workspace_gz) StdoutLine: {'line': b'-- Looking for gz-transport13 -- found version 13.5.0\n'}
[1.727643] (workspace_gz) StdoutLine: {'line': b'-- Looking for gz-rendering8 -- found version 8.2.2\n'}
[1.727969] (workspace_gz) StdoutLine: {'line': b'-- Looking for gz-msgs10 -- found version 10.3.2\n'}
[1.728074] (workspace_gz) StdoutLine: {'line': b'-- Looking for sdformat14 -- found version 14.8.0\n'}
[1.728888] (workspace_gz) StdoutLine: {'line': b'-- Searching for <gz-sensors8> component [air_pressure]\n'}
[1.730365] (workspace_gz) StdoutLine: {'line': b'-- Looking for gz-sensors8-air_pressure -- found version 8.2.2\n'}
[1.730560] (workspace_gz) StdoutLine: {'line': b'-- Searching for dependencies of gz-sensors8-air_pressure\n'}
[1.731364] (workspace_gz) StdoutLine: {'line': b'-- Searching for <gz-sensors8> component [air_speed]\n'}
[1.732305] (workspace_gz) StdoutLine: {'line': b'-- Looking for gz-sensors8-air_speed -- found version 8.2.2\n'}
[1.732627] (workspace_gz) StdoutLine: {'line': b'-- Searching for dependencies of gz-sensors8-air_speed\n'}
[1.732940] (workspace_gz) StdoutLine: {'line': b'-- Searching for <gz-sensors8> component [altimeter]\n'}
[1.733837] (workspace_gz) StdoutLine: {'line': b'-- Looking for gz-sensors8-altimeter -- found version 8.2.2\n'}
[1.733932] (workspace_gz) StdoutLine: {'line': b'-- Searching for dependencies of gz-sensors8-altimeter\n'}
[1.734423] (workspace_gz) StdoutLine: {'line': b'-- Searching for <gz-sensors8> component [imu]\n'}
[1.735182] (workspace_gz) StdoutLine: {'line': b'-- Looking for gz-sensors8-imu -- found version 8.2.2\n'}
[1.735329] (workspace_gz) StdoutLine: {'line': b'-- Searching for dependencies of gz-sensors8-imu\n'}
[1.735867] (workspace_gz) StdoutLine: {'line': b'-- Searching for <gz-sensors8> component [force_torque]\n'}
[1.736685] (workspace_gz) StdoutLine: {'line': b'-- Looking for gz-sensors8-force_torque -- found version 8.2.2\n'}
[1.736797] (workspace_gz) StdoutLine: {'line': b'-- Searching for dependencies of gz-sensors8-force_torque\n'}
[1.737310] (workspace_gz) StdoutLine: {'line': b'-- Searching for <gz-sensors8> component [logical_camera]\n'}
[1.737977] (workspace_gz) StdoutLine: {'line': b'-- Looking for gz-sensors8-logical_camera -- found version 8.2.2\n'}
[1.738095] (workspace_gz) StdoutLine: {'line': b'-- Searching for dependencies of gz-sensors8-logical_camera\n'}
[1.738577] (workspace_gz) StdoutLine: {'line': b'-- Searching for <gz-sensors8> component [magnetometer]\n'}
[1.739308] (workspace_gz) StdoutLine: {'line': b'-- Looking for gz-sensors8-magnetometer -- found version 8.2.2\n'}
[1.739422] (workspace_gz) StdoutLine: {'line': b'-- Searching for dependencies of gz-sensors8-magnetometer\n'}
[1.739863] (workspace_gz) StdoutLine: {'line': b'-- Searching for <gz-sensors8> component [navsat]\n'}
[1.740680] (workspace_gz) StdoutLine: {'line': b'-- Looking for gz-sensors8-navsat -- found version 8.2.2\n'}
[1.740794] (workspace_gz) StdoutLine: {'line': b'-- Searching for dependencies of gz-sensors8-navsat\n'}
[1.741289] (workspace_gz) StdoutLine: {'line': b'-- Searching for <gz-sensors8> component [dvl]\n'}
[1.742025] (workspace_gz) StdoutLine: {'line': b'-- Looking for gz-sensors8-dvl -- found version 8.2.2\n'}
[1.742151] (workspace_gz) StdoutLine: {'line': b'-- Searching for dependencies of gz-sensors8-dvl\n'}
[1.742501] (workspace_gz) StdoutLine: {'line': b'-- Looking for gz-sensors8 -- found version 8.2.2\n'}
[1.742615] (workspace_gz) StdoutLine: {'line': b'-- Searching for dependencies of gz-sensors8\n'}
[1.757219] (workspace_gz) StdoutLine: {'line': b'-- Looking for gz-math7 -- found version 7.5.2\n'}
[1.757549] (workspace_gz) StdoutLine: {'line': b'-- Looking for gz-common5 -- found version 5.7.1\n'}
[1.757628] (workspace_gz) StdoutLine: {'line': b'-- Looking for gz-transport13 -- found version 13.5.0\n'}
[1.757781] (workspace_gz) StdoutLine: {'line': b'-- Looking for gz-rendering8 -- found version 8.2.2\n'}
[1.757998] (workspace_gz) StdoutLine: {'line': b'-- Looking for gz-msgs10 -- found version 10.3.2\n'}
[1.758288] (workspace_gz) StdoutLine: {'line': b'-- Looking for sdformat14 -- found version 14.8.0\n'}
[1.758413] (workspace_gz) StdoutLine: {'line': b'-- Searching for <gz-sensors8> component [rendering]\n'}
[1.759284] (workspace_gz) StdoutLine: {'line': b'-- Looking for gz-sensors8-rendering -- found version 8.2.2\n'}
[1.759385] (workspace_gz) StdoutLine: {'line': b'-- Searching for dependencies of gz-sensors8-rendering\n'}
[1.760355] (workspace_gz) StdoutLine: {'line': b'-- Searching for <gz-sensors8> component [rendering]\n'}
[1.760447] (workspace_gz) StdoutLine: {'line': b'-- Searching for <gz-sensors8> component [lidar]\n'}
[1.761188] (workspace_gz) StdoutLine: {'line': b'-- Looking for gz-sensors8-lidar -- found version 8.2.2\n'}
[1.761314] (workspace_gz) StdoutLine: {'line': b'-- Searching for dependencies of gz-sensors8-lidar\n'}
[1.761563] (workspace_gz) StdoutLine: {'line': b'-- Looking for gz-sensors8 -- found version 8.2.2\n'}
[1.762132] (workspace_gz) StdoutLine: {'line': b'-- Searching for <gz-sensors8> component [gpu_lidar]\n'}
[1.762908] (workspace_gz) StdoutLine: {'line': b'-- Looking for gz-sensors8-gpu_lidar -- found version 8.2.2\n'}
[1.763009] (workspace_gz) StdoutLine: {'line': b'-- Searching for dependencies of gz-sensors8-gpu_lidar\n'}
[1.763379] (workspace_gz) StdoutLine: {'line': b'-- Looking for gz-sensors8 -- found version 8.2.2\n'}
[1.764104] (workspace_gz) StdoutLine: {'line': b'-- Searching for <gz-sensors8> component [camera]\n'}
[1.765167] (workspace_gz) StdoutLine: {'line': b'-- Looking for gz-sensors8-camera -- found version 8.2.2\n'}
[1.765256] (workspace_gz) StdoutLine: {'line': b'-- Searching for dependencies of gz-sensors8-camera\n'}
[1.765459] (workspace_gz) StdoutLine: {'line': b'-- Looking for gz-sensors8 -- found version 8.2.2\n'}
[1.766190] (workspace_gz) StdoutLine: {'line': b'-- Searching for <gz-sensors8> component [boundingbox_camera]\n'}
[1.766905] (workspace_gz) StdoutLine: {'line': b'-- Looking for gz-sensors8-boundingbox_camera -- found version 8.2.2\n'}
[1.766998] (workspace_gz) StdoutLine: {'line': b'-- Searching for dependencies of gz-sensors8-boundingbox_camera\n'}
[1.767688] (workspace_gz) StdoutLine: {'line': b'-- Searching for <gz-sensors8> component [segmentation_camera]\n'}
[1.768472] (workspace_gz) StdoutLine: {'line': b'-- Looking for gz-sensors8-segmentation_camera -- found version 8.2.2\n'}
[1.768658] (workspace_gz) StdoutLine: {'line': b'-- Searching for dependencies of gz-sensors8-segmentation_camera\n'}
[1.769093] (workspace_gz) StdoutLine: {'line': b'-- Searching for <gz-sensors8> component [depth_camera]\n'}
[1.769756] (workspace_gz) StdoutLine: {'line': b'-- Looking for gz-sensors8-depth_camera -- found version 8.2.2\n'}
[1.769867] (workspace_gz) StdoutLine: {'line': b'-- Searching for dependencies of gz-sensors8-depth_camera\n'}
[1.770143] (workspace_gz) StdoutLine: {'line': b'-- Looking for gz-sensors8 -- found version 8.2.2\n'}
[1.770814] (workspace_gz) StdoutLine: {'line': b'-- Searching for <gz-sensors8> component [rgbd_camera]\n'}
[1.771687] (workspace_gz) StdoutLine: {'line': b'-- Looking for gz-sensors8-rgbd_camera -- found version 8.2.2\n'}
[1.771779] (workspace_gz) StdoutLine: {'line': b'-- Searching for dependencies of gz-sensors8-rgbd_camera\n'}
[1.772010] (workspace_gz) StdoutLine: {'line': b'-- Looking for gz-sensors8 -- found version 8.2.2\n'}
[1.772697] (workspace_gz) StdoutLine: {'line': b'-- Searching for <gz-sensors8> component [thermal_camera]\n'}
[1.773550] (workspace_gz) StdoutLine: {'line': b'-- Looking for gz-sensors8-thermal_camera -- found version 8.2.2\n'}
[1.773638] (workspace_gz) StdoutLine: {'line': b'-- Searching for dependencies of gz-sensors8-thermal_camera\n'}
[1.773856] (workspace_gz) StdoutLine: {'line': b'-- Looking for gz-sensors8 -- found version 8.2.2\n'}
[1.774683] (workspace_gz) StdoutLine: {'line': b'-- Searching for <gz-sensors8> component [wide_angle_camera]\n'}
[1.775675] (workspace_gz) StdoutLine: {'line': b'-- Looking for gz-sensors8-wide_angle_camera -- found version 8.2.2\n'}
[1.775751] (workspace_gz) StdoutLine: {'line': b'-- Searching for dependencies of gz-sensors8-wide_angle_camera\n'}
[1.776673] (workspace_gz) StdoutLine: {'line': b'-- Looking for gz-rendering8 -- found version 8.2.2\n'}
[1.776778] (workspace_gz) StdoutLine: {'line': b'-- Looking for gz-math7 -- found version 7.5.2\n'}
[1.777037] (workspace_gz) StdoutLine: {'line': b'-- Looking for gz-utils2 -- found version 2.2.1\n'}
[1.792746] (workspace_gz) StdoutLine: {'line': b'-- Looking for gz-common5 -- found version 5.7.1\n'}
[1.792876] (workspace_gz) StdoutLine: {'line': b'-- Looking for gz-math7 -- found version 7.5.2\n'}
[1.793217] (workspace_gz) StdoutLine: {'line': b'-- Looking for gz-transport13 -- found version 13.5.0\n'}
[1.793439] (workspace_gz) StdoutLine: {'line': b'-- Looking for gz-plugin2 -- found version 2.0.4\n'}
[1.793705] (workspace_gz) StdoutLine: {'line': b'-- Looking for gz-rendering8 -- found version 8.2.2\n'}
[1.794029] (workspace_gz) StdoutLine: {'line': b'-- Looking for gz-sensors8 -- found version 8.2.2\n'}
[1.794228] (workspace_gz) StdoutLine: {'line': b'-- Looking for gz-utils2 -- found version 2.2.1\n'}
[1.794476] (workspace_gz) StdoutLine: {'line': b'-- Looking for sdformat14 -- found version 14.8.0\n'}
[1.797736] (workspace_gz) StdoutLine: {'line': b'-- Found std_msgs: 5.3.6 (/opt/ros/jazzy/share/std_msgs/cmake)\n'}
[1.803430] (-) TimerEvent: {}
[1.838298] (workspace_gz) StdoutLine: {'line': b'-- Found rosidl_generator_c: 4.6.6 (/opt/ros/jazzy/share/rosidl_generator_c/cmake)\n'}
[1.852674] (workspace_gz) StdoutLine: {'line': b'-- Found rosidl_generator_cpp: 4.6.6 (/opt/ros/jazzy/share/rosidl_generator_cpp/cmake)\n'}
[1.872150] (workspace_gz) StdoutLine: {'line': b'-- Using all available rosidl_typesupport_c: rosidl_typesupport_fastrtps_c;rosidl_typesupport_introspection_c\n'}
[1.891836] (workspace_gz) StdoutLine: {'line': b'-- Using all available rosidl_typesupport_cpp: rosidl_typesupport_fastrtps_cpp;rosidl_typesupport_introspection_cpp\n'}
[1.903533] (-) TimerEvent: {}
[1.923413] (workspace_gz) StdoutLine: {'line': b'-- Looking for gz-msgs10 -- found version 10.3.2\n'}
[1.924009] (workspace_gz) StdoutLine: {'line': b'-- Looking for gz-fuel_tools9 -- found version 9.1.1\n'}
[1.990614] (workspace_gz) StdoutLine: {'line': b'-- Configuring done (2.0s)\n'}
[2.003621] (-) TimerEvent: {}
[2.075401] (workspace_gz) StdoutLine: {'line': b'-- Generating done (0.1s)\n'}
[2.093344] (workspace_gz) StdoutLine: {'line': b'-- Build files have been written to: /home/ngen/yildiz_ws/src/YILDIZ-USV/build/workspace_gz\n'}
[2.103714] (-) TimerEvent: {}
[2.103862] (workspace_gz) CommandEnded: {'returncode': 0}
[2.104275] (workspace_gz) JobProgress: {'identifier': 'workspace_gz', 'progress': 'build'}
[2.104962] (workspace_gz) Command: {'cmd': ['/usr/bin/cmake', '--build', '/home/ngen/yildiz_ws/src/YILDIZ-USV/build/workspace_gz', '--', '-j20', '-l20'], 'cwd': '/home/ngen/yildiz_ws/src/YILDIZ-USV/build/workspace_gz', 'env': OrderedDict({'GJS_DEBUG_TOPICS': 'JS ERROR;JS LOG', 'XDG_ACTIVATION_TOKEN': 'gnome-shell/Terminator/2260-1-ngen_TIME78248', 'LESSOPEN': '| /usr/bin/lesspipe %s', 'GZ_SIM_RESOURCE_PATH': '/opt/ros/jazzy/share', 'USER': 'ngen', 'GZ_CONFIG_PATH': '/opt/ros/jazzy/opt/gz_sim_vendor/share/gz:/opt/ros/jazzy/opt/sdformat_vendor/share/gz:/opt/ros/jazzy/opt/gz_gui_vendor/share/gz:/opt/ros/jazzy/opt/gz_transport_vendor/share/gz:/opt/ros/jazzy/opt/gz_rendering_vendor/share/gz:/opt/ros/jazzy/opt/gz_plugin_vendor/share/gz:/opt/ros/jazzy/opt/gz_fuel_tools_vendor/share/gz:/opt/ros/jazzy/opt/gz_msgs_vendor/share/gz:/opt/ros/jazzy/opt/gz_common_vendor/share/gz', 'XDG_SESSION_TYPE': 'x11', 'CLUTTER_DISABLE_MIPMAPPED_TEXT': '1', 'SHLVL': '1', 'LD_LIBRARY_PATH': '/opt/ros/jazzy/opt/gz_sim_vendor/lib:/opt/ros/jazzy/opt/gz_sensors_vendor/lib:/opt/ros/jazzy/opt/gz_physics_vendor/lib:/opt/ros/jazzy/opt/sdformat_vendor/lib:/opt/ros/jazzy/opt/rviz_ogre_vendor/lib:/opt/ros/jazzy/lib/x86_64-linux-gnu:/opt/ros/jazzy/opt/gz_gui_vendor/lib:/opt/ros/jazzy/opt/gz_transport_vendor/lib:/opt/ros/jazzy/opt/gz_rendering_vendor/lib:/opt/ros/jazzy/opt/gz_plugin_vendor/lib:/opt/ros/jazzy/opt/gz_fuel_tools_vendor/lib:/opt/ros/jazzy/opt/gz_msgs_vendor/lib:/opt/ros/jazzy/opt/gz_common_vendor/lib:/opt/ros/jazzy/opt/gz_math_vendor/lib:/opt/ros/jazzy/opt/gz_utils_vendor/lib:/opt/ros/jazzy/opt/gz_tools_vendor/lib:/opt/ros/jazzy/opt/gz_ogre_next_vendor/lib:/opt/ros/jazzy/opt/gz_dartsim_vendor/lib:/opt/ros/jazzy/opt/gz_cmake_vendor/lib:/opt/ros/jazzy/lib', 'HOME': '/home/ngen', 'OLDPWD': '/home/ngen', 'DESKTOP_SESSION': 'ubuntu', 'GIO_LAUNCHED_DESKTOP_FILE': '/usr/share/applications/terminator.desktop', 'ROS_PYTHON_VERSION': '3', 'GNOME_SHELL_SESSION_MODE': 'ubuntu', 'GTK_MODULES': 'gail:atk-bridge', 'MANAGERPID': '1805', 'SYSTEMD_EXEC_PID': '2260', 'GSM_SKIP_SSH_AGENT_WORKAROUND': 'true', 'DBUS_SESSION_BUS_ADDRESS': 'unix:path=/run/user/1000/bus', 'COLORTERM': 'truecolor', 'TERMINATOR_DBUS_NAME': 'net.tenshu.Terminator21a9d5db22c73a993ff0b42f64b396873', 'GIO_LAUNCHED_DESKTOP_FILE_PID': '4475', 'DEBUGINFOD_URLS': 'https://debuginfod.ubuntu.com', 'ROS_DISTRO': 'jazzy', 'LOGNAME': 'ngen', 'JOURNAL_STREAM': '9:6655', '_': '/usr/bin/colcon', 'ROS_VERSION': '2', 'MEMORY_PRESSURE_WATCH': '/sys/fs/cgroup/user.slice/user-1000.slice/user@1000.service/session.slice/org.gnome.Shell@x11.service/memory.pressure', 'XDG_SESSION_CLASS': 'user', 'USERNAME': 'ngen', 'TERM': 'xterm-256color', 'GNOME_DESKTOP_SESSION_ID': 'this-is-deprecated', 'ROS_LOCALHOST_ONLY': '1', 'WINDOWPATH': '2', 'PATH': '/opt/ros/jazzy/opt/gz_msgs_vendor/bin:/opt/ros/jazzy/opt/gz_tools_vendor/bin:/opt/ros/jazzy/opt/gz_ogre_next_vendor/bin:/opt/ros/jazzy/bin:/home/ngen/.local/bin:/usr/local/sbin:/usr/local/bin:/usr/sbin:/usr/bin:/sbin:/bin:/usr/games:/usr/local/games:/snap/bin:/snap/bin', 'SESSION_MANAGER': 'local/ngen:@/tmp/.ICE-unix/2220,unix/ngen:/tmp/.ICE-unix/2220', 'INVOCATION_ID': 'dc58f2d4ec9e4c14b683e47dcf0372a9', 'XDG_MENU_PREFIX': 'gnome-', 'XDG_RUNTIME_DIR': '/run/user/1000', 'GZ_PARTITION': 'sim99', 'DISPLAY': ':0', 'TERMINATOR_DBUS_PATH': '/net/tenshu/Terminator2', 'LANG': 'en_US.UTF-8', 'XDG_CURRENT_DESKTOP': 'ubuntu:GNOME', 'GZ_IP': '127.0.0.1', 'XMODIFIERS': '@im=ibus', 'XDG_SESSION_DESKTOP': 'ubuntu', 'XAUTHORITY': '/run/user/1000/gdm/Xauthority', 'LS_COLORS': 'rs=0:di=01;34:ln=01;36:mh=00:pi=40;33:so=01;35:do=01;35:bd=40;33;01:cd=40;33;01:or=40;31;01:mi=00:su=37;41:sg=30;43:ca=00:tw=30;42:ow=34;42:st=37;44:ex=01;32:*.tar=01;31:*.tgz=01;31:*.arc=01;31:*.arj=01;31:*.taz=01;31:*.lha=01;31:*.lz4=01;31:*.lzh=01;31:*.lzma=01;31:*.tlz=01;31:*.txz=01;31:*.tzo=01;31:*.t7z=01;31:*.zip=01;31:*.z=01;31:*.dz=01;31:*.gz=01;31:*.lrz=01;31:*.lz=01;31:*.lzo=01;31:*.xz=01;31:*.zst=01;31:*.tzst=01;31:*.bz2=01;31:*.bz=01;31:*.tbz=01;31:*.tbz2=01;31:*.tz=01;31:*.deb=01;31:*.rpm=01;31:*.jar=01;31:*.war=01;31:*.ear=01;31:*.sar=01;31:*.rar=01;31:*.alz=01;31:*.ace=01;31:*.zoo=01;31:*.cpio=01;31:*.7z=01;31:*.rz=01;31:*.cab=01;31:*.wim=01;31:*.swm=01;31:*.dwm=01;31:*.esd=01;31:*.avif=01;35:*.jpg=01;35:*.jpeg=01;35:*.mjpg=01;35:*.mjpeg=01;35:*.gif=01;35:*.bmp=01;35:*.pbm=01;35:*.pgm=01;35:*.ppm=01;35:*.tga=01;35:*.xbm=01;35:*.xpm=01;35:*.tif=01;35:*.tiff=01;35:*.png=01;35:*.svg=01;35:*.svgz=01;35:*.mng=01;35:*.pcx=01;35:*.mov=01;35:*.mpg=01;35:*.mpeg=01;35:*.m2v=01;35:*.mkv=01;35:*.webm=01;35:*.webp=01;35:*.ogm=01;35:*.mp4=01;35:*.m4v=01;35:*.mp4v=01;35:*.vob=01;35:*.qt=01;35:*.nuv=01;35:*.wmv=01;35:*.asf=01;35:*.rm=01;35:*.rmvb=01;35:*.flc=01;35:*.avi=01;35:*.fli=01;35:*.flv=01;35:*.gl=01;35:*.dl=01;35:*.xcf=01;35:*.xwd=01;35:*.yuv=01;35:*.cgm=01;35:*.emf=01;35:*.ogv=01;35:*.ogx=01;35:*.aac=00;36:*.au=00;36:*.flac=00;36:*.m4a=00;36:*.mid=00;36:*.midi=00;36:*.mka=00;36:*.mp3=00;36:*.mpc=00;36:*.ogg=00;36:*.ra=00;36:*.wav=00;36:*.oga=00;36:*.opus=00;36:*.spx=00;36:*.xspf=00;36:*~=00;90:*#=00;90:*.bak=00;90:*.crdownload=00;90:*.dpkg-dist=00;90:*.dpkg-new=00;90:*.dpkg-old=00;90:*.dpkg-tmp=00;90:*.old=00;90:*.orig=00;90:*.part=00;90:*.rej=00;90:*.rpmnew=00;90:*.rpmorig=00;90:*.rpmsave=00;90:*.swp=00;90:*.tmp=00;90:*.ucf-dist=00;90:*.ucf-new=00;90:*.ucf-old=00;90:', 'SSH_AUTH_SOCK': '/run/user/1000/keyring/ssh', 'ROS_DOMAIN_ID': '99', 'AMENT_PREFIX_PATH': '/opt/ros/jazzy', 'SHELL': '/bin/bash', 'TERMINATOR_UUID': 'urn:uuid:d48611e8-fd2f-404c-8589-307f46e9c843', 'QT_ACCESSIBILITY': '1', 'GDMSESSION': 'ubuntu', 'LESSCLOSE': '/usr/bin/lesspipe %s %s', 'GZ_DISCOVERY_MULTICAST': '0', 'GPG_AGENT_INFO': '/run/user/1000/gnupg/S.gpg-agent:0:1', 'GJS_DEBUG_OUTPUT': 'stderr', 'ROS_AUTOMATIC_DISCOVERY_RANGE': 'SUBNET', 'QT_IM_MODULE': 'ibus', 'PWD': '/home/ngen/yildiz_ws/src/YILDIZ-USV/build/workspace_gz', 'XDG_CONFIG_DIRS': '/etc/xdg/xdg-ubuntu:/etc/xdg', 'XDG_DATA_DIRS': '/usr/share/ubuntu:/usr/share/gnome:/usr/local/share/:/usr/share/:/var/lib/snapd/desktop', 'PYTHONPATH': '/opt/ros/jazzy/lib/python3.12/site-packages', 'COLCON': '1', 'MEMORY_PRESSURE_WRITE': 'c29tZSAyMDAwMDAgMjAwMDAwMAA=', 'VTE_VERSION': '7600', 'CMAKE_PREFIX_PATH': '/opt/ros/jazzy/opt/gz_sim_vendor:/opt/ros/jazzy/opt/gz_sensors_vendor:/opt/ros/jazzy/opt/gz_physics_vendor:/opt/ros/jazzy/opt/sdformat_vendor:/opt/ros/jazzy/opt/gz_gui_vendor:/opt/ros/jazzy/opt/gz_transport_vendor:/opt/ros/jazzy/opt/gz_rendering_vendor:/opt/ros/jazzy/opt/gz_plugin_vendor:/opt/ros/jazzy/opt/gz_fuel_tools_vendor:/opt/ros/jazzy/opt/gz_msgs_vendor:/opt/ros/jazzy/opt/gz_common_vendor:/opt/ros/jazzy/opt/gz_math_vendor:/opt/ros/jazzy/opt/gz_utils_vendor:/opt/ros/jazzy/opt/gz_tools_vendor:/opt/ros/jazzy/opt/gz_ogre_next_vendor:/opt/ros/jazzy/opt/gz_dartsim_vendor:/opt/ros/jazzy/opt/gz_cmake_vendor:/opt/ros/jazzy'}), 'shell': False}
[2.147239] (workspace_gz) StdoutLine: {'line': b'[  2%] \x1b[32mBuilding CXX object CMakeFiles/ScoringPlugin.dir/plugins/ScoringPlugin.cc.o\x1b[0m\n'}
[2.148064] (workspace_gz) StdoutLine: {'line': b'[  4%] \x1b[32mBuilding CXX object CMakeFiles/Waves.dir/plugins/Wavefield.cc.o\x1b[0m\n'}
[2.203850] (-) TimerEvent: {}
[2.304115] (-) TimerEvent: {}
[2.404405] (-) TimerEvent: {}
[2.504700] (-) TimerEvent: {}
[2.605087] (-) TimerEvent: {}
[2.705356] (-) TimerEvent: {}
[2.805618] (-) TimerEvent: {}
[2.905919] (-) TimerEvent: {}
[3.006159] (-) TimerEvent: {}
[3.106436] (-) TimerEvent: {}
[3.206755] (-) TimerEvent: {}
[3.307123] (-) TimerEvent: {}
[3.407378] (-) TimerEvent: {}
[3.507658] (-) TimerEvent: {}
[3.608037] (-) TimerEvent: {}
[3.708461] (-) TimerEvent: {}
[3.808754] (-) TimerEvent: {}
[3.909064] (-) TimerEvent: {}
[4.009279] (-) TimerEvent: {}
[4.109526] (-) TimerEvent: {}
[4.209758] (-) TimerEvent: {}
[4.310058] (-) TimerEvent: {}
[4.410268] (-) TimerEvent: {}
[4.510472] (-) TimerEvent: {}
[4.528808] (workspace_gz) StdoutLine: {'line': b'[  6%] \x1b[32m\x1b[1mLinking CXX shared library libWaves.so\x1b[0m\n'}
[4.610649] (-) TimerEvent: {}
[4.710872] (-) TimerEvent: {}
[4.721340] (workspace_gz) StdoutLine: {'line': b'[  6%] Built target Waves\n'}
[4.741023] (workspace_gz) StdoutLine: {'line': b'[  8%] \x1b[32mBuilding CXX object CMakeFiles/PolyhedraBuoyancyDrag.dir/plugins/PolyhedronVolume.cc.o\x1b[0m\n'}
[4.741450] (workspace_gz) StdoutLine: {'line': b'[ 12%] \x1b[32mBuilding CXX object CMakeFiles/PolyhedraBuoyancyDrag.dir/plugins/ShapeVolume.cc.o\x1b[0m\n'}
[4.741562] (workspace_gz) StdoutLine: {'line': b'[ 12%] \x1b[32mBuilding CXX object CMakeFiles/PolyhedraBuoyancyDrag.dir/plugins/PolyhedraBuoyancyDrag.cc.o\x1b[0m\n'}
[4.810985] (-) TimerEvent: {}
[4.911208] (-) TimerEvent: {}
[5.011443] (-) TimerEvent: {}
[5.111670] (-) TimerEvent: {}
[5.212006] (-) TimerEvent: {}
[5.312240] (-) TimerEvent: {}
[5.412478] (-) TimerEvent: {}
[5.463607] (workspace_gz) StdoutLine: {'line': b'[ 14%] \x1b[32m\x1b[1mLinking CXX shared library libScoringPlugin.so\x1b[0m\n'}
[5.512651] (-) TimerEvent: {}
[5.613021] (-) TimerEvent: {}
[5.630271] (workspace_gz) StdoutLine: {'line': b'[ 14%] Built target ScoringPlugin\n'}
[5.655073] (workspace_gz) StdoutLine: {'line': b'[ 20%] \x1b[32mBuilding CXX object CMakeFiles/AcousticPerceptionScoringPlugin.dir/plugins/AcousticPerceptionScoringPlugin.cc.o\x1b[0m\n'}
[5.655332] (workspace_gz) StdoutLine: {'line': b'[ 20%] \x1b[32mBuilding CXX object CMakeFiles/StationkeepingScoringPlugin.dir/plugins/StationkeepingScoringPlugin.cc.o\x1b[0m\n'}
[5.655489] (workspace_gz) StdoutLine: {'line': b'[ 20%] \x1b[32mBuilding CXX object CMakeFiles/WayfindingScoringPlugin.dir/plugins/WayfindingScoringPlugin.cc.o\x1b[0m\n'}
[5.655582] (workspace_gz) StdoutLine: {'line': b'[ 25%] \x1b[32mBuilding CXX object CMakeFiles/BallShooterPlugin.dir/plugins/BallShooterPlugin.cc.o\x1b[0m\n'}
[5.655665] (workspace_gz) StdoutLine: {'line': b'[ 27%] \x1b[32mBuilding CXX object CMakeFiles/AcousticPingerPlugin.dir/plugins/AcousticPingerPlugin.cc.o\x1b[0m\n'}
[5.655741] (workspace_gz) StdoutLine: {'line': b'[ 27%] \x1b[32mBuilding CXX object CMakeFiles/USVWind.dir/plugins/USVWind.cc.o\x1b[0m\n'}
[5.656772] (workspace_gz) StdoutLine: {'line': b'[ 29%] \x1b[32mBuilding CXX object CMakeFiles/GymkhanaScoringPlugin.dir/plugins/GymkhanaScoringPlugin.cc.o\x1b[0m\n'}
[5.657015] (workspace_gz) StdoutLine: {'line': b'[ 31%] \x1b[32mBuilding CXX object CMakeFiles/PerceptionScoringPlugin.dir/plugins/PerceptionScoringPlugin.cc.o\x1b[0m\n'}
[5.657858] (workspace_gz) StdoutLine: {'line': b'[ 33%] \x1b[32mBuilding CXX object CMakeFiles/ScanDockScoringPlugin.dir/plugins/ScanDockScoringPlugin.cc.o\x1b[0m\n'}
[5.658439] (workspace_gz) StdoutLine: {'line': b'[ 37%] \x1b[32mBuilding CXX object CMakeFiles/NavigationScoringPlugin.dir/plugins/NavigationScoringPlugin.cc.o\x1b[0m\n'}
[5.659046] (workspace_gz) StdoutLine: {'line': b'[ 39%] \x1b[32mBuilding CXX object CMakeFiles/SimpleHydrodynamics.dir/plugins/SimpleHydrodynamics.cc.o\x1b[0m\n'}
[5.659174] (workspace_gz) StdoutLine: {'line': b'[ 41%] \x1b[32mBuilding CXX object CMakeFiles/Surface.dir/plugins/Surface.cc.o\x1b[0m\n'}
[5.659626] (workspace_gz) StdoutLine: {'line': b'[ 43%] \x1b[32mBuilding CXX object CMakeFiles/AcousticTrackingScoringPlugin.dir/plugins/AcousticTrackingScoringPlugin.cc.o\x1b[0m\n'}
[5.661471] (workspace_gz) StdoutLine: {'line': b'[ 43%] \x1b[32mBuilding CXX object CMakeFiles/WaveVisual.dir/plugins/WaveVisual.cc.o\x1b[0m\n'}
[5.661652] (workspace_gz) StdoutLine: {'line': b'[ 47%] \x1b[32mBuilding CXX object CMakeFiles/LightBuoyPlugin.dir/plugins/LightBuoyPlugin.cc.o\x1b[0m\n'}
[5.661755] (workspace_gz) StdoutLine: {'line': b'[ 50%] \x1b[32mBuilding CXX object CMakeFiles/PlacardPlugin.dir/plugins/PlacardPlugin.cc.o\x1b[0m\n'}
[5.661844] (workspace_gz) StdoutLine: {'line': b'[ 50%] \x1b[32mBuilding CXX object CMakeFiles/WildlifeScoringPlugin.dir/plugins/WildlifeScoringPlugin.cc.o\x1b[0m\n'}
[5.662371] (workspace_gz) StdoutLine: {'line': b'[ 52%] \x1b[32mBuilding CXX object CMakeFiles/PublisherPlugin.dir/plugins/PublisherPlugin.cc.o\x1b[0m\n'}
[5.713136] (-) TimerEvent: {}
[5.813490] (-) TimerEvent: {}
[5.916255] (-) TimerEvent: {}
[6.016624] (-) TimerEvent: {}
[6.042491] (workspace_gz) StdoutLine: {'line': b'[ 54%] \x1b[32mBuilding CXX object CMakeFiles/AcousticTrackingScoringPlugin.dir/plugins/WaypointMarkers.cc.o\x1b[0m\n'}
[6.116758] (-) TimerEvent: {}
[6.217137] (-) TimerEvent: {}
[6.317495] (-) TimerEvent: {}
[6.421148] (-) TimerEvent: {}
[6.521976] (-) TimerEvent: {}
[6.622376] (-) TimerEvent: {}
[6.723722] (-) TimerEvent: {}
[6.824248] (-) TimerEvent: {}
[6.929161] (-) TimerEvent: {}
[7.029544] (-) TimerEvent: {}
[7.129934] (-) TimerEvent: {}
[7.230347] (-) TimerEvent: {}
[7.330768] (-) TimerEvent: {}
[7.431148] (-) TimerEvent: {}
[7.531544] (-) TimerEvent: {}
[7.631928] (-) TimerEvent: {}
[7.732322] (-) TimerEvent: {}
[7.836286] (-) TimerEvent: {}
[7.936687] (-) TimerEvent: {}
[8.037141] (-) TimerEvent: {}
[8.137518] (-) TimerEvent: {}
[8.237918] (-) TimerEvent: {}
[8.339209] (-) TimerEvent: {}
[8.440143] (-) TimerEvent: {}
[8.541361] (-) TimerEvent: {}
[8.642142] (-) TimerEvent: {}
[8.742519] (-) TimerEvent: {}
[8.843135] (-) TimerEvent: {}
[8.945242] (-) TimerEvent: {}
[9.045648] (-) TimerEvent: {}
[9.146065] (-) TimerEvent: {}
[9.246459] (-) TimerEvent: {}
[9.346859] (-) TimerEvent: {}
[9.447309] (-) TimerEvent: {}
[9.548138] (-) TimerEvent: {}
[9.649255] (-) TimerEvent: {}
[9.750155] (-) TimerEvent: {}
[9.850571] (-) TimerEvent: {}
[9.951143] (-) TimerEvent: {}
[10.052231] (-) TimerEvent: {}
[10.152637] (-) TimerEvent: {}
[10.254372] (-) TimerEvent: {}
[10.357324] (-) TimerEvent: {}
[10.457714] (-) TimerEvent: {}
[10.558123] (-) TimerEvent: {}
[10.658527] (-) TimerEvent: {}
[10.758946] (-) TimerEvent: {}
[10.860159] (-) TimerEvent: {}
[10.960569] (-) TimerEvent: {}
[11.060954] (-) TimerEvent: {}
[11.161626] (-) TimerEvent: {}
[11.262598] (-) TimerEvent: {}
[11.363013] (-) TimerEvent: {}
[11.464024] (-) TimerEvent: {}
[11.565157] (-) TimerEvent: {}
[11.665594] (-) TimerEvent: {}
[11.766088] (-) TimerEvent: {}
[11.868269] (-) TimerEvent: {}
[11.968670] (-) TimerEvent: {}
[12.069101] (-) TimerEvent: {}
[12.169479] (-) TimerEvent: {}
[12.269912] (-) TimerEvent: {}
[12.370283] (-) TimerEvent: {}
[12.386319] (workspace_gz) StdoutLine: {'line': b'[ 56%] \x1b[32mBuilding CXX object CMakeFiles/StationkeepingScoringPlugin.dir/plugins/WaypointMarkers.cc.o\x1b[0m\n'}
[12.405393] (workspace_gz) StdoutLine: {'line': b'[ 58%] \x1b[32m\x1b[1mLinking CXX shared library libPublisherPlugin.so\x1b[0m\n'}
[12.471000] (-) TimerEvent: {}
[12.573141] (-) TimerEvent: {}
[12.677821] (-) TimerEvent: {}
[12.779148] (-) TimerEvent: {}
[12.875152] (workspace_gz) StdoutLine: {'line': b'[ 60%] \x1b[32m\x1b[1mLinking CXX shared library libPolyhedraBuoyancyDrag.so\x1b[0m\n'}
[12.880126] (-) TimerEvent: {}
[12.895144] (workspace_gz) StdoutLine: {'line': b'[ 60%] Built target PublisherPlugin\n'}
[12.907879] (workspace_gz) StdoutLine: {'line': b'[ 62%] \x1b[32mBuilding CXX object CMakeFiles/WayfindingScoringPlugin.dir/plugins/WaypointMarkers.cc.o\x1b[0m\n'}
[12.981133] (-) TimerEvent: {}
[13.011572] (workspace_gz) StdoutLine: {'line': b'[ 64%] \x1b[32m\x1b[1mLinking CXX shared library libLightBuoyPlugin.so\x1b[0m\n'}
[13.081295] (-) TimerEvent: {}
[13.181623] (-) TimerEvent: {}
[13.282126] (-) TimerEvent: {}
[13.367201] (workspace_gz) StdoutLine: {'line': b'[ 64%] Built target PolyhedraBuoyancyDrag\n'}
[13.382246] (-) TimerEvent: {}
[13.384109] (workspace_gz) StdoutLine: {'line': b'[ 66%] \x1b[32m\x1b[1mLinking CXX shared library libGymkhanaScoringPlugin.so\x1b[0m\n'}
[13.384476] (workspace_gz) StdoutLine: {'line': b'[ 68%] \x1b[32mBuilding CXX object CMakeFiles/AcousticPerceptionScoringPlugin.dir/plugins/WaypointMarkers.cc.o\x1b[0m\n'}
[13.448713] (workspace_gz) StdoutLine: {'line': b'[ 68%] Built target LightBuoyPlugin\n'}
[13.482361] (-) TimerEvent: {}
[13.584126] (-) TimerEvent: {}
[13.684464] (-) TimerEvent: {}
[13.785129] (-) TimerEvent: {}
[13.793258] (workspace_gz) StdoutLine: {'line': b'[ 68%] Built target GymkhanaScoringPlugin\n'}
[13.885252] (-) TimerEvent: {}
[13.985605] (-) TimerEvent: {}
[14.019388] (workspace_gz) StdoutLine: {'line': b'[ 70%] \x1b[32m\x1b[1mLinking CXX shared library libSurface.so\x1b[0m\n'}
[14.086910] (-) TimerEvent: {}
[14.187293] (-) TimerEvent: {}
[14.287618] (-) TimerEvent: {}
[14.387937] (-) TimerEvent: {}
[14.488292] (-) TimerEvent: {}
[14.507811] (workspace_gz) StdoutLine: {'line': b'[ 70%] Built target Surface\n'}
[14.588771] (-) TimerEvent: {}
[14.598657] (workspace_gz) StdoutLine: {'line': b'[ 72%] \x1b[32m\x1b[1mLinking CXX shared library libSimpleHydrodynamics.so\x1b[0m\n'}
[14.660848] (workspace_gz) StdoutLine: {'line': b'[ 75%] \x1b[32m\x1b[1mLinking CXX shared library libPlacardPlugin.so\x1b[0m\n'}
[14.688904] (-) TimerEvent: {}
[14.790487] (-) TimerEvent: {}
[14.892278] (-) TimerEvent: {}
[14.992593] (-) TimerEvent: {}
[15.008495] (workspace_gz) StdoutLine: {'line': b'[ 75%] Built target SimpleHydrodynamics\n'}
[15.066186] (workspace_gz) StdoutLine: {'line': b'[ 75%] Built target PlacardPlugin\n'}
[15.092702] (-) TimerEvent: {}
[15.193170] (-) TimerEvent: {}
[15.293484] (-) TimerEvent: {}
[15.388745] (workspace_gz) StdoutLine: {'line': b'[ 77%] \x1b[32m\x1b[1mLinking CXX shared library libPerceptionScoringPlugin.so\x1b[0m\n'}
[15.393596] (-) TimerEvent: {}
[15.493896] (-) TimerEvent: {}
[15.559885] (workspace_gz) StdoutLine: {'line': b'[ 79%] \x1b[32m\x1b[1mLinking CXX shared library libAcousticPingerPlugin.so\x1b[0m\n'}
[15.577751] (workspace_gz) StdoutLine: {'line': b'[ 81%] \x1b[32m\x1b[1mLinking CXX shared library libWildlifeScoringPlugin.so\x1b[0m\n'}
[15.594021] (-) TimerEvent: {}
[15.694362] (-) TimerEvent: {}
[15.752687] (workspace_gz) StdoutLine: {'line': b'[ 81%] Built target PerceptionScoringPlugin\n'}
[15.794477] (-) TimerEvent: {}
[15.874241] (workspace_gz) StdoutLine: {'line': b'[ 81%] Built target WildlifeScoringPlugin\n'}
[15.894595] (-) TimerEvent: {}
[15.899653] (workspace_gz) StdoutLine: {'line': b'[ 81%] Built target AcousticPingerPlugin\n'}
[15.994715] (-) TimerEvent: {}
[16.062697] (workspace_gz) StdoutLine: {'line': b'[ 83%] \x1b[32m\x1b[1mLinking CXX shared library libNavigationScoringPlugin.so\x1b[0m\n'}
[16.094830] (-) TimerEvent: {}
[16.150366] (workspace_gz) StdoutLine: {'line': b'[ 85%] \x1b[32m\x1b[1mLinking CXX shared library libAcousticTrackingScoringPlugin.so\x1b[0m\n'}
[16.194992] (-) TimerEvent: {}
[16.295320] (-) TimerEvent: {}
[16.307187] (workspace_gz) StdoutLine: {'line': b'[ 85%] Built target NavigationScoringPlugin\n'}
[16.395428] (-) TimerEvent: {}
[16.407331] (workspace_gz) StdoutLine: {'line': b'[ 85%] Built target AcousticTrackingScoringPlugin\n'}
[16.495543] (-) TimerEvent: {}
[16.561978] (workspace_gz) StdoutLine: {'line': b'[ 87%] \x1b[32m\x1b[1mLinking CXX shared library libScanDockScoringPlugin.so\x1b[0m\n'}
[16.595676] (-) TimerEvent: {}
[16.696076] (-) TimerEvent: {}
[16.791823] (workspace_gz) StdoutLine: {'line': b'[ 89%] \x1b[32m\x1b[1mLinking CXX shared library libBallShooterPlugin.so\x1b[0m\n'}
[16.796152] (-) TimerEvent: {}
[16.827867] (workspace_gz) StdoutLine: {'line': b'[ 89%] Built target ScanDockScoringPlugin\n'}
[16.837102] (workspace_gz) StdoutLine: {'line': b'[ 91%] \x1b[32m\x1b[1mLinking CXX shared library libWaveVisual.so\x1b[0m\n'}
[16.896268] (-) TimerEvent: {}
[16.941293] (workspace_gz) StdoutLine: {'line': b'[ 93%] \x1b[32m\x1b[1mLinking CXX shared library libStationkeepingScoringPlugin.so\x1b[0m\n'}
[16.996402] (-) TimerEvent: {}
[17.013495] (workspace_gz) StdoutLine: {'line': b'[ 95%] \x1b[32m\x1b[1mLinking CXX shared library libWayfindingScoringPlugin.so\x1b[0m\n'}
[17.073636] (workspace_gz) StdoutLine: {'line': b'[ 95%] Built target BallShooterPlugin\n'}
[17.076945] (workspace_gz) StdoutLine: {'line': b'[ 95%] Built target WaveVisual\n'}
[17.096513] (-) TimerEvent: {}
[17.195976] (workspace_gz) StdoutLine: {'line': b'[ 95%] Built target StationkeepingScoringPlugin\n'}
[17.196582] (-) TimerEvent: {}
[17.262459] (workspace_gz) StdoutLine: {'line': b'[ 95%] Built target WayfindingScoringPlugin\n'}
[17.296725] (-) TimerEvent: {}
[17.328084] (workspace_gz) StdoutLine: {'line': b'[ 97%] \x1b[32m\x1b[1mLinking CXX shared library libUSVWind.so\x1b[0m\n'}
[17.396888] (-) TimerEvent: {}
[17.473228] (workspace_gz) StdoutLine: {'line': b'[100%] \x1b[32m\x1b[1mLinking CXX shared library libAcousticPerceptionScoringPlugin.so\x1b[0m\n'}
[17.497098] (-) TimerEvent: {}
[17.502918] (workspace_gz) StdoutLine: {'line': b'[100%] Built target USVWind\n'}
[17.597226] (-) TimerEvent: {}
[17.631731] (workspace_gz) StdoutLine: {'line': b'[100%] Built target AcousticPerceptionScoringPlugin\n'}
[17.675868] (workspace_gz) CommandEnded: {'returncode': 0}
[17.699797] (-) TimerEvent: {}
[17.706968] (workspace_gz) JobProgress: {'identifier': 'workspace_gz', 'progress': 'install'}
[17.725492] (workspace_gz) Command: {'cmd': ['/usr/bin/cmake', '--install', '/home/ngen/yildiz_ws/src/YILDIZ-USV/build/workspace_gz'], 'cwd': '/home/ngen/yildiz_ws/src/YILDIZ-USV/build/workspace_gz', 'env': OrderedDict({'GJS_DEBUG_TOPICS': 'JS ERROR;JS LOG', 'XDG_ACTIVATION_TOKEN': 'gnome-shell/Terminator/2260-1-ngen_TIME78248', 'LESSOPEN': '| /usr/bin/lesspipe %s', 'GZ_SIM_RESOURCE_PATH': '/opt/ros/jazzy/share', 'USER': 'ngen', 'GZ_CONFIG_PATH': '/opt/ros/jazzy/opt/gz_sim_vendor/share/gz:/opt/ros/jazzy/opt/sdformat_vendor/share/gz:/opt/ros/jazzy/opt/gz_gui_vendor/share/gz:/opt/ros/jazzy/opt/gz_transport_vendor/share/gz:/opt/ros/jazzy/opt/gz_rendering_vendor/share/gz:/opt/ros/jazzy/opt/gz_plugin_vendor/share/gz:/opt/ros/jazzy/opt/gz_fuel_tools_vendor/share/gz:/opt/ros/jazzy/opt/gz_msgs_vendor/share/gz:/opt/ros/jazzy/opt/gz_common_vendor/share/gz', 'XDG_SESSION_TYPE': 'x11', 'CLUTTER_DISABLE_MIPMAPPED_TEXT': '1', 'SHLVL': '1', 'LD_LIBRARY_PATH': '/opt/ros/jazzy/opt/gz_sim_vendor/lib:/opt/ros/jazzy/opt/gz_sensors_vendor/lib:/opt/ros/jazzy/opt/gz_physics_vendor/lib:/opt/ros/jazzy/opt/sdformat_vendor/lib:/opt/ros/jazzy/opt/rviz_ogre_vendor/lib:/opt/ros/jazzy/lib/x86_64-linux-gnu:/opt/ros/jazzy/opt/gz_gui_vendor/lib:/opt/ros/jazzy/opt/gz_transport_vendor/lib:/opt/ros/jazzy/opt/gz_rendering_vendor/lib:/opt/ros/jazzy/opt/gz_plugin_vendor/lib:/opt/ros/jazzy/opt/gz_fuel_tools_vendor/lib:/opt/ros/jazzy/opt/gz_msgs_vendor/lib:/opt/ros/jazzy/opt/gz_common_vendor/lib:/opt/ros/jazzy/opt/gz_math_vendor/lib:/opt/ros/jazzy/opt/gz_utils_vendor/lib:/opt/ros/jazzy/opt/gz_tools_vendor/lib:/opt/ros/jazzy/opt/gz_ogre_next_vendor/lib:/opt/ros/jazzy/opt/gz_dartsim_vendor/lib:/opt/ros/jazzy/opt/gz_cmake_vendor/lib:/opt/ros/jazzy/lib', 'HOME': '/home/ngen', 'OLDPWD': '/home/ngen', 'DESKTOP_SESSION': 'ubuntu', 'GIO_LAUNCHED_DESKTOP_FILE': '/usr/share/applications/terminator.desktop', 'ROS_PYTHON_VERSION': '3', 'GNOME_SHELL_SESSION_MODE': 'ubuntu', 'GTK_MODULES': 'gail:atk-bridge', 'MANAGERPID': '1805', 'SYSTEMD_EXEC_PID': '2260', 'GSM_SKIP_SSH_AGENT_WORKAROUND': 'true', 'DBUS_SESSION_BUS_ADDRESS': 'unix:path=/run/user/1000/bus', 'COLORTERM': 'truecolor', 'TERMINATOR_DBUS_NAME': 'net.tenshu.Terminator21a9d5db22c73a993ff0b42f64b396873', 'GIO_LAUNCHED_DESKTOP_FILE_PID': '4475', 'DEBUGINFOD_URLS': 'https://debuginfod.ubuntu.com', 'ROS_DISTRO': 'jazzy', 'LOGNAME': 'ngen', 'JOURNAL_STREAM': '9:6655', '_': '/usr/bin/colcon', 'ROS_VERSION': '2', 'MEMORY_PRESSURE_WATCH': '/sys/fs/cgroup/user.slice/user-1000.slice/user@1000.service/session.slice/org.gnome.Shell@x11.service/memory.pressure', 'XDG_SESSION_CLASS': 'user', 'USERNAME': 'ngen', 'TERM': 'xterm-256color', 'GNOME_DESKTOP_SESSION_ID': 'this-is-deprecated', 'ROS_LOCALHOST_ONLY': '1', 'WINDOWPATH': '2', 'PATH': '/opt/ros/jazzy/opt/gz_msgs_vendor/bin:/opt/ros/jazzy/opt/gz_tools_vendor/bin:/opt/ros/jazzy/opt/gz_ogre_next_vendor/bin:/opt/ros/jazzy/bin:/home/ngen/.local/bin:/usr/local/sbin:/usr/local/bin:/usr/sbin:/usr/bin:/sbin:/bin:/usr/games:/usr/local/games:/snap/bin:/snap/bin', 'SESSION_MANAGER': 'local/ngen:@/tmp/.ICE-unix/2220,unix/ngen:/tmp/.ICE-unix/2220', 'INVOCATION_ID': 'dc58f2d4ec9e4c14b683e47dcf0372a9', 'XDG_MENU_PREFIX': 'gnome-', 'XDG_RUNTIME_DIR': '/run/user/1000', 'GZ_PARTITION': 'sim99', 'DISPLAY': ':0', 'TERMINATOR_DBUS_PATH': '/net/tenshu/Terminator2', 'LANG': 'en_US.UTF-8', 'XDG_CURRENT_DESKTOP': 'ubuntu:GNOME', 'GZ_IP': '127.0.0.1', 'XMODIFIERS': '@im=ibus', 'XDG_SESSION_DESKTOP': 'ubuntu', 'XAUTHORITY': '/run/user/1000/gdm/Xauthority', 'LS_COLORS': 'rs=0:di=01;34:ln=01;36:mh=00:pi=40;33:so=01;35:do=01;35:bd=40;33;01:cd=40;33;01:or=40;31;01:mi=00:su=37;41:sg=30;43:ca=00:tw=30;42:ow=34;42:st=37;44:ex=01;32:*.tar=01;31:*.tgz=01;31:*.arc=01;31:*.arj=01;31:*.taz=01;31:*.lha=01;31:*.lz4=01;31:*.lzh=01;31:*.lzma=01;31:*.tlz=01;31:*.txz=01;31:*.tzo=01;31:*.t7z=01;31:*.zip=01;31:*.z=01;31:*.dz=01;31:*.gz=01;31:*.lrz=01;31:*.lz=01;31:*.lzo=01;31:*.xz=01;31:*.zst=01;31:*.tzst=01;31:*.bz2=01;31:*.bz=01;31:*.tbz=01;31:*.tbz2=01;31:*.tz=01;31:*.deb=01;31:*.rpm=01;31:*.jar=01;31:*.war=01;31:*.ear=01;31:*.sar=01;31:*.rar=01;31:*.alz=01;31:*.ace=01;31:*.zoo=01;31:*.cpio=01;31:*.7z=01;31:*.rz=01;31:*.cab=01;31:*.wim=01;31:*.swm=01;31:*.dwm=01;31:*.esd=01;31:*.avif=01;35:*.jpg=01;35:*.jpeg=01;35:*.mjpg=01;35:*.mjpeg=01;35:*.gif=01;35:*.bmp=01;35:*.pbm=01;35:*.pgm=01;35:*.ppm=01;35:*.tga=01;35:*.xbm=01;35:*.xpm=01;35:*.tif=01;35:*.tiff=01;35:*.png=01;35:*.svg=01;35:*.svgz=01;35:*.mng=01;35:*.pcx=01;35:*.mov=01;35:*.mpg=01;35:*.mpeg=01;35:*.m2v=01;35:*.mkv=01;35:*.webm=01;35:*.webp=01;35:*.ogm=01;35:*.mp4=01;35:*.m4v=01;35:*.mp4v=01;35:*.vob=01;35:*.qt=01;35:*.nuv=01;35:*.wmv=01;35:*.asf=01;35:*.rm=01;35:*.rmvb=01;35:*.flc=01;35:*.avi=01;35:*.fli=01;35:*.flv=01;35:*.gl=01;35:*.dl=01;35:*.xcf=01;35:*.xwd=01;35:*.yuv=01;35:*.cgm=01;35:*.emf=01;35:*.ogv=01;35:*.ogx=01;35:*.aac=00;36:*.au=00;36:*.flac=00;36:*.m4a=00;36:*.mid=00;36:*.midi=00;36:*.mka=00;36:*.mp3=00;36:*.mpc=00;36:*.ogg=00;36:*.ra=00;36:*.wav=00;36:*.oga=00;36:*.opus=00;36:*.spx=00;36:*.xspf=00;36:*~=00;90:*#=00;90:*.bak=00;90:*.crdownload=00;90:*.dpkg-dist=00;90:*.dpkg-new=00;90:*.dpkg-old=00;90:*.dpkg-tmp=00;90:*.old=00;90:*.orig=00;90:*.part=00;90:*.rej=00;90:*.rpmnew=00;90:*.rpmorig=00;90:*.rpmsave=00;90:*.swp=00;90:*.tmp=00;90:*.ucf-dist=00;90:*.ucf-new=00;90:*.ucf-old=00;90:', 'SSH_AUTH_SOCK': '/run/user/1000/keyring/ssh', 'ROS_DOMAIN_ID': '99', 'AMENT_PREFIX_PATH': '/opt/ros/jazzy', 'SHELL': '/bin/bash', 'TERMINATOR_UUID': 'urn:uuid:d48611e8-fd2f-404c-8589-307f46e9c843', 'QT_ACCESSIBILITY': '1', 'GDMSESSION': 'ubuntu', 'LESSCLOSE': '/usr/bin/lesspipe %s %s', 'GZ_DISCOVERY_MULTICAST': '0', 'GPG_AGENT_INFO': '/run/user/1000/gnupg/S.gpg-agent:0:1', 'GJS_DEBUG_OUTPUT': 'stderr', 'ROS_AUTOMATIC_DISCOVERY_RANGE': 'SUBNET', 'QT_IM_MODULE': 'ibus', 'PWD': '/home/ngen/yildiz_ws/src/YILDIZ-USV/build/workspace_gz', 'XDG_CONFIG_DIRS': '/etc/xdg/xdg-ubuntu:/etc/xdg', 'XDG_DATA_DIRS': '/usr/share/ubuntu:/usr/share/gnome:/usr/local/share/:/usr/share/:/var/lib/snapd/desktop', 'PYTHONPATH': '/opt/ros/jazzy/lib/python3.12/site-packages', 'COLCON': '1', 'MEMORY_PRESSURE_WRITE': 'c29tZSAyMDAwMDAgMjAwMDAwMAA=', 'VTE_VERSION': '7600', 'CMAKE_PREFIX_PATH': '/opt/ros/jazzy/opt/gz_sim_vendor:/opt/ros/jazzy/opt/gz_sensors_vendor:/opt/ros/jazzy/opt/gz_physics_vendor:/opt/ros/jazzy/opt/sdformat_vendor:/opt/ros/jazzy/opt/gz_gui_vendor:/opt/ros/jazzy/opt/gz_transport_vendor:/opt/ros/jazzy/opt/gz_rendering_vendor:/opt/ros/jazzy/opt/gz_plugin_vendor:/opt/ros/jazzy/opt/gz_fuel_tools_vendor:/opt/ros/jazzy/opt/gz_msgs_vendor:/opt/ros/jazzy/opt/gz_common_vendor:/opt/ros/jazzy/opt/gz_math_vendor:/opt/ros/jazzy/opt/gz_utils_vendor:/opt/ros/jazzy/opt/gz_tools_vendor:/opt/ros/jazzy/opt/gz_ogre_next_vendor:/opt/ros/jazzy/opt/gz_dartsim_vendor:/opt/ros/jazzy/opt/gz_cmake_vendor:/opt/ros/jazzy'}), 'shell': False}
[17.734894] (workspace_gz) StdoutLine: {'line': b'-- Install configuration: ""\n'}
[17.735633] (workspace_gz) StdoutLine: {'line': b'-- Installing: /home/ngen/yildiz_ws/src/YILDIZ-USV/install/workspace_gz/lib/libWaves.so\n'}
[17.736678] (workspace_gz) StdoutLine: {'line': b'-- Set non-toolchain portion of runtime path of "/home/ngen/yildiz_ws/src/YILDIZ-USV/install/workspace_gz/lib/libWaves.so" to ""\n'}
[17.736781] (workspace_gz) StdoutLine: {'line': b'-- Installing: /home/ngen/yildiz_ws/src/YILDIZ-USV/install/workspace_gz/lib/libPolyhedraBuoyancyDrag.so\n'}
[17.737516] (workspace_gz) StdoutLine: {'line': b'-- Set non-toolchain portion of runtime path of "/home/ngen/yildiz_ws/src/YILDIZ-USV/install/workspace_gz/lib/libPolyhedraBuoyancyDrag.so" to ""\n'}
[17.737600] (workspace_gz) StdoutLine: {'line': b'-- Installing: /home/ngen/yildiz_ws/src/YILDIZ-USV/install/workspace_gz/lib/libScoringPlugin.so\n'}
[17.739532] (workspace_gz) StdoutLine: {'line': b'-- Set non-toolchain portion of runtime path of "/home/ngen/yildiz_ws/src/YILDIZ-USV/install/workspace_gz/lib/libScoringPlugin.so" to ""\n'}
[17.739620] (workspace_gz) StdoutLine: {'line': b'-- Installing: /home/ngen/yildiz_ws/src/YILDIZ-USV/install/workspace_gz/lib/libStationkeepingScoringPlugin.so\n'}
[17.740558] (workspace_gz) StdoutLine: {'line': b'-- Set non-toolchain portion of runtime path of "/home/ngen/yildiz_ws/src/YILDIZ-USV/install/workspace_gz/lib/libStationkeepingScoringPlugin.so" to ""\n'}
[17.740645] (workspace_gz) StdoutLine: {'line': b'-- Installing: /home/ngen/yildiz_ws/src/YILDIZ-USV/install/workspace_gz/lib/libWayfindingScoringPlugin.so\n'}
[17.741715] (workspace_gz) StdoutLine: {'line': b'-- Set non-toolchain portion of runtime path of "/home/ngen/yildiz_ws/src/YILDIZ-USV/install/workspace_gz/lib/libWayfindingScoringPlugin.so" to ""\n'}
[17.741797] (workspace_gz) StdoutLine: {'line': b'-- Installing: /home/ngen/yildiz_ws/src/YILDIZ-USV/install/workspace_gz/lib/libAcousticPerceptionScoringPlugin.so\n'}
[17.742631] (workspace_gz) StdoutLine: {'line': b'-- Set non-toolchain portion of runtime path of "/home/ngen/yildiz_ws/src/YILDIZ-USV/install/workspace_gz/lib/libAcousticPerceptionScoringPlugin.so" to ""\n'}
[17.742720] (workspace_gz) StdoutLine: {'line': b'-- Installing: /home/ngen/yildiz_ws/src/YILDIZ-USV/install/workspace_gz/lib/libAcousticTrackingScoringPlugin.so\n'}
[17.743606] (workspace_gz) StdoutLine: {'line': b'-- Set non-toolchain portion of runtime path of "/home/ngen/yildiz_ws/src/YILDIZ-USV/install/workspace_gz/lib/libAcousticTrackingScoringPlugin.so" to ""\n'}
[17.743730] (workspace_gz) StdoutLine: {'line': b'-- Installing: /home/ngen/yildiz_ws/src/YILDIZ-USV/install/workspace_gz/lib/libAcousticPingerPlugin.so\n'}
[17.744523] (workspace_gz) StdoutLine: {'line': b'-- Set non-toolchain portion of runtime path of "/home/ngen/yildiz_ws/src/YILDIZ-USV/install/workspace_gz/lib/libAcousticPingerPlugin.so" to ""\n'}
[17.744642] (workspace_gz) StdoutLine: {'line': b'-- Installing: /home/ngen/yildiz_ws/src/YILDIZ-USV/install/workspace_gz/lib/libBallShooterPlugin.so\n'}
[17.745706] (workspace_gz) StdoutLine: {'line': b'-- Set non-toolchain portion of runtime path of "/home/ngen/yildiz_ws/src/YILDIZ-USV/install/workspace_gz/lib/libBallShooterPlugin.so" to ""\n'}
[17.745786] (workspace_gz) StdoutLine: {'line': b'-- Installing: /home/ngen/yildiz_ws/src/YILDIZ-USV/install/workspace_gz/lib/libLightBuoyPlugin.so\n'}
[17.746369] (workspace_gz) StdoutLine: {'line': b'-- Set non-toolchain portion of runtime path of "/home/ngen/yildiz_ws/src/YILDIZ-USV/install/workspace_gz/lib/libLightBuoyPlugin.so" to ""\n'}
[17.746406] (workspace_gz) StdoutLine: {'line': b'-- Installing: /home/ngen/yildiz_ws/src/YILDIZ-USV/install/workspace_gz/lib/libNavigationScoringPlugin.so\n'}
[17.747235] (workspace_gz) StdoutLine: {'line': b'-- Set non-toolchain portion of runtime path of "/home/ngen/yildiz_ws/src/YILDIZ-USV/install/workspace_gz/lib/libNavigationScoringPlugin.so" to ""\n'}
[17.747329] (workspace_gz) StdoutLine: {'line': b'-- Installing: /home/ngen/yildiz_ws/src/YILDIZ-USV/install/workspace_gz/lib/libGymkhanaScoringPlugin.so\n'}
[17.747961] (workspace_gz) StdoutLine: {'line': b'-- Set non-toolchain portion of runtime path of "/home/ngen/yildiz_ws/src/YILDIZ-USV/install/workspace_gz/lib/libGymkhanaScoringPlugin.so" to ""\n'}
[17.748038] (workspace_gz) StdoutLine: {'line': b'-- Installing: /home/ngen/yildiz_ws/src/YILDIZ-USV/install/workspace_gz/lib/libPerceptionScoringPlugin.so\n'}
[17.748980] (workspace_gz) StdoutLine: {'line': b'-- Set non-toolchain portion of runtime path of "/home/ngen/yildiz_ws/src/YILDIZ-USV/install/workspace_gz/lib/libPerceptionScoringPlugin.so" to ""\n'}
[17.749064] (workspace_gz) StdoutLine: {'line': b'-- Installing: /home/ngen/yildiz_ws/src/YILDIZ-USV/install/workspace_gz/lib/libPlacardPlugin.so\n'}
[17.749782] (workspace_gz) StdoutLine: {'line': b'-- Set non-toolchain portion of runtime path of "/home/ngen/yildiz_ws/src/YILDIZ-USV/install/workspace_gz/lib/libPlacardPlugin.so" to ""\n'}
[17.749869] (workspace_gz) StdoutLine: {'line': b'-- Installing: /home/ngen/yildiz_ws/src/YILDIZ-USV/install/workspace_gz/lib/libPublisherPlugin.so\n'}
[17.750274] (workspace_gz) StdoutLine: {'line': b'-- Set non-toolchain portion of runtime path of "/home/ngen/yildiz_ws/src/YILDIZ-USV/install/workspace_gz/lib/libPublisherPlugin.so" to ""\n'}
[17.750348] (workspace_gz) StdoutLine: {'line': b'-- Installing: /home/ngen/yildiz_ws/src/YILDIZ-USV/install/workspace_gz/lib/libScanDockScoringPlugin.so\n'}
[17.751564] (workspace_gz) StdoutLine: {'line': b'-- Set non-toolchain portion of runtime path of "/home/ngen/yildiz_ws/src/YILDIZ-USV/install/workspace_gz/lib/libScanDockScoringPlugin.so" to ""\n'}
[17.751623] (workspace_gz) StdoutLine: {'line': b'-- Installing: /home/ngen/yildiz_ws/src/YILDIZ-USV/install/workspace_gz/lib/libSimpleHydrodynamics.so\n'}
[17.752143] (workspace_gz) StdoutLine: {'line': b'-- Set non-toolchain portion of runtime path of "/home/ngen/yildiz_ws/src/YILDIZ-USV/install/workspace_gz/lib/libSimpleHydrodynamics.so" to ""\n'}
[17.752182] (workspace_gz) StdoutLine: {'line': b'-- Installing: /home/ngen/yildiz_ws/src/YILDIZ-USV/install/workspace_gz/lib/libSurface.so\n'}
[17.752982] (workspace_gz) StdoutLine: {'line': b'-- Set non-toolchain portion of runtime path of "/home/ngen/yildiz_ws/src/YILDIZ-USV/install/workspace_gz/lib/libSurface.so" to ""\n'}
[17.753039] (workspace_gz) StdoutLine: {'line': b'-- Installing: /home/ngen/yildiz_ws/src/YILDIZ-USV/install/workspace_gz/lib/libUSVWind.so\n'}
[17.753866] (workspace_gz) StdoutLine: {'line': b'-- Set non-toolchain portion of runtime path of "/home/ngen/yildiz_ws/src/YILDIZ-USV/install/workspace_gz/lib/libUSVWind.so" to ""\n'}
[17.753958] (workspace_gz) StdoutLine: {'line': b'-- Installing: /home/ngen/yildiz_ws/src/YILDIZ-USV/install/workspace_gz/lib/libWaveVisual.so\n'}
[17.754899] (workspace_gz) StdoutLine: {'line': b'-- Set non-toolchain portion of runtime path of "/home/ngen/yildiz_ws/src/YILDIZ-USV/install/workspace_gz/lib/libWaveVisual.so" to ""\n'}
[17.754979] (workspace_gz) StdoutLine: {'line': b'-- Installing: /home/ngen/yildiz_ws/src/YILDIZ-USV/install/workspace_gz/lib/libWildlifeScoringPlugin.so\n'}
[17.755934] (workspace_gz) StdoutLine: {'line': b'-- Set non-toolchain portion of runtime path of "/home/ngen/yildiz_ws/src/YILDIZ-USV/install/workspace_gz/lib/libWildlifeScoringPlugin.so" to ""\n'}
[17.756004] (workspace_gz) StdoutLine: {'line': b'-- Installing: /home/ngen/yildiz_ws/src/YILDIZ-USV/install/workspace_gz/share/workspace_gz//description\n'}
[17.756507] (workspace_gz) StdoutLine: {'line': b'-- Installing: /home/ngen/yildiz_ws/src/YILDIZ-USV/install/workspace_gz/share/workspace_gz//description/roboboat\n'}
[17.756595] (workspace_gz) StdoutLine: {'line': b'-- Installing: /home/ngen/yildiz_ws/src/YILDIZ-USV/install/workspace_gz/share/workspace_gz//description/roboboat/roboboat.xacro\n'}
[17.756933] (workspace_gz) StdoutLine: {'line': b'-- Installing: /home/ngen/yildiz_ws/src/YILDIZ-USV/install/workspace_gz/share/workspace_gz//launch\n'}
[17.757026] (workspace_gz) StdoutLine: {'line': b'-- Installing: /home/ngen/yildiz_ws/src/YILDIZ-USV/install/workspace_gz/share/workspace_gz//launch/simulation.launch.py\n'}
[17.757185] (workspace_gz) StdoutLine: {'line': b'-- Installing: /home/ngen/yildiz_ws/src/YILDIZ-USV/install/workspace_gz/share/workspace_gz//models\n'}
[17.757334] (workspace_gz) StdoutLine: {'line': b'-- Installing: /home/ngen/yildiz_ws/src/YILDIZ-USV/install/workspace_gz/share/workspace_gz//models/waves\n'}
[17.757441] (workspace_gz) StdoutLine: {'line': b'-- Installing: /home/ngen/yildiz_ws/src/YILDIZ-USV/install/workspace_gz/share/workspace_gz//models/waves/meshes\n'}
[17.757548] (workspace_gz) StdoutLine: {'line': b'-- Installing: /home/ngen/yildiz_ws/src/YILDIZ-USV/install/workspace_gz/share/workspace_gz//models/waves/meshes/waterlow.dae\n'}
[17.772092] (workspace_gz) StdoutLine: {'line': b'-- Installing: /home/ngen/yildiz_ws/src/YILDIZ-USV/install/workspace_gz/share/workspace_gz//models/waves/model.sdf\n'}
[17.772237] (workspace_gz) StdoutLine: {'line': b'-- Installing: /home/ngen/yildiz_ws/src/YILDIZ-USV/install/workspace_gz/share/workspace_gz//models/waves/materials\n'}
[17.772304] (workspace_gz) StdoutLine: {'line': b'-- Installing: /home/ngen/yildiz_ws/src/YILDIZ-USV/install/workspace_gz/share/workspace_gz//models/waves/materials/textures\n'}
[17.772421] (workspace_gz) StdoutLine: {'line': b'-- Installing: /home/ngen/yildiz_ws/src/YILDIZ-USV/install/workspace_gz/share/workspace_gz//models/waves/materials/textures/skybox_lowres.dds\n'}
[17.773585] (workspace_gz) StdoutLine: {'line': b'-- Installing: /home/ngen/yildiz_ws/src/YILDIZ-USV/install/workspace_gz/share/workspace_gz//models/waves/materials/textures/wave_normals.dds\n'}
[17.774236] (workspace_gz) StdoutLine: {'line': b'-- Installing: /home/ngen/yildiz_ws/src/YILDIZ-USV/install/workspace_gz/share/workspace_gz//models/waves/materials/programs\n'}
[17.774351] (workspace_gz) StdoutLine: {'line': b'-- Installing: /home/ngen/yildiz_ws/src/YILDIZ-USV/install/workspace_gz/share/workspace_gz//models/waves/materials/programs/GerstnerWaves_fs_330.glsl\n'}
[17.774480] (workspace_gz) StdoutLine: {'line': b'-- Installing: /home/ngen/yildiz_ws/src/YILDIZ-USV/install/workspace_gz/share/workspace_gz//models/waves/materials/programs/GerstnerWaves_vs_330.glsl\n'}
[17.774602] (workspace_gz) StdoutLine: {'line': b'-- Installing: /home/ngen/yildiz_ws/src/YILDIZ-USV/install/workspace_gz/share/workspace_gz//models/waves/model.config\n'}
[17.774708] (workspace_gz) StdoutLine: {'line': b'-- Installing: /home/ngen/yildiz_ws/src/YILDIZ-USV/install/workspace_gz/share/workspace_gz//models/buoys\n'}
[17.774812] (workspace_gz) StdoutLine: {'line': b'-- Installing: /home/ngen/yildiz_ws/src/YILDIZ-USV/install/workspace_gz/share/workspace_gz//models/buoys/marker_buoy_orange\n'}
[17.774905] (workspace_gz) StdoutLine: {'line': b'-- Installing: /home/ngen/yildiz_ws/src/YILDIZ-USV/install/workspace_gz/share/workspace_gz//models/buoys/marker_buoy_orange/meshes\n'}
[17.775562] (workspace_gz) StdoutLine: {'line': b'-- Installing: /home/ngen/yildiz_ws/src/YILDIZ-USV/install/workspace_gz/share/workspace_gz//models/buoys/marker_buoy_orange/meshes/marker_buoy.dae\n'}
[17.775818] (workspace_gz) StdoutLine: {'line': b'-- Installing: /home/ngen/yildiz_ws/src/YILDIZ-USV/install/workspace_gz/share/workspace_gz//models/buoys/marker_buoy_orange/model.sdf\n'}
[17.775916] (workspace_gz) StdoutLine: {'line': b'-- Installing: /home/ngen/yildiz_ws/src/YILDIZ-USV/install/workspace_gz/share/workspace_gz//models/buoys/marker_buoy_orange/materials\n'}
[17.776023] (workspace_gz) StdoutLine: {'line': b'-- Installing: /home/ngen/yildiz_ws/src/YILDIZ-USV/install/workspace_gz/share/workspace_gz//models/buoys/marker_buoy_orange/materials/textures\n'}
[17.776106] (workspace_gz) StdoutLine: {'line': b'-- Installing: /home/ngen/yildiz_ws/src/YILDIZ-USV/install/workspace_gz/share/workspace_gz//models/buoys/marker_buoy_orange/materials/textures/MarkerBuoy_Base_Color.png\n'}
[17.777940] (workspace_gz) StdoutLine: {'line': b'-- Installing: /home/ngen/yildiz_ws/src/YILDIZ-USV/install/workspace_gz/share/workspace_gz//models/buoys/marker_buoy_orange/materials/textures/MarkerBuoy_Roughness.png\n'}
[17.779088] (workspace_gz) StdoutLine: {'line': b'-- Installing: /home/ngen/yildiz_ws/src/YILDIZ-USV/install/workspace_gz/share/workspace_gz//models/buoys/marker_buoy_orange/model.config\n'}
[17.779230] (workspace_gz) StdoutLine: {'line': b'-- Installing: /home/ngen/yildiz_ws/src/YILDIZ-USV/install/workspace_gz/share/workspace_gz//models/buoys/marker_buoy_black\n'}
[17.779278] (workspace_gz) StdoutLine: {'line': b'-- Installing: /home/ngen/yildiz_ws/src/YILDIZ-USV/install/workspace_gz/share/workspace_gz//models/buoys/marker_buoy_black/meshes\n'}
[17.779372] (workspace_gz) StdoutLine: {'line': b'-- Installing: /home/ngen/yildiz_ws/src/YILDIZ-USV/install/workspace_gz/share/workspace_gz//models/buoys/marker_buoy_black/meshes/marker_buoy.dae\n'}
[17.779805] (workspace_gz) StdoutLine: {'line': b'-- Installing: /home/ngen/yildiz_ws/src/YILDIZ-USV/install/workspace_gz/share/workspace_gz//models/buoys/marker_buoy_black/model.sdf\n'}
[17.779893] (workspace_gz) StdoutLine: {'line': b'-- Installing: /home/ngen/yildiz_ws/src/YILDIZ-USV/install/workspace_gz/share/workspace_gz//models/buoys/marker_buoy_black/materials\n'}
[17.779990] (workspace_gz) StdoutLine: {'line': b'-- Installing: /home/ngen/yildiz_ws/src/YILDIZ-USV/install/workspace_gz/share/workspace_gz//models/buoys/marker_buoy_black/materials/textures\n'}
[17.780090] (workspace_gz) StdoutLine: {'line': b'-- Installing: /home/ngen/yildiz_ws/src/YILDIZ-USV/install/workspace_gz/share/workspace_gz//models/buoys/marker_buoy_black/materials/textures/MarkerBuoy_Base_Color.png\n'}
[17.781915] (workspace_gz) StdoutLine: {'line': b'-- Installing: /home/ngen/yildiz_ws/src/YILDIZ-USV/install/workspace_gz/share/workspace_gz//models/buoys/marker_buoy_black/materials/textures/MarkerBuoy_Roughness.png\n'}
[17.782533] (workspace_gz) StdoutLine: {'line': b'-- Installing: /home/ngen/yildiz_ws/src/YILDIZ-USV/install/workspace_gz/share/workspace_gz//models/buoys/marker_buoy_black/model.config\n'}
[17.782641] (workspace_gz) StdoutLine: {'line': b'-- Installing: /home/ngen/yildiz_ws/src/YILDIZ-USV/install/workspace_gz/share/workspace_gz//models/buoys/marker_buoy_yellow\n'}
[17.782718] (workspace_gz) StdoutLine: {'line': b'-- Installing: /home/ngen/yildiz_ws/src/YILDIZ-USV/install/workspace_gz/share/workspace_gz//models/buoys/marker_buoy_yellow/meshes\n'}
[17.782823] (workspace_gz) StdoutLine: {'line': b'-- Installing: /home/ngen/yildiz_ws/src/YILDIZ-USV/install/workspace_gz/share/workspace_gz//models/buoys/marker_buoy_yellow/meshes/marker_buoy.dae\n'}
[17.783243] (workspace_gz) StdoutLine: {'line': b'-- Installing: /home/ngen/yildiz_ws/src/YILDIZ-USV/install/workspace_gz/share/workspace_gz//models/buoys/marker_buoy_yellow/model.sdf\n'}
[17.783346] (workspace_gz) StdoutLine: {'line': b'-- Installing: /home/ngen/yildiz_ws/src/YILDIZ-USV/install/workspace_gz/share/workspace_gz//models/buoys/marker_buoy_yellow/materials\n'}
[17.783447] (workspace_gz) StdoutLine: {'line': b'-- Installing: /home/ngen/yildiz_ws/src/YILDIZ-USV/install/workspace_gz/share/workspace_gz//models/buoys/marker_buoy_yellow/materials/textures\n'}
[17.783547] (workspace_gz) StdoutLine: {'line': b'-- Installing: /home/ngen/yildiz_ws/src/YILDIZ-USV/install/workspace_gz/share/workspace_gz//models/buoys/marker_buoy_yellow/materials/textures/MarkerBuoy_Base_Color.png\n'}
[17.785525] (workspace_gz) StdoutLine: {'line': b'-- Installing: /home/ngen/yildiz_ws/src/YILDIZ-USV/install/workspace_gz/share/workspace_gz//models/buoys/marker_buoy_yellow/materials/textures/MarkerBuoy_Roughness.png\n'}
[17.786192] (workspace_gz) StdoutLine: {'line': b'-- Installing: /home/ngen/yildiz_ws/src/YILDIZ-USV/install/workspace_gz/share/workspace_gz//models/buoys/marker_buoy_yellow/model.config\n'}
[17.786311] (workspace_gz) StdoutLine: {'line': b'-- Installing: /home/ngen/yildiz_ws/src/YILDIZ-USV/install/workspace_gz/share/workspace_gz//models/buoys/marker_buoy_green\n'}
[17.786422] (workspace_gz) StdoutLine: {'line': b'-- Installing: /home/ngen/yildiz_ws/src/YILDIZ-USV/install/workspace_gz/share/workspace_gz//models/buoys/marker_buoy_green/meshes\n'}
[17.786530] (workspace_gz) StdoutLine: {'line': b'-- Installing: /home/ngen/yildiz_ws/src/YILDIZ-USV/install/workspace_gz/share/workspace_gz//models/buoys/marker_buoy_green/meshes/marker_buoy.dae\n'}
[17.786962] (workspace_gz) StdoutLine: {'line': b'-- Installing: /home/ngen/yildiz_ws/src/YILDIZ-USV/install/workspace_gz/share/workspace_gz//models/buoys/marker_buoy_green/model.sdf\n'}
[17.787058] (workspace_gz) StdoutLine: {'line': b'-- Installing: /home/ngen/yildiz_ws/src/YILDIZ-USV/install/workspace_gz/share/workspace_gz//models/buoys/marker_buoy_green/materials\n'}
[17.787164] (workspace_gz) StdoutLine: {'line': b'-- Installing: /home/ngen/yildiz_ws/src/YILDIZ-USV/install/workspace_gz/share/workspace_gz//models/buoys/marker_buoy_green/materials/textures\n'}
[17.787273] (workspace_gz) StdoutLine: {'line': b'-- Installing: /home/ngen/yildiz_ws/src/YILDIZ-USV/install/workspace_gz/share/workspace_gz//models/buoys/marker_buoy_green/materials/textures/MarkerBuoy_Base_Color.png\n'}
[17.788999] (workspace_gz) StdoutLine: {'line': b'-- Installing: /home/ngen/yildiz_ws/src/YILDIZ-USV/install/workspace_gz/share/workspace_gz//models/buoys/marker_buoy_green/materials/textures/MarkerBuoy_Roughness.png\n'}
[17.789549] (workspace_gz) StdoutLine: {'line': b'-- Installing: /home/ngen/yildiz_ws/src/YILDIZ-USV/install/workspace_gz/share/workspace_gz//models/buoys/marker_buoy_green/model.config\n'}
[17.789697] (workspace_gz) StdoutLine: {'line': b'-- Installing: /home/ngen/yildiz_ws/src/YILDIZ-USV/install/workspace_gz/share/workspace_gz//models/buoys/round_buoy_orange\n'}
[17.789803] (workspace_gz) StdoutLine: {'line': b'-- Installing: /home/ngen/yildiz_ws/src/YILDIZ-USV/install/workspace_gz/share/workspace_gz//models/buoys/round_buoy_orange/meshes\n'}
[17.789928] (workspace_gz) StdoutLine: {'line': b'-- Installing: /home/ngen/yildiz_ws/src/YILDIZ-USV/install/workspace_gz/share/workspace_gz//models/buoys/round_buoy_orange/meshes/round_buoy.dae\n'}
[17.790203] (workspace_gz) StdoutLine: {'line': b'-- Installing: /home/ngen/yildiz_ws/src/YILDIZ-USV/install/workspace_gz/share/workspace_gz//models/buoys/round_buoy_orange/model.sdf\n'}
[17.790324] (workspace_gz) StdoutLine: {'line': b'-- Installing: /home/ngen/yildiz_ws/src/YILDIZ-USV/install/workspace_gz/share/workspace_gz//models/buoys/round_buoy_orange/materials\n'}
[17.790428] (workspace_gz) StdoutLine: {'line': b'-- Installing: /home/ngen/yildiz_ws/src/YILDIZ-USV/install/workspace_gz/share/workspace_gz//models/buoys/round_buoy_orange/materials/textures\n'}
[17.790529] (workspace_gz) StdoutLine: {'line': b'-- Installing: /home/ngen/yildiz_ws/src/YILDIZ-USV/install/workspace_gz/share/workspace_gz//models/buoys/round_buoy_orange/materials/textures/RoundBarrierBuoy_Base_Color.png\n'}
[17.793031] (workspace_gz) StdoutLine: {'line': b'-- Installing: /home/ngen/yildiz_ws/src/YILDIZ-USV/install/workspace_gz/share/workspace_gz//models/buoys/round_buoy_orange/materials/textures/RoundBarrierBuoy_Roughness.png\n'}
[17.793444] (workspace_gz) StdoutLine: {'line': b'-- Installing: /home/ngen/yildiz_ws/src/YILDIZ-USV/install/workspace_gz/share/workspace_gz//models/buoys/round_buoy_orange/model.config\n'}
[17.793586] (workspace_gz) StdoutLine: {'line': b'-- Installing: /home/ngen/yildiz_ws/src/YILDIZ-USV/install/workspace_gz/share/workspace_gz//models/buoys/marker_buoy_red\n'}
[17.793619] (workspace_gz) StdoutLine: {'line': b'-- Installing: /home/ngen/yildiz_ws/src/YILDIZ-USV/install/workspace_gz/share/workspace_gz//models/buoys/marker_buoy_red/meshes\n'}
[17.793803] (workspace_gz) StdoutLine: {'line': b'-- Installing: /home/ngen/yildiz_ws/src/YILDIZ-USV/install/workspace_gz/share/workspace_gz//models/buoys/marker_buoy_red/meshes/marker_buoy.dae\n'}
[17.794277] (workspace_gz) StdoutLine: {'line': b'-- Installing: /home/ngen/yildiz_ws/src/YILDIZ-USV/install/workspace_gz/share/workspace_gz//models/buoys/marker_buoy_red/model.sdf\n'}
[17.794334] (workspace_gz) StdoutLine: {'line': b'-- Installing: /home/ngen/yildiz_ws/src/YILDIZ-USV/install/workspace_gz/share/workspace_gz//models/buoys/marker_buoy_red/materials\n'}
[17.794407] (workspace_gz) StdoutLine: {'line': b'-- Installing: /home/ngen/yildiz_ws/src/YILDIZ-USV/install/workspace_gz/share/workspace_gz//models/buoys/marker_buoy_red/materials/textures\n'}
[17.794446] (workspace_gz) StdoutLine: {'line': b'-- Installing: /home/ngen/yildiz_ws/src/YILDIZ-USV/install/workspace_gz/share/workspace_gz//models/buoys/marker_buoy_red/materials/textures/MarkerBuoy_Base_Color.png\n'}
[17.796324] (workspace_gz) StdoutLine: {'line': b'-- Installing: /home/ngen/yildiz_ws/src/YILDIZ-USV/install/workspace_gz/share/workspace_gz//models/buoys/marker_buoy_red/materials/textures/MarkerBuoy_Roughness.png\n'}
[17.796727] (workspace_gz) StdoutLine: {'line': b'-- Installing: /home/ngen/yildiz_ws/src/YILDIZ-USV/install/workspace_gz/share/workspace_gz//models/buoys/marker_buoy_red/model.config\n'}
[17.796845] (workspace_gz) StdoutLine: {'line': b'-- Installing: /home/ngen/yildiz_ws/src/YILDIZ-USV/install/workspace_gz/share/workspace_gz//models/roboboat\n'}
[17.796955] (workspace_gz) StdoutLine: {'line': b'-- Installing: /home/ngen/yildiz_ws/src/YILDIZ-USV/install/workspace_gz/share/workspace_gz//models/roboboat/meshes\n'}
[17.797061] (workspace_gz) StdoutLine: {'line': b'-- Installing: /home/ngen/yildiz_ws/src/YILDIZ-USV/install/workspace_gz/share/workspace_gz//models/roboboat/meshes/prop.dae\n'}
[17.797464] (workspace_gz) StdoutLine: {'line': b'-- Installing: /home/ngen/yildiz_ws/src/YILDIZ-USV/install/workspace_gz/share/workspace_gz//models/roboboat/meshes/housing.dae\n'}
[17.798167] (workspace_gz) StdoutLine: {'line': b'-- Installing: /home/ngen/yildiz_ws/src/YILDIZ-USV/install/workspace_gz/share/workspace_gz//models/roboboat/meshes/roboboat.dae\n'}
[17.799841] (workspace_gz) StdoutLine: {'line': b'-- Installing: /home/ngen/yildiz_ws/src/YILDIZ-USV/install/workspace_gz/share/workspace_gz//models/roboboat/meshes/mount.dae\n'}
[17.799936] (-) TimerEvent: {}
[17.800213] (workspace_gz) StdoutLine: {'line': b'-- Installing: /home/ngen/yildiz_ws/src/YILDIZ-USV/install/workspace_gz/share/workspace_gz//models/roboboat/sensors\n'}
[17.800307] (workspace_gz) StdoutLine: {'line': b'-- Installing: /home/ngen/yildiz_ws/src/YILDIZ-USV/install/workspace_gz/share/workspace_gz//models/roboboat/sensors/lidar_post\n'}
[17.800420] (workspace_gz) StdoutLine: {'line': b'-- Installing: /home/ngen/yildiz_ws/src/YILDIZ-USV/install/workspace_gz/share/workspace_gz//models/roboboat/sensors/lidar_post/meshes\n'}
[17.800527] (workspace_gz) StdoutLine: {'line': b'-- Installing: /home/ngen/yildiz_ws/src/YILDIZ-USV/install/workspace_gz/share/workspace_gz//models/roboboat/sensors/lidar_post/meshes/post_albedo.jpg\n'}
[17.800649] (workspace_gz) StdoutLine: {'line': b'-- Installing: /home/ngen/yildiz_ws/src/YILDIZ-USV/install/workspace_gz/share/workspace_gz//models/roboboat/sensors/lidar_post/meshes/post.dae\n'}
[17.800910] (workspace_gz) StdoutLine: {'line': b'-- Installing: /home/ngen/yildiz_ws/src/YILDIZ-USV/install/workspace_gz/share/workspace_gz//models/roboboat/sensors/lidar_post/materials\n'}
[17.801013] (workspace_gz) StdoutLine: {'line': b'-- Installing: /home/ngen/yildiz_ws/src/YILDIZ-USV/install/workspace_gz/share/workspace_gz//models/roboboat/sensors/lidar_post/materials/textures\n'}
[17.801119] (workspace_gz) StdoutLine: {'line': b'-- Installing: /home/ngen/yildiz_ws/src/YILDIZ-USV/install/workspace_gz/share/workspace_gz//models/roboboat/sensors/lidar_post/materials/textures/post_albedo.png\n'}
[17.801247] (workspace_gz) StdoutLine: {'line': b'-- Installing: /home/ngen/yildiz_ws/src/YILDIZ-USV/install/workspace_gz/share/workspace_gz//models/roboboat/sensors/camera_post\n'}
[17.801357] (workspace_gz) StdoutLine: {'line': b'-- Installing: /home/ngen/yildiz_ws/src/YILDIZ-USV/install/workspace_gz/share/workspace_gz//models/roboboat/sensors/camera_post/meshes\n'}
[17.801466] (workspace_gz) StdoutLine: {'line': b'-- Installing: /home/ngen/yildiz_ws/src/YILDIZ-USV/install/workspace_gz/share/workspace_gz//models/roboboat/sensors/camera_post/meshes/post_albedo.jpg\n'}
[17.801586] (workspace_gz) StdoutLine: {'line': b'-- Installing: /home/ngen/yildiz_ws/src/YILDIZ-USV/install/workspace_gz/share/workspace_gz//models/roboboat/sensors/camera_post/meshes/post.dae\n'}
[17.801841] (workspace_gz) StdoutLine: {'line': b'-- Installing: /home/ngen/yildiz_ws/src/YILDIZ-USV/install/workspace_gz/share/workspace_gz//models/roboboat/sensors/camera_post/materials\n'}
[17.801948] (workspace_gz) StdoutLine: {'line': b'-- Installing: /home/ngen/yildiz_ws/src/YILDIZ-USV/install/workspace_gz/share/workspace_gz//models/roboboat/sensors/camera_post/materials/textures\n'}
[17.802055] (workspace_gz) StdoutLine: {'line': b'-- Installing: /home/ngen/yildiz_ws/src/YILDIZ-USV/install/workspace_gz/share/workspace_gz//models/roboboat/sensors/camera_post/materials/textures/post_albedo.png\n'}
[17.802175] (workspace_gz) StdoutLine: {'line': b'-- Installing: /home/ngen/yildiz_ws/src/YILDIZ-USV/install/workspace_gz/share/workspace_gz//models/roboboat/sensors/camera\n'}
[17.802281] (workspace_gz) StdoutLine: {'line': b'-- Installing: /home/ngen/yildiz_ws/src/YILDIZ-USV/install/workspace_gz/share/workspace_gz//models/roboboat/sensors/camera/meshes\n'}
[17.802380] (workspace_gz) StdoutLine: {'line': b'-- Installing: /home/ngen/yildiz_ws/src/YILDIZ-USV/install/workspace_gz/share/workspace_gz//models/roboboat/sensors/camera/meshes/camera.dae\n'}
[17.802691] (workspace_gz) StdoutLine: {'line': b'-- Installing: /home/ngen/yildiz_ws/src/YILDIZ-USV/install/workspace_gz/share/workspace_gz//models/roboboat/sensors/camera/meshes/camera_albedo.png\n'}
[17.803006] (workspace_gz) StdoutLine: {'line': b'-- Installing: /home/ngen/yildiz_ws/src/YILDIZ-USV/install/workspace_gz/share/workspace_gz//models/roboboat/sensors/camera/materials\n'}
[17.803095] (workspace_gz) StdoutLine: {'line': b'-- Installing: /home/ngen/yildiz_ws/src/YILDIZ-USV/install/workspace_gz/share/workspace_gz//models/roboboat/sensors/camera/materials/textures\n'}
[17.803215] (workspace_gz) StdoutLine: {'line': b'-- Installing: /home/ngen/yildiz_ws/src/YILDIZ-USV/install/workspace_gz/share/workspace_gz//models/roboboat/sensors/camera/materials/textures/camera_normal.png\n'}
[17.803861] (workspace_gz) StdoutLine: {'line': b'-- Installing: /home/ngen/yildiz_ws/src/YILDIZ-USV/install/workspace_gz/share/workspace_gz//models/roboboat/sensors/camera/materials/textures/camera.png\n'}
[17.804868] (workspace_gz) StdoutLine: {'line': b'-- Installing: /home/ngen/yildiz_ws/src/YILDIZ-USV/install/workspace_gz/share/workspace_gz//models/roboboat/sensors/camera/materials/textures/camera_albedo.png\n'}
[17.805068] (workspace_gz) StdoutLine: {'line': b'-- Installing: /home/ngen/yildiz_ws/src/YILDIZ-USV/install/workspace_gz/share/workspace_gz//models/roboboat/sensors/camera/materials/textures/camera_metalness.png\n'}
[17.805321] (workspace_gz) StdoutLine: {'line': b'-- Installing: /home/ngen/yildiz_ws/src/YILDIZ-USV/install/workspace_gz/share/workspace_gz//models/roboboat/sensors/camera/materials/textures/camera_roughness.png\n'}
[17.805912] (workspace_gz) StdoutLine: {'line': b'-- Installing: /home/ngen/yildiz_ws/src/YILDIZ-USV/install/workspace_gz/share/workspace_gz//models/roboboat/sensors/lidar\n'}
[17.805963] (workspace_gz) StdoutLine: {'line': b'-- Installing: /home/ngen/yildiz_ws/src/YILDIZ-USV/install/workspace_gz/share/workspace_gz//models/roboboat/sensors/lidar/meshes\n'}
[17.806060] (workspace_gz) StdoutLine: {'line': b'-- Installing: /home/ngen/yildiz_ws/src/YILDIZ-USV/install/workspace_gz/share/workspace_gz//models/roboboat/sensors/lidar/meshes/lidar.dae\n'}
[17.806388] (workspace_gz) StdoutLine: {'line': b'-- Installing: /home/ngen/yildiz_ws/src/YILDIZ-USV/install/workspace_gz/share/workspace_gz//models/roboboat/sensors/lidar/meshes/lidar_albedo.png\n'}
[17.807901] (workspace_gz) StdoutLine: {'line': b'-- Installing: /home/ngen/yildiz_ws/src/YILDIZ-USV/install/workspace_gz/share/workspace_gz//models/roboboat/sensors/lidar/materials\n'}
[17.808061] (workspace_gz) StdoutLine: {'line': b'-- Installing: /home/ngen/yildiz_ws/src/YILDIZ-USV/install/workspace_gz/share/workspace_gz//models/roboboat/sensors/lidar/materials/textures\n'}
[17.808316] (workspace_gz) StdoutLine: {'line': b'-- Installing: /home/ngen/yildiz_ws/src/YILDIZ-USV/install/workspace_gz/share/workspace_gz//models/roboboat/sensors/lidar/materials/textures/lidar_roughness.png\n'}
[17.809229] (workspace_gz) StdoutLine: {'line': b'-- Installing: /home/ngen/yildiz_ws/src/YILDIZ-USV/install/workspace_gz/share/workspace_gz//models/roboboat/sensors/lidar/materials/textures/lidar_metalness.png\n'}
[17.809422] (workspace_gz) StdoutLine: {'line': b'-- Installing: /home/ngen/yildiz_ws/src/YILDIZ-USV/install/workspace_gz/share/workspace_gz//models/roboboat/sensors/lidar/materials/textures/lidar_albedo.png\n'}
[17.810638] (workspace_gz) StdoutLine: {'line': b'-- Installing: /home/ngen/yildiz_ws/src/YILDIZ-USV/install/workspace_gz/share/workspace_gz//models/roboboat/sensors/lidar/materials/textures/lidar_normal.png\n'}
[17.811123] (workspace_gz) StdoutLine: {'line': b'-- Installing: /home/ngen/yildiz_ws/src/YILDIZ-USV/install/workspace_gz/share/workspace_gz//models/roboboat/sensors/lidar/materials/textures/lidar.png\n'}
[17.811826] (workspace_gz) StdoutLine: {'line': b'-- Installing: /home/ngen/yildiz_ws/src/YILDIZ-USV/install/workspace_gz/share/workspace_gz//models/roboboat/sensors/gps\n'}
[17.811928] (workspace_gz) StdoutLine: {'line': b'-- Installing: /home/ngen/yildiz_ws/src/YILDIZ-USV/install/workspace_gz/share/workspace_gz//models/roboboat/sensors/gps/meshes\n'}
[17.812076] (workspace_gz) StdoutLine: {'line': b'-- Installing: /home/ngen/yildiz_ws/src/YILDIZ-USV/install/workspace_gz/share/workspace_gz//models/roboboat/sensors/gps/meshes/gps.dae\n'}
[17.812627] (workspace_gz) StdoutLine: {'line': b'-- Installing: /home/ngen/yildiz_ws/src/YILDIZ-USV/install/workspace_gz/share/workspace_gz//models/roboboat/sensors/gps/meshes/gps_albedo.png\n'}
[17.813446] (workspace_gz) StdoutLine: {'line': b'-- Installing: /home/ngen/yildiz_ws/src/YILDIZ-USV/install/workspace_gz/share/workspace_gz//models/roboboat/sensors/gps/materials\n'}
[17.813549] (workspace_gz) StdoutLine: {'line': b'-- Installing: /home/ngen/yildiz_ws/src/YILDIZ-USV/install/workspace_gz/share/workspace_gz//models/roboboat/sensors/gps/materials/textures\n'}
[17.813686] (workspace_gz) StdoutLine: {'line': b'-- Installing: /home/ngen/yildiz_ws/src/YILDIZ-USV/install/workspace_gz/share/workspace_gz//models/roboboat/sensors/gps/materials/textures/gps_albedo.png\n'}
[17.814650] (workspace_gz) StdoutLine: {'line': b'-- Installing: /home/ngen/yildiz_ws/src/YILDIZ-USV/install/workspace_gz/share/workspace_gz//models/roboboat/sensors/drybox\n'}
[17.814807] (workspace_gz) StdoutLine: {'line': b'-- Installing: /home/ngen/yildiz_ws/src/YILDIZ-USV/install/workspace_gz/share/workspace_gz//models/roboboat/sensors/drybox/meshes\n'}
[17.814954] (workspace_gz) StdoutLine: {'line': b'-- Installing: /home/ngen/yildiz_ws/src/YILDIZ-USV/install/workspace_gz/share/workspace_gz//models/roboboat/sensors/drybox/meshes/drybox.dae\n'}
[17.815806] (workspace_gz) StdoutLine: {'line': b'-- Installing: /home/ngen/yildiz_ws/src/YILDIZ-USV/install/workspace_gz/share/workspace_gz//models/roboboat/sensors/drybox/materials\n'}
[17.815896] (workspace_gz) StdoutLine: {'line': b'-- Installing: /home/ngen/yildiz_ws/src/YILDIZ-USV/install/workspace_gz/share/workspace_gz//models/roboboat/sensors/drybox/materials/textures\n'}
[17.816030] (workspace_gz) StdoutLine: {'line': b'-- Installing: /home/ngen/yildiz_ws/src/YILDIZ-USV/install/workspace_gz/share/workspace_gz//models/roboboat/sensors/drybox/materials/textures/drybox_roughness.png\n'}
[17.826150] (workspace_gz) StdoutLine: {'line': b'-- Installing: /home/ngen/yildiz_ws/src/YILDIZ-USV/install/workspace_gz/share/workspace_gz//models/roboboat/sensors/drybox/materials/textures/drybox_albedo.png\n'}
[17.832333] (workspace_gz) StdoutLine: {'line': b'-- Installing: /home/ngen/yildiz_ws/src/YILDIZ-USV/install/workspace_gz/share/workspace_gz//models/roboboat/materials\n'}
[17.832458] (workspace_gz) StdoutLine: {'line': b'-- Installing: /home/ngen/yildiz_ws/src/YILDIZ-USV/install/workspace_gz/share/workspace_gz//models/roboboat/materials/textures\n'}
[17.832565] (workspace_gz) StdoutLine: {'line': b'-- Installing: /home/ngen/yildiz_ws/src/YILDIZ-USV/install/workspace_gz/share/workspace_gz//models/roboboat/materials/textures/thruster_roughness.png\n'}
[17.834055] (workspace_gz) StdoutLine: {'line': b'-- Installing: /home/ngen/yildiz_ws/src/YILDIZ-USV/install/workspace_gz/share/workspace_gz//models/roboboat/materials/textures/thruster_albedo.png\n'}
[17.835655] (workspace_gz) StdoutLine: {'line': b'-- Installing: /home/ngen/yildiz_ws/src/YILDIZ-USV/install/workspace_gz/share/workspace_gz//models/roboboat/materials/textures/roboboat_roughness.png\n'}
[17.839714] (workspace_gz) StdoutLine: {'line': b'-- Installing: /home/ngen/yildiz_ws/src/YILDIZ-USV/install/workspace_gz/share/workspace_gz//models/roboboat/materials/textures/roboboat_albedo.png\n'}
[17.845472] (workspace_gz) StdoutLine: {'line': b'-- Installing: /home/ngen/yildiz_ws/src/YILDIZ-USV/install/workspace_gz/share/workspace_gz//models/roboboat/materials/textures/roboboat_metalness.png\n'}
[17.845863] (workspace_gz) StdoutLine: {'line': b'-- Installing: /home/ngen/yildiz_ws/src/YILDIZ-USV/install/workspace_gz/share/workspace_gz//models/roboboat/materials/textures/roboboat_normal.png\n'}
[17.847282] (workspace_gz) StdoutLine: {'line': b'-- Installing: /home/ngen/yildiz_ws/src/YILDIZ-USV/install/workspace_gz/share/workspace_gz//worlds\n'}
[17.847485] (workspace_gz) StdoutLine: {'line': b'-- Installing: /home/ngen/yildiz_ws/src/YILDIZ-USV/install/workspace_gz/share/workspace_gz//worlds/world.sdf\n'}
[17.848546] (workspace_gz) StdoutLine: {'line': b'-- Installing: /home/ngen/yildiz_ws/src/YILDIZ-USV/install/workspace_gz/share/workspace_gz/environment/library_path.sh\n'}
[17.848611] (workspace_gz) StdoutLine: {'line': b'-- Installing: /home/ngen/yildiz_ws/src/YILDIZ-USV/install/workspace_gz/share/workspace_gz/environment/library_path.dsv\n'}
[17.848797] (workspace_gz) StdoutLine: {'line': b'-- Installing: /home/ngen/yildiz_ws/src/YILDIZ-USV/install/workspace_gz/share/ament_index/resource_index/package_run_dependencies/workspace_gz\n'}
[17.848888] (workspace_gz) StdoutLine: {'line': b'-- Installing: /home/ngen/yildiz_ws/src/YILDIZ-USV/install/workspace_gz/share/ament_index/resource_index/parent_prefix_path/workspace_gz\n'}
[17.849352] (workspace_gz) StdoutLine: {'line': b'-- Installing: /home/ngen/yildiz_ws/src/YILDIZ-USV/install/workspace_gz/share/workspace_gz/environment/ament_prefix_path.sh\n'}
[17.849516] (workspace_gz) StdoutLine: {'line': b'-- Installing: /home/ngen/yildiz_ws/src/YILDIZ-USV/install/workspace_gz/share/workspace_gz/environment/ament_prefix_path.dsv\n'}
[17.849565] (workspace_gz) StdoutLine: {'line': b'-- Installing: /home/ngen/yildiz_ws/src/YILDIZ-USV/install/workspace_gz/share/workspace_gz/environment/path.sh\n'}
[17.849766] (workspace_gz) StdoutLine: {'line': b'-- Installing: /home/ngen/yildiz_ws/src/YILDIZ-USV/install/workspace_gz/share/workspace_gz/environment/path.dsv\n'}
[17.849937] (workspace_gz) StdoutLine: {'line': b'-- Installing: /home/ngen/yildiz_ws/src/YILDIZ-USV/install/workspace_gz/share/workspace_gz/local_setup.bash\n'}
[17.850093] (workspace_gz) StdoutLine: {'line': b'-- Installing: /home/ngen/yildiz_ws/src/YILDIZ-USV/install/workspace_gz/share/workspace_gz/local_setup.sh\n'}
[17.850264] (workspace_gz) StdoutLine: {'line': b'-- Installing: /home/ngen/yildiz_ws/src/YILDIZ-USV/install/workspace_gz/share/workspace_gz/local_setup.zsh\n'}
[17.850386] (workspace_gz) StdoutLine: {'line': b'-- Installing: /home/ngen/yildiz_ws/src/YILDIZ-USV/install/workspace_gz/share/workspace_gz/local_setup.dsv\n'}
[17.850508] (workspace_gz) StdoutLine: {'line': b'-- Installing: /home/ngen/yildiz_ws/src/YILDIZ-USV/install/workspace_gz/share/workspace_gz/package.dsv\n'}
[17.850653] (workspace_gz) StdoutLine: {'line': b'-- Installing: /home/ngen/yildiz_ws/src/YILDIZ-USV/install/workspace_gz/share/ament_index/resource_index/packages/workspace_gz\n'}
[17.850715] (workspace_gz) StdoutLine: {'line': b'-- Installing: /home/ngen/yildiz_ws/src/YILDIZ-USV/install/workspace_gz/share/workspace_gz/cmake/ament_cmake_export_libraries-extras.cmake\n'}
[17.850868] (workspace_gz) StdoutLine: {'line': b'-- Installing: /home/ngen/yildiz_ws/src/YILDIZ-USV/install/workspace_gz/share/workspace_gz/cmake/ament_cmake_export_dependencies-extras.cmake\n'}
[17.850995] (workspace_gz) StdoutLine: {'line': b'-- Installing: /home/ngen/yildiz_ws/src/YILDIZ-USV/install/workspace_gz/share/workspace_gz/cmake/workspace_gzConfig.cmake\n'}
[17.851098] (workspace_gz) StdoutLine: {'line': b'-- Installing: /home/ngen/yildiz_ws/src/YILDIZ-USV/install/workspace_gz/share/workspace_gz/cmake/workspace_gzConfig-version.cmake\n'}
[17.851237] (workspace_gz) StdoutLine: {'line': b'-- Installing: /home/ngen/yildiz_ws/src/YILDIZ-USV/install/workspace_gz/share/workspace_gz/package.xml\n'}
[17.855253] (workspace_gz) CommandEnded: {'returncode': 0}
[17.897100] (workspace_gz) JobEnded: {'identifier': 'workspace_gz', 'rc': 0}
[17.902546] (-) TimerEvent: {}
[17.902583] (-) EventReactorShutdown: {}
