[0.000000] (-) TimerEvent: {}
[0.000507] (-) JobUnselected: {'identifier': 'workspace_nav'}
[0.000541] (-) JobUnselected: {'identifier': 'workspace_ros'}
[0.000565] (workspace_gz) JobQueued: {'identifier': 'workspace_gz', 'dependencies': OrderedDict()}
[0.000588] (workspace_gz) JobStarted: {'identifier': 'workspace_gz'}
[0.018334] (workspace_gz) JobProgress: {'identifier': 'workspace_gz', 'progress': 'cmake'}
[0.023174] (workspace_gz) Command: {'cmd': ['/usr/bin/cmake', '/home/aliomacc/sti_usv/src/usv_sim/workspace_gz', '-DCMAKE_INSTALL_PREFIX=/home/aliomacc/sti_usv/install/workspace_gz'], 'cwd': '/home/aliomacc/sti_usv/build/workspace_gz', 'env': OrderedDict([('GJS_DEBUG_TOPICS', 'JS ERROR;JS LOG'), ('LESSOPEN', '| /usr/bin/lesspipe %s'), ('USER', 'aliomacc'), ('XDG_SESSION_TYPE', 'x11'), ('GIT_ASKPASS', '/usr/share/antigravity/resources/app/extensions/git/dist/askpass.sh'), ('SHLVL', '2'), ('LD_LIBRARY_PATH', '/home/aliomacc/ros2_ws/install/my_robot_interfaces/lib:/opt/ros/humble/opt/rviz_ogre_vendor/lib:/opt/ros/humble/lib/x86_64-linux-gnu:/opt/ros/humble/lib'), ('ANTIGRAVITY_CLI_ALIAS', 'agy'), ('HOME', '/home/aliomacc'), ('CHROME_DESKTOP', 'antigravity.desktop'), ('OLDPWD', '/home/aliomacc/sti_usv/src'), ('TERM_PROGRAM_VERSION', '1.107.0'), ('DESKTOP_SESSION', 'ubuntu-xorg'), ('GIO_LAUNCHED_DESKTOP_FILE', '/usr/share/applications/terminator.desktop'), ('ROS_PYTHON_VERSION', '3'), ('GNOME_SHELL_SESSION_MODE', 'ubuntu'), ('GTK_MODULES', 'gail:atk-bridge'), ('PAGER', 'cat'), ('VSCODE_GIT_ASKPASS_MAIN', '/usr/share/antigravity/resources/app/extensions/git/dist/askpass-main.js'), ('VSCODE_GIT_ASKPASS_NODE', '/usr/share/antigravity/antigravity'), ('MANAGERPID', '1119'), ('SYSTEMD_EXEC_PID', '1535'), ('VSCODE_PYTHON_AUTOACTIVATE_GUARD', '1'), ('DBUS_SESSION_BUS_ADDRESS', 'unix:path=/run/user/1000/bus'), ('COLORTERM', 'truecolor'), ('TERMINATOR_DBUS_NAME', 'net.tenshu.Terminator21a9d5db22c73a993ff0b42f64b396873'), ('ANTIGRAVITY_AGENT', '1'), ('GIO_LAUNCHED_DESKTOP_FILE_PID', '21184'), ('COLCON_PREFIX_PATH', '/home/aliomacc/turtlebot3_ws/install:/home/aliomacc/ros2_ws/install'), ('ROS_DISTRO', 'humble'), ('GTK_IM_MODULE', 'ibus'), ('LOGNAME', 'aliomacc'), ('JOURNAL_STREAM', '8:12878'), ('_', '/usr/bin/colcon'), ('ROS_VERSION', '2'), ('XDG_SESSION_CLASS', 'user'), ('USERNAME', 'aliomacc'), ('TERM', 'xterm-256color'), ('GNOME_DESKTOP_SESSION_ID', 'this-is-deprecated'), ('FC_FONTATIONS', '1'), ('ROS_LOCALHOST_ONLY', '0'), ('WINDOWPATH', '2'), ('PATH', '/home/aliomacc/.local/bin:/home/aliomacc/.local/bin:/opt/ros/humble/bin:/home/aliomacc/.local/bin:/usr/local/sbin:/usr/local/bin:/usr/sbin:/usr/bin:/sbin:/bin:/usr/games:/usr/local/games:/snap/bin:/snap/bin'), ('SESSION_MANAGER', 'local/aliomacc-Nitro-AN515-55:@/tmp/.ICE-unix/1477,unix/aliomacc-Nitro-AN515-55:/tmp/.ICE-unix/1477'), ('INVOCATION_ID', '8bb2c71350dd440785a65a077b4f78af'), ('XDG_MENU_PREFIX', 'gnome-'), ('XDG_RUNTIME_DIR', '/run/user/1000'), ('GDK_BACKEND', 'x11'), ('DISPLAY', ':0'), ('TERMINATOR_DBUS_PATH', '/net/tenshu/Terminator2'), ('LANG', 'tr_TR.UTF-8'), ('XDG_CURRENT_DESKTOP', 'ubuntu:GNOME'), ('IBUS_DISABLE_SNOOPER', '1'), ('XMODIFIERS', '@im=ibus'), ('XDG_SESSION_DESKTOP', 'ubuntu-xorg'), ('XAUTHORITY', '/run/user/1000/gdm/Xauthority'), ('LS_COLORS', 'rs=0:di=01;34:ln=01;36:mh=00:pi=40;33:so=01;35:do=01;35:bd=40;33;01:cd=40;33;01:or=40;31;01:mi=00:su=37;41:sg=30;43:ca=30;41:tw=30;42:ow=34;42:st=37;44:ex=01;32:*.tar=01;31:*.tgz=01;31:*.arc=01;31:*.arj=01;31:*.taz=01;31:*.lha=01;31:*.lz4=01;31:*.lzh=01;31:*.lzma=01;31:*.tlz=01;31:*.txz=01;31:*.tzo=01;31:*.t7z=01;31:*.zip=01;31:*.z=01;31:*.dz=01;31:*.gz=01;31:*.lrz=01;31:*.lz=01;31:*.lzo=01;31:*.xz=01;31:*.zst=01;31:*.tzst=01;31:*.bz2=01;31:*.bz=01;31:*.tbz=01;31:*.tbz2=01;31:*.tz=01;31:*.deb=01;31:*.rpm=01;31:*.jar=01;31:*.war=01;31:*.ear=01;31:*.sar=01;31:*.rar=01;31:*.alz=01;31:*.ace=01;31:*.zoo=01;31:*.cpio=01;31:*.7z=01;31:*.rz=01;31:*.cab=01;31:*.wim=01;31:*.swm=01;31:*.dwm=01;31:*.esd=01;31:*.jpg=01;35:*.jpeg=01;35:*.mjpg=01;35:*.mjpeg=01;35:*.gif=01;35:*.bmp=01;35:*.pbm=01;35:*.pgm=01;35:*.ppm=01;35:*.tga=01;35:*.xbm=01;35:*.xpm=01;35:*.tif=01;35:*.tiff=01;35:*.png=01;35:*.svg=01;35:*.svgz=01;35:*.mng=01;35:*.pcx=01;35:*.mov=01;35:*.mpg=01;35:*.mpeg=01;35:*.m2v=01;35:*.mkv=01;35:*.webm=01;35:*.webp=01;35:*.ogm=01;35:*.mp4=01;35:*.m4v=01;35:*.mp4v=01;35:*.vob=01;35:*.qt=01;35:*.nuv=01;35:*.wmv=01;35:*.asf=01;35:*.rm=01;35:*.rmvb=01;35:*.flc=01;35:*.avi=01;35:*.fli=01;35:*.flv=01;35:*.gl=01;35:*.dl=01;35:*.xcf=01;35:*.xwd=01;35:*.yuv=01;35:*.cgm=01;35:*.emf=01;35:*.ogv=01;35:*.ogx=01;35:*.aac=00;36:*.au=00;36:*.flac=00;36:*.m4a=00;36:*.mid=00;36:*.midi=00;36:*.mka=00;36:*.mp3=00;36:*.mpc=00;36:*.ogg=00;36:*.ra=00;36:*.wav=00;36:*.oga=00;36:*.opus=00;36:*.spx=00;36:*.xspf=00;36:'), ('VSCODE_GIT_IPC_HANDLE', '/run/user/1000/vscode-git-0cbf93e25a.sock'), ('TERM_PROGRAM', 'vscode'), ('SSH_AGENT_LAUNCHER', 'gnome-keyring'), ('SSH_AUTH_SOCK', '/run/user/1000/keyring/ssh'), ('AMENT_PREFIX_PATH', '/home/aliomacc/turtlebot3_ws/install/turtlebot3_simulations:/home/aliomacc/turtlebot3_ws/install/turtlebot3_manipulation_gazebo:/home/aliomacc/turtlebot3_ws/install/turtlebot3_gazebo:/home/aliomacc/turtlebot3_ws/install/turtlebot3_fake_node:/home/aliomacc/ros2_ws/install/actions_py:/home/aliomacc/ros2_ws/install/my_robot_interfaces:/home/aliomacc/ros2_ws/install/my_robot_description:/home/aliomacc/ros2_ws/install/my_robot_bringup:/home/aliomacc/ros2_ws/install/lifecycle_py:/home/aliomacc/ros2_ws/install/lifecycle_cpp:/opt/ros/humble'), ('SHELL', '/bin/bash'), ('TERMINATOR_UUID', 'urn:uuid:000422ba-25d5-4262-9e2f-dc4b83371a6a'), ('QT_ACCESSIBILITY', '1'), ('GDMSESSION', 'ubuntu-xorg'), ('LESSCLOSE', '/usr/bin/lesspipe %s %s'), ('GPG_AGENT_INFO', '/run/user/1000/gnupg/S.gpg-agent:0:1'), ('GJS_DEBUG_OUTPUT', 'stderr'), ('VSCODE_GIT_ASKPASS_EXTRA_ARGS', ''), ('QT_IM_MODULE', 'ibus'), ('PWD', '/home/aliomacc/sti_usv/build/workspace_gz'), ('TURTLEBOT3_MODEL', 'waffle'), ('XDG_CONFIG_DIRS', '/etc/xdg/xdg-ubuntu-xorg:/etc/xdg'), ('XDG_DATA_DIRS', '/usr/share/ubuntu-xorg:/usr/share/gnome:/home/aliomacc/.local/share/flatpak/exports/share:/var/lib/flatpak/exports/share:/usr/local/share/:/usr/share/:/var/lib/snapd/desktop'), ('PYTHONPATH', '/home/aliomacc/ros2_ws/install/actions_py/lib/python3.10/site-packages:/home/aliomacc/ros2_ws/install/my_robot_interfaces/local/lib/python3.10/dist-packages:/home/aliomacc/ros2_ws/install/lifecycle_py/lib/python3.10/site-packages:/opt/ros/humble/lib/python3.10/site-packages:/opt/ros/humble/local/lib/python3.10/dist-packages'), ('COLCON', '1'), ('VTE_VERSION', '6800'), ('CMAKE_PREFIX_PATH', '/home/aliomacc/turtlebot3_ws/install/turtlebot3_simulations:/home/aliomacc/turtlebot3_ws/install/turtlebot3_manipulation_gazebo:/home/aliomacc/turtlebot3_ws/install/turtlebot3_gazebo:/home/aliomacc/turtlebot3_ws/install/turtlebot3_fake_node:/home/aliomacc/ros2_ws/install/my_robot_interfaces:/home/aliomacc/ros2_ws/install/my_robot_description:/home/aliomacc/ros2_ws/install/my_robot_bringup:/home/aliomacc/ros2_ws/install/lifecycle_cpp:/home/aliomacc/ros2_ws/install/actions_py:/home/aliomacc/ros2_ws/install/lifecycle_py:/opt/ros/humble')]), 'shell': False}
[0.059060] (workspace_gz) StdoutLine: {'line': b'-- Found ament_cmake: 1.3.12 (/opt/ros/humble/share/ament_cmake/cmake)\n'}
[0.099739] (-) TimerEvent: {}
[0.200283] (-) TimerEvent: {}
[0.300845] (-) TimerEvent: {}
[0.376395] (workspace_gz) StdoutLine: {'line': b'-- Override CMake install command with custom implementation using symlinks instead of copying resources\n'}
[0.395810] (workspace_gz) StdoutLine: {'line': b'-- Looking for ignition-gazebo6 -- found version 6.17.1\n'}
[0.401069] (-) TimerEvent: {}
[0.406353] (workspace_gz) StdoutLine: {'line': b'-- Searching for dependencies of ignition-gazebo6\n'}
[0.407001] (workspace_gz) StdoutLine: {'line': b'-- Looking for sdformat12 -- found version 12.9.0\n'}
[0.408194] (workspace_gz) StdoutLine: {'line': b'-- Searching for dependencies of sdformat12\n'}
[0.417722] (workspace_gz) StdoutLine: {'line': b"-- Checking for module 'tinyxml2'\n"}
[0.455654] (workspace_gz) StdoutLine: {'line': b'--   Found tinyxml2, version 9.0.0\n'}
[0.503947] (-) TimerEvent: {}
[0.568354] (workspace_gz) StdoutLine: {'line': b'-- Looking for ignition-math6 -- found version 6.15.1\n'}
[0.568772] (workspace_gz) StdoutLine: {'line': b'-- Searching for dependencies of ignition-math6\n'}
[0.574767] (workspace_gz) StdoutLine: {'line': b'-- Looking for ignition-utils1 -- found version 1.5.1\n'}
[0.575076] (workspace_gz) StdoutLine: {'line': b'-- Searching for dependencies of ignition-utils1\n'}
[0.576694] (workspace_gz) StdoutLine: {'line': b'-- Looking for ignition-plugin1 -- found version 1.4.0\n'}
[0.581473] (workspace_gz) StdoutLine: {'line': b'-- Searching for dependencies of ignition-plugin1\n'}
[0.582454] (workspace_gz) StdoutLine: {'line': b'-- Searching for <ignition-plugin1> component [loader]\n'}
[0.586964] (workspace_gz) StdoutLine: {'line': b'-- Looking for ignition-plugin1-loader -- found version 1.4.0\n'}
[0.587301] (workspace_gz) StdoutLine: {'line': b'-- Searching for dependencies of ignition-plugin1-loader\n'}
[0.588738] (workspace_gz) StdoutLine: {'line': b'-- Searching for <ignition-plugin1> component [register]\n'}
[0.590412] (workspace_gz) StdoutLine: {'line': b'-- Looking for ignition-plugin1-register -- found version 1.4.0\n'}
[0.591851] (workspace_gz) StdoutLine: {'line': b'-- Searching for dependencies of ignition-plugin1-register\n'}
[0.594603] (workspace_gz) StdoutLine: {'line': b'-- Looking for ignition-transport11 -- found version 11.4.2\n'}
[0.600841] (workspace_gz) StdoutLine: {'line': b'-- Searching for dependencies of ignition-transport11\n'}
[0.604340] (-) TimerEvent: {}
[0.674829] (workspace_gz) StdoutLine: {'line': b'-- Config-file not installed for ZeroMQ -- checking for pkg-config\n'}
[0.681330] (workspace_gz) StdoutLine: {'line': b"-- Checking for module 'libzmq >= 4'\n"}
[0.704548] (-) TimerEvent: {}
[0.711772] (workspace_gz) StdoutLine: {'line': b'--   Found libzmq , version 4.3.4\n'}
[0.801897] (workspace_gz) StdoutLine: {'line': b"-- Checking for module 'uuid'\n"}
[0.804645] (-) TimerEvent: {}
[0.830806] (workspace_gz) StdoutLine: {'line': b'--   Found uuid, version 2.37.2\n'}
[0.902125] (workspace_gz) StdoutLine: {'line': b'-- Looking for ignition-utils1 -- found version 1.5.1\n'}
[0.902938] (workspace_gz) StdoutLine: {'line': b'-- Searching for dependencies of ignition-utils1\n'}
[0.903233] (workspace_gz) StdoutLine: {'line': b'-- Searching for <ignition-utils1> component [cli]\n'}
[0.903719] (workspace_gz) StdoutLine: {'line': b'-- Looking for ignition-utils1-cli -- found version 1.5.1\n'}
[0.904462] (workspace_gz) StdoutLine: {'line': b'-- Searching for dependencies of ignition-utils1-cli\n'}
[0.904634] (-) TimerEvent: {}
[0.906370] (workspace_gz) StdoutLine: {'line': b'-- Looking for ignition-msgs8 -- found version 8.7.0\n'}
[0.908249] (workspace_gz) StdoutLine: {'line': b'-- Searching for dependencies of ignition-msgs8\n'}
[0.945645] (workspace_gz) StdoutLine: {'line': b'-- Found Protobuf: /usr/lib/x86_64-linux-gnu/libprotobuf.so (found suitable version "3.12.4", minimum required is "3") \n'}
[0.947951] (workspace_gz) StdoutLine: {'line': b'-- Looking for ignition-math6 -- found version 6.15.1\n'}
[0.984046] (workspace_gz) StdoutLine: {'line': b'-- Searching for <ignition-transport11> component [log]\n'}
[0.984650] (workspace_gz) StdoutLine: {'line': b'-- Looking for ignition-transport11-log -- found version 11.4.2\n'}
[0.985699] (workspace_gz) StdoutLine: {'line': b'-- Searching for dependencies of ignition-transport11-log\n'}
[0.988618] (workspace_gz) StdoutLine: {'line': b'-- Searching for <ignition-transport11> component [parameters]\n'}
[0.989784] (workspace_gz) StdoutLine: {'line': b'-- Looking for ignition-transport11-parameters -- found version 11.4.2\n'}
[0.991782] (workspace_gz) StdoutLine: {'line': b'-- Searching for dependencies of ignition-transport11-parameters\n'}
[0.994567] (workspace_gz) StdoutLine: {'line': b'-- Looking for ignition-msgs8 -- found version 8.7.0\n'}
[0.996149] (workspace_gz) StdoutLine: {'line': b'-- Looking for ignition-common4 -- found version 4.8.0\n'}
[0.996869] (workspace_gz) StdoutLine: {'line': b'-- Searching for dependencies of ignition-common4\n'}
[0.997183] (workspace_gz) StdoutLine: {'line': b'-- Looking for dlfcn.h - found\n'}
[0.997304] (workspace_gz) StdoutLine: {'line': b'-- Looking for libdl - found\n'}
[1.005005] (-) TimerEvent: {}
[1.020485] (workspace_gz) StdoutLine: {'line': b'-- Searching for <ignition-common4> component [profiler]\n'}
[1.021198] (workspace_gz) StdoutLine: {'line': b'-- Looking for ignition-common4-profiler -- found version 4.8.0\n'}
[1.022630] (workspace_gz) StdoutLine: {'line': b'-- Searching for dependencies of ignition-common4-profiler\n'}
[1.025083] (workspace_gz) StdoutLine: {'line': b'-- Searching for <ignition-common4> component [events]\n'}
[1.026688] (workspace_gz) StdoutLine: {'line': b'-- Looking for ignition-common4-events -- found version 4.8.0\n'}
[1.029259] (workspace_gz) StdoutLine: {'line': b'-- Searching for dependencies of ignition-common4-events\n'}
[1.030994] (workspace_gz) StdoutLine: {'line': b'-- Looking for ignition-math6 -- found version 6.15.1\n'}
[1.033442] (workspace_gz) StdoutLine: {'line': b'-- Searching for <ignition-common4> component [av]\n'}
[1.034395] (workspace_gz) StdoutLine: {'line': b'-- Looking for ignition-common4-av -- found version 4.8.0\n'}
[1.035649] (workspace_gz) StdoutLine: {'line': b'-- Searching for dependencies of ignition-common4-av\n'}
[1.049386] (workspace_gz) StdoutLine: {'line': b"-- Checking for module 'libswscale'\n"}
[1.096366] (workspace_gz) StdoutLine: {'line': b'--   Found libswscale, version 5.9.100\n'}
[1.105444] (-) TimerEvent: {}
[1.206798] (-) TimerEvent: {}
[1.215971] (workspace_gz) StdoutLine: {'line': b"-- Checking for module 'libavdevice >= 56.4.100'\n"}
[1.254146] (workspace_gz) StdoutLine: {'line': b'--   Found libavdevice , version 58.13.100\n'}
[1.306984] (-) TimerEvent: {}
[1.361435] (workspace_gz) StdoutLine: {'line': b"-- Checking for module 'libavformat'\n"}
[1.393193] (workspace_gz) StdoutLine: {'line': b'--   Found libavformat, version 58.76.100\n'}
[1.407355] (-) TimerEvent: {}
[1.493816] (workspace_gz) StdoutLine: {'line': b"-- Checking for module 'libavcodec'\n"}
[1.507408] (-) TimerEvent: {}
[1.524249] (workspace_gz) StdoutLine: {'line': b'--   Found libavcodec, version 58.134.100\n'}
[1.607554] (-) TimerEvent: {}
[1.622556] (workspace_gz) StdoutLine: {'line': b"-- Checking for module 'libavutil'\n"}
[1.650954] (workspace_gz) StdoutLine: {'line': b'--   Found libavutil, version 56.70.100\n'}
[1.707916] (-) TimerEvent: {}
[1.732426] (workspace_gz) StdoutLine: {'line': b'-- Looking for ignition-fuel_tools7 -- found version 7.3.1\n'}
[1.734126] (workspace_gz) StdoutLine: {'line': b'-- Searching for dependencies of ignition-fuel_tools7\n'}
[1.807995] (-) TimerEvent: {}
[1.823222] (workspace_gz) StdoutLine: {'line': b"-- Checking for module 'jsoncpp'\n"}
[1.848397] (workspace_gz) StdoutLine: {'line': b'--   Found jsoncpp, version 1.9.5\n'}
[1.908245] (-) TimerEvent: {}
[1.935357] (workspace_gz) StdoutLine: {'line': b"-- Checking for module 'libzip'\n"}
[1.967184] (workspace_gz) StdoutLine: {'line': b'--   Found libzip, version 1.7.3\n'}
[2.008817] (-) TimerEvent: {}
[2.053528] (workspace_gz) StdoutLine: {'line': b'-- Looking for ignition-common4 -- found version 4.8.0\n'}
[2.053996] (workspace_gz) StdoutLine: {'line': b'-- Looking for ignition-math6 -- found version 6.15.1\n'}
[2.054519] (workspace_gz) StdoutLine: {'line': b'-- Looking for ignition-msgs8 -- found version 8.7.0\n'}
[2.056083] (workspace_gz) StdoutLine: {'line': b'-- Looking for ignition-gui6 -- found version 6.9.0\n'}
[2.056836] (workspace_gz) StdoutLine: {'line': b'-- Searching for dependencies of ignition-gui6\n'}
[2.092182] (workspace_gz) StdoutLine: {'line': b'-- Found Protobuf: /usr/lib/x86_64-linux-gnu/libprotobuf.so (found version "3.12.4") \n'}
[2.108782] (-) TimerEvent: {}
[2.113383] (workspace_gz) StdoutLine: {'line': b'-- Looking for ignition-math6 -- found version 6.15.1\n'}
[2.116328] (workspace_gz) StdoutLine: {'line': b'-- Looking for ignition-common4 -- found version 4.8.0\n'}
[2.118793] (workspace_gz) StdoutLine: {'line': b'-- Looking for ignition-plugin1 -- found version 1.4.0\n'}
[2.120072] (workspace_gz) StdoutLine: {'line': b'-- Looking for ignition-transport11 -- found version 11.4.2\n'}
[2.120848] (workspace_gz) StdoutLine: {'line': b'-- Looking for ignition-rendering6 -- found version 6.6.4\n'}
[2.122353] (workspace_gz) StdoutLine: {'line': b'-- Searching for dependencies of ignition-rendering6\n'}
[2.123376] (workspace_gz) StdoutLine: {'line': b'-- Looking for ignition-math6 -- found version 6.15.1\n'}
[2.124312] (workspace_gz) StdoutLine: {'line': b'-- Searching for dependencies of ignition-math6\n'}
[2.124595] (workspace_gz) StdoutLine: {'line': b'-- Searching for <ignition-math6> component [eigen3]\n'}
[2.125182] (workspace_gz) StdoutLine: {'line': b'-- Looking for ignition-math6-eigen3 -- found version 6.15.1\n'}
[2.126179] (workspace_gz) StdoutLine: {'line': b'-- Searching for dependencies of ignition-math6-eigen3\n'}
[2.130209] (workspace_gz) StdoutLine: {'line': b'-- Looking for ignition-common4 -- found version 4.8.0\n'}
[2.131647] (workspace_gz) StdoutLine: {'line': b'-- Searching for dependencies of ignition-common4\n'}
[2.132285] (workspace_gz) StdoutLine: {'line': b'-- Looking for dlfcn.h - found\n'}
[2.132508] (workspace_gz) StdoutLine: {'line': b'-- Looking for libdl - found\n'}
[2.148649] (workspace_gz) StdoutLine: {'line': b'-- Searching for <ignition-common4> component [graphics]\n'}
[2.149489] (workspace_gz) StdoutLine: {'line': b'-- Looking for ignition-common4-graphics -- found version 4.8.0\n'}
[2.151155] (workspace_gz) StdoutLine: {'line': b'-- Searching for dependencies of ignition-common4-graphics\n'}
[2.152300] (workspace_gz) StdoutLine: {'line': b'-- Looking for ignition-math6 -- found version 6.15.1\n'}
[2.154245] (workspace_gz) StdoutLine: {'line': b'-- Looking for ignition-utils1 -- found version 1.5.1\n'}
[2.155733] (workspace_gz) StdoutLine: {'line': b'-- Searching for <ignition-common4> component [events]\n'}
[2.158134] (workspace_gz) StdoutLine: {'line': b'-- Looking for ignition-plugin1 -- found version 1.4.0\n'}
[2.158855] (workspace_gz) StdoutLine: {'line': b'-- Searching for dependencies of ignition-plugin1\n'}
[2.159101] (workspace_gz) StdoutLine: {'line': b'-- Searching for <ignition-plugin1> component [all]\n'}
[2.159551] (workspace_gz) StdoutLine: {'line': b'-- Looking for all libraries of ignition-plugin1 -- found version 1.4.0\n'}
[2.160375] (workspace_gz) StdoutLine: {'line': b'-- Looking for ignition-plugin1 -- found version 1.4.0\n'}
[2.164194] (workspace_gz) StdoutLine: {'line': b'-- Looking for ignition-msgs8 -- found version 8.7.0\n'}
[2.197490] (workspace_gz) StdoutLine: {'line': b'-- Looking for ignition-physics5 -- found version 5.4.0\n'}
[2.199091] (workspace_gz) StdoutLine: {'line': b'-- Searching for dependencies of ignition-physics5\n'}
[2.200270] (workspace_gz) StdoutLine: {'line': b'-- Looking for ignition-math6 -- found version 6.15.1\n'}
[2.202446] (workspace_gz) StdoutLine: {'line': b'-- Looking for ignition-plugin1 -- found version 1.4.0\n'}
[2.204586] (workspace_gz) StdoutLine: {'line': b'-- Looking for ignition-utils1 -- found version 1.5.1\n'}
[2.207405] (workspace_gz) StdoutLine: {'line': b'-- Searching for <ignition-physics5> component [heightmap]\n'}
[2.207890] (workspace_gz) StdoutLine: {'line': b'-- Looking for ignition-physics5-heightmap -- found version 5.4.0\n'}
[2.208519] (workspace_gz) StdoutLine: {'line': b'-- Searching for dependencies of ignition-physics5-heightmap\n'}
[2.208842] (-) TimerEvent: {}
[2.209065] (workspace_gz) StdoutLine: {'line': b'-- Looking for ignition-common4 -- found version 4.8.0\n'}
[2.209820] (workspace_gz) StdoutLine: {'line': b'-- Searching for <ignition-physics5> component [mesh]\n'}
[2.210383] (workspace_gz) StdoutLine: {'line': b'-- Looking for ignition-physics5-mesh -- found version 5.4.0\n'}
[2.211260] (workspace_gz) StdoutLine: {'line': b'-- Searching for dependencies of ignition-physics5-mesh\n'}
[2.211711] (workspace_gz) StdoutLine: {'line': b'-- Looking for ignition-common4 -- found version 4.8.0\n'}
[2.212384] (workspace_gz) StdoutLine: {'line': b'-- Searching for <ignition-physics5> component [sdf]\n'}
[2.213149] (workspace_gz) StdoutLine: {'line': b'-- Looking for ignition-physics5-sdf -- found version 5.4.0\n'}
[2.214136] (workspace_gz) StdoutLine: {'line': b'-- Searching for dependencies of ignition-physics5-sdf\n'}
[2.215519] (workspace_gz) StdoutLine: {'line': b'-- Looking for sdformat12 -- found version 12.9.0\n'}
[2.219068] (workspace_gz) StdoutLine: {'line': b'-- Looking for ignition-sensors6 -- found version 6.9.0\n'}
[2.220612] (workspace_gz) StdoutLine: {'line': b'-- Searching for dependencies of ignition-sensors6\n'}
[2.259303] (workspace_gz) StdoutLine: {'line': b'-- Looking for ignition-math6 -- found version 6.15.1\n'}
[2.260423] (workspace_gz) StdoutLine: {'line': b'-- Looking for ignition-common4 -- found version 4.8.0\n'}
[2.261158] (workspace_gz) StdoutLine: {'line': b'-- Looking for ignition-transport11 -- found version 11.4.2\n'}
[2.262571] (workspace_gz) StdoutLine: {'line': b'-- Looking for ignition-rendering6 -- found version 6.6.4\n'}
[2.263385] (workspace_gz) StdoutLine: {'line': b'-- Looking for ignition-msgs8 -- found version 8.7.0\n'}
[2.264423] (workspace_gz) StdoutLine: {'line': b'-- Looking for sdformat12 -- found version 12.9.0\n'}
[2.266157] (workspace_gz) StdoutLine: {'line': b'-- Searching for <ignition-sensors6> component [air_pressure]\n'}
[2.268076] (workspace_gz) StdoutLine: {'line': b'-- Looking for ignition-sensors6-air_pressure -- found version 6.9.0\n'}
[2.270520] (workspace_gz) StdoutLine: {'line': b'-- Searching for dependencies of ignition-sensors6-air_pressure\n'}
[2.273344] (workspace_gz) StdoutLine: {'line': b'-- Searching for <ignition-sensors6> component [altimeter]\n'}
[2.274794] (workspace_gz) StdoutLine: {'line': b'-- Looking for ignition-sensors6-altimeter -- found version 6.9.0\n'}
[2.276085] (workspace_gz) StdoutLine: {'line': b'-- Searching for dependencies of ignition-sensors6-altimeter\n'}
[2.277295] (workspace_gz) StdoutLine: {'line': b'-- Searching for <ignition-sensors6> component [imu]\n'}
[2.277889] (workspace_gz) StdoutLine: {'line': b'-- Looking for ignition-sensors6-imu -- found version 6.9.0\n'}
[2.278818] (workspace_gz) StdoutLine: {'line': b'-- Searching for dependencies of ignition-sensors6-imu\n'}
[2.284173] (workspace_gz) StdoutLine: {'line': b'-- Searching for <ignition-sensors6> component [force_torque]\n'}
[2.284729] (workspace_gz) StdoutLine: {'line': b'-- Looking for ignition-sensors6-force_torque -- found version 6.9.0\n'}
[2.285072] (workspace_gz) StdoutLine: {'line': b'-- Searching for dependencies of ignition-sensors6-force_torque\n'}
[2.285305] (workspace_gz) StdoutLine: {'line': b'-- Searching for <ignition-sensors6> component [logical_camera]\n'}
[2.289007] (workspace_gz) StdoutLine: {'line': b'-- Looking for ignition-sensors6-logical_camera -- found version 6.9.0\n'}
[2.289868] (workspace_gz) StdoutLine: {'line': b'-- Searching for dependencies of ignition-sensors6-logical_camera\n'}
[2.290505] (workspace_gz) StdoutLine: {'line': b'-- Searching for <ignition-sensors6> component [magnetometer]\n'}
[2.294867] (workspace_gz) StdoutLine: {'line': b'-- Looking for ignition-sensors6-magnetometer -- found version 6.9.0\n'}
[2.295609] (workspace_gz) StdoutLine: {'line': b'-- Searching for dependencies of ignition-sensors6-magnetometer\n'}
[2.296855] (workspace_gz) StdoutLine: {'line': b'-- Searching for <ignition-sensors6> component [navsat]\n'}
[2.297871] (workspace_gz) StdoutLine: {'line': b'-- Looking for ignition-sensors6-navsat -- found version 6.9.0\n'}
[2.302232] (workspace_gz) StdoutLine: {'line': b'-- Searching for dependencies of ignition-sensors6-navsat\n'}
[2.302718] (workspace_gz) StdoutLine: {'line': b'-- Searching for <ignition-sensors6> component [rendering]\n'}
[2.302979] (workspace_gz) StdoutLine: {'line': b'-- Looking for ignition-sensors6-rendering -- found version 6.9.0\n'}
[2.309934] (workspace_gz) StdoutLine: {'line': b'-- Searching for dependencies of ignition-sensors6-rendering\n'}
[2.310599] (-) TimerEvent: {}
[2.311267] (workspace_gz) StdoutLine: {'line': b'-- Searching for <ignition-sensors6> component [lidar]\n'}
[2.312450] (workspace_gz) StdoutLine: {'line': b'-- Looking for ignition-sensors6-lidar -- found version 6.9.0\n'}
[2.312680] (workspace_gz) StdoutLine: {'line': b'-- Searching for dependencies of ignition-sensors6-lidar\n'}
[2.317261] (workspace_gz) StdoutLine: {'line': b'-- Looking for ignition-sensors6 -- found version 6.9.0\n'}
[2.317592] (workspace_gz) StdoutLine: {'line': b'-- Searching for <ignition-sensors6> component [gpu_lidar]\n'}
[2.319743] (workspace_gz) StdoutLine: {'line': b'-- Looking for ignition-sensors6-gpu_lidar -- found version 6.9.0\n'}
[2.320155] (workspace_gz) StdoutLine: {'line': b'-- Searching for dependencies of ignition-sensors6-gpu_lidar\n'}
[2.320380] (workspace_gz) StdoutLine: {'line': b'-- Looking for ignition-sensors6 -- found version 6.9.0\n'}
[2.322414] (workspace_gz) StdoutLine: {'line': b'-- Searching for <ignition-sensors6> component [camera]\n'}
[2.330776] (workspace_gz) StdoutLine: {'line': b'-- Looking for ignition-sensors6-camera -- found version 6.9.0\n'}
[2.331160] (workspace_gz) StdoutLine: {'line': b'-- Searching for dependencies of ignition-sensors6-camera\n'}
[2.331314] (workspace_gz) StdoutLine: {'line': b'-- Looking for ignition-sensors6 -- found version 6.9.0\n'}
[2.331453] (workspace_gz) StdoutLine: {'line': b'-- Searching for <ignition-sensors6> component [boundingbox_camera]\n'}
[2.331819] (workspace_gz) StdoutLine: {'line': b'-- Looking for ignition-sensors6-boundingbox_camera -- found version 6.9.0\n'}
[2.332962] (workspace_gz) StdoutLine: {'line': b'-- Searching for dependencies of ignition-sensors6-boundingbox_camera\n'}
[2.334893] (workspace_gz) StdoutLine: {'line': b'-- Searching for <ignition-sensors6> component [segmentation_camera]\n'}
[2.336151] (workspace_gz) StdoutLine: {'line': b'-- Looking for ignition-sensors6-segmentation_camera -- found version 6.9.0\n'}
[2.338416] (workspace_gz) StdoutLine: {'line': b'-- Searching for dependencies of ignition-sensors6-segmentation_camera\n'}
[2.344815] (workspace_gz) StdoutLine: {'line': b'-- Searching for <ignition-sensors6> component [depth_camera]\n'}
[2.347173] (workspace_gz) StdoutLine: {'line': b'-- Looking for ignition-sensors6-depth_camera -- found version 6.9.0\n'}
[2.347457] (workspace_gz) StdoutLine: {'line': b'-- Searching for dependencies of ignition-sensors6-depth_camera\n'}
[2.347603] (workspace_gz) StdoutLine: {'line': b'-- Looking for ignition-sensors6 -- found version 6.9.0\n'}
[2.350871] (workspace_gz) StdoutLine: {'line': b'-- Searching for <ignition-sensors6> component [rgbd_camera]\n'}
[2.351440] (workspace_gz) StdoutLine: {'line': b'-- Looking for ignition-sensors6-rgbd_camera -- found version 6.9.0\n'}
[2.351693] (workspace_gz) StdoutLine: {'line': b'-- Searching for dependencies of ignition-sensors6-rgbd_camera\n'}
[2.355952] (workspace_gz) StdoutLine: {'line': b'-- Looking for ignition-sensors6 -- found version 6.9.0\n'}
[2.356642] (workspace_gz) StdoutLine: {'line': b'-- Searching for <ignition-sensors6> component [thermal_camera]\n'}
[2.357327] (workspace_gz) StdoutLine: {'line': b'-- Looking for ignition-sensors6-thermal_camera -- found version 6.9.0\n'}
[2.362263] (workspace_gz) StdoutLine: {'line': b'-- Searching for dependencies of ignition-sensors6-thermal_camera\n'}
[2.363071] (workspace_gz) StdoutLine: {'line': b'-- Looking for ignition-sensors6 -- found version 6.9.0\n'}
[2.366743] (workspace_gz) StdoutLine: {'line': b'-- Looking for ignition-rendering6 -- found version 6.6.4\n'}
[2.367374] (workspace_gz) StdoutLine: {'line': b'-- Looking for ignition-math6 -- found version 6.15.1\n'}
[2.367804] (workspace_gz) StdoutLine: {'line': b'-- Looking for ignition-utils1 -- found version 1.5.1\n'}
[2.410888] (-) TimerEvent: {}
[2.426849] (workspace_gz) StdoutLine: {'line': b'-- Looking for ignition-common4 -- found version 4.8.0\n'}
[2.427387] (workspace_gz) StdoutLine: {'line': b'-- Looking for ignition-math6 -- found version 6.15.1\n'}
[2.430926] (workspace_gz) StdoutLine: {'line': b'-- Looking for ignition-plugin1 -- found version 1.4.0\n'}
[2.432033] (workspace_gz) StdoutLine: {'line': b'-- Looking for ignition-rendering6 -- found version 6.6.4\n'}
[2.432919] (workspace_gz) StdoutLine: {'line': b'-- Looking for ignition-sensors6 -- found version 6.9.0\n'}
[2.434674] (workspace_gz) StdoutLine: {'line': b'-- Looking for ignition-transport11 -- found version 11.4.2\n'}
[2.436099] (workspace_gz) StdoutLine: {'line': b'-- Looking for ignition-utils1 -- found version 1.5.1\n'}
[2.436872] (workspace_gz) StdoutLine: {'line': b'-- Looking for sdformat12 -- found version 12.9.0\n'}
[2.511828] (-) TimerEvent: {}
[2.612578] (-) TimerEvent: {}
[2.644131] (workspace_gz) StdoutLine: {'line': b'-- Configuring done\n'}
[2.712855] (-) TimerEvent: {}
[2.813391] (-) TimerEvent: {}
[2.829060] (workspace_gz) StdoutLine: {'line': b'-- Generating done\n'}
[2.888715] (workspace_gz) StdoutLine: {'line': b'-- Build files have been written to: /home/aliomacc/sti_usv/build/workspace_gz\n'}
[2.912231] (workspace_gz) CommandEnded: {'returncode': 0}
[2.913777] (-) TimerEvent: {}
[2.914038] (workspace_gz) JobProgress: {'identifier': 'workspace_gz', 'progress': 'build'}
[2.915334] (workspace_gz) Command: {'cmd': ['/usr/bin/cmake', '--build', '/home/aliomacc/sti_usv/build/workspace_gz', '--', '-j8', '-l8'], 'cwd': '/home/aliomacc/sti_usv/build/workspace_gz', 'env': OrderedDict([('GJS_DEBUG_TOPICS', 'JS ERROR;JS LOG'), ('LESSOPEN', '| /usr/bin/lesspipe %s'), ('USER', 'aliomacc'), ('XDG_SESSION_TYPE', 'x11'), ('GIT_ASKPASS', '/usr/share/antigravity/resources/app/extensions/git/dist/askpass.sh'), ('SHLVL', '2'), ('LD_LIBRARY_PATH', '/home/aliomacc/ros2_ws/install/my_robot_interfaces/lib:/opt/ros/humble/opt/rviz_ogre_vendor/lib:/opt/ros/humble/lib/x86_64-linux-gnu:/opt/ros/humble/lib'), ('ANTIGRAVITY_CLI_ALIAS', 'agy'), ('HOME', '/home/aliomacc'), ('CHROME_DESKTOP', 'antigravity.desktop'), ('OLDPWD', '/home/aliomacc/sti_usv/src'), ('TERM_PROGRAM_VERSION', '1.107.0'), ('DESKTOP_SESSION', 'ubuntu-xorg'), ('GIO_LAUNCHED_DESKTOP_FILE', '/usr/share/applications/terminator.desktop'), ('ROS_PYTHON_VERSION', '3'), ('GNOME_SHELL_SESSION_MODE', 'ubuntu'), ('GTK_MODULES', 'gail:atk-bridge'), ('PAGER', 'cat'), ('VSCODE_GIT_ASKPASS_MAIN', '/usr/share/antigravity/resources/app/extensions/git/dist/askpass-main.js'), ('VSCODE_GIT_ASKPASS_NODE', '/usr/share/antigravity/antigravity'), ('MANAGERPID', '1119'), ('SYSTEMD_EXEC_PID', '1535'), ('VSCODE_PYTHON_AUTOACTIVATE_GUARD', '1'), ('DBUS_SESSION_BUS_ADDRESS', 'unix:path=/run/user/1000/bus'), ('COLORTERM', 'truecolor'), ('TERMINATOR_DBUS_NAME', 'net.tenshu.Terminator21a9d5db22c73a993ff0b42f64b396873'), ('ANTIGRAVITY_AGENT', '1'), ('GIO_LAUNCHED_DESKTOP_FILE_PID', '21184'), ('COLCON_PREFIX_PATH', '/home/aliomacc/turtlebot3_ws/install:/home/aliomacc/ros2_ws/install'), ('ROS_DISTRO', 'humble'), ('GTK_IM_MODULE', 'ibus'), ('LOGNAME', 'aliomacc'), ('JOURNAL_STREAM', '8:12878'), ('_', '/usr/bin/colcon'), ('ROS_VERSION', '2'), ('XDG_SESSION_CLASS', 'user'), ('USERNAME', 'aliomacc'), ('TERM', 'xterm-256color'), ('GNOME_DESKTOP_SESSION_ID', 'this-is-deprecated'), ('FC_FONTATIONS', '1'), ('ROS_LOCALHOST_ONLY', '0'), ('WINDOWPATH', '2'), ('PATH', '/home/aliomacc/.local/bin:/home/aliomacc/.local/bin:/opt/ros/humble/bin:/home/aliomacc/.local/bin:/usr/local/sbin:/usr/local/bin:/usr/sbin:/usr/bin:/sbin:/bin:/usr/games:/usr/local/games:/snap/bin:/snap/bin'), ('SESSION_MANAGER', 'local/aliomacc-Nitro-AN515-55:@/tmp/.ICE-unix/1477,unix/aliomacc-Nitro-AN515-55:/tmp/.ICE-unix/1477'), ('INVOCATION_ID', '8bb2c71350dd440785a65a077b4f78af'), ('XDG_MENU_PREFIX', 'gnome-'), ('XDG_RUNTIME_DIR', '/run/user/1000'), ('GDK_BACKEND', 'x11'), ('DISPLAY', ':0'), ('TERMINATOR_DBUS_PATH', '/net/tenshu/Terminator2'), ('LANG', 'tr_TR.UTF-8'), ('XDG_CURRENT_DESKTOP', 'ubuntu:GNOME'), ('IBUS_DISABLE_SNOOPER', '1'), ('XMODIFIERS', '@im=ibus'), ('XDG_SESSION_DESKTOP', 'ubuntu-xorg'), ('XAUTHORITY', '/run/user/1000/gdm/Xauthority'), ('LS_COLORS', 'rs=0:di=01;34:ln=01;36:mh=00:pi=40;33:so=01;35:do=01;35:bd=40;33;01:cd=40;33;01:or=40;31;01:mi=00:su=37;41:sg=30;43:ca=30;41:tw=30;42:ow=34;42:st=37;44:ex=01;32:*.tar=01;31:*.tgz=01;31:*.arc=01;31:*.arj=01;31:*.taz=01;31:*.lha=01;31:*.lz4=01;31:*.lzh=01;31:*.lzma=01;31:*.tlz=01;31:*.txz=01;31:*.tzo=01;31:*.t7z=01;31:*.zip=01;31:*.z=01;31:*.dz=01;31:*.gz=01;31:*.lrz=01;31:*.lz=01;31:*.lzo=01;31:*.xz=01;31:*.zst=01;31:*.tzst=01;31:*.bz2=01;31:*.bz=01;31:*.tbz=01;31:*.tbz2=01;31:*.tz=01;31:*.deb=01;31:*.rpm=01;31:*.jar=01;31:*.war=01;31:*.ear=01;31:*.sar=01;31:*.rar=01;31:*.alz=01;31:*.ace=01;31:*.zoo=01;31:*.cpio=01;31:*.7z=01;31:*.rz=01;31:*.cab=01;31:*.wim=01;31:*.swm=01;31:*.dwm=01;31:*.esd=01;31:*.jpg=01;35:*.jpeg=01;35:*.mjpg=01;35:*.mjpeg=01;35:*.gif=01;35:*.bmp=01;35:*.pbm=01;35:*.pgm=01;35:*.ppm=01;35:*.tga=01;35:*.xbm=01;35:*.xpm=01;35:*.tif=01;35:*.tiff=01;35:*.png=01;35:*.svg=01;35:*.svgz=01;35:*.mng=01;35:*.pcx=01;35:*.mov=01;35:*.mpg=01;35:*.mpeg=01;35:*.m2v=01;35:*.mkv=01;35:*.webm=01;35:*.webp=01;35:*.ogm=01;35:*.mp4=01;35:*.m4v=01;35:*.mp4v=01;35:*.vob=01;35:*.qt=01;35:*.nuv=01;35:*.wmv=01;35:*.asf=01;35:*.rm=01;35:*.rmvb=01;35:*.flc=01;35:*.avi=01;35:*.fli=01;35:*.flv=01;35:*.gl=01;35:*.dl=01;35:*.xcf=01;35:*.xwd=01;35:*.yuv=01;35:*.cgm=01;35:*.emf=01;35:*.ogv=01;35:*.ogx=01;35:*.aac=00;36:*.au=00;36:*.flac=00;36:*.m4a=00;36:*.mid=00;36:*.midi=00;36:*.mka=00;36:*.mp3=00;36:*.mpc=00;36:*.ogg=00;36:*.ra=00;36:*.wav=00;36:*.oga=00;36:*.opus=00;36:*.spx=00;36:*.xspf=00;36:'), ('VSCODE_GIT_IPC_HANDLE', '/run/user/1000/vscode-git-0cbf93e25a.sock'), ('TERM_PROGRAM', 'vscode'), ('SSH_AGENT_LAUNCHER', 'gnome-keyring'), ('SSH_AUTH_SOCK', '/run/user/1000/keyring/ssh'), ('AMENT_PREFIX_PATH', '/home/aliomacc/turtlebot3_ws/install/turtlebot3_simulations:/home/aliomacc/turtlebot3_ws/install/turtlebot3_manipulation_gazebo:/home/aliomacc/turtlebot3_ws/install/turtlebot3_gazebo:/home/aliomacc/turtlebot3_ws/install/turtlebot3_fake_node:/home/aliomacc/ros2_ws/install/actions_py:/home/aliomacc/ros2_ws/install/my_robot_interfaces:/home/aliomacc/ros2_ws/install/my_robot_description:/home/aliomacc/ros2_ws/install/my_robot_bringup:/home/aliomacc/ros2_ws/install/lifecycle_py:/home/aliomacc/ros2_ws/install/lifecycle_cpp:/opt/ros/humble'), ('SHELL', '/bin/bash'), ('TERMINATOR_UUID', 'urn:uuid:000422ba-25d5-4262-9e2f-dc4b83371a6a'), ('QT_ACCESSIBILITY', '1'), ('GDMSESSION', 'ubuntu-xorg'), ('LESSCLOSE', '/usr/bin/lesspipe %s %s'), ('GPG_AGENT_INFO', '/run/user/1000/gnupg/S.gpg-agent:0:1'), ('GJS_DEBUG_OUTPUT', 'stderr'), ('VSCODE_GIT_ASKPASS_EXTRA_ARGS', ''), ('QT_IM_MODULE', 'ibus'), ('PWD', '/home/aliomacc/sti_usv/build/workspace_gz'), ('TURTLEBOT3_MODEL', 'waffle'), ('XDG_CONFIG_DIRS', '/etc/xdg/xdg-ubuntu-xorg:/etc/xdg'), ('XDG_DATA_DIRS', '/usr/share/ubuntu-xorg:/usr/share/gnome:/home/aliomacc/.local/share/flatpak/exports/share:/var/lib/flatpak/exports/share:/usr/local/share/:/usr/share/:/var/lib/snapd/desktop'), ('PYTHONPATH', '/home/aliomacc/ros2_ws/install/actions_py/lib/python3.10/site-packages:/home/aliomacc/ros2_ws/install/my_robot_interfaces/local/lib/python3.10/dist-packages:/home/aliomacc/ros2_ws/install/lifecycle_py/lib/python3.10/site-packages:/opt/ros/humble/lib/python3.10/site-packages:/opt/ros/humble/local/lib/python3.10/dist-packages'), ('COLCON', '1'), ('VTE_VERSION', '6800'), ('CMAKE_PREFIX_PATH', '/home/aliomacc/turtlebot3_ws/install/turtlebot3_simulations:/home/aliomacc/turtlebot3_ws/install/turtlebot3_manipulation_gazebo:/home/aliomacc/turtlebot3_ws/install/turtlebot3_gazebo:/home/aliomacc/turtlebot3_ws/install/turtlebot3_fake_node:/home/aliomacc/ros2_ws/install/my_robot_interfaces:/home/aliomacc/ros2_ws/install/my_robot_description:/home/aliomacc/ros2_ws/install/my_robot_bringup:/home/aliomacc/ros2_ws/install/lifecycle_cpp:/home/aliomacc/ros2_ws/install/actions_py:/home/aliomacc/ros2_ws/install/lifecycle_py:/opt/ros/humble')]), 'shell': False}
[3.000747] (workspace_gz) StdoutLine: {'line': b'\x1b[35m\x1b[1mConsolidate compiler generated dependencies of target ScoringPlugin\x1b[0m\n'}
[3.000964] (workspace_gz) StdoutLine: {'line': b'\x1b[35m\x1b[1mConsolidate compiler generated dependencies of target Waves\x1b[0m\n'}
[3.014238] (-) TimerEvent: {}
[3.039186] (workspace_gz) StdoutLine: {'line': b'[  1%] \x1b[32mBuilding CXX object CMakeFiles/Waves.dir/plugins/Wavefield.cc.o\x1b[0m\n'}
[3.039532] (workspace_gz) StdoutLine: {'line': b'[  3%] \x1b[32mBuilding CXX object CMakeFiles/ScoringPlugin.dir/plugins/ScoringPlugin.cc.o\x1b[0m\n'}
[3.114333] (-) TimerEvent: {}
[3.215571] (-) TimerEvent: {}
[3.316588] (-) TimerEvent: {}
[3.417577] (-) TimerEvent: {}
[3.518717] (-) TimerEvent: {}
[3.619448] (-) TimerEvent: {}
[3.720467] (-) TimerEvent: {}
[3.821002] (-) TimerEvent: {}
[3.921690] (-) TimerEvent: {}
[4.022428] (-) TimerEvent: {}
[4.123116] (-) TimerEvent: {}
[4.223927] (-) TimerEvent: {}
[4.324624] (-) TimerEvent: {}
[4.425213] (-) TimerEvent: {}
[4.525734] (-) TimerEvent: {}
[4.628063] (-) TimerEvent: {}
[4.729926] (-) TimerEvent: {}
[4.834059] (-) TimerEvent: {}
[4.935059] (-) TimerEvent: {}
[5.035835] (-) TimerEvent: {}
[5.136698] (-) TimerEvent: {}
[5.237081] (-) TimerEvent: {}
[5.337635] (-) TimerEvent: {}
[5.438238] (-) TimerEvent: {}
[5.539889] (-) TimerEvent: {}
[5.641178] (-) TimerEvent: {}
[5.742172] (-) TimerEvent: {}
[5.843156] (-) TimerEvent: {}
[5.943873] (-) TimerEvent: {}
[6.044883] (-) TimerEvent: {}
[6.145741] (-) TimerEvent: {}
[6.246858] (-) TimerEvent: {}
[6.347606] (-) TimerEvent: {}
[6.448659] (-) TimerEvent: {}
[6.551917] (-) TimerEvent: {}
[6.652811] (-) TimerEvent: {}
[6.754385] (-) TimerEvent: {}
[6.854960] (-) TimerEvent: {}
[6.955591] (-) TimerEvent: {}
[7.056164] (-) TimerEvent: {}
[7.156725] (-) TimerEvent: {}
[7.257622] (-) TimerEvent: {}
[7.358312] (-) TimerEvent: {}
[7.459810] (-) TimerEvent: {}
[7.560509] (-) TimerEvent: {}
[7.661407] (-) TimerEvent: {}
[7.762403] (-) TimerEvent: {}
[7.863066] (-) TimerEvent: {}
[7.964383] (-) TimerEvent: {}
[8.065477] (-) TimerEvent: {}
[8.166621] (-) TimerEvent: {}
[8.267170] (-) TimerEvent: {}
[8.367751] (-) TimerEvent: {}
[8.468648] (-) TimerEvent: {}
[8.570179] (-) TimerEvent: {}
[8.671558] (-) TimerEvent: {}
[8.772313] (-) TimerEvent: {}
[8.872888] (-) TimerEvent: {}
[8.974119] (-) TimerEvent: {}
[9.074887] (-) TimerEvent: {}
[9.176053] (-) TimerEvent: {}
[9.276542] (-) TimerEvent: {}
[9.377299] (-) TimerEvent: {}
[9.478403] (-) TimerEvent: {}
[9.579956] (-) TimerEvent: {}
[9.680639] (-) TimerEvent: {}
[9.781208] (-) TimerEvent: {}
[9.882063] (-) TimerEvent: {}
[9.982483] (-) TimerEvent: {}
[10.083150] (-) TimerEvent: {}
[10.184072] (-) TimerEvent: {}
[10.284390] (-) TimerEvent: {}
[10.384858] (-) TimerEvent: {}
[10.485880] (-) TimerEvent: {}
[10.586354] (-) TimerEvent: {}
[10.686848] (-) TimerEvent: {}
[10.787406] (-) TimerEvent: {}
[10.887735] (-) TimerEvent: {}
[10.988256] (-) TimerEvent: {}
[11.089192] (-) TimerEvent: {}
[11.190100] (-) TimerEvent: {}
[11.242237] (workspace_gz) StderrLine: {'line': b'\x1b[01m\x1b[K/home/aliomacc/sti_usv/src/usv_sim/workspace_gz/plugins/Wavefield.cc:\x1b[m\x1b[K In constructor \xe2\x80\x98\x1b[01m\x1b[Kvrx::WavefieldPrivate::WavefieldPrivate()\x1b[m\x1b[K\xe2\x80\x99:\n'}
[11.243089] (workspace_gz) StderrLine: {'line': b'\x1b[01m\x1b[K/home/aliomacc/sti_usv/src/usv_sim/workspace_gz/plugins/Wavefield.cc:137:18:\x1b[m\x1b[K \x1b[01;35m\x1b[Kwarning: \x1b[m\x1b[K\xe2\x80\x98\x1b[01m\x1b[Kvrx::WavefieldPrivate::wavenumber\x1b[m\x1b[K\xe2\x80\x99 will be initialized after [\x1b[01;35m\x1b[K\x1b]8;;https://gcc.gnu.org/onlinedocs/gcc/Warning-Options.html#index-Wreorder\x07-Wreorder\x1b]8;;\x07\x1b[m\x1b[K]\n'}
[11.243376] (workspace_gz) StderrLine: {'line': b'  137 | \x1b[01;35m\x1b[Kwavenumber\x1b[m\x1b[K;\n'}
[11.243594] (workspace_gz) StderrLine: {'line': b'      | \x1b[01;35m\x1b[K^~~~~~~~~~\x1b[m\x1b[K\n'}
[11.243744] (workspace_gz) StderrLine: {'line': b'\n'}
[11.243894] (workspace_gz) StderrLine: {'line': b'\x1b[01m\x1b[K/home/aliomacc/sti_usv/src/usv_sim/workspace_gz/plugins/Wavefield.cc:125:18:\x1b[m\x1b[K \x1b[01;35m\x1b[Kwarning: \x1b[m\x1b[K  \xe2\x80\x98\x1b[01m\x1b[Kdouble vrx::WavefieldPrivate::tau\x1b[m\x1b[K\xe2\x80\x99 [\x1b[01;35m\x1b[K\x1b]8;;https://gcc.gnu.org/onlinedocs/gcc/Warning-Options.html#index-Wreorder\x07-Wreorder\x1b]8;;\x07\x1b[m\x1b[K]\n'}
[11.244060] (workspace_gz) StderrLine: {'line': b'  125 | double \x1b[01;35m\x1b[Ktau\x1b[m\x1b[K;\n'}
[11.244203] (workspace_gz) StderrLine: {'line': b'      |        \x1b[01;35m\x1b[K^~~\x1b[m\x1b[K\n'}
[11.244296] (workspace_gz) StderrLine: {'line': b'\n'}
[11.244371] (workspace_gz) StderrLine: {'line': b'\x1b[01m\x1b[K/home/aliomacc/sti_usv/src/usv_sim/workspace_gz/plugins/Wavefield.cc:50:11:\x1b[m\x1b[K \x1b[01;35m\x1b[Kwarning: \x1b[m\x1b[K  when initialized here [\x1b[01;35m\x1b[K\x1b]8;;https://gcc.gnu.org/onlinedocs/gcc/Warning-Options.html#index-Wreorder\x07-Wreorder\x1b]8;;\x07\x1b[m\x1b[K]\n'}
[11.244448] (workspace_gz) StderrLine: {'line': b'   50 | \x1b[01;35m\x1b[KWavefieldPrivate\x1b[m\x1b[K():\n'}
[11.244519] (workspace_gz) StderrLine: {'line': b'      | \x1b[01;35m\x1b[K^~~~~~~~~~~~~~~~\x1b[m\x1b[K\n'}
[11.244588] (workspace_gz) StderrLine: {'line': b'\n'}
[11.269136] (workspace_gz) StderrLine: {'line': b'\x1b[01m\x1b[K/home/aliomacc/sti_usv/src/usv_sim/workspace_gz/plugins/Wavefield.cc:\x1b[m\x1b[K In member function \xe2\x80\x98\x1b[01m\x1b[Kvoid vrx::WavefieldPrivate::Recalculate()\x1b[m\x1b[K\xe2\x80\x99:\n'}
[11.279862] (workspace_gz) StderrLine: {'line': b'\x1b[01m\x1b[K/home/aliomacc/sti_usv/src/usv_sim/workspace_gz/plugins/Wavefield.cc:292:5:\x1b[m\x1b[K \x1b[01;31m\x1b[Kerror: \x1b[m\x1b[K\xe2\x80\x98\x1b[01m\x1b[Kgzwarn\x1b[m\x1b[K\xe2\x80\x99 was not declared in this scope; did you mean \xe2\x80\x98\x1b[01m\x1b[Kignwarn\x1b[m\x1b[K\xe2\x80\x99?\n'}
[11.280056] (workspace_gz) StderrLine: {'line': b'  292 | \x1b[01;31m\x1b[Kgzwarn\x1b[m\x1b[K << "Wavefield model specified as <" << this->model\n'}
[11.280178] (workspace_gz) StderrLine: {'line': b'      | \x1b[01;31m\x1b[K^~~~~~\x1b[m\x1b[K\n'}
[11.280272] (workspace_gz) StderrLine: {'line': b'      | \x1b[32m\x1b[Kignwarn\x1b[m\x1b[K\n'}
[11.290262] (-) TimerEvent: {}
[11.315742] (workspace_gz) StderrLine: {'line': b'\x1b[01m\x1b[K/home/aliomacc/sti_usv/src/usv_sim/workspace_gz/plugins/Wavefield.cc:\x1b[m\x1b[K In member function \xe2\x80\x98\x1b[01m\x1b[Kvoid vrx::Wavefield::DebugPrint() const\x1b[m\x1b[K\xe2\x80\x99:\n'}
[11.315971] (workspace_gz) StderrLine: {'line': b'\x1b[01m\x1b[K/home/aliomacc/sti_usv/src/usv_sim/workspace_gz/plugins/Wavefield.cc:719:3:\x1b[m\x1b[K \x1b[01;31m\x1b[Kerror: \x1b[m\x1b[K\xe2\x80\x98\x1b[01m\x1b[Kgzmsg\x1b[m\x1b[K\xe2\x80\x99 was not declared in this scope; did you mean \xe2\x80\x98\x1b[01m\x1b[Kignmsg\x1b[m\x1b[K\xe2\x80\x99?\n'}
[11.316092] (workspace_gz) StderrLine: {'line': b'  719 | \x1b[01;31m\x1b[Kgzmsg\x1b[m\x1b[K << "Input Parameters:" << std::endl;\n'}
[11.316180] (workspace_gz) StderrLine: {'line': b'      | \x1b[01;31m\x1b[K^~~~~\x1b[m\x1b[K\n'}
[11.316262] (workspace_gz) StderrLine: {'line': b'      | \x1b[32m\x1b[Kignmsg\x1b[m\x1b[K\n'}
[11.390423] (-) TimerEvent: {}
[11.407943] (workspace_gz) StderrLine: {'line': b'/home/aliomacc/sti_usv/src/usv_sim/workspace_gz/plugins/Wavefield.cc: In instantiation of \xe2\x80\x98\x1b[01m\x1b[Kvrx::Wavefield::ComputeDepthDirectly(const Vector3d&, double, double)::<lambda(auto:24, auto:25, auto:26, auto:27&, auto:28&, auto:29&)> [with auto:24 = Eigen::Matrix<double, 2, 1>; auto:25 = Eigen::Matrix<double, 2, 1>; auto:26 = double; auto:27 = vrx::Wavefield::ComputeDepthDirectly(const Vector3d&, double, double)::WaveParams; auto:28 = Eigen::Matrix<double, 2, 1>; auto:29 = Eigen::Matrix<double, 2, 2>]\x1b[m\x1b[K\xe2\x80\x99:\n'}
[11.408318] (workspace_gz) StderrLine: {'line': b'\x1b[01m\x1b[K/home/aliomacc/sti_usv/src/usv_sim/workspace_gz/plugins/Wavefield.cc:853:18:\x1b[m\x1b[K   required from \xe2\x80\x98\x1b[01m\x1b[Kvrx::Wavefield::ComputeDepthDirectly(const Vector3d&, double, double)::<lambda(auto:30&, auto:31, auto:32, auto:33, auto:34&, auto:35, auto:36)> [with auto:30 = vrx::Wavefield::ComputeDepthDirectly(const Vector3d&, double, double)::<lambda(auto:24, auto:25, auto:26, auto:27&, auto:28&, auto:29&)>; auto:31 = Eigen::Matrix<double, 2, 1>; auto:32 = Eigen::Matrix<double, 2, 1>; auto:33 = double; auto:34 = vrx::Wavefield::ComputeDepthDirectly(const Vector3d&, double, double)::WaveParams; auto:35 = double; auto:36 = double]\x1b[m\x1b[K\xe2\x80\x99\n'}
[11.409008] (workspace_gz) StderrLine: {'line': b'\x1b[01m\x1b[K/home/aliomacc/sti_usv/src/usv_sim/workspace_gz/plugins/Wavefield.cc:878:27:\x1b[m\x1b[K   required from here\n'}
[11.409214] (workspace_gz) StderrLine: {'line': b'\x1b[01m\x1b[K/home/aliomacc/sti_usv/src/usv_sim/workspace_gz/plugins/Wavefield.cc:810:26:\x1b[m\x1b[K \x1b[01;35m\x1b[Kwarning: \x1b[m\x1b[Kcomparison of integer expressions of different signedness: \xe2\x80\x98\x1b[01m\x1b[Kint\x1b[m\x1b[K\xe2\x80\x99 and \xe2\x80\x98\x1b[01m\x1b[Kconst size_t\x1b[m\x1b[K\xe2\x80\x99 {aka \xe2\x80\x98\x1b[01m\x1b[Kconst long unsigned int\x1b[m\x1b[K\xe2\x80\x99} [\x1b[01;35m\x1b[K\x1b]8;;https://gcc.gnu.org/onlinedocs/gcc/Warning-Options.html#index-Wsign-compare\x07-Wsign-compare\x1b]8;;\x07\x1b[m\x1b[K]\n'}
[11.409367] (workspace_gz) StderrLine: {'line': b'  810 | \x1b[01;35m\x1b[K< n\x1b[m\x1b[K; ++i) // NOLINT\n'}
[11.409494] (workspace_gz) StderrLine: {'line': b'      | \x1b[01;35m\x1b[K^~~\x1b[m\x1b[K\n'}
[11.409618] (workspace_gz) StderrLine: {'line': b'\n'}
[11.490734] (-) TimerEvent: {}
[11.592451] (-) TimerEvent: {}
[11.693724] (-) TimerEvent: {}
[11.794460] (-) TimerEvent: {}
[11.895445] (-) TimerEvent: {}
[11.995971] (-) TimerEvent: {}
[12.096790] (-) TimerEvent: {}
[12.197259] (-) TimerEvent: {}
[12.298102] (-) TimerEvent: {}
[12.399258] (-) TimerEvent: {}
[12.500246] (-) TimerEvent: {}
[12.600930] (-) TimerEvent: {}
[12.701846] (-) TimerEvent: {}
[12.802625] (-) TimerEvent: {}
[12.903722] (-) TimerEvent: {}
[13.004864] (-) TimerEvent: {}
[13.105714] (-) TimerEvent: {}
[13.207118] (-) TimerEvent: {}
[13.308450] (-) TimerEvent: {}
[13.409823] (-) TimerEvent: {}
[13.510802] (-) TimerEvent: {}
[13.611487] (-) TimerEvent: {}
[13.711931] (-) TimerEvent: {}
[13.812375] (-) TimerEvent: {}
[13.913051] (-) TimerEvent: {}
[14.013851] (-) TimerEvent: {}
[14.114578] (-) TimerEvent: {}
[14.215328] (-) TimerEvent: {}
[14.316824] (-) TimerEvent: {}
[14.417749] (-) TimerEvent: {}
[14.519045] (-) TimerEvent: {}
[14.619919] (-) TimerEvent: {}
[14.720599] (-) TimerEvent: {}
[14.821599] (-) TimerEvent: {}
[14.922288] (-) TimerEvent: {}
[15.022996] (-) TimerEvent: {}
[15.045558] (workspace_gz) StderrLine: {'line': b'gmake[2]: *** [CMakeFiles/Waves.dir/build.make:76: CMakeFiles/Waves.dir/plugins/Wavefield.cc.o] Error 1\n'}
[15.046502] (workspace_gz) StderrLine: {'line': b'gmake[1]: *** [CMakeFiles/Makefile2:177: CMakeFiles/Waves.dir/all] Error 2\n'}
[15.046828] (workspace_gz) StderrLine: {'line': b'gmake[1]: *** Bitmemi\xc5\x9f i\xc5\x9fler i\xc3\xa7in bekliyor....\n'}
[15.123166] (-) TimerEvent: {}
[15.224101] (-) TimerEvent: {}
[15.324811] (-) TimerEvent: {}
[15.426274] (-) TimerEvent: {}
[15.527329] (-) TimerEvent: {}
[15.628445] (-) TimerEvent: {}
[15.728952] (-) TimerEvent: {}
[15.829370] (-) TimerEvent: {}
[15.930192] (-) TimerEvent: {}
[16.030578] (-) TimerEvent: {}
[16.131166] (-) TimerEvent: {}
[16.231904] (-) TimerEvent: {}
[16.332403] (-) TimerEvent: {}
[16.432906] (-) TimerEvent: {}
[16.533341] (-) TimerEvent: {}
[16.633918] (-) TimerEvent: {}
[16.659130] (workspace_gz) StderrLine: {'line': b'In file included from \x1b[01m\x1b[K/home/aliomacc/sti_usv/src/usv_sim/workspace_gz/plugins/ScoringPlugin.cc:32\x1b[m\x1b[K:\n'}
[16.659655] (workspace_gz) StderrLine: {'line': b'\x1b[01m\x1b[K/home/aliomacc/sti_usv/src/usv_sim/workspace_gz/plugins/ScoringPlugin.hh:217:30:\x1b[m\x1b[K \x1b[01;31m\x1b[Kerror: \x1b[m\x1b[K\xe2\x80\x98\x1b[01m\x1b[KdataPtr\x1b[m\x1b[K\xe2\x80\x99 has not been declared\n'}
[16.659886] (workspace_gz) StderrLine: {'line': b'  217 |     GZ_UTILS_UNIQUE_IMPL_PTR(\x1b[01;31m\x1b[KdataPtr\x1b[m\x1b[K)\n'}
[16.660028] (workspace_gz) StderrLine: {'line': b'      |                              \x1b[01;31m\x1b[K^~~~~~~\x1b[m\x1b[K\n'}
[16.660154] (workspace_gz) StderrLine: {'line': b'\x1b[01m\x1b[K/home/aliomacc/sti_usv/src/usv_sim/workspace_gz/plugins/ScoringPlugin.hh:217:5:\x1b[m\x1b[K \x1b[01;31m\x1b[Kerror: \x1b[m\x1b[KISO C++ forbids declaration of \xe2\x80\x98\x1b[01m\x1b[KGZ_UTILS_UNIQUE_IMPL_PTR\x1b[m\x1b[K\xe2\x80\x99 with no type [\x1b[01;31m\x1b[K\x1b]8;;https://gcc.gnu.org/onlinedocs/gcc/Warning-Options.html#index-fpermissive\x07-fpermissive\x1b]8;;\x07\x1b[m\x1b[K]\n'}
[16.660340] (workspace_gz) StderrLine: {'line': b'  217 |     \x1b[01;31m\x1b[KGZ_UTILS_UNIQUE_IMPL_PTR\x1b[m\x1b[K(dataPtr)\n'}
[16.660466] (workspace_gz) StderrLine: {'line': b'      |     \x1b[01;31m\x1b[K^~~~~~~~~~~~~~~~~~~~~~~~\x1b[m\x1b[K\n'}
[16.660592] (workspace_gz) StderrLine: {'line': b'\x1b[01m\x1b[K/home/aliomacc/sti_usv/src/usv_sim/workspace_gz/plugins/ScoringPlugin.hh:217:37:\x1b[m\x1b[K \x1b[01;31m\x1b[Kerror: \x1b[m\x1b[Kexpected \xe2\x80\x98\x1b[01m\x1b[K;\x1b[m\x1b[K\xe2\x80\x99 at end of member declaration\n'}
[16.660769] (workspace_gz) StderrLine: {'line': b'  217 |     GZ_UTILS_UNIQUE_IMPL_PTR(dataPtr\x1b[01;31m\x1b[K)\x1b[m\x1b[K\n'}
[16.660909] (workspace_gz) StderrLine: {'line': b'      |                                     \x1b[01;31m\x1b[K^\x1b[m\x1b[K\n'}
[16.661040] (workspace_gz) StderrLine: {'line': b'      |                                      \x1b[32m\x1b[K;\x1b[m\x1b[K\n'}
[16.661167] (workspace_gz) StderrLine: {'line': b'\x1b[01m\x1b[K/home/aliomacc/sti_usv/src/usv_sim/workspace_gz/plugins/ScoringPlugin.cc:39:1:\x1b[m\x1b[K \x1b[01;31m\x1b[Kerror: \x1b[m\x1b[Kqualified name does not name a class before \xe2\x80\x98\x1b[01m\x1b[K{\x1b[m\x1b[K\xe2\x80\x99 token\n'}
[16.661619] (workspace_gz) StderrLine: {'line': b'   39 | \x1b[01;31m\x1b[K{\x1b[m\x1b[K\n'}
[16.662174] (workspace_gz) StderrLine: {'line': b'      | \x1b[01;31m\x1b[K^\x1b[m\x1b[K\n'}
[16.662370] (workspace_gz) StderrLine: {'line': b'\x1b[01m\x1b[K/home/aliomacc/sti_usv/src/usv_sim/workspace_gz/plugins/ScoringPlugin.cc:176:21:\x1b[m\x1b[K \x1b[01;31m\x1b[Kerror: \x1b[m\x1b[K\xe2\x80\x98\x1b[01m\x1b[Kvrx::ScoringPlugin::Implementation\x1b[m\x1b[K\xe2\x80\x99 has not been declared\n'}
[16.662603] (workspace_gz) StderrLine: {'line': b'  176 | bool ScoringPlugin::\x1b[01;31m\x1b[KImplementation\x1b[m\x1b[K::ParseSDFParameters()\n'}
[16.662812] (workspace_gz) StderrLine: {'line': b'      |                     \x1b[01;31m\x1b[K^~~~~~~~~~~~~~\x1b[m\x1b[K\n'}
[16.662994] (workspace_gz) StderrLine: {'line': b'\x1b[01m\x1b[K/home/aliomacc/sti_usv/src/usv_sim/workspace_gz/plugins/ScoringPlugin.cc:\x1b[m\x1b[K In function \xe2\x80\x98\x1b[01m\x1b[Kbool ParseSDFParameters()\x1b[m\x1b[K\xe2\x80\x99:\n'}
[16.663150] (workspace_gz) StderrLine: {'line': b'\x1b[01m\x1b[K/home/aliomacc/sti_usv/src/usv_sim/workspace_gz/plugins/ScoringPlugin.cc:179:8:\x1b[m\x1b[K \x1b[01;31m\x1b[Kerror: \x1b[m\x1b[Kinvalid use of \xe2\x80\x98\x1b[01m\x1b[Kthis\x1b[m\x1b[K\xe2\x80\x99 in non-member function\n'}
[16.663280] (workspace_gz) StderrLine: {'line': b'  179 |   if (!\x1b[01;31m\x1b[Kthis\x1b[m\x1b[K->sdf->HasElement("vehicle"))\n'}
[16.663422] (workspace_gz) StderrLine: {'line': b'      |        \x1b[01;31m\x1b[K^~~~\x1b[m\x1b[K\n'}
[16.671429] (workspace_gz) StderrLine: {'line': b'\x1b[01m\x1b[K/home/aliomacc/sti_usv/src/usv_sim/workspace_gz/plugins/ScoringPlugin.cc:181:5:\x1b[m\x1b[K \x1b[01;31m\x1b[Kerror: \x1b[m\x1b[K\xe2\x80\x98\x1b[01m\x1b[Kgzerr\x1b[m\x1b[K\xe2\x80\x99 was not declared in this scope\n'}
[16.671787] (workspace_gz) StderrLine: {'line': b'  181 |     \x1b[01;31m\x1b[Kgzerr\x1b[m\x1b[K << "Unable to find <vehicle> element in SDF." << std::endl;\n'}
[16.672002] (workspace_gz) StderrLine: {'line': b'      |     \x1b[01;31m\x1b[K^~~~~\x1b[m\x1b[K\n'}
[16.672128] (workspace_gz) StderrLine: {'line': b'\x1b[01m\x1b[K/home/aliomacc/sti_usv/src/usv_sim/workspace_gz/plugins/ScoringPlugin.cc:184:3:\x1b[m\x1b[K \x1b[01;31m\x1b[Kerror: \x1b[m\x1b[Kinvalid use of \xe2\x80\x98\x1b[01m\x1b[Kthis\x1b[m\x1b[K\xe2\x80\x99 in non-member function\n'}
[16.672258] (workspace_gz) StderrLine: {'line': b'  184 |   \x1b[01;31m\x1b[Kthis\x1b[m\x1b[K->vehicleName = this->sdf->Get<std::string>("vehicle");\n'}
[16.672384] (workspace_gz) StderrLine: {'line': b'      |   \x1b[01;31m\x1b[K^~~~\x1b[m\x1b[K\n'}
[16.672546] (workspace_gz) StderrLine: {'line': b'\x1b[01m\x1b[K/home/aliomacc/sti_usv/src/usv_sim/workspace_gz/plugins/ScoringPlugin.cc:184:23:\x1b[m\x1b[K \x1b[01;31m\x1b[Kerror: \x1b[m\x1b[Kinvalid use of \xe2\x80\x98\x1b[01m\x1b[Kthis\x1b[m\x1b[K\xe2\x80\x99 in non-member function\n'}
[16.672684] (workspace_gz) StderrLine: {'line': b'  184 |   this->vehicleName = \x1b[01;31m\x1b[Kthis\x1b[m\x1b[K->sdf->Get<std::string>("vehicle");\n'}
[16.672824] (workspace_gz) StderrLine: {'line': b'      |                       \x1b[01;31m\x1b[K^~~~\x1b[m\x1b[K\n'}
[16.672939] (workspace_gz) StderrLine: {'line': b'\x1b[01m\x1b[K/home/aliomacc/sti_usv/src/usv_sim/workspace_gz/plugins/ScoringPlugin.cc:184:49:\x1b[m\x1b[K \x1b[01;31m\x1b[Kerror: \x1b[m\x1b[Kexpected primary-expression before \xe2\x80\x98\x1b[01m\x1b[K>\x1b[m\x1b[K\xe2\x80\x99 token\n'}
[16.673057] (workspace_gz) StderrLine: {'line': b'  184 |   this->vehicleName = this->sdf->Get<std::string\x1b[01;31m\x1b[K>\x1b[m\x1b[K("vehicle");\n'}
[16.673258] (workspace_gz) StderrLine: {'line': b'      |                                                 \x1b[01;31m\x1b[K^\x1b[m\x1b[K\n'}
[16.673382] (workspace_gz) StderrLine: {'line': b'\x1b[01m\x1b[K/home/aliomacc/sti_usv/src/usv_sim/workspace_gz/plugins/ScoringPlugin.cc:187:8:\x1b[m\x1b[K \x1b[01;31m\x1b[Kerror: \x1b[m\x1b[Kinvalid use of \xe2\x80\x98\x1b[01m\x1b[Kthis\x1b[m\x1b[K\xe2\x80\x99 in non-member function\n'}
[16.673511] (workspace_gz) StderrLine: {'line': b'  187 |   if (!\x1b[01;31m\x1b[Kthis\x1b[m\x1b[K->sdf->HasElement("task_name"))\n'}
[16.673636] (workspace_gz) StderrLine: {'line': b'      |        \x1b[01;31m\x1b[K^~~~\x1b[m\x1b[K\n'}
[16.687396] (workspace_gz) StderrLine: {'line': b'\x1b[01m\x1b[K/home/aliomacc/sti_usv/src/usv_sim/workspace_gz/plugins/ScoringPlugin.cc:189:5:\x1b[m\x1b[K \x1b[01;31m\x1b[Kerror: \x1b[m\x1b[K\xe2\x80\x98\x1b[01m\x1b[Kgzerr\x1b[m\x1b[K\xe2\x80\x99 was not declared in this scope\n'}
[16.688061] (workspace_gz) StderrLine: {'line': b'  189 |     \x1b[01;31m\x1b[Kgzerr\x1b[m\x1b[K << "Unable to find <task_name> element in SDF." << std::endl;\n'}
[16.688167] (workspace_gz) StderrLine: {'line': b'      |     \x1b[01;31m\x1b[K^~~~~\x1b[m\x1b[K\n'}
[16.688283] (workspace_gz) StderrLine: {'line': b'\x1b[01m\x1b[K/home/aliomacc/sti_usv/src/usv_sim/workspace_gz/plugins/ScoringPlugin.cc:192:3:\x1b[m\x1b[K \x1b[01;31m\x1b[Kerror: \x1b[m\x1b[Kinvalid use of \xe2\x80\x98\x1b[01m\x1b[Kthis\x1b[m\x1b[K\xe2\x80\x99 in non-member function\n'}
[16.688386] (workspace_gz) StderrLine: {'line': b'  192 |   \x1b[01;31m\x1b[Kthis\x1b[m\x1b[K->taskName = this->sdf->Get<std::string>("task_name");\n'}
[16.688467] (workspace_gz) StderrLine: {'line': b'      |   \x1b[01;31m\x1b[K^~~~\x1b[m\x1b[K\n'}
[16.688547] (workspace_gz) StderrLine: {'line': b'\x1b[01m\x1b[K/home/aliomacc/sti_usv/src/usv_sim/workspace_gz/plugins/ScoringPlugin.cc:192:20:\x1b[m\x1b[K \x1b[01;31m\x1b[Kerror: \x1b[m\x1b[Kinvalid use of \xe2\x80\x98\x1b[01m\x1b[Kthis\x1b[m\x1b[K\xe2\x80\x99 in non-member function\n'}
[16.688630] (workspace_gz) StderrLine: {'line': b'  192 |   this->taskName = \x1b[01;31m\x1b[Kthis\x1b[m\x1b[K->sdf->Get<std::string>("task_name");\n'}
[16.688762] (workspace_gz) StderrLine: {'line': b'      |                    \x1b[01;31m\x1b[K^~~~\x1b[m\x1b[K\n'}
[16.688852] (workspace_gz) StderrLine: {'line': b'\x1b[01m\x1b[K/home/aliomacc/sti_usv/src/usv_sim/workspace_gz/plugins/ScoringPlugin.cc:192:46:\x1b[m\x1b[K \x1b[01;31m\x1b[Kerror: \x1b[m\x1b[Kexpected primary-expression before \xe2\x80\x98\x1b[01m\x1b[K>\x1b[m\x1b[K\xe2\x80\x99 token\n'}
[16.688962] (workspace_gz) StderrLine: {'line': b'  192 |   this->taskName = this->sdf->Get<std::string\x1b[01;31m\x1b[K>\x1b[m\x1b[K("task_name");\n'}
[16.689064] (workspace_gz) StderrLine: {'line': b'      |                                              \x1b[01;31m\x1b[K^\x1b[m\x1b[K\n'}
[16.689145] (workspace_gz) StderrLine: {'line': b'\x1b[01m\x1b[K/home/aliomacc/sti_usv/src/usv_sim/workspace_gz/plugins/ScoringPlugin.cc:195:7:\x1b[m\x1b[K \x1b[01;31m\x1b[Kerror: \x1b[m\x1b[Kinvalid use of \xe2\x80\x98\x1b[01m\x1b[Kthis\x1b[m\x1b[K\xe2\x80\x99 in non-member function\n'}
[16.689234] (workspace_gz) StderrLine: {'line': b'  195 |   if (\x1b[01;31m\x1b[Kthis\x1b[m\x1b[K->sdf->HasElement("task_info_topic"))\n'}
[16.689317] (workspace_gz) StderrLine: {'line': b'      |       \x1b[01;31m\x1b[K^~~~\x1b[m\x1b[K\n'}
[16.689441] (workspace_gz) StderrLine: {'line': b'\x1b[01m\x1b[K/home/aliomacc/sti_usv/src/usv_sim/workspace_gz/plugins/ScoringPlugin.cc:196:5:\x1b[m\x1b[K \x1b[01;31m\x1b[Kerror: \x1b[m\x1b[Kinvalid use of \xe2\x80\x98\x1b[01m\x1b[Kthis\x1b[m\x1b[K\xe2\x80\x99 in non-member function\n'}
[16.689547] (workspace_gz) StderrLine: {'line': b'  196 |     \x1b[01;31m\x1b[Kthis\x1b[m\x1b[K->taskInfoTopic = this->sdf->Get<std::string>("task_info_topic");\n'}
[16.689629] (workspace_gz) StderrLine: {'line': b'      |     \x1b[01;31m\x1b[K^~~~\x1b[m\x1b[K\n'}
[16.689749] (workspace_gz) StderrLine: {'line': b'\x1b[01m\x1b[K/home/aliomacc/sti_usv/src/usv_sim/workspace_gz/plugins/ScoringPlugin.cc:196:27:\x1b[m\x1b[K \x1b[01;31m\x1b[Kerror: \x1b[m\x1b[Kinvalid use of \xe2\x80\x98\x1b[01m\x1b[Kthis\x1b[m\x1b[K\xe2\x80\x99 in non-member function\n'}
[16.689845] (workspace_gz) StderrLine: {'line': b'  196 |     this->taskInfoTopic = \x1b[01;31m\x1b[Kthis\x1b[m\x1b[K->sdf->Get<std::string>("task_info_topic");\n'}
[16.689925] (workspace_gz) StderrLine: {'line': b'      |                           \x1b[01;31m\x1b[K^~~~\x1b[m\x1b[K\n'}
[16.690006] (workspace_gz) StderrLine: {'line': b'\x1b[01m\x1b[K/home/aliomacc/sti_usv/src/usv_sim/workspace_gz/plugins/ScoringPlugin.cc:196:53:\x1b[m\x1b[K \x1b[01;31m\x1b[Kerror: \x1b[m\x1b[Kexpected primary-expression before \xe2\x80\x98\x1b[01m\x1b[K>\x1b[m\x1b[K\xe2\x80\x99 token\n'}
[16.690085] (workspace_gz) StderrLine: {'line': b'  196 |     this->taskInfoTopic = this->sdf->Get<std::string\x1b[01;31m\x1b[K>\x1b[m\x1b[K("task_info_topic");\n'}
[16.690164] (workspace_gz) StderrLine: {'line': b'      |                                                     \x1b[01;31m\x1b[K^\x1b[m\x1b[K\n'}
[16.690247] (workspace_gz) StderrLine: {'line': b'\x1b[01m\x1b[K/home/aliomacc/sti_usv/src/usv_sim/workspace_gz/plugins/ScoringPlugin.cc:199:7:\x1b[m\x1b[K \x1b[01;31m\x1b[Kerror: \x1b[m\x1b[Kinvalid use of \xe2\x80\x98\x1b[01m\x1b[Kthis\x1b[m\x1b[K\xe2\x80\x99 in non-member function\n'}
[16.690352] (workspace_gz) StderrLine: {'line': b'  199 |   if (\x1b[01;31m\x1b[Kthis\x1b[m\x1b[K->sdf->HasElement("per_plugin_exit_on_completion"))\n'}
[16.690441] (workspace_gz) StderrLine: {'line': b'      |       \x1b[01;31m\x1b[K^~~~\x1b[m\x1b[K\n'}
[16.690526] (workspace_gz) StderrLine: {'line': b'\x1b[01m\x1b[K/home/aliomacc/sti_usv/src/usv_sim/workspace_gz/plugins/ScoringPlugin.cc:201:5:\x1b[m\x1b[K \x1b[01;31m\x1b[Kerror: \x1b[m\x1b[Kinvalid use of \xe2\x80\x98\x1b[01m\x1b[Kthis\x1b[m\x1b[K\xe2\x80\x99 in non-member function\n'}
[16.690624] (workspace_gz) StderrLine: {'line': b'  201 |     \x1b[01;31m\x1b[Kthis\x1b[m\x1b[K->perPluginExitOnCompletion = this->sdf->Get<bool>(\n'}
[16.690774] (workspace_gz) StderrLine: {'line': b'      |     \x1b[01;31m\x1b[K^~~~\x1b[m\x1b[K\n'}
[16.690869] (workspace_gz) StderrLine: {'line': b'\x1b[01m\x1b[K/home/aliomacc/sti_usv/src/usv_sim/workspace_gz/plugins/ScoringPlugin.cc:201:39:\x1b[m\x1b[K \x1b[01;31m\x1b[Kerror: \x1b[m\x1b[Kinvalid use of \xe2\x80\x98\x1b[01m\x1b[Kthis\x1b[m\x1b[K\xe2\x80\x99 in non-member function\n'}
[16.690948] (workspace_gz) StderrLine: {'line': b'  201 |     this->perPluginExitOnCompletion = \x1b[01;31m\x1b[Kthis\x1b[m\x1b[K->sdf->Get<bool>(\n'}
[16.691022] (workspace_gz) StderrLine: {'line': b'      |                                       \x1b[01;31m\x1b[K^~~~\x1b[m\x1b[K\n'}
[16.691097] (workspace_gz) StderrLine: {'line': b'\x1b[01m\x1b[K/home/aliomacc/sti_usv/src/usv_sim/workspace_gz/plugins/ScoringPlugin.cc:201:54:\x1b[m\x1b[K \x1b[01;31m\x1b[Kerror: \x1b[m\x1b[Kexpected primary-expression before \xe2\x80\x98\x1b[01m\x1b[Kbool\x1b[m\x1b[K\xe2\x80\x99\n'}
[16.691172] (workspace_gz) StderrLine: {'line': b'  201 |     this->perPluginExitOnCompletion = this->sdf->Get<\x1b[01;31m\x1b[Kbool\x1b[m\x1b[K>(\n'}
[16.691261] (workspace_gz) StderrLine: {'line': b'      |                                                      \x1b[01;31m\x1b[K^~~~\x1b[m\x1b[K\n'}
[16.691336] (workspace_gz) StderrLine: {'line': b'\x1b[01m\x1b[K/home/aliomacc/sti_usv/src/usv_sim/workspace_gz/plugins/ScoringPlugin.cc:206:7:\x1b[m\x1b[K \x1b[01;31m\x1b[Kerror: \x1b[m\x1b[Kinvalid use of \xe2\x80\x98\x1b[01m\x1b[Kthis\x1b[m\x1b[K\xe2\x80\x99 in non-member function\n'}
[16.691411] (workspace_gz) StderrLine: {'line': b'  206 |   if (\x1b[01;31m\x1b[Kthis\x1b[m\x1b[K->sdf->HasElement("exit_delay"))\n'}
[16.691485] (workspace_gz) StderrLine: {'line': b'      |       \x1b[01;31m\x1b[K^~~~\x1b[m\x1b[K\n'}
[16.691558] (workspace_gz) StderrLine: {'line': b'\x1b[01m\x1b[K/home/aliomacc/sti_usv/src/usv_sim/workspace_gz/plugins/ScoringPlugin.cc:207:5:\x1b[m\x1b[K \x1b[01;31m\x1b[Kerror: \x1b[m\x1b[Kinvalid use of \xe2\x80\x98\x1b[01m\x1b[Kthis\x1b[m\x1b[K\xe2\x80\x99 in non-member function\n'}
[16.691639] (workspace_gz) StderrLine: {'line': b'  207 |     \x1b[01;31m\x1b[Kthis\x1b[m\x1b[K->exitDelay = this->sdf->Get<double>("exit_delay");\n'}
[16.691733] (workspace_gz) StderrLine: {'line': b'      |     \x1b[01;31m\x1b[K^~~~\x1b[m\x1b[K\n'}
[16.691809] (workspace_gz) StderrLine: {'line': b'\x1b[01m\x1b[K/home/aliomacc/sti_usv/src/usv_sim/workspace_gz/plugins/ScoringPlugin.cc:207:23:\x1b[m\x1b[K \x1b[01;31m\x1b[Kerror: \x1b[m\x1b[Kinvalid use of \xe2\x80\x98\x1b[01m\x1b[Kthis\x1b[m\x1b[K\xe2\x80\x99 in non-member function\n'}
[16.691883] (workspace_gz) StderrLine: {'line': b'  207 |     this->exitDelay = \x1b[01;31m\x1b[Kthis\x1b[m\x1b[K->sdf->Get<double>("exit_delay");\n'}
[16.691956] (workspace_gz) StderrLine: {'line': b'      |                       \x1b[01;31m\x1b[K^~~~\x1b[m\x1b[K\n'}
[16.692030] (workspace_gz) StderrLine: {'line': b'\x1b[01m\x1b[K/home/aliomacc/sti_usv/src/usv_sim/workspace_gz/plugins/ScoringPlugin.cc:207:38:\x1b[m\x1b[K \x1b[01;31m\x1b[Kerror: \x1b[m\x1b[Kexpected primary-expression before \xe2\x80\x98\x1b[01m\x1b[Kdouble\x1b[m\x1b[K\xe2\x80\x99\n'}
[16.692105] (workspace_gz) StderrLine: {'line': b'  207 |     this->exitDelay = this->sdf->Get<\x1b[01;31m\x1b[Kdouble\x1b[m\x1b[K>("exit_delay");\n'}
[16.692181] (workspace_gz) StderrLine: {'line': b'      |                                      \x1b[01;31m\x1b[K^~~~~~\x1b[m\x1b[K\n'}
[16.692253] (workspace_gz) StderrLine: {'line': b'\x1b[01m\x1b[K/home/aliomacc/sti_usv/src/usv_sim/workspace_gz/plugins/ScoringPlugin.cc:210:7:\x1b[m\x1b[K \x1b[01;31m\x1b[Kerror: \x1b[m\x1b[Kinvalid use of \xe2\x80\x98\x1b[01m\x1b[Kthis\x1b[m\x1b[K\xe2\x80\x99 in non-member function\n'}
[16.692337] (workspace_gz) StderrLine: {'line': b'  210 |   if (\x1b[01;31m\x1b[Kthis\x1b[m\x1b[K->sdf->HasElement("initial_state_duration"))\n'}
[16.692411] (workspace_gz) StderrLine: {'line': b'      |       \x1b[01;31m\x1b[K^~~~\x1b[m\x1b[K\n'}
[16.692482] (workspace_gz) StderrLine: {'line': b'\x1b[01m\x1b[K/home/aliomacc/sti_usv/src/usv_sim/workspace_gz/plugins/ScoringPlugin.cc:212:20:\x1b[m\x1b[K \x1b[01;31m\x1b[Kerror: \x1b[m\x1b[Kinvalid use of \xe2\x80\x98\x1b[01m\x1b[Kthis\x1b[m\x1b[K\xe2\x80\x99 in non-member function\n'}
[16.692580] (workspace_gz) StderrLine: {'line': b'  212 |     double value = \x1b[01;31m\x1b[Kthis\x1b[m\x1b[K->sdf->Get<double>("initial_state_duration");\n'}
[16.692751] (workspace_gz) StderrLine: {'line': b'      |                    \x1b[01;31m\x1b[K^~~~\x1b[m\x1b[K\n'}
[16.692884] (workspace_gz) StderrLine: {'line': b'\x1b[01m\x1b[K/home/aliomacc/sti_usv/src/usv_sim/workspace_gz/plugins/ScoringPlugin.cc:212:35:\x1b[m\x1b[K \x1b[01;31m\x1b[Kerror: \x1b[m\x1b[Kexpected primary-expression before \xe2\x80\x98\x1b[01m\x1b[Kdouble\x1b[m\x1b[K\xe2\x80\x99\n'}
[16.692964] (workspace_gz) StderrLine: {'line': b'  212 |     double value = this->sdf->Get<\x1b[01;31m\x1b[Kdouble\x1b[m\x1b[K>("initial_state_duration");\n'}
[16.693039] (workspace_gz) StderrLine: {'line': b'      |                                   \x1b[01;31m\x1b[K^~~~~~\x1b[m\x1b[K\n'}
[16.694720] (workspace_gz) StderrLine: {'line': b'\x1b[01m\x1b[K/home/aliomacc/sti_usv/src/usv_sim/workspace_gz/plugins/ScoringPlugin.cc:215:7:\x1b[m\x1b[K \x1b[01;31m\x1b[Kerror: \x1b[m\x1b[K\xe2\x80\x98\x1b[01m\x1b[Kgzerr\x1b[m\x1b[K\xe2\x80\x99 was not declared in this scope\n'}
[16.695332] (workspace_gz) StderrLine: {'line': b'  215 |       \x1b[01;31m\x1b[Kgzerr\x1b[m\x1b[K << "<initial_state_duration> value should not be negative."\n'}
[16.695537] (workspace_gz) StderrLine: {'line': b'      |       \x1b[01;31m\x1b[K^~~~~\x1b[m\x1b[K\n'}
[16.695633] (workspace_gz) StderrLine: {'line': b'\x1b[01m\x1b[K/home/aliomacc/sti_usv/src/usv_sim/workspace_gz/plugins/ScoringPlugin.cc:219:5:\x1b[m\x1b[K \x1b[01;31m\x1b[Kerror: \x1b[m\x1b[Kinvalid use of \xe2\x80\x98\x1b[01m\x1b[Kthis\x1b[m\x1b[K\xe2\x80\x99 in non-member function\n'}
[16.695749] (workspace_gz) StderrLine: {'line': b'  219 |     \x1b[01;31m\x1b[Kthis\x1b[m\x1b[K->initialStateDuration = value;\n'}
[16.695835] (workspace_gz) StderrLine: {'line': b'      |     \x1b[01;31m\x1b[K^~~~\x1b[m\x1b[K\n'}
[16.695912] (workspace_gz) StderrLine: {'line': b'\x1b[01m\x1b[K/home/aliomacc/sti_usv/src/usv_sim/workspace_gz/plugins/ScoringPlugin.cc:223:7:\x1b[m\x1b[K \x1b[01;31m\x1b[Kerror: \x1b[m\x1b[Kinvalid use of \xe2\x80\x98\x1b[01m\x1b[Kthis\x1b[m\x1b[K\xe2\x80\x99 in non-member function\n'}
[16.695994] (workspace_gz) StderrLine: {'line': b'  223 |   if (\x1b[01;31m\x1b[Kthis\x1b[m\x1b[K->sdf->HasElement("ready_state_duration"))\n'}
[16.696076] (workspace_gz) StderrLine: {'line': b'      |       \x1b[01;31m\x1b[K^~~~\x1b[m\x1b[K\n'}
[16.696159] (workspace_gz) StderrLine: {'line': b'\x1b[01m\x1b[K/home/aliomacc/sti_usv/src/usv_sim/workspace_gz/plugins/ScoringPlugin.cc:225:20:\x1b[m\x1b[K \x1b[01;31m\x1b[Kerror: \x1b[m\x1b[Kinvalid use of \xe2\x80\x98\x1b[01m\x1b[Kthis\x1b[m\x1b[K\xe2\x80\x99 in non-member function\n'}
[16.696239] (workspace_gz) StderrLine: {'line': b'  225 |     double value = \x1b[01;31m\x1b[Kthis\x1b[m\x1b[K->sdf->Get<double>("ready_state_duration");\n'}
[16.696443] (workspace_gz) StderrLine: {'line': b'      |                    \x1b[01;31m\x1b[K^~~~\x1b[m\x1b[K\n'}
[16.696626] (workspace_gz) StderrLine: {'line': b'\x1b[01m\x1b[K/home/aliomacc/sti_usv/src/usv_sim/workspace_gz/plugins/ScoringPlugin.cc:225:35:\x1b[m\x1b[K \x1b[01;31m\x1b[Kerror: \x1b[m\x1b[Kexpected primary-expression before \xe2\x80\x98\x1b[01m\x1b[Kdouble\x1b[m\x1b[K\xe2\x80\x99\n'}
[16.696851] (workspace_gz) StderrLine: {'line': b'  225 |     double value = this->sdf->Get<\x1b[01;31m\x1b[Kdouble\x1b[m\x1b[K>("ready_state_duration");\n'}
[16.696970] (workspace_gz) StderrLine: {'line': b'      |                                   \x1b[01;31m\x1b[K^~~~~~\x1b[m\x1b[K\n'}
[16.709076] (workspace_gz) StderrLine: {'line': b'\x1b[01m\x1b[K/home/aliomacc/sti_usv/src/usv_sim/workspace_gz/plugins/ScoringPlugin.cc:228:7:\x1b[m\x1b[K \x1b[01;31m\x1b[Kerror: \x1b[m\x1b[K\xe2\x80\x98\x1b[01m\x1b[Kgzerr\x1b[m\x1b[K\xe2\x80\x99 was not declared in this scope\n'}
[16.709530] (workspace_gz) StderrLine: {'line': b'  228 |       \x1b[01;31m\x1b[Kgzerr\x1b[m\x1b[K << "<ready_state_duration> value should not be negative."\n'}
[16.709683] (workspace_gz) StderrLine: {'line': b'      |       \x1b[01;31m\x1b[K^~~~~\x1b[m\x1b[K\n'}
[16.709836] (workspace_gz) StderrLine: {'line': b'\x1b[01m\x1b[K/home/aliomacc/sti_usv/src/usv_sim/workspace_gz/plugins/ScoringPlugin.cc:233:5:\x1b[m\x1b[K \x1b[01;31m\x1b[Kerror: \x1b[m\x1b[Kinvalid use of \xe2\x80\x98\x1b[01m\x1b[Kthis\x1b[m\x1b[K\xe2\x80\x99 in non-member function\n'}
[16.709939] (workspace_gz) StderrLine: {'line': b'  233 |     \x1b[01;31m\x1b[Kthis\x1b[m\x1b[K->readyStateDuration = value;\n'}
[16.710025] (workspace_gz) StderrLine: {'line': b'      |     \x1b[01;31m\x1b[K^~~~\x1b[m\x1b[K\n'}
[16.710108] (workspace_gz) StderrLine: {'line': b'\x1b[01m\x1b[K/home/aliomacc/sti_usv/src/usv_sim/workspace_gz/plugins/ScoringPlugin.cc:237:7:\x1b[m\x1b[K \x1b[01;31m\x1b[Kerror: \x1b[m\x1b[Kinvalid use of \xe2\x80\x98\x1b[01m\x1b[Kthis\x1b[m\x1b[K\xe2\x80\x99 in non-member function\n'}
[16.710239] (workspace_gz) StderrLine: {'line': b'  237 |   if (\x1b[01;31m\x1b[Kthis\x1b[m\x1b[K->sdf->HasElement("running_state_duration"))\n'}
[16.710320] (workspace_gz) StderrLine: {'line': b'      |       \x1b[01;31m\x1b[K^~~~\x1b[m\x1b[K\n'}
[16.710397] (workspace_gz) StderrLine: {'line': b'\x1b[01m\x1b[K/home/aliomacc/sti_usv/src/usv_sim/workspace_gz/plugins/ScoringPlugin.cc:239:20:\x1b[m\x1b[K \x1b[01;31m\x1b[Kerror: \x1b[m\x1b[Kinvalid use of \xe2\x80\x98\x1b[01m\x1b[Kthis\x1b[m\x1b[K\xe2\x80\x99 in non-member function\n'}
[16.710476] (workspace_gz) StderrLine: {'line': b'  239 |     double value = \x1b[01;31m\x1b[Kthis\x1b[m\x1b[K->sdf->Get<double>("running_state_duration");\n'}
[16.710555] (workspace_gz) StderrLine: {'line': b'      |                    \x1b[01;31m\x1b[K^~~~\x1b[m\x1b[K\n'}
[16.710632] (workspace_gz) StderrLine: {'line': b'\x1b[01m\x1b[K/home/aliomacc/sti_usv/src/usv_sim/workspace_gz/plugins/ScoringPlugin.cc:239:35:\x1b[m\x1b[K \x1b[01;31m\x1b[Kerror: \x1b[m\x1b[Kexpected primary-expression before \xe2\x80\x98\x1b[01m\x1b[Kdouble\x1b[m\x1b[K\xe2\x80\x99\n'}
[16.710740] (workspace_gz) StderrLine: {'line': b'  239 |     double value = this->sdf->Get<\x1b[01;31m\x1b[Kdouble\x1b[m\x1b[K>("running_state_duration");\n'}
[16.710820] (workspace_gz) StderrLine: {'line': b'      |                                   \x1b[01;31m\x1b[K^~~~~~\x1b[m\x1b[K\n'}
[16.721642] (workspace_gz) StderrLine: {'line': b'\x1b[01m\x1b[K/home/aliomacc/sti_usv/src/usv_sim/workspace_gz/plugins/ScoringPlugin.cc:242:7:\x1b[m\x1b[K \x1b[01;31m\x1b[Kerror: \x1b[m\x1b[K\xe2\x80\x98\x1b[01m\x1b[Kgzerr\x1b[m\x1b[K\xe2\x80\x99 was not declared in this scope\n'}
[16.722882] (workspace_gz) StderrLine: {'line': b'  242 |       \x1b[01;31m\x1b[Kgzerr\x1b[m\x1b[K << "<running_state_duration> value should not be negative."\n'}
[16.723391] (workspace_gz) StderrLine: {'line': b'      |       \x1b[01;31m\x1b[K^~~~~\x1b[m\x1b[K\n'}
[16.723585] (workspace_gz) StderrLine: {'line': b'\x1b[01m\x1b[K/home/aliomacc/sti_usv/src/usv_sim/workspace_gz/plugins/ScoringPlugin.cc:246:5:\x1b[m\x1b[K \x1b[01;31m\x1b[Kerror: \x1b[m\x1b[Kinvalid use of \xe2\x80\x98\x1b[01m\x1b[Kthis\x1b[m\x1b[K\xe2\x80\x99 in non-member function\n'}
[16.723702] (workspace_gz) StderrLine: {'line': b'  246 |     \x1b[01;31m\x1b[Kthis\x1b[m\x1b[K->runningStateDuration = value;\n'}
[16.723804] (workspace_gz) StderrLine: {'line': b'      |     \x1b[01;31m\x1b[K^~~~\x1b[m\x1b[K\n'}
[16.723888] (workspace_gz) StderrLine: {'line': b'\x1b[01m\x1b[K/home/aliomacc/sti_usv/src/usv_sim/workspace_gz/plugins/ScoringPlugin.cc:250:7:\x1b[m\x1b[K \x1b[01;31m\x1b[Kerror: \x1b[m\x1b[Kinvalid use of \xe2\x80\x98\x1b[01m\x1b[Kthis\x1b[m\x1b[K\xe2\x80\x99 in non-member function\n'}
[16.723973] (workspace_gz) StderrLine: {'line': b'  250 |   if (\x1b[01;31m\x1b[Kthis\x1b[m\x1b[K->sdf->HasElement("release_topic"))\n'}
[16.724055] (workspace_gz) StderrLine: {'line': b'      |       \x1b[01;31m\x1b[K^~~~\x1b[m\x1b[K\n'}
[16.724136] (workspace_gz) StderrLine: {'line': b'\x1b[01m\x1b[K/home/aliomacc/sti_usv/src/usv_sim/workspace_gz/plugins/ScoringPlugin.cc:252:5:\x1b[m\x1b[K \x1b[01;31m\x1b[Kerror: \x1b[m\x1b[Kinvalid use of \xe2\x80\x98\x1b[01m\x1b[Kthis\x1b[m\x1b[K\xe2\x80\x99 in non-member function\n'}
[16.724217] (workspace_gz) StderrLine: {'line': b'  252 |     \x1b[01;31m\x1b[Kthis\x1b[m\x1b[K->releaseTopic = this->sdf->Get<std::string>("release_topic");\n'}
[16.724320] (workspace_gz) StderrLine: {'line': b'      |     \x1b[01;31m\x1b[K^~~~\x1b[m\x1b[K\n'}
[16.724427] (workspace_gz) StderrLine: {'line': b'\x1b[01m\x1b[K/home/aliomacc/sti_usv/src/usv_sim/workspace_gz/plugins/ScoringPlugin.cc:252:26:\x1b[m\x1b[K \x1b[01;31m\x1b[Kerror: \x1b[m\x1b[Kinvalid use of \xe2\x80\x98\x1b[01m\x1b[Kthis\x1b[m\x1b[K\xe2\x80\x99 in non-member function\n'}
[16.724536] (workspace_gz) StderrLine: {'line': b'  252 |     this->releaseTopic = \x1b[01;31m\x1b[Kthis\x1b[m\x1b[K->sdf->Get<std::string>("release_topic");\n'}
[16.724692] (workspace_gz) StderrLine: {'line': b'      |                          \x1b[01;31m\x1b[K^~~~\x1b[m\x1b[K\n'}
[16.724922] (workspace_gz) StderrLine: {'line': b'\x1b[01m\x1b[K/home/aliomacc/sti_usv/src/usv_sim/workspace_gz/plugins/ScoringPlugin.cc:252:52:\x1b[m\x1b[K \x1b[01;31m\x1b[Kerror: \x1b[m\x1b[Kexpected primary-expression before \xe2\x80\x98\x1b[01m\x1b[K>\x1b[m\x1b[K\xe2\x80\x99 token\n'}
[16.725040] (workspace_gz) StderrLine: {'line': b'  252 |     this->releaseTopic = this->sdf->Get<std::string\x1b[01;31m\x1b[K>\x1b[m\x1b[K("release_topic");\n'}
[16.725169] (workspace_gz) StderrLine: {'line': b'      |                                                    \x1b[01;31m\x1b[K^\x1b[m\x1b[K\n'}
[16.725278] (workspace_gz) StderrLine: {'line': b'\x1b[01m\x1b[K/home/aliomacc/sti_usv/src/usv_sim/workspace_gz/plugins/ScoringPlugin.cc:256:7:\x1b[m\x1b[K \x1b[01;31m\x1b[Kerror: \x1b[m\x1b[Kinvalid use of \xe2\x80\x98\x1b[01m\x1b[Kthis\x1b[m\x1b[K\xe2\x80\x99 in non-member function\n'}
[16.725394] (workspace_gz) StderrLine: {'line': b'  256 |   if (\x1b[01;31m\x1b[Kthis\x1b[m\x1b[K->sdf->HasElement("silent"))\n'}
[16.725505] (workspace_gz) StderrLine: {'line': b'      |       \x1b[01;31m\x1b[K^~~~\x1b[m\x1b[K\n'}
[16.725599] (workspace_gz) StderrLine: {'line': b'\x1b[01m\x1b[K/home/aliomacc/sti_usv/src/usv_sim/workspace_gz/plugins/ScoringPlugin.cc:258:5:\x1b[m\x1b[K \x1b[01;31m\x1b[Kerror: \x1b[m\x1b[Kinvalid use of \xe2\x80\x98\x1b[01m\x1b[Kthis\x1b[m\x1b[K\xe2\x80\x99 in non-member function\n'}
[16.725878] (workspace_gz) StderrLine: {'line': b'  258 |     \x1b[01;31m\x1b[Kthis\x1b[m\x1b[K->silent = this->sdf->Get<bool>("silent");\n'}
[16.726243] (workspace_gz) StderrLine: {'line': b'      |     \x1b[01;31m\x1b[K^~~~\x1b[m\x1b[K\n'}
[16.726347] (workspace_gz) StderrLine: {'line': b'\x1b[01m\x1b[K/home/aliomacc/sti_usv/src/usv_sim/workspace_gz/plugins/ScoringPlugin.cc:258:20:\x1b[m\x1b[K \x1b[01;31m\x1b[Kerror: \x1b[m\x1b[Kinvalid use of \xe2\x80\x98\x1b[01m\x1b[Kthis\x1b[m\x1b[K\xe2\x80\x99 in non-member function\n'}
[16.726454] (workspace_gz) StderrLine: {'line': b'  258 |     this->silent = \x1b[01;31m\x1b[Kthis\x1b[m\x1b[K->sdf->Get<bool>("silent");\n'}
[16.726542] (workspace_gz) StderrLine: {'line': b'      |                    \x1b[01;31m\x1b[K^~~~\x1b[m\x1b[K\n'}
[16.726646] (workspace_gz) StderrLine: {'line': b'\x1b[01m\x1b[K/home/aliomacc/sti_usv/src/usv_sim/workspace_gz/plugins/ScoringPlugin.cc:258:35:\x1b[m\x1b[K \x1b[01;31m\x1b[Kerror: \x1b[m\x1b[Kexpected primary-expression before \xe2\x80\x98\x1b[01m\x1b[Kbool\x1b[m\x1b[K\xe2\x80\x99\n'}
[16.727278] (workspace_gz) StderrLine: {'line': b'  258 |     this->silent = this->sdf->Get<\x1b[01;31m\x1b[Kbool\x1b[m\x1b[K>("silent");\n'}
[16.727405] (workspace_gz) StderrLine: {'line': b'      |                                   \x1b[01;31m\x1b[K^~~~\x1b[m\x1b[K\n'}
[16.727482] (workspace_gz) StderrLine: {'line': b'\x1b[01m\x1b[K/home/aliomacc/sti_usv/src/usv_sim/workspace_gz/plugins/ScoringPlugin.cc:\x1b[m\x1b[K At global scope:\n'}
[16.727558] (workspace_gz) StderrLine: {'line': b'\x1b[01m\x1b[K/home/aliomacc/sti_usv/src/usv_sim/workspace_gz/plugins/ScoringPlugin.cc:265:21:\x1b[m\x1b[K \x1b[01;31m\x1b[Kerror: \x1b[m\x1b[K\xe2\x80\x98\x1b[01m\x1b[Kvrx::ScoringPlugin::Implementation\x1b[m\x1b[K\xe2\x80\x99 has not been declared\n'}
[16.727650] (workspace_gz) StderrLine: {'line': b'  265 | void ScoringPlugin::\x1b[01;31m\x1b[KImplementation\x1b[m\x1b[K::UpdateTime(\n'}
[16.727766] (workspace_gz) StderrLine: {'line': b'      |                     \x1b[01;31m\x1b[K^~~~~~~~~~~~~~\x1b[m\x1b[K\n'}
[16.727844] (workspace_gz) StderrLine: {'line': b'\x1b[01m\x1b[K/home/aliomacc/sti_usv/src/usv_sim/workspace_gz/plugins/ScoringPlugin.cc:\x1b[m\x1b[K In function \xe2\x80\x98\x1b[01m\x1b[Kvoid UpdateTime(std::chrono::duration<double>)\x1b[m\x1b[K\xe2\x80\x99:\n'}
[16.727929] (workspace_gz) StderrLine: {'line': b'\x1b[01m\x1b[K/home/aliomacc/sti_usv/src/usv_sim/workspace_gz/plugins/ScoringPlugin.cc:268:3:\x1b[m\x1b[K \x1b[01;31m\x1b[Kerror: \x1b[m\x1b[Kinvalid use of \xe2\x80\x98\x1b[01m\x1b[Kthis\x1b[m\x1b[K\xe2\x80\x99 in non-member function\n'}
[16.728007] (workspace_gz) StderrLine: {'line': b'  268 |   \x1b[01;31m\x1b[Kthis\x1b[m\x1b[K->currentTime = _simTime;\n'}
[16.728089] (workspace_gz) StderrLine: {'line': b'      |   \x1b[01;31m\x1b[K^~~~\x1b[m\x1b[K\n'}
[16.728164] (workspace_gz) StderrLine: {'line': b'\x1b[01m\x1b[K/home/aliomacc/sti_usv/src/usv_sim/workspace_gz/plugins/ScoringPlugin.cc:270:7:\x1b[m\x1b[K \x1b[01;31m\x1b[Kerror: \x1b[m\x1b[Kinvalid use of \xe2\x80\x98\x1b[01m\x1b[Kthis\x1b[m\x1b[K\xe2\x80\x99 in non-member function\n'}
[16.728241] (workspace_gz) StderrLine: {'line': b'  270 |   if (\x1b[01;31m\x1b[Kthis\x1b[m\x1b[K->taskState == "running")\n'}
[16.728324] (workspace_gz) StderrLine: {'line': b'      |       \x1b[01;31m\x1b[K^~~~\x1b[m\x1b[K\n'}
[16.728401] (workspace_gz) StderrLine: {'line': b'\x1b[01m\x1b[K/home/aliomacc/sti_usv/src/usv_sim/workspace_gz/plugins/ScoringPlugin.cc:272:5:\x1b[m\x1b[K \x1b[01;31m\x1b[Kerror: \x1b[m\x1b[Kinvalid use of \xe2\x80\x98\x1b[01m\x1b[Kthis\x1b[m\x1b[K\xe2\x80\x99 in non-member function\n'}
[16.728480] (workspace_gz) StderrLine: {'line': b'  272 |     \x1b[01;31m\x1b[Kthis\x1b[m\x1b[K->elapsedTime = this->currentTime - this->runningTime;\n'}
[16.728563] (workspace_gz) StderrLine: {'line': b'      |     \x1b[01;31m\x1b[K^~~~\x1b[m\x1b[K\n'}
[16.728678] (workspace_gz) StderrLine: {'line': b'\x1b[01m\x1b[K/home/aliomacc/sti_usv/src/usv_sim/workspace_gz/plugins/ScoringPlugin.cc:272:25:\x1b[m\x1b[K \x1b[01;31m\x1b[Kerror: \x1b[m\x1b[Kinvalid use of \xe2\x80\x98\x1b[01m\x1b[Kthis\x1b[m\x1b[K\xe2\x80\x99 in non-member function\n'}
[16.729139] (workspace_gz) StderrLine: {'line': b'  272 |     this->elapsedTime = \x1b[01;31m\x1b[Kthis\x1b[m\x1b[K->currentTime - this->runningTime;\n'}
[16.729295] (workspace_gz) StderrLine: {'line': b'      |                         \x1b[01;31m\x1b[K^~~~\x1b[m\x1b[K\n'}
[16.729430] (workspace_gz) StderrLine: {'line': b'\x1b[01m\x1b[K/home/aliomacc/sti_usv/src/usv_sim/workspace_gz/plugins/ScoringPlugin.cc:272:45:\x1b[m\x1b[K \x1b[01;31m\x1b[Kerror: \x1b[m\x1b[Kinvalid use of \xe2\x80\x98\x1b[01m\x1b[Kthis\x1b[m\x1b[K\xe2\x80\x99 in non-member function\n'}
[16.729519] (workspace_gz) StderrLine: {'line': b'  272 |     this->elapsedTime = this->currentTime - \x1b[01;31m\x1b[Kthis\x1b[m\x1b[K->runningTime;\n'}
[16.729601] (workspace_gz) StderrLine: {'line': b'      |                                             \x1b[01;31m\x1b[K^~~~\x1b[m\x1b[K\n'}
[16.729703] (workspace_gz) StderrLine: {'line': b'\x1b[01m\x1b[K/home/aliomacc/sti_usv/src/usv_sim/workspace_gz/plugins/ScoringPlugin.cc:273:5:\x1b[m\x1b[K \x1b[01;31m\x1b[Kerror: \x1b[m\x1b[Kinvalid use of \xe2\x80\x98\x1b[01m\x1b[Kthis\x1b[m\x1b[K\xe2\x80\x99 in non-member function\n'}
[16.729810] (workspace_gz) StderrLine: {'line': b'  273 |     \x1b[01;31m\x1b[Kthis\x1b[m\x1b[K->remainingTime = this->finishTime - this->currentTime;\n'}
[16.729895] (workspace_gz) StderrLine: {'line': b'      |     \x1b[01;31m\x1b[K^~~~\x1b[m\x1b[K\n'}
[16.729976] (workspace_gz) StderrLine: {'line': b'\x1b[01m\x1b[K/home/aliomacc/sti_usv/src/usv_sim/workspace_gz/plugins/ScoringPlugin.cc:273:27:\x1b[m\x1b[K \x1b[01;31m\x1b[Kerror: \x1b[m\x1b[Kinvalid use of \xe2\x80\x98\x1b[01m\x1b[Kthis\x1b[m\x1b[K\xe2\x80\x99 in non-member function\n'}
[16.730062] (workspace_gz) StderrLine: {'line': b'  273 |     this->remainingTime = \x1b[01;31m\x1b[Kthis\x1b[m\x1b[K->finishTime - this->currentTime;\n'}
[16.730153] (workspace_gz) StderrLine: {'line': b'      |                           \x1b[01;31m\x1b[K^~~~\x1b[m\x1b[K\n'}
[16.730310] (workspace_gz) StderrLine: {'line': b'\x1b[01m\x1b[K/home/aliomacc/sti_usv/src/usv_sim/workspace_gz/plugins/ScoringPlugin.cc:273:46:\x1b[m\x1b[K \x1b[01;31m\x1b[Kerror: \x1b[m\x1b[Kinvalid use of \xe2\x80\x98\x1b[01m\x1b[Kthis\x1b[m\x1b[K\xe2\x80\x99 in non-member function\n'}
[16.730430] (workspace_gz) StderrLine: {'line': b'  273 |     this->remainingTime = this->finishTime - \x1b[01;31m\x1b[Kthis\x1b[m\x1b[K->currentTime;\n'}
[16.730520] (workspace_gz) StderrLine: {'line': b'      |                                              \x1b[01;31m\x1b[K^~~~\x1b[m\x1b[K\n'}
[16.730640] (workspace_gz) StderrLine: {'line': b'\x1b[01m\x1b[K/home/aliomacc/sti_usv/src/usv_sim/workspace_gz/plugins/ScoringPlugin.cc:274:5:\x1b[m\x1b[K \x1b[01;31m\x1b[Kerror: \x1b[m\x1b[Kinvalid use of \xe2\x80\x98\x1b[01m\x1b[Kthis\x1b[m\x1b[K\xe2\x80\x99 in non-member function\n'}
[16.730826] (workspace_gz) StderrLine: {'line': b'  274 |     \x1b[01;31m\x1b[Kthis\x1b[m\x1b[K->timedOut = this->remainingTime <= std::chrono::duration<double>(0.0);\n'}
[16.730942] (workspace_gz) StderrLine: {'line': b'      |     \x1b[01;31m\x1b[K^~~~\x1b[m\x1b[K\n'}
[16.731051] (workspace_gz) StderrLine: {'line': b'\x1b[01m\x1b[K/home/aliomacc/sti_usv/src/usv_sim/workspace_gz/plugins/ScoringPlugin.cc:274:22:\x1b[m\x1b[K \x1b[01;31m\x1b[Kerror: \x1b[m\x1b[Kinvalid use of \xe2\x80\x98\x1b[01m\x1b[Kthis\x1b[m\x1b[K\xe2\x80\x99 in non-member function\n'}
[16.731151] (workspace_gz) StderrLine: {'line': b'  274 |     this->timedOut = \x1b[01;31m\x1b[Kthis\x1b[m\x1b[K->remainingTime <= std::chrono::duration<double>(0.0);\n'}
[16.731257] (workspace_gz) StderrLine: {'line': b'      |                      \x1b[01;31m\x1b[K^~~~\x1b[m\x1b[K\n'}
[16.731354] (workspace_gz) StderrLine: {'line': b'\x1b[01m\x1b[K/home/aliomacc/sti_usv/src/usv_sim/workspace_gz/plugins/ScoringPlugin.cc:\x1b[m\x1b[K In member function \xe2\x80\x98\x1b[01m\x1b[Kvoid vrx::ScoringPlugin::UpdateTaskState()\x1b[m\x1b[K\xe2\x80\x99:\n'}
[16.731459] (workspace_gz) StderrLine: {'line': b'\x1b[01m\x1b[K/home/aliomacc/sti_usv/src/usv_sim/workspace_gz/plugins/ScoringPlugin.cc:281:13:\x1b[m\x1b[K \x1b[01;31m\x1b[Kerror: \x1b[m\x1b[K\xe2\x80\x98\x1b[01m\x1b[Kclass vrx::ScoringPlugin\x1b[m\x1b[K\xe2\x80\x99 has no member named \xe2\x80\x98\x1b[01m\x1b[KdataPtr\x1b[m\x1b[K\xe2\x80\x99\n'}
[16.731561] (workspace_gz) StderrLine: {'line': b'  281 |   if (this->\x1b[01;31m\x1b[KdataPtr\x1b[m\x1b[K->taskState == "initial" &&\n'}
[16.731701] (workspace_gz) StderrLine: {'line': b'      |             \x1b[01;31m\x1b[K^~~~~~~\x1b[m\x1b[K\n'}
[16.731978] (workspace_gz) StderrLine: {'line': b'\x1b[01m\x1b[K/home/aliomacc/sti_usv/src/usv_sim/workspace_gz/plugins/ScoringPlugin.cc:282:13:\x1b[m\x1b[K \x1b[01;31m\x1b[Kerror: \x1b[m\x1b[K\xe2\x80\x98\x1b[01m\x1b[Kclass vrx::ScoringPlugin\x1b[m\x1b[K\xe2\x80\x99 has no member named \xe2\x80\x98\x1b[01m\x1b[KdataPtr\x1b[m\x1b[K\xe2\x80\x99\n'}
[16.732247] (workspace_gz) StderrLine: {'line': b'  282 |       this->\x1b[01;31m\x1b[KdataPtr\x1b[m\x1b[K->currentTime >= this->dataPtr->readyTime)\n'}
[16.732453] (workspace_gz) StderrLine: {'line': b'      |             \x1b[01;31m\x1b[K^~~~~~~\x1b[m\x1b[K\n'}
[16.732581] (workspace_gz) StderrLine: {'line': b'\x1b[01m\x1b[K/home/aliomacc/sti_usv/src/usv_sim/workspace_gz/plugins/ScoringPlugin.cc:282:43:\x1b[m\x1b[K \x1b[01;31m\x1b[Kerror: \x1b[m\x1b[K\xe2\x80\x98\x1b[01m\x1b[Kclass vrx::ScoringPlugin\x1b[m\x1b[K\xe2\x80\x99 has no member named \xe2\x80\x98\x1b[01m\x1b[KdataPtr\x1b[m\x1b[K\xe2\x80\x99\n'}
[16.732735] (workspace_gz) StderrLine: {'line': b'  282 |       this->dataPtr->currentTime >= this->\x1b[01;31m\x1b[KdataPtr\x1b[m\x1b[K->readyTime)\n'}
[16.732863] (workspace_gz) StderrLine: {'line': b'      |                                           \x1b[01;31m\x1b[K^~~~~~~\x1b[m\x1b[K\n'}
[16.732983] (workspace_gz) StderrLine: {'line': b'\x1b[01m\x1b[K/home/aliomacc/sti_usv/src/usv_sim/workspace_gz/plugins/ScoringPlugin.cc:284:11:\x1b[m\x1b[K \x1b[01;31m\x1b[Kerror: \x1b[m\x1b[K\xe2\x80\x98\x1b[01m\x1b[Kclass vrx::ScoringPlugin\x1b[m\x1b[K\xe2\x80\x99 has no member named \xe2\x80\x98\x1b[01m\x1b[KdataPtr\x1b[m\x1b[K\xe2\x80\x99\n'}
[16.733092] (workspace_gz) StderrLine: {'line': b'  284 |     this->\x1b[01;31m\x1b[KdataPtr\x1b[m\x1b[K->taskState = "ready";\n'}
[16.733220] (workspace_gz) StderrLine: {'line': b'      |           \x1b[01;31m\x1b[K^~~~~~~\x1b[m\x1b[K\n'}
[16.733327] (workspace_gz) StderrLine: {'line': b'\x1b[01m\x1b[K/home/aliomacc/sti_usv/src/usv_sim/workspace_gz/plugins/ScoringPlugin.cc:290:13:\x1b[m\x1b[K \x1b[01;31m\x1b[Kerror: \x1b[m\x1b[K\xe2\x80\x98\x1b[01m\x1b[Kclass vrx::ScoringPlugin\x1b[m\x1b[K\xe2\x80\x99 has no member named \xe2\x80\x98\x1b[01m\x1b[KdataPtr\x1b[m\x1b[K\xe2\x80\x99\n'}
[16.733462] (workspace_gz) StderrLine: {'line': b'  290 |   if (this->\x1b[01;31m\x1b[KdataPtr\x1b[m\x1b[K->taskState == "ready" &&\n'}
[16.733569] (workspace_gz) StderrLine: {'line': b'      |             \x1b[01;31m\x1b[K^~~~~~~\x1b[m\x1b[K\n'}
[16.733662] (workspace_gz) StderrLine: {'line': b'\x1b[01m\x1b[K/home/aliomacc/sti_usv/src/usv_sim/workspace_gz/plugins/ScoringPlugin.cc:291:13:\x1b[m\x1b[K \x1b[01;31m\x1b[Kerror: \x1b[m\x1b[K\xe2\x80\x98\x1b[01m\x1b[Kclass vrx::ScoringPlugin\x1b[m\x1b[K\xe2\x80\x99 has no member named \xe2\x80\x98\x1b[01m\x1b[KdataPtr\x1b[m\x1b[K\xe2\x80\x99\n'}
[16.733806] (workspace_gz) StderrLine: {'line': b'  291 |       this->\x1b[01;31m\x1b[KdataPtr\x1b[m\x1b[K->currentTime >= this->dataPtr->runningTime)\n'}
[16.733910] (-) TimerEvent: {}
[16.734339] (workspace_gz) StderrLine: {'line': b'      |             \x1b[01;31m\x1b[K^~~~~~~\x1b[m\x1b[K\n'}
[16.734626] (workspace_gz) StderrLine: {'line': b'\x1b[01m\x1b[K/home/aliomacc/sti_usv/src/usv_sim/workspace_gz/plugins/ScoringPlugin.cc:291:43:\x1b[m\x1b[K \x1b[01;31m\x1b[Kerror: \x1b[m\x1b[K\xe2\x80\x98\x1b[01m\x1b[Kclass vrx::ScoringPlugin\x1b[m\x1b[K\xe2\x80\x99 has no member named \xe2\x80\x98\x1b[01m\x1b[KdataPtr\x1b[m\x1b[K\xe2\x80\x99\n'}
[16.735012] (workspace_gz) StderrLine: {'line': b'  291 |       this->dataPtr->currentTime >= this->\x1b[01;31m\x1b[KdataPtr\x1b[m\x1b[K->runningTime)\n'}
[16.735189] (workspace_gz) StderrLine: {'line': b'      |                                           \x1b[01;31m\x1b[K^~~~~~~\x1b[m\x1b[K\n'}
[16.735342] (workspace_gz) StderrLine: {'line': b'\x1b[01m\x1b[K/home/aliomacc/sti_usv/src/usv_sim/workspace_gz/plugins/ScoringPlugin.cc:293:11:\x1b[m\x1b[K \x1b[01;31m\x1b[Kerror: \x1b[m\x1b[K\xe2\x80\x98\x1b[01m\x1b[Kclass vrx::ScoringPlugin\x1b[m\x1b[K\xe2\x80\x99 has no member named \xe2\x80\x98\x1b[01m\x1b[KdataPtr\x1b[m\x1b[K\xe2\x80\x99\n'}
[16.735514] (workspace_gz) StderrLine: {'line': b'  293 |     this->\x1b[01;31m\x1b[KdataPtr\x1b[m\x1b[K->taskState = "running";\n'}
[16.735662] (workspace_gz) StderrLine: {'line': b'      |           \x1b[01;31m\x1b[K^~~~~~~\x1b[m\x1b[K\n'}
[16.735937] (workspace_gz) StderrLine: {'line': b'\x1b[01m\x1b[K/home/aliomacc/sti_usv/src/usv_sim/workspace_gz/plugins/ScoringPlugin.cc:298:13:\x1b[m\x1b[K \x1b[01;31m\x1b[Kerror: \x1b[m\x1b[K\xe2\x80\x98\x1b[01m\x1b[Kclass vrx::ScoringPlugin\x1b[m\x1b[K\xe2\x80\x99 has no member named \xe2\x80\x98\x1b[01m\x1b[KdataPtr\x1b[m\x1b[K\xe2\x80\x99\n'}
[16.736091] (workspace_gz) StderrLine: {'line': b'  298 |   if (this->\x1b[01;31m\x1b[KdataPtr\x1b[m\x1b[K->taskState == "running" && this->dataPtr->timedOut)\n'}
[16.736228] (workspace_gz) StderrLine: {'line': b'      |             \x1b[01;31m\x1b[K^~~~~~~\x1b[m\x1b[K\n'}
[16.736381] (workspace_gz) StderrLine: {'line': b'\x1b[01m\x1b[K/home/aliomacc/sti_usv/src/usv_sim/workspace_gz/plugins/ScoringPlugin.cc:298:54:\x1b[m\x1b[K \x1b[01;31m\x1b[Kerror: \x1b[m\x1b[K\xe2\x80\x98\x1b[01m\x1b[Kclass vrx::ScoringPlugin\x1b[m\x1b[K\xe2\x80\x99 has no member named \xe2\x80\x98\x1b[01m\x1b[KdataPtr\x1b[m\x1b[K\xe2\x80\x99\n'}
[16.736550] (workspace_gz) StderrLine: {'line': b'  298 |   if (this->dataPtr->taskState == "running" && this->\x1b[01;31m\x1b[KdataPtr\x1b[m\x1b[K->timedOut)\n'}
[16.736843] (workspace_gz) StderrLine: {'line': b'      |                                                      \x1b[01;31m\x1b[K^~~~~~~\x1b[m\x1b[K\n'}
[16.737084] (workspace_gz) StderrLine: {'line': b'\x1b[01m\x1b[K/home/aliomacc/sti_usv/src/usv_sim/workspace_gz/plugins/ScoringPlugin.cc:300:11:\x1b[m\x1b[K \x1b[01;31m\x1b[Kerror: \x1b[m\x1b[K\xe2\x80\x98\x1b[01m\x1b[Kclass vrx::ScoringPlugin\x1b[m\x1b[K\xe2\x80\x99 has no member named \xe2\x80\x98\x1b[01m\x1b[KdataPtr\x1b[m\x1b[K\xe2\x80\x99\n'}
[16.737301] (workspace_gz) StderrLine: {'line': b'  300 |     this->\x1b[01;31m\x1b[KdataPtr\x1b[m\x1b[K->taskState = "finished";\n'}
[16.737496] (workspace_gz) StderrLine: {'line': b'      |           \x1b[01;31m\x1b[K^~~~~~~\x1b[m\x1b[K\n'}
[16.737760] (workspace_gz) StderrLine: {'line': b'\x1b[01m\x1b[K/home/aliomacc/sti_usv/src/usv_sim/workspace_gz/plugins/ScoringPlugin.cc:305:13:\x1b[m\x1b[K \x1b[01;31m\x1b[Kerror: \x1b[m\x1b[K\xe2\x80\x98\x1b[01m\x1b[Kclass vrx::ScoringPlugin\x1b[m\x1b[K\xe2\x80\x99 has no member named \xe2\x80\x98\x1b[01m\x1b[KdataPtr\x1b[m\x1b[K\xe2\x80\x99\n'}
[16.737905] (workspace_gz) StderrLine: {'line': b'  305 |   if (this->\x1b[01;31m\x1b[KdataPtr\x1b[m\x1b[K->taskState == "finished" &&\n'}
[16.738043] (workspace_gz) StderrLine: {'line': b'      |             \x1b[01;31m\x1b[K^~~~~~~\x1b[m\x1b[K\n'}
[16.738301] (workspace_gz) StderrLine: {'line': b'\x1b[01m\x1b[K/home/aliomacc/sti_usv/src/usv_sim/workspace_gz/plugins/ScoringPlugin.cc:306:13:\x1b[m\x1b[K \x1b[01;31m\x1b[Kerror: \x1b[m\x1b[K\xe2\x80\x98\x1b[01m\x1b[Kclass vrx::ScoringPlugin\x1b[m\x1b[K\xe2\x80\x99 has no member named \xe2\x80\x98\x1b[01m\x1b[KdataPtr\x1b[m\x1b[K\xe2\x80\x99\n'}
[16.738444] (workspace_gz) StderrLine: {'line': b'  306 |       this->\x1b[01;31m\x1b[KdataPtr\x1b[m\x1b[K->currentTime >= this->dataPtr->exitTime)\n'}
[16.738555] (workspace_gz) StderrLine: {'line': b'      |             \x1b[01;31m\x1b[K^~~~~~~\x1b[m\x1b[K\n'}
[16.738693] (workspace_gz) StderrLine: {'line': b'\x1b[01m\x1b[K/home/aliomacc/sti_usv/src/usv_sim/workspace_gz/plugins/ScoringPlugin.cc:306:43:\x1b[m\x1b[K \x1b[01;31m\x1b[Kerror: \x1b[m\x1b[K\xe2\x80\x98\x1b[01m\x1b[Kclass vrx::ScoringPlugin\x1b[m\x1b[K\xe2\x80\x99 has no member named \xe2\x80\x98\x1b[01m\x1b[KdataPtr\x1b[m\x1b[K\xe2\x80\x99\n'}
[16.738870] (workspace_gz) StderrLine: {'line': b'  306 |       this->dataPtr->currentTime >= this->\x1b[01;31m\x1b[KdataPtr\x1b[m\x1b[K->exitTime)\n'}
[16.739041] (workspace_gz) StderrLine: {'line': b'      |                                           \x1b[01;31m\x1b[K^~~~~~~\x1b[m\x1b[K\n'}
[16.739153] (workspace_gz) StderrLine: {'line': b'\x1b[01m\x1b[K/home/aliomacc/sti_usv/src/usv_sim/workspace_gz/plugins/ScoringPlugin.cc:308:11:\x1b[m\x1b[K \x1b[01;31m\x1b[Kerror: \x1b[m\x1b[K\xe2\x80\x98\x1b[01m\x1b[Kclass vrx::ScoringPlugin\x1b[m\x1b[K\xe2\x80\x99 has no member named \xe2\x80\x98\x1b[01m\x1b[KdataPtr\x1b[m\x1b[K\xe2\x80\x99\n'}
[16.739249] (workspace_gz) StderrLine: {'line': b'  308 |     this->\x1b[01;31m\x1b[KdataPtr\x1b[m\x1b[K->Exit();\n'}
[16.739390] (workspace_gz) StderrLine: {'line': b'      |           \x1b[01;31m\x1b[K^~~~~~~\x1b[m\x1b[K\n'}
[16.739493] (workspace_gz) StderrLine: {'line': b'\x1b[01m\x1b[K/home/aliomacc/sti_usv/src/usv_sim/workspace_gz/plugins/ScoringPlugin.cc:\x1b[m\x1b[K At global scope:\n'}
[16.739597] (workspace_gz) StderrLine: {'line': b'\x1b[01m\x1b[K/home/aliomacc/sti_usv/src/usv_sim/workspace_gz/plugins/ScoringPlugin.cc:314:21:\x1b[m\x1b[K \x1b[01;31m\x1b[Kerror: \x1b[m\x1b[K\xe2\x80\x98\x1b[01m\x1b[Kvrx::ScoringPlugin::Implementation\x1b[m\x1b[K\xe2\x80\x99 has not been declared\n'}
[16.739729] (workspace_gz) StderrLine: {'line': b'  314 | void ScoringPlugin::\x1b[01;31m\x1b[KImplementation\x1b[m\x1b[K::UpdateTaskMessage()\n'}
[16.739857] (workspace_gz) StderrLine: {'line': b'      |                     \x1b[01;31m\x1b[K^~~~~~~~~~~~~~\x1b[m\x1b[K\n'}
[16.739979] (workspace_gz) StderrLine: {'line': b'\x1b[01m\x1b[K/home/aliomacc/sti_usv/src/usv_sim/workspace_gz/plugins/ScoringPlugin.cc:\x1b[m\x1b[K In function \xe2\x80\x98\x1b[01m\x1b[Kvoid UpdateTaskMessage()\x1b[m\x1b[K\xe2\x80\x99:\n'}
[16.740057] (workspace_gz) StderrLine: {'line': b'\x1b[01m\x1b[K/home/aliomacc/sti_usv/src/usv_sim/workspace_gz/plugins/ScoringPlugin.cc:316:17:\x1b[m\x1b[K \x1b[01;31m\x1b[Kerror: \x1b[m\x1b[Kinvalid use of \xe2\x80\x98\x1b[01m\x1b[Kthis\x1b[m\x1b[K\xe2\x80\x99 in non-member function\n'}
[16.740132] (workspace_gz) StderrLine: {'line': b'  316 |   auto *param = \x1b[01;31m\x1b[Kthis\x1b[m\x1b[K->taskMsg.mutable_params();\n'}
[16.740206] (workspace_gz) StderrLine: {'line': b'      |                 \x1b[01;31m\x1b[K^~~~\x1b[m\x1b[K\n'}
[16.740279] (workspace_gz) StderrLine: {'line': b'\x1b[01m\x1b[K/home/aliomacc/sti_usv/src/usv_sim/workspace_gz/plugins/ScoringPlugin.cc:318:38:\x1b[m\x1b[K \x1b[01;31m\x1b[Kerror: \x1b[m\x1b[Kinvalid use of \xe2\x80\x98\x1b[01m\x1b[Kthis\x1b[m\x1b[K\xe2\x80\x99 in non-member function\n'}
[16.740367] (workspace_gz) StderrLine: {'line': b'  318 |   (*param)["state"].set_string_value(\x1b[01;31m\x1b[Kthis\x1b[m\x1b[K->taskState);\n'}
[16.740441] (workspace_gz) StderrLine: {'line': b'      |                                      \x1b[01;31m\x1b[K^~~~\x1b[m\x1b[K\n'}
[16.740525] (workspace_gz) StderrLine: {'line': b'\x1b[01m\x1b[K/home/aliomacc/sti_usv/src/usv_sim/workspace_gz/plugins/ScoringPlugin.cc:319:45:\x1b[m\x1b[K \x1b[01;31m\x1b[Kerror: \x1b[m\x1b[Kinvalid use of \xe2\x80\x98\x1b[01m\x1b[Kthis\x1b[m\x1b[K\xe2\x80\x99 in non-member function\n'}
[16.740609] (workspace_gz) StderrLine: {'line': b'  319 |   (*param)["elapsed_time"].set_double_value(\x1b[01;31m\x1b[Kthis\x1b[m\x1b[K->elapsedTime.count());\n'}
[16.740703] (workspace_gz) StderrLine: {'line': b'      |                                             \x1b[01;31m\x1b[K^~~~\x1b[m\x1b[K\n'}
[16.740785] (workspace_gz) StderrLine: {'line': b'\x1b[01m\x1b[K/home/aliomacc/sti_usv/src/usv_sim/workspace_gz/plugins/ScoringPlugin.cc:320:47:\x1b[m\x1b[K \x1b[01;31m\x1b[Kerror: \x1b[m\x1b[Kinvalid use of \xe2\x80\x98\x1b[01m\x1b[Kthis\x1b[m\x1b[K\xe2\x80\x99 in non-member function\n'}
[16.740866] (workspace_gz) StderrLine: {'line': b'  320 |   (*param)["remaining_time"].set_double_value(\x1b[01;31m\x1b[Kthis\x1b[m\x1b[K->remainingTime.count());\n'}
[16.740985] (workspace_gz) StderrLine: {'line': b'      |                                               \x1b[01;31m\x1b[K^~~~\x1b[m\x1b[K\n'}
[16.741080] (workspace_gz) StderrLine: {'line': b'\x1b[01m\x1b[K/home/aliomacc/sti_usv/src/usv_sim/workspace_gz/plugins/ScoringPlugin.cc:321:40:\x1b[m\x1b[K \x1b[01;31m\x1b[Kerror: \x1b[m\x1b[Kinvalid use of \xe2\x80\x98\x1b[01m\x1b[Kthis\x1b[m\x1b[K\xe2\x80\x99 in non-member function\n'}
[16.741172] (workspace_gz) StderrLine: {'line': b'  321 |   (*param)["timed_out"].set_bool_value(\x1b[01;31m\x1b[Kthis\x1b[m\x1b[K->timedOut);\n'}
[16.741250] (workspace_gz) StderrLine: {'line': b'      |                                        \x1b[01;31m\x1b[K^~~~\x1b[m\x1b[K\n'}
[16.741324] (workspace_gz) StderrLine: {'line': b'\x1b[01m\x1b[K/home/aliomacc/sti_usv/src/usv_sim/workspace_gz/plugins/ScoringPlugin.cc:322:44:\x1b[m\x1b[K \x1b[01;31m\x1b[Kerror: \x1b[m\x1b[Kinvalid use of \xe2\x80\x98\x1b[01m\x1b[Kthis\x1b[m\x1b[K\xe2\x80\x99 in non-member function\n'}
[16.741397] (workspace_gz) StderrLine: {'line': b'  322 |   (*param)["num_collisions"].set_int_value(\x1b[01;31m\x1b[Kthis\x1b[m\x1b[K->numCollisions);\n'}
[16.741470] (workspace_gz) StderrLine: {'line': b'      |                                            \x1b[01;31m\x1b[K^~~~\x1b[m\x1b[K\n'}
[16.741544] (workspace_gz) StderrLine: {'line': b'\x1b[01m\x1b[K/home/aliomacc/sti_usv/src/usv_sim/workspace_gz/plugins/ScoringPlugin.cc:323:38:\x1b[m\x1b[K \x1b[01;31m\x1b[Kerror: \x1b[m\x1b[Kinvalid use of \xe2\x80\x98\x1b[01m\x1b[Kthis\x1b[m\x1b[K\xe2\x80\x99 in non-member function\n'}
[16.741629] (workspace_gz) StderrLine: {'line': b'  323 |   (*param)["score"].set_double_value(\x1b[01;31m\x1b[Kthis\x1b[m\x1b[K->score);\n'}
[16.741737] (workspace_gz) StderrLine: {'line': b'      |                                      \x1b[01;31m\x1b[K^~~~\x1b[m\x1b[K\n'}
[16.741817] (workspace_gz) StderrLine: {'line': b'\x1b[01m\x1b[K/home/aliomacc/sti_usv/src/usv_sim/workspace_gz/plugins/ScoringPlugin.cc:\x1b[m\x1b[K At global scope:\n'}
[16.741893] (workspace_gz) StderrLine: {'line': b'\x1b[01m\x1b[K/home/aliomacc/sti_usv/src/usv_sim/workspace_gz/plugins/ScoringPlugin.cc:327:21:\x1b[m\x1b[K \x1b[01;31m\x1b[Kerror: \x1b[m\x1b[K\xe2\x80\x98\x1b[01m\x1b[Kvrx::ScoringPlugin::Implementation\x1b[m\x1b[K\xe2\x80\x99 has not been declared\n'}
[16.741981] (workspace_gz) StderrLine: {'line': b'  327 | void ScoringPlugin::\x1b[01;31m\x1b[KImplementation\x1b[m\x1b[K::PublishStats()\n'}
[16.742070] (workspace_gz) StderrLine: {'line': b'      |                     \x1b[01;31m\x1b[K^~~~~~~~~~~~~~\x1b[m\x1b[K\n'}
[16.742223] (workspace_gz) StderrLine: {'line': b'\x1b[01m\x1b[K/home/aliomacc/sti_usv/src/usv_sim/workspace_gz/plugins/ScoringPlugin.cc:\x1b[m\x1b[K In function \xe2\x80\x98\x1b[01m\x1b[Kvoid PublishStats()\x1b[m\x1b[K\xe2\x80\x99:\n'}
[16.742347] (workspace_gz) StderrLine: {'line': b'\x1b[01m\x1b[K/home/aliomacc/sti_usv/src/usv_sim/workspace_gz/plugins/ScoringPlugin.cc:329:3:\x1b[m\x1b[K \x1b[01;31m\x1b[Kerror: \x1b[m\x1b[Kinvalid use of \xe2\x80\x98\x1b[01m\x1b[Kthis\x1b[m\x1b[K\xe2\x80\x99 in non-member function\n'}
[16.742424] (workspace_gz) StderrLine: {'line': b'  329 |   \x1b[01;31m\x1b[Kthis\x1b[m\x1b[K->UpdateTaskMessage();\n'}
[16.742497] (workspace_gz) StderrLine: {'line': b'      |   \x1b[01;31m\x1b[K^~~~\x1b[m\x1b[K\n'}
[16.742571] (workspace_gz) StderrLine: {'line': b'\x1b[01m\x1b[K/home/aliomacc/sti_usv/src/usv_sim/workspace_gz/plugins/ScoringPlugin.cc:332:7:\x1b[m\x1b[K \x1b[01;31m\x1b[Kerror: \x1b[m\x1b[Kinvalid use of \xe2\x80\x98\x1b[01m\x1b[Kthis\x1b[m\x1b[K\xe2\x80\x99 in non-member function\n'}
[16.742645] (workspace_gz) StderrLine: {'line': b'  332 |   if (\x1b[01;31m\x1b[Kthis\x1b[m\x1b[K->currentTime - this->lastStatsSent >=\n'}
[16.742741] (workspace_gz) StderrLine: {'line': b'      |       \x1b[01;31m\x1b[K^~~~\x1b[m\x1b[K\n'}
[16.742857] (workspace_gz) StderrLine: {'line': b'\x1b[01m\x1b[K/home/aliomacc/sti_usv/src/usv_sim/workspace_gz/plugins/ScoringPlugin.cc:332:27:\x1b[m\x1b[K \x1b[01;31m\x1b[Kerror: \x1b[m\x1b[Kinvalid use of \xe2\x80\x98\x1b[01m\x1b[Kthis\x1b[m\x1b[K\xe2\x80\x99 in non-member function\n'}
[16.742976] (workspace_gz) StderrLine: {'line': b'  332 |   if (this->currentTime - \x1b[01;31m\x1b[Kthis\x1b[m\x1b[K->lastStatsSent >=\n'}
[16.743065] (workspace_gz) StderrLine: {'line': b'      |                           \x1b[01;31m\x1b[K^~~~\x1b[m\x1b[K\n'}
[16.743158] (workspace_gz) StderrLine: {'line': b'\x1b[01m\x1b[K/home/aliomacc/sti_usv/src/usv_sim/workspace_gz/plugins/ScoringPlugin.cc:335:5:\x1b[m\x1b[K \x1b[01;31m\x1b[Kerror: \x1b[m\x1b[Kinvalid use of \xe2\x80\x98\x1b[01m\x1b[Kthis\x1b[m\x1b[K\xe2\x80\x99 in non-member function\n'}
[16.743231] (workspace_gz) StderrLine: {'line': b'  335 |     \x1b[01;31m\x1b[Kthis\x1b[m\x1b[K->taskPub.Publish(this->taskMsg);\n'}
[16.743304] (workspace_gz) StderrLine: {'line': b'      |     \x1b[01;31m\x1b[K^~~~\x1b[m\x1b[K\n'}
[16.743376] (workspace_gz) StderrLine: {'line': b'\x1b[01m\x1b[K/home/aliomacc/sti_usv/src/usv_sim/workspace_gz/plugins/ScoringPlugin.cc:335:27:\x1b[m\x1b[K \x1b[01;31m\x1b[Kerror: \x1b[m\x1b[Kinvalid use of \xe2\x80\x98\x1b[01m\x1b[Kthis\x1b[m\x1b[K\xe2\x80\x99 in non-member function\n'}
[16.743451] (workspace_gz) StderrLine: {'line': b'  335 |     this->taskPub.Publish(\x1b[01;31m\x1b[Kthis\x1b[m\x1b[K->taskMsg);\n'}
[16.743527] (workspace_gz) StderrLine: {'line': b'      |                           \x1b[01;31m\x1b[K^~~~\x1b[m\x1b[K\n'}
[16.743600] (workspace_gz) StderrLine: {'line': b'\x1b[01m\x1b[K/home/aliomacc/sti_usv/src/usv_sim/workspace_gz/plugins/ScoringPlugin.cc:336:5:\x1b[m\x1b[K \x1b[01;31m\x1b[Kerror: \x1b[m\x1b[Kinvalid use of \xe2\x80\x98\x1b[01m\x1b[Kthis\x1b[m\x1b[K\xe2\x80\x99 in non-member function\n'}
[16.743691] (workspace_gz) StderrLine: {'line': b'  336 |     \x1b[01;31m\x1b[Kthis\x1b[m\x1b[K->lastStatsSent = this->currentTime;\n'}
[16.743785] (workspace_gz) StderrLine: {'line': b'      |     \x1b[01;31m\x1b[K^~~~\x1b[m\x1b[K\n'}
[16.743860] (workspace_gz) StderrLine: {'line': b'\x1b[01m\x1b[K/home/aliomacc/sti_usv/src/usv_sim/workspace_gz/plugins/ScoringPlugin.cc:336:27:\x1b[m\x1b[K \x1b[01;31m\x1b[Kerror: \x1b[m\x1b[Kinvalid use of \xe2\x80\x98\x1b[01m\x1b[Kthis\x1b[m\x1b[K\xe2\x80\x99 in non-member function\n'}
[16.743936] (workspace_gz) StderrLine: {'line': b'  336 |     this->lastStatsSent = \x1b[01;31m\x1b[Kthis\x1b[m\x1b[K->currentTime;\n'}
[16.744010] (workspace_gz) StderrLine: {'line': b'      |                           \x1b[01;31m\x1b[K^~~~\x1b[m\x1b[K\n'}
[16.744084] (workspace_gz) StderrLine: {'line': b'\x1b[01m\x1b[K/home/aliomacc/sti_usv/src/usv_sim/workspace_gz/plugins/ScoringPlugin.cc:\x1b[m\x1b[K At global scope:\n'}
[16.744178] (workspace_gz) StderrLine: {'line': b'\x1b[01m\x1b[K/home/aliomacc/sti_usv/src/usv_sim/workspace_gz/plugins/ScoringPlugin.cc:341:21:\x1b[m\x1b[K \x1b[01;31m\x1b[Kerror: \x1b[m\x1b[K\xe2\x80\x98\x1b[01m\x1b[Kvrx::ScoringPlugin::Implementation\x1b[m\x1b[K\xe2\x80\x99 has not been declared\n'}
[16.744259] (workspace_gz) StderrLine: {'line': b'  341 | void ScoringPlugin::\x1b[01;31m\x1b[KImplementation\x1b[m\x1b[K::Exit()\n'}
[16.744333] (workspace_gz) StderrLine: {'line': b'      |                     \x1b[01;31m\x1b[K^~~~~~~~~~~~~~\x1b[m\x1b[K\n'}
[16.744423] (workspace_gz) StderrLine: {'line': b'\x1b[01m\x1b[K/home/aliomacc/sti_usv/src/usv_sim/workspace_gz/plugins/ScoringPlugin.cc:\x1b[m\x1b[K In function \xe2\x80\x98\x1b[01m\x1b[Kvoid Exit()\x1b[m\x1b[K\xe2\x80\x99:\n'}
[16.744566] (workspace_gz) StderrLine: {'line': b'\x1b[01m\x1b[K/home/aliomacc/sti_usv/src/usv_sim/workspace_gz/plugins/ScoringPlugin.cc:343:15:\x1b[m\x1b[K \x1b[01;31m\x1b[Kerror: \x1b[m\x1b[Kinvalid use of \xe2\x80\x98\x1b[01m\x1b[Kthis\x1b[m\x1b[K\xe2\x80\x99 in non-member function\n'}
[16.744743] (workspace_gz) StderrLine: {'line': b'  343 |   bool exit = \x1b[01;31m\x1b[Kthis\x1b[m\x1b[K->perPluginExitOnCompletion;\n'}
[16.744876] (workspace_gz) StderrLine: {'line': b'      |               \x1b[01;31m\x1b[K^~~~\x1b[m\x1b[K\n'}
[16.745110] (workspace_gz) StderrLine: {'line': b'\x1b[01m\x1b[K/home/aliomacc/sti_usv/src/usv_sim/workspace_gz/plugins/ScoringPlugin.cc:355:5:\x1b[m\x1b[K \x1b[01;31m\x1b[Kerror: \x1b[m\x1b[Kinvalid use of \xe2\x80\x98\x1b[01m\x1b[Kthis\x1b[m\x1b[K\xe2\x80\x99 in non-member function\n'}
[16.745248] (workspace_gz) StderrLine: {'line': b'  355 |     \x1b[01;31m\x1b[Kthis\x1b[m\x1b[K->eventManager->Emit<sim::events::Stop>();\n'}
[16.745340] (workspace_gz) StderrLine: {'line': b'      |     \x1b[01;31m\x1b[K^~~~\x1b[m\x1b[K\n'}
[16.745417] (workspace_gz) StderrLine: {'line': b'\x1b[01m\x1b[K/home/aliomacc/sti_usv/src/usv_sim/workspace_gz/plugins/ScoringPlugin.cc:355:47:\x1b[m\x1b[K \x1b[01;31m\x1b[Kerror: \x1b[m\x1b[Kexpected primary-expression before \xe2\x80\x98\x1b[01m\x1b[K>\x1b[m\x1b[K\xe2\x80\x99 token\n'}
[16.745543] (workspace_gz) StderrLine: {'line': b'  355 |     this->eventManager->Emit<sim::events::Stop\x1b[01;31m\x1b[K>\x1b[m\x1b[K();\n'}
[16.745686] (workspace_gz) StderrLine: {'line': b'      |                                               \x1b[01;31m\x1b[K^\x1b[m\x1b[K\n'}
[16.745927] (workspace_gz) StderrLine: {'line': b'\x1b[01m\x1b[K/home/aliomacc/sti_usv/src/usv_sim/workspace_gz/plugins/ScoringPlugin.cc:355:49:\x1b[m\x1b[K \x1b[01;31m\x1b[Kerror: \x1b[m\x1b[Kexpected primary-expression before \xe2\x80\x98\x1b[01m\x1b[K)\x1b[m\x1b[K\xe2\x80\x99 token\n'}
[16.746072] (workspace_gz) StderrLine: {'line': b'  355 |     this->eventManager->Emit<sim::events::Stop>(\x1b[01;31m\x1b[K)\x1b[m\x1b[K;\n'}
[16.746223] (workspace_gz) StderrLine: {'line': b'      |                                                 \x1b[01;31m\x1b[K^\x1b[m\x1b[K\n'}
[16.746313] (workspace_gz) StderrLine: {'line': b'\x1b[01m\x1b[K/home/aliomacc/sti_usv/src/usv_sim/workspace_gz/plugins/ScoringPlugin.cc:359:5:\x1b[m\x1b[K \x1b[01;31m\x1b[Kerror: \x1b[m\x1b[K\xe2\x80\x98\x1b[01m\x1b[Kgzerr\x1b[m\x1b[K\xe2\x80\x99 was not declared in this scope\n'}
[16.746431] (workspace_gz) StderrLine: {'line': b'  359 |     \x1b[01;31m\x1b[Kgzerr\x1b[m\x1b[K << "VRX_EXIT_ON_COMPLETION and <per_plugin_exit_on_completion> "\n'}
[16.746519] (workspace_gz) StderrLine: {'line': b'      |     \x1b[01;31m\x1b[K^~~~~\x1b[m\x1b[K\n'}
[16.746603] (workspace_gz) StderrLine: {'line': b'\x1b[01m\x1b[K/home/aliomacc/sti_usv/src/usv_sim/workspace_gz/plugins/ScoringPlugin.cc:\x1b[m\x1b[K In constructor \xe2\x80\x98\x1b[01m\x1b[Kvrx::ScoringPlugin::ScoringPlugin()\x1b[m\x1b[K\xe2\x80\x99:\n'}
[16.746752] (workspace_gz) StderrLine: {'line': b'\x1b[01m\x1b[K/home/aliomacc/sti_usv/src/usv_sim/workspace_gz/plugins/ScoringPlugin.cc:368:15:\x1b[m\x1b[K \x1b[01;31m\x1b[Kerror: \x1b[m\x1b[Kclass \xe2\x80\x98\x1b[01m\x1b[Kvrx::ScoringPlugin\x1b[m\x1b[K\xe2\x80\x99 does not have any field named \xe2\x80\x98\x1b[01m\x1b[KdataPtr\x1b[m\x1b[K\xe2\x80\x99\n'}
[16.746873] (workspace_gz) StderrLine: {'line': b'  368 |   : System(), \x1b[01;31m\x1b[KdataPtr\x1b[m\x1b[K(utils::MakeUniqueImpl<Implementation>())\n'}
[16.746959] (workspace_gz) StderrLine: {'line': b'      |               \x1b[01;31m\x1b[K^~~~~~~\x1b[m\x1b[K\n'}
[16.760268] (workspace_gz) StderrLine: {'line': b'\x1b[01m\x1b[K/home/aliomacc/sti_usv/src/usv_sim/workspace_gz/plugins/ScoringPlugin.cc:368:45:\x1b[m\x1b[K \x1b[01;31m\x1b[Kerror: \x1b[m\x1b[K\xe2\x80\x98\x1b[01m\x1b[KImplementation\x1b[m\x1b[K\xe2\x80\x99 was not declared in this scope\n'}
[16.760545] (workspace_gz) StderrLine: {'line': b'  368 |   : System(), dataPtr(utils::MakeUniqueImpl<\x1b[01;31m\x1b[KImplementation\x1b[m\x1b[K>())\n'}
[16.760630] (workspace_gz) StderrLine: {'line': b'      |                                             \x1b[01;31m\x1b[K^~~~~~~~~~~~~~\x1b[m\x1b[K\n'}
[16.760727] (workspace_gz) StderrLine: {'line': b'\x1b[01m\x1b[K/home/aliomacc/sti_usv/src/usv_sim/workspace_gz/plugins/ScoringPlugin.cc:368:60:\x1b[m\x1b[K \x1b[01;31m\x1b[Kerror: \x1b[m\x1b[Kno matching function for call to \xe2\x80\x98\x1b[01m\x1b[KMakeUniqueImpl<<expression error> >()\x1b[m\x1b[K\xe2\x80\x99\n'}
[16.760808] (workspace_gz) StderrLine: {'line': b'  368 |   : System(), dataPtr(\x1b[01;31m\x1b[Kutils::MakeUniqueImpl<Implementation>()\x1b[m\x1b[K)\n'}
[16.760927] (workspace_gz) StderrLine: {'line': b'      |                       \x1b[01;31m\x1b[K~~~~~~~~~~~~~~~~~~~~~~~~~~~~~~~~~~~~~^~\x1b[m\x1b[K\n'}
[16.761012] (workspace_gz) StderrLine: {'line': b'In file included from \x1b[01m\x1b[K/usr/include/ignition/utils1/gz/utils/ImplPtr.hh:259\x1b[m\x1b[K,\n'}
[16.761092] (workspace_gz) StderrLine: {'line': b'                 from \x1b[01m\x1b[K/usr/include/ignition/sdformat12/sdf/PrintConfig.hh:21\x1b[m\x1b[K,\n'}
[16.761170] (workspace_gz) StderrLine: {'line': b'                 from \x1b[01m\x1b[K/usr/include/ignition/sdformat12/sdf/Param.hh:39\x1b[m\x1b[K,\n'}
[16.761248] (workspace_gz) StderrLine: {'line': b'                 from \x1b[01m\x1b[K/usr/include/ignition/sdformat12/sdf/Element.hh:28\x1b[m\x1b[K,\n'}
[16.761325] (workspace_gz) StderrLine: {'line': b'                 from \x1b[01m\x1b[K/usr/include/ignition/gazebo6/gz/sim/Events.hh:20\x1b[m\x1b[K,\n'}
[16.761402] (workspace_gz) StderrLine: {'line': b'                 from \x1b[01m\x1b[K/home/aliomacc/sti_usv/src/usv_sim/workspace_gz/plugins/ScoringPlugin.cc:25\x1b[m\x1b[K:\n'}
[16.761481] (workspace_gz) StderrLine: {'line': b'\x1b[01m\x1b[K/usr/include/ignition/utils1/gz/utils/detail/ImplPtr.hh:142:22:\x1b[m\x1b[K \x1b[01;36m\x1b[Knote: \x1b[m\x1b[Kcandidate: \xe2\x80\x98\x1b[01m\x1b[Ktemplate<class T, class ... Args> ignition::utils::UniqueImplPtr<T> ignition::utils::MakeUniqueImpl(Args&& ...)\x1b[m\x1b[K\xe2\x80\x99\n'}
[16.761561] (workspace_gz) StderrLine: {'line': b'  142 |     UniqueImplPtr<T> \x1b[01;36m\x1b[KMakeUniqueImpl\x1b[m\x1b[K(Args &&...args)\n'}
[16.761641] (workspace_gz) StderrLine: {'line': b'      |                      \x1b[01;36m\x1b[K^~~~~~~~~~~~~~\x1b[m\x1b[K\n'}
[16.761894] (workspace_gz) StderrLine: {'line': b'\x1b[01m\x1b[K/usr/include/ignition/utils1/gz/utils/detail/ImplPtr.hh:142:22:\x1b[m\x1b[K \x1b[01;36m\x1b[Knote: \x1b[m\x1b[K  template argument deduction/substitution failed:\n'}
[16.761994] (workspace_gz) StderrLine: {'line': b'\x1b[01m\x1b[K/home/aliomacc/sti_usv/src/usv_sim/workspace_gz/plugins/ScoringPlugin.cc:368:60:\x1b[m\x1b[K \x1b[01;31m\x1b[Kerror: \x1b[m\x1b[Ktemplate argument 1 is invalid\n'}
[16.762160] (workspace_gz) StderrLine: {'line': b'  368 |   : System(), dataPtr(\x1b[01;31m\x1b[Kutils::MakeUniqueImpl<Implementation>()\x1b[m\x1b[K)\n'}
[16.762277] (workspace_gz) StderrLine: {'line': b'      |                       \x1b[01;31m\x1b[K~~~~~~~~~~~~~~~~~~~~~~~~~~~~~~~~~~~~~^~\x1b[m\x1b[K\n'}
[16.762393] (workspace_gz) StderrLine: {'line': b'\x1b[01m\x1b[K/home/aliomacc/sti_usv/src/usv_sim/workspace_gz/plugins/ScoringPlugin.cc:\x1b[m\x1b[K In member function \xe2\x80\x98\x1b[01m\x1b[Kvirtual void vrx::ScoringPlugin::Configure(const Entity&, const std::shared_ptr<const sdf::v12::Element>&, ignition::gazebo::v6::EntityComponentManager&, ignition::gazebo::v6::EventManager&)\x1b[m\x1b[K\xe2\x80\x99:\n'}
[16.762543] (workspace_gz) StderrLine: {'line': b'\x1b[01m\x1b[K/home/aliomacc/sti_usv/src/usv_sim/workspace_gz/plugins/ScoringPlugin.cc:378:9:\x1b[m\x1b[K \x1b[01;31m\x1b[Kerror: \x1b[m\x1b[K\xe2\x80\x98\x1b[01m\x1b[Kclass vrx::ScoringPlugin\x1b[m\x1b[K\xe2\x80\x99 has no member named \xe2\x80\x98\x1b[01m\x1b[KdataPtr\x1b[m\x1b[K\xe2\x80\x99\n'}
[16.762633] (workspace_gz) StderrLine: {'line': b'  378 |   this->\x1b[01;31m\x1b[KdataPtr\x1b[m\x1b[K->sdf = _sdf->Clone();\n'}
[16.762795] (workspace_gz) StderrLine: {'line': b'      |         \x1b[01;31m\x1b[K^~~~~~~\x1b[m\x1b[K\n'}
[16.767373] (workspace_gz) StderrLine: {'line': b'\x1b[01m\x1b[K/home/aliomacc/sti_usv/src/usv_sim/workspace_gz/plugins/ScoringPlugin.cc:379:9:\x1b[m\x1b[K \x1b[01;31m\x1b[Kerror: \x1b[m\x1b[K\xe2\x80\x98\x1b[01m\x1b[Kclass vrx::ScoringPlugin\x1b[m\x1b[K\xe2\x80\x99 has no member named \xe2\x80\x98\x1b[01m\x1b[KdataPtr\x1b[m\x1b[K\xe2\x80\x99\n'}
[16.767924] (workspace_gz) StderrLine: {'line': b'  379 |   this->\x1b[01;31m\x1b[KdataPtr\x1b[m\x1b[K->eventManager = &_eventMgr;\n'}
[16.768203] (workspace_gz) StderrLine: {'line': b'      |         \x1b[01;31m\x1b[K^~~~~~~\x1b[m\x1b[K\n'}
[16.768411] (workspace_gz) StderrLine: {'line': b'\x1b[01m\x1b[K/home/aliomacc/sti_usv/src/usv_sim/workspace_gz/plugins/ScoringPlugin.cc:382:14:\x1b[m\x1b[K \x1b[01;31m\x1b[Kerror: \x1b[m\x1b[K\xe2\x80\x98\x1b[01m\x1b[Kclass vrx::ScoringPlugin\x1b[m\x1b[K\xe2\x80\x99 has no member named \xe2\x80\x98\x1b[01m\x1b[KdataPtr\x1b[m\x1b[K\xe2\x80\x99\n'}
[16.768794] (workspace_gz) StderrLine: {'line': b'  382 |   if (!this->\x1b[01;31m\x1b[KdataPtr\x1b[m\x1b[K->ParseSDFParameters())\n'}
[16.769058] (workspace_gz) StderrLine: {'line': b'      |              \x1b[01;31m\x1b[K^~~~~~~\x1b[m\x1b[K\n'}
[16.778495] (workspace_gz) StderrLine: {'line': b'\x1b[01m\x1b[K/home/aliomacc/sti_usv/src/usv_sim/workspace_gz/plugins/ScoringPlugin.cc:384:5:\x1b[m\x1b[K \x1b[01;31m\x1b[Kerror: \x1b[m\x1b[K\xe2\x80\x98\x1b[01m\x1b[Kgzerr\x1b[m\x1b[K\xe2\x80\x99 was not declared in this scope\n'}
[16.779242] (workspace_gz) StderrLine: {'line': b'  384 |     \x1b[01;31m\x1b[Kgzerr\x1b[m\x1b[K << "Scoring disabled" << std::endl;\n'}
[16.779779] (workspace_gz) StderrLine: {'line': b'      |     \x1b[01;31m\x1b[K^~~~~\x1b[m\x1b[K\n'}
[16.780162] (workspace_gz) StderrLine: {'line': b'\x1b[01m\x1b[K/home/aliomacc/sti_usv/src/usv_sim/workspace_gz/plugins/ScoringPlugin.cc:388:9:\x1b[m\x1b[K \x1b[01;31m\x1b[Kerror: \x1b[m\x1b[K\xe2\x80\x98\x1b[01m\x1b[Kclass vrx::ScoringPlugin\x1b[m\x1b[K\xe2\x80\x99 has no member named \xe2\x80\x98\x1b[01m\x1b[KdataPtr\x1b[m\x1b[K\xe2\x80\x99\n'}
[16.780321] (workspace_gz) StderrLine: {'line': b'  388 |   this->\x1b[01;31m\x1b[KdataPtr\x1b[m\x1b[K->readyTime =\n'}
[16.780434] (workspace_gz) StderrLine: {'line': b'      |         \x1b[01;31m\x1b[K^~~~~~~\x1b[m\x1b[K\n'}
[16.780581] (workspace_gz) StderrLine: {'line': b'\x1b[01m\x1b[K/home/aliomacc/sti_usv/src/usv_sim/workspace_gz/plugins/ScoringPlugin.cc:389:41:\x1b[m\x1b[K \x1b[01;31m\x1b[Kerror: \x1b[m\x1b[K\xe2\x80\x98\x1b[01m\x1b[Kclass vrx::ScoringPlugin\x1b[m\x1b[K\xe2\x80\x99 has no member named \xe2\x80\x98\x1b[01m\x1b[KdataPtr\x1b[m\x1b[K\xe2\x80\x99\n'}
[16.780830] (workspace_gz) StderrLine: {'line': b'  389 |     std::chrono::duration<double>(this->\x1b[01;31m\x1b[KdataPtr\x1b[m\x1b[K->initialStateDuration);\n'}
[16.781308] (workspace_gz) StderrLine: {'line': b'      |                                         \x1b[01;31m\x1b[K^~~~~~~\x1b[m\x1b[K\n'}
[16.781421] (workspace_gz) StderrLine: {'line': b'\x1b[01m\x1b[K/home/aliomacc/sti_usv/src/usv_sim/workspace_gz/plugins/ScoringPlugin.cc:390:9:\x1b[m\x1b[K \x1b[01;31m\x1b[Kerror: \x1b[m\x1b[K\xe2\x80\x98\x1b[01m\x1b[Kclass vrx::ScoringPlugin\x1b[m\x1b[K\xe2\x80\x99 has no member named \xe2\x80\x98\x1b[01m\x1b[KdataPtr\x1b[m\x1b[K\xe2\x80\x99\n'}
[16.781524] (workspace_gz) StderrLine: {'line': b'  390 |   this->\x1b[01;31m\x1b[KdataPtr\x1b[m\x1b[K->runningTime = this->dataPtr->readyTime +\n'}
[16.781624] (workspace_gz) StderrLine: {'line': b'      |         \x1b[01;31m\x1b[K^~~~~~~\x1b[m\x1b[K\n'}
[16.781845] (workspace_gz) StderrLine: {'line': b'\x1b[01m\x1b[K/home/aliomacc/sti_usv/src/usv_sim/workspace_gz/plugins/ScoringPlugin.cc:390:38:\x1b[m\x1b[K \x1b[01;31m\x1b[Kerror: \x1b[m\x1b[K\xe2\x80\x98\x1b[01m\x1b[Kclass vrx::ScoringPlugin\x1b[m\x1b[K\xe2\x80\x99 has no member named \xe2\x80\x98\x1b[01m\x1b[KdataPtr\x1b[m\x1b[K\xe2\x80\x99\n'}
[16.782043] (workspace_gz) StderrLine: {'line': b'  390 |   this->dataPtr->runningTime = this->\x1b[01;31m\x1b[KdataPtr\x1b[m\x1b[K->readyTime +\n'}
[16.782336] (workspace_gz) StderrLine: {'line': b'      |                                      \x1b[01;31m\x1b[K^~~~~~~\x1b[m\x1b[K\n'}
[16.782644] (workspace_gz) StderrLine: {'line': b'\x1b[01m\x1b[K/home/aliomacc/sti_usv/src/usv_sim/workspace_gz/plugins/ScoringPlugin.cc:391:41:\x1b[m\x1b[K \x1b[01;31m\x1b[Kerror: \x1b[m\x1b[K\xe2\x80\x98\x1b[01m\x1b[Kclass vrx::ScoringPlugin\x1b[m\x1b[K\xe2\x80\x99 has no member named \xe2\x80\x98\x1b[01m\x1b[KdataPtr\x1b[m\x1b[K\xe2\x80\x99\n'}
[16.782993] (workspace_gz) StderrLine: {'line': b'  391 |     std::chrono::duration<double>(this->\x1b[01;31m\x1b[KdataPtr\x1b[m\x1b[K->readyStateDuration);\n'}
[16.783202] (workspace_gz) StderrLine: {'line': b'      |                                         \x1b[01;31m\x1b[K^~~~~~~\x1b[m\x1b[K\n'}
[16.783315] (workspace_gz) StderrLine: {'line': b'\x1b[01m\x1b[K/home/aliomacc/sti_usv/src/usv_sim/workspace_gz/plugins/ScoringPlugin.cc:392:9:\x1b[m\x1b[K \x1b[01;31m\x1b[Kerror: \x1b[m\x1b[K\xe2\x80\x98\x1b[01m\x1b[Kclass vrx::ScoringPlugin\x1b[m\x1b[K\xe2\x80\x99 has no member named \xe2\x80\x98\x1b[01m\x1b[KdataPtr\x1b[m\x1b[K\xe2\x80\x99\n'}
[16.783450] (workspace_gz) StderrLine: {'line': b'  392 |   this->\x1b[01;31m\x1b[KdataPtr\x1b[m\x1b[K->finishTime = this->dataPtr->runningTime +\n'}
[16.783791] (workspace_gz) StderrLine: {'line': b'      |         \x1b[01;31m\x1b[K^~~~~~~\x1b[m\x1b[K\n'}
[16.783944] (workspace_gz) StderrLine: {'line': b'\x1b[01m\x1b[K/home/aliomacc/sti_usv/src/usv_sim/workspace_gz/plugins/ScoringPlugin.cc:392:37:\x1b[m\x1b[K \x1b[01;31m\x1b[Kerror: \x1b[m\x1b[K\xe2\x80\x98\x1b[01m\x1b[Kclass vrx::ScoringPlugin\x1b[m\x1b[K\xe2\x80\x99 has no member named \xe2\x80\x98\x1b[01m\x1b[KdataPtr\x1b[m\x1b[K\xe2\x80\x99\n'}
[16.784054] (workspace_gz) StderrLine: {'line': b'  392 |   this->dataPtr->finishTime = this->\x1b[01;31m\x1b[KdataPtr\x1b[m\x1b[K->runningTime +\n'}
[16.784143] (workspace_gz) StderrLine: {'line': b'      |                                     \x1b[01;31m\x1b[K^~~~~~~\x1b[m\x1b[K\n'}
[16.784241] (workspace_gz) StderrLine: {'line': b'\x1b[01m\x1b[K/home/aliomacc/sti_usv/src/usv_sim/workspace_gz/plugins/ScoringPlugin.cc:393:41:\x1b[m\x1b[K \x1b[01;31m\x1b[Kerror: \x1b[m\x1b[K\xe2\x80\x98\x1b[01m\x1b[Kclass vrx::ScoringPlugin\x1b[m\x1b[K\xe2\x80\x99 has no member named \xe2\x80\x98\x1b[01m\x1b[KdataPtr\x1b[m\x1b[K\xe2\x80\x99\n'}
[16.784330] (workspace_gz) StderrLine: {'line': b'  393 |     std::chrono::duration<double>(this->\x1b[01;31m\x1b[KdataPtr\x1b[m\x1b[K->runningStateDuration);\n'}
[16.784510] (workspace_gz) StderrLine: {'line': b'      |                                         \x1b[01;31m\x1b[K^~~~~~~\x1b[m\x1b[K\n'}
[16.784706] (workspace_gz) StderrLine: {'line': b'\x1b[01m\x1b[K/home/aliomacc/sti_usv/src/usv_sim/workspace_gz/plugins/ScoringPlugin.cc:394:9:\x1b[m\x1b[K \x1b[01;31m\x1b[Kerror: \x1b[m\x1b[K\xe2\x80\x98\x1b[01m\x1b[Kclass vrx::ScoringPlugin\x1b[m\x1b[K\xe2\x80\x99 has no member named \xe2\x80\x98\x1b[01m\x1b[KdataPtr\x1b[m\x1b[K\xe2\x80\x99\n'}
[16.785028] (workspace_gz) StderrLine: {'line': b'  394 |   this->\x1b[01;31m\x1b[KdataPtr\x1b[m\x1b[K->exitTime = this->dataPtr->finishTime +\n'}
[16.785322] (workspace_gz) StderrLine: {'line': b'      |         \x1b[01;31m\x1b[K^~~~~~~\x1b[m\x1b[K\n'}
[16.785498] (workspace_gz) StderrLine: {'line': b'\x1b[01m\x1b[K/home/aliomacc/sti_usv/src/usv_sim/workspace_gz/plugins/ScoringPlugin.cc:394:35:\x1b[m\x1b[K \x1b[01;31m\x1b[Kerror: \x1b[m\x1b[K\xe2\x80\x98\x1b[01m\x1b[Kclass vrx::ScoringPlugin\x1b[m\x1b[K\xe2\x80\x99 has no member named \xe2\x80\x98\x1b[01m\x1b[KdataPtr\x1b[m\x1b[K\xe2\x80\x99\n'}
[16.785619] (workspace_gz) StderrLine: {'line': b'  394 |   this->dataPtr->exitTime = this->\x1b[01;31m\x1b[KdataPtr\x1b[m\x1b[K->finishTime +\n'}
[16.785796] (workspace_gz) StderrLine: {'line': b'      |                                   \x1b[01;31m\x1b[K^~~~~~~\x1b[m\x1b[K\n'}
[16.785967] (workspace_gz) StderrLine: {'line': b'\x1b[01m\x1b[K/home/aliomacc/sti_usv/src/usv_sim/workspace_gz/plugins/ScoringPlugin.cc:395:41:\x1b[m\x1b[K \x1b[01;31m\x1b[Kerror: \x1b[m\x1b[K\xe2\x80\x98\x1b[01m\x1b[Kclass vrx::ScoringPlugin\x1b[m\x1b[K\xe2\x80\x99 has no member named \xe2\x80\x98\x1b[01m\x1b[KdataPtr\x1b[m\x1b[K\xe2\x80\x99\n'}
[16.786158] (workspace_gz) StderrLine: {'line': b'  395 |     std::chrono::duration<double>(this->\x1b[01;31m\x1b[KdataPtr\x1b[m\x1b[K->exitDelay);\n'}
[16.786427] (workspace_gz) StderrLine: {'line': b'      |                                         \x1b[01;31m\x1b[K^~~~~~~\x1b[m\x1b[K\n'}
[16.786628] (workspace_gz) StderrLine: {'line': b'\x1b[01m\x1b[K/home/aliomacc/sti_usv/src/usv_sim/workspace_gz/plugins/ScoringPlugin.cc:398:23:\x1b[m\x1b[K \x1b[01;31m\x1b[Kerror: \x1b[m\x1b[K\xe2\x80\x98\x1b[01m\x1b[Kclass vrx::ScoringPlugin\x1b[m\x1b[K\xe2\x80\x99 has no member named \xe2\x80\x98\x1b[01m\x1b[KdataPtr\x1b[m\x1b[K\xe2\x80\x99\n'}
[16.786907] (workspace_gz) StderrLine: {'line': b'  398 |   auto *param = this->\x1b[01;31m\x1b[KdataPtr\x1b[m\x1b[K->taskMsg.mutable_params();\n'}
[16.787113] (workspace_gz) StderrLine: {'line': b'      |                       \x1b[01;31m\x1b[K^~~~~~~\x1b[m\x1b[K\n'}
[16.787297] (workspace_gz) StderrLine: {'line': b'\x1b[01m\x1b[K/home/aliomacc/sti_usv/src/usv_sim/workspace_gz/plugins/ScoringPlugin.cc:402:36:\x1b[m\x1b[K \x1b[01;31m\x1b[Kerror: \x1b[m\x1b[K\xe2\x80\x98\x1b[01m\x1b[Kclass vrx::ScoringPlugin\x1b[m\x1b[K\xe2\x80\x99 has no member named \xe2\x80\x98\x1b[01m\x1b[KdataPtr\x1b[m\x1b[K\xe2\x80\x99\n'}
[16.787506] (workspace_gz) StderrLine: {'line': b'  402 |   nameValue.set_string_value(this->\x1b[01;31m\x1b[KdataPtr\x1b[m\x1b[K->taskName);\n'}
[16.787619] (workspace_gz) StderrLine: {'line': b'      |                                    \x1b[01;31m\x1b[K^~~~~~~\x1b[m\x1b[K\n'}
[16.787772] (workspace_gz) StderrLine: {'line': b'\x1b[01m\x1b[K/home/aliomacc/sti_usv/src/usv_sim/workspace_gz/plugins/ScoringPlugin.cc:411:41:\x1b[m\x1b[K \x1b[01;31m\x1b[Kerror: \x1b[m\x1b[K\xe2\x80\x98\x1b[01m\x1b[Kclass vrx::ScoringPlugin\x1b[m\x1b[K\xe2\x80\x99 has no member named \xe2\x80\x98\x1b[01m\x1b[KdataPtr\x1b[m\x1b[K\xe2\x80\x99\n'}
[16.787886] (workspace_gz) StderrLine: {'line': b'  411 |   readyTimeValue.set_double_value(this->\x1b[01;31m\x1b[KdataPtr\x1b[m\x1b[K->readyTime.count());\n'}
[16.787970] (workspace_gz) StderrLine: {'line': b'      |                                         \x1b[01;31m\x1b[K^~~~~~~\x1b[m\x1b[K\n'}
[16.788048] (workspace_gz) StderrLine: {'line': b'\x1b[01m\x1b[K/home/aliomacc/sti_usv/src/usv_sim/workspace_gz/plugins/ScoringPlugin.cc:416:43:\x1b[m\x1b[K \x1b[01;31m\x1b[Kerror: \x1b[m\x1b[K\xe2\x80\x98\x1b[01m\x1b[Kclass vrx::ScoringPlugin\x1b[m\x1b[K\xe2\x80\x99 has no member named \xe2\x80\x98\x1b[01m\x1b[KdataPtr\x1b[m\x1b[K\xe2\x80\x99\n'}
[16.788122] (workspace_gz) StderrLine: {'line': b'  416 |   runningTimeValue.set_double_value(this->\x1b[01;31m\x1b[KdataPtr\x1b[m\x1b[K->runningTime.count());\n'}
[16.788192] (workspace_gz) StderrLine: {'line': b'      |                                           \x1b[01;31m\x1b[K^~~~~~~\x1b[m\x1b[K\n'}
[16.788262] (workspace_gz) StderrLine: {'line': b'\x1b[01m\x1b[K/home/aliomacc/sti_usv/src/usv_sim/workspace_gz/plugins/ScoringPlugin.cc:439:9:\x1b[m\x1b[K \x1b[01;31m\x1b[Kerror: \x1b[m\x1b[K\xe2\x80\x98\x1b[01m\x1b[Kclass vrx::ScoringPlugin\x1b[m\x1b[K\xe2\x80\x99 has no member named \xe2\x80\x98\x1b[01m\x1b[KdataPtr\x1b[m\x1b[K\xe2\x80\x99\n'}
[16.788342] (workspace_gz) StderrLine: {'line': b'  439 |   this->\x1b[01;31m\x1b[KdataPtr\x1b[m\x1b[K->UpdateTaskMessage();\n'}
[16.788411] (workspace_gz) StderrLine: {'line': b'      |         \x1b[01;31m\x1b[K^~~~~~~\x1b[m\x1b[K\n'}
[16.788480] (workspace_gz) StderrLine: {'line': b'\x1b[01m\x1b[K/home/aliomacc/sti_usv/src/usv_sim/workspace_gz/plugins/ScoringPlugin.cc:441:9:\x1b[m\x1b[K \x1b[01;31m\x1b[Kerror: \x1b[m\x1b[K\xe2\x80\x98\x1b[01m\x1b[Kclass vrx::ScoringPlugin\x1b[m\x1b[K\xe2\x80\x99 has no member named \xe2\x80\x98\x1b[01m\x1b[KdataPtr\x1b[m\x1b[K\xe2\x80\x99\n'}
[16.788556] (workspace_gz) StderrLine: {'line': b'  441 |   this->\x1b[01;31m\x1b[KdataPtr\x1b[m\x1b[K->taskPub = this->dataPtr->node.Advertise<msgs::Param>(\n'}
[16.788625] (workspace_gz) StderrLine: {'line': b'      |         \x1b[01;31m\x1b[K^~~~~~~\x1b[m\x1b[K\n'}
[16.788719] (workspace_gz) StderrLine: {'line': b'\x1b[01m\x1b[K/home/aliomacc/sti_usv/src/usv_sim/workspace_gz/plugins/ScoringPlugin.cc:441:34:\x1b[m\x1b[K \x1b[01;31m\x1b[Kerror: \x1b[m\x1b[K\xe2\x80\x98\x1b[01m\x1b[Kclass vrx::ScoringPlugin\x1b[m\x1b[K\xe2\x80\x99 has no member named \xe2\x80\x98\x1b[01m\x1b[KdataPtr\x1b[m\x1b[K\xe2\x80\x99\n'}
[16.788796] (workspace_gz) StderrLine: {'line': b'  441 |   this->dataPtr->taskPub = this->\x1b[01;31m\x1b[KdataPtr\x1b[m\x1b[K->node.Advertise<msgs::Param>(\n'}
[16.788864] (workspace_gz) StderrLine: {'line': b'      |                                  \x1b[01;31m\x1b[K^~~~~~~\x1b[m\x1b[K\n'}
[16.788932] (workspace_gz) StderrLine: {'line': b'\x1b[01m\x1b[K/home/aliomacc/sti_usv/src/usv_sim/workspace_gz/plugins/ScoringPlugin.cc:441:69:\x1b[m\x1b[K \x1b[01;31m\x1b[Kerror: \x1b[m\x1b[Kexpected primary-expression before \xe2\x80\x98\x1b[01m\x1b[K>\x1b[m\x1b[K\xe2\x80\x99 token\n'}
[16.789003] (workspace_gz) StderrLine: {'line': b'  441 |   this->dataPtr->taskPub = this->dataPtr->node.Advertise<msgs::Param\x1b[01;31m\x1b[K>\x1b[m\x1b[K(\n'}
[16.789070] (workspace_gz) StderrLine: {'line': b'      |                                                                     \x1b[01;31m\x1b[K^\x1b[m\x1b[K\n'}
[16.789138] (workspace_gz) StderrLine: {'line': b'\x1b[01m\x1b[K/home/aliomacc/sti_usv/src/usv_sim/workspace_gz/plugins/ScoringPlugin.cc:442:11:\x1b[m\x1b[K \x1b[01;31m\x1b[Kerror: \x1b[m\x1b[K\xe2\x80\x98\x1b[01m\x1b[Kclass vrx::ScoringPlugin\x1b[m\x1b[K\xe2\x80\x99 has no member named \xe2\x80\x98\x1b[01m\x1b[KdataPtr\x1b[m\x1b[K\xe2\x80\x99\n'}
[16.789207] (workspace_gz) StderrLine: {'line': b'  442 |     this->\x1b[01;31m\x1b[KdataPtr\x1b[m\x1b[K->taskInfoTopic);\n'}
[16.789283] (workspace_gz) StderrLine: {'line': b'      |           \x1b[01;31m\x1b[K^~~~~~~\x1b[m\x1b[K\n'}
[16.789351] (workspace_gz) StderrLine: {'line': b'\x1b[01m\x1b[K/home/aliomacc/sti_usv/src/usv_sim/workspace_gz/plugins/ScoringPlugin.cc:444:9:\x1b[m\x1b[K \x1b[01;31m\x1b[Kerror: \x1b[m\x1b[K\xe2\x80\x98\x1b[01m\x1b[Kclass vrx::ScoringPlugin\x1b[m\x1b[K\xe2\x80\x99 has no member named \xe2\x80\x98\x1b[01m\x1b[KdataPtr\x1b[m\x1b[K\xe2\x80\x99\n'}
[16.789420] (workspace_gz) StderrLine: {'line': b'  444 |   this->\x1b[01;31m\x1b[KdataPtr\x1b[m\x1b[K->releasePub = this->dataPtr->node.Advertise<msgs::Empty>(\n'}
[16.789487] (workspace_gz) StderrLine: {'line': b'      |         \x1b[01;31m\x1b[K^~~~~~~\x1b[m\x1b[K\n'}
[16.789554] (workspace_gz) StderrLine: {'line': b'\x1b[01m\x1b[K/home/aliomacc/sti_usv/src/usv_sim/workspace_gz/plugins/ScoringPlugin.cc:444:37:\x1b[m\x1b[K \x1b[01;31m\x1b[Kerror: \x1b[m\x1b[K\xe2\x80\x98\x1b[01m\x1b[Kclass vrx::ScoringPlugin\x1b[m\x1b[K\xe2\x80\x99 has no member named \xe2\x80\x98\x1b[01m\x1b[KdataPtr\x1b[m\x1b[K\xe2\x80\x99\n'}
[16.789623] (workspace_gz) StderrLine: {'line': b'  444 |   this->dataPtr->releasePub = this->\x1b[01;31m\x1b[KdataPtr\x1b[m\x1b[K->node.Advertise<msgs::Empty>(\n'}
[16.789705] (workspace_gz) StderrLine: {'line': b'      |                                     \x1b[01;31m\x1b[K^~~~~~~\x1b[m\x1b[K\n'}
[16.789779] (workspace_gz) StderrLine: {'line': b'\x1b[01m\x1b[K/home/aliomacc/sti_usv/src/usv_sim/workspace_gz/plugins/ScoringPlugin.cc:444:72:\x1b[m\x1b[K \x1b[01;31m\x1b[Kerror: \x1b[m\x1b[Kexpected primary-expression before \xe2\x80\x98\x1b[01m\x1b[K>\x1b[m\x1b[K\xe2\x80\x99 token\n'}
[16.789880] (workspace_gz) StderrLine: {'line': b'  444 |   this->dataPtr->releasePub = this->dataPtr->node.Advertise<msgs::Empty\x1b[01;31m\x1b[K>\x1b[m\x1b[K(\n'}
[16.789950] (workspace_gz) StderrLine: {'line': b'      |                                                                        \x1b[01;31m\x1b[K^\x1b[m\x1b[K\n'}
[16.790019] (workspace_gz) StderrLine: {'line': b'\x1b[01m\x1b[K/home/aliomacc/sti_usv/src/usv_sim/workspace_gz/plugins/ScoringPlugin.cc:445:11:\x1b[m\x1b[K \x1b[01;31m\x1b[Kerror: \x1b[m\x1b[K\xe2\x80\x98\x1b[01m\x1b[Kclass vrx::ScoringPlugin\x1b[m\x1b[K\xe2\x80\x99 has no member named \xe2\x80\x98\x1b[01m\x1b[KdataPtr\x1b[m\x1b[K\xe2\x80\x99\n'}
[16.790094] (workspace_gz) StderrLine: {'line': b'  445 |     this->\x1b[01;31m\x1b[KdataPtr\x1b[m\x1b[K->releaseTopic);\n'}
[16.790178] (workspace_gz) StderrLine: {'line': b'      |           \x1b[01;31m\x1b[K^~~~~~~\x1b[m\x1b[K\n'}
[16.790250] (workspace_gz) StderrLine: {'line': b'\x1b[01m\x1b[K/home/aliomacc/sti_usv/src/usv_sim/workspace_gz/plugins/ScoringPlugin.cc:447:9:\x1b[m\x1b[K \x1b[01;31m\x1b[Kerror: \x1b[m\x1b[K\xe2\x80\x98\x1b[01m\x1b[Kclass vrx::ScoringPlugin\x1b[m\x1b[K\xe2\x80\x99 has no member named \xe2\x80\x98\x1b[01m\x1b[KdataPtr\x1b[m\x1b[K\xe2\x80\x99\n'}
[16.790322] (workspace_gz) StderrLine: {'line': b'  447 |   this->\x1b[01;31m\x1b[KdataPtr\x1b[m\x1b[K->node.Subscribe("/vrx/contacts",\n'}
[16.790396] (workspace_gz) StderrLine: {'line': b'      |         \x1b[01;31m\x1b[K^~~~~~~\x1b[m\x1b[K\n'}
[16.790465] (workspace_gz) StderrLine: {'line': b'\x1b[01m\x1b[K/home/aliomacc/sti_usv/src/usv_sim/workspace_gz/plugins/ScoringPlugin.cc:453:13:\x1b[m\x1b[K \x1b[01;31m\x1b[Kerror: \x1b[m\x1b[K\xe2\x80\x98\x1b[01m\x1b[Kclass vrx::ScoringPlugin\x1b[m\x1b[K\xe2\x80\x99 has no member named \xe2\x80\x98\x1b[01m\x1b[KdataPtr\x1b[m\x1b[K\xe2\x80\x99\n'}
[16.790534] (workspace_gz) StderrLine: {'line': b'  453 |       this->\x1b[01;31m\x1b[KdataPtr\x1b[m\x1b[K->debug = false;\n'}
[16.790603] (workspace_gz) StderrLine: {'line': b'      |             \x1b[01;31m\x1b[K^~~~~~~\x1b[m\x1b[K\n'}
[16.797277] (workspace_gz) StderrLine: {'line': b'\x1b[01m\x1b[K/home/aliomacc/sti_usv/src/usv_sim/workspace_gz/plugins/ScoringPlugin.cc:457:5:\x1b[m\x1b[K \x1b[01;31m\x1b[Kerror: \x1b[m\x1b[K\xe2\x80\x98\x1b[01m\x1b[Kgzwarn\x1b[m\x1b[K\xe2\x80\x99 was not declared in this scope; did you mean \xe2\x80\x98\x1b[01m\x1b[Kignwarn\x1b[m\x1b[K\xe2\x80\x99?\n'}
[16.798277] (workspace_gz) StderrLine: {'line': b'  457 |     \x1b[01;31m\x1b[Kgzwarn\x1b[m\x1b[K << "VRX_DEBUG environment variable not set, defaulting to true"\n'}
[16.798480] (workspace_gz) StderrLine: {'line': b'      |     \x1b[01;31m\x1b[K^~~~~~\x1b[m\x1b[K\n'}
[16.798694] (workspace_gz) StderrLine: {'line': b'      |     \x1b[32m\x1b[Kignwarn\x1b[m\x1b[K\n'}
[16.798963] (workspace_gz) StderrLine: {'line': b'\x1b[01m\x1b[K/home/aliomacc/sti_usv/src/usv_sim/workspace_gz/plugins/ScoringPlugin.cc:373:50:\x1b[m\x1b[K \x1b[01;35m\x1b[Kwarning: \x1b[m\x1b[Kunused parameter \xe2\x80\x98\x1b[01m\x1b[K_entity\x1b[m\x1b[K\xe2\x80\x99 [\x1b[01;35m\x1b[K\x1b]8;;https://gcc.gnu.org/onlinedocs/gcc/Warning-Options.html#index-Wunused-parameter\x07-Wunused-parameter\x1b]8;;\x07\x1b[m\x1b[K]\n'}
[16.799188] (workspace_gz) StderrLine: {'line': b'  373 | void ScoringPlugin::Configure(\x1b[01;35m\x1b[Kconst sim::Entity &_entity\x1b[m\x1b[K,\n'}
[16.799304] (workspace_gz) StderrLine: {'line': b'      |                               \x1b[01;35m\x1b[K~~~~~~~~~~~~~~~~~~~^~~~~~~\x1b[m\x1b[K\n'}
[16.799404] (workspace_gz) StderrLine: {'line': b'\x1b[01m\x1b[K/home/aliomacc/sti_usv/src/usv_sim/workspace_gz/plugins/ScoringPlugin.cc:375:34:\x1b[m\x1b[K \x1b[01;35m\x1b[Kwarning: \x1b[m\x1b[Kunused parameter \xe2\x80\x98\x1b[01m\x1b[K_ecm\x1b[m\x1b[K\xe2\x80\x99 [\x1b[01;35m\x1b[K\x1b]8;;https://gcc.gnu.org/onlinedocs/gcc/Warning-Options.html#index-Wunused-parameter\x07-Wunused-parameter\x1b]8;;\x07\x1b[m\x1b[K]\n'}
[16.799531] (workspace_gz) StderrLine: {'line': b'  375 |     \x1b[01;35m\x1b[Ksim::EntityComponentManager &_ecm\x1b[m\x1b[K,\n'}
[16.799629] (workspace_gz) StderrLine: {'line': b'      |     \x1b[01;35m\x1b[K~~~~~~~~~~~~~~~~~~~~~~~~~~~~~^~~~\x1b[m\x1b[K\n'}
[16.818916] (workspace_gz) StderrLine: {'line': b'\x1b[01m\x1b[K/home/aliomacc/sti_usv/src/usv_sim/workspace_gz/plugins/ScoringPlugin.cc:\x1b[m\x1b[K In member function \xe2\x80\x98\x1b[01m\x1b[Kvirtual void vrx::ScoringPlugin::PreUpdate(const ignition::gazebo::v6::UpdateInfo&, ignition::gazebo::v6::EntityComponentManager&)\x1b[m\x1b[K\xe2\x80\x99:\n'}
[16.820549] (workspace_gz) StderrLine: {'line': b'\x1b[01m\x1b[K/home/aliomacc/sti_usv/src/usv_sim/workspace_gz/plugins/ScoringPlugin.cc:466:3:\x1b[m\x1b[K \x1b[01;31m\x1b[Kerror: \x1b[m\x1b[K\xe2\x80\x98\x1b[01m\x1b[KGZ_PROFILE\x1b[m\x1b[K\xe2\x80\x99 was not declared in this scope; did you mean \xe2\x80\x98\x1b[01m\x1b[KIGN_PROFILE\x1b[m\x1b[K\xe2\x80\x99?\n'}
[16.821397] (workspace_gz) StderrLine: {'line': b'  466 |   \x1b[01;31m\x1b[KGZ_PROFILE\x1b[m\x1b[K("ScoringPlugin::PreUpdate");\n'}
[16.821582] (workspace_gz) StderrLine: {'line': b'      |   \x1b[01;31m\x1b[K^~~~~~~~~~\x1b[m\x1b[K\n'}
[16.821992] (workspace_gz) StderrLine: {'line': b'      |   \x1b[32m\x1b[KIGN_PROFILE\x1b[m\x1b[K\n'}
[16.822165] (workspace_gz) StderrLine: {'line': b'\x1b[01m\x1b[K/home/aliomacc/sti_usv/src/usv_sim/workspace_gz/plugins/ScoringPlugin.cc:468:13:\x1b[m\x1b[K \x1b[01;31m\x1b[Kerror: \x1b[m\x1b[K\xe2\x80\x98\x1b[01m\x1b[Kclass vrx::ScoringPlugin\x1b[m\x1b[K\xe2\x80\x99 has no member named \xe2\x80\x98\x1b[01m\x1b[KdataPtr\x1b[m\x1b[K\xe2\x80\x99\n'}
[16.822298] (workspace_gz) StderrLine: {'line': b'  468 |   if (this->\x1b[01;31m\x1b[KdataPtr\x1b[m\x1b[K->vehicleModel == sim::kNullEntity)\n'}
[16.822425] (workspace_gz) StderrLine: {'line': b'      |             \x1b[01;31m\x1b[K^~~~~~~\x1b[m\x1b[K\n'}
[16.822535] (workspace_gz) StderrLine: {'line': b'\x1b[01m\x1b[K/home/aliomacc/sti_usv/src/usv_sim/workspace_gz/plugins/ScoringPlugin.cc:470:53:\x1b[m\x1b[K \x1b[01;31m\x1b[Kerror: \x1b[m\x1b[K\xe2\x80\x98\x1b[01m\x1b[Kclass vrx::ScoringPlugin\x1b[m\x1b[K\xe2\x80\x99 has no member named \xe2\x80\x98\x1b[01m\x1b[KdataPtr\x1b[m\x1b[K\xe2\x80\x99\n'}
[16.822657] (workspace_gz) StderrLine: {'line': b'  470 |     auto entity = sim::entitiesFromScopedName(this->\x1b[01;31m\x1b[KdataPtr\x1b[m\x1b[K->vehicleName, _ecm);\n'}
[16.822836] (workspace_gz) StderrLine: {'line': b'      |                                                     \x1b[01;31m\x1b[K^~~~~~~\x1b[m\x1b[K\n'}
[16.822946] (workspace_gz) StderrLine: {'line': b'\x1b[01m\x1b[K/home/aliomacc/sti_usv/src/usv_sim/workspace_gz/plugins/ScoringPlugin.cc:472:13:\x1b[m\x1b[K \x1b[01;31m\x1b[Kerror: \x1b[m\x1b[K\xe2\x80\x98\x1b[01m\x1b[Kclass vrx::ScoringPlugin\x1b[m\x1b[K\xe2\x80\x99 has no member named \xe2\x80\x98\x1b[01m\x1b[KdataPtr\x1b[m\x1b[K\xe2\x80\x99\n'}
[16.823087] (workspace_gz) StderrLine: {'line': b'  472 |       this->\x1b[01;31m\x1b[KdataPtr\x1b[m\x1b[K->vehicleModel = *entity.begin();\n'}
[16.823197] (workspace_gz) StderrLine: {'line': b'      |             \x1b[01;31m\x1b[K^~~~~~~\x1b[m\x1b[K\n'}
[16.823278] (workspace_gz) StderrLine: {'line': b'\x1b[01m\x1b[K/home/aliomacc/sti_usv/src/usv_sim/workspace_gz/plugins/ScoringPlugin.cc:475:9:\x1b[m\x1b[K \x1b[01;31m\x1b[Kerror: \x1b[m\x1b[K\xe2\x80\x98\x1b[01m\x1b[Kclass vrx::ScoringPlugin\x1b[m\x1b[K\xe2\x80\x99 has no member named \xe2\x80\x98\x1b[01m\x1b[KdataPtr\x1b[m\x1b[K\xe2\x80\x99\n'}
[16.823360] (workspace_gz) StderrLine: {'line': b'  475 |   this->\x1b[01;31m\x1b[KdataPtr\x1b[m\x1b[K->UpdateTime(_info.simTime);\n'}
[16.823439] (workspace_gz) StderrLine: {'line': b'      |         \x1b[01;31m\x1b[K^~~~~~~\x1b[m\x1b[K\n'}
[16.823517] (workspace_gz) StderrLine: {'line': b'\x1b[01m\x1b[K/home/aliomacc/sti_usv/src/usv_sim/workspace_gz/plugins/ScoringPlugin.cc:477:9:\x1b[m\x1b[K \x1b[01;31m\x1b[Kerror: \x1b[m\x1b[K\xe2\x80\x98\x1b[01m\x1b[Kclass vrx::ScoringPlugin\x1b[m\x1b[K\xe2\x80\x99 has no member named \xe2\x80\x98\x1b[01m\x1b[KdataPtr\x1b[m\x1b[K\xe2\x80\x99\n'}
[16.823607] (workspace_gz) StderrLine: {'line': b'  477 |   this->\x1b[01;31m\x1b[KdataPtr\x1b[m\x1b[K->PublishStats();\n'}
[16.823695] (workspace_gz) StderrLine: {'line': b'      |         \x1b[01;31m\x1b[K^~~~~~~\x1b[m\x1b[K\n'}
[16.823786] (workspace_gz) StderrLine: {'line': b'\x1b[01m\x1b[K/home/aliomacc/sti_usv/src/usv_sim/workspace_gz/plugins/ScoringPlugin.cc:\x1b[m\x1b[K In member function \xe2\x80\x98\x1b[01m\x1b[Kdouble vrx::ScoringPlugin::Score() const\x1b[m\x1b[K\xe2\x80\x99:\n'}
[16.823879] (workspace_gz) StderrLine: {'line': b'\x1b[01m\x1b[K/home/aliomacc/sti_usv/src/usv_sim/workspace_gz/plugins/ScoringPlugin.cc:483:16:\x1b[m\x1b[K \x1b[01;31m\x1b[Kerror: \x1b[m\x1b[K\xe2\x80\x98\x1b[01m\x1b[Kconst class vrx::ScoringPlugin\x1b[m\x1b[K\xe2\x80\x99 has no member named \xe2\x80\x98\x1b[01m\x1b[KdataPtr\x1b[m\x1b[K\xe2\x80\x99\n'}
[16.823959] (workspace_gz) StderrLine: {'line': b'  483 |   return this->\x1b[01;31m\x1b[KdataPtr\x1b[m\x1b[K->score;\n'}
[16.824036] (workspace_gz) StderrLine: {'line': b'      |                \x1b[01;31m\x1b[K^~~~~~~\x1b[m\x1b[K\n'}
[16.824113] (workspace_gz) StderrLine: {'line': b'\x1b[01m\x1b[K/home/aliomacc/sti_usv/src/usv_sim/workspace_gz/plugins/ScoringPlugin.cc:\x1b[m\x1b[K In member function \xe2\x80\x98\x1b[01m\x1b[Kvoid vrx::ScoringPlugin::SetScore(double)\x1b[m\x1b[K\xe2\x80\x99:\n'}
[16.824214] (workspace_gz) StderrLine: {'line': b'\x1b[01m\x1b[K/home/aliomacc/sti_usv/src/usv_sim/workspace_gz/plugins/ScoringPlugin.cc:490:11:\x1b[m\x1b[K \x1b[01;31m\x1b[Kerror: \x1b[m\x1b[K\xe2\x80\x98\x1b[01m\x1b[Kclass vrx::ScoringPlugin\x1b[m\x1b[K\xe2\x80\x99 has no member named \xe2\x80\x98\x1b[01m\x1b[KdataPtr\x1b[m\x1b[K\xe2\x80\x99\n'}
[16.824290] (workspace_gz) StderrLine: {'line': b'  490 |     this->\x1b[01;31m\x1b[KdataPtr\x1b[m\x1b[K->score = _newScore;\n'}
[16.824366] (workspace_gz) StderrLine: {'line': b'      |           \x1b[01;31m\x1b[K^~~~~~~\x1b[m\x1b[K\n'}
[16.824441] (workspace_gz) StderrLine: {'line': b'\x1b[01m\x1b[K/home/aliomacc/sti_usv/src/usv_sim/workspace_gz/plugins/ScoringPlugin.cc:\x1b[m\x1b[K In member function \xe2\x80\x98\x1b[01m\x1b[Kstd::string vrx::ScoringPlugin::TaskName() const\x1b[m\x1b[K\xe2\x80\x99:\n'}
[16.824518] (workspace_gz) StderrLine: {'line': b'\x1b[01m\x1b[K/home/aliomacc/sti_usv/src/usv_sim/workspace_gz/plugins/ScoringPlugin.cc:496:16:\x1b[m\x1b[K \x1b[01;31m\x1b[Kerror: \x1b[m\x1b[K\xe2\x80\x98\x1b[01m\x1b[Kconst class vrx::ScoringPlugin\x1b[m\x1b[K\xe2\x80\x99 has no member named \xe2\x80\x98\x1b[01m\x1b[KdataPtr\x1b[m\x1b[K\xe2\x80\x99\n'}
[16.824594] (workspace_gz) StderrLine: {'line': b'  496 |   return this->\x1b[01;31m\x1b[KdataPtr\x1b[m\x1b[K->taskName;\n'}
[16.824684] (workspace_gz) StderrLine: {'line': b'      |                \x1b[01;31m\x1b[K^~~~~~~\x1b[m\x1b[K\n'}
[16.824773] (workspace_gz) StderrLine: {'line': b'\x1b[01m\x1b[K/home/aliomacc/sti_usv/src/usv_sim/workspace_gz/plugins/ScoringPlugin.cc:\x1b[m\x1b[K In member function \xe2\x80\x98\x1b[01m\x1b[Kstd::string vrx::ScoringPlugin::TaskState() const\x1b[m\x1b[K\xe2\x80\x99:\n'}
[16.824850] (workspace_gz) StderrLine: {'line': b'\x1b[01m\x1b[K/home/aliomacc/sti_usv/src/usv_sim/workspace_gz/plugins/ScoringPlugin.cc:502:16:\x1b[m\x1b[K \x1b[01;31m\x1b[Kerror: \x1b[m\x1b[K\xe2\x80\x98\x1b[01m\x1b[Kconst class vrx::ScoringPlugin\x1b[m\x1b[K\xe2\x80\x99 has no member named \xe2\x80\x98\x1b[01m\x1b[KdataPtr\x1b[m\x1b[K\xe2\x80\x99\n'}
[16.824926] (workspace_gz) StderrLine: {'line': b'  502 |   return this->\x1b[01;31m\x1b[KdataPtr\x1b[m\x1b[K->taskState;\n'}
[16.825001] (workspace_gz) StderrLine: {'line': b'      |                \x1b[01;31m\x1b[K^~~~~~~\x1b[m\x1b[K\n'}
[16.825075] (workspace_gz) StderrLine: {'line': b'\x1b[01m\x1b[K/home/aliomacc/sti_usv/src/usv_sim/workspace_gz/plugins/ScoringPlugin.cc:\x1b[m\x1b[K In member function \xe2\x80\x98\x1b[01m\x1b[Kdouble vrx::ScoringPlugin::RunningStateDuration() const\x1b[m\x1b[K\xe2\x80\x99:\n'}
[16.825157] (workspace_gz) StderrLine: {'line': b'\x1b[01m\x1b[K/home/aliomacc/sti_usv/src/usv_sim/workspace_gz/plugins/ScoringPlugin.cc:508:16:\x1b[m\x1b[K \x1b[01;31m\x1b[Kerror: \x1b[m\x1b[K\xe2\x80\x98\x1b[01m\x1b[Kconst class vrx::ScoringPlugin\x1b[m\x1b[K\xe2\x80\x99 has no member named \xe2\x80\x98\x1b[01m\x1b[KdataPtr\x1b[m\x1b[K\xe2\x80\x99\n'}
[16.825232] (workspace_gz) StderrLine: {'line': b'  508 |   return this->\x1b[01;31m\x1b[KdataPtr\x1b[m\x1b[K->runningStateDuration;\n'}
[16.825306] (workspace_gz) StderrLine: {'line': b'      |                \x1b[01;31m\x1b[K^~~~~~~\x1b[m\x1b[K\n'}
[16.825379] (workspace_gz) StderrLine: {'line': b'\x1b[01m\x1b[K/home/aliomacc/sti_usv/src/usv_sim/workspace_gz/plugins/ScoringPlugin.cc:\x1b[m\x1b[K In member function \xe2\x80\x98\x1b[01m\x1b[Kstd::chrono::duration<double> vrx::ScoringPlugin::ElapsedTime() const\x1b[m\x1b[K\xe2\x80\x99:\n'}
[16.825454] (workspace_gz) StderrLine: {'line': b'\x1b[01m\x1b[K/home/aliomacc/sti_usv/src/usv_sim/workspace_gz/plugins/ScoringPlugin.cc:514:16:\x1b[m\x1b[K \x1b[01;31m\x1b[Kerror: \x1b[m\x1b[K\xe2\x80\x98\x1b[01m\x1b[Kconst class vrx::ScoringPlugin\x1b[m\x1b[K\xe2\x80\x99 has no member named \xe2\x80\x98\x1b[01m\x1b[KdataPtr\x1b[m\x1b[K\xe2\x80\x99\n'}
[16.825529] (workspace_gz) StderrLine: {'line': b'  514 |   return this->\x1b[01;31m\x1b[KdataPtr\x1b[m\x1b[K->elapsedTime;\n'}
[16.825604] (workspace_gz) StderrLine: {'line': b'      |                \x1b[01;31m\x1b[K^~~~~~~\x1b[m\x1b[K\n'}
[16.825692] (workspace_gz) StderrLine: {'line': b'\x1b[01m\x1b[K/home/aliomacc/sti_usv/src/usv_sim/workspace_gz/plugins/ScoringPlugin.cc:\x1b[m\x1b[K In member function \xe2\x80\x98\x1b[01m\x1b[Kstd::chrono::duration<double> vrx::ScoringPlugin::RemainingTime() const\x1b[m\x1b[K\xe2\x80\x99:\n'}
[16.825795] (workspace_gz) StderrLine: {'line': b'\x1b[01m\x1b[K/home/aliomacc/sti_usv/src/usv_sim/workspace_gz/plugins/ScoringPlugin.cc:520:16:\x1b[m\x1b[K \x1b[01;31m\x1b[Kerror: \x1b[m\x1b[K\xe2\x80\x98\x1b[01m\x1b[Kconst class vrx::ScoringPlugin\x1b[m\x1b[K\xe2\x80\x99 has no member named \xe2\x80\x98\x1b[01m\x1b[KdataPtr\x1b[m\x1b[K\xe2\x80\x99\n'}
[16.825910] (workspace_gz) StderrLine: {'line': b'  520 |   return this->\x1b[01;31m\x1b[KdataPtr\x1b[m\x1b[K->remainingTime;\n'}
[16.825991] (workspace_gz) StderrLine: {'line': b'      |                \x1b[01;31m\x1b[K^~~~~~~\x1b[m\x1b[K\n'}
[16.826071] (workspace_gz) StderrLine: {'line': b'\x1b[01m\x1b[K/home/aliomacc/sti_usv/src/usv_sim/workspace_gz/plugins/ScoringPlugin.cc:\x1b[m\x1b[K In member function \xe2\x80\x98\x1b[01m\x1b[Kvoid vrx::ScoringPlugin::SetTimeoutScore(double)\x1b[m\x1b[K\xe2\x80\x99:\n'}
[16.826161] (workspace_gz) StderrLine: {'line': b'\x1b[01m\x1b[K/home/aliomacc/sti_usv/src/usv_sim/workspace_gz/plugins/ScoringPlugin.cc:526:9:\x1b[m\x1b[K \x1b[01;31m\x1b[Kerror: \x1b[m\x1b[K\xe2\x80\x98\x1b[01m\x1b[Kclass vrx::ScoringPlugin\x1b[m\x1b[K\xe2\x80\x99 has no member named \xe2\x80\x98\x1b[01m\x1b[KdataPtr\x1b[m\x1b[K\xe2\x80\x99\n'}
[16.826242] (workspace_gz) StderrLine: {'line': b'  526 |   this->\x1b[01;31m\x1b[KdataPtr\x1b[m\x1b[K->timeoutScore = _timeoutScore;\n'}
[16.826325] (workspace_gz) StderrLine: {'line': b'      |         \x1b[01;31m\x1b[K^~~~~~~\x1b[m\x1b[K\n'}
[16.826406] (workspace_gz) StderrLine: {'line': b'\x1b[01m\x1b[K/home/aliomacc/sti_usv/src/usv_sim/workspace_gz/plugins/ScoringPlugin.cc:\x1b[m\x1b[K In member function \xe2\x80\x98\x1b[01m\x1b[Kdouble vrx::ScoringPlugin::TimeoutScore() const\x1b[m\x1b[K\xe2\x80\x99:\n'}
[16.826502] (workspace_gz) StderrLine: {'line': b'\x1b[01m\x1b[K/home/aliomacc/sti_usv/src/usv_sim/workspace_gz/plugins/ScoringPlugin.cc:532:16:\x1b[m\x1b[K \x1b[01;31m\x1b[Kerror: \x1b[m\x1b[K\xe2\x80\x98\x1b[01m\x1b[Kconst class vrx::ScoringPlugin\x1b[m\x1b[K\xe2\x80\x99 has no member named \xe2\x80\x98\x1b[01m\x1b[KdataPtr\x1b[m\x1b[K\xe2\x80\x99\n'}
[16.826587] (workspace_gz) StderrLine: {'line': b'  532 |   return this->\x1b[01;31m\x1b[KdataPtr\x1b[m\x1b[K->timeoutScore;\n'}
[16.826701] (workspace_gz) StderrLine: {'line': b'      |                \x1b[01;31m\x1b[K^~~~~~~\x1b[m\x1b[K\n'}
[16.826811] (workspace_gz) StderrLine: {'line': b'\x1b[01m\x1b[K/home/aliomacc/sti_usv/src/usv_sim/workspace_gz/plugins/ScoringPlugin.cc:\x1b[m\x1b[K In member function \xe2\x80\x98\x1b[01m\x1b[Kvoid vrx::ScoringPlugin::Finish()\x1b[m\x1b[K\xe2\x80\x99:\n'}
[16.826890] (workspace_gz) StderrLine: {'line': b'\x1b[01m\x1b[K/home/aliomacc/sti_usv/src/usv_sim/workspace_gz/plugins/ScoringPlugin.cc:538:13:\x1b[m\x1b[K \x1b[01;31m\x1b[Kerror: \x1b[m\x1b[K\xe2\x80\x98\x1b[01m\x1b[Kclass vrx::ScoringPlugin\x1b[m\x1b[K\xe2\x80\x99 has no member named \xe2\x80\x98\x1b[01m\x1b[KdataPtr\x1b[m\x1b[K\xe2\x80\x99\n'}
[16.826976] (workspace_gz) StderrLine: {'line': b'  538 |   if (this->\x1b[01;31m\x1b[KdataPtr\x1b[m\x1b[K->taskState == "finished")\n'}
[16.827058] (workspace_gz) StderrLine: {'line': b'      |             \x1b[01;31m\x1b[K^~~~~~~\x1b[m\x1b[K\n'}
[16.827152] (workspace_gz) StderrLine: {'line': b'\x1b[01m\x1b[K/home/aliomacc/sti_usv/src/usv_sim/workspace_gz/plugins/ScoringPlugin.cc:541:9:\x1b[m\x1b[K \x1b[01;31m\x1b[Kerror: \x1b[m\x1b[K\xe2\x80\x98\x1b[01m\x1b[Kclass vrx::ScoringPlugin\x1b[m\x1b[K\xe2\x80\x99 has no member named \xe2\x80\x98\x1b[01m\x1b[KdataPtr\x1b[m\x1b[K\xe2\x80\x99\n'}
[16.827232] (workspace_gz) StderrLine: {'line': b'  541 |   this->\x1b[01;31m\x1b[KdataPtr\x1b[m\x1b[K->taskState = "finished";\n'}
[16.827312] (workspace_gz) StderrLine: {'line': b'      |         \x1b[01;31m\x1b[K^~~~~~~\x1b[m\x1b[K\n'}
[16.827398] (workspace_gz) StderrLine: {'line': b'\x1b[01m\x1b[K/home/aliomacc/sti_usv/src/usv_sim/workspace_gz/plugins/ScoringPlugin.cc:542:9:\x1b[m\x1b[K \x1b[01;31m\x1b[Kerror: \x1b[m\x1b[K\xe2\x80\x98\x1b[01m\x1b[Kclass vrx::ScoringPlugin\x1b[m\x1b[K\xe2\x80\x99 has no member named \xe2\x80\x98\x1b[01m\x1b[KdataPtr\x1b[m\x1b[K\xe2\x80\x99\n'}
[16.827482] (workspace_gz) StderrLine: {'line': b'  542 |   this->\x1b[01;31m\x1b[KdataPtr\x1b[m\x1b[K->exitTime = this->dataPtr->currentTime +\n'}
[16.827580] (workspace_gz) StderrLine: {'line': b'      |         \x1b[01;31m\x1b[K^~~~~~~\x1b[m\x1b[K\n'}
[16.827773] (workspace_gz) StderrLine: {'line': b'\x1b[01m\x1b[K/home/aliomacc/sti_usv/src/usv_sim/workspace_gz/plugins/ScoringPlugin.cc:542:35:\x1b[m\x1b[K \x1b[01;31m\x1b[Kerror: \x1b[m\x1b[K\xe2\x80\x98\x1b[01m\x1b[Kclass vrx::ScoringPlugin\x1b[m\x1b[K\xe2\x80\x99 has no member named \xe2\x80\x98\x1b[01m\x1b[KdataPtr\x1b[m\x1b[K\xe2\x80\x99\n'}
[16.827909] (workspace_gz) StderrLine: {'line': b'  542 |   this->dataPtr->exitTime = this->\x1b[01;31m\x1b[KdataPtr\x1b[m\x1b[K->currentTime +\n'}
[16.827994] (workspace_gz) StderrLine: {'line': b'      |                                   \x1b[01;31m\x1b[K^~~~~~~\x1b[m\x1b[K\n'}
[16.828079] (workspace_gz) StderrLine: {'line': b'\x1b[01m\x1b[K/home/aliomacc/sti_usv/src/usv_sim/workspace_gz/plugins/ScoringPlugin.cc:543:41:\x1b[m\x1b[K \x1b[01;31m\x1b[Kerror: \x1b[m\x1b[K\xe2\x80\x98\x1b[01m\x1b[Kclass vrx::ScoringPlugin\x1b[m\x1b[K\xe2\x80\x99 has no member named \xe2\x80\x98\x1b[01m\x1b[KdataPtr\x1b[m\x1b[K\xe2\x80\x99\n'}
[16.828167] (workspace_gz) StderrLine: {'line': b'  543 |     std::chrono::duration<double>(this->\x1b[01;31m\x1b[KdataPtr\x1b[m\x1b[K->exitDelay);\n'}
[16.828247] (workspace_gz) StderrLine: {'line': b'      |                                         \x1b[01;31m\x1b[K^~~~~~~\x1b[m\x1b[K\n'}
[16.828335] (workspace_gz) StderrLine: {'line': b'\x1b[01m\x1b[K/home/aliomacc/sti_usv/src/usv_sim/workspace_gz/plugins/ScoringPlugin.cc:\x1b[m\x1b[K In member function \xe2\x80\x98\x1b[01m\x1b[Kstd::string vrx::ScoringPlugin::VehicleName() const\x1b[m\x1b[K\xe2\x80\x99:\n'}
[16.828421] (workspace_gz) StderrLine: {'line': b'\x1b[01m\x1b[K/home/aliomacc/sti_usv/src/usv_sim/workspace_gz/plugins/ScoringPlugin.cc:550:16:\x1b[m\x1b[K \x1b[01;31m\x1b[Kerror: \x1b[m\x1b[K\xe2\x80\x98\x1b[01m\x1b[Kconst class vrx::ScoringPlugin\x1b[m\x1b[K\xe2\x80\x99 has no member named \xe2\x80\x98\x1b[01m\x1b[KdataPtr\x1b[m\x1b[K\xe2\x80\x99\n'}
[16.828505] (workspace_gz) StderrLine: {'line': b'  550 |   return this->\x1b[01;31m\x1b[KdataPtr\x1b[m\x1b[K->vehicleName;\n'}
[16.828887] (workspace_gz) StderrLine: {'line': b'      |                \x1b[01;31m\x1b[K^~~~~~~\x1b[m\x1b[K\n'}
[16.829216] (workspace_gz) StderrLine: {'line': b'\x1b[01m\x1b[K/home/aliomacc/sti_usv/src/usv_sim/workspace_gz/plugins/ScoringPlugin.cc:\x1b[m\x1b[K In member function \xe2\x80\x98\x1b[01m\x1b[Kignition::gazebo::v6::Entity vrx::ScoringPlugin::VehicleEntity() const\x1b[m\x1b[K\xe2\x80\x99:\n'}
[16.829341] (workspace_gz) StderrLine: {'line': b'\x1b[01m\x1b[K/home/aliomacc/sti_usv/src/usv_sim/workspace_gz/plugins/ScoringPlugin.cc:556:16:\x1b[m\x1b[K \x1b[01;31m\x1b[Kerror: \x1b[m\x1b[K\xe2\x80\x98\x1b[01m\x1b[Kconst class vrx::ScoringPlugin\x1b[m\x1b[K\xe2\x80\x99 has no member named \xe2\x80\x98\x1b[01m\x1b[KdataPtr\x1b[m\x1b[K\xe2\x80\x99\n'}
[16.829464] (workspace_gz) StderrLine: {'line': b'  556 |   return this->\x1b[01;31m\x1b[KdataPtr\x1b[m\x1b[K->vehicleModel;\n'}
[16.829626] (workspace_gz) StderrLine: {'line': b'      |                \x1b[01;31m\x1b[K^~~~~~~\x1b[m\x1b[K\n'}
[16.829778] (workspace_gz) StderrLine: {'line': b'\x1b[01m\x1b[K/home/aliomacc/sti_usv/src/usv_sim/workspace_gz/plugins/ScoringPlugin.cc:\x1b[m\x1b[K In member function \xe2\x80\x98\x1b[01m\x1b[Kuint16_t vrx::ScoringPlugin::NumCollisions() const\x1b[m\x1b[K\xe2\x80\x99:\n'}
[16.829895] (workspace_gz) StderrLine: {'line': b'\x1b[01m\x1b[K/home/aliomacc/sti_usv/src/usv_sim/workspace_gz/plugins/ScoringPlugin.cc:562:16:\x1b[m\x1b[K \x1b[01;31m\x1b[Kerror: \x1b[m\x1b[K\xe2\x80\x98\x1b[01m\x1b[Kconst class vrx::ScoringPlugin\x1b[m\x1b[K\xe2\x80\x99 has no member named \xe2\x80\x98\x1b[01m\x1b[KdataPtr\x1b[m\x1b[K\xe2\x80\x99\n'}
[16.829999] (workspace_gz) StderrLine: {'line': b'  562 |   return this->\x1b[01;31m\x1b[KdataPtr\x1b[m\x1b[K->numCollisions;\n'}
[16.830105] (workspace_gz) StderrLine: {'line': b'      |                \x1b[01;31m\x1b[K^~~~~~~\x1b[m\x1b[K\n'}
[16.830231] (workspace_gz) StderrLine: {'line': b'\x1b[01m\x1b[K/home/aliomacc/sti_usv/src/usv_sim/workspace_gz/plugins/ScoringPlugin.cc:\x1b[m\x1b[K In member function \xe2\x80\x98\x1b[01m\x1b[Kvirtual void vrx::ScoringPlugin::OnReady()\x1b[m\x1b[K\xe2\x80\x99:\n'}
[16.830356] (workspace_gz) StderrLine: {'line': b'\x1b[01m\x1b[K/home/aliomacc/sti_usv/src/usv_sim/workspace_gz/plugins/ScoringPlugin.cc:568:14:\x1b[m\x1b[K \x1b[01;31m\x1b[Kerror: \x1b[m\x1b[K\xe2\x80\x98\x1b[01m\x1b[Kclass vrx::ScoringPlugin\x1b[m\x1b[K\xe2\x80\x99 has no member named \xe2\x80\x98\x1b[01m\x1b[KdataPtr\x1b[m\x1b[K\xe2\x80\x99\n'}
[16.830457] (workspace_gz) StderrLine: {'line': b'  568 |   if (!this->\x1b[01;31m\x1b[KdataPtr\x1b[m\x1b[K->silent)\n'}
[16.830558] (workspace_gz) StderrLine: {'line': b'      |              \x1b[01;31m\x1b[K^~~~~~~\x1b[m\x1b[K\n'}
[16.834401] (-) TimerEvent: {}
[16.839916] (workspace_gz) StderrLine: {'line': b'\x1b[01m\x1b[K/home/aliomacc/sti_usv/src/usv_sim/workspace_gz/plugins/ScoringPlugin.cc:570:5:\x1b[m\x1b[K \x1b[01;31m\x1b[Kerror: \x1b[m\x1b[K\xe2\x80\x98\x1b[01m\x1b[Kgzmsg\x1b[m\x1b[K\xe2\x80\x99 was not declared in this scope; did you mean \xe2\x80\x98\x1b[01m\x1b[Kignmsg\x1b[m\x1b[K\xe2\x80\x99?\n'}
[16.840240] (workspace_gz) StderrLine: {'line': b'  570 |     \x1b[01;31m\x1b[Kgzmsg\x1b[m\x1b[K << "ScoringPlugin::OnReady" << std::endl;\n'}
[16.840393] (workspace_gz) StderrLine: {'line': b'      |     \x1b[01;31m\x1b[K^~~~~\x1b[m\x1b[K\n'}
[16.840483] (workspace_gz) StderrLine: {'line': b'      |     \x1b[32m\x1b[Kignmsg\x1b[m\x1b[K\n'}
[16.840694] (workspace_gz) StderrLine: {'line': b'\x1b[01m\x1b[K/home/aliomacc/sti_usv/src/usv_sim/workspace_gz/plugins/ScoringPlugin.cc:\x1b[m\x1b[K In member function \xe2\x80\x98\x1b[01m\x1b[Kvirtual void vrx::ScoringPlugin::OnRunning()\x1b[m\x1b[K\xe2\x80\x99:\n'}
[16.840801] (workspace_gz) StderrLine: {'line': b'\x1b[01m\x1b[K/home/aliomacc/sti_usv/src/usv_sim/workspace_gz/plugins/ScoringPlugin.cc:578:14:\x1b[m\x1b[K \x1b[01;31m\x1b[Kerror: \x1b[m\x1b[K\xe2\x80\x98\x1b[01m\x1b[Kclass vrx::ScoringPlugin\x1b[m\x1b[K\xe2\x80\x99 has no member named \xe2\x80\x98\x1b[01m\x1b[KdataPtr\x1b[m\x1b[K\xe2\x80\x99\n'}
[16.840914] (workspace_gz) StderrLine: {'line': b'  578 |   if (!this->\x1b[01;31m\x1b[KdataPtr\x1b[m\x1b[K->silent)\n'}
[16.841018] (workspace_gz) StderrLine: {'line': b'      |              \x1b[01;31m\x1b[K^~~~~~~\x1b[m\x1b[K\n'}
[16.852901] (workspace_gz) StderrLine: {'line': b'\x1b[01m\x1b[K/home/aliomacc/sti_usv/src/usv_sim/workspace_gz/plugins/ScoringPlugin.cc:580:5:\x1b[m\x1b[K \x1b[01;31m\x1b[Kerror: \x1b[m\x1b[K\xe2\x80\x98\x1b[01m\x1b[Kgzmsg\x1b[m\x1b[K\xe2\x80\x99 was not declared in this scope; did you mean \xe2\x80\x98\x1b[01m\x1b[Kignmsg\x1b[m\x1b[K\xe2\x80\x99?\n'}
[16.853558] (workspace_gz) StderrLine: {'line': b'  580 |     \x1b[01;31m\x1b[Kgzmsg\x1b[m\x1b[K << "ScoringPlugin::OnRunning" << std::endl;\n'}
[16.854338] (workspace_gz) StderrLine: {'line': b'      |     \x1b[01;31m\x1b[K^~~~~\x1b[m\x1b[K\n'}
[16.855263] (workspace_gz) StderrLine: {'line': b'      |     \x1b[32m\x1b[Kignmsg\x1b[m\x1b[K\n'}
[16.855543] (workspace_gz) StderrLine: {'line': b'\x1b[01m\x1b[K/home/aliomacc/sti_usv/src/usv_sim/workspace_gz/plugins/ScoringPlugin.cc:\x1b[m\x1b[K In member function \xe2\x80\x98\x1b[01m\x1b[Kvirtual void vrx::ScoringPlugin::OnFinished()\x1b[m\x1b[K\xe2\x80\x99:\n'}
[16.855725] (workspace_gz) StderrLine: {'line': b'\x1b[01m\x1b[K/home/aliomacc/sti_usv/src/usv_sim/workspace_gz/plugins/ScoringPlugin.cc:588:14:\x1b[m\x1b[K \x1b[01;31m\x1b[Kerror: \x1b[m\x1b[K\xe2\x80\x98\x1b[01m\x1b[Kclass vrx::ScoringPlugin\x1b[m\x1b[K\xe2\x80\x99 has no member named \xe2\x80\x98\x1b[01m\x1b[KdataPtr\x1b[m\x1b[K\xe2\x80\x99\n'}
[16.855873] (workspace_gz) StderrLine: {'line': b'  588 |   if (!this->\x1b[01;31m\x1b[KdataPtr\x1b[m\x1b[K->silent)\n'}
[16.856020] (workspace_gz) StderrLine: {'line': b'      |              \x1b[01;31m\x1b[K^~~~~~~\x1b[m\x1b[K\n'}
[16.870077] (workspace_gz) StderrLine: {'line': b'\x1b[01m\x1b[K/home/aliomacc/sti_usv/src/usv_sim/workspace_gz/plugins/ScoringPlugin.cc:590:5:\x1b[m\x1b[K \x1b[01;31m\x1b[Kerror: \x1b[m\x1b[K\xe2\x80\x98\x1b[01m\x1b[Kgzmsg\x1b[m\x1b[K\xe2\x80\x99 was not declared in this scope; did you mean \xe2\x80\x98\x1b[01m\x1b[Kignmsg\x1b[m\x1b[K\xe2\x80\x99?\n'}
[16.870947] (workspace_gz) StderrLine: {'line': b'  590 |     \x1b[01;31m\x1b[Kgzmsg\x1b[m\x1b[K << "ScoringPlugin::OnFinished at time="\n'}
[16.871242] (workspace_gz) StderrLine: {'line': b'      |     \x1b[01;31m\x1b[K^~~~~\x1b[m\x1b[K\n'}
[16.871447] (workspace_gz) StderrLine: {'line': b'      |     \x1b[32m\x1b[Kignmsg\x1b[m\x1b[K\n'}
[16.872326] (workspace_gz) StderrLine: {'line': b'\x1b[01m\x1b[K/home/aliomacc/sti_usv/src/usv_sim/workspace_gz/plugins/ScoringPlugin.cc:591:20:\x1b[m\x1b[K \x1b[01;31m\x1b[Kerror: \x1b[m\x1b[K\xe2\x80\x98\x1b[01m\x1b[Kclass vrx::ScoringPlugin\x1b[m\x1b[K\xe2\x80\x99 has no member named \xe2\x80\x98\x1b[01m\x1b[KdataPtr\x1b[m\x1b[K\xe2\x80\x99\n'}
[16.872703] (workspace_gz) StderrLine: {'line': b'  591 |           << this->\x1b[01;31m\x1b[KdataPtr\x1b[m\x1b[K->currentTime.count()  << std::endl;\n'}
[16.873354] (workspace_gz) StderrLine: {'line': b'      |                    \x1b[01;31m\x1b[K^~~~~~~\x1b[m\x1b[K\n'}
[16.873554] (workspace_gz) StderrLine: {'line': b'\x1b[01m\x1b[K/home/aliomacc/sti_usv/src/usv_sim/workspace_gz/plugins/ScoringPlugin.cc:596:13:\x1b[m\x1b[K \x1b[01;31m\x1b[Kerror: \x1b[m\x1b[K\xe2\x80\x98\x1b[01m\x1b[Kclass vrx::ScoringPlugin\x1b[m\x1b[K\xe2\x80\x99 has no member named \xe2\x80\x98\x1b[01m\x1b[KdataPtr\x1b[m\x1b[K\xe2\x80\x99\n'}
[16.873831] (workspace_gz) StderrLine: {'line': b'  596 |   if (this->\x1b[01;31m\x1b[KdataPtr\x1b[m\x1b[K->timedOut && this->dataPtr->timeoutScore > 0.0)\n'}
[16.874001] (workspace_gz) StderrLine: {'line': b'      |             \x1b[01;31m\x1b[K^~~~~~~\x1b[m\x1b[K\n'}
[16.874138] (workspace_gz) StderrLine: {'line': b'\x1b[01m\x1b[K/home/aliomacc/sti_usv/src/usv_sim/workspace_gz/plugins/ScoringPlugin.cc:596:40:\x1b[m\x1b[K \x1b[01;31m\x1b[Kerror: \x1b[m\x1b[K\xe2\x80\x98\x1b[01m\x1b[Kclass vrx::ScoringPlugin\x1b[m\x1b[K\xe2\x80\x99 has no member named \xe2\x80\x98\x1b[01m\x1b[KdataPtr\x1b[m\x1b[K\xe2\x80\x99\n'}
[16.874488] (workspace_gz) StderrLine: {'line': b'  596 |   if (this->dataPtr->timedOut && this->\x1b[01;31m\x1b[KdataPtr\x1b[m\x1b[K->timeoutScore > 0.0)\n'}
[16.874723] (workspace_gz) StderrLine: {'line': b'      |                                        \x1b[01;31m\x1b[K^~~~~~~\x1b[m\x1b[K\n'}
[16.874976] (workspace_gz) StderrLine: {'line': b'\x1b[01m\x1b[K/home/aliomacc/sti_usv/src/usv_sim/workspace_gz/plugins/ScoringPlugin.cc:598:11:\x1b[m\x1b[K \x1b[01;31m\x1b[Kerror: \x1b[m\x1b[K\xe2\x80\x98\x1b[01m\x1b[Kclass vrx::ScoringPlugin\x1b[m\x1b[K\xe2\x80\x99 has no member named \xe2\x80\x98\x1b[01m\x1b[KdataPtr\x1b[m\x1b[K\xe2\x80\x99\n'}
[16.875154] (workspace_gz) StderrLine: {'line': b'  598 |     this->\x1b[01;31m\x1b[KdataPtr\x1b[m\x1b[K->score = this->dataPtr->timeoutScore;\n'}
[16.875283] (workspace_gz) StderrLine: {'line': b'      |           \x1b[01;31m\x1b[K^~~~~~~\x1b[m\x1b[K\n'}
[16.875473] (workspace_gz) StderrLine: {'line': b'\x1b[01m\x1b[K/home/aliomacc/sti_usv/src/usv_sim/workspace_gz/plugins/ScoringPlugin.cc:598:34:\x1b[m\x1b[K \x1b[01;31m\x1b[Kerror: \x1b[m\x1b[K\xe2\x80\x98\x1b[01m\x1b[Kclass vrx::ScoringPlugin\x1b[m\x1b[K\xe2\x80\x99 has no member named \xe2\x80\x98\x1b[01m\x1b[KdataPtr\x1b[m\x1b[K\xe2\x80\x99\n'}
[16.875721] (workspace_gz) StderrLine: {'line': b'  598 |     this->dataPtr->score = this->\x1b[01;31m\x1b[KdataPtr\x1b[m\x1b[K->timeoutScore;\n'}
[16.875967] (workspace_gz) StderrLine: {'line': b'      |                                  \x1b[01;31m\x1b[K^~~~~~~\x1b[m\x1b[K\n'}
[16.876060] (workspace_gz) StderrLine: {'line': b'\x1b[01m\x1b[K/home/aliomacc/sti_usv/src/usv_sim/workspace_gz/plugins/ScoringPlugin.cc:600:9:\x1b[m\x1b[K \x1b[01;31m\x1b[Kerror: \x1b[m\x1b[K\xe2\x80\x98\x1b[01m\x1b[Kclass vrx::ScoringPlugin\x1b[m\x1b[K\xe2\x80\x99 has no member named \xe2\x80\x98\x1b[01m\x1b[KdataPtr\x1b[m\x1b[K\xe2\x80\x99\n'}
[16.876157] (workspace_gz) StderrLine: {'line': b'  600 |   this->\x1b[01;31m\x1b[KdataPtr\x1b[m\x1b[K->UpdateTaskMessage();\n'}
[16.876239] (workspace_gz) StderrLine: {'line': b'      |         \x1b[01;31m\x1b[K^~~~~~~\x1b[m\x1b[K\n'}
[16.876318] (workspace_gz) StderrLine: {'line': b'\x1b[01m\x1b[K/home/aliomacc/sti_usv/src/usv_sim/workspace_gz/plugins/ScoringPlugin.cc:601:9:\x1b[m\x1b[K \x1b[01;31m\x1b[Kerror: \x1b[m\x1b[K\xe2\x80\x98\x1b[01m\x1b[Kclass vrx::ScoringPlugin\x1b[m\x1b[K\xe2\x80\x99 has no member named \xe2\x80\x98\x1b[01m\x1b[KdataPtr\x1b[m\x1b[K\xe2\x80\x99\n'}
[16.876439] (workspace_gz) StderrLine: {'line': b'  601 |   this->\x1b[01;31m\x1b[KdataPtr\x1b[m\x1b[K->taskPub.Publish(this->dataPtr->taskMsg);\n'}
[16.876526] (workspace_gz) StderrLine: {'line': b'      |         \x1b[01;31m\x1b[K^~~~~~~\x1b[m\x1b[K\n'}
[16.876605] (workspace_gz) StderrLine: {'line': b'\x1b[01m\x1b[K/home/aliomacc/sti_usv/src/usv_sim/workspace_gz/plugins/ScoringPlugin.cc:601:40:\x1b[m\x1b[K \x1b[01;31m\x1b[Kerror: \x1b[m\x1b[K\xe2\x80\x98\x1b[01m\x1b[Kclass vrx::ScoringPlugin\x1b[m\x1b[K\xe2\x80\x99 has no member named \xe2\x80\x98\x1b[01m\x1b[KdataPtr\x1b[m\x1b[K\xe2\x80\x99\n'}
[16.876699] (workspace_gz) StderrLine: {'line': b'  601 |   this->dataPtr->taskPub.Publish(this->\x1b[01;31m\x1b[KdataPtr\x1b[m\x1b[K->taskMsg);\n'}
[16.876793] (workspace_gz) StderrLine: {'line': b'      |                                        \x1b[01;31m\x1b[K^~~~~~~\x1b[m\x1b[K\n'}
[16.876872] (workspace_gz) StderrLine: {'line': b'\x1b[01m\x1b[K/home/aliomacc/sti_usv/src/usv_sim/workspace_gz/plugins/ScoringPlugin.cc:\x1b[m\x1b[K In member function \xe2\x80\x98\x1b[01m\x1b[Kvoid vrx::ScoringPlugin::OnContacts(const ignition::msgs::Contacts&)\x1b[m\x1b[K\xe2\x80\x99:\n'}
[16.876976] (workspace_gz) StderrLine: {'line': b'\x1b[01m\x1b[K/home/aliomacc/sti_usv/src/usv_sim/workspace_gz/plugins/ScoringPlugin.cc:613:30:\x1b[m\x1b[K \x1b[01;35m\x1b[Kwarning: \x1b[m\x1b[Kcomparison of integer expressions of different signedness: \xe2\x80\x98\x1b[01m\x1b[Kunsigned int\x1b[m\x1b[K\xe2\x80\x99 and \xe2\x80\x98\x1b[01m\x1b[Kint\x1b[m\x1b[K\xe2\x80\x99 [\x1b[01;35m\x1b[K\x1b]8;;https://gcc.gnu.org/onlinedocs/gcc/Warning-Options.html#index-Wsign-compare\x07-Wsign-compare\x1b]8;;\x07\x1b[m\x1b[K]\n'}
[16.877082] (workspace_gz) StderrLine: {'line': b'  613 |   for (unsigned int i = 0; \x1b[01;35m\x1b[Ki < _contacts.contact_size()\x1b[m\x1b[K; ++i)\n'}
[16.877166] (workspace_gz) StderrLine: {'line': b'      |                            \x1b[01;35m\x1b[K~~^~~~~~~~~~~~~~~~~~~~~~~~~~\x1b[m\x1b[K\n'}
[16.877427] (workspace_gz) StderrLine: {'line': b'\x1b[01m\x1b[K/home/aliomacc/sti_usv/src/usv_sim/workspace_gz/plugins/ScoringPlugin.cc:623:14:\x1b[m\x1b[K \x1b[01;31m\x1b[Kerror: \x1b[m\x1b[K\xe2\x80\x98\x1b[01m\x1b[Kclass vrx::ScoringPlugin\x1b[m\x1b[K\xe2\x80\x99 has no member named \xe2\x80\x98\x1b[01m\x1b[KdataPtr\x1b[m\x1b[K\xe2\x80\x99\n'}
[16.877513] (workspace_gz) StderrLine: {'line': b'  623 |       (this->\x1b[01;31m\x1b[KdataPtr\x1b[m\x1b[K->currentTime - this->dataPtr->lastCollisionTime).count() >\n'}
[16.877597] (workspace_gz) StderrLine: {'line': b'      |              \x1b[01;31m\x1b[K^~~~~~~\x1b[m\x1b[K\n'}
[16.877695] (workspace_gz) StderrLine: {'line': b'\x1b[01m\x1b[K/home/aliomacc/sti_usv/src/usv_sim/workspace_gz/plugins/ScoringPlugin.cc:623:43:\x1b[m\x1b[K \x1b[01;31m\x1b[Kerror: \x1b[m\x1b[K\xe2\x80\x98\x1b[01m\x1b[Kclass vrx::ScoringPlugin\x1b[m\x1b[K\xe2\x80\x99 has no member named \xe2\x80\x98\x1b[01m\x1b[KdataPtr\x1b[m\x1b[K\xe2\x80\x99\n'}
[16.877870] (workspace_gz) StderrLine: {'line': b'  623 |       (this->dataPtr->currentTime - this->\x1b[01;31m\x1b[KdataPtr\x1b[m\x1b[K->lastCollisionTime).count() >\n'}
[16.877950] (workspace_gz) StderrLine: {'line': b'      |                                           \x1b[01;31m\x1b[K^~~~~~~\x1b[m\x1b[K\n'}
[16.878028] (workspace_gz) StderrLine: {'line': b'\x1b[01m\x1b[K/home/aliomacc/sti_usv/src/usv_sim/workspace_gz/plugins/ScoringPlugin.cc:624:13:\x1b[m\x1b[K \x1b[01;31m\x1b[Kerror: \x1b[m\x1b[K\xe2\x80\x98\x1b[01m\x1b[Kclass vrx::ScoringPlugin\x1b[m\x1b[K\xe2\x80\x99 has no member named \xe2\x80\x98\x1b[01m\x1b[KdataPtr\x1b[m\x1b[K\xe2\x80\x99\n'}
[16.878106] (workspace_gz) StderrLine: {'line': b'  624 |       this->\x1b[01;31m\x1b[KdataPtr\x1b[m\x1b[K->collisionBuffer;\n'}
[16.878200] (workspace_gz) StderrLine: {'line': b'      |             \x1b[01;31m\x1b[K^~~~~~~\x1b[m\x1b[K\n'}
[16.878274] (workspace_gz) StderrLine: {'line': b'\x1b[01m\x1b[K/home/aliomacc/sti_usv/src/usv_sim/workspace_gz/plugins/ScoringPlugin.cc:628:15:\x1b[m\x1b[K \x1b[01;31m\x1b[Kerror: \x1b[m\x1b[K\xe2\x80\x98\x1b[01m\x1b[Kclass vrx::ScoringPlugin\x1b[m\x1b[K\xe2\x80\x99 has no member named \xe2\x80\x98\x1b[01m\x1b[KdataPtr\x1b[m\x1b[K\xe2\x80\x99\n'}
[16.878349] (workspace_gz) StderrLine: {'line': b'  628 |       ++this->\x1b[01;31m\x1b[KdataPtr\x1b[m\x1b[K->numCollisions;\n'}
[16.878423] (workspace_gz) StderrLine: {'line': b'      |               \x1b[01;31m\x1b[K^~~~~~~\x1b[m\x1b[K\n'}
[16.878496] (workspace_gz) StderrLine: {'line': b'\x1b[01m\x1b[K/home/aliomacc/sti_usv/src/usv_sim/workspace_gz/plugins/ScoringPlugin.cc:629:18:\x1b[m\x1b[K \x1b[01;31m\x1b[Kerror: \x1b[m\x1b[K\xe2\x80\x98\x1b[01m\x1b[Kclass vrx::ScoringPlugin\x1b[m\x1b[K\xe2\x80\x99 has no member named \xe2\x80\x98\x1b[01m\x1b[KdataPtr\x1b[m\x1b[K\xe2\x80\x99\n'}
[16.878581] (workspace_gz) StderrLine: {'line': b'  629 |       if (!this->\x1b[01;31m\x1b[KdataPtr\x1b[m\x1b[K->silent)\n'}
[16.878660] (workspace_gz) StderrLine: {'line': b'      |                  \x1b[01;31m\x1b[K^~~~~~~\x1b[m\x1b[K\n'}
[16.892335] (workspace_gz) StderrLine: {'line': b'\x1b[01m\x1b[K/home/aliomacc/sti_usv/src/usv_sim/workspace_gz/plugins/ScoringPlugin.cc:631:9:\x1b[m\x1b[K \x1b[01;31m\x1b[Kerror: \x1b[m\x1b[K\xe2\x80\x98\x1b[01m\x1b[Kgzdbg\x1b[m\x1b[K\xe2\x80\x99 was not declared in this scope; did you mean \xe2\x80\x98\x1b[01m\x1b[Kigndbg\x1b[m\x1b[K\xe2\x80\x99?\n'}
[16.892548] (workspace_gz) StderrLine: {'line': b'  631 |         \x1b[01;31m\x1b[Kgzdbg\x1b[m\x1b[K << "[" << this->dataPtr->numCollisions\n'}
[16.892644] (workspace_gz) StderrLine: {'line': b'      |         \x1b[01;31m\x1b[K^~~~~\x1b[m\x1b[K\n'}
[16.892747] (workspace_gz) StderrLine: {'line': b'      |         \x1b[32m\x1b[Kigndbg\x1b[m\x1b[K\n'}
[16.892857] (workspace_gz) StderrLine: {'line': b'\x1b[01m\x1b[K/home/aliomacc/sti_usv/src/usv_sim/workspace_gz/plugins/ScoringPlugin.cc:631:31:\x1b[m\x1b[K \x1b[01;31m\x1b[Kerror: \x1b[m\x1b[K\xe2\x80\x98\x1b[01m\x1b[Kclass vrx::ScoringPlugin\x1b[m\x1b[K\xe2\x80\x99 has no member named \xe2\x80\x98\x1b[01m\x1b[KdataPtr\x1b[m\x1b[K\xe2\x80\x99\n'}
[16.892949] (workspace_gz) StderrLine: {'line': b'  631 |         gzdbg << "[" << this->\x1b[01;31m\x1b[KdataPtr\x1b[m\x1b[K->numCollisions\n'}
[16.893036] (workspace_gz) StderrLine: {'line': b'      |                               \x1b[01;31m\x1b[K^~~~~~~\x1b[m\x1b[K\n'}
[16.893287] (workspace_gz) StderrLine: {'line': b'\x1b[01m\x1b[K/home/aliomacc/sti_usv/src/usv_sim/workspace_gz/plugins/ScoringPlugin.cc:638:13:\x1b[m\x1b[K \x1b[01;31m\x1b[Kerror: \x1b[m\x1b[K\xe2\x80\x98\x1b[01m\x1b[Kclass vrx::ScoringPlugin\x1b[m\x1b[K\xe2\x80\x99 has no member named \xe2\x80\x98\x1b[01m\x1b[KdataPtr\x1b[m\x1b[K\xe2\x80\x99\n'}
[16.893395] (workspace_gz) StderrLine: {'line': b'  638 |       this->\x1b[01;31m\x1b[KdataPtr\x1b[m\x1b[K->lastCollisionTime = this->dataPtr->currentTime;\n'}
[16.893480] (workspace_gz) StderrLine: {'line': b'      |             \x1b[01;31m\x1b[K^~~~~~~\x1b[m\x1b[K\n'}
[16.893559] (workspace_gz) StderrLine: {'line': b'\x1b[01m\x1b[K/home/aliomacc/sti_usv/src/usv_sim/workspace_gz/plugins/ScoringPlugin.cc:638:48:\x1b[m\x1b[K \x1b[01;31m\x1b[Kerror: \x1b[m\x1b[K\xe2\x80\x98\x1b[01m\x1b[Kclass vrx::ScoringPlugin\x1b[m\x1b[K\xe2\x80\x99 has no member named \xe2\x80\x98\x1b[01m\x1b[KdataPtr\x1b[m\x1b[K\xe2\x80\x99\n'}
[16.893637] (workspace_gz) StderrLine: {'line': b'  638 |       this->dataPtr->lastCollisionTime = this->\x1b[01;31m\x1b[KdataPtr\x1b[m\x1b[K->currentTime;\n'}
[16.893749] (workspace_gz) StderrLine: {'line': b'      |                                                \x1b[01;31m\x1b[K^~~~~~~\x1b[m\x1b[K\n'}
[16.893904] (workspace_gz) StderrLine: {'line': b'\x1b[01m\x1b[K/home/aliomacc/sti_usv/src/usv_sim/workspace_gz/plugins/ScoringPlugin.cc:640:13:\x1b[m\x1b[K \x1b[01;31m\x1b[Kerror: \x1b[m\x1b[K\xe2\x80\x98\x1b[01m\x1b[Kclass vrx::ScoringPlugin\x1b[m\x1b[K\xe2\x80\x99 has no member named \xe2\x80\x98\x1b[01m\x1b[KdataPtr\x1b[m\x1b[K\xe2\x80\x99\n'}
[16.894020] (workspace_gz) StderrLine: {'line': b'  640 |       this->\x1b[01;31m\x1b[KdataPtr\x1b[m\x1b[K->collisionList.push_back(\n'}
[16.894102] (workspace_gz) StderrLine: {'line': b'      |             \x1b[01;31m\x1b[K^~~~~~~\x1b[m\x1b[K\n'}
[16.894873] (workspace_gz) StderrLine: {'line': b'\x1b[01m\x1b[K/home/aliomacc/sti_usv/src/usv_sim/workspace_gz/plugins/ScoringPlugin.cc:643:13:\x1b[m\x1b[K \x1b[01;31m\x1b[Kerror: \x1b[m\x1b[K\xe2\x80\x98\x1b[01m\x1b[Kclass vrx::ScoringPlugin\x1b[m\x1b[K\xe2\x80\x99 has no member named \xe2\x80\x98\x1b[01m\x1b[KdataPtr\x1b[m\x1b[K\xe2\x80\x99\n'}
[16.895089] (workspace_gz) StderrLine: {'line': b'  643 |       this->\x1b[01;31m\x1b[KdataPtr\x1b[m\x1b[K->collisionTimestamps.push_back(\n'}
[16.895206] (workspace_gz) StderrLine: {'line': b'      |             \x1b[01;31m\x1b[K^~~~~~~\x1b[m\x1b[K\n'}
[16.895292] (workspace_gz) StderrLine: {'line': b'\x1b[01m\x1b[K/home/aliomacc/sti_usv/src/usv_sim/workspace_gz/plugins/ScoringPlugin.cc:644:15:\x1b[m\x1b[K \x1b[01;31m\x1b[Kerror: \x1b[m\x1b[K\xe2\x80\x98\x1b[01m\x1b[Kclass vrx::ScoringPlugin\x1b[m\x1b[K\xe2\x80\x99 has no member named \xe2\x80\x98\x1b[01m\x1b[KdataPtr\x1b[m\x1b[K\xe2\x80\x99\n'}
[16.895376] (workspace_gz) StderrLine: {'line': b'  644 |         this->\x1b[01;31m\x1b[KdataPtr\x1b[m\x1b[K->currentTime.count());\n'}
[16.895463] (workspace_gz) StderrLine: {'line': b'      |               \x1b[01;31m\x1b[K^~~~~~~\x1b[m\x1b[K\n'}
[16.895707] (workspace_gz) StderrLine: {'line': b'\x1b[01m\x1b[K/home/aliomacc/sti_usv/src/usv_sim/workspace_gz/plugins/ScoringPlugin.cc:\x1b[m\x1b[K In member function \xe2\x80\x98\x1b[01m\x1b[Kvirtual void vrx::ScoringPlugin::ReleaseVehicle()\x1b[m\x1b[K\xe2\x80\x99:\n'}
[16.895888] (workspace_gz) StderrLine: {'line': b'\x1b[01m\x1b[K/home/aliomacc/sti_usv/src/usv_sim/workspace_gz/plugins/ScoringPlugin.cc:656:9:\x1b[m\x1b[K \x1b[01;31m\x1b[Kerror: \x1b[m\x1b[K\xe2\x80\x98\x1b[01m\x1b[Kclass vrx::ScoringPlugin\x1b[m\x1b[K\xe2\x80\x99 has no member named \xe2\x80\x98\x1b[01m\x1b[KdataPtr\x1b[m\x1b[K\xe2\x80\x99\n'}
[16.895979] (workspace_gz) StderrLine: {'line': b'  656 |   this->\x1b[01;31m\x1b[KdataPtr\x1b[m\x1b[K->releasePub.Publish(msg);\n'}
[16.896054] (workspace_gz) StderrLine: {'line': b'      |         \x1b[01;31m\x1b[K^~~~~~~\x1b[m\x1b[K\n'}
[16.896126] (workspace_gz) StderrLine: {'line': b'\x1b[01m\x1b[K/home/aliomacc/sti_usv/src/usv_sim/workspace_gz/plugins/ScoringPlugin.cc:\x1b[m\x1b[K At global scope:\n'}
[16.896199] (workspace_gz) StderrLine: {'line': b'\x1b[01m\x1b[K/home/aliomacc/sti_usv/src/usv_sim/workspace_gz/plugins/ScoringPlugin.cc:664:1:\x1b[m\x1b[K \x1b[01;31m\x1b[Kerror: \x1b[m\x1b[Kexpected constructor, destructor, or type conversion before \xe2\x80\x98\x1b[01m\x1b[KGZ_ADD_PLUGIN_ALIAS\x1b[m\x1b[K\xe2\x80\x99\n'}
[16.896273] (workspace_gz) StderrLine: {'line': b'  664 | \x1b[01;31m\x1b[KGZ_ADD_PLUGIN_ALIAS\x1b[m\x1b[K(vrx::ScoringPlugin,\n'}
[16.896350] (workspace_gz) StderrLine: {'line': b'      | \x1b[01;31m\x1b[K^~~~~~~~~~~~~~~~~~~\x1b[m\x1b[K\n'}
[16.934627] (-) TimerEvent: {}
[17.035606] (-) TimerEvent: {}
[17.136522] (-) TimerEvent: {}
[17.237349] (-) TimerEvent: {}
[17.337871] (-) TimerEvent: {}
[17.438540] (-) TimerEvent: {}
[17.539656] (-) TimerEvent: {}
[17.640059] (-) TimerEvent: {}
[17.740452] (-) TimerEvent: {}
[17.840817] (-) TimerEvent: {}
[17.941851] (-) TimerEvent: {}
[18.044695] (-) TimerEvent: {}
[18.146187] (-) TimerEvent: {}
[18.247776] (-) TimerEvent: {}
[18.348944] (-) TimerEvent: {}
[18.450328] (-) TimerEvent: {}
[18.551092] (-) TimerEvent: {}
[18.651837] (-) TimerEvent: {}
[18.752533] (-) TimerEvent: {}
[18.853017] (-) TimerEvent: {}
[18.953557] (-) TimerEvent: {}
[19.054158] (-) TimerEvent: {}
[19.154987] (-) TimerEvent: {}
[19.237984] (workspace_gz) StderrLine: {'line': b'gmake[2]: *** [CMakeFiles/ScoringPlugin.dir/build.make:76: CMakeFiles/ScoringPlugin.dir/plugins/ScoringPlugin.cc.o] Error 1\n'}
[19.238250] (workspace_gz) StderrLine: {'line': b'gmake[1]: *** [CMakeFiles/Makefile2:203: CMakeFiles/ScoringPlugin.dir/all] Error 2\n'}
[19.238402] (workspace_gz) StderrLine: {'line': b'gmake: *** [Makefile:146: all] Error 2\n'}
[19.243091] (workspace_gz) CommandEnded: {'returncode': 2}
[19.255149] (-) TimerEvent: {}
[19.267724] (workspace_gz) JobEnded: {'identifier': 'workspace_gz', 'rc': 2}
[19.280341] (-) EventReactorShutdown: {}
