[0.000000] (-) TimerEvent: {}
[0.000463] (workspace_gz) JobQueued: {'identifier': 'workspace_gz', 'dependencies': OrderedDict()}
[0.000545] (workspace_nav) JobQueued: {'identifier': 'workspace_nav', 'dependencies': OrderedDict()}
[0.000583] (workspace_ros) JobQueued: {'identifier': 'workspace_ros', 'dependencies': OrderedDict()}
[0.000657] (workspace_gz) JobStarted: {'identifier': 'workspace_gz'}
[0.004408] (workspace_nav) JobStarted: {'identifier': 'workspace_nav'}
[0.008097] (workspace_ros) JobStarted: {'identifier': 'workspace_ros'}
[0.011798] (workspace_gz) JobProgress: {'identifier': 'workspace_gz', 'progress': 'cmake'}
[0.012521] (workspace_gz) Command: {'cmd': ['/usr/bin/cmake', '/home/ngen/yildiz_ws/src/YILDIZ-USV/workspace_gz', '-DCMAKE_INSTALL_PREFIX=/home/ngen/yildiz_ws/src/YILDIZ-USV/install/workspace_gz'], 'cwd': '/home/ngen/yildiz_ws/src/YILDIZ-USV/build/workspace_gz', 'env': OrderedDict({'GJS_DEBUG_TOPICS': 'JS ERROR;JS LOG', 'XDG_ACTIVATION_TOKEN': 'gnome-shell/Terminator/2260-1-ngen_TIME78248', 'LESSOPEN': '| /usr/bin/lesspipe %s', 'GZ_SIM_RESOURCE_PATH': '/opt/ros/jazzy/share', 'USER': 'ngen', 'GZ_CONFIG_PATH': '/opt/ros/jazzy/opt/gz_sim_vendor/share/gz:/opt/ros/jazzy/opt/sdformat_vendor/share/gz:/opt/ros/jazzy/opt/gz_gui_vendor/share/gz:/opt/ros/jazzy/opt/gz_transport_vendor/share/gz:/opt/ros/jazzy/opt/gz_rendering_vendor/share/gz:/opt/ros/jazzy/opt/gz_plugin_vendor/share/gz:/opt/ros/jazzy/opt/gz_fuel_tools_vendor/share/gz:/opt/ros/jazzy/opt/gz_msgs_vendor/share/gz:/opt/ros/jazzy/opt/gz_common_vendor/share/gz', 'XDG_SESSION_TYPE': 'x11', 'CLUTTER_DISABLE_MIPMAPPED_TEXT': '1', 'SHLVL': '1', 'LD_LIBRARY_PATH': '/opt/ros/jazzy/opt/gz_sim_vendor/lib:/opt/ros/jazzy/opt/gz_sensors_vendor/lib:/opt/ros/jazzy/opt/gz_physics_vendor/lib:/opt/ros/jazzy/opt/sdformat_vendor/lib:/opt/ros/jazzy/opt/rviz_ogre_vendor/lib:/opt/ros/jazzy/lib/x86_64-linux-gnu:/opt/ros/jazzy/opt/gz_gui_vendor/lib:/opt/ros/jazzy/opt/gz_transport_vendor/lib:/opt/ros/jazzy/opt/gz_rendering_vendor/lib:/opt/ros/jazzy/opt/gz_plugin_vendor/lib:/opt/ros/jazzy/opt/gz_fuel_tools_vendor/lib:/opt/ros/jazzy/opt/gz_msgs_vendor/lib:/opt/ros/jazzy/opt/gz_common_vendor/lib:/opt/ros/jazzy/opt/gz_math_vendor/lib:/opt/ros/jazzy/opt/gz_utils_vendor/lib:/opt/ros/jazzy/opt/gz_tools_vendor/lib:/opt/ros/jazzy/opt/gz_ogre_next_vendor/lib:/opt/ros/jazzy/opt/gz_dartsim_vendor/lib:/opt/ros/jazzy/opt/gz_cmake_vendor/lib:/opt/ros/jazzy/lib', 'HOME': '/home/ngen', 'OLDPWD': '/home/ngen', 'DESKTOP_SESSION': 'ubuntu', 'GIO_LAUNCHED_DESKTOP_FILE': '/usr/share/applications/terminator.desktop', 'ROS_PYTHON_VERSION': '3', 'GNOME_SHELL_SESSION_MODE': 'ubuntu', 'GTK_MODULES': 'gail:atk-bridge', 'MANAGERPID': '1805', 'SYSTEMD_EXEC_PID': '2260', 'GSM_SKIP_SSH_AGENT_WORKAROUND': 'true', 'DBUS_SESSION_BUS_ADDRESS': 'unix:path=/run/user/1000/bus', 'COLORTERM': 'truecolor', 'TERMINATOR_DBUS_NAME': 'net.tenshu.Terminator21a9d5db22c73a993ff0b42f64b396873', 'GIO_LAUNCHED_DESKTOP_FILE_PID': '4475', 'DEBUGINFOD_URLS': 'https://debuginfod.ubuntu.com', 'ROS_DISTRO': 'jazzy', 'LOGNAME': 'ngen', 'JOURNAL_STREAM': '9:6655', '_': '/usr/bin/colcon', 'ROS_VERSION': '2', 'MEMORY_PRESSURE_WATCH': '/sys/fs/cgroup/user.slice/user-1000.slice/user@1000.service/session.slice/org.gnome.Shell@x11.service/memory.pressure', 'XDG_SESSION_CLASS': 'user', 'USERNAME': 'ngen', 'TERM': 'xterm-256color', 'GNOME_DESKTOP_SESSION_ID': 'this-is-deprecated', 'ROS_LOCALHOST_ONLY': '1', 'WINDOWPATH': '2', 'PATH': '/opt/ros/jazzy/opt/gz_msgs_vendor/bin:/opt/ros/jazzy/opt/gz_tools_vendor/bin:/opt/ros/jazzy/opt/gz_ogre_next_vendor/bin:/opt/ros/jazzy/bin:/home/ngen/.local/bin:/usr/local/sbin:/usr/local/bin:/usr/sbin:/usr/bin:/sbin:/bin:/usr/games:/usr/local/games:/snap/bin:/snap/bin', 'SESSION_MANAGER': 'local/ngen:@/tmp/.ICE-unix/2220,unix/ngen:/tmp/.ICE-unix/2220', 'INVOCATION_ID': 'dc58f2d4ec9e4c14b683e47dcf0372a9', 'XDG_MENU_PREFIX': 'gnome-', 'XDG_RUNTIME_DIR': '/run/user/1000', 'GZ_PARTITION': 'sim99', 'DISPLAY': ':0', 'TERMINATOR_DBUS_PATH': '/net/tenshu/Terminator2', 'LANG': 'en_US.UTF-8', 'XDG_CURRENT_DESKTOP': 'ubuntu:GNOME', 'GZ_IP': '127.0.0.1', 'XMODIFIERS': '@im=ibus', 'XDG_SESSION_DESKTOP': 'ubuntu', 'XAUTHORITY': '/run/user/1000/gdm/Xauthority', 'LS_COLORS': 'rs=0:di=01;34:ln=01;36:mh=00:pi=40;33:so=01;35:do=01;35:bd=40;33;01:cd=40;33;01:or=40;31;01:mi=00:su=37;41:sg=30;43:ca=00:tw=30;42:ow=34;42:st=37;44:ex=01;32:*.tar=01;31:*.tgz=01;31:*.arc=01;31:*.arj=01;31:*.taz=01;31:*.lha=01;31:*.lz4=01;31:*.lzh=01;31:*.lzma=01;31:*.tlz=01;31:*.txz=01;31:*.tzo=01;31:*.t7z=01;31:*.zip=01;31:*.z=01;31:*.dz=01;31:*.gz=01;31:*.lrz=01;31:*.lz=01;31:*.lzo=01;31:*.xz=01;31:*.zst=01;31:*.tzst=01;31:*.bz2=01;31:*.bz=01;31:*.tbz=01;31:*.tbz2=01;31:*.tz=01;31:*.deb=01;31:*.rpm=01;31:*.jar=01;31:*.war=01;31:*.ear=01;31:*.sar=01;31:*.rar=01;31:*.alz=01;31:*.ace=01;31:*.zoo=01;31:*.cpio=01;31:*.7z=01;31:*.rz=01;31:*.cab=01;31:*.wim=01;31:*.swm=01;31:*.dwm=01;31:*.esd=01;31:*.avif=01;35:*.jpg=01;35:*.jpeg=01;35:*.mjpg=01;35:*.mjpeg=01;35:*.gif=01;35:*.bmp=01;35:*.pbm=01;35:*.pgm=01;35:*.ppm=01;35:*.tga=01;35:*.xbm=01;35:*.xpm=01;35:*.tif=01;35:*.tiff=01;35:*.png=01;35:*.svg=01;35:*.svgz=01;35:*.mng=01;35:*.pcx=01;35:*.mov=01;35:*.mpg=01;35:*.mpeg=01;35:*.m2v=01;35:*.mkv=01;35:*.webm=01;35:*.webp=01;35:*.ogm=01;35:*.mp4=01;35:*.m4v=01;35:*.mp4v=01;35:*.vob=01;35:*.qt=01;35:*.nuv=01;35:*.wmv=01;35:*.asf=01;35:*.rm=01;35:*.rmvb=01;35:*.flc=01;35:*.avi=01;35:*.fli=01;35:*.flv=01;35:*.gl=01;35:*.dl=01;35:*.xcf=01;35:*.xwd=01;35:*.yuv=01;35:*.cgm=01;35:*.emf=01;35:*.ogv=01;35:*.ogx=01;35:*.aac=00;36:*.au=00;36:*.flac=00;36:*.m4a=00;36:*.mid=00;36:*.midi=00;36:*.mka=00;36:*.mp3=00;36:*.mpc=00;36:*.ogg=00;36:*.ra=00;36:*.wav=00;36:*.oga=00;36:*.opus=00;36:*.spx=00;36:*.xspf=00;36:*~=00;90:*#=00;90:*.bak=00;90:*.crdownload=00;90:*.dpkg-dist=00;90:*.dpkg-new=00;90:*.dpkg-old=00;90:*.dpkg-tmp=00;90:*.old=00;90:*.orig=00;90:*.part=00;90:*.rej=00;90:*.rpmnew=00;90:*.rpmorig=00;90:*.rpmsave=00;90:*.swp=00;90:*.tmp=00;90:*.ucf-dist=00;90:*.ucf-new=00;90:*.ucf-old=00;90:', 'SSH_AUTH_SOCK': '/run/user/1000/keyring/ssh', 'ROS_DOMAIN_ID': '99', 'AMENT_PREFIX_PATH': '/opt/ros/jazzy', 'SHELL': '/bin/bash', 'TERMINATOR_UUID': 'urn:uuid:d48611e8-fd2f-404c-8589-307f46e9c843', 'QT_ACCESSIBILITY': '1', 'GDMSESSION': 'ubuntu', 'LESSCLOSE': '/usr/bin/lesspipe %s %s', 'GZ_DISCOVERY_MULTICAST': '0', 'GPG_AGENT_INFO': '/run/user/1000/gnupg/S.gpg-agent:0:1', 'GJS_DEBUG_OUTPUT': 'stderr', 'ROS_AUTOMATIC_DISCOVERY_RANGE': 'SUBNET', 'QT_IM_MODULE': 'ibus', 'PWD': '/home/ngen/yildiz_ws/src/YILDIZ-USV/build/workspace_gz', 'XDG_CONFIG_DIRS': '/etc/xdg/xdg-ubuntu:/etc/xdg', 'XDG_DATA_DIRS': '/usr/share/ubuntu:/usr/share/gnome:/usr/local/share/:/usr/share/:/var/lib/snapd/desktop', 'PYTHONPATH': '/opt/ros/jazzy/lib/python3.12/site-packages', 'COLCON': '1', 'MEMORY_PRESSURE_WRITE': 'c29tZSAyMDAwMDAgMjAwMDAwMAA=', 'VTE_VERSION': '7600', 'CMAKE_PREFIX_PATH': '/opt/ros/jazzy/opt/gz_sim_vendor:/opt/ros/jazzy/opt/gz_sensors_vendor:/opt/ros/jazzy/opt/gz_physics_vendor:/opt/ros/jazzy/opt/sdformat_vendor:/opt/ros/jazzy/opt/gz_gui_vendor:/opt/ros/jazzy/opt/gz_transport_vendor:/opt/ros/jazzy/opt/gz_rendering_vendor:/opt/ros/jazzy/opt/gz_plugin_vendor:/opt/ros/jazzy/opt/gz_fuel_tools_vendor:/opt/ros/jazzy/opt/gz_msgs_vendor:/opt/ros/jazzy/opt/gz_common_vendor:/opt/ros/jazzy/opt/gz_math_vendor:/opt/ros/jazzy/opt/gz_utils_vendor:/opt/ros/jazzy/opt/gz_tools_vendor:/opt/ros/jazzy/opt/gz_ogre_next_vendor:/opt/ros/jazzy/opt/gz_dartsim_vendor:/opt/ros/jazzy/opt/gz_cmake_vendor:/opt/ros/jazzy'}), 'shell': False}
[0.099728] (-) TimerEvent: {}
[0.188416] (workspace_gz) StdoutLine: {'line': b'-- Found ament_cmake: 2.5.4 (/opt/ros/jazzy/share/ament_cmake/cmake)\n'}
[0.199819] (-) TimerEvent: {}
[0.211920] (workspace_gz) StdoutLine: {'line': b'-- Override CMake install command with custom implementation using symlinks instead of copying resources\n'}
[0.216972] (workspace_gz) StdoutLine: {'line': b'-- Looking for gz-sim8 -- found version 8.10.0\n'}
[0.220559] (workspace_gz) StdoutLine: {'line': b'-- Searching for dependencies of gz-sim8\n'}
[0.220774] (workspace_gz) StdoutLine: {'line': b'-- Looking for sdformat14 -- found version 14.8.0\n'}
[0.221056] (workspace_gz) StdoutLine: {'line': b'-- Searching for dependencies of sdformat14\n'}
[0.225526] (workspace_gz) StdoutLine: {'line': b"-- Checking for module 'tinyxml2'\n"}
[0.238564] (workspace_gz) StdoutLine: {'line': b'--   Found tinyxml2, version 10.0.0\n'}
[0.269969] (workspace_gz) StdoutLine: {'line': b'-- Looking for gz-math7 -- found version 7.5.2\n'}
[0.270205] (workspace_gz) StdoutLine: {'line': b'-- Searching for dependencies of gz-math7\n'}
[0.270395] (workspace_gz) StdoutLine: {'line': b'-- Looking for gz-utils2 -- found version 2.2.1\n'}
[0.270501] (workspace_gz) StdoutLine: {'line': b'-- Searching for dependencies of gz-utils2\n'}
[0.271658] (workspace_gz) StdoutLine: {'line': b'-- Looking for gz-utils2 -- found version 2.2.1\n'}
[0.271768] (workspace_gz) StdoutLine: {'line': b'-- Searching for dependencies of gz-utils2\n'}
[0.271987] (workspace_gz) StdoutLine: {'line': b'-- Searching for <gz-utils2> component [cli]\n'}
[0.272116] (workspace_gz) StdoutLine: {'line': b'-- Looking for gz-utils2-cli -- found version 2.2.1\n'}
[0.272240] (workspace_gz) StdoutLine: {'line': b'-- Searching for dependencies of gz-utils2-cli\n'}
[0.273233] (workspace_gz) StdoutLine: {'line': b'-- Looking for gz-plugin2 -- found version 2.0.4\n'}
[0.273370] (workspace_gz) StdoutLine: {'line': b'-- Searching for dependencies of gz-plugin2\n'}
[0.273625] (workspace_gz) StdoutLine: {'line': b'-- Looking for gz-utils2 -- found version 2.2.1\n'}
[0.274024] (workspace_gz) StdoutLine: {'line': b'-- Searching for <gz-plugin2> component [loader]\n'}
[0.274363] (workspace_gz) StdoutLine: {'line': b'-- Looking for gz-plugin2-loader -- found version 2.0.4\n'}
[0.274508] (workspace_gz) StdoutLine: {'line': b'-- Searching for dependencies of gz-plugin2-loader\n'}
[0.274929] (workspace_gz) StdoutLine: {'line': b'-- Searching for <gz-plugin2> component [register]\n'}
[0.275252] (workspace_gz) StdoutLine: {'line': b'-- Looking for gz-plugin2-register -- found version 2.0.4\n'}
[0.275401] (workspace_gz) StdoutLine: {'line': b'-- Searching for dependencies of gz-plugin2-register\n'}
[0.276231] (workspace_gz) StdoutLine: {'line': b'-- Looking for gz-transport13 -- found version 13.5.0\n'}
[0.276358] (workspace_gz) StdoutLine: {'line': b'-- Searching for dependencies of gz-transport13\n'}
[0.299913] (-) TimerEvent: {}
[0.305834] (workspace_gz) StdoutLine: {'line': b'-- Config-file not installed for ZeroMQ -- checking for pkg-config\n'}
[0.309814] (workspace_gz) StdoutLine: {'line': b"-- Checking for module 'libzmq >= 4'\n"}
[0.325024] (workspace_gz) StdoutLine: {'line': b'--   Found libzmq, version 4.3.5\n'}
[0.371084] (workspace_gz) StdoutLine: {'line': b"-- Checking for module 'uuid'\n"}
[0.384602] (workspace_gz) StdoutLine: {'line': b'--   Found uuid, version 2.39.3\n'}
[0.400001] (-) TimerEvent: {}
[0.420221] (workspace_gz) StdoutLine: {'line': b'-- Looking for gz-utils2 -- found version 2.2.1\n'}
[0.420533] (workspace_gz) StdoutLine: {'line': b'-- Looking for gz-msgs10 -- found version 10.3.2\n'}
[0.420725] (workspace_gz) StdoutLine: {'line': b'-- Searching for dependencies of gz-msgs10\n'}
[0.447227] (workspace_gz) StdoutLine: {'line': b'-- Looking for gz-utils2 -- found version 2.2.1\n'}
[0.447436] (workspace_gz) StdoutLine: {'line': b'-- Looking for gz-math7 -- found version 7.5.2\n'}
[0.455772] (workspace_gz) StdoutLine: {'line': b'-- Searching for <gz-transport13> component [log]\n'}
[0.456095] (workspace_gz) StdoutLine: {'line': b'-- Looking for gz-transport13-log -- found version 13.5.0\n'}
[0.456252] (workspace_gz) StdoutLine: {'line': b'-- Searching for dependencies of gz-transport13-log\n'}
[0.456538] (workspace_gz) StdoutLine: {'line': b'-- Searching for <gz-transport13> component [parameters]\n'}
[0.456882] (workspace_gz) StdoutLine: {'line': b'-- Looking for gz-transport13-parameters -- found version 13.5.0\n'}
[0.457007] (workspace_gz) StdoutLine: {'line': b'-- Searching for dependencies of gz-transport13-parameters\n'}
[0.457878] (workspace_gz) StdoutLine: {'line': b'-- Looking for gz-msgs10 -- found version 10.3.2\n'}
[0.458134] (workspace_gz) StdoutLine: {'line': b'-- Looking for gz-common5 -- found version 5.7.1\n'}
[0.458258] (workspace_gz) StdoutLine: {'line': b'-- Searching for dependencies of gz-common5\n'}
[0.458557] (workspace_gz) StdoutLine: {'line': b'-- Looking for gz-utils2 -- found version 2.2.1\n'}
[0.458704] (workspace_gz) StdoutLine: {'line': b'-- Looking for dlfcn.h - found\n'}
[0.458772] (workspace_gz) StdoutLine: {'line': b'-- Looking for libdl - found\n'}
[0.466201] (workspace_gz) StdoutLine: {'line': b'-- Searching for <gz-common5> component [av]\n'}
[0.466546] (workspace_gz) StdoutLine: {'line': b'-- Looking for gz-common5-av -- found version 5.7.1\n'}
[0.466721] (workspace_gz) StdoutLine: {'line': b'-- Searching for dependencies of gz-common5-av\n'}
[0.472521] (workspace_gz) StdoutLine: {'line': b"-- Checking for module 'libswscale'\n"}
[0.488378] (workspace_gz) StdoutLine: {'line': b'--   Found libswscale, version 7.5.100\n'}
[0.500095] (-) TimerEvent: {}
[0.528883] (workspace_gz) StdoutLine: {'line': b"-- Checking for module 'libavdevice >= 56.4.100'\n"}
[0.542463] (workspace_gz) StdoutLine: {'line': b'--   Found libavdevice, version 60.3.100\n'}
[0.596438] (workspace_gz) StdoutLine: {'line': b"-- Checking for module 'libavformat'\n"}
[0.600199] (-) TimerEvent: {}
[0.611932] (workspace_gz) StdoutLine: {'line': b'--   Found libavformat, version 60.16.100\n'}
[0.657268] (workspace_gz) StdoutLine: {'line': b"-- Checking for module 'libavcodec'\n"}
[0.672871] (workspace_gz) StdoutLine: {'line': b'--   Found libavcodec, version 60.31.102\n'}
[0.700377] (-) TimerEvent: {}
[0.720346] (workspace_gz) StdoutLine: {'line': b"-- Checking for module 'libavutil'\n"}
[0.739427] (workspace_gz) StdoutLine: {'line': b'--   Found libavutil, version 58.29.100\n'}
[0.775588] (workspace_gz) StdoutLine: {'line': b'-- Searching for <gz-common5> component [events]\n'}
[0.775904] (workspace_gz) StdoutLine: {'line': b'-- Looking for gz-common5-events -- found version 5.7.1\n'}
[0.776070] (workspace_gz) StdoutLine: {'line': b'-- Searching for dependencies of gz-common5-events\n'}
[0.776463] (workspace_gz) StdoutLine: {'line': b'-- Looking for gz-math7 -- found version 7.5.2\n'}
[0.777064] (workspace_gz) StdoutLine: {'line': b'-- Searching for <gz-common5> component [graphics]\n'}
[0.777384] (workspace_gz) StdoutLine: {'line': b'-- Looking for gz-common5-graphics -- found version 5.7.1\n'}
[0.777525] (workspace_gz) StdoutLine: {'line': b'-- Searching for dependencies of gz-common5-graphics\n'}
[0.777850] (workspace_gz) StdoutLine: {'line': b'-- Looking for gz-math7 -- found version 7.5.2\n'}
[0.780090] (workspace_gz) StdoutLine: {'line': b'-- Searching for <gz-common5> component [io]\n'}
[0.780406] (workspace_gz) StdoutLine: {'line': b'-- Looking for gz-common5-io -- found version 5.7.1\n'}
[0.780551] (workspace_gz) StdoutLine: {'line': b'-- Searching for dependencies of gz-common5-io\n'}
[0.780953] (workspace_gz) StdoutLine: {'line': b'-- Searching for <gz-common5> component [profiler]\n'}
[0.781313] (workspace_gz) StdoutLine: {'line': b'-- Looking for gz-common5-profiler -- found version 5.7.1\n'}
[0.781484] (workspace_gz) StdoutLine: {'line': b'-- Searching for dependencies of gz-common5-profiler\n'}
[0.782363] (workspace_gz) StdoutLine: {'line': b'-- Looking for gz-fuel_tools9 -- found version 9.1.1\n'}
[0.782461] (workspace_gz) StdoutLine: {'line': b'-- Searching for dependencies of gz-fuel_tools9\n'}
[0.800466] (-) TimerEvent: {}
[0.839813] (workspace_gz) StdoutLine: {'line': b"-- Checking for module 'jsoncpp'\n"}
[0.855414] (workspace_gz) StdoutLine: {'line': b'--   Found jsoncpp, version 1.9.5\n'}
[0.897454] (workspace_ros) Command: {'cmd': ['/usr/bin/python3', '-W', 'ignore:setup.py install is deprecated', '-W', 'ignore:easy_install command is deprecated', 'setup.py', 'develop', '--uninstall', '--editable', '--build-directory', '/home/ngen/yildiz_ws/src/YILDIZ-USV/build/workspace_ros/build'], 'cwd': '/home/ngen/yildiz_ws/src/YILDIZ-USV/build/workspace_ros', 'env': {'GJS_DEBUG_TOPICS': 'JS ERROR;JS LOG', 'XDG_ACTIVATION_TOKEN': 'gnome-shell/Terminator/2260-1-ngen_TIME78248', 'LESSOPEN': '| /usr/bin/lesspipe %s', 'GZ_SIM_RESOURCE_PATH': '/opt/ros/jazzy/share', 'USER': 'ngen', 'GZ_CONFIG_PATH': '/opt/ros/jazzy/opt/gz_sim_vendor/share/gz:/opt/ros/jazzy/opt/sdformat_vendor/share/gz:/opt/ros/jazzy/opt/gz_gui_vendor/share/gz:/opt/ros/jazzy/opt/gz_transport_vendor/share/gz:/opt/ros/jazzy/opt/gz_rendering_vendor/share/gz:/opt/ros/jazzy/opt/gz_plugin_vendor/share/gz:/opt/ros/jazzy/opt/gz_fuel_tools_vendor/share/gz:/opt/ros/jazzy/opt/gz_msgs_vendor/share/gz:/opt/ros/jazzy/opt/gz_common_vendor/share/gz', 'XDG_SESSION_TYPE': 'x11', 'CLUTTER_DISABLE_MIPMAPPED_TEXT': '1', 'SHLVL': '1', 'LD_LIBRARY_PATH': '/opt/ros/jazzy/opt/gz_sim_vendor/lib:/opt/ros/jazzy/opt/gz_sensors_vendor/lib:/opt/ros/jazzy/opt/gz_physics_vendor/lib:/opt/ros/jazzy/opt/sdformat_vendor/lib:/opt/ros/jazzy/opt/rviz_ogre_vendor/lib:/opt/ros/jazzy/lib/x86_64-linux-gnu:/opt/ros/jazzy/opt/gz_gui_vendor/lib:/opt/ros/jazzy/opt/gz_transport_vendor/lib:/opt/ros/jazzy/opt/gz_rendering_vendor/lib:/opt/ros/jazzy/opt/gz_plugin_vendor/lib:/opt/ros/jazzy/opt/gz_fuel_tools_vendor/lib:/opt/ros/jazzy/opt/gz_msgs_vendor/lib:/opt/ros/jazzy/opt/gz_common_vendor/lib:/opt/ros/jazzy/opt/gz_math_vendor/lib:/opt/ros/jazzy/opt/gz_utils_vendor/lib:/opt/ros/jazzy/opt/gz_tools_vendor/lib:/opt/ros/jazzy/opt/gz_ogre_next_vendor/lib:/opt/ros/jazzy/opt/gz_dartsim_vendor/lib:/opt/ros/jazzy/opt/gz_cmake_vendor/lib:/opt/ros/jazzy/lib', 'HOME': '/home/ngen', 'OLDPWD': '/home/ngen', 'DESKTOP_SESSION': 'ubuntu', 'GIO_LAUNCHED_DESKTOP_FILE': '/usr/share/applications/terminator.desktop', 'ROS_PYTHON_VERSION': '3', 'GNOME_SHELL_SESSION_MODE': 'ubuntu', 'GTK_MODULES': 'gail:atk-bridge', 'MANAGERPID': '1805', 'SYSTEMD_EXEC_PID': '2260', 'GSM_SKIP_SSH_AGENT_WORKAROUND': 'true', 'DBUS_SESSION_BUS_ADDRESS': 'unix:path=/run/user/1000/bus', 'COLORTERM': 'truecolor', 'TERMINATOR_DBUS_NAME': 'net.tenshu.Terminator21a9d5db22c73a993ff0b42f64b396873', 'GIO_LAUNCHED_DESKTOP_FILE_PID': '4475', 'DEBUGINFOD_URLS': 'https://debuginfod.ubuntu.com', 'ROS_DISTRO': 'jazzy', 'LOGNAME': 'ngen', 'JOURNAL_STREAM': '9:6655', '_': '/usr/bin/colcon', 'ROS_VERSION': '2', 'MEMORY_PRESSURE_WATCH': '/sys/fs/cgroup/user.slice/user-1000.slice/user@1000.service/session.slice/org.gnome.Shell@x11.service/memory.pressure', 'XDG_SESSION_CLASS': 'user', 'USERNAME': 'ngen', 'TERM': 'xterm-256color', 'GNOME_DESKTOP_SESSION_ID': 'this-is-deprecated', 'ROS_LOCALHOST_ONLY': '1', 'WINDOWPATH': '2', 'PATH': '/opt/ros/jazzy/opt/gz_msgs_vendor/bin:/opt/ros/jazzy/opt/gz_tools_vendor/bin:/opt/ros/jazzy/opt/gz_ogre_next_vendor/bin:/opt/ros/jazzy/bin:/home/ngen/.local/bin:/usr/local/sbin:/usr/local/bin:/usr/sbin:/usr/bin:/sbin:/bin:/usr/games:/usr/local/games:/snap/bin:/snap/bin', 'SESSION_MANAGER': 'local/ngen:@/tmp/.ICE-unix/2220,unix/ngen:/tmp/.ICE-unix/2220', 'INVOCATION_ID': 'dc58f2d4ec9e4c14b683e47dcf0372a9', 'XDG_MENU_PREFIX': 'gnome-', 'XDG_RUNTIME_DIR': '/run/user/1000', 'GZ_PARTITION': 'sim99', 'DISPLAY': ':0', 'TERMINATOR_DBUS_PATH': '/net/tenshu/Terminator2', 'LANG': 'en_US.UTF-8', 'XDG_CURRENT_DESKTOP': 'ubuntu:GNOME', 'GZ_IP': '127.0.0.1', 'XMODIFIERS': '@im=ibus', 'XDG_SESSION_DESKTOP': 'ubuntu', 'XAUTHORITY': '/run/user/1000/gdm/Xauthority', 'LS_COLORS': 'rs=0:di=01;34:ln=01;36:mh=00:pi=40;33:so=01;35:do=01;35:bd=40;33;01:cd=40;33;01:or=40;31;01:mi=00:su=37;41:sg=30;43:ca=00:tw=30;42:ow=34;42:st=37;44:ex=01;32:*.tar=01;31:*.tgz=01;31:*.arc=01;31:*.arj=01;31:*.taz=01;31:*.lha=01;31:*.lz4=01;31:*.lzh=01;31:*.lzma=01;31:*.tlz=01;31:*.txz=01;31:*.tzo=01;31:*.t7z=01;31:*.zip=01;31:*.z=01;31:*.dz=01;31:*.gz=01;31:*.lrz=01;31:*.lz=01;31:*.lzo=01;31:*.xz=01;31:*.zst=01;31:*.tzst=01;31:*.bz2=01;31:*.bz=01;31:*.tbz=01;31:*.tbz2=01;31:*.tz=01;31:*.deb=01;31:*.rpm=01;31:*.jar=01;31:*.war=01;31:*.ear=01;31:*.sar=01;31:*.rar=01;31:*.alz=01;31:*.ace=01;31:*.zoo=01;31:*.cpio=01;31:*.7z=01;31:*.rz=01;31:*.cab=01;31:*.wim=01;31:*.swm=01;31:*.dwm=01;31:*.esd=01;31:*.avif=01;35:*.jpg=01;35:*.jpeg=01;35:*.mjpg=01;35:*.mjpeg=01;35:*.gif=01;35:*.bmp=01;35:*.pbm=01;35:*.pgm=01;35:*.ppm=01;35:*.tga=01;35:*.xbm=01;35:*.xpm=01;35:*.tif=01;35:*.tiff=01;35:*.png=01;35:*.svg=01;35:*.svgz=01;35:*.mng=01;35:*.pcx=01;35:*.mov=01;35:*.mpg=01;35:*.mpeg=01;35:*.m2v=01;35:*.mkv=01;35:*.webm=01;35:*.webp=01;35:*.ogm=01;35:*.mp4=01;35:*.m4v=01;35:*.mp4v=01;35:*.vob=01;35:*.qt=01;35:*.nuv=01;35:*.wmv=01;35:*.asf=01;35:*.rm=01;35:*.rmvb=01;35:*.flc=01;35:*.avi=01;35:*.fli=01;35:*.flv=01;35:*.gl=01;35:*.dl=01;35:*.xcf=01;35:*.xwd=01;35:*.yuv=01;35:*.cgm=01;35:*.emf=01;35:*.ogv=01;35:*.ogx=01;35:*.aac=00;36:*.au=00;36:*.flac=00;36:*.m4a=00;36:*.mid=00;36:*.midi=00;36:*.mka=00;36:*.mp3=00;36:*.mpc=00;36:*.ogg=00;36:*.ra=00;36:*.wav=00;36:*.oga=00;36:*.opus=00;36:*.spx=00;36:*.xspf=00;36:*~=00;90:*#=00;90:*.bak=00;90:*.crdownload=00;90:*.dpkg-dist=00;90:*.dpkg-new=00;90:*.dpkg-old=00;90:*.dpkg-tmp=00;90:*.old=00;90:*.orig=00;90:*.part=00;90:*.rej=00;90:*.rpmnew=00;90:*.rpmorig=00;90:*.rpmsave=00;90:*.swp=00;90:*.tmp=00;90:*.ucf-dist=00;90:*.ucf-new=00;90:*.ucf-old=00;90:', 'SSH_AUTH_SOCK': '/run/user/1000/keyring/ssh', 'ROS_DOMAIN_ID': '99', 'AMENT_PREFIX_PATH': '/opt/ros/jazzy', 'SHELL': '/bin/bash', 'TERMINATOR_UUID': 'urn:uuid:d48611e8-fd2f-404c-8589-307f46e9c843', 'QT_ACCESSIBILITY': '1', 'GDMSESSION': 'ubuntu', 'LESSCLOSE': '/usr/bin/lesspipe %s %s', 'GZ_DISCOVERY_MULTICAST': '0', 'GPG_AGENT_INFO': '/run/user/1000/gnupg/S.gpg-agent:0:1', 'GJS_DEBUG_OUTPUT': 'stderr', 'ROS_AUTOMATIC_DISCOVERY_RANGE': 'SUBNET', 'QT_IM_MODULE': 'ibus', 'PWD': '/home/ngen/yildiz_ws/src/YILDIZ-USV/build/workspace_ros', 'XDG_CONFIG_DIRS': '/etc/xdg/xdg-ubuntu:/etc/xdg', 'XDG_DATA_DIRS': '/usr/share/ubuntu:/usr/share/gnome:/usr/local/share/:/usr/share/:/var/lib/snapd/desktop', 'PYTHONPATH': '/home/ngen/yildiz_ws/src/YILDIZ-USV/build/workspace_ros/prefix_override:/usr/lib/python3/dist-packages/colcon_core/task/python/colcon_distutils_commands:/home/ngen/yildiz_ws/src/YILDIZ-USV/install/workspace_ros/lib/python3.12/site-packages:/opt/ros/jazzy/lib/python3.12/site-packages', 'COLCON': '1', 'MEMORY_PRESSURE_WRITE': 'c29tZSAyMDAwMDAgMjAwMDAwMAA=', 'VTE_VERSION': '7600', 'CMAKE_PREFIX_PATH': '/opt/ros/jazzy/opt/gz_sim_vendor:/opt/ros/jazzy/opt/gz_sensors_vendor:/opt/ros/jazzy/opt/gz_physics_vendor:/opt/ros/jazzy/opt/sdformat_vendor:/opt/ros/jazzy/opt/gz_gui_vendor:/opt/ros/jazzy/opt/gz_transport_vendor:/opt/ros/jazzy/opt/gz_rendering_vendor:/opt/ros/jazzy/opt/gz_plugin_vendor:/opt/ros/jazzy/opt/gz_fuel_tools_vendor:/opt/ros/jazzy/opt/gz_msgs_vendor:/opt/ros/jazzy/opt/gz_common_vendor:/opt/ros/jazzy/opt/gz_math_vendor:/opt/ros/jazzy/opt/gz_utils_vendor:/opt/ros/jazzy/opt/gz_tools_vendor:/opt/ros/jazzy/opt/gz_ogre_next_vendor:/opt/ros/jazzy/opt/gz_dartsim_vendor:/opt/ros/jazzy/opt/gz_cmake_vendor'}, 'shell': False}
[0.900571] (-) TimerEvent: {}
[0.909430] (workspace_nav) Command: {'cmd': ['/usr/bin/python3', '-W', 'ignore:setup.py install is deprecated', '-W', 'ignore:easy_install command is deprecated', 'setup.py', 'egg_info', '--egg-base', '../build/workspace_nav', 'build', '--build-base', '/home/ngen/yildiz_ws/src/YILDIZ-USV/build/workspace_nav/build', 'install', '--record', '/home/ngen/yildiz_ws/src/YILDIZ-USV/build/workspace_nav/install.log', '--single-version-externally-managed', 'install_data'], 'cwd': '/home/ngen/yildiz_ws/src/YILDIZ-USV/workspace_nav', 'env': {'GJS_DEBUG_TOPICS': 'JS ERROR;JS LOG', 'XDG_ACTIVATION_TOKEN': 'gnome-shell/Terminator/2260-1-ngen_TIME78248', 'LESSOPEN': '| /usr/bin/lesspipe %s', 'GZ_SIM_RESOURCE_PATH': '/opt/ros/jazzy/share', 'USER': 'ngen', 'GZ_CONFIG_PATH': '/opt/ros/jazzy/opt/gz_sim_vendor/share/gz:/opt/ros/jazzy/opt/sdformat_vendor/share/gz:/opt/ros/jazzy/opt/gz_gui_vendor/share/gz:/opt/ros/jazzy/opt/gz_transport_vendor/share/gz:/opt/ros/jazzy/opt/gz_rendering_vendor/share/gz:/opt/ros/jazzy/opt/gz_plugin_vendor/share/gz:/opt/ros/jazzy/opt/gz_fuel_tools_vendor/share/gz:/opt/ros/jazzy/opt/gz_msgs_vendor/share/gz:/opt/ros/jazzy/opt/gz_common_vendor/share/gz', 'XDG_SESSION_TYPE': 'x11', 'CLUTTER_DISABLE_MIPMAPPED_TEXT': '1', 'SHLVL': '1', 'LD_LIBRARY_PATH': '/opt/ros/jazzy/opt/gz_sim_vendor/lib:/opt/ros/jazzy/opt/gz_sensors_vendor/lib:/opt/ros/jazzy/opt/gz_physics_vendor/lib:/opt/ros/jazzy/opt/sdformat_vendor/lib:/opt/ros/jazzy/opt/rviz_ogre_vendor/lib:/opt/ros/jazzy/lib/x86_64-linux-gnu:/opt/ros/jazzy/opt/gz_gui_vendor/lib:/opt/ros/jazzy/opt/gz_transport_vendor/lib:/opt/ros/jazzy/opt/gz_rendering_vendor/lib:/opt/ros/jazzy/opt/gz_plugin_vendor/lib:/opt/ros/jazzy/opt/gz_fuel_tools_vendor/lib:/opt/ros/jazzy/opt/gz_msgs_vendor/lib:/opt/ros/jazzy/opt/gz_common_vendor/lib:/opt/ros/jazzy/opt/gz_math_vendor/lib:/opt/ros/jazzy/opt/gz_utils_vendor/lib:/opt/ros/jazzy/opt/gz_tools_vendor/lib:/opt/ros/jazzy/opt/gz_ogre_next_vendor/lib:/opt/ros/jazzy/opt/gz_dartsim_vendor/lib:/opt/ros/jazzy/opt/gz_cmake_vendor/lib:/opt/ros/jazzy/lib', 'HOME': '/home/ngen', 'OLDPWD': '/home/ngen', 'DESKTOP_SESSION': 'ubuntu', 'GIO_LAUNCHED_DESKTOP_FILE': '/usr/share/applications/terminator.desktop', 'ROS_PYTHON_VERSION': '3', 'GNOME_SHELL_SESSION_MODE': 'ubuntu', 'GTK_MODULES': 'gail:atk-bridge', 'MANAGERPID': '1805', 'SYSTEMD_EXEC_PID': '2260', 'GSM_SKIP_SSH_AGENT_WORKAROUND': 'true', 'DBUS_SESSION_BUS_ADDRESS': 'unix:path=/run/user/1000/bus', 'COLORTERM': 'truecolor', 'TERMINATOR_DBUS_NAME': 'net.tenshu.Terminator21a9d5db22c73a993ff0b42f64b396873', 'GIO_LAUNCHED_DESKTOP_FILE_PID': '4475', 'DEBUGINFOD_URLS': 'https://debuginfod.ubuntu.com', 'ROS_DISTRO': 'jazzy', 'LOGNAME': 'ngen', 'JOURNAL_STREAM': '9:6655', '_': '/usr/bin/colcon', 'ROS_VERSION': '2', 'MEMORY_PRESSURE_WATCH': '/sys/fs/cgroup/user.slice/user-1000.slice/user@1000.service/session.slice/org.gnome.Shell@x11.service/memory.pressure', 'XDG_SESSION_CLASS': 'user', 'USERNAME': 'ngen', 'TERM': 'xterm-256color', 'GNOME_DESKTOP_SESSION_ID': 'this-is-deprecated', 'ROS_LOCALHOST_ONLY': '1', 'WINDOWPATH': '2', 'PATH': '/opt/ros/jazzy/opt/gz_msgs_vendor/bin:/opt/ros/jazzy/opt/gz_tools_vendor/bin:/opt/ros/jazzy/opt/gz_ogre_next_vendor/bin:/opt/ros/jazzy/bin:/home/ngen/.local/bin:/usr/local/sbin:/usr/local/bin:/usr/sbin:/usr/bin:/sbin:/bin:/usr/games:/usr/local/games:/snap/bin:/snap/bin', 'SESSION_MANAGER': 'local/ngen:@/tmp/.ICE-unix/2220,unix/ngen:/tmp/.ICE-unix/2220', 'INVOCATION_ID': 'dc58f2d4ec9e4c14b683e47dcf0372a9', 'XDG_MENU_PREFIX': 'gnome-', 'XDG_RUNTIME_DIR': '/run/user/1000', 'GZ_PARTITION': 'sim99', 'DISPLAY': ':0', 'TERMINATOR_DBUS_PATH': '/net/tenshu/Terminator2', 'LANG': 'en_US.UTF-8', 'XDG_CURRENT_DESKTOP': 'ubuntu:GNOME', 'GZ_IP': '127.0.0.1', 'XMODIFIERS': '@im=ibus', 'XDG_SESSION_DESKTOP': 'ubuntu', 'XAUTHORITY': '/run/user/1000/gdm/Xauthority', 'LS_COLORS': 'rs=0:di=01;34:ln=01;36:mh=00:pi=40;33:so=01;35:do=01;35:bd=40;33;01:cd=40;33;01:or=40;31;01:mi=00:su=37;41:sg=30;43:ca=00:tw=30;42:ow=34;42:st=37;44:ex=01;32:*.tar=01;31:*.tgz=01;31:*.arc=01;31:*.arj=01;31:*.taz=01;31:*.lha=01;31:*.lz4=01;31:*.lzh=01;31:*.lzma=01;31:*.tlz=01;31:*.txz=01;31:*.tzo=01;31:*.t7z=01;31:*.zip=01;31:*.z=01;31:*.dz=01;31:*.gz=01;31:*.lrz=01;31:*.lz=01;31:*.lzo=01;31:*.xz=01;31:*.zst=01;31:*.tzst=01;31:*.bz2=01;31:*.bz=01;31:*.tbz=01;31:*.tbz2=01;31:*.tz=01;31:*.deb=01;31:*.rpm=01;31:*.jar=01;31:*.war=01;31:*.ear=01;31:*.sar=01;31:*.rar=01;31:*.alz=01;31:*.ace=01;31:*.zoo=01;31:*.cpio=01;31:*.7z=01;31:*.rz=01;31:*.cab=01;31:*.wim=01;31:*.swm=01;31:*.dwm=01;31:*.esd=01;31:*.avif=01;35:*.jpg=01;35:*.jpeg=01;35:*.mjpg=01;35:*.mjpeg=01;35:*.gif=01;35:*.bmp=01;35:*.pbm=01;35:*.pgm=01;35:*.ppm=01;35:*.tga=01;35:*.xbm=01;35:*.xpm=01;35:*.tif=01;35:*.tiff=01;35:*.png=01;35:*.svg=01;35:*.svgz=01;35:*.mng=01;35:*.pcx=01;35:*.mov=01;35:*.mpg=01;35:*.mpeg=01;35:*.m2v=01;35:*.mkv=01;35:*.webm=01;35:*.webp=01;35:*.ogm=01;35:*.mp4=01;35:*.m4v=01;35:*.mp4v=01;35:*.vob=01;35:*.qt=01;35:*.nuv=01;35:*.wmv=01;35:*.asf=01;35:*.rm=01;35:*.rmvb=01;35:*.flc=01;35:*.avi=01;35:*.fli=01;35:*.flv=01;35:*.gl=01;35:*.dl=01;35:*.xcf=01;35:*.xwd=01;35:*.yuv=01;35:*.cgm=01;35:*.emf=01;35:*.ogv=01;35:*.ogx=01;35:*.aac=00;36:*.au=00;36:*.flac=00;36:*.m4a=00;36:*.mid=00;36:*.midi=00;36:*.mka=00;36:*.mp3=00;36:*.mpc=00;36:*.ogg=00;36:*.ra=00;36:*.wav=00;36:*.oga=00;36:*.opus=00;36:*.spx=00;36:*.xspf=00;36:*~=00;90:*#=00;90:*.bak=00;90:*.crdownload=00;90:*.dpkg-dist=00;90:*.dpkg-new=00;90:*.dpkg-old=00;90:*.dpkg-tmp=00;90:*.old=00;90:*.orig=00;90:*.part=00;90:*.rej=00;90:*.rpmnew=00;90:*.rpmorig=00;90:*.rpmsave=00;90:*.swp=00;90:*.tmp=00;90:*.ucf-dist=00;90:*.ucf-new=00;90:*.ucf-old=00;90:', 'SSH_AUTH_SOCK': '/run/user/1000/keyring/ssh', 'ROS_DOMAIN_ID': '99', 'AMENT_PREFIX_PATH': '/opt/ros/jazzy', 'SHELL': '/bin/bash', 'TERMINATOR_UUID': 'urn:uuid:d48611e8-fd2f-404c-8589-307f46e9c843', 'QT_ACCESSIBILITY': '1', 'GDMSESSION': 'ubuntu', 'LESSCLOSE': '/usr/bin/lesspipe %s %s', 'GZ_DISCOVERY_MULTICAST': '0', 'GPG_AGENT_INFO': '/run/user/1000/gnupg/S.gpg-agent:0:1', 'GJS_DEBUG_OUTPUT': 'stderr', 'ROS_AUTOMATIC_DISCOVERY_RANGE': 'SUBNET', 'QT_IM_MODULE': 'ibus', 'PWD': '/home/ngen/yildiz_ws/src/YILDIZ-USV/build/workspace_nav', 'XDG_CONFIG_DIRS': '/etc/xdg/xdg-ubuntu:/etc/xdg', 'XDG_DATA_DIRS': '/usr/share/ubuntu:/usr/share/gnome:/usr/local/share/:/usr/share/:/var/lib/snapd/desktop', 'PYTHONPATH': '/home/ngen/yildiz_ws/src/YILDIZ-USV/build/workspace_nav/prefix_override:/usr/lib/python3/dist-packages/colcon_core/task/python/colcon_distutils_commands:/home/ngen/yildiz_ws/src/YILDIZ-USV/install/workspace_nav/lib/python3.12/site-packages:/opt/ros/jazzy/lib/python3.12/site-packages', 'COLCON': '1', 'MEMORY_PRESSURE_WRITE': 'c29tZSAyMDAwMDAgMjAwMDAwMAA=', 'VTE_VERSION': '7600', 'CMAKE_PREFIX_PATH': '/opt/ros/jazzy/opt/gz_sim_vendor:/opt/ros/jazzy/opt/gz_sensors_vendor:/opt/ros/jazzy/opt/gz_physics_vendor:/opt/ros/jazzy/opt/sdformat_vendor:/opt/ros/jazzy/opt/gz_gui_vendor:/opt/ros/jazzy/opt/gz_transport_vendor:/opt/ros/jazzy/opt/gz_rendering_vendor:/opt/ros/jazzy/opt/gz_plugin_vendor:/opt/ros/jazzy/opt/gz_fuel_tools_vendor:/opt/ros/jazzy/opt/gz_msgs_vendor:/opt/ros/jazzy/opt/gz_common_vendor:/opt/ros/jazzy/opt/gz_math_vendor:/opt/ros/jazzy/opt/gz_utils_vendor:/opt/ros/jazzy/opt/gz_tools_vendor:/opt/ros/jazzy/opt/gz_ogre_next_vendor:/opt/ros/jazzy/opt/gz_dartsim_vendor:/opt/ros/jazzy/opt/gz_cmake_vendor'}, 'shell': False}
[0.914419] (workspace_gz) StdoutLine: {'line': b"-- Checking for module 'yaml-0.1'\n"}
[0.928577] (workspace_gz) StdoutLine: {'line': b'--   Found yaml-0.1, version 0.2.5\n'}
[0.968059] (workspace_gz) StdoutLine: {'line': b"-- Checking for module 'libzip'\n"}
[0.984254] (workspace_gz) StdoutLine: {'line': b'--   Found libzip, version 1.7.3\n'}
[1.000687] (-) TimerEvent: {}
[1.019726] (workspace_gz) StdoutLine: {'line': b'-- Looking for gz-utils2 -- found version 2.2.1\n'}
[1.020137] (workspace_gz) StdoutLine: {'line': b'-- Looking for gz-common5 -- found version 5.7.1\n'}
[1.020315] (workspace_gz) StdoutLine: {'line': b'-- Searching for dependencies of gz-common5\n'}
[1.020779] (workspace_gz) StdoutLine: {'line': b'-- Looking for gz-utils2 -- found version 2.2.1\n'}
[1.020944] (workspace_gz) StdoutLine: {'line': b'-- Looking for dlfcn.h - found\n'}
[1.021007] (workspace_gz) StdoutLine: {'line': b'-- Looking for libdl - found\n'}
[1.029817] (workspace_gz) StdoutLine: {'line': b'-- Searching for <gz-common5> component [testing]\n'}
[1.030191] (workspace_gz) StdoutLine: {'line': b'-- Looking for gz-common5-testing -- found version 5.7.1\n'}
[1.030403] (workspace_gz) StdoutLine: {'line': b'-- Searching for dependencies of gz-common5-testing\n'}
[1.031392] (workspace_gz) StdoutLine: {'line': b'-- Looking for gz-math7 -- found version 7.5.2\n'}
[1.031808] (workspace_gz) StdoutLine: {'line': b'-- Looking for gz-msgs10 -- found version 10.3.2\n'}
[1.033149] (workspace_gz) StdoutLine: {'line': b'-- Looking for gz-gui8 -- found version 8.4.0\n'}
[1.033297] (workspace_gz) StdoutLine: {'line': b'-- Searching for dependencies of gz-gui8\n'}
[1.068296] (workspace_gz) StdoutLine: {'line': b'-- Looking for gz-utils2 -- found version 2.2.1\n'}
[1.068607] (workspace_gz) StdoutLine: {'line': b'-- Looking for gz-math7 -- found version 7.5.2\n'}
[1.068994] (workspace_gz) StdoutLine: {'line': b'-- Looking for gz-common5 -- found version 5.7.1\n'}
[1.069404] (workspace_gz) StdoutLine: {'line': b'-- Looking for gz-plugin2 -- found version 2.0.4\n'}
[1.069621] (workspace_gz) StdoutLine: {'line': b'-- Looking for gz-transport13 -- found version 13.5.0\n'}
[1.070140] (workspace_gz) StdoutLine: {'line': b'-- Looking for gz-rendering8 -- found version 8.2.2\n'}
[1.070245] (workspace_gz) StdoutLine: {'line': b'-- Searching for dependencies of gz-rendering8\n'}
[1.070502] (workspace_gz) StdoutLine: {'line': b'-- Looking for gz-math7 -- found version 7.5.2\n'}
[1.070682] (workspace_gz) StdoutLine: {'line': b'-- Searching for dependencies of gz-math7\n'}
[1.071057] (workspace_gz) StdoutLine: {'line': b'-- Looking for gz-utils2 -- found version 2.2.1\n'}
[1.071150] (workspace_gz) StdoutLine: {'line': b'-- Searching for <gz-math7> component [eigen3]\n'}
[1.071502] (workspace_gz) StdoutLine: {'line': b'-- Looking for gz-math7-eigen3 -- found version 7.5.2\n'}
[1.071625] (workspace_gz) StdoutLine: {'line': b'-- Searching for dependencies of gz-math7-eigen3\n'}
[1.073120] (workspace_gz) StdoutLine: {'line': b'-- Looking for gz-common5 -- found version 5.7.1\n'}
[1.073253] (workspace_gz) StdoutLine: {'line': b'-- Searching for dependencies of gz-common5\n'}
[1.073619] (workspace_gz) StdoutLine: {'line': b'-- Looking for gz-utils2 -- found version 2.2.1\n'}
[1.073759] (workspace_gz) StdoutLine: {'line': b'-- Looking for dlfcn.h - found\n'}
[1.073812] (workspace_gz) StdoutLine: {'line': b'-- Looking for libdl - found\n'}
[1.082635] (workspace_gz) StdoutLine: {'line': b'-- Searching for <gz-common5> component [graphics]\n'}
[1.082746] (workspace_gz) StdoutLine: {'line': b'-- Searching for <gz-common5> component [events]\n'}
[1.082825] (workspace_gz) StdoutLine: {'line': b'-- Searching for <gz-common5> component [geospatial]\n'}
[1.083243] (workspace_gz) StdoutLine: {'line': b'-- Looking for gz-common5-geospatial -- found version 5.7.1\n'}
[1.083451] (workspace_gz) StdoutLine: {'line': b'-- Searching for dependencies of gz-common5-geospatial\n'}
[1.083909] (workspace_gz) StdoutLine: {'line': b'-- Looking for gz-math7 -- found version 7.5.2\n'}
[1.084463] (workspace_gz) StdoutLine: {'line': b'-- Looking for gz-common5 -- found version 5.7.1\n'}
[1.085834] (workspace_gz) StdoutLine: {'line': b'-- Looking for gz-plugin2 -- found version 2.0.4\n'}
[1.085988] (workspace_gz) StdoutLine: {'line': b'-- Searching for dependencies of gz-plugin2\n'}
[1.086318] (workspace_gz) StdoutLine: {'line': b'-- Looking for gz-utils2 -- found version 2.2.1\n'}
[1.086410] (workspace_gz) StdoutLine: {'line': b'-- Searching for <gz-plugin2> component [all]\n'}
[1.086746] (workspace_gz) StdoutLine: {'line': b'-- Looking for all libraries of gz-plugin2 -- found version 2.0.4\n'}
[1.087254] (workspace_gz) StdoutLine: {'line': b'-- Looking for gz-plugin2 -- found version 2.0.4\n'}
[1.088033] (workspace_gz) StdoutLine: {'line': b'-- Looking for gz-utils2 -- found version 2.2.1\n'}
[1.091139] (workspace_gz) StdoutLine: {'line': b'-- Looking for gz-msgs10 -- found version 10.3.2\n'}
[1.100750] (-) TimerEvent: {}
[1.105799] (workspace_gz) StdoutLine: {'line': b'-- Looking for gz-physics7 -- found version 7.6.0\n'}
[1.105923] (workspace_gz) StdoutLine: {'line': b'-- Searching for dependencies of gz-physics7\n'}
[1.106202] (workspace_gz) StdoutLine: {'line': b'-- Looking for gz-common5 -- found version 5.7.1\n'}
[1.106529] (workspace_gz) StdoutLine: {'line': b'-- Looking for gz-math7 -- found version 7.5.2\n'}
[1.106972] (workspace_gz) StdoutLine: {'line': b'-- Looking for gz-plugin2 -- found version 2.0.4\n'}
[1.107213] (workspace_gz) StdoutLine: {'line': b'-- Looking for gz-utils2 -- found version 2.2.1\n'}
[1.108351] (workspace_gz) StdoutLine: {'line': b'-- Searching for <gz-physics7> component [heightmap]\n'}
[1.108578] (workspace_gz) StdoutLine: {'line': b'-- Looking for gz-physics7-heightmap -- found version 7.6.0\n'}
[1.108723] (workspace_gz) StdoutLine: {'line': b'-- Searching for dependencies of gz-physics7-heightmap\n'}
[1.109050] (workspace_gz) StdoutLine: {'line': b'-- Looking for gz-common5 -- found version 5.7.1\n'}
[1.109423] (workspace_gz) StdoutLine: {'line': b'-- Searching for <gz-physics7> component [mesh]\n'}
[1.109774] (workspace_gz) StdoutLine: {'line': b'-- Looking for gz-physics7-mesh -- found version 7.6.0\n'}
[1.109913] (workspace_gz) StdoutLine: {'line': b'-- Searching for dependencies of gz-physics7-mesh\n'}
[1.110230] (workspace_gz) StdoutLine: {'line': b'-- Looking for gz-common5 -- found version 5.7.1\n'}
[1.110632] (workspace_gz) StdoutLine: {'line': b'-- Searching for <gz-physics7> component [sdf]\n'}
[1.110945] (workspace_gz) StdoutLine: {'line': b'-- Looking for gz-physics7-sdf -- found version 7.6.0\n'}
[1.111084] (workspace_gz) StdoutLine: {'line': b'-- Searching for dependencies of gz-physics7-sdf\n'}
[1.111405] (workspace_gz) StdoutLine: {'line': b'-- Looking for sdformat14 -- found version 14.8.0\n'}
[1.112231] (workspace_gz) StdoutLine: {'line': b'-- Looking for gz-sensors8 -- found version 8.2.2\n'}
[1.112372] (workspace_gz) StdoutLine: {'line': b'-- Searching for dependencies of gz-sensors8\n'}
[1.132701] (workspace_gz) StdoutLine: {'line': b'-- Looking for gz-math7 -- found version 7.5.2\n'}
[1.132992] (workspace_gz) StdoutLine: {'line': b'-- Looking for gz-common5 -- found version 5.7.1\n'}
[1.133315] (workspace_gz) StdoutLine: {'line': b'-- Looking for gz-transport13 -- found version 13.5.0\n'}
[1.133633] (workspace_gz) StdoutLine: {'line': b'-- Looking for gz-rendering8 -- found version 8.2.2\n'}
[1.134120] (workspace_gz) StdoutLine: {'line': b'-- Looking for gz-msgs10 -- found version 10.3.2\n'}
[1.134354] (workspace_gz) StdoutLine: {'line': b'-- Looking for sdformat14 -- found version 14.8.0\n'}
[1.134821] (workspace_gz) StdoutLine: {'line': b'-- Searching for <gz-sensors8> component [air_pressure]\n'}
[1.135217] (workspace_gz) StdoutLine: {'line': b'-- Looking for gz-sensors8-air_pressure -- found version 8.2.2\n'}
[1.135347] (workspace_gz) StdoutLine: {'line': b'-- Searching for dependencies of gz-sensors8-air_pressure\n'}
[1.135781] (workspace_gz) StdoutLine: {'line': b'-- Searching for <gz-sensors8> component [air_speed]\n'}
[1.136138] (workspace_gz) StdoutLine: {'line': b'-- Looking for gz-sensors8-air_speed -- found version 8.2.2\n'}
[1.136271] (workspace_gz) StdoutLine: {'line': b'-- Searching for dependencies of gz-sensors8-air_speed\n'}
[1.136690] (workspace_gz) StdoutLine: {'line': b'-- Searching for <gz-sensors8> component [altimeter]\n'}
[1.136995] (workspace_gz) StdoutLine: {'line': b'-- Looking for gz-sensors8-altimeter -- found version 8.2.2\n'}
[1.137128] (workspace_gz) StdoutLine: {'line': b'-- Searching for dependencies of gz-sensors8-altimeter\n'}
[1.137557] (workspace_gz) StdoutLine: {'line': b'-- Searching for <gz-sensors8> component [imu]\n'}
[1.137861] (workspace_gz) StdoutLine: {'line': b'-- Looking for gz-sensors8-imu -- found version 8.2.2\n'}
[1.137995] (workspace_gz) StdoutLine: {'line': b'-- Searching for dependencies of gz-sensors8-imu\n'}
[1.138421] (workspace_gz) StdoutLine: {'line': b'-- Searching for <gz-sensors8> component [force_torque]\n'}
[1.138740] (workspace_gz) StdoutLine: {'line': b'-- Looking for gz-sensors8-force_torque -- found version 8.2.2\n'}
[1.139022] (workspace_gz) StdoutLine: {'line': b'-- Searching for dependencies of gz-sensors8-force_torque\n'}
[1.139308] (workspace_gz) StdoutLine: {'line': b'-- Searching for <gz-sensors8> component [logical_camera]\n'}
[1.139629] (workspace_gz) StdoutLine: {'line': b'-- Looking for gz-sensors8-logical_camera -- found version 8.2.2\n'}
[1.139782] (workspace_gz) StdoutLine: {'line': b'-- Searching for dependencies of gz-sensors8-logical_camera\n'}
[1.140189] (workspace_gz) StdoutLine: {'line': b'-- Searching for <gz-sensors8> component [magnetometer]\n'}
[1.140491] (workspace_gz) StdoutLine: {'line': b'-- Looking for gz-sensors8-magnetometer -- found version 8.2.2\n'}
[1.140646] (workspace_gz) StdoutLine: {'line': b'-- Searching for dependencies of gz-sensors8-magnetometer\n'}
[1.141045] (workspace_gz) StdoutLine: {'line': b'-- Searching for <gz-sensors8> component [navsat]\n'}
[1.141369] (workspace_gz) StdoutLine: {'line': b'-- Looking for gz-sensors8-navsat -- found version 8.2.2\n'}
[1.141518] (workspace_gz) StdoutLine: {'line': b'-- Searching for dependencies of gz-sensors8-navsat\n'}
[1.141932] (workspace_gz) StdoutLine: {'line': b'-- Searching for <gz-sensors8> component [dvl]\n'}
[1.142265] (workspace_gz) StdoutLine: {'line': b'-- Looking for gz-sensors8-dvl -- found version 8.2.2\n'}
[1.142404] (workspace_gz) StdoutLine: {'line': b'-- Searching for dependencies of gz-sensors8-dvl\n'}
[1.142762] (workspace_gz) StdoutLine: {'line': b'-- Looking for gz-sensors8 -- found version 8.2.2\n'}
[1.142906] (workspace_gz) StdoutLine: {'line': b'-- Searching for dependencies of gz-sensors8\n'}
[1.149310] (workspace_nav) StdoutLine: {'line': b'running egg_info\n'}
[1.153126] (workspace_ros) StdoutLine: {'line': b'running develop\n'}
[1.164281] (workspace_gz) StdoutLine: {'line': b'-- Looking for gz-math7 -- found version 7.5.2\n'}
[1.164709] (workspace_gz) StdoutLine: {'line': b'-- Looking for gz-common5 -- found version 5.7.1\n'}
[1.165248] (workspace_gz) StdoutLine: {'line': b'-- Looking for gz-transport13 -- found version 13.5.0\n'}
[1.165660] (workspace_gz) StdoutLine: {'line': b'-- Looking for gz-rendering8 -- found version 8.2.2\n'}
[1.166165] (workspace_gz) StdoutLine: {'line': b'-- Looking for gz-msgs10 -- found version 10.3.2\n'}
[1.166656] (workspace_gz) StdoutLine: {'line': b'-- Looking for sdformat14 -- found version 14.8.0\n'}
[1.166834] (workspace_nav) StdoutLine: {'line': b'writing ../build/workspace_nav/workspace_nav.egg-info/PKG-INFO\n'}
[1.166973] (workspace_nav) StdoutLine: {'line': b'writing dependency_links to ../build/workspace_nav/workspace_nav.egg-info/dependency_links.txt\n'}
[1.167093] (workspace_gz) StdoutLine: {'line': b'-- Searching for <gz-sensors8> component [rendering]\n'}
[1.167218] (workspace_nav) StdoutLine: {'line': b'writing entry points to ../build/workspace_nav/workspace_nav.egg-info/entry_points.txt\n'}
[1.167349] (workspace_nav) StdoutLine: {'line': b'writing requirements to ../build/workspace_nav/workspace_nav.egg-info/requires.txt\n'}
[1.167445] (workspace_nav) StdoutLine: {'line': b'writing top-level names to ../build/workspace_nav/workspace_nav.egg-info/top_level.txt\n'}
[1.167563] (workspace_gz) StdoutLine: {'line': b'-- Looking for gz-sensors8-rendering -- found version 8.2.2\n'}
[1.167739] (workspace_gz) StdoutLine: {'line': b'-- Searching for dependencies of gz-sensors8-rendering\n'}
[1.169187] (workspace_gz) StdoutLine: {'line': b'-- Searching for <gz-sensors8> component [rendering]\n'}
[1.169281] (workspace_gz) StdoutLine: {'line': b'-- Searching for <gz-sensors8> component [lidar]\n'}
[1.169593] (workspace_gz) StdoutLine: {'line': b'-- Looking for gz-sensors8-lidar -- found version 8.2.2\n'}
[1.169752] (workspace_gz) StdoutLine: {'line': b'-- Searching for dependencies of gz-sensors8-lidar\n'}
[1.170103] (workspace_gz) StdoutLine: {'line': b'-- Looking for gz-sensors8 -- found version 8.2.2\n'}
[1.170616] (workspace_gz) StdoutLine: {'line': b'-- Searching for <gz-sensors8> component [gpu_lidar]\n'}
[1.170969] (workspace_gz) StdoutLine: {'line': b'-- Looking for gz-sensors8-gpu_lidar -- found version 8.2.2\n'}
[1.171105] (workspace_gz) StdoutLine: {'line': b'-- Searching for dependencies of gz-sensors8-gpu_lidar\n'}
[1.171434] (workspace_gz) StdoutLine: {'line': b'-- Looking for gz-sensors8 -- found version 8.2.2\n'}
[1.171915] (workspace_gz) StdoutLine: {'line': b'-- Searching for <gz-sensors8> component [camera]\n'}
[1.172262] (workspace_gz) StdoutLine: {'line': b'-- Looking for gz-sensors8-camera -- found version 8.2.2\n'}
[1.172401] (workspace_gz) StdoutLine: {'line': b'-- Searching for dependencies of gz-sensors8-camera\n'}
[1.172725] (workspace_gz) StdoutLine: {'line': b'-- Looking for gz-sensors8 -- found version 8.2.2\n'}
[1.173197] (workspace_gz) StdoutLine: {'line': b'-- Searching for <gz-sensors8> component [boundingbox_camera]\n'}
[1.173541] (workspace_gz) StdoutLine: {'line': b'-- Looking for gz-sensors8-boundingbox_camera -- found version 8.2.2\n'}
[1.173678] (workspace_gz) StdoutLine: {'line': b'-- Searching for dependencies of gz-sensors8-boundingbox_camera\n'}
[1.174114] (workspace_gz) StdoutLine: {'line': b'-- Searching for <gz-sensors8> component [segmentation_camera]\n'}
[1.174461] (workspace_gz) StdoutLine: {'line': b'-- Looking for gz-sensors8-segmentation_camera -- found version 8.2.2\n'}
[1.174588] (workspace_gz) StdoutLine: {'line': b'-- Searching for dependencies of gz-sensors8-segmentation_camera\n'}
[1.175014] (workspace_gz) StdoutLine: {'line': b'-- Searching for <gz-sensors8> component [depth_camera]\n'}
[1.175359] (workspace_gz) StdoutLine: {'line': b'-- Looking for gz-sensors8-depth_camera -- found version 8.2.2\n'}
[1.175495] (workspace_gz) StdoutLine: {'line': b'-- Searching for dependencies of gz-sensors8-depth_camera\n'}
[1.175829] (workspace_gz) StdoutLine: {'line': b'-- Looking for gz-sensors8 -- found version 8.2.2\n'}
[1.176418] (workspace_gz) StdoutLine: {'line': b'-- Searching for <gz-sensors8> component [rgbd_camera]\n'}
[1.176760] (workspace_gz) StdoutLine: {'line': b'-- Looking for gz-sensors8-rgbd_camera -- found version 8.2.2\n'}
[1.176904] (workspace_gz) StdoutLine: {'line': b'-- Searching for dependencies of gz-sensors8-rgbd_camera\n'}
[1.177230] (workspace_gz) StdoutLine: {'line': b'-- Looking for gz-sensors8 -- found version 8.2.2\n'}
[1.177743] (workspace_gz) StdoutLine: {'line': b'-- Searching for <gz-sensors8> component [thermal_camera]\n'}
[1.178179] (workspace_gz) StdoutLine: {'line': b'-- Looking for gz-sensors8-thermal_camera -- found version 8.2.2\n'}
[1.178352] (workspace_gz) StdoutLine: {'line': b'-- Searching for dependencies of gz-sensors8-thermal_camera\n'}
[1.178528] (workspace_gz) StdoutLine: {'line': b'-- Looking for gz-sensors8 -- found version 8.2.2\n'}
[1.179120] (workspace_gz) StdoutLine: {'line': b'-- Searching for <gz-sensors8> component [wide_angle_camera]\n'}
[1.179417] (workspace_gz) StdoutLine: {'line': b'-- Looking for gz-sensors8-wide_angle_camera -- found version 8.2.2\n'}
[1.179554] (workspace_gz) StdoutLine: {'line': b'-- Searching for dependencies of gz-sensors8-wide_angle_camera\n'}
[1.180382] (workspace_gz) StdoutLine: {'line': b'-- Looking for gz-rendering8 -- found version 8.2.2\n'}
[1.180735] (workspace_gz) StdoutLine: {'line': b'-- Looking for gz-math7 -- found version 7.5.2\n'}
[1.181081] (workspace_gz) StdoutLine: {'line': b'-- Looking for gz-utils2 -- found version 2.2.1\n'}
[1.200842] (-) TimerEvent: {}
[1.206005] (workspace_gz) StdoutLine: {'line': b'-- Looking for gz-common5 -- found version 5.7.1\n'}
[1.206592] (workspace_gz) StdoutLine: {'line': b'-- Looking for gz-math7 -- found version 7.5.2\n'}
[1.206978] (workspace_nav) StdoutLine: {'line': b"reading manifest file '../build/workspace_nav/workspace_nav.egg-info/SOURCES.txt'\n"}
[1.207214] (workspace_gz) StdoutLine: {'line': b'-- Looking for gz-transport13 -- found version 13.5.0\n'}
[1.207803] (workspace_gz) StdoutLine: {'line': b'-- Looking for gz-plugin2 -- found version 2.0.4\n'}
[1.208416] (workspace_gz) StdoutLine: {'line': b'-- Looking for gz-rendering8 -- found version 8.2.2\n'}
[1.208697] (workspace_nav) StdoutLine: {'line': b"writing manifest file '../build/workspace_nav/workspace_nav.egg-info/SOURCES.txt'\n"}
[1.208872] (workspace_nav) StdoutLine: {'line': b'running build\n'}
[1.209013] (workspace_nav) StdoutLine: {'line': b'running build_py\n'}
[1.209123] (workspace_gz) StdoutLine: {'line': b'-- Looking for gz-sensors8 -- found version 8.2.2\n'}
[1.209261] (workspace_nav) StdoutLine: {'line': b'running install\n'}
[1.209515] (workspace_gz) StdoutLine: {'line': b'-- Looking for gz-utils2 -- found version 2.2.1\n'}
[1.210127] (workspace_gz) StdoutLine: {'line': b'-- Looking for sdformat14 -- found version 14.8.0\n'}
[1.211070] (workspace_gz) StdoutLine: {'line': b'-- Found std_msgs: 5.3.6 (/opt/ros/jazzy/share/std_msgs/cmake)\n'}
[1.215800] (workspace_nav) StdoutLine: {'line': b'running install_lib\n'}
[1.232761] (workspace_gz) StdoutLine: {'line': b'-- Found rosidl_generator_c: 4.6.6 (/opt/ros/jazzy/share/rosidl_generator_c/cmake)\n'}
[1.236386] (workspace_nav) StdoutLine: {'line': b'running install_data\n'}
[1.236588] (workspace_nav) StdoutLine: {'line': b'running install_egg_info\n'}
[1.242482] (workspace_gz) StdoutLine: {'line': b'-- Found rosidl_generator_cpp: 4.6.6 (/opt/ros/jazzy/share/rosidl_generator_cpp/cmake)\n'}
[1.254692] (workspace_gz) StdoutLine: {'line': b'-- Using all available rosidl_typesupport_c: rosidl_typesupport_fastrtps_c;rosidl_typesupport_introspection_c\n'}
[1.258027] (workspace_nav) StdoutLine: {'line': b"removing '/home/ngen/yildiz_ws/src/YILDIZ-USV/install/workspace_nav/lib/python3.12/site-packages/workspace_nav-0.0.0-py3.12.egg-info' (and everything under it)\n"}
[1.258228] (workspace_nav) StdoutLine: {'line': b'Copying ../build/workspace_nav/workspace_nav.egg-info to /home/ngen/yildiz_ws/src/YILDIZ-USV/install/workspace_nav/lib/python3.12/site-packages/workspace_nav-0.0.0-py3.12.egg-info\n'}
[1.259564] (workspace_nav) StdoutLine: {'line': b'running install_scripts\n'}
[1.269013] (workspace_gz) StdoutLine: {'line': b'-- Using all available rosidl_typesupport_cpp: rosidl_typesupport_fastrtps_cpp;rosidl_typesupport_introspection_cpp\n'}
[1.296951] (workspace_gz) StdoutLine: {'line': b'-- Looking for gz-msgs10 -- found version 10.3.2\n'}
[1.297356] (workspace_gz) StdoutLine: {'line': b'-- Looking for gz-fuel_tools9 -- found version 9.1.1\n'}
[1.300918] (-) TimerEvent: {}
[1.355572] (workspace_ros) StdoutLine: {'line': b'Removing /home/ngen/yildiz_ws/src/YILDIZ-USV/install/workspace_ros/lib/python3.12/site-packages/workspace-ros.egg-link (link to .)\n'}
[1.382748] (workspace_ros) CommandEnded: {'returncode': 0}
[1.383925] (workspace_ros) Command: {'cmd': ['/usr/bin/python3', '-W', 'ignore:setup.py install is deprecated', '-W', 'ignore:easy_install command is deprecated', 'setup.py', 'egg_info', '--egg-base', '../build/workspace_ros', 'build', '--build-base', '/home/ngen/yildiz_ws/src/YILDIZ-USV/build/workspace_ros/build', 'install', '--record', '/home/ngen/yildiz_ws/src/YILDIZ-USV/build/workspace_ros/install.log', '--single-version-externally-managed', 'install_data', '--force'], 'cwd': '/home/ngen/yildiz_ws/src/YILDIZ-USV/workspace_ros', 'env': {'GJS_DEBUG_TOPICS': 'JS ERROR;JS LOG', 'XDG_ACTIVATION_TOKEN': 'gnome-shell/Terminator/2260-1-ngen_TIME78248', 'LESSOPEN': '| /usr/bin/lesspipe %s', 'GZ_SIM_RESOURCE_PATH': '/opt/ros/jazzy/share', 'USER': 'ngen', 'GZ_CONFIG_PATH': '/opt/ros/jazzy/opt/gz_sim_vendor/share/gz:/opt/ros/jazzy/opt/sdformat_vendor/share/gz:/opt/ros/jazzy/opt/gz_gui_vendor/share/gz:/opt/ros/jazzy/opt/gz_transport_vendor/share/gz:/opt/ros/jazzy/opt/gz_rendering_vendor/share/gz:/opt/ros/jazzy/opt/gz_plugin_vendor/share/gz:/opt/ros/jazzy/opt/gz_fuel_tools_vendor/share/gz:/opt/ros/jazzy/opt/gz_msgs_vendor/share/gz:/opt/ros/jazzy/opt/gz_common_vendor/share/gz', 'XDG_SESSION_TYPE': 'x11', 'CLUTTER_DISABLE_MIPMAPPED_TEXT': '1', 'SHLVL': '1', 'LD_LIBRARY_PATH': '/opt/ros/jazzy/opt/gz_sim_vendor/lib:/opt/ros/jazzy/opt/gz_sensors_vendor/lib:/opt/ros/jazzy/opt/gz_physics_vendor/lib:/opt/ros/jazzy/opt/sdformat_vendor/lib:/opt/ros/jazzy/opt/rviz_ogre_vendor/lib:/opt/ros/jazzy/lib/x86_64-linux-gnu:/opt/ros/jazzy/opt/gz_gui_vendor/lib:/opt/ros/jazzy/opt/gz_transport_vendor/lib:/opt/ros/jazzy/opt/gz_rendering_vendor/lib:/opt/ros/jazzy/opt/gz_plugin_vendor/lib:/opt/ros/jazzy/opt/gz_fuel_tools_vendor/lib:/opt/ros/jazzy/opt/gz_msgs_vendor/lib:/opt/ros/jazzy/opt/gz_common_vendor/lib:/opt/ros/jazzy/opt/gz_math_vendor/lib:/opt/ros/jazzy/opt/gz_utils_vendor/lib:/opt/ros/jazzy/opt/gz_tools_vendor/lib:/opt/ros/jazzy/opt/gz_ogre_next_vendor/lib:/opt/ros/jazzy/opt/gz_dartsim_vendor/lib:/opt/ros/jazzy/opt/gz_cmake_vendor/lib:/opt/ros/jazzy/lib', 'HOME': '/home/ngen', 'OLDPWD': '/home/ngen', 'DESKTOP_SESSION': 'ubuntu', 'GIO_LAUNCHED_DESKTOP_FILE': '/usr/share/applications/terminator.desktop', 'ROS_PYTHON_VERSION': '3', 'GNOME_SHELL_SESSION_MODE': 'ubuntu', 'GTK_MODULES': 'gail:atk-bridge', 'MANAGERPID': '1805', 'SYSTEMD_EXEC_PID': '2260', 'GSM_SKIP_SSH_AGENT_WORKAROUND': 'true', 'DBUS_SESSION_BUS_ADDRESS': 'unix:path=/run/user/1000/bus', 'COLORTERM': 'truecolor', 'TERMINATOR_DBUS_NAME': 'net.tenshu.Terminator21a9d5db22c73a993ff0b42f64b396873', 'GIO_LAUNCHED_DESKTOP_FILE_PID': '4475', 'DEBUGINFOD_URLS': 'https://debuginfod.ubuntu.com', 'ROS_DISTRO': 'jazzy', 'LOGNAME': 'ngen', 'JOURNAL_STREAM': '9:6655', '_': '/usr/bin/colcon', 'ROS_VERSION': '2', 'MEMORY_PRESSURE_WATCH': '/sys/fs/cgroup/user.slice/user-1000.slice/user@1000.service/session.slice/org.gnome.Shell@x11.service/memory.pressure', 'XDG_SESSION_CLASS': 'user', 'USERNAME': 'ngen', 'TERM': 'xterm-256color', 'GNOME_DESKTOP_SESSION_ID': 'this-is-deprecated', 'ROS_LOCALHOST_ONLY': '1', 'WINDOWPATH': '2', 'PATH': '/opt/ros/jazzy/opt/gz_msgs_vendor/bin:/opt/ros/jazzy/opt/gz_tools_vendor/bin:/opt/ros/jazzy/opt/gz_ogre_next_vendor/bin:/opt/ros/jazzy/bin:/home/ngen/.local/bin:/usr/local/sbin:/usr/local/bin:/usr/sbin:/usr/bin:/sbin:/bin:/usr/games:/usr/local/games:/snap/bin:/snap/bin', 'SESSION_MANAGER': 'local/ngen:@/tmp/.ICE-unix/2220,unix/ngen:/tmp/.ICE-unix/2220', 'INVOCATION_ID': 'dc58f2d4ec9e4c14b683e47dcf0372a9', 'XDG_MENU_PREFIX': 'gnome-', 'XDG_RUNTIME_DIR': '/run/user/1000', 'GZ_PARTITION': 'sim99', 'DISPLAY': ':0', 'TERMINATOR_DBUS_PATH': '/net/tenshu/Terminator2', 'LANG': 'en_US.UTF-8', 'XDG_CURRENT_DESKTOP': 'ubuntu:GNOME', 'GZ_IP': '127.0.0.1', 'XMODIFIERS': '@im=ibus', 'XDG_SESSION_DESKTOP': 'ubuntu', 'XAUTHORITY': '/run/user/1000/gdm/Xauthority', 'LS_COLORS': 'rs=0:di=01;34:ln=01;36:mh=00:pi=40;33:so=01;35:do=01;35:bd=40;33;01:cd=40;33;01:or=40;31;01:mi=00:su=37;41:sg=30;43:ca=00:tw=30;42:ow=34;42:st=37;44:ex=01;32:*.tar=01;31:*.tgz=01;31:*.arc=01;31:*.arj=01;31:*.taz=01;31:*.lha=01;31:*.lz4=01;31:*.lzh=01;31:*.lzma=01;31:*.tlz=01;31:*.txz=01;31:*.tzo=01;31:*.t7z=01;31:*.zip=01;31:*.z=01;31:*.dz=01;31:*.gz=01;31:*.lrz=01;31:*.lz=01;31:*.lzo=01;31:*.xz=01;31:*.zst=01;31:*.tzst=01;31:*.bz2=01;31:*.bz=01;31:*.tbz=01;31:*.tbz2=01;31:*.tz=01;31:*.deb=01;31:*.rpm=01;31:*.jar=01;31:*.war=01;31:*.ear=01;31:*.sar=01;31:*.rar=01;31:*.alz=01;31:*.ace=01;31:*.zoo=01;31:*.cpio=01;31:*.7z=01;31:*.rz=01;31:*.cab=01;31:*.wim=01;31:*.swm=01;31:*.dwm=01;31:*.esd=01;31:*.avif=01;35:*.jpg=01;35:*.jpeg=01;35:*.mjpg=01;35:*.mjpeg=01;35:*.gif=01;35:*.bmp=01;35:*.pbm=01;35:*.pgm=01;35:*.ppm=01;35:*.tga=01;35:*.xbm=01;35:*.xpm=01;35:*.tif=01;35:*.tiff=01;35:*.png=01;35:*.svg=01;35:*.svgz=01;35:*.mng=01;35:*.pcx=01;35:*.mov=01;35:*.mpg=01;35:*.mpeg=01;35:*.m2v=01;35:*.mkv=01;35:*.webm=01;35:*.webp=01;35:*.ogm=01;35:*.mp4=01;35:*.m4v=01;35:*.mp4v=01;35:*.vob=01;35:*.qt=01;35:*.nuv=01;35:*.wmv=01;35:*.asf=01;35:*.rm=01;35:*.rmvb=01;35:*.flc=01;35:*.avi=01;35:*.fli=01;35:*.flv=01;35:*.gl=01;35:*.dl=01;35:*.xcf=01;35:*.xwd=01;35:*.yuv=01;35:*.cgm=01;35:*.emf=01;35:*.ogv=01;35:*.ogx=01;35:*.aac=00;36:*.au=00;36:*.flac=00;36:*.m4a=00;36:*.mid=00;36:*.midi=00;36:*.mka=00;36:*.mp3=00;36:*.mpc=00;36:*.ogg=00;36:*.ra=00;36:*.wav=00;36:*.oga=00;36:*.opus=00;36:*.spx=00;36:*.xspf=00;36:*~=00;90:*#=00;90:*.bak=00;90:*.crdownload=00;90:*.dpkg-dist=00;90:*.dpkg-new=00;90:*.dpkg-old=00;90:*.dpkg-tmp=00;90:*.old=00;90:*.orig=00;90:*.part=00;90:*.rej=00;90:*.rpmnew=00;90:*.rpmorig=00;90:*.rpmsave=00;90:*.swp=00;90:*.tmp=00;90:*.ucf-dist=00;90:*.ucf-new=00;90:*.ucf-old=00;90:', 'SSH_AUTH_SOCK': '/run/user/1000/keyring/ssh', 'ROS_DOMAIN_ID': '99', 'AMENT_PREFIX_PATH': '/opt/ros/jazzy', 'SHELL': '/bin/bash', 'TERMINATOR_UUID': 'urn:uuid:d48611e8-fd2f-404c-8589-307f46e9c843', 'QT_ACCESSIBILITY': '1', 'GDMSESSION': 'ubuntu', 'LESSCLOSE': '/usr/bin/lesspipe %s %s', 'GZ_DISCOVERY_MULTICAST': '0', 'GPG_AGENT_INFO': '/run/user/1000/gnupg/S.gpg-agent:0:1', 'GJS_DEBUG_OUTPUT': 'stderr', 'ROS_AUTOMATIC_DISCOVERY_RANGE': 'SUBNET', 'QT_IM_MODULE': 'ibus', 'PWD': '/home/ngen/yildiz_ws/src/YILDIZ-USV/build/workspace_ros', 'XDG_CONFIG_DIRS': '/etc/xdg/xdg-ubuntu:/etc/xdg', 'XDG_DATA_DIRS': '/usr/share/ubuntu:/usr/share/gnome:/usr/local/share/:/usr/share/:/var/lib/snapd/desktop', 'PYTHONPATH': '/home/ngen/yildiz_ws/src/YILDIZ-USV/build/workspace_ros/prefix_override:/usr/lib/python3/dist-packages/colcon_core/task/python/colcon_distutils_commands:/home/ngen/yildiz_ws/src/YILDIZ-USV/install/workspace_ros/lib/python3.12/site-packages:/opt/ros/jazzy/lib/python3.12/site-packages', 'COLCON': '1', 'MEMORY_PRESSURE_WRITE': 'c29tZSAyMDAwMDAgMjAwMDAwMAA=', 'VTE_VERSION': '7600', 'CMAKE_PREFIX_PATH': '/opt/ros/jazzy/opt/gz_sim_vendor:/opt/ros/jazzy/opt/gz_sensors_vendor:/opt/ros/jazzy/opt/gz_physics_vendor:/opt/ros/jazzy/opt/sdformat_vendor:/opt/ros/jazzy/opt/gz_gui_vendor:/opt/ros/jazzy/opt/gz_transport_vendor:/opt/ros/jazzy/opt/gz_rendering_vendor:/opt/ros/jazzy/opt/gz_plugin_vendor:/opt/ros/jazzy/opt/gz_fuel_tools_vendor:/opt/ros/jazzy/opt/gz_msgs_vendor:/opt/ros/jazzy/opt/gz_common_vendor:/opt/ros/jazzy/opt/gz_math_vendor:/opt/ros/jazzy/opt/gz_utils_vendor:/opt/ros/jazzy/opt/gz_tools_vendor:/opt/ros/jazzy/opt/gz_ogre_next_vendor:/opt/ros/jazzy/opt/gz_dartsim_vendor:/opt/ros/jazzy/opt/gz_cmake_vendor'}, 'shell': False}
[1.389040] (workspace_nav) StdoutLine: {'line': b'Installing waypoint_transform script to /home/ngen/yildiz_ws/src/YILDIZ-USV/install/workspace_nav/lib/workspace_nav\n'}
[1.389303] (workspace_nav) StdoutLine: {'line': b'Installing waypoint_with_state script to /home/ngen/yildiz_ws/src/YILDIZ-USV/install/workspace_nav/lib/workspace_nav\n'}
[1.389475] (workspace_nav) StdoutLine: {'line': b"writing list of installed files to '/home/ngen/yildiz_ws/src/YILDIZ-USV/build/workspace_nav/install.log'\n"}
[1.401013] (-) TimerEvent: {}
[1.405561] (workspace_gz) StdoutLine: {'line': b'-- Configuring done (1.4s)\n'}
[1.413739] (workspace_nav) CommandEnded: {'returncode': 0}
[1.423085] (workspace_nav) JobEnded: {'identifier': 'workspace_nav', 'rc': 0}
[1.501203] (-) TimerEvent: {}
[1.503024] (workspace_gz) StdoutLine: {'line': b'-- Generating done (0.1s)\n'}
[1.524814] (workspace_gz) StdoutLine: {'line': b'-- Build files have been written to: /home/ngen/yildiz_ws/src/YILDIZ-USV/build/workspace_gz\n'}
[1.535593] (workspace_gz) CommandEnded: {'returncode': 0}
[1.536123] (workspace_gz) JobProgress: {'identifier': 'workspace_gz', 'progress': 'build'}
[1.536708] (workspace_gz) Command: {'cmd': ['/usr/bin/cmake', '--build', '/home/ngen/yildiz_ws/src/YILDIZ-USV/build/workspace_gz', '--', '-j20', '-l20'], 'cwd': '/home/ngen/yildiz_ws/src/YILDIZ-USV/build/workspace_gz', 'env': OrderedDict({'GJS_DEBUG_TOPICS': 'JS ERROR;JS LOG', 'XDG_ACTIVATION_TOKEN': 'gnome-shell/Terminator/2260-1-ngen_TIME78248', 'LESSOPEN': '| /usr/bin/lesspipe %s', 'GZ_SIM_RESOURCE_PATH': '/opt/ros/jazzy/share', 'USER': 'ngen', 'GZ_CONFIG_PATH': '/opt/ros/jazzy/opt/gz_sim_vendor/share/gz:/opt/ros/jazzy/opt/sdformat_vendor/share/gz:/opt/ros/jazzy/opt/gz_gui_vendor/share/gz:/opt/ros/jazzy/opt/gz_transport_vendor/share/gz:/opt/ros/jazzy/opt/gz_rendering_vendor/share/gz:/opt/ros/jazzy/opt/gz_plugin_vendor/share/gz:/opt/ros/jazzy/opt/gz_fuel_tools_vendor/share/gz:/opt/ros/jazzy/opt/gz_msgs_vendor/share/gz:/opt/ros/jazzy/opt/gz_common_vendor/share/gz', 'XDG_SESSION_TYPE': 'x11', 'CLUTTER_DISABLE_MIPMAPPED_TEXT': '1', 'SHLVL': '1', 'LD_LIBRARY_PATH': '/opt/ros/jazzy/opt/gz_sim_vendor/lib:/opt/ros/jazzy/opt/gz_sensors_vendor/lib:/opt/ros/jazzy/opt/gz_physics_vendor/lib:/opt/ros/jazzy/opt/sdformat_vendor/lib:/opt/ros/jazzy/opt/rviz_ogre_vendor/lib:/opt/ros/jazzy/lib/x86_64-linux-gnu:/opt/ros/jazzy/opt/gz_gui_vendor/lib:/opt/ros/jazzy/opt/gz_transport_vendor/lib:/opt/ros/jazzy/opt/gz_rendering_vendor/lib:/opt/ros/jazzy/opt/gz_plugin_vendor/lib:/opt/ros/jazzy/opt/gz_fuel_tools_vendor/lib:/opt/ros/jazzy/opt/gz_msgs_vendor/lib:/opt/ros/jazzy/opt/gz_common_vendor/lib:/opt/ros/jazzy/opt/gz_math_vendor/lib:/opt/ros/jazzy/opt/gz_utils_vendor/lib:/opt/ros/jazzy/opt/gz_tools_vendor/lib:/opt/ros/jazzy/opt/gz_ogre_next_vendor/lib:/opt/ros/jazzy/opt/gz_dartsim_vendor/lib:/opt/ros/jazzy/opt/gz_cmake_vendor/lib:/opt/ros/jazzy/lib', 'HOME': '/home/ngen', 'OLDPWD': '/home/ngen', 'DESKTOP_SESSION': 'ubuntu', 'GIO_LAUNCHED_DESKTOP_FILE': '/usr/share/applications/terminator.desktop', 'ROS_PYTHON_VERSION': '3', 'GNOME_SHELL_SESSION_MODE': 'ubuntu', 'GTK_MODULES': 'gail:atk-bridge', 'MANAGERPID': '1805', 'SYSTEMD_EXEC_PID': '2260', 'GSM_SKIP_SSH_AGENT_WORKAROUND': 'true', 'DBUS_SESSION_BUS_ADDRESS': 'unix:path=/run/user/1000/bus', 'COLORTERM': 'truecolor', 'TERMINATOR_DBUS_NAME': 'net.tenshu.Terminator21a9d5db22c73a993ff0b42f64b396873', 'GIO_LAUNCHED_DESKTOP_FILE_PID': '4475', 'DEBUGINFOD_URLS': 'https://debuginfod.ubuntu.com', 'ROS_DISTRO': 'jazzy', 'LOGNAME': 'ngen', 'JOURNAL_STREAM': '9:6655', '_': '/usr/bin/colcon', 'ROS_VERSION': '2', 'MEMORY_PRESSURE_WATCH': '/sys/fs/cgroup/user.slice/user-1000.slice/user@1000.service/session.slice/org.gnome.Shell@x11.service/memory.pressure', 'XDG_SESSION_CLASS': 'user', 'USERNAME': 'ngen', 'TERM': 'xterm-256color', 'GNOME_DESKTOP_SESSION_ID': 'this-is-deprecated', 'ROS_LOCALHOST_ONLY': '1', 'WINDOWPATH': '2', 'PATH': '/opt/ros/jazzy/opt/gz_msgs_vendor/bin:/opt/ros/jazzy/opt/gz_tools_vendor/bin:/opt/ros/jazzy/opt/gz_ogre_next_vendor/bin:/opt/ros/jazzy/bin:/home/ngen/.local/bin:/usr/local/sbin:/usr/local/bin:/usr/sbin:/usr/bin:/sbin:/bin:/usr/games:/usr/local/games:/snap/bin:/snap/bin', 'SESSION_MANAGER': 'local/ngen:@/tmp/.ICE-unix/2220,unix/ngen:/tmp/.ICE-unix/2220', 'INVOCATION_ID': 'dc58f2d4ec9e4c14b683e47dcf0372a9', 'XDG_MENU_PREFIX': 'gnome-', 'XDG_RUNTIME_DIR': '/run/user/1000', 'GZ_PARTITION': 'sim99', 'DISPLAY': ':0', 'TERMINATOR_DBUS_PATH': '/net/tenshu/Terminator2', 'LANG': 'en_US.UTF-8', 'XDG_CURRENT_DESKTOP': 'ubuntu:GNOME', 'GZ_IP': '127.0.0.1', 'XMODIFIERS': '@im=ibus', 'XDG_SESSION_DESKTOP': 'ubuntu', 'XAUTHORITY': '/run/user/1000/gdm/Xauthority', 'LS_COLORS': 'rs=0:di=01;34:ln=01;36:mh=00:pi=40;33:so=01;35:do=01;35:bd=40;33;01:cd=40;33;01:or=40;31;01:mi=00:su=37;41:sg=30;43:ca=00:tw=30;42:ow=34;42:st=37;44:ex=01;32:*.tar=01;31:*.tgz=01;31:*.arc=01;31:*.arj=01;31:*.taz=01;31:*.lha=01;31:*.lz4=01;31:*.lzh=01;31:*.lzma=01;31:*.tlz=01;31:*.txz=01;31:*.tzo=01;31:*.t7z=01;31:*.zip=01;31:*.z=01;31:*.dz=01;31:*.gz=01;31:*.lrz=01;31:*.lz=01;31:*.lzo=01;31:*.xz=01;31:*.zst=01;31:*.tzst=01;31:*.bz2=01;31:*.bz=01;31:*.tbz=01;31:*.tbz2=01;31:*.tz=01;31:*.deb=01;31:*.rpm=01;31:*.jar=01;31:*.war=01;31:*.ear=01;31:*.sar=01;31:*.rar=01;31:*.alz=01;31:*.ace=01;31:*.zoo=01;31:*.cpio=01;31:*.7z=01;31:*.rz=01;31:*.cab=01;31:*.wim=01;31:*.swm=01;31:*.dwm=01;31:*.esd=01;31:*.avif=01;35:*.jpg=01;35:*.jpeg=01;35:*.mjpg=01;35:*.mjpeg=01;35:*.gif=01;35:*.bmp=01;35:*.pbm=01;35:*.pgm=01;35:*.ppm=01;35:*.tga=01;35:*.xbm=01;35:*.xpm=01;35:*.tif=01;35:*.tiff=01;35:*.png=01;35:*.svg=01;35:*.svgz=01;35:*.mng=01;35:*.pcx=01;35:*.mov=01;35:*.mpg=01;35:*.mpeg=01;35:*.m2v=01;35:*.mkv=01;35:*.webm=01;35:*.webp=01;35:*.ogm=01;35:*.mp4=01;35:*.m4v=01;35:*.mp4v=01;35:*.vob=01;35:*.qt=01;35:*.nuv=01;35:*.wmv=01;35:*.asf=01;35:*.rm=01;35:*.rmvb=01;35:*.flc=01;35:*.avi=01;35:*.fli=01;35:*.flv=01;35:*.gl=01;35:*.dl=01;35:*.xcf=01;35:*.xwd=01;35:*.yuv=01;35:*.cgm=01;35:*.emf=01;35:*.ogv=01;35:*.ogx=01;35:*.aac=00;36:*.au=00;36:*.flac=00;36:*.m4a=00;36:*.mid=00;36:*.midi=00;36:*.mka=00;36:*.mp3=00;36:*.mpc=00;36:*.ogg=00;36:*.ra=00;36:*.wav=00;36:*.oga=00;36:*.opus=00;36:*.spx=00;36:*.xspf=00;36:*~=00;90:*#=00;90:*.bak=00;90:*.crdownload=00;90:*.dpkg-dist=00;90:*.dpkg-new=00;90:*.dpkg-old=00;90:*.dpkg-tmp=00;90:*.old=00;90:*.orig=00;90:*.part=00;90:*.rej=00;90:*.rpmnew=00;90:*.rpmorig=00;90:*.rpmsave=00;90:*.swp=00;90:*.tmp=00;90:*.ucf-dist=00;90:*.ucf-new=00;90:*.ucf-old=00;90:', 'SSH_AUTH_SOCK': '/run/user/1000/keyring/ssh', 'ROS_DOMAIN_ID': '99', 'AMENT_PREFIX_PATH': '/opt/ros/jazzy', 'SHELL': '/bin/bash', 'TERMINATOR_UUID': 'urn:uuid:d48611e8-fd2f-404c-8589-307f46e9c843', 'QT_ACCESSIBILITY': '1', 'GDMSESSION': 'ubuntu', 'LESSCLOSE': '/usr/bin/lesspipe %s %s', 'GZ_DISCOVERY_MULTICAST': '0', 'GPG_AGENT_INFO': '/run/user/1000/gnupg/S.gpg-agent:0:1', 'GJS_DEBUG_OUTPUT': 'stderr', 'ROS_AUTOMATIC_DISCOVERY_RANGE': 'SUBNET', 'QT_IM_MODULE': 'ibus', 'PWD': '/home/ngen/yildiz_ws/src/YILDIZ-USV/build/workspace_gz', 'XDG_CONFIG_DIRS': '/etc/xdg/xdg-ubuntu:/etc/xdg', 'XDG_DATA_DIRS': '/usr/share/ubuntu:/usr/share/gnome:/usr/local/share/:/usr/share/:/var/lib/snapd/desktop', 'PYTHONPATH': '/opt/ros/jazzy/lib/python3.12/site-packages', 'COLCON': '1', 'MEMORY_PRESSURE_WRITE': 'c29tZSAyMDAwMDAgMjAwMDAwMAA=', 'VTE_VERSION': '7600', 'CMAKE_PREFIX_PATH': '/opt/ros/jazzy/opt/gz_sim_vendor:/opt/ros/jazzy/opt/gz_sensors_vendor:/opt/ros/jazzy/opt/gz_physics_vendor:/opt/ros/jazzy/opt/sdformat_vendor:/opt/ros/jazzy/opt/gz_gui_vendor:/opt/ros/jazzy/opt/gz_transport_vendor:/opt/ros/jazzy/opt/gz_rendering_vendor:/opt/ros/jazzy/opt/gz_plugin_vendor:/opt/ros/jazzy/opt/gz_fuel_tools_vendor:/opt/ros/jazzy/opt/gz_msgs_vendor:/opt/ros/jazzy/opt/gz_common_vendor:/opt/ros/jazzy/opt/gz_math_vendor:/opt/ros/jazzy/opt/gz_utils_vendor:/opt/ros/jazzy/opt/gz_tools_vendor:/opt/ros/jazzy/opt/gz_ogre_next_vendor:/opt/ros/jazzy/opt/gz_dartsim_vendor:/opt/ros/jazzy/opt/gz_cmake_vendor:/opt/ros/jazzy'}), 'shell': False}
[1.601381] (-) TimerEvent: {}
[1.602219] (workspace_gz) StdoutLine: {'line': b'[  4%] Built target Waves\n'}
[1.603997] (workspace_gz) StdoutLine: {'line': b'[  8%] Built target ScoringPlugin\n'}
[1.650719] (workspace_ros) StdoutLine: {'line': b'running egg_info\n'}
[1.655803] (workspace_gz) StdoutLine: {'line': b'[ 12%] Built target GymkhanaScoringPlugin\n'}
[1.656130] (workspace_gz) StdoutLine: {'line': b'[ 16%] Built target NavigationScoringPlugin\n'}
[1.656273] (workspace_gz) StdoutLine: {'line': b'[ 20%] Built target PublisherPlugin\n'}
[1.656446] (workspace_gz) StdoutLine: {'line': b'[ 25%] Built target LightBuoyPlugin\n'}
[1.656606] (workspace_gz) StdoutLine: {'line': b'[ 29%] Built target AcousticPingerPlugin\n'}
[1.656794] (workspace_gz) StdoutLine: {'line': b'[ 33%] Built target ScanDockScoringPlugin\n'}
[1.657235] (workspace_gz) StdoutLine: {'line': b'[ 39%] Built target AcousticPerceptionScoringPlugin\n'}
[1.657419] (workspace_gz) StdoutLine: {'line': b'[ 43%] Built target BallShooterPlugin\n'}
[1.658686] (workspace_gz) StdoutLine: {'line': b'[ 50%] Built target WayfindingScoringPlugin\n'}
[1.658990] (workspace_gz) StdoutLine: {'line': b'[ 54%] Built target PlacardPlugin\n'}
[1.659114] (workspace_gz) StdoutLine: {'line': b'[ 58%] Built target SimpleHydrodynamics\n'}
[1.660066] (workspace_gz) StdoutLine: {'line': b'[ 64%] Built target AcousticTrackingScoringPlugin\n'}
[1.660643] (workspace_gz) StdoutLine: {'line': b'[ 68%] Built target Surface\n'}
[1.661255] (workspace_gz) StdoutLine: {'line': b'[ 77%] Built target PolyhedraBuoyancyDrag\n'}
[1.661671] (workspace_gz) StdoutLine: {'line': b'[ 83%] Built target StationkeepingScoringPlugin\n'}
[1.662980] (workspace_gz) StdoutLine: {'line': b'[ 87%] Built target PerceptionScoringPlugin\n'}
[1.664573] (workspace_gz) StdoutLine: {'line': b'[ 91%] Built target WildlifeScoringPlugin\n'}
[1.666228] (workspace_gz) StdoutLine: {'line': b'[ 95%] Built target USVWind\n'}
[1.666915] (workspace_gz) StdoutLine: {'line': b'[100%] Built target WaveVisual\n'}
[1.674680] (workspace_ros) StdoutLine: {'line': b'writing ../build/workspace_ros/workspace_ros.egg-info/PKG-INFO\n'}
[1.675002] (workspace_ros) StdoutLine: {'line': b'writing dependency_links to ../build/workspace_ros/workspace_ros.egg-info/dependency_links.txt\n'}
[1.675195] (workspace_ros) StdoutLine: {'line': b'writing entry points to ../build/workspace_ros/workspace_ros.egg-info/entry_points.txt\n'}
[1.675276] (workspace_ros) StdoutLine: {'line': b'writing requirements to ../build/workspace_ros/workspace_ros.egg-info/requires.txt\n'}
[1.675394] (workspace_ros) StdoutLine: {'line': b'writing top-level names to ../build/workspace_ros/workspace_ros.egg-info/top_level.txt\n'}
[1.684049] (workspace_gz) CommandEnded: {'returncode': 0}
[1.684778] (workspace_gz) JobProgress: {'identifier': 'workspace_gz', 'progress': 'install'}
[1.695123] (workspace_gz) Command: {'cmd': ['/usr/bin/cmake', '--install', '/home/ngen/yildiz_ws/src/YILDIZ-USV/build/workspace_gz'], 'cwd': '/home/ngen/yildiz_ws/src/YILDIZ-USV/build/workspace_gz', 'env': OrderedDict({'GJS_DEBUG_TOPICS': 'JS ERROR;JS LOG', 'XDG_ACTIVATION_TOKEN': 'gnome-shell/Terminator/2260-1-ngen_TIME78248', 'LESSOPEN': '| /usr/bin/lesspipe %s', 'GZ_SIM_RESOURCE_PATH': '/opt/ros/jazzy/share', 'USER': 'ngen', 'GZ_CONFIG_PATH': '/opt/ros/jazzy/opt/gz_sim_vendor/share/gz:/opt/ros/jazzy/opt/sdformat_vendor/share/gz:/opt/ros/jazzy/opt/gz_gui_vendor/share/gz:/opt/ros/jazzy/opt/gz_transport_vendor/share/gz:/opt/ros/jazzy/opt/gz_rendering_vendor/share/gz:/opt/ros/jazzy/opt/gz_plugin_vendor/share/gz:/opt/ros/jazzy/opt/gz_fuel_tools_vendor/share/gz:/opt/ros/jazzy/opt/gz_msgs_vendor/share/gz:/opt/ros/jazzy/opt/gz_common_vendor/share/gz', 'XDG_SESSION_TYPE': 'x11', 'CLUTTER_DISABLE_MIPMAPPED_TEXT': '1', 'SHLVL': '1', 'LD_LIBRARY_PATH': '/opt/ros/jazzy/opt/gz_sim_vendor/lib:/opt/ros/jazzy/opt/gz_sensors_vendor/lib:/opt/ros/jazzy/opt/gz_physics_vendor/lib:/opt/ros/jazzy/opt/sdformat_vendor/lib:/opt/ros/jazzy/opt/rviz_ogre_vendor/lib:/opt/ros/jazzy/lib/x86_64-linux-gnu:/opt/ros/jazzy/opt/gz_gui_vendor/lib:/opt/ros/jazzy/opt/gz_transport_vendor/lib:/opt/ros/jazzy/opt/gz_rendering_vendor/lib:/opt/ros/jazzy/opt/gz_plugin_vendor/lib:/opt/ros/jazzy/opt/gz_fuel_tools_vendor/lib:/opt/ros/jazzy/opt/gz_msgs_vendor/lib:/opt/ros/jazzy/opt/gz_common_vendor/lib:/opt/ros/jazzy/opt/gz_math_vendor/lib:/opt/ros/jazzy/opt/gz_utils_vendor/lib:/opt/ros/jazzy/opt/gz_tools_vendor/lib:/opt/ros/jazzy/opt/gz_ogre_next_vendor/lib:/opt/ros/jazzy/opt/gz_dartsim_vendor/lib:/opt/ros/jazzy/opt/gz_cmake_vendor/lib:/opt/ros/jazzy/lib', 'HOME': '/home/ngen', 'OLDPWD': '/home/ngen', 'DESKTOP_SESSION': 'ubuntu', 'GIO_LAUNCHED_DESKTOP_FILE': '/usr/share/applications/terminator.desktop', 'ROS_PYTHON_VERSION': '3', 'GNOME_SHELL_SESSION_MODE': 'ubuntu', 'GTK_MODULES': 'gail:atk-bridge', 'MANAGERPID': '1805', 'SYSTEMD_EXEC_PID': '2260', 'GSM_SKIP_SSH_AGENT_WORKAROUND': 'true', 'DBUS_SESSION_BUS_ADDRESS': 'unix:path=/run/user/1000/bus', 'COLORTERM': 'truecolor', 'TERMINATOR_DBUS_NAME': 'net.tenshu.Terminator21a9d5db22c73a993ff0b42f64b396873', 'GIO_LAUNCHED_DESKTOP_FILE_PID': '4475', 'DEBUGINFOD_URLS': 'https://debuginfod.ubuntu.com', 'ROS_DISTRO': 'jazzy', 'LOGNAME': 'ngen', 'JOURNAL_STREAM': '9:6655', '_': '/usr/bin/colcon', 'ROS_VERSION': '2', 'MEMORY_PRESSURE_WATCH': '/sys/fs/cgroup/user.slice/user-1000.slice/user@1000.service/session.slice/org.gnome.Shell@x11.service/memory.pressure', 'XDG_SESSION_CLASS': 'user', 'USERNAME': 'ngen', 'TERM': 'xterm-256color', 'GNOME_DESKTOP_SESSION_ID': 'this-is-deprecated', 'ROS_LOCALHOST_ONLY': '1', 'WINDOWPATH': '2', 'PATH': '/opt/ros/jazzy/opt/gz_msgs_vendor/bin:/opt/ros/jazzy/opt/gz_tools_vendor/bin:/opt/ros/jazzy/opt/gz_ogre_next_vendor/bin:/opt/ros/jazzy/bin:/home/ngen/.local/bin:/usr/local/sbin:/usr/local/bin:/usr/sbin:/usr/bin:/sbin:/bin:/usr/games:/usr/local/games:/snap/bin:/snap/bin', 'SESSION_MANAGER': 'local/ngen:@/tmp/.ICE-unix/2220,unix/ngen:/tmp/.ICE-unix/2220', 'INVOCATION_ID': 'dc58f2d4ec9e4c14b683e47dcf0372a9', 'XDG_MENU_PREFIX': 'gnome-', 'XDG_RUNTIME_DIR': '/run/user/1000', 'GZ_PARTITION': 'sim99', 'DISPLAY': ':0', 'TERMINATOR_DBUS_PATH': '/net/tenshu/Terminator2', 'LANG': 'en_US.UTF-8', 'XDG_CURRENT_DESKTOP': 'ubuntu:GNOME', 'GZ_IP': '127.0.0.1', 'XMODIFIERS': '@im=ibus', 'XDG_SESSION_DESKTOP': 'ubuntu', 'XAUTHORITY': '/run/user/1000/gdm/Xauthority', 'LS_COLORS': 'rs=0:di=01;34:ln=01;36:mh=00:pi=40;33:so=01;35:do=01;35:bd=40;33;01:cd=40;33;01:or=40;31;01:mi=00:su=37;41:sg=30;43:ca=00:tw=30;42:ow=34;42:st=37;44:ex=01;32:*.tar=01;31:*.tgz=01;31:*.arc=01;31:*.arj=01;31:*.taz=01;31:*.lha=01;31:*.lz4=01;31:*.lzh=01;31:*.lzma=01;31:*.tlz=01;31:*.txz=01;31:*.tzo=01;31:*.t7z=01;31:*.zip=01;31:*.z=01;31:*.dz=01;31:*.gz=01;31:*.lrz=01;31:*.lz=01;31:*.lzo=01;31:*.xz=01;31:*.zst=01;31:*.tzst=01;31:*.bz2=01;31:*.bz=01;31:*.tbz=01;31:*.tbz2=01;31:*.tz=01;31:*.deb=01;31:*.rpm=01;31:*.jar=01;31:*.war=01;31:*.ear=01;31:*.sar=01;31:*.rar=01;31:*.alz=01;31:*.ace=01;31:*.zoo=01;31:*.cpio=01;31:*.7z=01;31:*.rz=01;31:*.cab=01;31:*.wim=01;31:*.swm=01;31:*.dwm=01;31:*.esd=01;31:*.avif=01;35:*.jpg=01;35:*.jpeg=01;35:*.mjpg=01;35:*.mjpeg=01;35:*.gif=01;35:*.bmp=01;35:*.pbm=01;35:*.pgm=01;35:*.ppm=01;35:*.tga=01;35:*.xbm=01;35:*.xpm=01;35:*.tif=01;35:*.tiff=01;35:*.png=01;35:*.svg=01;35:*.svgz=01;35:*.mng=01;35:*.pcx=01;35:*.mov=01;35:*.mpg=01;35:*.mpeg=01;35:*.m2v=01;35:*.mkv=01;35:*.webm=01;35:*.webp=01;35:*.ogm=01;35:*.mp4=01;35:*.m4v=01;35:*.mp4v=01;35:*.vob=01;35:*.qt=01;35:*.nuv=01;35:*.wmv=01;35:*.asf=01;35:*.rm=01;35:*.rmvb=01;35:*.flc=01;35:*.avi=01;35:*.fli=01;35:*.flv=01;35:*.gl=01;35:*.dl=01;35:*.xcf=01;35:*.xwd=01;35:*.yuv=01;35:*.cgm=01;35:*.emf=01;35:*.ogv=01;35:*.ogx=01;35:*.aac=00;36:*.au=00;36:*.flac=00;36:*.m4a=00;36:*.mid=00;36:*.midi=00;36:*.mka=00;36:*.mp3=00;36:*.mpc=00;36:*.ogg=00;36:*.ra=00;36:*.wav=00;36:*.oga=00;36:*.opus=00;36:*.spx=00;36:*.xspf=00;36:*~=00;90:*#=00;90:*.bak=00;90:*.crdownload=00;90:*.dpkg-dist=00;90:*.dpkg-new=00;90:*.dpkg-old=00;90:*.dpkg-tmp=00;90:*.old=00;90:*.orig=00;90:*.part=00;90:*.rej=00;90:*.rpmnew=00;90:*.rpmorig=00;90:*.rpmsave=00;90:*.swp=00;90:*.tmp=00;90:*.ucf-dist=00;90:*.ucf-new=00;90:*.ucf-old=00;90:', 'SSH_AUTH_SOCK': '/run/user/1000/keyring/ssh', 'ROS_DOMAIN_ID': '99', 'AMENT_PREFIX_PATH': '/opt/ros/jazzy', 'SHELL': '/bin/bash', 'TERMINATOR_UUID': 'urn:uuid:d48611e8-fd2f-404c-8589-307f46e9c843', 'QT_ACCESSIBILITY': '1', 'GDMSESSION': 'ubuntu', 'LESSCLOSE': '/usr/bin/lesspipe %s %s', 'GZ_DISCOVERY_MULTICAST': '0', 'GPG_AGENT_INFO': '/run/user/1000/gnupg/S.gpg-agent:0:1', 'GJS_DEBUG_OUTPUT': 'stderr', 'ROS_AUTOMATIC_DISCOVERY_RANGE': 'SUBNET', 'QT_IM_MODULE': 'ibus', 'PWD': '/home/ngen/yildiz_ws/src/YILDIZ-USV/build/workspace_gz', 'XDG_CONFIG_DIRS': '/etc/xdg/xdg-ubuntu:/etc/xdg', 'XDG_DATA_DIRS': '/usr/share/ubuntu:/usr/share/gnome:/usr/local/share/:/usr/share/:/var/lib/snapd/desktop', 'PYTHONPATH': '/opt/ros/jazzy/lib/python3.12/site-packages', 'COLCON': '1', 'MEMORY_PRESSURE_WRITE': 'c29tZSAyMDAwMDAgMjAwMDAwMAA=', 'VTE_VERSION': '7600', 'CMAKE_PREFIX_PATH': '/opt/ros/jazzy/opt/gz_sim_vendor:/opt/ros/jazzy/opt/gz_sensors_vendor:/opt/ros/jazzy/opt/gz_physics_vendor:/opt/ros/jazzy/opt/sdformat_vendor:/opt/ros/jazzy/opt/gz_gui_vendor:/opt/ros/jazzy/opt/gz_transport_vendor:/opt/ros/jazzy/opt/gz_rendering_vendor:/opt/ros/jazzy/opt/gz_plugin_vendor:/opt/ros/jazzy/opt/gz_fuel_tools_vendor:/opt/ros/jazzy/opt/gz_msgs_vendor:/opt/ros/jazzy/opt/gz_common_vendor:/opt/ros/jazzy/opt/gz_math_vendor:/opt/ros/jazzy/opt/gz_utils_vendor:/opt/ros/jazzy/opt/gz_tools_vendor:/opt/ros/jazzy/opt/gz_ogre_next_vendor:/opt/ros/jazzy/opt/gz_dartsim_vendor:/opt/ros/jazzy/opt/gz_cmake_vendor:/opt/ros/jazzy'}), 'shell': False}
[1.701455] (-) TimerEvent: {}
[1.705175] (workspace_gz) StdoutLine: {'line': b'-- Install configuration: ""\n'}
[1.705653] (workspace_gz) StdoutLine: {'line': b'-- Execute custom install script\n'}
[1.706119] (workspace_gz) StdoutLine: {'line': b'-- Up-to-date symlink: /home/ngen/yildiz_ws/src/YILDIZ-USV/install/workspace_gz/lib/libWaves.so\n'}
[1.706225] (workspace_gz) StdoutLine: {'line': b'-- Up-to-date symlink: /home/ngen/yildiz_ws/src/YILDIZ-USV/install/workspace_gz/lib/libPolyhedraBuoyancyDrag.so\n'}
[1.706309] (workspace_gz) StdoutLine: {'line': b'-- Up-to-date symlink: /home/ngen/yildiz_ws/src/YILDIZ-USV/install/workspace_gz/lib/libScoringPlugin.so\n'}
[1.706386] (workspace_gz) StdoutLine: {'line': b'-- Up-to-date symlink: /home/ngen/yildiz_ws/src/YILDIZ-USV/install/workspace_gz/lib/libStationkeepingScoringPlugin.so\n'}
[1.706491] (workspace_gz) StdoutLine: {'line': b'-- Up-to-date symlink: /home/ngen/yildiz_ws/src/YILDIZ-USV/install/workspace_gz/lib/libWayfindingScoringPlugin.so\n'}
[1.706596] (workspace_gz) StdoutLine: {'line': b'-- Up-to-date symlink: /home/ngen/yildiz_ws/src/YILDIZ-USV/install/workspace_gz/lib/libAcousticPerceptionScoringPlugin.so\n'}
[1.706711] (workspace_gz) StdoutLine: {'line': b'-- Up-to-date symlink: /home/ngen/yildiz_ws/src/YILDIZ-USV/install/workspace_gz/lib/libAcousticTrackingScoringPlugin.so\n'}
[1.706809] (workspace_gz) StdoutLine: {'line': b'-- Up-to-date symlink: /home/ngen/yildiz_ws/src/YILDIZ-USV/install/workspace_gz/lib/libAcousticPingerPlugin.so\n'}
[1.706912] (workspace_gz) StdoutLine: {'line': b'-- Up-to-date symlink: /home/ngen/yildiz_ws/src/YILDIZ-USV/install/workspace_gz/lib/libBallShooterPlugin.so\n'}
[1.707015] (workspace_gz) StdoutLine: {'line': b'-- Up-to-date symlink: /home/ngen/yildiz_ws/src/YILDIZ-USV/install/workspace_gz/lib/libLightBuoyPlugin.so\n'}
[1.707115] (workspace_gz) StdoutLine: {'line': b'-- Up-to-date symlink: /home/ngen/yildiz_ws/src/YILDIZ-USV/install/workspace_gz/lib/libNavigationScoringPlugin.so\n'}
[1.707216] (workspace_gz) StdoutLine: {'line': b'-- Up-to-date symlink: /home/ngen/yildiz_ws/src/YILDIZ-USV/install/workspace_gz/lib/libGymkhanaScoringPlugin.so\n'}
[1.707335] (workspace_gz) StdoutLine: {'line': b'-- Up-to-date symlink: /home/ngen/yildiz_ws/src/YILDIZ-USV/install/workspace_gz/lib/libPerceptionScoringPlugin.so\n'}
[1.707453] (workspace_gz) StdoutLine: {'line': b'-- Up-to-date symlink: /home/ngen/yildiz_ws/src/YILDIZ-USV/install/workspace_gz/lib/libPlacardPlugin.so\n'}
[1.707715] (workspace_gz) StdoutLine: {'line': b'-- Up-to-date symlink: /home/ngen/yildiz_ws/src/YILDIZ-USV/install/workspace_gz/lib/libPublisherPlugin.so\n'}
[1.707885] (workspace_gz) StdoutLine: {'line': b'-- Up-to-date symlink: /home/ngen/yildiz_ws/src/YILDIZ-USV/install/workspace_gz/lib/libScanDockScoringPlugin.so\n'}
[1.708033] (workspace_gz) StdoutLine: {'line': b'-- Up-to-date symlink: /home/ngen/yildiz_ws/src/YILDIZ-USV/install/workspace_gz/lib/libSimpleHydrodynamics.so\n'}
[1.708189] (workspace_gz) StdoutLine: {'line': b'-- Up-to-date symlink: /home/ngen/yildiz_ws/src/YILDIZ-USV/install/workspace_gz/lib/libSurface.so\n'}
[1.708308] (workspace_gz) StdoutLine: {'line': b'-- Up-to-date symlink: /home/ngen/yildiz_ws/src/YILDIZ-USV/install/workspace_gz/lib/libUSVWind.so\n'}
[1.708418] (workspace_gz) StdoutLine: {'line': b'-- Up-to-date symlink: /home/ngen/yildiz_ws/src/YILDIZ-USV/install/workspace_gz/lib/libWaveVisual.so\n'}
[1.708551] (workspace_gz) StdoutLine: {'line': b'-- Up-to-date symlink: /home/ngen/yildiz_ws/src/YILDIZ-USV/install/workspace_gz/lib/libWildlifeScoringPlugin.so\n'}
[1.708671] (workspace_gz) StdoutLine: {'line': b'-- Up-to-date symlink: /home/ngen/yildiz_ws/src/YILDIZ-USV/install/workspace_gz/share/workspace_gz//description/roboboat/roboboat.xacro\n'}
[1.708805] (workspace_gz) StdoutLine: {'line': b'-- Up-to-date symlink: /home/ngen/yildiz_ws/src/YILDIZ-USV/install/workspace_gz/share/workspace_gz//launch/simulation.launch.py\n'}
[1.709907] (workspace_gz) StdoutLine: {'line': b'-- Up-to-date symlink: /home/ngen/yildiz_ws/src/YILDIZ-USV/install/workspace_gz/share/workspace_gz//models/buoys/marker_buoy_black/materials/textures/MarkerBuoy_Base_Color.png\n'}
[1.710065] (workspace_gz) StdoutLine: {'line': b'-- Up-to-date symlink: /home/ngen/yildiz_ws/src/YILDIZ-USV/install/workspace_gz/share/workspace_gz//models/buoys/marker_buoy_black/materials/textures/MarkerBuoy_Roughness.png\n'}
[1.710230] (workspace_gz) StdoutLine: {'line': b'-- Up-to-date symlink: /home/ngen/yildiz_ws/src/YILDIZ-USV/install/workspace_gz/share/workspace_gz//models/buoys/marker_buoy_black/meshes/marker_buoy.dae\n'}
[1.710382] (workspace_gz) StdoutLine: {'line': b'-- Up-to-date symlink: /home/ngen/yildiz_ws/src/YILDIZ-USV/install/workspace_gz/share/workspace_gz//models/buoys/marker_buoy_black/model.config\n'}
[1.710530] (workspace_gz) StdoutLine: {'line': b'-- Up-to-date symlink: /home/ngen/yildiz_ws/src/YILDIZ-USV/install/workspace_gz/share/workspace_gz//models/buoys/marker_buoy_black/model.sdf\n'}
[1.710683] (workspace_gz) StdoutLine: {'line': b'-- Up-to-date symlink: /home/ngen/yildiz_ws/src/YILDIZ-USV/install/workspace_gz/share/workspace_gz//models/buoys/marker_buoy_green/materials/textures/MarkerBuoy_Base_Color.png\n'}
[1.710819] (workspace_gz) StdoutLine: {'line': b'-- Up-to-date symlink: /home/ngen/yildiz_ws/src/YILDIZ-USV/install/workspace_gz/share/workspace_gz//models/buoys/marker_buoy_green/materials/textures/MarkerBuoy_Roughness.png\n'}
[1.710963] (workspace_gz) StdoutLine: {'line': b'-- Up-to-date symlink: /home/ngen/yildiz_ws/src/YILDIZ-USV/install/workspace_gz/share/workspace_gz//models/buoys/marker_buoy_green/meshes/marker_buoy.dae\n'}
[1.711109] (workspace_gz) StdoutLine: {'line': b'-- Up-to-date symlink: /home/ngen/yildiz_ws/src/YILDIZ-USV/install/workspace_gz/share/workspace_gz//models/buoys/marker_buoy_green/model.config\n'}
[1.711239] (workspace_gz) StdoutLine: {'line': b'-- Up-to-date symlink: /home/ngen/yildiz_ws/src/YILDIZ-USV/install/workspace_gz/share/workspace_gz//models/buoys/marker_buoy_green/model.sdf\n'}
[1.711391] (workspace_gz) StdoutLine: {'line': b'-- Up-to-date symlink: /home/ngen/yildiz_ws/src/YILDIZ-USV/install/workspace_gz/share/workspace_gz//models/buoys/marker_buoy_orange/materials/textures/MarkerBuoy_Base_Color.png\n'}
[1.711538] (workspace_gz) StdoutLine: {'line': b'-- Up-to-date symlink: /home/ngen/yildiz_ws/src/YILDIZ-USV/install/workspace_gz/share/workspace_gz//models/buoys/marker_buoy_orange/materials/textures/MarkerBuoy_Roughness.png\n'}
[1.711697] (workspace_gz) StdoutLine: {'line': b'-- Up-to-date symlink: /home/ngen/yildiz_ws/src/YILDIZ-USV/install/workspace_gz/share/workspace_gz//models/buoys/marker_buoy_orange/meshes/marker_buoy.dae\n'}
[1.711835] (workspace_gz) StdoutLine: {'line': b'-- Up-to-date symlink: /home/ngen/yildiz_ws/src/YILDIZ-USV/install/workspace_gz/share/workspace_gz//models/buoys/marker_buoy_orange/model.config\n'}
[1.711982] (workspace_gz) StdoutLine: {'line': b'-- Up-to-date symlink: /home/ngen/yildiz_ws/src/YILDIZ-USV/install/workspace_gz/share/workspace_gz//models/buoys/marker_buoy_orange/model.sdf\n'}
[1.712127] (workspace_gz) StdoutLine: {'line': b'-- Up-to-date symlink: /home/ngen/yildiz_ws/src/YILDIZ-USV/install/workspace_gz/share/workspace_gz//models/buoys/marker_buoy_red/materials/textures/MarkerBuoy_Base_Color.png\n'}
[1.712260] (workspace_gz) StdoutLine: {'line': b'-- Up-to-date symlink: /home/ngen/yildiz_ws/src/YILDIZ-USV/install/workspace_gz/share/workspace_gz//models/buoys/marker_buoy_red/materials/textures/MarkerBuoy_Roughness.png\n'}
[1.712404] (workspace_gz) StdoutLine: {'line': b'-- Up-to-date symlink: /home/ngen/yildiz_ws/src/YILDIZ-USV/install/workspace_gz/share/workspace_gz//models/buoys/marker_buoy_red/meshes/marker_buoy.dae\n'}
[1.712553] (workspace_gz) StdoutLine: {'line': b'-- Up-to-date symlink: /home/ngen/yildiz_ws/src/YILDIZ-USV/install/workspace_gz/share/workspace_gz//models/buoys/marker_buoy_red/model.config\n'}
[1.712818] (workspace_gz) StdoutLine: {'line': b'-- Up-to-date symlink: /home/ngen/yildiz_ws/src/YILDIZ-USV/install/workspace_gz/share/workspace_gz//models/buoys/marker_buoy_red/model.sdf\n'}
[1.712969] (workspace_gz) StdoutLine: {'line': b'-- Up-to-date symlink: /home/ngen/yildiz_ws/src/YILDIZ-USV/install/workspace_gz/share/workspace_gz//models/buoys/marker_buoy_yellow/materials/textures/MarkerBuoy_Base_Color.png\n'}
[1.713036] (workspace_gz) StdoutLine: {'line': b'-- Up-to-date symlink: /home/ngen/yildiz_ws/src/YILDIZ-USV/install/workspace_gz/share/workspace_gz//models/buoys/marker_buoy_yellow/materials/textures/MarkerBuoy_Roughness.png\n'}
[1.713096] (workspace_gz) StdoutLine: {'line': b'-- Up-to-date symlink: /home/ngen/yildiz_ws/src/YILDIZ-USV/install/workspace_gz/share/workspace_gz//models/buoys/marker_buoy_yellow/meshes/marker_buoy.dae\n'}
[1.713154] (workspace_gz) StdoutLine: {'line': b'-- Up-to-date symlink: /home/ngen/yildiz_ws/src/YILDIZ-USV/install/workspace_gz/share/workspace_gz//models/buoys/marker_buoy_yellow/model.config\n'}
[1.713211] (workspace_gz) StdoutLine: {'line': b'-- Up-to-date symlink: /home/ngen/yildiz_ws/src/YILDIZ-USV/install/workspace_gz/share/workspace_gz//models/buoys/marker_buoy_yellow/model.sdf\n'}
[1.713265] (workspace_gz) StdoutLine: {'line': b'-- Up-to-date symlink: /home/ngen/yildiz_ws/src/YILDIZ-USV/install/workspace_gz/share/workspace_gz//models/buoys/round_buoy_orange/materials/textures/RoundBarrierBuoy_Base_Color.png\n'}
[1.713336] (workspace_gz) StdoutLine: {'line': b'-- Up-to-date symlink: /home/ngen/yildiz_ws/src/YILDIZ-USV/install/workspace_gz/share/workspace_gz//models/buoys/round_buoy_orange/materials/textures/RoundBarrierBuoy_Roughness.png\n'}
[1.713395] (workspace_gz) StdoutLine: {'line': b'-- Up-to-date symlink: /home/ngen/yildiz_ws/src/YILDIZ-USV/install/workspace_gz/share/workspace_gz//models/buoys/round_buoy_orange/meshes/round_buoy.dae\n'}
[1.713451] (workspace_gz) StdoutLine: {'line': b'-- Up-to-date symlink: /home/ngen/yildiz_ws/src/YILDIZ-USV/install/workspace_gz/share/workspace_gz//models/buoys/round_buoy_orange/model.config\n'}
[1.713505] (workspace_gz) StdoutLine: {'line': b'-- Up-to-date symlink: /home/ngen/yildiz_ws/src/YILDIZ-USV/install/workspace_gz/share/workspace_gz//models/buoys/round_buoy_orange/model.sdf\n'}
[1.713559] (workspace_gz) StdoutLine: {'line': b'-- Up-to-date symlink: /home/ngen/yildiz_ws/src/YILDIZ-USV/install/workspace_gz/share/workspace_gz//models/roboboat/materials/textures/roboboat_albedo.png\n'}
[1.713612] (workspace_gz) StdoutLine: {'line': b'-- Up-to-date symlink: /home/ngen/yildiz_ws/src/YILDIZ-USV/install/workspace_gz/share/workspace_gz//models/roboboat/materials/textures/roboboat_metalness.png\n'}
[1.713672] (workspace_gz) StdoutLine: {'line': b'-- Up-to-date symlink: /home/ngen/yildiz_ws/src/YILDIZ-USV/install/workspace_gz/share/workspace_gz//models/roboboat/materials/textures/roboboat_normal.png\n'}
[1.713730] (workspace_gz) StdoutLine: {'line': b'-- Up-to-date symlink: /home/ngen/yildiz_ws/src/YILDIZ-USV/install/workspace_gz/share/workspace_gz//models/roboboat/materials/textures/roboboat_roughness.png\n'}
[1.713781] (workspace_gz) StdoutLine: {'line': b'-- Up-to-date symlink: /home/ngen/yildiz_ws/src/YILDIZ-USV/install/workspace_gz/share/workspace_gz//models/roboboat/materials/textures/thruster_albedo.png\n'}
[1.713833] (workspace_gz) StdoutLine: {'line': b'-- Up-to-date symlink: /home/ngen/yildiz_ws/src/YILDIZ-USV/install/workspace_gz/share/workspace_gz//models/roboboat/materials/textures/thruster_roughness.png\n'}
[1.713888] (workspace_gz) StdoutLine: {'line': b'-- Up-to-date symlink: /home/ngen/yildiz_ws/src/YILDIZ-USV/install/workspace_gz/share/workspace_gz//models/roboboat/meshes/housing.dae\n'}
[1.714114] (workspace_gz) StdoutLine: {'line': b'-- Up-to-date symlink: /home/ngen/yildiz_ws/src/YILDIZ-USV/install/workspace_gz/share/workspace_gz//models/roboboat/meshes/mount.dae\n'}
[1.714262] (workspace_gz) StdoutLine: {'line': b'-- Up-to-date symlink: /home/ngen/yildiz_ws/src/YILDIZ-USV/install/workspace_gz/share/workspace_gz//models/roboboat/meshes/prop.dae\n'}
[1.714412] (workspace_gz) StdoutLine: {'line': b'-- Up-to-date symlink: /home/ngen/yildiz_ws/src/YILDIZ-USV/install/workspace_gz/share/workspace_gz//models/roboboat/meshes/roboboat.dae\n'}
[1.714529] (workspace_gz) StdoutLine: {'line': b'-- Up-to-date symlink: /home/ngen/yildiz_ws/src/YILDIZ-USV/install/workspace_gz/share/workspace_gz//models/roboboat/sensors/camera/materials/textures/camera.png\n'}
[1.714688] (workspace_gz) StdoutLine: {'line': b'-- Up-to-date symlink: /home/ngen/yildiz_ws/src/YILDIZ-USV/install/workspace_gz/share/workspace_gz//models/roboboat/sensors/camera/materials/textures/camera_albedo.png\n'}
[1.714810] (workspace_gz) StdoutLine: {'line': b'-- Up-to-date symlink: /home/ngen/yildiz_ws/src/YILDIZ-USV/install/workspace_gz/share/workspace_gz//models/roboboat/sensors/camera/materials/textures/camera_metalness.png\n'}
[1.715077] (workspace_gz) StdoutLine: {'line': b'-- Up-to-date symlink: /home/ngen/yildiz_ws/src/YILDIZ-USV/install/workspace_gz/share/workspace_gz//models/roboboat/sensors/camera/materials/textures/camera_normal.png\n'}
[1.715244] (workspace_gz) StdoutLine: {'line': b'-- Up-to-date symlink: /home/ngen/yildiz_ws/src/YILDIZ-USV/install/workspace_gz/share/workspace_gz//models/roboboat/sensors/camera/materials/textures/camera_roughness.png\n'}
[1.715390] (workspace_gz) StdoutLine: {'line': b'-- Up-to-date symlink: /home/ngen/yildiz_ws/src/YILDIZ-USV/install/workspace_gz/share/workspace_gz//models/roboboat/sensors/camera/meshes/camera.dae\n'}
[1.715528] (workspace_gz) StdoutLine: {'line': b'-- Up-to-date symlink: /home/ngen/yildiz_ws/src/YILDIZ-USV/install/workspace_gz/share/workspace_gz//models/roboboat/sensors/camera/meshes/camera_albedo.png\n'}
[1.715677] (workspace_gz) StdoutLine: {'line': b'-- Up-to-date symlink: /home/ngen/yildiz_ws/src/YILDIZ-USV/install/workspace_gz/share/workspace_gz//models/roboboat/sensors/camera_post/materials/textures/post_albedo.png\n'}
[1.715796] (workspace_gz) StdoutLine: {'line': b'-- Up-to-date symlink: /home/ngen/yildiz_ws/src/YILDIZ-USV/install/workspace_gz/share/workspace_gz//models/roboboat/sensors/camera_post/meshes/post.dae\n'}
[1.715927] (workspace_gz) StdoutLine: {'line': b'-- Up-to-date symlink: /home/ngen/yildiz_ws/src/YILDIZ-USV/install/workspace_gz/share/workspace_gz//models/roboboat/sensors/camera_post/meshes/post_albedo.jpg\n'}
[1.716069] (workspace_gz) StdoutLine: {'line': b'-- Up-to-date symlink: /home/ngen/yildiz_ws/src/YILDIZ-USV/install/workspace_gz/share/workspace_gz//models/roboboat/sensors/drybox/materials/textures/drybox_albedo.png\n'}
[1.716205] (workspace_gz) StdoutLine: {'line': b'-- Up-to-date symlink: /home/ngen/yildiz_ws/src/YILDIZ-USV/install/workspace_gz/share/workspace_gz//models/roboboat/sensors/drybox/materials/textures/drybox_roughness.png\n'}
[1.716339] (workspace_gz) StdoutLine: {'line': b'-- Up-to-date symlink: /home/ngen/yildiz_ws/src/YILDIZ-USV/install/workspace_gz/share/workspace_gz//models/roboboat/sensors/drybox/meshes/drybox.dae\n'}
[1.716472] (workspace_gz) StdoutLine: {'line': b'-- Up-to-date symlink: /home/ngen/yildiz_ws/src/YILDIZ-USV/install/workspace_gz/share/workspace_gz//models/roboboat/sensors/gps/materials/textures/gps_albedo.png\n'}
[1.716614] (workspace_gz) StdoutLine: {'line': b'-- Up-to-date symlink: /home/ngen/yildiz_ws/src/YILDIZ-USV/install/workspace_gz/share/workspace_gz//models/roboboat/sensors/gps/meshes/gps.dae\n'}
[1.716743] (workspace_gz) StdoutLine: {'line': b'-- Up-to-date symlink: /home/ngen/yildiz_ws/src/YILDIZ-USV/install/workspace_gz/share/workspace_gz//models/roboboat/sensors/gps/meshes/gps_albedo.png\n'}
[1.716881] (workspace_gz) StdoutLine: {'line': b'-- Up-to-date symlink: /home/ngen/yildiz_ws/src/YILDIZ-USV/install/workspace_gz/share/workspace_gz//models/roboboat/sensors/lidar/materials/textures/lidar.png\n'}
[1.717016] (workspace_gz) StdoutLine: {'line': b'-- Up-to-date symlink: /home/ngen/yildiz_ws/src/YILDIZ-USV/install/workspace_gz/share/workspace_gz//models/roboboat/sensors/lidar/materials/textures/lidar_albedo.png\n'}
[1.717149] (workspace_gz) StdoutLine: {'line': b'-- Up-to-date symlink: /home/ngen/yildiz_ws/src/YILDIZ-USV/install/workspace_gz/share/workspace_gz//models/roboboat/sensors/lidar/materials/textures/lidar_metalness.png\n'}
[1.717279] (workspace_gz) StdoutLine: {'line': b'-- Up-to-date symlink: /home/ngen/yildiz_ws/src/YILDIZ-USV/install/workspace_gz/share/workspace_gz//models/roboboat/sensors/lidar/materials/textures/lidar_normal.png\n'}
[1.717411] (workspace_gz) StdoutLine: {'line': b'-- Up-to-date symlink: /home/ngen/yildiz_ws/src/YILDIZ-USV/install/workspace_gz/share/workspace_gz//models/roboboat/sensors/lidar/materials/textures/lidar_roughness.png\n'}
[1.717526] (workspace_gz) StdoutLine: {'line': b'-- Up-to-date symlink: /home/ngen/yildiz_ws/src/YILDIZ-USV/install/workspace_gz/share/workspace_gz//models/roboboat/sensors/lidar/meshes/lidar.dae\n'}
[1.717671] (workspace_gz) StdoutLine: {'line': b'-- Up-to-date symlink: /home/ngen/yildiz_ws/src/YILDIZ-USV/install/workspace_gz/share/workspace_gz//models/roboboat/sensors/lidar/meshes/lidar_albedo.png\n'}
[1.717810] (workspace_gz) StdoutLine: {'line': b'-- Up-to-date symlink: /home/ngen/yildiz_ws/src/YILDIZ-USV/install/workspace_gz/share/workspace_gz//models/roboboat/sensors/lidar_post/materials/textures/post_albedo.png\n'}
[1.717946] (workspace_gz) StdoutLine: {'line': b'-- Up-to-date symlink: /home/ngen/yildiz_ws/src/YILDIZ-USV/install/workspace_gz/share/workspace_gz//models/roboboat/sensors/lidar_post/meshes/post.dae\n'}
[1.718081] (workspace_gz) StdoutLine: {'line': b'-- Up-to-date symlink: /home/ngen/yildiz_ws/src/YILDIZ-USV/install/workspace_gz/share/workspace_gz//models/roboboat/sensors/lidar_post/meshes/post_albedo.jpg\n'}
[1.718189] (workspace_gz) StdoutLine: {'line': b'-- Up-to-date symlink: /home/ngen/yildiz_ws/src/YILDIZ-USV/install/workspace_gz/share/workspace_gz//models/waves/materials/programs/GerstnerWaves_fs_330.glsl\n'}
[1.718302] (workspace_gz) StdoutLine: {'line': b'-- Up-to-date symlink: /home/ngen/yildiz_ws/src/YILDIZ-USV/install/workspace_gz/share/workspace_gz//models/waves/materials/programs/GerstnerWaves_vs_330.glsl\n'}
[1.718433] (workspace_gz) StdoutLine: {'line': b'-- Up-to-date symlink: /home/ngen/yildiz_ws/src/YILDIZ-USV/install/workspace_gz/share/workspace_gz//models/waves/materials/textures/skybox_lowres.dds\n'}
[1.718549] (workspace_gz) StdoutLine: {'line': b'-- Up-to-date symlink: /home/ngen/yildiz_ws/src/YILDIZ-USV/install/workspace_gz/share/workspace_gz//models/waves/materials/textures/wave_normals.dds\n'}
[1.718672] (workspace_gz) StdoutLine: {'line': b'-- Up-to-date symlink: /home/ngen/yildiz_ws/src/YILDIZ-USV/install/workspace_gz/share/workspace_gz//models/waves/meshes/waterlow.dae\n'}
[1.718867] (workspace_gz) StdoutLine: {'line': b'-- Up-to-date symlink: /home/ngen/yildiz_ws/src/YILDIZ-USV/install/workspace_gz/share/workspace_gz//models/waves/model.config\n'}
[1.718984] (workspace_gz) StdoutLine: {'line': b'-- Up-to-date symlink: /home/ngen/yildiz_ws/src/YILDIZ-USV/install/workspace_gz/share/workspace_gz//models/waves/model.sdf\n'}
[1.719114] (workspace_gz) StdoutLine: {'line': b'-- Up-to-date symlink: /home/ngen/yildiz_ws/src/YILDIZ-USV/install/workspace_gz/share/workspace_gz//worlds/world.sdf\n'}
[1.719225] (workspace_gz) StdoutLine: {'line': b'-- Up-to-date symlink: /home/ngen/yildiz_ws/src/YILDIZ-USV/install/workspace_gz/share/workspace_gz/environment/library_path.sh\n'}
[1.719340] (workspace_ros) StdoutLine: {'line': b"reading manifest file '../build/workspace_ros/workspace_ros.egg-info/SOURCES.txt'\n"}
[1.719490] (workspace_gz) StdoutLine: {'line': b'-- Up-to-date symlink: /home/ngen/yildiz_ws/src/YILDIZ-USV/install/workspace_gz/share/workspace_gz/environment/library_path.dsv\n'}
[1.719672] (workspace_gz) StdoutLine: {'line': b'-- Up-to-date symlink: /home/ngen/yildiz_ws/src/YILDIZ-USV/install/workspace_gz/share/ament_index/resource_index/package_run_dependencies/workspace_gz\n'}
[1.719810] (workspace_gz) StdoutLine: {'line': b'-- Up-to-date symlink: /home/ngen/yildiz_ws/src/YILDIZ-USV/install/workspace_gz/share/ament_index/resource_index/parent_prefix_path/workspace_gz\n'}
[1.719956] (workspace_ros) StdoutLine: {'line': b"writing manifest file '../build/workspace_ros/workspace_ros.egg-info/SOURCES.txt'\n"}
[1.720108] (workspace_gz) StdoutLine: {'line': b'-- Up-to-date symlink: /home/ngen/yildiz_ws/src/YILDIZ-USV/install/workspace_gz/share/workspace_gz/environment/ament_prefix_path.sh\n'}
[1.720242] (workspace_ros) StdoutLine: {'line': b'running build\n'}
[1.720355] (workspace_ros) StdoutLine: {'line': b'running build_py\n'}
[1.720505] (workspace_gz) StdoutLine: {'line': b'-- Up-to-date symlink: /home/ngen/yildiz_ws/src/YILDIZ-USV/install/workspace_gz/share/workspace_gz/environment/ament_prefix_path.dsv\n'}
[1.720636] (workspace_gz) StdoutLine: {'line': b'-- Up-to-date symlink: /home/ngen/yildiz_ws/src/YILDIZ-USV/install/workspace_gz/share/workspace_gz/environment/path.sh\n'}
[1.720809] (workspace_ros) StdoutLine: {'line': b'copying scripts/lidar_processor.py -> /home/ngen/yildiz_ws/src/YILDIZ-USV/build/workspace_ros/build/lib/scripts\n'}
[1.720896] (workspace_gz) StdoutLine: {'line': b'-- Up-to-date symlink: /home/ngen/yildiz_ws/src/YILDIZ-USV/install/workspace_gz/share/workspace_gz/environment/path.dsv\n'}
[1.720981] (workspace_ros) StdoutLine: {'line': b'running install\n'}
[1.721040] (workspace_gz) StdoutLine: {'line': b'-- Up-to-date symlink: /home/ngen/yildiz_ws/src/YILDIZ-USV/install/workspace_gz/share/workspace_gz/local_setup.bash\n'}
[1.721094] (workspace_gz) StdoutLine: {'line': b'-- Up-to-date symlink: /home/ngen/yildiz_ws/src/YILDIZ-USV/install/workspace_gz/share/workspace_gz/local_setup.sh\n'}
[1.721150] (workspace_gz) StdoutLine: {'line': b'-- Up-to-date symlink: /home/ngen/yildiz_ws/src/YILDIZ-USV/install/workspace_gz/share/workspace_gz/local_setup.zsh\n'}
[1.721245] (workspace_gz) StdoutLine: {'line': b'-- Up-to-date symlink: /home/ngen/yildiz_ws/src/YILDIZ-USV/install/workspace_gz/share/workspace_gz/local_setup.dsv\n'}
[1.721300] (workspace_gz) StdoutLine: {'line': b'-- Symlinking: /home/ngen/yildiz_ws/src/YILDIZ-USV/install/workspace_gz/share/workspace_gz/package.dsv\n'}
[1.726949] (workspace_ros) StdoutLine: {'line': b'running install_lib\n'}
[1.733968] (workspace_gz) StdoutLine: {'line': b'-- Up-to-date symlink: /home/ngen/yildiz_ws/src/YILDIZ-USV/install/workspace_gz/share/ament_index/resource_index/packages/workspace_gz\n'}
[1.734237] (workspace_gz) StdoutLine: {'line': b'-- Up-to-date symlink: /home/ngen/yildiz_ws/src/YILDIZ-USV/install/workspace_gz/share/workspace_gz/cmake/ament_cmake_export_libraries-extras.cmake\n'}
[1.734384] (workspace_gz) StdoutLine: {'line': b'-- Up-to-date symlink: /home/ngen/yildiz_ws/src/YILDIZ-USV/install/workspace_gz/share/workspace_gz/cmake/ament_cmake_export_dependencies-extras.cmake\n'}
[1.734495] (workspace_gz) StdoutLine: {'line': b'-- Up-to-date symlink: /home/ngen/yildiz_ws/src/YILDIZ-USV/install/workspace_gz/share/workspace_gz/cmake/workspace_gzConfig.cmake\n'}
[1.734651] (workspace_gz) StdoutLine: {'line': b'-- Up-to-date symlink: /home/ngen/yildiz_ws/src/YILDIZ-USV/install/workspace_gz/share/workspace_gz/cmake/workspace_gzConfig-version.cmake\n'}
[1.734959] (workspace_gz) StdoutLine: {'line': b'-- Up-to-date symlink: /home/ngen/yildiz_ws/src/YILDIZ-USV/install/workspace_gz/share/workspace_gz/package.xml\n'}
[1.737910] (workspace_gz) CommandEnded: {'returncode': 0}
[1.746795] (workspace_ros) StdoutLine: {'line': b'creating /home/ngen/yildiz_ws/src/YILDIZ-USV/install/workspace_ros/lib/python3.12/site-packages/scripts\n'}
[1.747066] (workspace_ros) StdoutLine: {'line': b'copying /home/ngen/yildiz_ws/src/YILDIZ-USV/build/workspace_ros/build/lib/scripts/static_transform_publisher.py -> /home/ngen/yildiz_ws/src/YILDIZ-USV/install/workspace_ros/lib/python3.12/site-packages/scripts\n'}
[1.747452] (workspace_ros) StdoutLine: {'line': b'copying /home/ngen/yildiz_ws/src/YILDIZ-USV/build/workspace_ros/build/lib/scripts/converter.py -> /home/ngen/yildiz_ws/src/YILDIZ-USV/install/workspace_ros/lib/python3.12/site-packages/scripts\n'}
[1.747610] (workspace_ros) StdoutLine: {'line': b'copying /home/ngen/yildiz_ws/src/YILDIZ-USV/build/workspace_ros/build/lib/scripts/__init__.py -> /home/ngen/yildiz_ws/src/YILDIZ-USV/install/workspace_ros/lib/python3.12/site-packages/scripts\n'}
[1.747708] (workspace_ros) StdoutLine: {'line': b'copying /home/ngen/yildiz_ws/src/YILDIZ-USV/build/workspace_ros/build/lib/scripts/lidar_processor.py -> /home/ngen/yildiz_ws/src/YILDIZ-USV/install/workspace_ros/lib/python3.12/site-packages/scripts\n'}
[1.747774] (workspace_ros) StdoutLine: {'line': b'copying /home/ngen/yildiz_ws/src/YILDIZ-USV/build/workspace_ros/build/lib/scripts/imu_covariance_repub.py -> /home/ngen/yildiz_ws/src/YILDIZ-USV/install/workspace_ros/lib/python3.12/site-packages/scripts\n'}
[1.747859] (workspace_ros) StdoutLine: {'line': b'copying /home/ngen/yildiz_ws/src/YILDIZ-USV/build/workspace_ros/build/lib/scripts/kamikaze.py -> /home/ngen/yildiz_ws/src/YILDIZ-USV/install/workspace_ros/lib/python3.12/site-packages/scripts\n'}
[1.747928] (workspace_ros) StdoutLine: {'line': b'copying /home/ngen/yildiz_ws/src/YILDIZ-USV/build/workspace_ros/build/lib/scripts/gps_covariance_repub.py -> /home/ngen/yildiz_ws/src/YILDIZ-USV/install/workspace_ros/lib/python3.12/site-packages/scripts\n'}
[1.747984] (workspace_ros) StdoutLine: {'line': b'copying /home/ngen/yildiz_ws/src/YILDIZ-USV/build/workspace_ros/build/lib/scripts/target_buoy.py -> /home/ngen/yildiz_ws/src/YILDIZ-USV/install/workspace_ros/lib/python3.12/site-packages/scripts\n'}
[1.748158] (workspace_ros) StdoutLine: {'line': b'copying /home/ngen/yildiz_ws/src/YILDIZ-USV/build/workspace_ros/build/lib/scripts/manual_control.py -> /home/ngen/yildiz_ws/src/YILDIZ-USV/install/workspace_ros/lib/python3.12/site-packages/scripts\n'}
[1.748789] (workspace_ros) StdoutLine: {'line': b'byte-compiling /home/ngen/yildiz_ws/src/YILDIZ-USV/install/workspace_ros/lib/python3.12/site-packages/scripts/static_transform_publisher.py to static_transform_publisher.cpython-312.pyc\n'}
[1.750645] (workspace_ros) StdoutLine: {'line': b'byte-compiling /home/ngen/yildiz_ws/src/YILDIZ-USV/install/workspace_ros/lib/python3.12/site-packages/scripts/converter.py to converter.cpython-312.pyc\n'}
[1.751272] (workspace_ros) StdoutLine: {'line': b'byte-compiling /home/ngen/yildiz_ws/src/YILDIZ-USV/install/workspace_ros/lib/python3.12/site-packages/scripts/__init__.py to __init__.cpython-312.pyc\n'}
[1.751384] (workspace_ros) StdoutLine: {'line': b'byte-compiling /home/ngen/yildiz_ws/src/YILDIZ-USV/install/workspace_ros/lib/python3.12/site-packages/scripts/lidar_processor.py to lidar_processor.cpython-312.pyc\n'}
[1.753499] (workspace_ros) StdoutLine: {'line': b'byte-compiling /home/ngen/yildiz_ws/src/YILDIZ-USV/install/workspace_ros/lib/python3.12/site-packages/scripts/imu_covariance_repub.py to imu_covariance_repub.cpython-312.pyc\n'}
[1.753960] (workspace_ros) StdoutLine: {'line': b'byte-compiling /home/ngen/yildiz_ws/src/YILDIZ-USV/install/workspace_ros/lib/python3.12/site-packages/scripts/kamikaze.py to kamikaze.cpython-312.pyc\n'}
[1.754871] (workspace_gz) JobEnded: {'identifier': 'workspace_gz', 'rc': 0}
[1.758612] (workspace_ros) StdoutLine: {'line': b'byte-compiling /home/ngen/yildiz_ws/src/YILDIZ-USV/install/workspace_ros/lib/python3.12/site-packages/scripts/gps_covariance_repub.py to gps_covariance_repub.cpython-312.pyc\n'}
[1.759136] (workspace_ros) StdoutLine: {'line': b'byte-compiling /home/ngen/yildiz_ws/src/YILDIZ-USV/install/workspace_ros/lib/python3.12/site-packages/scripts/target_buoy.py to target_buoy.cpython-312.pyc\n'}
[1.760797] (workspace_ros) StdoutLine: {'line': b'byte-compiling /home/ngen/yildiz_ws/src/YILDIZ-USV/install/workspace_ros/lib/python3.12/site-packages/scripts/manual_control.py to manual_control.cpython-312.pyc\n'}
[1.761597] (workspace_ros) StdoutLine: {'line': b'running install_data\n'}
[1.761659] (workspace_ros) StdoutLine: {'line': b'copying resource/workspace_ros -> /home/ngen/yildiz_ws/src/YILDIZ-USV/install/workspace_ros/share/ament_index/resource_index/packages\n'}
[1.761749] (workspace_ros) StdoutLine: {'line': b'copying package.xml -> /home/ngen/yildiz_ws/src/YILDIZ-USV/install/workspace_ros/share/workspace_ros\n'}
[1.761826] (workspace_ros) StdoutLine: {'line': b'copying config/static_transform.yaml -> /home/ngen/yildiz_ws/src/YILDIZ-USV/install/workspace_ros/share/workspace_ros/config\n'}
[1.761899] (workspace_ros) StdoutLine: {'line': b'copying config/ekf.yaml -> /home/ngen/yildiz_ws/src/YILDIZ-USV/install/workspace_ros/share/workspace_ros/config\n'}
[1.761974] (workspace_ros) StdoutLine: {'line': b'copying config/lidar_rviz.rviz -> /home/ngen/yildiz_ws/src/YILDIZ-USV/install/workspace_ros/share/workspace_ros/config\n'}
[1.762024] (workspace_ros) StdoutLine: {'line': b'copying config/navsat.yaml -> /home/ngen/yildiz_ws/src/YILDIZ-USV/install/workspace_ros/share/workspace_ros/config\n'}
[1.762091] (workspace_ros) StdoutLine: {'line': b'copying config/lidar_filter.yaml -> /home/ngen/yildiz_ws/src/YILDIZ-USV/install/workspace_ros/share/workspace_ros/config\n'}
[1.762179] (workspace_ros) StdoutLine: {'line': b'copying launch/localization.launch.py -> /home/ngen/yildiz_ws/src/YILDIZ-USV/install/workspace_ros/share/workspace_ros/launch\n'}
[1.762228] (workspace_ros) StdoutLine: {'line': b'copying launch/mola_slam.launch.py -> /home/ngen/yildiz_ws/src/YILDIZ-USV/install/workspace_ros/share/workspace_ros/launch\n'}
[1.762289] (workspace_ros) StdoutLine: {'line': b'copying launch/lidar_filter.launch.py -> /home/ngen/yildiz_ws/src/YILDIZ-USV/install/workspace_ros/share/workspace_ros/launch\n'}
[1.762336] (workspace_ros) StdoutLine: {'line': b'copying scripts/static_transform_publisher.py -> /home/ngen/yildiz_ws/src/YILDIZ-USV/install/workspace_ros/share/workspace_ros/scripts\n'}
[1.762403] (workspace_ros) StdoutLine: {'line': b'copying scripts/converter.py -> /home/ngen/yildiz_ws/src/YILDIZ-USV/install/workspace_ros/share/workspace_ros/scripts\n'}
[1.762480] (workspace_ros) StdoutLine: {'line': b'copying scripts/__init__.py -> /home/ngen/yildiz_ws/src/YILDIZ-USV/install/workspace_ros/share/workspace_ros/scripts\n'}
[1.762531] (workspace_ros) StdoutLine: {'line': b'copying scripts/lidar_processor.py -> /home/ngen/yildiz_ws/src/YILDIZ-USV/install/workspace_ros/share/workspace_ros/scripts\n'}
[1.762582] (workspace_ros) StdoutLine: {'line': b'copying scripts/imu_covariance_repub.py -> /home/ngen/yildiz_ws/src/YILDIZ-USV/install/workspace_ros/share/workspace_ros/scripts\n'}
[1.762648] (workspace_ros) StdoutLine: {'line': b'copying scripts/kamikaze.py -> /home/ngen/yildiz_ws/src/YILDIZ-USV/install/workspace_ros/share/workspace_ros/scripts\n'}
[1.762757] (workspace_ros) StdoutLine: {'line': b'copying scripts/gps_covariance_repub.py -> /home/ngen/yildiz_ws/src/YILDIZ-USV/install/workspace_ros/share/workspace_ros/scripts\n'}
[1.762898] (workspace_ros) StdoutLine: {'line': b'copying scripts/target_buoy.py -> /home/ngen/yildiz_ws/src/YILDIZ-USV/install/workspace_ros/share/workspace_ros/scripts\n'}
[1.762955] (workspace_ros) StdoutLine: {'line': b'copying scripts/manual_control.py -> /home/ngen/yildiz_ws/src/YILDIZ-USV/install/workspace_ros/share/workspace_ros/scripts\n'}
[1.763006] (workspace_ros) StdoutLine: {'line': b'copying YOLOv11/YOLOv11.pt -> /home/ngen/yildiz_ws/src/YILDIZ-USV/install/workspace_ros/share/workspace_ros/YOLOv11\n'}
[1.773532] (workspace_ros) StdoutLine: {'line': b'running install_egg_info\n'}
[1.790611] (workspace_ros) StdoutLine: {'line': b'Copying ../build/workspace_ros/workspace_ros.egg-info to /home/ngen/yildiz_ws/src/YILDIZ-USV/install/workspace_ros/lib/python3.12/site-packages/workspace_ros-0.0.0-py3.12.egg-info\n'}
[1.791756] (workspace_ros) StdoutLine: {'line': b'running install_scripts\n'}
[1.801538] (-) TimerEvent: {}
[1.901740] (-) TimerEvent: {}
[1.909586] (workspace_ros) StdoutLine: {'line': b'Installing converter script to /home/ngen/yildiz_ws/src/YILDIZ-USV/install/workspace_ros/lib/workspace_ros\n'}
[1.909772] (workspace_ros) StdoutLine: {'line': b'Installing gps_covariance_repub script to /home/ngen/yildiz_ws/src/YILDIZ-USV/install/workspace_ros/lib/workspace_ros\n'}
[1.909849] (workspace_ros) StdoutLine: {'line': b'Installing imu_covariance_repub script to /home/ngen/yildiz_ws/src/YILDIZ-USV/install/workspace_ros/lib/workspace_ros\n'}
[1.909943] (workspace_ros) StdoutLine: {'line': b'Installing kamikaze script to /home/ngen/yildiz_ws/src/YILDIZ-USV/install/workspace_ros/lib/workspace_ros\n'}
[1.910005] (workspace_ros) StdoutLine: {'line': b'Installing lidar_processor script to /home/ngen/yildiz_ws/src/YILDIZ-USV/install/workspace_ros/lib/workspace_ros\n'}
[1.910064] (workspace_ros) StdoutLine: {'line': b'Installing manual_control script to /home/ngen/yildiz_ws/src/YILDIZ-USV/install/workspace_ros/lib/workspace_ros\n'}
[1.910143] (workspace_ros) StdoutLine: {'line': b'Installing static_transform_publisher script to /home/ngen/yildiz_ws/src/YILDIZ-USV/install/workspace_ros/lib/workspace_ros\n'}
[1.910198] (workspace_ros) StdoutLine: {'line': b'Installing target_buoy script to /home/ngen/yildiz_ws/src/YILDIZ-USV/install/workspace_ros/lib/workspace_ros\n'}
[1.910376] (workspace_ros) StdoutLine: {'line': b"writing list of installed files to '/home/ngen/yildiz_ws/src/YILDIZ-USV/build/workspace_ros/install.log'\n"}
[1.931768] (workspace_ros) CommandEnded: {'returncode': 0}
[1.935610] (workspace_ros) JobEnded: {'identifier': 'workspace_ros', 'rc': 0}
[1.936286] (-) EventReactorShutdown: {}
