[0.000000] (-) TimerEvent: {}
[0.000743] (workspace_gz) JobQueued: {'identifier': 'workspace_gz', 'dependencies': OrderedDict()}
[0.001085] (workspace_gz) JobStarted: {'identifier': 'workspace_gz'}
[0.019319] (workspace_gz) JobProgress: {'identifier': 'workspace_gz', 'progress': 'cmake'}
[0.020036] (workspace_gz) Command: {'cmd': ['/usr/bin/cmake', '/home/aliomacc/sti_usv/src/usv_sim/workspace_gz', '-DCMAKE_INSTALL_PREFIX=/home/aliomacc/sti_usv/src/usv_sim/workspace_gz/install/workspace_gz'], 'cwd': '/home/aliomacc/sti_usv/src/usv_sim/workspace_gz/build/workspace_gz', 'env': OrderedDict([('GJS_DEBUG_TOPICS', 'JS ERROR;JS LOG'), ('LESSOPEN', '| /usr/bin/lesspipe %s'), ('USER', 'aliomacc'), ('XDG_SESSION_TYPE', 'x11'), ('GIT_ASKPASS', '/usr/share/antigravity/resources/app/extensions/git/dist/askpass.sh'), ('SHLVL', '2'), ('LD_LIBRARY_PATH', '/home/aliomacc/ros2_ws/install/my_robot_interfaces/lib:/opt/ros/humble/opt/rviz_ogre_vendor/lib:/opt/ros/humble/lib/x86_64-linux-gnu:/opt/ros/humble/lib'), ('ANTIGRAVITY_CLI_ALIAS', 'agy'), ('HOME', '/home/aliomacc'), ('CHROME_DESKTOP', 'antigravity.desktop'), ('OLDPWD', '/home/aliomacc/sti_usv/src/usv_sim/workspace_gz/plugins'), ('TERM_PROGRAM_VERSION', '1.107.0'), ('DESKTOP_SESSION', 'ubuntu-xorg'), ('GIO_LAUNCHED_DESKTOP_FILE', '/usr/share/applications/terminator.desktop'), ('ROS_PYTHON_VERSION', '3'), ('GNOME_SHELL_SESSION_MODE', 'ubuntu'), ('GTK_MODULES', 'gail:atk-bridge'), ('PAGER', 'cat'), ('VSCODE_GIT_ASKPASS_MAIN', '/usr/share/antigravity/resources/app/extensions/git/dist/askpass-main.js'), ('VSCODE_GIT_ASKPASS_NODE', '/usr/share/antigravity/antigravity'), ('MANAGERPID', '1119'), ('SYSTEMD_EXEC_PID', '1535'), ('VSCODE_PYTHON_AUTOACTIVATE_GUARD', '1'), ('DBUS_SESSION_BUS_ADDRESS', 'unix:path=/run/user/1000/bus'), ('COLORTERM', 'truecolor'), ('TERMINATOR_DBUS_NAME', 'net.tenshu.Terminator21a9d5db22c73a993ff0b42f64b396873'), ('ANTIGRAVITY_AGENT', '1'), ('GIO_LAUNCHED_DESKTOP_FILE_PID', '21184'), ('COLCON_PREFIX_PATH', '/home/aliomacc/turtlebot3_ws/install:/home/aliomacc/ros2_ws/install'), ('ROS_DISTRO', 'humble'), ('GTK_IM_MODULE', 'ibus'), ('LOGNAME', 'aliomacc'), ('JOURNAL_STREAM', '8:12878'), ('_', '/usr/bin/colcon'), ('ROS_VERSION', '2'), ('XDG_SESSION_CLASS', 'user'), ('USERNAME', 'aliomacc'), ('TERM', 'xterm-256color'), ('GNOME_DESKTOP_SESSION_ID', 'this-is-deprecated'), ('FC_FONTATIONS', '1'), ('ROS_LOCALHOST_ONLY', '0'), ('WINDOWPATH', '2'), ('PATH', '/home/aliomacc/.local/bin:/home/aliomacc/.local/bin:/opt/ros/humble/bin:/home/aliomacc/.local/bin:/usr/local/sbin:/usr/local/bin:/usr/sbin:/usr/bin:/sbin:/bin:/usr/games:/usr/local/games:/snap/bin:/snap/bin'), ('SESSION_MANAGER', 'local/aliomacc-Nitro-AN515-55:@/tmp/.ICE-unix/1477,unix/aliomacc-Nitro-AN515-55:/tmp/.ICE-unix/1477'), ('INVOCATION_ID', '8bb2c71350dd440785a65a077b4f78af'), ('XDG_MENU_PREFIX', 'gnome-'), ('XDG_RUNTIME_DIR', '/run/user/1000'), ('GDK_BACKEND', 'x11'), ('DISPLAY', ':0'), ('TERMINATOR_DBUS_PATH', '/net/tenshu/Terminator2'), ('LANG', 'tr_TR.UTF-8'), ('XDG_CURRENT_DESKTOP', 'ubuntu:GNOME'), ('IBUS_DISABLE_SNOOPER', '1'), ('XMODIFIERS', '@im=ibus'), ('XDG_SESSION_DESKTOP', 'ubuntu-xorg'), ('XAUTHORITY', '/run/user/1000/gdm/Xauthority'), ('LS_COLORS', 'rs=0:di=01;34:ln=01;36:mh=00:pi=40;33:so=01;35:do=01;35:bd=40;33;01:cd=40;33;01:or=40;31;01:mi=00:su=37;41:sg=30;43:ca=30;41:tw=30;42:ow=34;42:st=37;44:ex=01;32:*.tar=01;31:*.tgz=01;31:*.arc=01;31:*.arj=01;31:*.taz=01;31:*.lha=01;31:*.lz4=01;31:*.lzh=01;31:*.lzma=01;31:*.tlz=01;31:*.txz=01;31:*.tzo=01;31:*.t7z=01;31:*.zip=01;31:*.z=01;31:*.dz=01;31:*.gz=01;31:*.lrz=01;31:*.lz=01;31:*.lzo=01;31:*.xz=01;31:*.zst=01;31:*.tzst=01;31:*.bz2=01;31:*.bz=01;31:*.tbz=01;31:*.tbz2=01;31:*.tz=01;31:*.deb=01;31:*.rpm=01;31:*.jar=01;31:*.war=01;31:*.ear=01;31:*.sar=01;31:*.rar=01;31:*.alz=01;31:*.ace=01;31:*.zoo=01;31:*.cpio=01;31:*.7z=01;31:*.rz=01;31:*.cab=01;31:*.wim=01;31:*.swm=01;31:*.dwm=01;31:*.esd=01;31:*.jpg=01;35:*.jpeg=01;35:*.mjpg=01;35:*.mjpeg=01;35:*.gif=01;35:*.bmp=01;35:*.pbm=01;35:*.pgm=01;35:*.ppm=01;35:*.tga=01;35:*.xbm=01;35:*.xpm=01;35:*.tif=01;35:*.tiff=01;35:*.png=01;35:*.svg=01;35:*.svgz=01;35:*.mng=01;35:*.pcx=01;35:*.mov=01;35:*.mpg=01;35:*.mpeg=01;35:*.m2v=01;35:*.mkv=01;35:*.webm=01;35:*.webp=01;35:*.ogm=01;35:*.mp4=01;35:*.m4v=01;35:*.mp4v=01;35:*.vob=01;35:*.qt=01;35:*.nuv=01;35:*.wmv=01;35:*.asf=01;35:*.rm=01;35:*.rmvb=01;35:*.flc=01;35:*.avi=01;35:*.fli=01;35:*.flv=01;35:*.gl=01;35:*.dl=01;35:*.xcf=01;35:*.xwd=01;35:*.yuv=01;35:*.cgm=01;35:*.emf=01;35:*.ogv=01;35:*.ogx=01;35:*.aac=00;36:*.au=00;36:*.flac=00;36:*.m4a=00;36:*.mid=00;36:*.midi=00;36:*.mka=00;36:*.mp3=00;36:*.mpc=00;36:*.ogg=00;36:*.ra=00;36:*.wav=00;36:*.oga=00;36:*.opus=00;36:*.spx=00;36:*.xspf=00;36:'), ('VSCODE_GIT_IPC_HANDLE', '/run/user/1000/vscode-git-0cbf93e25a.sock'), ('TERM_PROGRAM', 'vscode'), ('SSH_AGENT_LAUNCHER', 'gnome-keyring'), ('SSH_AUTH_SOCK', '/run/user/1000/keyring/ssh'), ('AMENT_PREFIX_PATH', '/home/aliomacc/turtlebot3_ws/install/turtlebot3_simulations:/home/aliomacc/turtlebot3_ws/install/turtlebot3_manipulation_gazebo:/home/aliomacc/turtlebot3_ws/install/turtlebot3_gazebo:/home/aliomacc/turtlebot3_ws/install/turtlebot3_fake_node:/home/aliomacc/ros2_ws/install/actions_py:/home/aliomacc/ros2_ws/install/my_robot_interfaces:/home/aliomacc/ros2_ws/install/my_robot_description:/home/aliomacc/ros2_ws/install/my_robot_bringup:/home/aliomacc/ros2_ws/install/lifecycle_py:/home/aliomacc/ros2_ws/install/lifecycle_cpp:/opt/ros/humble'), ('SHELL', '/bin/bash'), ('TERMINATOR_UUID', 'urn:uuid:000422ba-25d5-4262-9e2f-dc4b83371a6a'), ('QT_ACCESSIBILITY', '1'), ('GDMSESSION', 'ubuntu-xorg'), ('LESSCLOSE', '/usr/bin/lesspipe %s %s'), ('GPG_AGENT_INFO', '/run/user/1000/gnupg/S.gpg-agent:0:1'), ('GJS_DEBUG_OUTPUT', 'stderr'), ('VSCODE_GIT_ASKPASS_EXTRA_ARGS', ''), ('QT_IM_MODULE', 'ibus'), ('PWD', '/home/aliomacc/sti_usv/src/usv_sim/workspace_gz/build/workspace_gz'), ('TURTLEBOT3_MODEL', 'waffle'), ('XDG_CONFIG_DIRS', '/etc/xdg/xdg-ubuntu-xorg:/etc/xdg'), ('XDG_DATA_DIRS', '/usr/share/ubuntu-xorg:/usr/share/gnome:/home/aliomacc/.local/share/flatpak/exports/share:/var/lib/flatpak/exports/share:/usr/local/share/:/usr/share/:/var/lib/snapd/desktop'), ('PYTHONPATH', '/home/aliomacc/ros2_ws/install/actions_py/lib/python3.10/site-packages:/home/aliomacc/ros2_ws/install/my_robot_interfaces/local/lib/python3.10/dist-packages:/home/aliomacc/ros2_ws/install/lifecycle_py/lib/python3.10/site-packages:/opt/ros/humble/lib/python3.10/site-packages:/opt/ros/humble/local/lib/python3.10/dist-packages'), ('COLCON', '1'), ('VTE_VERSION', '6800'), ('CMAKE_PREFIX_PATH', '/home/aliomacc/turtlebot3_ws/install/turtlebot3_simulations:/home/aliomacc/turtlebot3_ws/install/turtlebot3_manipulation_gazebo:/home/aliomacc/turtlebot3_ws/install/turtlebot3_gazebo:/home/aliomacc/turtlebot3_ws/install/turtlebot3_fake_node:/home/aliomacc/ros2_ws/install/my_robot_interfaces:/home/aliomacc/ros2_ws/install/my_robot_description:/home/aliomacc/ros2_ws/install/my_robot_bringup:/home/aliomacc/ros2_ws/install/lifecycle_cpp:/home/aliomacc/ros2_ws/install/actions_py:/home/aliomacc/ros2_ws/install/lifecycle_py:/opt/ros/humble')]), 'shell': False}
[0.099311] (-) TimerEvent: {}
[0.195234] (workspace_gz) StdoutLine: {'line': b'-- The C compiler identification is GNU 11.4.0\n'}
[0.199471] (-) TimerEvent: {}
[0.300065] (-) TimerEvent: {}
[0.321862] (workspace_gz) StdoutLine: {'line': b'-- The CXX compiler identification is GNU 11.4.0\n'}
[0.345376] (workspace_gz) StdoutLine: {'line': b'-- Detecting C compiler ABI info\n'}
[0.400555] (-) TimerEvent: {}
[0.501901] (-) TimerEvent: {}
[0.515369] (workspace_gz) StdoutLine: {'line': b'-- Detecting C compiler ABI info - done\n'}
[0.529949] (workspace_gz) StdoutLine: {'line': b'-- Check for working C compiler: /usr/bin/cc - skipped\n'}
[0.531279] (workspace_gz) StdoutLine: {'line': b'-- Detecting C compile features\n'}
[0.532961] (workspace_gz) StdoutLine: {'line': b'-- Detecting C compile features - done\n'}
[0.538349] (workspace_gz) StdoutLine: {'line': b'-- Detecting CXX compiler ABI info\n'}
[0.602361] (-) TimerEvent: {}
[0.703601] (-) TimerEvent: {}
[0.751251] (workspace_gz) StdoutLine: {'line': b'-- Detecting CXX compiler ABI info - done\n'}
[0.768870] (workspace_gz) StdoutLine: {'line': b'-- Check for working CXX compiler: /usr/bin/c++ - skipped\n'}
[0.769177] (workspace_gz) StdoutLine: {'line': b'-- Detecting CXX compile features\n'}
[0.769759] (workspace_gz) StdoutLine: {'line': b'-- Detecting CXX compile features - done\n'}
[0.786743] (workspace_gz) StdoutLine: {'line': b'-- Found ament_cmake: 1.3.12 (/opt/ros/humble/share/ament_cmake/cmake)\n'}
[0.803706] (-) TimerEvent: {}
[0.905287] (-) TimerEvent: {}
[1.006812] (-) TimerEvent: {}
[1.107197] (-) TimerEvent: {}
[1.207604] (-) TimerEvent: {}
[1.265527] (workspace_gz) StdoutLine: {'line': b'-- Found Python3: /usr/bin/python3 (found version "3.10.12") found components: Interpreter \n'}
[1.307740] (-) TimerEvent: {}
[1.408157] (-) TimerEvent: {}
[1.509552] (-) TimerEvent: {}
[1.527716] (workspace_gz) StdoutLine: {'line': b'-- Looking for ignition-gazebo6 -- found version 6.17.1\n'}
[1.541526] (workspace_gz) StdoutLine: {'line': b'-- Searching for dependencies of ignition-gazebo6\n'}
[1.545644] (workspace_gz) StdoutLine: {'line': b'-- Looking for sdformat12 -- found version 12.9.0\n'}
[1.546465] (workspace_gz) StdoutLine: {'line': b'-- Searching for dependencies of sdformat12\n'}
[1.557754] (workspace_gz) StdoutLine: {'line': b"-- Checking for module 'tinyxml2'\n"}
[1.586844] (workspace_gz) StdoutLine: {'line': b'--   Found tinyxml2, version 9.0.0\n'}
[1.609696] (-) TimerEvent: {}
[1.672092] (workspace_gz) StdoutLine: {'line': b'-- Looking for ignition-math6 -- found version 6.15.1\n'}
[1.672913] (workspace_gz) StdoutLine: {'line': b'-- Searching for dependencies of ignition-math6\n'}
[1.681653] (workspace_gz) StdoutLine: {'line': b'-- Looking for ignition-utils1 -- found version 1.5.1\n'}
[1.682779] (workspace_gz) StdoutLine: {'line': b'-- Searching for dependencies of ignition-utils1\n'}
[1.688432] (workspace_gz) StdoutLine: {'line': b'-- Looking for ignition-plugin1 -- found version 1.4.0\n'}
[1.689293] (workspace_gz) StdoutLine: {'line': b'-- Searching for dependencies of ignition-plugin1\n'}
[1.690366] (workspace_gz) StdoutLine: {'line': b'-- Searching for <ignition-plugin1> component [loader]\n'}
[1.697744] (workspace_gz) StdoutLine: {'line': b'-- Looking for ignition-plugin1-loader -- found version 1.4.0\n'}
[1.699235] (workspace_gz) StdoutLine: {'line': b'-- Searching for dependencies of ignition-plugin1-loader\n'}
[1.700062] (workspace_gz) StdoutLine: {'line': b'-- Searching for <ignition-plugin1> component [register]\n'}
[1.704205] (workspace_gz) StdoutLine: {'line': b'-- Looking for ignition-plugin1-register -- found version 1.4.0\n'}
[1.704932] (workspace_gz) StdoutLine: {'line': b'-- Searching for dependencies of ignition-plugin1-register\n'}
[1.710009] (-) TimerEvent: {}
[1.712392] (workspace_gz) StdoutLine: {'line': b'-- Looking for ignition-transport11 -- found version 11.4.2\n'}
[1.714425] (workspace_gz) StdoutLine: {'line': b'-- Searching for dependencies of ignition-transport11\n'}
[1.810192] (-) TimerEvent: {}
[1.911494] (-) TimerEvent: {}
[2.012657] (-) TimerEvent: {}
[2.113556] (-) TimerEvent: {}
[2.149624] (workspace_gz) StdoutLine: {'line': b'-- Found Protobuf: /usr/lib/x86_64-linux-gnu/libprotobuf.so (found version "3.12.4") \n'}
[2.184722] (workspace_gz) StdoutLine: {'line': b'-- Config-file not installed for ZeroMQ -- checking for pkg-config\n'}
[2.193475] (workspace_gz) StdoutLine: {'line': b"-- Checking for module 'libzmq >= 4'\n"}
[2.213779] (-) TimerEvent: {}
[2.223128] (workspace_gz) StdoutLine: {'line': b'--   Found libzmq , version 4.3.4\n'}
[2.302950] (workspace_gz) StdoutLine: {'line': b'-- Found ZeroMQ: TRUE (Required is at least version "4") \n'}
[2.314017] (-) TimerEvent: {}
[2.315114] (workspace_gz) StdoutLine: {'line': b"-- Checking for module 'uuid'\n"}
[2.342237] (workspace_gz) StdoutLine: {'line': b'--   Found uuid, version 2.37.2\n'}
[2.414475] (-) TimerEvent: {}
[2.447929] (workspace_gz) StdoutLine: {'line': b'-- Found UUID: TRUE  \n'}
[2.448923] (workspace_gz) StdoutLine: {'line': b'-- Looking for ignition-utils1 -- found version 1.5.1\n'}
[2.449729] (workspace_gz) StdoutLine: {'line': b'-- Searching for dependencies of ignition-utils1\n'}
[2.449998] (workspace_gz) StdoutLine: {'line': b'-- Searching for <ignition-utils1> component [cli]\n'}
[2.457285] (workspace_gz) StdoutLine: {'line': b'-- Looking for ignition-utils1-cli -- found version 1.5.1\n'}
[2.460501] (workspace_gz) StdoutLine: {'line': b'-- Searching for dependencies of ignition-utils1-cli\n'}
[2.467962] (workspace_gz) StdoutLine: {'line': b'-- Looking for ignition-msgs8 -- found version 8.7.0\n'}
[2.469151] (workspace_gz) StdoutLine: {'line': b'-- Searching for dependencies of ignition-msgs8\n'}
[2.504883] (workspace_gz) StdoutLine: {'line': b'-- Found Protobuf: /usr/lib/x86_64-linux-gnu/libprotobuf.so (found suitable version "3.12.4", minimum required is "3") \n'}
[2.506488] (workspace_gz) StdoutLine: {'line': b'-- Looking for ignition-math6 -- found version 6.15.1\n'}
[2.514709] (-) TimerEvent: {}
[2.533298] (workspace_gz) StdoutLine: {'line': b'-- Searching for <ignition-transport11> component [log]\n'}
[2.537773] (workspace_gz) StdoutLine: {'line': b'-- Looking for ignition-transport11-log -- found version 11.4.2\n'}
[2.538717] (workspace_gz) StdoutLine: {'line': b'-- Searching for dependencies of ignition-transport11-log\n'}
[2.539766] (workspace_gz) StdoutLine: {'line': b'-- Searching for <ignition-transport11> component [parameters]\n'}
[2.547806] (workspace_gz) StdoutLine: {'line': b'-- Looking for ignition-transport11-parameters -- found version 11.4.2\n'}
[2.548390] (workspace_gz) StdoutLine: {'line': b'-- Searching for dependencies of ignition-transport11-parameters\n'}
[2.549702] (workspace_gz) StdoutLine: {'line': b'-- Looking for ignition-msgs8 -- found version 8.7.0\n'}
[2.554241] (workspace_gz) StdoutLine: {'line': b'-- Looking for ignition-common4 -- found version 4.8.0\n'}
[2.555196] (workspace_gz) StdoutLine: {'line': b'-- Searching for dependencies of ignition-common4\n'}
[2.555775] (workspace_gz) StdoutLine: {'line': b'-- Looking for dlfcn.h - found\n'}
[2.561307] (workspace_gz) StdoutLine: {'line': b'-- Looking for libdl - found\n'}
[2.564297] (workspace_gz) StdoutLine: {'line': b'-- Found DL: TRUE  \n'}
[2.584222] (workspace_gz) StdoutLine: {'line': b'-- Searching for <ignition-common4> component [profiler]\n'}
[2.590182] (workspace_gz) StdoutLine: {'line': b'-- Looking for ignition-common4-profiler -- found version 4.8.0\n'}
[2.592861] (workspace_gz) StdoutLine: {'line': b'-- Searching for dependencies of ignition-common4-profiler\n'}
[2.595477] (workspace_gz) StdoutLine: {'line': b'-- Searching for <ignition-common4> component [events]\n'}
[2.601362] (workspace_gz) StdoutLine: {'line': b'-- Looking for ignition-common4-events -- found version 4.8.0\n'}
[2.602004] (workspace_gz) StdoutLine: {'line': b'-- Searching for dependencies of ignition-common4-events\n'}
[2.602542] (workspace_gz) StdoutLine: {'line': b'-- Looking for ignition-math6 -- found version 6.15.1\n'}
[2.603203] (workspace_gz) StdoutLine: {'line': b'-- Searching for <ignition-common4> component [av]\n'}
[2.609487] (workspace_gz) StdoutLine: {'line': b'-- Looking for ignition-common4-av -- found version 4.8.0\n'}
[2.610922] (workspace_gz) StdoutLine: {'line': b'-- Searching for dependencies of ignition-common4-av\n'}
[2.615125] (-) TimerEvent: {}
[2.630213] (workspace_gz) StdoutLine: {'line': b"-- Checking for module 'libswscale'\n"}
[2.673178] (workspace_gz) StdoutLine: {'line': b'--   Found libswscale, version 5.9.100\n'}
[2.715322] (-) TimerEvent: {}
[2.747682] (workspace_gz) StdoutLine: {'line': b'-- Found SWSCALE: TRUE  \n'}
[2.759865] (workspace_gz) StdoutLine: {'line': b"-- Checking for module 'libavdevice >= 56.4.100'\n"}
[2.788619] (workspace_gz) StdoutLine: {'line': b'--   Found libavdevice , version 58.13.100\n'}
[2.815512] (-) TimerEvent: {}
[2.912758] (workspace_gz) StdoutLine: {'line': b'-- Found AVDEVICE: TRUE (Required is at least version "56.4.100") \n'}
[2.915680] (-) TimerEvent: {}
[2.925178] (workspace_gz) StdoutLine: {'line': b"-- Checking for module 'libavformat'\n"}
[2.954272] (workspace_gz) StdoutLine: {'line': b'--   Found libavformat, version 58.76.100\n'}
[3.015931] (-) TimerEvent: {}
[3.031360] (workspace_gz) StdoutLine: {'line': b'-- Found AVFORMAT: TRUE  \n'}
[3.044923] (workspace_gz) StdoutLine: {'line': b"-- Checking for module 'libavcodec'\n"}
[3.088063] (workspace_gz) StdoutLine: {'line': b'--   Found libavcodec, version 58.134.100\n'}
[3.116152] (-) TimerEvent: {}
[3.191128] (workspace_gz) StdoutLine: {'line': b'-- Found AVCODEC: TRUE  \n'}
[3.204776] (workspace_gz) StdoutLine: {'line': b"-- Checking for module 'libavutil'\n"}
[3.216586] (-) TimerEvent: {}
[3.241639] (workspace_gz) StdoutLine: {'line': b'--   Found libavutil, version 56.70.100\n'}
[3.316555] (-) TimerEvent: {}
[3.353255] (workspace_gz) StdoutLine: {'line': b'-- Found AVUTIL: TRUE  \n'}
[3.362120] (workspace_gz) StdoutLine: {'line': b'-- Looking for ignition-fuel_tools7 -- found version 7.3.1\n'}
[3.364465] (workspace_gz) StdoutLine: {'line': b'-- Searching for dependencies of ignition-fuel_tools7\n'}
[3.417254] (-) TimerEvent: {}
[3.518372] (-) TimerEvent: {}
[3.575639] (workspace_gz) StdoutLine: {'line': b'-- Found CURL: /usr/lib/x86_64-linux-gnu/libcurl.so (found version "7.81.0")  \n'}
[3.599932] (workspace_gz) StdoutLine: {'line': b"-- Checking for module 'jsoncpp'\n"}
[3.618890] (-) TimerEvent: {}
[3.626943] (workspace_gz) StdoutLine: {'line': b'--   Found jsoncpp, version 1.9.5\n'}
[3.697701] (workspace_gz) StdoutLine: {'line': b'-- Found JSONCPP: TRUE  \n'}
[3.711877] (workspace_gz) StdoutLine: {'line': b"-- Checking for module 'libzip'\n"}
[3.719172] (-) TimerEvent: {}
[3.743300] (workspace_gz) StdoutLine: {'line': b'--   Found libzip, version 1.7.3\n'}
[3.819375] (-) TimerEvent: {}
[3.847908] (workspace_gz) StdoutLine: {'line': b'-- Found ZIP: TRUE  \n'}
[3.848750] (workspace_gz) StdoutLine: {'line': b'-- Looking for ignition-common4 -- found version 4.8.0\n'}
[3.849330] (workspace_gz) StdoutLine: {'line': b'-- Looking for ignition-math6 -- found version 6.15.1\n'}
[3.849993] (workspace_gz) StdoutLine: {'line': b'-- Looking for ignition-msgs8 -- found version 8.7.0\n'}
[3.857586] (workspace_gz) StdoutLine: {'line': b'-- Looking for ignition-gui6 -- found version 6.9.0\n'}
[3.859289] (workspace_gz) StdoutLine: {'line': b'-- Searching for dependencies of ignition-gui6\n'}
[3.893895] (workspace_gz) StdoutLine: {'line': b'-- Found Protobuf: /usr/lib/x86_64-linux-gnu/libprotobuf.so (found version "3.12.4") \n'}
[3.913425] (workspace_gz) StdoutLine: {'line': b'-- Looking for ignition-math6 -- found version 6.15.1\n'}
[3.913852] (workspace_gz) StdoutLine: {'line': b'-- Looking for ignition-common4 -- found version 4.8.0\n'}
[3.914391] (workspace_gz) StdoutLine: {'line': b'-- Looking for ignition-plugin1 -- found version 1.4.0\n'}
[3.915094] (workspace_gz) StdoutLine: {'line': b'-- Looking for ignition-transport11 -- found version 11.4.2\n'}
[3.919592] (-) TimerEvent: {}
[3.920651] (workspace_gz) StdoutLine: {'line': b'-- Looking for ignition-rendering6 -- found version 6.6.4\n'}
[3.922091] (workspace_gz) StdoutLine: {'line': b'-- Searching for dependencies of ignition-rendering6\n'}
[3.923476] (workspace_gz) StdoutLine: {'line': b'-- Looking for ignition-math6 -- found version 6.15.1\n'}
[3.925653] (workspace_gz) StdoutLine: {'line': b'-- Searching for dependencies of ignition-math6\n'}
[3.926631] (workspace_gz) StdoutLine: {'line': b'-- Searching for <ignition-math6> component [eigen3]\n'}
[3.931308] (workspace_gz) StdoutLine: {'line': b'-- Looking for ignition-math6-eigen3 -- found version 6.15.1\n'}
[3.932245] (workspace_gz) StdoutLine: {'line': b'-- Searching for dependencies of ignition-math6-eigen3\n'}
[3.947093] (workspace_gz) StdoutLine: {'line': b'-- Looking for ignition-common4 -- found version 4.8.0\n'}
[3.947749] (workspace_gz) StdoutLine: {'line': b'-- Searching for dependencies of ignition-common4\n'}
[3.948058] (workspace_gz) StdoutLine: {'line': b'-- Looking for dlfcn.h - found\n'}
[3.948229] (workspace_gz) StdoutLine: {'line': b'-- Looking for libdl - found\n'}
[3.970265] (workspace_gz) StdoutLine: {'line': b'-- Searching for <ignition-common4> component [graphics]\n'}
[3.977470] (workspace_gz) StdoutLine: {'line': b'-- Looking for ignition-common4-graphics -- found version 4.8.0\n'}
[3.979716] (workspace_gz) StdoutLine: {'line': b'-- Searching for dependencies of ignition-common4-graphics\n'}
[3.980641] (workspace_gz) StdoutLine: {'line': b'-- Looking for ignition-math6 -- found version 6.15.1\n'}
[3.981822] (workspace_gz) StdoutLine: {'line': b'-- Looking for ignition-utils1 -- found version 1.5.1\n'}
[3.983835] (workspace_gz) StdoutLine: {'line': b'-- Searching for <ignition-common4> component [events]\n'}
[3.985699] (workspace_gz) StdoutLine: {'line': b'-- Looking for ignition-plugin1 -- found version 1.4.0\n'}
[3.986964] (workspace_gz) StdoutLine: {'line': b'-- Searching for dependencies of ignition-plugin1\n'}
[3.987501] (workspace_gz) StdoutLine: {'line': b'-- Searching for <ignition-plugin1> component [all]\n'}
[3.993033] (workspace_gz) StdoutLine: {'line': b'-- Looking for all libraries of ignition-plugin1 -- found version 1.4.0\n'}
[3.994128] (workspace_gz) StdoutLine: {'line': b'-- Looking for ignition-plugin1 -- found version 1.4.0\n'}
[4.003264] (workspace_gz) StdoutLine: {'line': b'-- Looking for ignition-msgs8 -- found version 8.7.0\n'}
[4.020115] (-) TimerEvent: {}
[4.056823] (workspace_gz) StdoutLine: {'line': b'-- Looking for ignition-physics5 -- found version 5.4.0\n'}
[4.057737] (workspace_gz) StdoutLine: {'line': b'-- Searching for dependencies of ignition-physics5\n'}
[4.058669] (workspace_gz) StdoutLine: {'line': b'-- Looking for ignition-math6 -- found version 6.15.1\n'}
[4.060634] (workspace_gz) StdoutLine: {'line': b'-- Looking for ignition-plugin1 -- found version 1.4.0\n'}
[4.065035] (workspace_gz) StdoutLine: {'line': b'-- Looking for ignition-utils1 -- found version 1.5.1\n'}
[4.067360] (workspace_gz) StdoutLine: {'line': b'-- Searching for <ignition-physics5> component [heightmap]\n'}
[4.071485] (workspace_gz) StdoutLine: {'line': b'-- Looking for ignition-physics5-heightmap -- found version 5.4.0\n'}
[4.072254] (workspace_gz) StdoutLine: {'line': b'-- Searching for dependencies of ignition-physics5-heightmap\n'}
[4.072797] (workspace_gz) StdoutLine: {'line': b'-- Looking for ignition-common4 -- found version 4.8.0\n'}
[4.073392] (workspace_gz) StdoutLine: {'line': b'-- Searching for <ignition-physics5> component [mesh]\n'}
[4.080766] (workspace_gz) StdoutLine: {'line': b'-- Looking for ignition-physics5-mesh -- found version 5.4.0\n'}
[4.082550] (workspace_gz) StdoutLine: {'line': b'-- Searching for dependencies of ignition-physics5-mesh\n'}
[4.083501] (workspace_gz) StdoutLine: {'line': b'-- Looking for ignition-common4 -- found version 4.8.0\n'}
[4.085006] (workspace_gz) StdoutLine: {'line': b'-- Searching for <ignition-physics5> component [sdf]\n'}
[4.089103] (workspace_gz) StdoutLine: {'line': b'-- Looking for ignition-physics5-sdf -- found version 5.4.0\n'}
[4.090360] (workspace_gz) StdoutLine: {'line': b'-- Searching for dependencies of ignition-physics5-sdf\n'}
[4.091206] (workspace_gz) StdoutLine: {'line': b'-- Looking for sdformat12 -- found version 12.9.0\n'}
[4.099621] (workspace_gz) StdoutLine: {'line': b'-- Looking for ignition-sensors6 -- found version 6.9.0\n'}
[4.100665] (workspace_gz) StdoutLine: {'line': b'-- Searching for dependencies of ignition-sensors6\n'}
[4.120171] (-) TimerEvent: {}
[4.136962] (workspace_gz) StdoutLine: {'line': b'-- Looking for ignition-math6 -- found version 6.15.1\n'}
[4.137671] (workspace_gz) StdoutLine: {'line': b'-- Looking for ignition-common4 -- found version 4.8.0\n'}
[4.138476] (workspace_gz) StdoutLine: {'line': b'-- Looking for ignition-transport11 -- found version 11.4.2\n'}
[4.139307] (workspace_gz) StdoutLine: {'line': b'-- Looking for ignition-rendering6 -- found version 6.6.4\n'}
[4.139966] (workspace_gz) StdoutLine: {'line': b'-- Looking for ignition-msgs8 -- found version 8.7.0\n'}
[4.140713] (workspace_gz) StdoutLine: {'line': b'-- Looking for sdformat12 -- found version 12.9.0\n'}
[4.141765] (workspace_gz) StdoutLine: {'line': b'-- Searching for <ignition-sensors6> component [air_pressure]\n'}
[4.149433] (workspace_gz) StdoutLine: {'line': b'-- Looking for ignition-sensors6-air_pressure -- found version 6.9.0\n'}
[4.151246] (workspace_gz) StdoutLine: {'line': b'-- Searching for dependencies of ignition-sensors6-air_pressure\n'}
[4.151803] (workspace_gz) StdoutLine: {'line': b'-- Searching for <ignition-sensors6> component [altimeter]\n'}
[4.156022] (workspace_gz) StdoutLine: {'line': b'-- Looking for ignition-sensors6-altimeter -- found version 6.9.0\n'}
[4.156593] (workspace_gz) StdoutLine: {'line': b'-- Searching for dependencies of ignition-sensors6-altimeter\n'}
[4.157211] (workspace_gz) StdoutLine: {'line': b'-- Searching for <ignition-sensors6> component [imu]\n'}
[4.162733] (workspace_gz) StdoutLine: {'line': b'-- Looking for ignition-sensors6-imu -- found version 6.9.0\n'}
[4.164200] (workspace_gz) StdoutLine: {'line': b'-- Searching for dependencies of ignition-sensors6-imu\n'}
[4.165837] (workspace_gz) StdoutLine: {'line': b'-- Searching for <ignition-sensors6> component [force_torque]\n'}
[4.170171] (workspace_gz) StdoutLine: {'line': b'-- Looking for ignition-sensors6-force_torque -- found version 6.9.0\n'}
[4.170768] (workspace_gz) StdoutLine: {'line': b'-- Searching for dependencies of ignition-sensors6-force_torque\n'}
[4.171495] (workspace_gz) StdoutLine: {'line': b'-- Searching for <ignition-sensors6> component [logical_camera]\n'}
[4.175680] (workspace_gz) StdoutLine: {'line': b'-- Looking for ignition-sensors6-logical_camera -- found version 6.9.0\n'}
[4.176993] (workspace_gz) StdoutLine: {'line': b'-- Searching for dependencies of ignition-sensors6-logical_camera\n'}
[4.178437] (workspace_gz) StdoutLine: {'line': b'-- Searching for <ignition-sensors6> component [magnetometer]\n'}
[4.185150] (workspace_gz) StdoutLine: {'line': b'-- Looking for ignition-sensors6-magnetometer -- found version 6.9.0\n'}
[4.185625] (workspace_gz) StdoutLine: {'line': b'-- Searching for dependencies of ignition-sensors6-magnetometer\n'}
[4.186300] (workspace_gz) StdoutLine: {'line': b'-- Searching for <ignition-sensors6> component [navsat]\n'}
[4.191283] (workspace_gz) StdoutLine: {'line': b'-- Looking for ignition-sensors6-navsat -- found version 6.9.0\n'}
[4.192154] (workspace_gz) StdoutLine: {'line': b'-- Searching for dependencies of ignition-sensors6-navsat\n'}
[4.193974] (workspace_gz) StdoutLine: {'line': b'-- Searching for <ignition-sensors6> component [rendering]\n'}
[4.199380] (workspace_gz) StdoutLine: {'line': b'-- Looking for ignition-sensors6-rendering -- found version 6.9.0\n'}
[4.200007] (workspace_gz) StdoutLine: {'line': b'-- Searching for dependencies of ignition-sensors6-rendering\n'}
[4.201318] (workspace_gz) StdoutLine: {'line': b'-- Searching for <ignition-sensors6> component [lidar]\n'}
[4.204687] (workspace_gz) StdoutLine: {'line': b'-- Looking for ignition-sensors6-lidar -- found version 6.9.0\n'}
[4.205266] (workspace_gz) StdoutLine: {'line': b'-- Searching for dependencies of ignition-sensors6-lidar\n'}
[4.205943] (workspace_gz) StdoutLine: {'line': b'-- Looking for ignition-sensors6 -- found version 6.9.0\n'}
[4.206654] (workspace_gz) StdoutLine: {'line': b'-- Searching for <ignition-sensors6> component [gpu_lidar]\n'}
[4.213252] (workspace_gz) StdoutLine: {'line': b'-- Looking for ignition-sensors6-gpu_lidar -- found version 6.9.0\n'}
[4.215434] (workspace_gz) StdoutLine: {'line': b'-- Searching for dependencies of ignition-sensors6-gpu_lidar\n'}
[4.216574] (workspace_gz) StdoutLine: {'line': b'-- Looking for ignition-sensors6 -- found version 6.9.0\n'}
[4.217706] (workspace_gz) StdoutLine: {'line': b'-- Searching for <ignition-sensors6> component [camera]\n'}
[4.220384] (-) TimerEvent: {}
[4.221870] (workspace_gz) StdoutLine: {'line': b'-- Looking for ignition-sensors6-camera -- found version 6.9.0\n'}
[4.222635] (workspace_gz) StdoutLine: {'line': b'-- Searching for dependencies of ignition-sensors6-camera\n'}
[4.223820] (workspace_gz) StdoutLine: {'line': b'-- Looking for ignition-sensors6 -- found version 6.9.0\n'}
[4.225504] (workspace_gz) StdoutLine: {'line': b'-- Searching for <ignition-sensors6> component [boundingbox_camera]\n'}
[4.234348] (workspace_gz) StdoutLine: {'line': b'-- Looking for ignition-sensors6-boundingbox_camera -- found version 6.9.0\n'}
[4.234989] (workspace_gz) StdoutLine: {'line': b'-- Searching for dependencies of ignition-sensors6-boundingbox_camera\n'}
[4.235781] (workspace_gz) StdoutLine: {'line': b'-- Searching for <ignition-sensors6> component [segmentation_camera]\n'}
[4.240221] (workspace_gz) StdoutLine: {'line': b'-- Looking for ignition-sensors6-segmentation_camera -- found version 6.9.0\n'}
[4.240900] (workspace_gz) StdoutLine: {'line': b'-- Searching for dependencies of ignition-sensors6-segmentation_camera\n'}
[4.242798] (workspace_gz) StdoutLine: {'line': b'-- Searching for <ignition-sensors6> component [depth_camera]\n'}
[4.249606] (workspace_gz) StdoutLine: {'line': b'-- Looking for ignition-sensors6-depth_camera -- found version 6.9.0\n'}
[4.251877] (workspace_gz) StdoutLine: {'line': b'-- Searching for dependencies of ignition-sensors6-depth_camera\n'}
[4.253250] (workspace_gz) StdoutLine: {'line': b'-- Looking for ignition-sensors6 -- found version 6.9.0\n'}
[4.255544] (workspace_gz) StdoutLine: {'line': b'-- Searching for <ignition-sensors6> component [rgbd_camera]\n'}
[4.261485] (workspace_gz) StdoutLine: {'line': b'-- Looking for ignition-sensors6-rgbd_camera -- found version 6.9.0\n'}
[4.263468] (workspace_gz) StdoutLine: {'line': b'-- Searching for dependencies of ignition-sensors6-rgbd_camera\n'}
[4.263995] (workspace_gz) StdoutLine: {'line': b'-- Looking for ignition-sensors6 -- found version 6.9.0\n'}
[4.265525] (workspace_gz) StdoutLine: {'line': b'-- Searching for <ignition-sensors6> component [thermal_camera]\n'}
[4.275933] (workspace_gz) StdoutLine: {'line': b'-- Looking for ignition-sensors6-thermal_camera -- found version 6.9.0\n'}
[4.276753] (workspace_gz) StdoutLine: {'line': b'-- Searching for dependencies of ignition-sensors6-thermal_camera\n'}
[4.277626] (workspace_gz) StdoutLine: {'line': b'-- Looking for ignition-sensors6 -- found version 6.9.0\n'}
[4.284027] (workspace_gz) StdoutLine: {'line': b'-- Looking for ignition-rendering6 -- found version 6.6.4\n'}
[4.285717] (workspace_gz) StdoutLine: {'line': b'-- Looking for ignition-math6 -- found version 6.15.1\n'}
[4.293387] (workspace_gz) StdoutLine: {'line': b'-- Looking for ignition-utils1 -- found version 1.5.1\n'}
[4.320629] (-) TimerEvent: {}
[4.363813] (workspace_gz) StdoutLine: {'line': b'-- Looking for ignition-common4 -- found version 4.8.0\n'}
[4.367690] (workspace_gz) StdoutLine: {'line': b'-- Looking for ignition-math6 -- found version 6.15.1\n'}
[4.368146] (workspace_gz) StdoutLine: {'line': b'-- Looking for ignition-plugin1 -- found version 1.4.0\n'}
[4.370143] (workspace_gz) StdoutLine: {'line': b'-- Looking for ignition-rendering6 -- found version 6.6.4\n'}
[4.371071] (workspace_gz) StdoutLine: {'line': b'-- Looking for ignition-sensors6 -- found version 6.9.0\n'}
[4.371928] (workspace_gz) StdoutLine: {'line': b'-- Looking for ignition-transport11 -- found version 11.4.2\n'}
[4.372708] (workspace_gz) StdoutLine: {'line': b'-- Looking for ignition-utils1 -- found version 1.5.1\n'}
[4.373522] (workspace_gz) StdoutLine: {'line': b'-- Looking for sdformat12 -- found version 12.9.0\n'}
[4.420753] (-) TimerEvent: {}
[4.521636] (-) TimerEvent: {}
[4.588415] (workspace_gz) StdoutLine: {'line': b'-- Configuring done\n'}
[4.622107] (-) TimerEvent: {}
[4.723513] (-) TimerEvent: {}
[4.817987] (workspace_gz) StdoutLine: {'line': b'-- Generating done\n'}
[4.823707] (-) TimerEvent: {}
[4.912882] (workspace_gz) StdoutLine: {'line': b'-- Build files have been written to: /home/aliomacc/sti_usv/src/usv_sim/workspace_gz/build/workspace_gz\n'}
[4.923953] (-) TimerEvent: {}
[4.952720] (workspace_gz) CommandEnded: {'returncode': 0}
[4.957289] (workspace_gz) JobProgress: {'identifier': 'workspace_gz', 'progress': 'build'}
[4.957776] (workspace_gz) Command: {'cmd': ['/usr/bin/cmake', '--build', '/home/aliomacc/sti_usv/src/usv_sim/workspace_gz/build/workspace_gz', '--', '-j8', '-l8'], 'cwd': '/home/aliomacc/sti_usv/src/usv_sim/workspace_gz/build/workspace_gz', 'env': OrderedDict([('GJS_DEBUG_TOPICS', 'JS ERROR;JS LOG'), ('LESSOPEN', '| /usr/bin/lesspipe %s'), ('USER', 'aliomacc'), ('XDG_SESSION_TYPE', 'x11'), ('GIT_ASKPASS', '/usr/share/antigravity/resources/app/extensions/git/dist/askpass.sh'), ('SHLVL', '2'), ('LD_LIBRARY_PATH', '/home/aliomacc/ros2_ws/install/my_robot_interfaces/lib:/opt/ros/humble/opt/rviz_ogre_vendor/lib:/opt/ros/humble/lib/x86_64-linux-gnu:/opt/ros/humble/lib'), ('ANTIGRAVITY_CLI_ALIAS', 'agy'), ('HOME', '/home/aliomacc'), ('CHROME_DESKTOP', 'antigravity.desktop'), ('OLDPWD', '/home/aliomacc/sti_usv/src/usv_sim/workspace_gz/plugins'), ('TERM_PROGRAM_VERSION', '1.107.0'), ('DESKTOP_SESSION', 'ubuntu-xorg'), ('GIO_LAUNCHED_DESKTOP_FILE', '/usr/share/applications/terminator.desktop'), ('ROS_PYTHON_VERSION', '3'), ('GNOME_SHELL_SESSION_MODE', 'ubuntu'), ('GTK_MODULES', 'gail:atk-bridge'), ('PAGER', 'cat'), ('VSCODE_GIT_ASKPASS_MAIN', '/usr/share/antigravity/resources/app/extensions/git/dist/askpass-main.js'), ('VSCODE_GIT_ASKPASS_NODE', '/usr/share/antigravity/antigravity'), ('MANAGERPID', '1119'), ('SYSTEMD_EXEC_PID', '1535'), ('VSCODE_PYTHON_AUTOACTIVATE_GUARD', '1'), ('DBUS_SESSION_BUS_ADDRESS', 'unix:path=/run/user/1000/bus'), ('COLORTERM', 'truecolor'), ('TERMINATOR_DBUS_NAME', 'net.tenshu.Terminator21a9d5db22c73a993ff0b42f64b396873'), ('ANTIGRAVITY_AGENT', '1'), ('GIO_LAUNCHED_DESKTOP_FILE_PID', '21184'), ('COLCON_PREFIX_PATH', '/home/aliomacc/turtlebot3_ws/install:/home/aliomacc/ros2_ws/install'), ('ROS_DISTRO', 'humble'), ('GTK_IM_MODULE', 'ibus'), ('LOGNAME', 'aliomacc'), ('JOURNAL_STREAM', '8:12878'), ('_', '/usr/bin/colcon'), ('ROS_VERSION', '2'), ('XDG_SESSION_CLASS', 'user'), ('USERNAME', 'aliomacc'), ('TERM', 'xterm-256color'), ('GNOME_DESKTOP_SESSION_ID', 'this-is-deprecated'), ('FC_FONTATIONS', '1'), ('ROS_LOCALHOST_ONLY', '0'), ('WINDOWPATH', '2'), ('PATH', '/home/aliomacc/.local/bin:/home/aliomacc/.local/bin:/opt/ros/humble/bin:/home/aliomacc/.local/bin:/usr/local/sbin:/usr/local/bin:/usr/sbin:/usr/bin:/sbin:/bin:/usr/games:/usr/local/games:/snap/bin:/snap/bin'), ('SESSION_MANAGER', 'local/aliomacc-Nitro-AN515-55:@/tmp/.ICE-unix/1477,unix/aliomacc-Nitro-AN515-55:/tmp/.ICE-unix/1477'), ('INVOCATION_ID', '8bb2c71350dd440785a65a077b4f78af'), ('XDG_MENU_PREFIX', 'gnome-'), ('XDG_RUNTIME_DIR', '/run/user/1000'), ('GDK_BACKEND', 'x11'), ('DISPLAY', ':0'), ('TERMINATOR_DBUS_PATH', '/net/tenshu/Terminator2'), ('LANG', 'tr_TR.UTF-8'), ('XDG_CURRENT_DESKTOP', 'ubuntu:GNOME'), ('IBUS_DISABLE_SNOOPER', '1'), ('XMODIFIERS', '@im=ibus'), ('XDG_SESSION_DESKTOP', 'ubuntu-xorg'), ('XAUTHORITY', '/run/user/1000/gdm/Xauthority'), ('LS_COLORS', 'rs=0:di=01;34:ln=01;36:mh=00:pi=40;33:so=01;35:do=01;35:bd=40;33;01:cd=40;33;01:or=40;31;01:mi=00:su=37;41:sg=30;43:ca=30;41:tw=30;42:ow=34;42:st=37;44:ex=01;32:*.tar=01;31:*.tgz=01;31:*.arc=01;31:*.arj=01;31:*.taz=01;31:*.lha=01;31:*.lz4=01;31:*.lzh=01;31:*.lzma=01;31:*.tlz=01;31:*.txz=01;31:*.tzo=01;31:*.t7z=01;31:*.zip=01;31:*.z=01;31:*.dz=01;31:*.gz=01;31:*.lrz=01;31:*.lz=01;31:*.lzo=01;31:*.xz=01;31:*.zst=01;31:*.tzst=01;31:*.bz2=01;31:*.bz=01;31:*.tbz=01;31:*.tbz2=01;31:*.tz=01;31:*.deb=01;31:*.rpm=01;31:*.jar=01;31:*.war=01;31:*.ear=01;31:*.sar=01;31:*.rar=01;31:*.alz=01;31:*.ace=01;31:*.zoo=01;31:*.cpio=01;31:*.7z=01;31:*.rz=01;31:*.cab=01;31:*.wim=01;31:*.swm=01;31:*.dwm=01;31:*.esd=01;31:*.jpg=01;35:*.jpeg=01;35:*.mjpg=01;35:*.mjpeg=01;35:*.gif=01;35:*.bmp=01;35:*.pbm=01;35:*.pgm=01;35:*.ppm=01;35:*.tga=01;35:*.xbm=01;35:*.xpm=01;35:*.tif=01;35:*.tiff=01;35:*.png=01;35:*.svg=01;35:*.svgz=01;35:*.mng=01;35:*.pcx=01;35:*.mov=01;35:*.mpg=01;35:*.mpeg=01;35:*.m2v=01;35:*.mkv=01;35:*.webm=01;35:*.webp=01;35:*.ogm=01;35:*.mp4=01;35:*.m4v=01;35:*.mp4v=01;35:*.vob=01;35:*.qt=01;35:*.nuv=01;35:*.wmv=01;35:*.asf=01;35:*.rm=01;35:*.rmvb=01;35:*.flc=01;35:*.avi=01;35:*.fli=01;35:*.flv=01;35:*.gl=01;35:*.dl=01;35:*.xcf=01;35:*.xwd=01;35:*.yuv=01;35:*.cgm=01;35:*.emf=01;35:*.ogv=01;35:*.ogx=01;35:*.aac=00;36:*.au=00;36:*.flac=00;36:*.m4a=00;36:*.mid=00;36:*.midi=00;36:*.mka=00;36:*.mp3=00;36:*.mpc=00;36:*.ogg=00;36:*.ra=00;36:*.wav=00;36:*.oga=00;36:*.opus=00;36:*.spx=00;36:*.xspf=00;36:'), ('VSCODE_GIT_IPC_HANDLE', '/run/user/1000/vscode-git-0cbf93e25a.sock'), ('TERM_PROGRAM', 'vscode'), ('SSH_AGENT_LAUNCHER', 'gnome-keyring'), ('SSH_AUTH_SOCK', '/run/user/1000/keyring/ssh'), ('AMENT_PREFIX_PATH', '/home/aliomacc/turtlebot3_ws/install/turtlebot3_simulations:/home/aliomacc/turtlebot3_ws/install/turtlebot3_manipulation_gazebo:/home/aliomacc/turtlebot3_ws/install/turtlebot3_gazebo:/home/aliomacc/turtlebot3_ws/install/turtlebot3_fake_node:/home/aliomacc/ros2_ws/install/actions_py:/home/aliomacc/ros2_ws/install/my_robot_interfaces:/home/aliomacc/ros2_ws/install/my_robot_description:/home/aliomacc/ros2_ws/install/my_robot_bringup:/home/aliomacc/ros2_ws/install/lifecycle_py:/home/aliomacc/ros2_ws/install/lifecycle_cpp:/opt/ros/humble'), ('SHELL', '/bin/bash'), ('TERMINATOR_UUID', 'urn:uuid:000422ba-25d5-4262-9e2f-dc4b83371a6a'), ('QT_ACCESSIBILITY', '1'), ('GDMSESSION', 'ubuntu-xorg'), ('LESSCLOSE', '/usr/bin/lesspipe %s %s'), ('GPG_AGENT_INFO', '/run/user/1000/gnupg/S.gpg-agent:0:1'), ('GJS_DEBUG_OUTPUT', 'stderr'), ('VSCODE_GIT_ASKPASS_EXTRA_ARGS', ''), ('QT_IM_MODULE', 'ibus'), ('PWD', '/home/aliomacc/sti_usv/src/usv_sim/workspace_gz/build/workspace_gz'), ('TURTLEBOT3_MODEL', 'waffle'), ('XDG_CONFIG_DIRS', '/etc/xdg/xdg-ubuntu-xorg:/etc/xdg'), ('XDG_DATA_DIRS', '/usr/share/ubuntu-xorg:/usr/share/gnome:/home/aliomacc/.local/share/flatpak/exports/share:/var/lib/flatpak/exports/share:/usr/local/share/:/usr/share/:/var/lib/snapd/desktop'), ('PYTHONPATH', '/home/aliomacc/ros2_ws/install/actions_py/lib/python3.10/site-packages:/home/aliomacc/ros2_ws/install/my_robot_interfaces/local/lib/python3.10/dist-packages:/home/aliomacc/ros2_ws/install/lifecycle_py/lib/python3.10/site-packages:/opt/ros/humble/lib/python3.10/site-packages:/opt/ros/humble/local/lib/python3.10/dist-packages'), ('COLCON', '1'), ('VTE_VERSION', '6800'), ('CMAKE_PREFIX_PATH', '/home/aliomacc/turtlebot3_ws/install/turtlebot3_simulations:/home/aliomacc/turtlebot3_ws/install/turtlebot3_manipulation_gazebo:/home/aliomacc/turtlebot3_ws/install/turtlebot3_gazebo:/home/aliomacc/turtlebot3_ws/install/turtlebot3_fake_node:/home/aliomacc/ros2_ws/install/my_robot_interfaces:/home/aliomacc/ros2_ws/install/my_robot_description:/home/aliomacc/ros2_ws/install/my_robot_bringup:/home/aliomacc/ros2_ws/install/lifecycle_cpp:/home/aliomacc/ros2_ws/install/actions_py:/home/aliomacc/ros2_ws/install/lifecycle_py:/opt/ros/humble')]), 'shell': False}
[5.024346] (-) TimerEvent: {}
[5.110827] (workspace_gz) StdoutLine: {'line': b'[  1%] \x1b[32mBuilding CXX object CMakeFiles/Waves.dir/plugins/Wavefield.cc.o\x1b[0m\n'}
[5.120913] (workspace_gz) StdoutLine: {'line': b'[  3%] \x1b[32mBuilding CXX object CMakeFiles/ScoringPlugin.dir/plugins/ScoringPlugin.cc.o\x1b[0m\n'}
[5.124450] (-) TimerEvent: {}
[5.225019] (-) TimerEvent: {}
[5.325502] (-) TimerEvent: {}
[5.426122] (-) TimerEvent: {}
[5.526851] (-) TimerEvent: {}
[5.627475] (-) TimerEvent: {}
[5.728557] (-) TimerEvent: {}
[5.829463] (-) TimerEvent: {}
[5.930037] (-) TimerEvent: {}
[6.030677] (-) TimerEvent: {}
[6.131539] (-) TimerEvent: {}
[6.232792] (-) TimerEvent: {}
[6.334259] (-) TimerEvent: {}
[6.435172] (-) TimerEvent: {}
[6.536712] (-) TimerEvent: {}
[6.638036] (-) TimerEvent: {}
[6.739215] (-) TimerEvent: {}
[6.840167] (-) TimerEvent: {}
[6.941007] (-) TimerEvent: {}
[7.041993] (-) TimerEvent: {}
[7.142661] (-) TimerEvent: {}
[7.243561] (-) TimerEvent: {}
[7.345436] (-) TimerEvent: {}
[7.446671] (-) TimerEvent: {}
[7.547666] (-) TimerEvent: {}
[7.648329] (-) TimerEvent: {}
[7.749224] (-) TimerEvent: {}
[7.849840] (-) TimerEvent: {}
[7.950659] (-) TimerEvent: {}
[8.051196] (-) TimerEvent: {}
[8.151875] (-) TimerEvent: {}
[8.252410] (-) TimerEvent: {}
[8.353186] (-) TimerEvent: {}
[8.454687] (-) TimerEvent: {}
[8.555605] (-) TimerEvent: {}
[8.656045] (-) TimerEvent: {}
[8.756538] (-) TimerEvent: {}
[8.856997] (-) TimerEvent: {}
[8.957529] (-) TimerEvent: {}
[9.058594] (-) TimerEvent: {}
[9.160023] (-) TimerEvent: {}
[9.262151] (-) TimerEvent: {}
[9.362969] (-) TimerEvent: {}
[9.463570] (-) TimerEvent: {}
[9.565630] (-) TimerEvent: {}
[9.666850] (-) TimerEvent: {}
[9.767474] (-) TimerEvent: {}
[9.868393] (-) TimerEvent: {}
[9.969193] (-) TimerEvent: {}
[10.070036] (-) TimerEvent: {}
[10.171573] (-) TimerEvent: {}
[10.273018] (-) TimerEvent: {}
[10.374244] (-) TimerEvent: {}
[10.474943] (-) TimerEvent: {}
[10.575608] (-) TimerEvent: {}
[10.676230] (-) TimerEvent: {}
[10.776814] (-) TimerEvent: {}
[10.878044] (-) TimerEvent: {}
[10.979222] (-) TimerEvent: {}
[11.081947] (-) TimerEvent: {}
[11.183018] (-) TimerEvent: {}
[11.284090] (-) TimerEvent: {}
[11.385069] (-) TimerEvent: {}
[11.487311] (-) TimerEvent: {}
[11.588265] (-) TimerEvent: {}
[11.689721] (-) TimerEvent: {}
[11.791954] (-) TimerEvent: {}
[11.895645] (-) TimerEvent: {}
[11.996736] (-) TimerEvent: {}
[12.097698] (-) TimerEvent: {}
[12.198385] (-) TimerEvent: {}
[12.298861] (-) TimerEvent: {}
[12.399532] (-) TimerEvent: {}
[12.500578] (-) TimerEvent: {}
[12.601648] (-) TimerEvent: {}
[12.702310] (-) TimerEvent: {}
[12.803027] (-) TimerEvent: {}
[12.904159] (-) TimerEvent: {}
[13.005289] (-) TimerEvent: {}
[13.106532] (-) TimerEvent: {}
[13.207293] (-) TimerEvent: {}
[13.307910] (-) TimerEvent: {}
[13.408885] (-) TimerEvent: {}
[13.509377] (-) TimerEvent: {}
[13.610747] (-) TimerEvent: {}
[13.711986] (-) TimerEvent: {}
[13.812701] (-) TimerEvent: {}
[13.830287] (workspace_gz) StderrLine: {'line': b'\x1b[01m\x1b[K/home/aliomacc/sti_usv/src/usv_sim/workspace_gz/plugins/Wavefield.cc:\x1b[m\x1b[K In constructor \xe2\x80\x98\x1b[01m\x1b[Kvrx::WavefieldPrivate::WavefieldPrivate()\x1b[m\x1b[K\xe2\x80\x99:\n'}
[13.831154] (workspace_gz) StderrLine: {'line': b'\x1b[01m\x1b[K/home/aliomacc/sti_usv/src/usv_sim/workspace_gz/plugins/Wavefield.cc:138:18:\x1b[m\x1b[K \x1b[01;35m\x1b[Kwarning: \x1b[m\x1b[K\xe2\x80\x98\x1b[01m\x1b[Kvrx::WavefieldPrivate::wavenumber\x1b[m\x1b[K\xe2\x80\x99 will be initialized after [\x1b[01;35m\x1b[K\x1b]8;;https://gcc.gnu.org/onlinedocs/gcc/Warning-Options.html#index-Wreorder\x07-Wreorder\x1b]8;;\x07\x1b[m\x1b[K]\n'}
[13.831520] (workspace_gz) StderrLine: {'line': b'  138 | ble \x1b[01;35m\x1b[Kwavenumber\x1b[m\x1b[K;\n'}
[13.831809] (workspace_gz) StderrLine: {'line': b'      |     \x1b[01;35m\x1b[K^~~~~~~~~~\x1b[m\x1b[K\n'}
[13.831946] (workspace_gz) StderrLine: {'line': b'\n'}
[13.832047] (workspace_gz) StderrLine: {'line': b'\x1b[01m\x1b[K/home/aliomacc/sti_usv/src/usv_sim/workspace_gz/plugins/Wavefield.cc:126:18:\x1b[m\x1b[K \x1b[01;35m\x1b[Kwarning: \x1b[m\x1b[K  \xe2\x80\x98\x1b[01m\x1b[Kdouble vrx::WavefieldPrivate::tau\x1b[m\x1b[K\xe2\x80\x99 [\x1b[01;35m\x1b[K\x1b]8;;https://gcc.gnu.org/onlinedocs/gcc/Warning-Options.html#index-Wreorder\x07-Wreorder\x1b]8;;\x07\x1b[m\x1b[K]\n'}
[13.832277] (workspace_gz) StderrLine: {'line': b'  126 | ic: double \x1b[01;35m\x1b[Ktau\x1b[m\x1b[K;\n'}
[13.832816] (workspace_gz) StderrLine: {'line': b'      |            \x1b[01;35m\x1b[K^~~\x1b[m\x1b[K\n'}
[13.833035] (workspace_gz) StderrLine: {'line': b'\n'}
[13.833157] (workspace_gz) StderrLine: {'line': b'\x1b[01m\x1b[K/home/aliomacc/sti_usv/src/usv_sim/workspace_gz/plugins/Wavefield.cc:51:11:\x1b[m\x1b[K \x1b[01;35m\x1b[Kwarning: \x1b[m\x1b[K  when initialized here [\x1b[01;35m\x1b[K\x1b]8;;https://gcc.gnu.org/onlinedocs/gcc/Warning-Options.html#index-Wreorder\x07-Wreorder\x1b]8;;\x07\x1b[m\x1b[K]\n'}
[13.833285] (workspace_gz) StderrLine: {'line': b'   51 | ic: \x1b[01;35m\x1b[KWavefieldPrivate\x1b[m\x1b[K():\n'}
[13.833421] (workspace_gz) StderrLine: {'line': b'      |     \x1b[01;35m\x1b[K^~~~~~~~~~~~~~~~\x1b[m\x1b[K\n'}
[13.833590] (workspace_gz) StderrLine: {'line': b'\n'}
[13.912972] (-) TimerEvent: {}
[14.005469] (workspace_gz) StderrLine: {'line': b'/home/aliomacc/sti_usv/src/usv_sim/workspace_gz/plugins/Wavefield.cc: In instantiation of \xe2\x80\x98\x1b[01m\x1b[Kvrx::Wavefield::ComputeDepthDirectly(const Vector3d&, double, double)::<lambda(auto:24, auto:25, auto:26, auto:27&, auto:28&, auto:29&)> [with auto:24 = Eigen::Matrix<double, 2, 1>; auto:25 = Eigen::Matrix<double, 2, 1>; auto:26 = double; auto:27 = vrx::Wavefield::ComputeDepthDirectly(const Vector3d&, double, double)::WaveParams; auto:28 = Eigen::Matrix<double, 2, 1>; auto:29 = Eigen::Matrix<double, 2, 2>]\x1b[m\x1b[K\xe2\x80\x99:\n'}
[14.005894] (workspace_gz) StderrLine: {'line': b'\x1b[01m\x1b[K/home/aliomacc/sti_usv/src/usv_sim/workspace_gz/plugins/Wavefield.cc:854:18:\x1b[m\x1b[K   required from \xe2\x80\x98\x1b[01m\x1b[Kvrx::Wavefield::ComputeDepthDirectly(const Vector3d&, double, double)::<lambda(auto:30&, auto:31, auto:32, auto:33, auto:34&, auto:35, auto:36)> [with auto:30 = vrx::Wavefield::ComputeDepthDirectly(const Vector3d&, double, double)::<lambda(auto:24, auto:25, auto:26, auto:27&, auto:28&, auto:29&)>; auto:31 = Eigen::Matrix<double, 2, 1>; auto:32 = Eigen::Matrix<double, 2, 1>; auto:33 = double; auto:34 = vrx::Wavefield::ComputeDepthDirectly(const Vector3d&, double, double)::WaveParams; auto:35 = double; auto:36 = double]\x1b[m\x1b[K\xe2\x80\x99\n'}
[14.006003] (workspace_gz) StderrLine: {'line': b'\x1b[01m\x1b[K/home/aliomacc/sti_usv/src/usv_sim/workspace_gz/plugins/Wavefield.cc:879:27:\x1b[m\x1b[K   required from here\n'}
[14.006086] (workspace_gz) StderrLine: {'line': b'\x1b[01m\x1b[K/home/aliomacc/sti_usv/src/usv_sim/workspace_gz/plugins/Wavefield.cc:811:26:\x1b[m\x1b[K \x1b[01;35m\x1b[Kwarning: \x1b[m\x1b[Kcomparison of integer expressions of different signedness: \xe2\x80\x98\x1b[01m\x1b[Kint\x1b[m\x1b[K\xe2\x80\x99 and \xe2\x80\x98\x1b[01m\x1b[Kconst size_t\x1b[m\x1b[K\xe2\x80\x99 {aka \xe2\x80\x98\x1b[01m\x1b[Kconst long unsigned int\x1b[m\x1b[K\xe2\x80\x99} [\x1b[01;35m\x1b[K\x1b]8;;https://gcc.gnu.org/onlinedocs/gcc/Warning-Options.html#index-Wsign-compare\x07-Wsign-compare\x1b]8;;\x07\x1b[m\x1b[K]\n'}
[14.006172] (workspace_gz) StderrLine: {'line': b'  811 | ; \x1b[01;35m\x1b[Ki < n\x1b[m\x1b[K; ++i) // NOLINT\n'}
[14.006250] (workspace_gz) StderrLine: {'line': b'      |   \x1b[01;35m\x1b[K~~^~~\x1b[m\x1b[K\n'}
[14.006325] (workspace_gz) StderrLine: {'line': b'\n'}
[14.013258] (-) TimerEvent: {}
[14.114096] (-) TimerEvent: {}
[14.215523] (-) TimerEvent: {}
[14.316799] (-) TimerEvent: {}
[14.418095] (-) TimerEvent: {}
[14.519281] (-) TimerEvent: {}
[14.619990] (-) TimerEvent: {}
[14.720872] (-) TimerEvent: {}
[14.821782] (-) TimerEvent: {}
[14.922490] (-) TimerEvent: {}
[15.023025] (-) TimerEvent: {}
[15.123831] (-) TimerEvent: {}
[15.225174] (-) TimerEvent: {}
[15.325792] (-) TimerEvent: {}
[15.426678] (-) TimerEvent: {}
[15.527554] (-) TimerEvent: {}
[15.628190] (-) TimerEvent: {}
[15.728883] (-) TimerEvent: {}
[15.830159] (-) TimerEvent: {}
[15.930886] (-) TimerEvent: {}
[16.032265] (-) TimerEvent: {}
[16.133577] (-) TimerEvent: {}
[16.234695] (-) TimerEvent: {}
[16.335576] (-) TimerEvent: {}
[16.436574] (-) TimerEvent: {}
[16.537475] (-) TimerEvent: {}
[16.638705] (-) TimerEvent: {}
[16.739456] (-) TimerEvent: {}
[16.840388] (-) TimerEvent: {}
[16.940972] (-) TimerEvent: {}
[17.041692] (-) TimerEvent: {}
[17.142210] (-) TimerEvent: {}
[17.242969] (-) TimerEvent: {}
[17.343951] (-) TimerEvent: {}
[17.444738] (-) TimerEvent: {}
[17.545778] (-) TimerEvent: {}
[17.647162] (-) TimerEvent: {}
[17.748093] (-) TimerEvent: {}
[17.848737] (-) TimerEvent: {}
[17.949655] (-) TimerEvent: {}
[18.050785] (-) TimerEvent: {}
[18.151596] (-) TimerEvent: {}
[18.252514] (-) TimerEvent: {}
[18.353662] (-) TimerEvent: {}
[18.454892] (-) TimerEvent: {}
[18.555300] (-) TimerEvent: {}
[18.656066] (-) TimerEvent: {}
[18.756498] (-) TimerEvent: {}
[18.857002] (-) TimerEvent: {}
[18.957558] (-) TimerEvent: {}
[19.058584] (-) TimerEvent: {}
[19.159495] (-) TimerEvent: {}
[19.260740] (-) TimerEvent: {}
[19.362604] (-) TimerEvent: {}
[19.463828] (-) TimerEvent: {}
[19.564293] (-) TimerEvent: {}
[19.665643] (-) TimerEvent: {}
[19.766707] (-) TimerEvent: {}
[19.773297] (workspace_gz) StderrLine: {'line': b'\x1b[01m\x1b[K/home/aliomacc/sti_usv/src/usv_sim/workspace_gz/plugins/ScoringPlugin.cc:\x1b[m\x1b[K In member function \xe2\x80\x98\x1b[01m\x1b[Kvirtual void vrx::ScoringPlugin::Configure(const Entity&, const std::shared_ptr<const sdf::v12::Element>&, ignition::gazebo::v6::EntityComponentManager&, ignition::gazebo::v6::EventManager&)\x1b[m\x1b[K\xe2\x80\x99:\n'}
[19.773995] (workspace_gz) StderrLine: {'line': b'\x1b[01m\x1b[K/home/aliomacc/sti_usv/src/usv_sim/workspace_gz/plugins/ScoringPlugin.cc:374:50:\x1b[m\x1b[K \x1b[01;35m\x1b[Kwarning: \x1b[m\x1b[Kunused parameter \xe2\x80\x98\x1b[01m\x1b[K_entity\x1b[m\x1b[K\xe2\x80\x99 [\x1b[01;35m\x1b[K\x1b]8;;https://gcc.gnu.org/onlinedocs/gcc/Warning-Options.html#index-Wunused-parameter\x07-Wunused-parameter\x1b]8;;\x07\x1b[m\x1b[K]\n'}
[19.774463] (workspace_gz) StderrLine: {'line': b'  374 | void ScoringPlugin::Configure(\x1b[01;35m\x1b[Kconst sim::Entity &_entity\x1b[m\x1b[K,\n'}
[19.774624] (workspace_gz) StderrLine: {'line': b'      |                               \x1b[01;35m\x1b[K~~~~~~~~~~~~~~~~~~~^~~~~~~\x1b[m\x1b[K\n'}
[19.774717] (workspace_gz) StderrLine: {'line': b'\x1b[01m\x1b[K/home/aliomacc/sti_usv/src/usv_sim/workspace_gz/plugins/ScoringPlugin.cc:376:34:\x1b[m\x1b[K \x1b[01;35m\x1b[Kwarning: \x1b[m\x1b[Kunused parameter \xe2\x80\x98\x1b[01m\x1b[K_ecm\x1b[m\x1b[K\xe2\x80\x99 [\x1b[01;35m\x1b[K\x1b]8;;https://gcc.gnu.org/onlinedocs/gcc/Warning-Options.html#index-Wunused-parameter\x07-Wunused-parameter\x1b]8;;\x07\x1b[m\x1b[K]\n'}
[19.774828] (workspace_gz) StderrLine: {'line': b'  376 |     \x1b[01;35m\x1b[Ksim::EntityComponentManager &_ecm\x1b[m\x1b[K,\n'}
[19.774912] (workspace_gz) StderrLine: {'line': b'      |     \x1b[01;35m\x1b[K~~~~~~~~~~~~~~~~~~~~~~~~~~~~~^~~~\x1b[m\x1b[K\n'}
[19.785229] (workspace_gz) StderrLine: {'line': b'\x1b[01m\x1b[K/home/aliomacc/sti_usv/src/usv_sim/workspace_gz/plugins/ScoringPlugin.cc:\x1b[m\x1b[K In member function \xe2\x80\x98\x1b[01m\x1b[Kvoid vrx::ScoringPlugin::OnContacts(const ignition::msgs::Contacts&)\x1b[m\x1b[K\xe2\x80\x99:\n'}
[19.785919] (workspace_gz) StderrLine: {'line': b'\x1b[01m\x1b[K/home/aliomacc/sti_usv/src/usv_sim/workspace_gz/plugins/ScoringPlugin.cc:614:30:\x1b[m\x1b[K \x1b[01;35m\x1b[Kwarning: \x1b[m\x1b[Kcomparison of integer expressions of different signedness: \xe2\x80\x98\x1b[01m\x1b[Kunsigned int\x1b[m\x1b[K\xe2\x80\x99 and \xe2\x80\x98\x1b[01m\x1b[Kint\x1b[m\x1b[K\xe2\x80\x99 [\x1b[01;35m\x1b[K\x1b]8;;https://gcc.gnu.org/onlinedocs/gcc/Warning-Options.html#index-Wsign-compare\x07-Wsign-compare\x1b]8;;\x07\x1b[m\x1b[K]\n'}
[19.786141] (workspace_gz) StderrLine: {'line': b'  614 |   for (unsigned int i = 0; \x1b[01;35m\x1b[Ki < _contacts.contact_size()\x1b[m\x1b[K; ++i)\n'}
[19.786354] (workspace_gz) StderrLine: {'line': b'      |                            \x1b[01;35m\x1b[K~~^~~~~~~~~~~~~~~~~~~~~~~~~~\x1b[m\x1b[K\n'}
[19.867076] (-) TimerEvent: {}
[19.969253] (-) TimerEvent: {}
[20.070539] (-) TimerEvent: {}
[20.171510] (-) TimerEvent: {}
[20.272051] (-) TimerEvent: {}
[20.372694] (-) TimerEvent: {}
[20.473365] (-) TimerEvent: {}
[20.574517] (-) TimerEvent: {}
[20.677870] (-) TimerEvent: {}
[20.783583] (-) TimerEvent: {}
[20.885129] (-) TimerEvent: {}
[20.986030] (-) TimerEvent: {}
[21.087265] (-) TimerEvent: {}
[21.188912] (-) TimerEvent: {}
[21.289728] (-) TimerEvent: {}
[21.391188] (-) TimerEvent: {}
[21.495942] (-) TimerEvent: {}
[21.597208] (-) TimerEvent: {}
[21.697973] (-) TimerEvent: {}
[21.799144] (-) TimerEvent: {}
[21.900464] (-) TimerEvent: {}
[22.001182] (-) TimerEvent: {}
[22.102073] (-) TimerEvent: {}
[22.203448] (-) TimerEvent: {}
[22.304700] (-) TimerEvent: {}
[22.406684] (-) TimerEvent: {}
[22.507738] (-) TimerEvent: {}
[22.609512] (-) TimerEvent: {}
[22.714960] (-) TimerEvent: {}
[22.816801] (-) TimerEvent: {}
[22.918162] (-) TimerEvent: {}
[22.984099] (workspace_gz) StdoutLine: {'line': b'[  5%] \x1b[32m\x1b[1mLinking CXX shared library libWaves.so\x1b[0m\n'}
[23.018314] (-) TimerEvent: {}
[23.118833] (-) TimerEvent: {}
[23.219568] (-) TimerEvent: {}
[23.320609] (-) TimerEvent: {}
[23.421626] (-) TimerEvent: {}
[23.522611] (-) TimerEvent: {}
[23.624256] (-) TimerEvent: {}
[23.725627] (-) TimerEvent: {}
[23.826511] (-) TimerEvent: {}
[23.927737] (-) TimerEvent: {}
[23.950933] (workspace_gz) StdoutLine: {'line': b'[  5%] Built target Waves\n'}
[24.028051] (-) TimerEvent: {}
[24.129074] (-) TimerEvent: {}
[24.230137] (-) TimerEvent: {}
[24.330721] (-) TimerEvent: {}
[24.431330] (-) TimerEvent: {}
[24.532232] (-) TimerEvent: {}
[24.633373] (-) TimerEvent: {}
[24.733965] (-) TimerEvent: {}
[24.835236] (-) TimerEvent: {}
[24.936332] (-) TimerEvent: {}
[25.037321] (-) TimerEvent: {}
[25.138605] (-) TimerEvent: {}
[25.239972] (-) TimerEvent: {}
[25.340381] (-) TimerEvent: {}
[25.440845] (-) TimerEvent: {}
[25.541641] (-) TimerEvent: {}
[25.642953] (-) TimerEvent: {}
[25.743565] (-) TimerEvent: {}
[25.844930] (-) TimerEvent: {}
[25.948375] (-) TimerEvent: {}
[26.051321] (-) TimerEvent: {}
[26.152238] (-) TimerEvent: {}
[26.253471] (-) TimerEvent: {}
[26.353926] (-) TimerEvent: {}
[26.455221] (-) TimerEvent: {}
[26.556279] (-) TimerEvent: {}
[26.657070] (-) TimerEvent: {}
[26.757632] (-) TimerEvent: {}
[26.858576] (-) TimerEvent: {}
[26.959142] (-) TimerEvent: {}
[27.059984] (-) TimerEvent: {}
[27.160861] (-) TimerEvent: {}
[27.261747] (-) TimerEvent: {}
[27.362245] (-) TimerEvent: {}
[27.462897] (-) TimerEvent: {}
[27.563226] (-) TimerEvent: {}
[27.663803] (-) TimerEvent: {}
[27.764640] (-) TimerEvent: {}
[27.865279] (-) TimerEvent: {}
[27.966244] (-) TimerEvent: {}
[28.067889] (-) TimerEvent: {}
[28.169465] (-) TimerEvent: {}
[28.270489] (-) TimerEvent: {}
[28.371180] (-) TimerEvent: {}
[28.472232] (-) TimerEvent: {}
[28.573166] (-) TimerEvent: {}
[28.673728] (-) TimerEvent: {}
[28.774637] (-) TimerEvent: {}
[28.875366] (-) TimerEvent: {}
[28.975862] (-) TimerEvent: {}
[29.076683] (-) TimerEvent: {}
[29.177700] (-) TimerEvent: {}
[29.278537] (-) TimerEvent: {}
[29.379503] (-) TimerEvent: {}
[29.480290] (-) TimerEvent: {}
[29.581019] (-) TimerEvent: {}
[29.682177] (-) TimerEvent: {}
[29.782625] (-) TimerEvent: {}
[29.883080] (-) TimerEvent: {}
[29.983609] (-) TimerEvent: {}
[30.083982] (-) TimerEvent: {}
[30.184571] (-) TimerEvent: {}
[30.285188] (-) TimerEvent: {}
[30.385928] (-) TimerEvent: {}
[30.487313] (-) TimerEvent: {}
[30.499985] (workspace_gz) StdoutLine: {'line': b'[  7%] \x1b[32m\x1b[1mLinking CXX shared library libScoringPlugin.so\x1b[0m\n'}
[30.587574] (-) TimerEvent: {}
[30.688725] (-) TimerEvent: {}
[30.789654] (-) TimerEvent: {}
[30.893225] (-) TimerEvent: {}
[30.994432] (-) TimerEvent: {}
[31.095589] (-) TimerEvent: {}
[31.196723] (-) TimerEvent: {}
[31.297804] (-) TimerEvent: {}
[31.398921] (-) TimerEvent: {}
[31.499361] (-) TimerEvent: {}
[31.600445] (-) TimerEvent: {}
[31.626845] (workspace_gz) StdoutLine: {'line': b'[  7%] Built target ScoringPlugin\n'}
[31.700704] (-) TimerEvent: {}
[31.719371] (workspace_gz) StdoutLine: {'line': b'[  9%] \x1b[32mBuilding CXX object CMakeFiles/SimpleHydrodynamics.dir/plugins/SimpleHydrodynamics.cc.o\x1b[0m\n'}
[31.720232] (workspace_gz) StdoutLine: {'line': b'[ 13%] \x1b[32mBuilding CXX object CMakeFiles/Surface.dir/plugins/Surface.cc.o\x1b[0m\n'}
[31.720565] (workspace_gz) StdoutLine: {'line': b'[ 15%] \x1b[32mBuilding CXX object CMakeFiles/WaveVisual.dir/plugins/WaveVisual.cc.o\x1b[0m\n'}
[31.721514] (workspace_gz) StdoutLine: {'line': b'[ 11%] \x1b[32mBuilding CXX object CMakeFiles/USVWind.dir/plugins/USVWind.cc.o\x1b[0m\n'}
[31.722652] (workspace_gz) StdoutLine: {'line': b'[ 16%] \x1b[32mBuilding CXX object CMakeFiles/PolyhedraBuoyancyDrag.dir/plugins/PolyhedraBuoyancyDrag.cc.o\x1b[0m\n'}
[31.734598] (workspace_gz) StdoutLine: {'line': b'[ 18%] \x1b[32mBuilding CXX object CMakeFiles/WayfindingScoringPlugin.dir/plugins/WayfindingScoringPlugin.cc.o\x1b[0m\n'}
[31.734912] (workspace_gz) StdoutLine: {'line': b'[ 20%] \x1b[32mBuilding CXX object CMakeFiles/AcousticPerceptionScoringPlugin.dir/plugins/AcousticPerceptionScoringPlugin.cc.o\x1b[0m\n'}
[31.742152] (workspace_gz) StdoutLine: {'line': b'[ 22%] \x1b[32mBuilding CXX object CMakeFiles/StationkeepingScoringPlugin.dir/plugins/StationkeepingScoringPlugin.cc.o\x1b[0m\n'}
[31.800832] (-) TimerEvent: {}
[31.901646] (-) TimerEvent: {}
[32.002137] (-) TimerEvent: {}
[32.102618] (-) TimerEvent: {}
[32.204623] (-) TimerEvent: {}
[32.305271] (-) TimerEvent: {}
[32.410668] (-) TimerEvent: {}
[32.515815] (-) TimerEvent: {}
[32.616636] (-) TimerEvent: {}
[32.717445] (-) TimerEvent: {}
[32.821758] (-) TimerEvent: {}
[32.922557] (-) TimerEvent: {}
[33.023492] (-) TimerEvent: {}
[33.129566] (-) TimerEvent: {}
[33.233532] (-) TimerEvent: {}
[33.334206] (-) TimerEvent: {}
[33.436569] (-) TimerEvent: {}
[33.537458] (-) TimerEvent: {}
[33.638499] (-) TimerEvent: {}
[33.743836] (-) TimerEvent: {}
[33.844733] (-) TimerEvent: {}
[33.945493] (-) TimerEvent: {}
[34.051071] (-) TimerEvent: {}
[34.152157] (-) TimerEvent: {}
[34.255098] (-) TimerEvent: {}
[34.355807] (-) TimerEvent: {}
[34.461737] (-) TimerEvent: {}
[34.567614] (-) TimerEvent: {}
[34.673657] (-) TimerEvent: {}
[34.779180] (-) TimerEvent: {}
[34.882216] (-) TimerEvent: {}
[34.996028] (-) TimerEvent: {}
[35.100808] (-) TimerEvent: {}
[35.201703] (-) TimerEvent: {}
[35.303672] (-) TimerEvent: {}
[35.408370] (-) TimerEvent: {}
[35.514530] (-) TimerEvent: {}
[35.618295] (-) TimerEvent: {}
[35.722525] (-) TimerEvent: {}
[35.823291] (-) TimerEvent: {}
[35.927375] (-) TimerEvent: {}
[36.030590] (-) TimerEvent: {}
[36.136632] (-) TimerEvent: {}
[36.237210] (-) TimerEvent: {}
[36.338458] (-) TimerEvent: {}
[36.440535] (-) TimerEvent: {}
[36.541854] (-) TimerEvent: {}
[36.646585] (-) TimerEvent: {}
[36.747807] (-) TimerEvent: {}
[36.852479] (-) TimerEvent: {}
[36.952989] (-) TimerEvent: {}
[37.054752] (-) TimerEvent: {}
[37.155536] (-) TimerEvent: {}
[37.261592] (-) TimerEvent: {}
[37.362614] (-) TimerEvent: {}
[37.466687] (-) TimerEvent: {}
[37.568668] (-) TimerEvent: {}
[37.669248] (-) TimerEvent: {}
[37.770172] (-) TimerEvent: {}
[37.878900] (-) TimerEvent: {}
[37.984558] (-) TimerEvent: {}
[38.085532] (-) TimerEvent: {}
[38.191515] (-) TimerEvent: {}
[38.292022] (-) TimerEvent: {}
[38.392788] (-) TimerEvent: {}
[38.494966] (-) TimerEvent: {}
[38.602566] (-) TimerEvent: {}
[38.703526] (-) TimerEvent: {}
[38.809463] (-) TimerEvent: {}
[38.910157] (-) TimerEvent: {}
[39.013073] (-) TimerEvent: {}
[39.118761] (-) TimerEvent: {}
[39.221657] (-) TimerEvent: {}
[39.325580] (-) TimerEvent: {}
[39.426271] (-) TimerEvent: {}
[39.533548] (-) TimerEvent: {}
[39.634299] (-) TimerEvent: {}
[39.735961] (-) TimerEvent: {}
[39.837362] (-) TimerEvent: {}
[39.940546] (-) TimerEvent: {}
[40.041168] (-) TimerEvent: {}
[40.143595] (-) TimerEvent: {}
[40.248874] (-) TimerEvent: {}
[40.349615] (-) TimerEvent: {}
[40.450513] (-) TimerEvent: {}
[40.555667] (-) TimerEvent: {}
[40.656735] (-) TimerEvent: {}
[40.763649] (-) TimerEvent: {}
[40.866170] (-) TimerEvent: {}
[40.977619] (-) TimerEvent: {}
[41.078565] (-) TimerEvent: {}
[41.179812] (-) TimerEvent: {}
[41.280392] (-) TimerEvent: {}
[41.382926] (-) TimerEvent: {}
[41.485672] (-) TimerEvent: {}
[41.588419] (-) TimerEvent: {}
[41.696667] (-) TimerEvent: {}
[41.797739] (-) TimerEvent: {}
[41.898553] (-) TimerEvent: {}
[42.002656] (-) TimerEvent: {}
[42.107514] (-) TimerEvent: {}
[42.208056] (-) TimerEvent: {}
[42.310534] (-) TimerEvent: {}
[42.411056] (-) TimerEvent: {}
[42.514547] (-) TimerEvent: {}
[42.618541] (-) TimerEvent: {}
[42.719216] (-) TimerEvent: {}
[42.820030] (-) TimerEvent: {}
[42.927616] (-) TimerEvent: {}
[43.029046] (-) TimerEvent: {}
[43.137012] (-) TimerEvent: {}
[43.237492] (-) TimerEvent: {}
[43.338205] (-) TimerEvent: {}
[43.439175] (-) TimerEvent: {}
[43.540451] (-) TimerEvent: {}
[43.643842] (-) TimerEvent: {}
[43.753331] (-) TimerEvent: {}
[43.854897] (-) TimerEvent: {}
[43.956079] (-) TimerEvent: {}
[44.065497] (-) TimerEvent: {}
[44.166068] (-) TimerEvent: {}
[44.267618] (-) TimerEvent: {}
[44.376592] (-) TimerEvent: {}
[44.477245] (-) TimerEvent: {}
[44.578448] (-) TimerEvent: {}
[44.678947] (-) TimerEvent: {}
[44.782805] (-) TimerEvent: {}
[44.886512] (-) TimerEvent: {}
[44.991003] (-) TimerEvent: {}
[45.095570] (-) TimerEvent: {}
[45.200498] (-) TimerEvent: {}
[45.301163] (-) TimerEvent: {}
[45.403600] (-) TimerEvent: {}
[45.504603] (-) TimerEvent: {}
[45.615917] (-) TimerEvent: {}
[45.721300] (-) TimerEvent: {}
[45.822465] (-) TimerEvent: {}
[45.924564] (-) TimerEvent: {}
[46.025135] (-) TimerEvent: {}
[46.128782] (-) TimerEvent: {}
[46.230037] (-) TimerEvent: {}
[46.334125] (-) TimerEvent: {}
[46.435279] (-) TimerEvent: {}
[46.537967] (-) TimerEvent: {}
[46.639319] (-) TimerEvent: {}
[46.740333] (-) TimerEvent: {}
[46.842445] (-) TimerEvent: {}
[46.945841] (-) TimerEvent: {}
[47.050492] (-) TimerEvent: {}
[47.150987] (-) TimerEvent: {}
[47.251968] (-) TimerEvent: {}
[47.352573] (-) TimerEvent: {}
[47.455560] (-) TimerEvent: {}
[47.560843] (-) TimerEvent: {}
[47.663860] (-) TimerEvent: {}
[47.764882] (-) TimerEvent: {}
[47.866692] (-) TimerEvent: {}
[47.970541] (-) TimerEvent: {}
[48.071749] (-) TimerEvent: {}
[48.174773] (-) TimerEvent: {}
[48.277889] (-) TimerEvent: {}
[48.378458] (-) TimerEvent: {}
[48.479197] (-) TimerEvent: {}
[48.583818] (-) TimerEvent: {}
[48.684457] (-) TimerEvent: {}
[48.787054] (-) TimerEvent: {}
[48.891500] (-) TimerEvent: {}
[48.992109] (-) TimerEvent: {}
[49.093872] (-) TimerEvent: {}
[49.194835] (-) TimerEvent: {}
[49.297719] (-) TimerEvent: {}
[49.403204] (-) TimerEvent: {}
[49.504468] (-) TimerEvent: {}
[49.610977] (-) TimerEvent: {}
[49.712002] (-) TimerEvent: {}
[49.818752] (-) TimerEvent: {}
[49.924243] (-) TimerEvent: {}
[50.025519] (-) TimerEvent: {}
[50.128730] (-) TimerEvent: {}
[50.232321] (-) TimerEvent: {}
[50.337512] (-) TimerEvent: {}
[50.444562] (-) TimerEvent: {}
[50.545117] (-) TimerEvent: {}
[50.646018] (-) TimerEvent: {}
[50.755388] (-) TimerEvent: {}
[50.860096] (-) TimerEvent: {}
[50.962165] (-) TimerEvent: {}
[51.062872] (-) TimerEvent: {}
[51.170784] (-) TimerEvent: {}
[51.272085] (-) TimerEvent: {}
[51.374591] (-) TimerEvent: {}
[51.477591] (-) TimerEvent: {}
[51.581243] (-) TimerEvent: {}
[51.690951] (-) TimerEvent: {}
[51.791850] (-) TimerEvent: {}
[51.892510] (-) TimerEvent: {}
[51.995825] (-) TimerEvent: {}
[52.097751] (-) TimerEvent: {}
[52.204635] (-) TimerEvent: {}
[52.305498] (-) TimerEvent: {}
[52.406790] (-) TimerEvent: {}
[52.513954] (-) TimerEvent: {}
[52.620779] (-) TimerEvent: {}
[52.721261] (-) TimerEvent: {}
[52.821847] (-) TimerEvent: {}
[52.922539] (-) TimerEvent: {}
[53.024411] (-) TimerEvent: {}
[53.127610] (-) TimerEvent: {}
[53.228449] (-) TimerEvent: {}
[53.329210] (-) TimerEvent: {}
[53.432610] (-) TimerEvent: {}
[53.533384] (-) TimerEvent: {}
[53.633961] (-) TimerEvent: {}
[53.734483] (-) TimerEvent: {}
[53.838259] (-) TimerEvent: {}
[53.939085] (-) TimerEvent: {}
[54.039795] (-) TimerEvent: {}
[54.140526] (-) TimerEvent: {}
[54.243591] (-) TimerEvent: {}
[54.345835] (-) TimerEvent: {}
[54.448155] (-) TimerEvent: {}
[54.551163] (-) TimerEvent: {}
[54.655683] (-) TimerEvent: {}
[54.761495] (-) TimerEvent: {}
[54.867067] (-) TimerEvent: {}
[54.969812] (-) TimerEvent: {}
[55.070708] (-) TimerEvent: {}
[55.176540] (-) TimerEvent: {}
[55.277392] (-) TimerEvent: {}
[55.382771] (-) TimerEvent: {}
[55.483491] (-) TimerEvent: {}
[55.587753] (-) TimerEvent: {}
[55.688849] (-) TimerEvent: {}
[55.789749] (-) TimerEvent: {}
[55.895312] (-) TimerEvent: {}
[55.996535] (-) TimerEvent: {}
[56.103753] (-) TimerEvent: {}
[56.206704] (-) TimerEvent: {}
[56.309753] (-) TimerEvent: {}
[56.412983] (-) TimerEvent: {}
[56.519815] (-) TimerEvent: {}
[56.620808] (-) TimerEvent: {}
[56.727745] (-) TimerEvent: {}
[56.830599] (-) TimerEvent: {}
[56.932357] (-) TimerEvent: {}
[57.035752] (-) TimerEvent: {}
[57.136609] (-) TimerEvent: {}
[57.237810] (-) TimerEvent: {}
[57.344319] (-) TimerEvent: {}
[57.445360] (-) TimerEvent: {}
[57.547663] (-) TimerEvent: {}
[57.649623] (-) TimerEvent: {}
[57.750616] (-) TimerEvent: {}
[57.859993] (-) TimerEvent: {}
[57.960481] (-) TimerEvent: {}
[58.060934] (-) TimerEvent: {}
[58.161610] (-) TimerEvent: {}
[58.264181] (-) TimerEvent: {}
[58.370623] (-) TimerEvent: {}
[58.473506] (-) TimerEvent: {}
[58.574067] (-) TimerEvent: {}
[58.674990] (-) TimerEvent: {}
[58.779703] (-) TimerEvent: {}
[58.887796] (-) TimerEvent: {}
[58.991037] (-) TimerEvent: {}
[59.095841] (-) TimerEvent: {}
[59.200564] (-) TimerEvent: {}
[59.302931] (-) TimerEvent: {}
[59.404210] (-) TimerEvent: {}
[59.514230] (-) TimerEvent: {}
[59.618761] (-) TimerEvent: {}
[59.722689] (-) TimerEvent: {}
[59.828547] (-) TimerEvent: {}
[59.935035] (-) TimerEvent: {}
[60.035983] (-) TimerEvent: {}
[60.066516] (workspace_gz) StderrLine: {'line': b'\x1b[01m\x1b[K/home/aliomacc/sti_usv/src/usv_sim/workspace_gz/plugins/WayfindingScoringPlugin.cc:\x1b[m\x1b[K In member function \xe2\x80\x98\x1b[01m\x1b[Kvirtual void vrx::WayfindingScoringPlugin::Configure(const Entity&, const std::shared_ptr<const sdf::v12::Element>&, ignition::gazebo::v6::EntityComponentManager&, ignition::gazebo::v6::EventManager&)\x1b[m\x1b[K\xe2\x80\x99:\n'}
[60.067272] (workspace_gz) StderrLine: {'line': b'\x1b[01m\x1b[K/home/aliomacc/sti_usv/src/usv_sim/workspace_gz/plugins/WayfindingScoringPlugin.cc:205:21:\x1b[m\x1b[K \x1b[01;35m\x1b[Kwarning: \x1b[m\x1b[Kloop variable \xe2\x80\x98\x1b[01m\x1b[Kwaypoint\x1b[m\x1b[K\xe2\x80\x99 creates a copy from type \xe2\x80\x98\x1b[01m\x1b[Kconst ignition::math::v6::Vector3<double>\x1b[m\x1b[K\xe2\x80\x99 [\x1b[01;35m\x1b[K\x1b]8;;https://gcc.gnu.org/onlinedocs/gcc/Warning-Options.html#index-Wrange-loop-construct\x07-Wrange-loop-construct\x1b]8;;\x07\x1b[m\x1b[K]\n'}
[60.068128] (workspace_gz) StderrLine: {'line': b'  205 |     for (const auto \x1b[01;35m\x1b[Kwaypoint\x1b[m\x1b[K : this->dataPtr->localWaypoints)\n'}
[60.068645] (workspace_gz) StderrLine: {'line': b'      |                     \x1b[01;35m\x1b[K^~~~~~~~\x1b[m\x1b[K\n'}
[60.068985] (workspace_gz) StderrLine: {'line': b'\x1b[01m\x1b[K/home/aliomacc/sti_usv/src/usv_sim/workspace_gz/plugins/WayfindingScoringPlugin.cc:205:21:\x1b[m\x1b[K \x1b[01;36m\x1b[Knote: \x1b[m\x1b[Kuse reference type to prevent copying\n'}
[60.069296] (workspace_gz) StderrLine: {'line': b'  205 |     for (const auto \x1b[01;36m\x1b[Kwaypoint\x1b[m\x1b[K : this->dataPtr->localWaypoints)\n'}
[60.075107] (workspace_gz) StderrLine: {'line': b'      |                     \x1b[01;36m\x1b[K^~~~~~~~\x1b[m\x1b[K\n'}
[60.075639] (workspace_gz) StderrLine: {'line': b'      |                     \x1b[32m\x1b[K&\x1b[m\x1b[K\n'}
[60.142545] (-) TimerEvent: {}
[60.243237] (-) TimerEvent: {}
[60.343936] (-) TimerEvent: {}
[60.446968] (-) TimerEvent: {}
[60.547881] (-) TimerEvent: {}
[60.652824] (-) TimerEvent: {}
[60.754527] (-) TimerEvent: {}
[60.855497] (-) TimerEvent: {}
[60.960994] (-) TimerEvent: {}
[61.061568] (-) TimerEvent: {}
[61.162217] (-) TimerEvent: {}
[61.266589] (-) TimerEvent: {}
[61.367484] (-) TimerEvent: {}
[61.468486] (-) TimerEvent: {}
[61.569384] (-) TimerEvent: {}
[61.671787] (-) TimerEvent: {}
[61.772327] (-) TimerEvent: {}
[61.876779] (-) TimerEvent: {}
[61.979543] (-) TimerEvent: {}
[62.080313] (-) TimerEvent: {}
[62.181446] (-) TimerEvent: {}
[62.284496] (-) TimerEvent: {}
[62.386725] (-) TimerEvent: {}
[62.458232] (workspace_gz) StderrLine: {'line': b'\x1b[01m\x1b[K/home/aliomacc/sti_usv/src/usv_sim/workspace_gz/plugins/WaveVisual.cc:\x1b[m\x1b[K In member function \xe2\x80\x98\x1b[01m\x1b[Kvirtual void vrx::WaveVisual::Configure(const Entity&, const std::shared_ptr<const sdf::v12::Element>&, ignition::gazebo::v6::EntityComponentManager&, ignition::gazebo::v6::EventManager&)\x1b[m\x1b[K\xe2\x80\x99:\n'}
[62.458777] (workspace_gz) StderrLine: {'line': b'\x1b[01m\x1b[K/home/aliomacc/sti_usv/src/usv_sim/workspace_gz/plugins/WaveVisual.cc:236:38:\x1b[m\x1b[K \x1b[01;31m\x1b[Kerror: \x1b[m\x1b[K\xe2\x80\x98\x1b[01m\x1b[KRenderTeardown\x1b[m\x1b[K\xe2\x80\x99 is not a member of \xe2\x80\x98\x1b[01m\x1b[Kignition::gazebo::v6::events\x1b[m\x1b[K\xe2\x80\x99\n'}
[62.459105] (workspace_gz) StderrLine: {'line': b'  236 |       _eventMgr.Connect<sim::events::\x1b[01;31m\x1b[KRenderTeardown\x1b[m\x1b[K>(\n'}
[62.459315] (workspace_gz) StderrLine: {'line': b'      |                                      \x1b[01;31m\x1b[K^~~~~~~~~~~~~~\x1b[m\x1b[K\n'}
[62.461751] (workspace_gz) StderrLine: {'line': b'\x1b[01m\x1b[K/home/aliomacc/sti_usv/src/usv_sim/workspace_gz/plugins/WaveVisual.cc:236:53:\x1b[m\x1b[K \x1b[01;31m\x1b[Kerror: \x1b[m\x1b[Kno matching function for call to \xe2\x80\x98\x1b[01m\x1b[Kignition::gazebo::v6::EventManager::Connect<<expression error> >(std::_Bind_helper<false, void (vrx::WaveVisualPrivate::*)(), vrx::WaveVisualPrivate*>::type)\x1b[m\x1b[K\xe2\x80\x99\n'}
[62.462786] (workspace_gz) StderrLine: {'line': b'  236 |       \x1b[01;31m\x1b[K_eventMgr.Connect<sim::events::RenderTeardown>(\x1b[m\x1b[K\n'}
[62.463584] (workspace_gz) StderrLine: {'line': b'      |       \x1b[01;31m\x1b[K~~~~~~~~~~~~~~~~~~~~~~~~~~~~~~~~~~~~~~~~~~~~~~^\x1b[m\x1b[K\n'}
[62.464233] (workspace_gz) StderrLine: {'line': b'  237 | \x1b[01;31m\x1b[K      std::bind(&WaveVisualPrivate::OnRenderTeardown, this->dataPtr.get()))\x1b[m\x1b[K;\n'}
[62.464711] (workspace_gz) StderrLine: {'line': b'      |       \x1b[01;31m\x1b[K~~~~~~~~~~~~~~~~~~~~~~~~~~~~~~~~~~~~~~~~~~~~~~~~~~~~~~~~~~~~~~~~~~~~~\x1b[m\x1b[K\n'}
[62.471635] (workspace_gz) StderrLine: {'line': b'In file included from \x1b[01m\x1b[K/usr/include/ignition/gazebo6/gz/sim/System.hh:24\x1b[m\x1b[K,\n'}
[62.473290] (workspace_gz) StderrLine: {'line': b'                 from \x1b[01m\x1b[K/usr/include/ignition/gazebo6/gz/sim/rendering/RenderUtil.hh:29\x1b[m\x1b[K,\n'}
[62.474754] (workspace_gz) StderrLine: {'line': b'                 from \x1b[01m\x1b[K/home/aliomacc/sti_usv/src/usv_sim/workspace_gz/plugins/WaveVisual.cc:39\x1b[m\x1b[K:\n'}
[62.475028] (workspace_gz) StderrLine: {'line': b'\x1b[01m\x1b[K/usr/include/ignition/gazebo6/gz/sim/EventManager.hh:69:15:\x1b[m\x1b[K \x1b[01;36m\x1b[Knote: \x1b[m\x1b[Kcandidate: \xe2\x80\x98\x1b[01m\x1b[Ktemplate<class E> ignition::common::ConnectionPtr ignition::gazebo::v6::EventManager::Connect(const typename E::CallbackT&)\x1b[m\x1b[K\xe2\x80\x99\n'}
[62.475221] (workspace_gz) StderrLine: {'line': b'   69 |               \x1b[01;36m\x1b[KConnect\x1b[m\x1b[K(const typename E::CallbackT &_subscriber)\n'}
[62.478674] (workspace_gz) StderrLine: {'line': b'      |               \x1b[01;36m\x1b[K^~~~~~~\x1b[m\x1b[K\n'}
[62.478994] (workspace_gz) StderrLine: {'line': b'\x1b[01m\x1b[K/usr/include/ignition/gazebo6/gz/sim/EventManager.hh:69:15:\x1b[m\x1b[K \x1b[01;36m\x1b[Knote: \x1b[m\x1b[K  template argument deduction/substitution failed:\n'}
[62.479197] (workspace_gz) StderrLine: {'line': b'\x1b[01m\x1b[K/home/aliomacc/sti_usv/src/usv_sim/workspace_gz/plugins/WaveVisual.cc:236:53:\x1b[m\x1b[K \x1b[01;31m\x1b[Kerror: \x1b[m\x1b[Ktemplate argument 1 is invalid\n'}
[62.479447] (workspace_gz) StderrLine: {'line': b'  236 |       \x1b[01;31m\x1b[K_eventMgr.Connect<sim::events::RenderTeardown>(\x1b[m\x1b[K\n'}
[62.479713] (workspace_gz) StderrLine: {'line': b'      |       \x1b[01;31m\x1b[K~~~~~~~~~~~~~~~~~~~~~~~~~~~~~~~~~~~~~~~~~~~~~~^\x1b[m\x1b[K\n'}
[62.479940] (workspace_gz) StderrLine: {'line': b'  237 | \x1b[01;31m\x1b[K      std::bind(&WaveVisualPrivate::OnRenderTeardown, this->dataPtr.get()))\x1b[m\x1b[K;\n'}
[62.480141] (workspace_gz) StderrLine: {'line': b'      |       \x1b[01;31m\x1b[K~~~~~~~~~~~~~~~~~~~~~~~~~~~~~~~~~~~~~~~~~~~~~~~~~~~~~~~~~~~~~~~~~~~~~\x1b[m\x1b[K\n'}
[62.487085] (-) TimerEvent: {}
[62.501901] (workspace_gz) StderrLine: {'line': b'\x1b[01m\x1b[K/home/aliomacc/sti_usv/src/usv_sim/workspace_gz/plugins/StationkeepingScoringPlugin.cc:\x1b[m\x1b[K In member function \xe2\x80\x98\x1b[01m\x1b[Kvirtual void vrx::StationkeepingScoringPlugin::Configure(const Entity&, const std::shared_ptr<const sdf::v12::Element>&, ignition::gazebo::v6::EntityComponentManager&, ignition::gazebo::v6::EventManager&)\x1b[m\x1b[K\xe2\x80\x99:\n'}
[62.502618] (workspace_gz) StderrLine: {'line': b'\x1b[01m\x1b[K/home/aliomacc/sti_usv/src/usv_sim/workspace_gz/plugins/StationkeepingScoringPlugin.cc:172:13:\x1b[m\x1b[K \x1b[01;31m\x1b[Kerror: \x1b[m\x1b[K\xe2\x80\x98\x1b[01m\x1b[KGZ_RTOD\x1b[m\x1b[K\xe2\x80\x99 was not declared in this scope; did you mean \xe2\x80\x98\x1b[01m\x1b[KIGN_RTOD\x1b[m\x1b[K\xe2\x80\x99?\n'}
[62.503369] (workspace_gz) StderrLine: {'line': b'  172 |     scVec.X(\x1b[01;31m\x1b[KGZ_RTOD\x1b[m\x1b[K(scVec.X()));\n'}
[62.508614] (workspace_gz) StderrLine: {'line': b'      |             \x1b[01;31m\x1b[K^~~~~~~\x1b[m\x1b[K\n'}
[62.509214] (workspace_gz) StderrLine: {'line': b'      |             \x1b[32m\x1b[KIGN_RTOD\x1b[m\x1b[K\n'}
[62.542075] (workspace_gz) StderrLine: {'line': b'In file included from \x1b[01m\x1b[K/usr/include/ignition/rendering6/gz/rendering/Node.hh:22\x1b[m\x1b[K,\n'}
[62.542864] (workspace_gz) StderrLine: {'line': b'                 from \x1b[01m\x1b[K/usr/include/ignition/rendering6/gz/rendering/Storage.hh:24\x1b[m\x1b[K,\n'}
[62.543576] (workspace_gz) StderrLine: {'line': b'                 from \x1b[01m\x1b[K/usr/include/ignition/rendering6/gz/rendering/Scene.hh:34\x1b[m\x1b[K,\n'}
[62.544130] (workspace_gz) StderrLine: {'line': b'                 from \x1b[01m\x1b[K/usr/include/ignition/rendering6/ignition/rendering/Scene.hh:18\x1b[m\x1b[K,\n'}
[62.544391] (workspace_gz) StderrLine: {'line': b'                 from \x1b[01m\x1b[K/home/aliomacc/sti_usv/src/usv_sim/workspace_gz/plugins/WaveVisual.cc:29\x1b[m\x1b[K:\n'}
[62.544701] (workspace_gz) StderrLine: {'line': b'/usr/include/c++/11/variant: In instantiation of \xe2\x80\x98\x1b[01m\x1b[Kconstexpr std::add_pointer_t<_Tp> std::get_if(std::variant<_Types ...>*) [with _Tp = long unsigned int; _Types = {std::monostate, int, float, double, std::__cxx11::basic_string<char, std::char_traits<char>, std::allocator<char> >, bool, unsigned int}; std::add_pointer_t<_Tp> = long unsigned int*]\x1b[m\x1b[K\xe2\x80\x99:\n'}
[62.545099] (workspace_gz) StderrLine: {'line': b'\x1b[01m\x1b[K/home/aliomacc/sti_usv/src/usv_sim/workspace_gz/plugins/WaveVisual.cc:283:54:\x1b[m\x1b[K   required from here\n'}
[62.548923] (workspace_gz) StderrLine: {'line': b'\x1b[01m\x1b[K/usr/include/c++/11/variant:1185:42:\x1b[m\x1b[K \x1b[01;31m\x1b[Kerror: \x1b[m\x1b[Kstatic assertion failed: T must occur exactly once in alternatives\n'}
[62.549171] (workspace_gz) StderrLine: {'line': b' 1185 |       static_assert(\x1b[01;31m\x1b[K__detail::__variant::__exactly_once<_Tp, _Types...>\x1b[m\x1b[K,\n'}
[62.549353] (workspace_gz) StderrLine: {'line': b'      |                     \x1b[01;31m\x1b[K~~~~~~~~~~~~~~~~~~~~~^~~~~~~~~~~~~~~~~~~~~~~~~~~~~~\x1b[m\x1b[K\n'}
[62.549549] (workspace_gz) StderrLine: {'line': b'\x1b[01m\x1b[K/usr/include/c++/11/variant:1185:42:\x1b[m\x1b[K \x1b[01;36m\x1b[Knote: \x1b[m\x1b[K\xe2\x80\x98\x1b[01m\x1b[Kstd::__detail::__variant::__exactly_once<long unsigned int, std::monostate, int, float, double, std::__cxx11::basic_string<char, std::char_traits<char>, std::allocator<char> >, bool, unsigned int>\x1b[m\x1b[K\xe2\x80\x99 evaluates to false\n'}
[62.549739] (workspace_gz) StderrLine: {'line': b'/usr/include/c++/11/variant: In instantiation of \xe2\x80\x98\x1b[01m\x1b[Kstruct std::variant_alternative<1, std::variant<unsigned int> >\x1b[m\x1b[K\xe2\x80\x99:\n'}
[62.549950] (workspace_gz) StderrLine: {'line': b'\x1b[01m\x1b[K/usr/include/c++/11/variant:103:12:\x1b[m\x1b[K   recursively required from \xe2\x80\x98\x1b[01m\x1b[Kstruct std::variant_alternative<6, std::variant<int, float, double, std::__cxx11::basic_string<char, std::char_traits<char>, std::allocator<char> >, bool, unsigned int> >\x1b[m\x1b[K\xe2\x80\x99\n'}
[62.550130] (workspace_gz) StderrLine: {'line': b'\x1b[01m\x1b[K/usr/include/c++/11/variant:103:12:\x1b[m\x1b[K   required from \xe2\x80\x98\x1b[01m\x1b[Kstruct std::variant_alternative<7, std::variant<std::monostate, int, float, double, std::__cxx11::basic_string<char, std::char_traits<char>, std::allocator<char> >, bool, unsigned int> >\x1b[m\x1b[K\xe2\x80\x99\n'}
[62.550305] (workspace_gz) StderrLine: {'line': b'\x1b[01m\x1b[K/usr/include/c++/11/variant:1170:5:\x1b[m\x1b[K   required by substitution of \xe2\x80\x98\x1b[01m\x1b[Ktemplate<long unsigned int _Np, class ... _Types> constexpr std::add_pointer_t<const typename std::variant_alternative<_Np, std::variant<_Types ...> >::type> std::get_if(const std::variant<_Types ...>*) [with long unsigned int _Np = 7; _Types = {std::monostate, int, float, double, std::__cxx11::basic_string<char, std::char_traits<char>, std::allocator<char> >, bool, unsigned int}]\x1b[m\x1b[K\xe2\x80\x99\n'}
[62.550545] (workspace_gz) StderrLine: {'line': b'\x1b[01m\x1b[K/usr/include/c++/11/variant:1188:76:\x1b[m\x1b[K   required from \xe2\x80\x98\x1b[01m\x1b[Kconstexpr std::add_pointer_t<_Tp> std::get_if(std::variant<_Types ...>*) [with _Tp = long unsigned int; _Types = {std::monostate, int, float, double, std::__cxx11::basic_string<char, std::char_traits<char>, std::allocator<char> >, bool, unsigned int}; std::add_pointer_t<_Tp> = long unsigned int*]\x1b[m\x1b[K\xe2\x80\x99\n'}
[62.550731] (workspace_gz) StderrLine: {'line': b'\x1b[01m\x1b[K/home/aliomacc/sti_usv/src/usv_sim/workspace_gz/plugins/WaveVisual.cc:283:54:\x1b[m\x1b[K   required from here\n'}
[62.550906] (workspace_gz) StderrLine: {'line': b'\x1b[01m\x1b[K/usr/include/c++/11/variant:103:12:\x1b[m\x1b[K \x1b[01;31m\x1b[Kerror: \x1b[m\x1b[Kinvalid use of incomplete type \xe2\x80\x98\x1b[01m\x1b[Kstruct std::variant_alternative<0, std::variant<> >\x1b[m\x1b[K\xe2\x80\x99\n'}
[62.551085] (workspace_gz) StderrLine: {'line': b'  103 |     struct \x1b[01;31m\x1b[Kvariant_alternative<_Np, variant<_First, _Rest...>>\x1b[m\x1b[K\n'}
[62.551287] (workspace_gz) StderrLine: {'line': b'      |            \x1b[01;31m\x1b[K^~~~~~~~~~~~~~~~~~~~~~~~~~~~~~~~~~~~~~~~~~~~~~~~~~~\x1b[m\x1b[K\n'}
[62.551555] (workspace_gz) StderrLine: {'line': b'\x1b[01m\x1b[K/usr/include/c++/11/variant:100:12:\x1b[m\x1b[K \x1b[01;36m\x1b[Knote: \x1b[m\x1b[Kdeclaration of \xe2\x80\x98\x1b[01m\x1b[Kstruct std::variant_alternative<0, std::variant<> >\x1b[m\x1b[K\xe2\x80\x99\n'}
[62.551783] (workspace_gz) StderrLine: {'line': b'  100 |     struct \x1b[01;36m\x1b[Kvariant_alternative\x1b[m\x1b[K;\n'}
[62.551963] (workspace_gz) StderrLine: {'line': b'      |            \x1b[01;36m\x1b[K^~~~~~~~~~~~~~~~~~~\x1b[m\x1b[K\n'}
[62.552128] (workspace_gz) StderrLine: {'line': b'/usr/include/c++/11/variant: In instantiation of \xe2\x80\x98\x1b[01m\x1b[Kconstexpr std::add_pointer_t<_Tp> std::get_if(std::variant<_Types ...>*) [with _Tp = long unsigned int; _Types = {std::monostate, int, float, double, std::__cxx11::basic_string<char, std::char_traits<char>, std::allocator<char> >, bool, unsigned int}; std::add_pointer_t<_Tp> = long unsigned int*]\x1b[m\x1b[K\xe2\x80\x99:\n'}
[62.552301] (workspace_gz) StderrLine: {'line': b'\x1b[01m\x1b[K/home/aliomacc/sti_usv/src/usv_sim/workspace_gz/plugins/WaveVisual.cc:283:54:\x1b[m\x1b[K   required from here\n'}
[62.558453] (workspace_gz) StderrLine: {'line': b'\x1b[01m\x1b[K/usr/include/c++/11/variant:1188:76:\x1b[m\x1b[K \x1b[01;31m\x1b[Kerror: \x1b[m\x1b[Kno matching function for call to \xe2\x80\x98\x1b[01m\x1b[Kget_if<std::__detail::__variant::__index_of_v<long unsigned int, std::monostate, int, float, double, std::__cxx11::basic_string<char, std::char_traits<char>, std::allocator<char> >, bool, unsigned int> >(std::variant<std::monostate, int, float, double, std::__cxx11::basic_string<char, std::char_traits<char>, std::allocator<char> >, bool, unsigned int>*&)\x1b[m\x1b[K\xe2\x80\x99\n'}
[62.559122] (workspace_gz) StderrLine: {'line': b' 1188 |       return \x1b[01;31m\x1b[Kstd::get_if<__detail::__variant::__index_of_v<_Tp, _Types...>>(\x1b[m\x1b[K\n'}
[62.559528] (workspace_gz) StderrLine: {'line': b'      |              \x1b[01;31m\x1b[K~~~~~~~~~~~~~~~~~~~~~~~~~~~~~~~~~~~~~~~~~~~~~~~~~~~~~~~~~~~~~~^\x1b[m\x1b[K\n'}
[62.559977] (workspace_gz) StderrLine: {'line': b' 1189 | \x1b[01;31m\x1b[K          __ptr)\x1b[m\x1b[K;\n'}
[62.560377] (workspace_gz) StderrLine: {'line': b'      |           \x1b[01;31m\x1b[K~~~~~~\x1b[m\x1b[K                                                            \n'}
[62.560802] (workspace_gz) StderrLine: {'line': b'\x1b[01m\x1b[K/usr/include/c++/11/variant:1156:5:\x1b[m\x1b[K \x1b[01;36m\x1b[Knote: \x1b[m\x1b[Kcandidate: \xe2\x80\x98\x1b[01m\x1b[Ktemplate<long unsigned int _Np, class ... _Types> constexpr std::add_pointer_t<typename std::variant_alternative<_Np, std::variant<_Types ...> >::type> std::get_if(std::variant<_Types ...>*)\x1b[m\x1b[K\xe2\x80\x99\n'}
[62.561126] (workspace_gz) StderrLine: {'line': b' 1156 |     \x1b[01;36m\x1b[Kget_if\x1b[m\x1b[K(variant<_Types...>* __ptr) noexcept\n'}
[62.561340] (workspace_gz) StderrLine: {'line': b'      |     \x1b[01;36m\x1b[K^~~~~~\x1b[m\x1b[K\n'}
[62.565186] (workspace_gz) StderrLine: {'line': b'\x1b[01m\x1b[K/usr/include/c++/11/variant:1156:5:\x1b[m\x1b[K \x1b[01;36m\x1b[Knote: \x1b[m\x1b[K  template argument deduction/substitution failed:\n'}
[62.565462] (workspace_gz) StderrLine: {'line': b'/usr/include/c++/11/variant: In substitution of \xe2\x80\x98\x1b[01m\x1b[Ktemplate<long unsigned int _Np, class ... _Types> constexpr std::add_pointer_t<typename std::variant_alternative<_Np, std::variant<_Types ...> >::type> std::get_if(std::variant<_Types ...>*) [with long unsigned int _Np = 7; _Types = {std::monostate, int, float, double, std::__cxx11::basic_string<char, std::char_traits<char>, std::allocator<char> >, bool, unsigned int}]\x1b[m\x1b[K\xe2\x80\x99:\n'}
[62.565696] (workspace_gz) StderrLine: {'line': b'\x1b[01m\x1b[K/usr/include/c++/11/variant:1188:76:\x1b[m\x1b[K   required from \xe2\x80\x98\x1b[01m\x1b[Kconstexpr std::add_pointer_t<_Tp> std::get_if(std::variant<_Types ...>*) [with _Tp = long unsigned int; _Types = {std::monostate, int, float, double, std::__cxx11::basic_string<char, std::char_traits<char>, std::allocator<char> >, bool, unsigned int}; std::add_pointer_t<_Tp> = long unsigned int*]\x1b[m\x1b[K\xe2\x80\x99\n'}
[62.565885] (workspace_gz) StderrLine: {'line': b'\x1b[01m\x1b[K/home/aliomacc/sti_usv/src/usv_sim/workspace_gz/plugins/WaveVisual.cc:283:54:\x1b[m\x1b[K   required from here\n'}
[62.566059] (workspace_gz) StderrLine: {'line': b'\x1b[01m\x1b[K/usr/include/c++/11/variant:1156:5:\x1b[m\x1b[K \x1b[01;31m\x1b[Kerror: \x1b[m\x1b[Kno type named \xe2\x80\x98\x1b[01m\x1b[Ktype\x1b[m\x1b[K\xe2\x80\x99 in \xe2\x80\x98\x1b[01m\x1b[Kstruct std::variant_alternative<7, std::variant<std::monostate, int, float, double, std::__cxx11::basic_string<char, std::char_traits<char>, std::allocator<char> >, bool, unsigned int> >\x1b[m\x1b[K\xe2\x80\x99\n'}
[62.566256] (workspace_gz) StderrLine: {'line': b'/usr/include/c++/11/variant: In instantiation of \xe2\x80\x98\x1b[01m\x1b[Kconstexpr std::add_pointer_t<_Tp> std::get_if(std::variant<_Types ...>*) [with _Tp = long unsigned int; _Types = {std::monostate, int, float, double, std::__cxx11::basic_string<char, std::char_traits<char>, std::allocator<char> >, bool, unsigned int}; std::add_pointer_t<_Tp> = long unsigned int*]\x1b[m\x1b[K\xe2\x80\x99:\n'}
[62.566469] (workspace_gz) StderrLine: {'line': b'\x1b[01m\x1b[K/home/aliomacc/sti_usv/src/usv_sim/workspace_gz/plugins/WaveVisual.cc:283:54:\x1b[m\x1b[K   required from here\n'}
[62.566655] (workspace_gz) StderrLine: {'line': b'\x1b[01m\x1b[K/usr/include/c++/11/variant:1170:5:\x1b[m\x1b[K \x1b[01;36m\x1b[Knote: \x1b[m\x1b[Kcandidate: \xe2\x80\x98\x1b[01m\x1b[Ktemplate<long unsigned int _Np, class ... _Types> constexpr std::add_pointer_t<const typename std::variant_alternative<_Np, std::variant<_Types ...> >::type> std::get_if(const std::variant<_Types ...>*)\x1b[m\x1b[K\xe2\x80\x99\n'}
[62.566834] (workspace_gz) StderrLine: {'line': b' 1170 |     \x1b[01;36m\x1b[Kget_if\x1b[m\x1b[K(const variant<_Types...>* __ptr) noexcept\n'}
[62.566998] (workspace_gz) StderrLine: {'line': b'      |     \x1b[01;36m\x1b[K^~~~~~\x1b[m\x1b[K\n'}
[62.567165] (workspace_gz) StderrLine: {'line': b'\x1b[01m\x1b[K/usr/include/c++/11/variant:1170:5:\x1b[m\x1b[K \x1b[01;36m\x1b[Knote: \x1b[m\x1b[K  substitution of deduced template arguments resulted in errors seen above\n'}
[62.567333] (workspace_gz) StderrLine: {'line': b'\x1b[01m\x1b[K/usr/include/c++/11/variant:1183:5:\x1b[m\x1b[K \x1b[01;36m\x1b[Knote: \x1b[m\x1b[Kcandidate: \xe2\x80\x98\x1b[01m\x1b[Ktemplate<class _Tp, class ... _Types> constexpr std::add_pointer_t<_Tp> std::get_if(std::variant<_Types ...>*)\x1b[m\x1b[K\xe2\x80\x99\n'}
[62.580290] (workspace_gz) StderrLine: {'line': b' 1183 |     \x1b[01;36m\x1b[Kget_if\x1b[m\x1b[K(variant<_Types...>* __ptr) noexcept\n'}
[62.580853] (workspace_gz) StderrLine: {'line': b'      |     \x1b[01;36m\x1b[K^~~~~~\x1b[m\x1b[K\n'}
[62.581110] (workspace_gz) StderrLine: {'line': b'\x1b[01m\x1b[K/usr/include/c++/11/variant:1183:5:\x1b[m\x1b[K \x1b[01;36m\x1b[Knote: \x1b[m\x1b[K  template argument deduction/substitution failed:\n'}
[62.581289] (workspace_gz) StderrLine: {'line': b'\x1b[01m\x1b[K/usr/include/c++/11/variant:1188:76:\x1b[m\x1b[K \x1b[01;31m\x1b[Kerror: \x1b[m\x1b[Ktype/value mismatch at argument 1 in template parameter list for \xe2\x80\x98\x1b[01m\x1b[Ktemplate<class _Tp, class ... _Types> constexpr std::add_pointer_t<_Tp> std::get_if(std::variant<_Types ...>*)\x1b[m\x1b[K\xe2\x80\x99\n'}
[62.581483] (workspace_gz) StderrLine: {'line': b' 1188 |       return \x1b[01;31m\x1b[Kstd::get_if<__detail::__variant::__index_of_v<_Tp, _Types...>>(\x1b[m\x1b[K\n'}
[62.581658] (workspace_gz) StderrLine: {'line': b'      |              \x1b[01;31m\x1b[K~~~~~~~~~~~~~~~~~~~~~~~~~~~~~~~~~~~~~~~~~~~~~~~~~~~~~~~~~~~~~~^\x1b[m\x1b[K\n'}
[62.581821] (workspace_gz) StderrLine: {'line': b' 1189 | \x1b[01;31m\x1b[K          __ptr)\x1b[m\x1b[K;\n'}
[62.581984] (workspace_gz) StderrLine: {'line': b'      |           \x1b[01;31m\x1b[K~~~~~~\x1b[m\x1b[K                                                            \n'}
[62.582149] (workspace_gz) StderrLine: {'line': b'\x1b[01m\x1b[K/usr/include/c++/11/variant:1188:76:\x1b[m\x1b[K \x1b[01;36m\x1b[Knote: \x1b[m\x1b[K  expected a type, got \xe2\x80\x98\x1b[01m\x1b[Kstd::__detail::__variant::__index_of_v<long unsigned int, std::monostate, int, float, double, std::__cxx11::basic_string<char, std::char_traits<char>, std::allocator<char> >, bool, unsigned int>\x1b[m\x1b[K\xe2\x80\x99\n'}
[62.592951] (-) TimerEvent: {}
[62.696475] (-) TimerEvent: {}
[62.797031] (-) TimerEvent: {}
[62.899222] (-) TimerEvent: {}
[63.004965] (-) TimerEvent: {}
[63.108251] (-) TimerEvent: {}
[63.209785] (-) TimerEvent: {}
[63.313442] (-) TimerEvent: {}
[63.419780] (-) TimerEvent: {}
[63.521237] (-) TimerEvent: {}
[63.625621] (-) TimerEvent: {}
[63.740565] (-) TimerEvent: {}
[63.847481] (-) TimerEvent: {}
[63.949632] (-) TimerEvent: {}
[64.065648] (-) TimerEvent: {}
[64.169535] (-) TimerEvent: {}
[64.273439] (-) TimerEvent: {}
[64.375668] (-) TimerEvent: {}
[64.478914] (-) TimerEvent: {}
[64.581940] (-) TimerEvent: {}
[64.686286] (-) TimerEvent: {}
[64.786931] (-) TimerEvent: {}
[64.887758] (-) TimerEvent: {}
[64.992783] (-) TimerEvent: {}
[65.093545] (-) TimerEvent: {}
[65.194924] (-) TimerEvent: {}
[65.298658] (-) TimerEvent: {}
[65.399740] (-) TimerEvent: {}
[65.501065] (-) TimerEvent: {}
[65.605733] (-) TimerEvent: {}
[65.706642] (-) TimerEvent: {}
[65.807434] (-) TimerEvent: {}
[65.912655] (-) TimerEvent: {}
[66.013720] (-) TimerEvent: {}
[66.116367] (-) TimerEvent: {}
[66.219713] (-) TimerEvent: {}
[66.320376] (-) TimerEvent: {}
[66.427692] (-) TimerEvent: {}
[66.533516] (-) TimerEvent: {}
[66.640662] (-) TimerEvent: {}
[66.741484] (-) TimerEvent: {}
[66.843675] (-) TimerEvent: {}
[66.944370] (-) TimerEvent: {}
[67.048662] (-) TimerEvent: {}
[67.153138] (-) TimerEvent: {}
[67.261071] (-) TimerEvent: {}
[67.363875] (-) TimerEvent: {}
[67.464595] (-) TimerEvent: {}
[67.569076] (-) TimerEvent: {}
[67.670719] (-) TimerEvent: {}
[67.776257] (-) TimerEvent: {}
[67.876874] (-) TimerEvent: {}
[67.978364] (-) TimerEvent: {}
[68.086206] (-) TimerEvent: {}
[68.186956] (-) TimerEvent: {}
[68.287678] (-) TimerEvent: {}
[68.394724] (-) TimerEvent: {}
[68.495735] (-) TimerEvent: {}
[68.597051] (-) TimerEvent: {}
[68.699596] (-) TimerEvent: {}
[68.803491] (-) TimerEvent: {}
[68.904101] (-) TimerEvent: {}
[69.005094] (-) TimerEvent: {}
[69.109347] (-) TimerEvent: {}
[69.216683] (-) TimerEvent: {}
[69.266355] (workspace_gz) StderrLine: {'line': b'In file included from \x1b[01m\x1b[K/home/aliomacc/sti_usv/src/usv_sim/workspace_gz/plugins/USVWind.cc:16\x1b[m\x1b[K:\n'}
[69.272146] (workspace_gz) StderrLine: {'line': b'\x1b[01m\x1b[K/home/aliomacc/sti_usv/src/usv_sim/workspace_gz/plugins/USVWind.hh:92:44:\x1b[m\x1b[K \x1b[01;35m\x1b[Kwarning: \x1b[m\x1b[Kextra \xe2\x80\x98\x1b[01m\x1b[K;\x1b[m\x1b[K\xe2\x80\x99 [\x1b[01;35m\x1b[K\x1b]8;;https://gcc.gnu.org/onlinedocs/gcc/Warning-Options.html#index-Wpedantic\x07-Wpedantic\x1b]8;;\x07\x1b[m\x1b[K]\n'}
[69.272659] (workspace_gz) StderrLine: {'line': b'   92 |          IGN_UTILS_UNIQUE_IMPL_PTR(dataPtr)\x1b[01;35m\x1b[K;\x1b[m\x1b[K\n'}
[69.272938] (workspace_gz) StderrLine: {'line': b'      |                                            \x1b[01;35m\x1b[K^\x1b[m\x1b[K\n'}
[69.273189] (workspace_gz) StderrLine: {'line': b'      |                                            \x1b[31m\x1b[K-\x1b[m\x1b[K\n'}
[69.321820] (-) TimerEvent: {}
[69.422592] (-) TimerEvent: {}
[69.482511] (workspace_gz) StderrLine: {'line': b'\x1b[01m\x1b[K/home/aliomacc/sti_usv/src/usv_sim/workspace_gz/plugins/USVWind.cc:\x1b[m\x1b[K In member function \xe2\x80\x98\x1b[01m\x1b[Kvirtual void vrx::USVWind::Configure(const Entity&, const std::shared_ptr<const sdf::v12::Element>&, ignition::gazebo::v6::EntityComponentManager&, ignition::gazebo::v6::EventManager&)\x1b[m\x1b[K\xe2\x80\x99:\n'}
[69.482844] (workspace_gz) StderrLine: {'line': b'\x1b[01m\x1b[K/home/aliomacc/sti_usv/src/usv_sim/workspace_gz/plugins/USVWind.cc:116:44:\x1b[m\x1b[K \x1b[01;35m\x1b[Kwarning: \x1b[m\x1b[Kunused parameter \xe2\x80\x98\x1b[01m\x1b[K_entity\x1b[m\x1b[K\xe2\x80\x99 [\x1b[01;35m\x1b[K\x1b]8;;https://gcc.gnu.org/onlinedocs/gcc/Warning-Options.html#index-Wunused-parameter\x07-Wunused-parameter\x1b]8;;\x07\x1b[m\x1b[K]\n'}
[69.483003] (workspace_gz) StderrLine: {'line': b'  116 | void USVWind::Configure(\x1b[01;35m\x1b[Kconst sim::Entity &_entity\x1b[m\x1b[K,\n'}
[69.483131] (workspace_gz) StderrLine: {'line': b'      |                         \x1b[01;35m\x1b[K~~~~~~~~~~~~~~~~~~~^~~~~~~\x1b[m\x1b[K\n'}
[69.483262] (workspace_gz) StderrLine: {'line': b'\x1b[01m\x1b[K/home/aliomacc/sti_usv/src/usv_sim/workspace_gz/plugins/USVWind.cc:118:54:\x1b[m\x1b[K \x1b[01;35m\x1b[Kwarning: \x1b[m\x1b[Kunused parameter \xe2\x80\x98\x1b[01m\x1b[K_ecm\x1b[m\x1b[K\xe2\x80\x99 [\x1b[01;35m\x1b[K\x1b]8;;https://gcc.gnu.org/onlinedocs/gcc/Warning-Options.html#index-Wunused-parameter\x07-Wunused-parameter\x1b]8;;\x07\x1b[m\x1b[K]\n'}
[69.483422] (workspace_gz) StderrLine: {'line': b'  118 |                         \x1b[01;35m\x1b[Ksim::EntityComponentManager &_ecm\x1b[m\x1b[K,\n'}
[69.483570] (workspace_gz) StderrLine: {'line': b'      |                         \x1b[01;35m\x1b[K~~~~~~~~~~~~~~~~~~~~~~~~~~~~~^~~~\x1b[m\x1b[K\n'}
[69.522742] (-) TimerEvent: {}
[69.627845] (-) TimerEvent: {}
[69.730893] (-) TimerEvent: {}
[69.831365] (-) TimerEvent: {}
[69.932179] (-) TimerEvent: {}
[70.038603] (-) TimerEvent: {}
[70.142241] (-) TimerEvent: {}
[70.243259] (-) TimerEvent: {}
[70.344273] (-) TimerEvent: {}
[70.446925] (-) TimerEvent: {}
[70.547663] (-) TimerEvent: {}
[70.654206] (-) TimerEvent: {}
[70.755961] (-) TimerEvent: {}
[70.858096] (-) TimerEvent: {}
[70.962790] (-) TimerEvent: {}
[71.063890] (-) TimerEvent: {}
[71.167436] (-) TimerEvent: {}
[71.270859] (-) TimerEvent: {}
[71.378541] (-) TimerEvent: {}
[71.479046] (-) TimerEvent: {}
[71.579527] (-) TimerEvent: {}
[71.681762] (-) TimerEvent: {}
[71.787936] (-) TimerEvent: {}
[71.892595] (-) TimerEvent: {}
[71.993243] (-) TimerEvent: {}
[72.094569] (-) TimerEvent: {}
[72.196874] (-) TimerEvent: {}
[72.297817] (-) TimerEvent: {}
[72.299675] (workspace_gz) StderrLine: {'line': b'gmake[2]: *** [CMakeFiles/StationkeepingScoringPlugin.dir/build.make:76: CMakeFiles/StationkeepingScoringPlugin.dir/plugins/StationkeepingScoringPlugin.cc.o] Error 1\n'}
[72.310626] (workspace_gz) StderrLine: {'line': b'gmake[1]: *** [CMakeFiles/Makefile2:365: CMakeFiles/StationkeepingScoringPlugin.dir/all] Error 2\n'}
[72.311160] (workspace_gz) StderrLine: {'line': b'gmake[1]: *** Bitmemi\xc5\x9f i\xc5\x9fler i\xc3\xa7in bekliyor....\n'}
[72.402802] (-) TimerEvent: {}
[72.452489] (workspace_gz) StderrLine: {'line': b'gmake[2]: *** [CMakeFiles/WaveVisual.dir/build.make:76: CMakeFiles/WaveVisual.dir/plugins/WaveVisual.cc.o] Error 1\n'}
[72.459564] (workspace_gz) StderrLine: {'line': b'gmake[1]: *** [CMakeFiles/Makefile2:338: CMakeFiles/WaveVisual.dir/all] Error 2\n'}
[72.504621] (-) TimerEvent: {}
[72.605833] (-) TimerEvent: {}
[72.709625] (-) TimerEvent: {}
[72.810491] (-) TimerEvent: {}
[72.912755] (-) TimerEvent: {}
[73.016612] (-) TimerEvent: {}
[73.117466] (-) TimerEvent: {}
[73.218708] (-) TimerEvent: {}
[73.299265] (workspace_gz) StdoutLine: {'line': b'[ 24%] \x1b[32m\x1b[1mLinking CXX shared library libSimpleHydrodynamics.so\x1b[0m\n'}
[73.321817] (-) TimerEvent: {}
[73.423002] (-) TimerEvent: {}
[73.524898] (-) TimerEvent: {}
[73.631435] (-) TimerEvent: {}
[73.732562] (-) TimerEvent: {}
[73.837913] (-) TimerEvent: {}
[73.939479] (-) TimerEvent: {}
[74.044718] (-) TimerEvent: {}
[74.149985] (-) TimerEvent: {}
[74.250709] (-) TimerEvent: {}
[74.353224] (-) TimerEvent: {}
[74.459703] (-) TimerEvent: {}
[74.568783] (-) TimerEvent: {}
[74.676012] (-) TimerEvent: {}
[74.780629] (-) TimerEvent: {}
[74.888316] (-) TimerEvent: {}
[74.991636] (-) TimerEvent: {}
[75.094672] (-) TimerEvent: {}
[75.202499] (-) TimerEvent: {}
[75.303188] (-) TimerEvent: {}
[75.404370] (-) TimerEvent: {}
[75.505027] (-) TimerEvent: {}
[75.610073] (-) TimerEvent: {}
[75.711037] (-) TimerEvent: {}
[75.731966] (workspace_gz) StdoutLine: {'line': b'[ 24%] Built target SimpleHydrodynamics\n'}
[75.811284] (-) TimerEvent: {}
[75.913998] (-) TimerEvent: {}
[76.014739] (-) TimerEvent: {}
[76.120532] (-) TimerEvent: {}
[76.230709] (-) TimerEvent: {}
[76.331657] (-) TimerEvent: {}
[76.432716] (-) TimerEvent: {}
[76.536604] (-) TimerEvent: {}
[76.639778] (-) TimerEvent: {}
[76.745635] (-) TimerEvent: {}
[76.852019] (-) TimerEvent: {}
[76.953206] (-) TimerEvent: {}
[77.055331] (-) TimerEvent: {}
[77.157072] (-) TimerEvent: {}
[77.257927] (-) TimerEvent: {}
[77.359931] (-) TimerEvent: {}
[77.467253] (-) TimerEvent: {}
[77.567743] (-) TimerEvent: {}
[77.669785] (-) TimerEvent: {}
[77.772070] (-) TimerEvent: {}
[77.872819] (-) TimerEvent: {}
[77.980831] (-) TimerEvent: {}
[78.083801] (-) TimerEvent: {}
[78.188955] (-) TimerEvent: {}
[78.290883] (-) TimerEvent: {}
[78.393588] (-) TimerEvent: {}
[78.494554] (-) TimerEvent: {}
[78.595897] (-) TimerEvent: {}
[78.697810] (-) TimerEvent: {}
[78.799049] (-) TimerEvent: {}
[78.899716] (-) TimerEvent: {}
[79.001128] (-) TimerEvent: {}
[79.104855] (-) TimerEvent: {}
[79.209279] (-) TimerEvent: {}
[79.310177] (-) TimerEvent: {}
[79.410931] (-) TimerEvent: {}
[79.512249] (-) TimerEvent: {}
[79.616459] (-) TimerEvent: {}
[79.718388] (-) TimerEvent: {}
[79.831166] (-) TimerEvent: {}
[79.940583] (-) TimerEvent: {}
[80.044530] (-) TimerEvent: {}
[80.145346] (-) TimerEvent: {}
[80.246887] (-) TimerEvent: {}
[80.348708] (-) TimerEvent: {}
[80.453950] (-) TimerEvent: {}
[80.554974] (-) TimerEvent: {}
[80.656272] (-) TimerEvent: {}
[80.761678] (-) TimerEvent: {}
[80.814960] (workspace_gz) StdoutLine: {'line': b'[ 26%] \x1b[32mBuilding CXX object CMakeFiles/WayfindingScoringPlugin.dir/plugins/WaypointMarkers.cc.o\x1b[0m\n'}
[80.863041] (-) TimerEvent: {}
[80.966833] (-) TimerEvent: {}
[81.071836] (-) TimerEvent: {}
[81.096673] (workspace_gz) StdoutLine: {'line': b'[ 28%] \x1b[32m\x1b[1mLinking CXX shared library libSurface.so\x1b[0m\n'}
[81.179098] (-) TimerEvent: {}
[81.282600] (-) TimerEvent: {}
[81.383137] (-) TimerEvent: {}
[81.485015] (-) TimerEvent: {}
[81.585918] (-) TimerEvent: {}
[81.695719] (-) TimerEvent: {}
[81.797091] (-) TimerEvent: {}
[81.898317] (-) TimerEvent: {}
[82.007674] (-) TimerEvent: {}
[82.108369] (-) TimerEvent: {}
[82.138542] (workspace_gz) StdoutLine: {'line': b'[ 30%] \x1b[32mBuilding CXX object CMakeFiles/PolyhedraBuoyancyDrag.dir/plugins/ShapeVolume.cc.o\x1b[0m\n'}
[82.212245] (-) TimerEvent: {}
[82.313815] (-) TimerEvent: {}
[82.419756] (-) TimerEvent: {}
[82.524151] (-) TimerEvent: {}
[82.529457] (workspace_gz) StdoutLine: {'line': b'[ 32%] \x1b[32mBuilding CXX object CMakeFiles/AcousticPerceptionScoringPlugin.dir/plugins/WaypointMarkers.cc.o\x1b[0m\n'}
[82.624542] (-) TimerEvent: {}
[82.726493] (-) TimerEvent: {}
[82.832391] (-) TimerEvent: {}
[82.934523] (-) TimerEvent: {}
[83.046835] (-) TimerEvent: {}
[83.151316] (-) TimerEvent: {}
[83.256081] (-) TimerEvent: {}
[83.360610] (-) TimerEvent: {}
[83.461561] (-) TimerEvent: {}
[83.510800] (workspace_gz) StdoutLine: {'line': b'[ 32%] Built target Surface\n'}
[83.561985] (-) TimerEvent: {}
[83.664139] (-) TimerEvent: {}
[83.765231] (-) TimerEvent: {}
[83.866520] (-) TimerEvent: {}
[83.968004] (-) TimerEvent: {}
[84.069536] (-) TimerEvent: {}
[84.171579] (-) TimerEvent: {}
[84.272803] (-) TimerEvent: {}
[84.374853] (-) TimerEvent: {}
[84.479768] (-) TimerEvent: {}
[84.580908] (-) TimerEvent: {}
[84.681521] (-) TimerEvent: {}
[84.783630] (-) TimerEvent: {}
[84.887127] (-) TimerEvent: {}
[84.987738] (-) TimerEvent: {}
[85.088623] (-) TimerEvent: {}
[85.189725] (-) TimerEvent: {}
[85.290077] (-) TimerEvent: {}
[85.390700] (-) TimerEvent: {}
[85.492615] (-) TimerEvent: {}
[85.596080] (-) TimerEvent: {}
[85.699880] (-) TimerEvent: {}
[85.801118] (-) TimerEvent: {}
[85.902090] (-) TimerEvent: {}
[86.002878] (-) TimerEvent: {}
[86.103773] (-) TimerEvent: {}
[86.206067] (-) TimerEvent: {}
[86.307803] (-) TimerEvent: {}
[86.410632] (-) TimerEvent: {}
[86.515619] (-) TimerEvent: {}
[86.616274] (-) TimerEvent: {}
[86.716857] (-) TimerEvent: {}
[86.821693] (-) TimerEvent: {}
[86.922992] (-) TimerEvent: {}
[87.024256] (-) TimerEvent: {}
[87.127623] (-) TimerEvent: {}
[87.228664] (-) TimerEvent: {}
[87.329325] (-) TimerEvent: {}
[87.431443] (-) TimerEvent: {}
[87.533928] (-) TimerEvent: {}
[87.638715] (-) TimerEvent: {}
[87.671452] (workspace_gz) StdoutLine: {'line': b'[ 33%] \x1b[32m\x1b[1mLinking CXX shared library libUSVWind.so\x1b[0m\n'}
[87.739348] (-) TimerEvent: {}
[87.839855] (-) TimerEvent: {}
[87.940903] (-) TimerEvent: {}
[88.045442] (-) TimerEvent: {}
[88.146293] (-) TimerEvent: {}
[88.247881] (-) TimerEvent: {}
[88.360313] (-) TimerEvent: {}
[88.464670] (-) TimerEvent: {}
[88.565652] (-) TimerEvent: {}
[88.667474] (-) TimerEvent: {}
[88.770268] (-) TimerEvent: {}
[88.871428] (-) TimerEvent: {}
[88.972707] (-) TimerEvent: {}
[89.074161] (-) TimerEvent: {}
[89.175613] (-) TimerEvent: {}
[89.280128] (-) TimerEvent: {}
[89.381713] (-) TimerEvent: {}
[89.416990] (workspace_gz) StdoutLine: {'line': b'[ 33%] Built target USVWind\n'}
[89.481968] (-) TimerEvent: {}
[89.583010] (-) TimerEvent: {}
[89.683998] (-) TimerEvent: {}
[89.785437] (-) TimerEvent: {}
[89.802454] (workspace_gz) StderrLine: {'line': b'\x1b[01m\x1b[K/home/aliomacc/sti_usv/src/usv_sim/workspace_gz/plugins/ShapeVolume.cc:21:27:\x1b[m\x1b[K \x1b[01;31m\x1b[Kerror: \x1b[m\x1b[K\xe2\x80\x98\x1b[01m\x1b[Kgazebo\x1b[m\x1b[K\xe2\x80\x99 is not a namespace-name\n'}
[89.803504] (workspace_gz) StderrLine: {'line': b'   21 | namespace sim = ignition::\x1b[01;31m\x1b[Kgazebo\x1b[m\x1b[K;\n'}
[89.803787] (workspace_gz) StderrLine: {'line': b'      |                           \x1b[01;31m\x1b[K^~~~~~\x1b[m\x1b[K\n'}
[89.885549] (-) TimerEvent: {}
[89.988513] (-) TimerEvent: {}
[90.089612] (-) TimerEvent: {}
[90.190493] (-) TimerEvent: {}
[90.291125] (-) TimerEvent: {}
[90.392276] (-) TimerEvent: {}
[90.493331] (-) TimerEvent: {}
[90.594171] (-) TimerEvent: {}
[90.694669] (-) TimerEvent: {}
[90.795123] (-) TimerEvent: {}
[90.895886] (-) TimerEvent: {}
[90.996900] (-) TimerEvent: {}
[91.098187] (-) TimerEvent: {}
[91.199387] (-) TimerEvent: {}
[91.300382] (-) TimerEvent: {}
[91.402058] (-) TimerEvent: {}
[91.503458] (-) TimerEvent: {}
[91.605371] (-) TimerEvent: {}
[91.708649] (-) TimerEvent: {}
[91.810014] (-) TimerEvent: {}
[91.911123] (-) TimerEvent: {}
[92.012151] (-) TimerEvent: {}
[92.118505] (-) TimerEvent: {}
[92.219333] (-) TimerEvent: {}
[92.324982] (-) TimerEvent: {}
[92.426052] (-) TimerEvent: {}
[92.468611] (workspace_gz) StderrLine: {'line': b'gmake[2]: *** [CMakeFiles/PolyhedraBuoyancyDrag.dir/build.make:104: CMakeFiles/PolyhedraBuoyancyDrag.dir/plugins/ShapeVolume.cc.o] Error 1\n'}
[92.468907] (workspace_gz) StderrLine: {'line': b'gmake[1]: *** [CMakeFiles/Makefile2:257: CMakeFiles/PolyhedraBuoyancyDrag.dir/all] Error 2\n'}
[92.526151] (-) TimerEvent: {}
[92.627040] (-) TimerEvent: {}
[92.727494] (-) TimerEvent: {}
[92.827883] (-) TimerEvent: {}
[92.928477] (-) TimerEvent: {}
[93.029035] (-) TimerEvent: {}
[93.129751] (-) TimerEvent: {}
[93.230934] (-) TimerEvent: {}
[93.331984] (-) TimerEvent: {}
[93.433481] (-) TimerEvent: {}
[93.534779] (-) TimerEvent: {}
[93.636014] (-) TimerEvent: {}
[93.737328] (-) TimerEvent: {}
[93.838304] (-) TimerEvent: {}
[93.941968] (-) TimerEvent: {}
[94.046659] (-) TimerEvent: {}
[94.147570] (-) TimerEvent: {}
[94.248328] (-) TimerEvent: {}
[94.351383] (-) TimerEvent: {}
[94.453838] (-) TimerEvent: {}
[94.554377] (-) TimerEvent: {}
[94.658506] (-) TimerEvent: {}
[94.759169] (-) TimerEvent: {}
[94.862680] (-) TimerEvent: {}
[94.964091] (-) TimerEvent: {}
[95.065149] (-) TimerEvent: {}
[95.166238] (-) TimerEvent: {}
[95.266939] (-) TimerEvent: {}
[95.367561] (-) TimerEvent: {}
[95.468209] (-) TimerEvent: {}
[95.569006] (-) TimerEvent: {}
[95.670094] (-) TimerEvent: {}
[95.770935] (-) TimerEvent: {}
[95.871786] (-) TimerEvent: {}
[95.972771] (-) TimerEvent: {}
[96.074593] (-) TimerEvent: {}
[96.175996] (-) TimerEvent: {}
[96.277151] (-) TimerEvent: {}
[96.377979] (-) TimerEvent: {}
[96.478503] (-) TimerEvent: {}
[96.579327] (-) TimerEvent: {}
[96.681079] (-) TimerEvent: {}
[96.782213] (-) TimerEvent: {}
[96.882810] (-) TimerEvent: {}
[96.983251] (-) TimerEvent: {}
[97.084119] (-) TimerEvent: {}
[97.185215] (-) TimerEvent: {}
[97.286566] (-) TimerEvent: {}
[97.387746] (-) TimerEvent: {}
[97.488737] (-) TimerEvent: {}
[97.589858] (-) TimerEvent: {}
[97.690982] (-) TimerEvent: {}
[97.791762] (-) TimerEvent: {}
[97.848158] (workspace_gz) StderrLine: {'line': b'\x1b[01m\x1b[K/home/aliomacc/sti_usv/src/usv_sim/workspace_gz/plugins/WaypointMarkers.cc:25:27:\x1b[m\x1b[K \x1b[01;31m\x1b[Kerror: \x1b[m\x1b[K\xe2\x80\x98\x1b[01m\x1b[Kgazebo\x1b[m\x1b[K\xe2\x80\x99 is not a namespace-name\n'}
[97.848462] (workspace_gz) StderrLine: {'line': b'   25 | namespace sim = ignition::\x1b[01;31m\x1b[Kgazebo\x1b[m\x1b[K;\n'}
[97.848582] (workspace_gz) StderrLine: {'line': b'      |                           \x1b[01;31m\x1b[K^~~~~~\x1b[m\x1b[K\n'}
[97.891992] (-) TimerEvent: {}
[97.993066] (-) TimerEvent: {}
[98.095326] (-) TimerEvent: {}
[98.197805] (-) TimerEvent: {}
[98.302551] (-) TimerEvent: {}
[98.403276] (-) TimerEvent: {}
[98.504044] (-) TimerEvent: {}
[98.605439] (-) TimerEvent: {}
[98.706255] (-) TimerEvent: {}
[98.814744] (-) TimerEvent: {}
[98.916773] (-) TimerEvent: {}
[99.020612] (-) TimerEvent: {}
[99.068603] (workspace_gz) StderrLine: {'line': b'\x1b[01m\x1b[K/home/aliomacc/sti_usv/src/usv_sim/workspace_gz/plugins/WaypointMarkers.cc:25:27:\x1b[m\x1b[K \x1b[01;31m\x1b[Kerror: \x1b[m\x1b[K\xe2\x80\x98\x1b[01m\x1b[Kgazebo\x1b[m\x1b[K\xe2\x80\x99 is not a namespace-name\n'}
[99.069877] (workspace_gz) StderrLine: {'line': b'   25 | namespace sim = ignition::\x1b[01;31m\x1b[Kgazebo\x1b[m\x1b[K;\n'}
[99.070342] (workspace_gz) StderrLine: {'line': b'      |                           \x1b[01;31m\x1b[K^~~~~~\x1b[m\x1b[K\n'}
[99.120815] (-) TimerEvent: {}
[99.221693] (-) TimerEvent: {}
[99.322804] (-) TimerEvent: {}
[99.423661] (-) TimerEvent: {}
[99.525304] (-) TimerEvent: {}
[99.626292] (-) TimerEvent: {}
[99.727441] (-) TimerEvent: {}
[99.828536] (-) TimerEvent: {}
[99.929172] (-) TimerEvent: {}
[100.029752] (-) TimerEvent: {}
[100.130365] (-) TimerEvent: {}
[100.231017] (-) TimerEvent: {}
[100.332298] (-) TimerEvent: {}
[100.433487] (-) TimerEvent: {}
[100.534631] (-) TimerEvent: {}
[100.635476] (-) TimerEvent: {}
[100.735969] (-) TimerEvent: {}
[100.837049] (-) TimerEvent: {}
[100.937661] (-) TimerEvent: {}
[101.038113] (-) TimerEvent: {}
[101.138518] (-) TimerEvent: {}
[101.202503] (workspace_gz) StderrLine: {'line': b'gmake[2]: *** [CMakeFiles/WayfindingScoringPlugin.dir/build.make:90: CMakeFiles/WayfindingScoringPlugin.dir/plugins/WaypointMarkers.cc.o] Error 1\n'}
[101.202806] (workspace_gz) StderrLine: {'line': b'gmake[1]: *** [CMakeFiles/Makefile2:392: CMakeFiles/WayfindingScoringPlugin.dir/all] Error 2\n'}
[101.239015] (-) TimerEvent: {}
[101.339997] (-) TimerEvent: {}
[101.440571] (-) TimerEvent: {}
[101.541797] (-) TimerEvent: {}
[101.643187] (-) TimerEvent: {}
[101.743712] (-) TimerEvent: {}
[101.844313] (-) TimerEvent: {}
[101.945208] (-) TimerEvent: {}
[102.046167] (-) TimerEvent: {}
[102.096991] (workspace_gz) StderrLine: {'line': b'gmake[2]: *** [CMakeFiles/AcousticPerceptionScoringPlugin.dir/build.make:90: CMakeFiles/AcousticPerceptionScoringPlugin.dir/plugins/WaypointMarkers.cc.o] Error 1\n'}
[102.097852] (workspace_gz) StderrLine: {'line': b'gmake[1]: *** [CMakeFiles/Makefile2:419: CMakeFiles/AcousticPerceptionScoringPlugin.dir/all] Error 2\n'}
[102.098298] (workspace_gz) StderrLine: {'line': b'gmake: *** [Makefile:146: all] Error 2\n'}
[102.102349] (workspace_gz) CommandEnded: {'returncode': 2}
[102.146231] (-) TimerEvent: {}
[102.147749] (workspace_gz) JobEnded: {'identifier': 'workspace_gz', 'rc': 2}
[102.158954] (-) EventReactorShutdown: {}
