[0.000000] (-) TimerEvent: {}
[0.000430] (workspace_gz) JobQueued: {'identifier': 'workspace_gz', 'dependencies': OrderedDict()}
[0.000464] (workspace_nav) JobQueued: {'identifier': 'workspace_nav', 'dependencies': OrderedDict()}
[0.000485] (workspace_ros) JobQueued: {'identifier': 'workspace_ros', 'dependencies': OrderedDict()}
[0.000503] (workspace_gz) JobStarted: {'identifier': 'workspace_gz'}
[0.011172] (workspace_nav) JobStarted: {'identifier': 'workspace_nav'}
[0.019434] (workspace_ros) JobStarted: {'identifier': 'workspace_ros'}
[0.027659] (workspace_gz) JobProgress: {'identifier': 'workspace_gz', 'progress': 'cmake'}
[0.028382] (workspace_gz) Command: {'cmd': ['/usr/bin/cmake', '/home/aliomacc/sti_usv/src/usv_sim/workspace_gz', '-DAMENT_CMAKE_SYMLINK_INSTALL=1', '-DCMAKE_INSTALL_PREFIX=/home/aliomacc/sti_usv/install/workspace_gz'], 'cwd': '/home/aliomacc/sti_usv/build/workspace_gz', 'env': OrderedDict([('GZ_SIM_SYSTEM_PLUGIN_PATH', '/usr/local/lib:'), ('GJS_DEBUG_TOPICS', 'JS ERROR;JS LOG'), ('LESSOPEN', '| /usr/bin/lesspipe %s'), ('LANGUAGE', 'en_US:en'), ('USER', 'aliomacc'), ('LC_TIME', 'tr_TR.UTF-8'), ('XDG_SESSION_TYPE', 'x11'), ('SHLVL', '1'), ('LD_LIBRARY_PATH', '/usr/local/lib:/home/aliomacc/ros2_ws/install/my_robot_interfaces/lib:/opt/ros/humble/opt/rviz_ogre_vendor/lib:/opt/ros/humble/lib/x86_64-linux-gnu:/opt/ros/humble/lib'), ('HOME', '/home/aliomacc'), ('OLDPWD', '/home/aliomacc/sti_usv'), ('DESKTOP_SESSION', 'ubuntu-xorg'), ('GIO_LAUNCHED_DESKTOP_FILE', '/usr/share/applications/terminator.desktop'), ('ROS_PYTHON_VERSION', '3'), ('GNOME_SHELL_SESSION_MODE', 'ubuntu'), ('GTK_MODULES', 'gail:atk-bridge'), ('LC_MONETARY', 'tr_TR.UTF-8'), ('MANAGERPID', '1103'), ('SYSTEMD_EXEC_PID', '1555'), ('DBUS_SESSION_BUS_ADDRESS', 'unix:path=/run/user/1000/bus'), ('COLORTERM', 'truecolor'), ('TERMINATOR_DBUS_NAME', 'net.tenshu.Terminator21a9d5db22c73a993ff0b42f64b396873'), ('GIO_LAUNCHED_DESKTOP_FILE_PID', '54351'), ('COLCON_PREFIX_PATH', '/home/aliomacc/turtlebot3_ws/install:/home/aliomacc/ros2_ws/install'), ('ROS_DISTRO', 'humble'), ('GTK_IM_MODULE', 'ibus'), ('LOGNAME', 'aliomacc'), ('JOURNAL_STREAM', '8:14713'), ('_', '/usr/bin/colcon'), ('ROS_VERSION', '2'), ('XDG_SESSION_CLASS', 'user'), ('USERNAME', 'aliomacc'), ('TERM', 'xterm-256color'), ('GNOME_DESKTOP_SESSION_ID', 'this-is-deprecated'), ('ROS_LOCALHOST_ONLY', '0'), ('WINDOWPATH', '2'), ('PATH', '/home/aliomacc/ardupilot/Tools/autotest:/home/aliomacc/.local/bin:/opt/ros/humble/bin:/home/aliomacc/.local/bin:/usr/local/sbin:/usr/local/bin:/usr/sbin:/usr/bin:/sbin:/bin:/usr/games:/usr/local/games:/snap/bin:/snap/bin'), ('SESSION_MANAGER', 'local/aliomacc-Nitro-AN515-55:@/tmp/.ICE-unix/1528,unix/aliomacc-Nitro-AN515-55:/tmp/.ICE-unix/1528'), ('INVOCATION_ID', 'a85b44078b7448bc8035591d1102ef05'), ('PAPERSIZE', 'a4'), ('XDG_MENU_PREFIX', 'gnome-'), ('LC_ADDRESS', 'tr_TR.UTF-8'), ('XDG_RUNTIME_DIR', '/run/user/1000'), ('DISPLAY', ':0'), ('TERMINATOR_DBUS_PATH', '/net/tenshu/Terminator2'), ('LANG', 'en_US.UTF-8'), ('XDG_CURRENT_DESKTOP', 'ubuntu:GNOME'), ('IBUS_DISABLE_SNOOPER', '1'), ('LC_TELEPHONE', 'tr_TR.UTF-8'), ('XMODIFIERS', '@im=ibus'), ('XDG_SESSION_DESKTOP', 'ubuntu-xorg'), ('XAUTHORITY', '/run/user/1000/gdm/Xauthority'), ('LS_COLORS', 'rs=0:di=01;34:ln=01;36:mh=00:pi=40;33:so=01;35:do=01;35:bd=40;33;01:cd=40;33;01:or=40;31;01:mi=00:su=37;41:sg=30;43:ca=30;41:tw=30;42:ow=34;42:st=37;44:ex=01;32:*.tar=01;31:*.tgz=01;31:*.arc=01;31:*.arj=01;31:*.taz=01;31:*.lha=01;31:*.lz4=01;31:*.lzh=01;31:*.lzma=01;31:*.tlz=01;31:*.txz=01;31:*.tzo=01;31:*.t7z=01;31:*.zip=01;31:*.z=01;31:*.dz=01;31:*.gz=01;31:*.lrz=01;31:*.lz=01;31:*.lzo=01;31:*.xz=01;31:*.zst=01;31:*.tzst=01;31:*.bz2=01;31:*.bz=01;31:*.tbz=01;31:*.tbz2=01;31:*.tz=01;31:*.deb=01;31:*.rpm=01;31:*.jar=01;31:*.war=01;31:*.ear=01;31:*.sar=01;31:*.rar=01;31:*.alz=01;31:*.ace=01;31:*.zoo=01;31:*.cpio=01;31:*.7z=01;31:*.rz=01;31:*.cab=01;31:*.wim=01;31:*.swm=01;31:*.dwm=01;31:*.esd=01;31:*.jpg=01;35:*.jpeg=01;35:*.mjpg=01;35:*.mjpeg=01;35:*.gif=01;35:*.bmp=01;35:*.pbm=01;35:*.pgm=01;35:*.ppm=01;35:*.tga=01;35:*.xbm=01;35:*.xpm=01;35:*.tif=01;35:*.tiff=01;35:*.png=01;35:*.svg=01;35:*.svgz=01;35:*.mng=01;35:*.pcx=01;35:*.mov=01;35:*.mpg=01;35:*.mpeg=01;35:*.m2v=01;35:*.mkv=01;35:*.webm=01;35:*.webp=01;35:*.ogm=01;35:*.mp4=01;35:*.m4v=01;35:*.mp4v=01;35:*.vob=01;35:*.qt=01;35:*.nuv=01;35:*.wmv=01;35:*.asf=01;35:*.rm=01;35:*.rmvb=01;35:*.flc=01;35:*.avi=01;35:*.fli=01;35:*.flv=01;35:*.gl=01;35:*.dl=01;35:*.xcf=01;35:*.xwd=01;35:*.yuv=01;35:*.cgm=01;35:*.emf=01;35:*.ogv=01;35:*.ogx=01;35:*.aac=00;36:*.au=00;36:*.flac=00;36:*.m4a=00;36:*.mid=00;36:*.midi=00;36:*.mka=00;36:*.mp3=00;36:*.mpc=00;36:*.ogg=00;36:*.ra=00;36:*.wav=00;36:*.oga=00;36:*.opus=00;36:*.spx=00;36:*.xspf=00;36:'), ('SSH_AGENT_LAUNCHER', 'gnome-keyring'), ('SSH_AUTH_SOCK', '/run/user/1000/keyring/ssh'), ('AMENT_PREFIX_PATH', '/home/aliomacc/turtlebot3_ws/install/turtlebot3_simulations:/home/aliomacc/turtlebot3_ws/install/turtlebot3_manipulation_gazebo:/home/aliomacc/turtlebot3_ws/install/turtlebot3_gazebo:/home/aliomacc/turtlebot3_ws/install/turtlebot3_fake_node:/home/aliomacc/ros2_ws/install/actions_py:/home/aliomacc/ros2_ws/install/my_robot_interfaces:/home/aliomacc/ros2_ws/install/my_robot_description:/home/aliomacc/ros2_ws/install/my_robot_bringup:/home/aliomacc/ros2_ws/install/lifecycle_py:/home/aliomacc/ros2_ws/install/lifecycle_cpp:/opt/ros/humble'), ('SHELL', '/bin/bash'), ('IGN_GAZEBO_SYSTEM_PLUGIN_PATH', '/usr/local/lib:'), ('LC_NAME', 'tr_TR.UTF-8'), ('TERMINATOR_UUID', 'urn:uuid:24409570-3bf1-4205-8564-983481cd0e08'), ('QT_ACCESSIBILITY', '1'), ('GDMSESSION', 'ubuntu-xorg'), ('LESSCLOSE', '/usr/bin/lesspipe %s %s'), ('LC_MEASUREMENT', 'tr_TR.UTF-8'), ('GPG_AGENT_INFO', '/run/user/1000/gnupg/S.gpg-agent:0:1'), ('GJS_DEBUG_OUTPUT', 'stderr'), ('LC_IDENTIFICATION', 'tr_TR.UTF-8'), ('QT_IM_MODULE', 'ibus'), ('PWD', '/home/aliomacc/sti_usv/build/workspace_gz'), ('TURTLEBOT3_MODEL', 'waffle'), ('XDG_CONFIG_DIRS', '/etc/xdg/xdg-ubuntu-xorg:/etc/xdg'), ('XDG_DATA_DIRS', '/usr/share/ubuntu-xorg:/usr/share/gnome:/home/aliomacc/.local/share/flatpak/exports/share:/var/lib/flatpak/exports/share:/usr/local/share/:/usr/share/:/var/lib/snapd/desktop'), ('PYTHONPATH', '/home/aliomacc/ros2_ws/install/actions_py/lib/python3.10/site-packages:/home/aliomacc/ros2_ws/install/my_robot_interfaces/local/lib/python3.10/dist-packages:/home/aliomacc/ros2_ws/install/lifecycle_py/lib/python3.10/site-packages:/opt/ros/humble/lib/python3.10/site-packages:/opt/ros/humble/local/lib/python3.10/dist-packages'), ('LC_NUMERIC', 'tr_TR.UTF-8'), ('LC_PAPER', 'tr_TR.UTF-8'), ('COLCON', '1'), ('VTE_VERSION', '6800'), ('CMAKE_PREFIX_PATH', '/home/aliomacc/turtlebot3_ws/install/turtlebot3_simulations:/home/aliomacc/turtlebot3_ws/install/turtlebot3_manipulation_gazebo:/home/aliomacc/turtlebot3_ws/install/turtlebot3_gazebo:/home/aliomacc/turtlebot3_ws/install/turtlebot3_fake_node:/home/aliomacc/ros2_ws/install/my_robot_interfaces:/home/aliomacc/ros2_ws/install/my_robot_description:/home/aliomacc/ros2_ws/install/my_robot_bringup:/home/aliomacc/ros2_ws/install/lifecycle_cpp:/home/aliomacc/ros2_ws/install/actions_py:/home/aliomacc/ros2_ws/install/lifecycle_py:/opt/ros/humble')]), 'shell': False}
[0.099791] (-) TimerEvent: {}
[0.200181] (-) TimerEvent: {}
[0.300468] (-) TimerEvent: {}
[0.400885] (-) TimerEvent: {}
[0.450862] (workspace_gz) StdoutLine: {'line': b'-- The C compiler identification is GNU 11.4.0\n'}
[0.451202] (workspace_gz) StdoutLine: {'line': b'-- The CXX compiler identification is GNU 11.4.0\n'}
[0.451303] (workspace_gz) StdoutLine: {'line': b'-- Detecting C compiler ABI info\n'}
[0.451385] (workspace_gz) StdoutLine: {'line': b'-- Detecting C compiler ABI info - done\n'}
[0.451462] (workspace_gz) StdoutLine: {'line': b'-- Check for working C compiler: /usr/bin/cc - skipped\n'}
[0.451539] (workspace_gz) StdoutLine: {'line': b'-- Detecting C compile features\n'}
[0.451632] (workspace_gz) StdoutLine: {'line': b'-- Detecting C compile features - done\n'}
[0.451955] (workspace_gz) StdoutLine: {'line': b'-- Detecting CXX compiler ABI info\n'}
[0.460981] (workspace_gz) StdoutLine: {'line': b'-- Detecting CXX compiler ABI info - done\n'}
[0.472025] (workspace_gz) StdoutLine: {'line': b'-- Check for working CXX compiler: /usr/bin/c++ - skipped\n'}
[0.472303] (workspace_gz) StdoutLine: {'line': b'-- Detecting CXX compile features\n'}
[0.472827] (workspace_gz) StdoutLine: {'line': b'-- Detecting CXX compile features - done\n'}
[0.487055] (workspace_gz) StdoutLine: {'line': b'-- Found ament_cmake: 1.3.14 (/opt/ros/humble/share/ament_cmake/cmake)\n'}
[0.500969] (-) TimerEvent: {}
[0.601240] (-) TimerEvent: {}
[0.688425] (workspace_gz) StdoutLine: {'line': b'-- Found Python3: /usr/bin/python3 (found version "3.10.12") found components: Interpreter \n'}
[0.701324] (-) TimerEvent: {}
[0.782131] (workspace_gz) StdoutLine: {'line': b'-- Override CMake install command with custom implementation using symlinks instead of copying resources\n'}
[0.801485] (-) TimerEvent: {}
[0.849376] (workspace_gz) StdoutLine: {'line': b'-- Looking for ignition-gazebo6 -- found version 6.17.1\n'}
[0.864007] (workspace_gz) StdoutLine: {'line': b'-- Searching for dependencies of ignition-gazebo6\n'}
[0.871011] (workspace_gz) StdoutLine: {'line': b'-- Looking for sdformat12 -- found version 12.9.0\n'}
[0.871761] (workspace_gz) StdoutLine: {'line': b'-- Searching for dependencies of sdformat12\n'}
[0.880281] (workspace_gz) StdoutLine: {'line': b"-- Checking for module 'tinyxml2'\n"}
[0.895643] (workspace_gz) StdoutLine: {'line': b'--   Found tinyxml2, version 9.0.0\n'}
[0.901576] (-) TimerEvent: {}
[0.950999] (workspace_gz) StdoutLine: {'line': b'-- Looking for ignition-math6 -- found version 6.15.1\n'}
[0.951262] (workspace_gz) StdoutLine: {'line': b'-- Searching for dependencies of ignition-math6\n'}
[0.957807] (workspace_gz) StdoutLine: {'line': b'-- Looking for ignition-utils1 -- found version 1.5.1\n'}
[0.958269] (workspace_gz) StdoutLine: {'line': b'-- Searching for dependencies of ignition-utils1\n'}
[0.965578] (workspace_gz) StdoutLine: {'line': b'-- Looking for ignition-plugin1 -- found version 1.4.0\n'}
[0.966118] (workspace_gz) StdoutLine: {'line': b'-- Searching for dependencies of ignition-plugin1\n'}
[0.967120] (workspace_gz) StdoutLine: {'line': b'-- Searching for <ignition-plugin1> component [loader]\n'}
[0.971175] (workspace_gz) StdoutLine: {'line': b'-- Looking for ignition-plugin1-loader -- found version 1.4.0\n'}
[0.971728] (workspace_gz) StdoutLine: {'line': b'-- Searching for dependencies of ignition-plugin1-loader\n'}
[0.972455] (workspace_gz) StdoutLine: {'line': b'-- Searching for <ignition-plugin1> component [register]\n'}
[0.976919] (workspace_gz) StdoutLine: {'line': b'-- Looking for ignition-plugin1-register -- found version 1.4.0\n'}
[0.977429] (workspace_gz) StdoutLine: {'line': b'-- Searching for dependencies of ignition-plugin1-register\n'}
[0.983105] (workspace_gz) StdoutLine: {'line': b'-- Looking for ignition-transport11 -- found version 11.4.2\n'}
[0.983551] (workspace_gz) StdoutLine: {'line': b'-- Searching for dependencies of ignition-transport11\n'}
[1.001670] (-) TimerEvent: {}
[1.102087] (-) TimerEvent: {}
[1.202440] (-) TimerEvent: {}
[1.221037] (workspace_gz) StdoutLine: {'line': b'-- Found Protobuf: /usr/lib/x86_64-linux-gnu/libprotobuf.so (found version "3.12.4") \n'}
[1.244750] (workspace_gz) StdoutLine: {'line': b'-- Config-file not installed for ZeroMQ -- checking for pkg-config\n'}
[1.251721] (workspace_gz) StdoutLine: {'line': b"-- Checking for module 'libzmq >= 4'\n"}
[1.273169] (workspace_gz) StdoutLine: {'line': b'--   Found libzmq , version 4.3.4\n'}
[1.302686] (-) TimerEvent: {}
[1.330939] (workspace_gz) StdoutLine: {'line': b'-- Found ZeroMQ: TRUE (Required is at least version "4") \n'}
[1.343634] (workspace_gz) StdoutLine: {'line': b"-- Checking for module 'uuid'\n"}
[1.364083] (workspace_gz) StdoutLine: {'line': b'--   Found uuid, version 2.37.2\n'}
[1.402747] (-) TimerEvent: {}
[1.405948] (workspace_gz) StdoutLine: {'line': b'-- Found UUID: TRUE  \n'}
[1.406452] (workspace_gz) StdoutLine: {'line': b'-- Looking for ignition-utils1 -- found version 1.5.1\n'}
[1.406979] (workspace_gz) StdoutLine: {'line': b'-- Searching for dependencies of ignition-utils1\n'}
[1.407138] (workspace_gz) StdoutLine: {'line': b'-- Searching for <ignition-utils1> component [cli]\n'}
[1.411615] (workspace_gz) StdoutLine: {'line': b'-- Looking for ignition-utils1-cli -- found version 1.5.1\n'}
[1.412305] (workspace_gz) StdoutLine: {'line': b'-- Searching for dependencies of ignition-utils1-cli\n'}
[1.418522] (workspace_gz) StdoutLine: {'line': b'-- Looking for ignition-msgs8 -- found version 8.7.0\n'}
[1.419108] (workspace_gz) StdoutLine: {'line': b'-- Searching for dependencies of ignition-msgs8\n'}
[1.442449] (workspace_gz) StdoutLine: {'line': b'-- Found Protobuf: /usr/lib/x86_64-linux-gnu/libprotobuf.so (found suitable version "3.12.4", minimum required is "3") \n'}
[1.443424] (workspace_gz) StdoutLine: {'line': b'-- Looking for ignition-math6 -- found version 6.15.1\n'}
[1.459550] (workspace_gz) StdoutLine: {'line': b'-- Searching for <ignition-transport11> component [log]\n'}
[1.465956] (workspace_gz) StdoutLine: {'line': b'-- Looking for ignition-transport11-log -- found version 11.4.2\n'}
[1.466899] (workspace_gz) StdoutLine: {'line': b'-- Searching for dependencies of ignition-transport11-log\n'}
[1.467887] (workspace_gz) StdoutLine: {'line': b'-- Searching for <ignition-transport11> component [parameters]\n'}
[1.472252] (workspace_gz) StdoutLine: {'line': b'-- Looking for ignition-transport11-parameters -- found version 11.4.2\n'}
[1.472980] (workspace_gz) StdoutLine: {'line': b'-- Searching for dependencies of ignition-transport11-parameters\n'}
[1.475190] (workspace_gz) StdoutLine: {'line': b'-- Looking for ignition-msgs8 -- found version 8.7.0\n'}
[1.481219] (workspace_gz) StdoutLine: {'line': b'-- Looking for ignition-common4 -- found version 4.8.0\n'}
[1.481932] (workspace_gz) StdoutLine: {'line': b'-- Searching for dependencies of ignition-common4\n'}
[1.482638] (workspace_gz) StdoutLine: {'line': b'-- Looking for dlfcn.h - found\n'}
[1.484829] (workspace_gz) StdoutLine: {'line': b'-- Looking for libdl - found\n'}
[1.486274] (workspace_gz) StdoutLine: {'line': b'-- Found DL: TRUE  \n'}
[1.499766] (workspace_gz) StdoutLine: {'line': b'-- Searching for <ignition-common4> component [profiler]\n'}
[1.502972] (-) TimerEvent: {}
[1.506334] (workspace_gz) StdoutLine: {'line': b'-- Looking for ignition-common4-profiler -- found version 4.8.0\n'}
[1.507324] (workspace_gz) StdoutLine: {'line': b'-- Searching for dependencies of ignition-common4-profiler\n'}
[1.508796] (workspace_gz) StdoutLine: {'line': b'-- Searching for <ignition-common4> component [events]\n'}
[1.515847] (workspace_gz) StdoutLine: {'line': b'-- Looking for ignition-common4-events -- found version 4.8.0\n'}
[1.516832] (workspace_gz) StdoutLine: {'line': b'-- Searching for dependencies of ignition-common4-events\n'}
[1.517538] (workspace_gz) StdoutLine: {'line': b'-- Looking for ignition-math6 -- found version 6.15.1\n'}
[1.519155] (workspace_gz) StdoutLine: {'line': b'-- Searching for <ignition-common4> component [av]\n'}
[1.526288] (workspace_gz) StdoutLine: {'line': b'-- Looking for ignition-common4-av -- found version 4.8.0\n'}
[1.526959] (workspace_gz) StdoutLine: {'line': b'-- Searching for dependencies of ignition-common4-av\n'}
[1.537092] (workspace_gz) StdoutLine: {'line': b"-- Checking for module 'libswscale'\n"}
[1.563690] (workspace_gz) StdoutLine: {'line': b'--   Found libswscale, version 5.9.100\n'}
[1.578641] (workspace_ros) Command: {'cmd': ['/usr/bin/python3', '-W', 'ignore:setup.py install is deprecated', '-W', 'ignore:easy_install command is deprecated', 'setup.py', 'develop', '--editable', '--build-directory', '/home/aliomacc/sti_usv/build/workspace_ros/build', '--no-deps', 'symlink_data'], 'cwd': '/home/aliomacc/sti_usv/build/workspace_ros', 'env': {'GZ_SIM_SYSTEM_PLUGIN_PATH': '/usr/local/lib:', 'GJS_DEBUG_TOPICS': 'JS ERROR;JS LOG', 'LESSOPEN': '| /usr/bin/lesspipe %s', 'LANGUAGE': 'en_US:en', 'USER': 'aliomacc', 'LC_TIME': 'tr_TR.UTF-8', 'XDG_SESSION_TYPE': 'x11', 'SHLVL': '1', 'LD_LIBRARY_PATH': '/usr/local/lib:/home/aliomacc/ros2_ws/install/my_robot_interfaces/lib:/opt/ros/humble/opt/rviz_ogre_vendor/lib:/opt/ros/humble/lib/x86_64-linux-gnu:/opt/ros/humble/lib', 'HOME': '/home/aliomacc', 'OLDPWD': '/home/aliomacc/sti_usv', 'DESKTOP_SESSION': 'ubuntu-xorg', 'GIO_LAUNCHED_DESKTOP_FILE': '/usr/share/applications/terminator.desktop', 'ROS_PYTHON_VERSION': '3', 'GNOME_SHELL_SESSION_MODE': 'ubuntu', 'GTK_MODULES': 'gail:atk-bridge', 'LC_MONETARY': 'tr_TR.UTF-8', 'MANAGERPID': '1103', 'SYSTEMD_EXEC_PID': '1555', 'DBUS_SESSION_BUS_ADDRESS': 'unix:path=/run/user/1000/bus', 'COLORTERM': 'truecolor', 'TERMINATOR_DBUS_NAME': 'net.tenshu.Terminator21a9d5db22c73a993ff0b42f64b396873', 'GIO_LAUNCHED_DESKTOP_FILE_PID': '54351', 'COLCON_PREFIX_PATH': '/home/aliomacc/turtlebot3_ws/install:/home/aliomacc/ros2_ws/install', 'ROS_DISTRO': 'humble', 'GTK_IM_MODULE': 'ibus', 'LOGNAME': 'aliomacc', 'JOURNAL_STREAM': '8:14713', '_': '/usr/bin/colcon', 'ROS_VERSION': '2', 'XDG_SESSION_CLASS': 'user', 'USERNAME': 'aliomacc', 'TERM': 'xterm-256color', 'GNOME_DESKTOP_SESSION_ID': 'this-is-deprecated', 'ROS_LOCALHOST_ONLY': '0', 'WINDOWPATH': '2', 'PATH': '/home/aliomacc/ardupilot/Tools/autotest:/home/aliomacc/.local/bin:/opt/ros/humble/bin:/home/aliomacc/.local/bin:/usr/local/sbin:/usr/local/bin:/usr/sbin:/usr/bin:/sbin:/bin:/usr/games:/usr/local/games:/snap/bin:/snap/bin', 'SESSION_MANAGER': 'local/aliomacc-Nitro-AN515-55:@/tmp/.ICE-unix/1528,unix/aliomacc-Nitro-AN515-55:/tmp/.ICE-unix/1528', 'INVOCATION_ID': 'a85b44078b7448bc8035591d1102ef05', 'PAPERSIZE': 'a4', 'XDG_MENU_PREFIX': 'gnome-', 'LC_ADDRESS': 'tr_TR.UTF-8', 'XDG_RUNTIME_DIR': '/run/user/1000', 'DISPLAY': ':0', 'TERMINATOR_DBUS_PATH': '/net/tenshu/Terminator2', 'LANG': 'en_US.UTF-8', 'XDG_CURRENT_DESKTOP': 'ubuntu:GNOME', 'IBUS_DISABLE_SNOOPER': '1', 'LC_TELEPHONE': 'tr_TR.UTF-8', 'XMODIFIERS': '@im=ibus', 'XDG_SESSION_DESKTOP': 'ubuntu-xorg', 'XAUTHORITY': '/run/user/1000/gdm/Xauthority', 'LS_COLORS': 'rs=0:di=01;34:ln=01;36:mh=00:pi=40;33:so=01;35:do=01;35:bd=40;33;01:cd=40;33;01:or=40;31;01:mi=00:su=37;41:sg=30;43:ca=30;41:tw=30;42:ow=34;42:st=37;44:ex=01;32:*.tar=01;31:*.tgz=01;31:*.arc=01;31:*.arj=01;31:*.taz=01;31:*.lha=01;31:*.lz4=01;31:*.lzh=01;31:*.lzma=01;31:*.tlz=01;31:*.txz=01;31:*.tzo=01;31:*.t7z=01;31:*.zip=01;31:*.z=01;31:*.dz=01;31:*.gz=01;31:*.lrz=01;31:*.lz=01;31:*.lzo=01;31:*.xz=01;31:*.zst=01;31:*.tzst=01;31:*.bz2=01;31:*.bz=01;31:*.tbz=01;31:*.tbz2=01;31:*.tz=01;31:*.deb=01;31:*.rpm=01;31:*.jar=01;31:*.war=01;31:*.ear=01;31:*.sar=01;31:*.rar=01;31:*.alz=01;31:*.ace=01;31:*.zoo=01;31:*.cpio=01;31:*.7z=01;31:*.rz=01;31:*.cab=01;31:*.wim=01;31:*.swm=01;31:*.dwm=01;31:*.esd=01;31:*.jpg=01;35:*.jpeg=01;35:*.mjpg=01;35:*.mjpeg=01;35:*.gif=01;35:*.bmp=01;35:*.pbm=01;35:*.pgm=01;35:*.ppm=01;35:*.tga=01;35:*.xbm=01;35:*.xpm=01;35:*.tif=01;35:*.tiff=01;35:*.png=01;35:*.svg=01;35:*.svgz=01;35:*.mng=01;35:*.pcx=01;35:*.mov=01;35:*.mpg=01;35:*.mpeg=01;35:*.m2v=01;35:*.mkv=01;35:*.webm=01;35:*.webp=01;35:*.ogm=01;35:*.mp4=01;35:*.m4v=01;35:*.mp4v=01;35:*.vob=01;35:*.qt=01;35:*.nuv=01;35:*.wmv=01;35:*.asf=01;35:*.rm=01;35:*.rmvb=01;35:*.flc=01;35:*.avi=01;35:*.fli=01;35:*.flv=01;35:*.gl=01;35:*.dl=01;35:*.xcf=01;35:*.xwd=01;35:*.yuv=01;35:*.cgm=01;35:*.emf=01;35:*.ogv=01;35:*.ogx=01;35:*.aac=00;36:*.au=00;36:*.flac=00;36:*.m4a=00;36:*.mid=00;36:*.midi=00;36:*.mka=00;36:*.mp3=00;36:*.mpc=00;36:*.ogg=00;36:*.ra=00;36:*.wav=00;36:*.oga=00;36:*.opus=00;36:*.spx=00;36:*.xspf=00;36:', 'SSH_AGENT_LAUNCHER': 'gnome-keyring', 'SSH_AUTH_SOCK': '/run/user/1000/keyring/ssh', 'AMENT_PREFIX_PATH': '/home/aliomacc/turtlebot3_ws/install/turtlebot3_simulations:/home/aliomacc/turtlebot3_ws/install/turtlebot3_manipulation_gazebo:/home/aliomacc/turtlebot3_ws/install/turtlebot3_gazebo:/home/aliomacc/turtlebot3_ws/install/turtlebot3_fake_node:/home/aliomacc/ros2_ws/install/actions_py:/home/aliomacc/ros2_ws/install/my_robot_interfaces:/home/aliomacc/ros2_ws/install/my_robot_description:/home/aliomacc/ros2_ws/install/my_robot_bringup:/home/aliomacc/ros2_ws/install/lifecycle_py:/home/aliomacc/ros2_ws/install/lifecycle_cpp:/opt/ros/humble', 'SHELL': '/bin/bash', 'IGN_GAZEBO_SYSTEM_PLUGIN_PATH': '/usr/local/lib:', 'LC_NAME': 'tr_TR.UTF-8', 'TERMINATOR_UUID': 'urn:uuid:24409570-3bf1-4205-8564-983481cd0e08', 'QT_ACCESSIBILITY': '1', 'GDMSESSION': 'ubuntu-xorg', 'LESSCLOSE': '/usr/bin/lesspipe %s %s', 'LC_MEASUREMENT': 'tr_TR.UTF-8', 'GPG_AGENT_INFO': '/run/user/1000/gnupg/S.gpg-agent:0:1', 'GJS_DEBUG_OUTPUT': 'stderr', 'LC_IDENTIFICATION': 'tr_TR.UTF-8', 'QT_IM_MODULE': 'ibus', 'PWD': '/home/aliomacc/sti_usv/build/workspace_ros', 'TURTLEBOT3_MODEL': 'waffle', 'XDG_CONFIG_DIRS': '/etc/xdg/xdg-ubuntu-xorg:/etc/xdg', 'XDG_DATA_DIRS': '/usr/share/ubuntu-xorg:/usr/share/gnome:/home/aliomacc/.local/share/flatpak/exports/share:/var/lib/flatpak/exports/share:/usr/local/share/:/usr/share/:/var/lib/snapd/desktop', 'PYTHONPATH': '/home/aliomacc/sti_usv/build/workspace_ros/prefix_override:/usr/lib/python3/dist-packages/colcon_core/task/python/colcon_distutils_commands:/home/aliomacc/sti_usv/install/workspace_ros/lib/python3.10/site-packages:/home/aliomacc/ros2_ws/install/actions_py/lib/python3.10/site-packages:/home/aliomacc/ros2_ws/install/my_robot_interfaces/local/lib/python3.10/dist-packages:/home/aliomacc/ros2_ws/install/lifecycle_py/lib/python3.10/site-packages:/opt/ros/humble/lib/python3.10/site-packages:/opt/ros/humble/local/lib/python3.10/dist-packages', 'LC_NUMERIC': 'tr_TR.UTF-8', 'LC_PAPER': 'tr_TR.UTF-8', 'COLCON': '1', 'VTE_VERSION': '6800', 'CMAKE_PREFIX_PATH': '/home/aliomacc/turtlebot3_ws/install/turtlebot3_simulations:/home/aliomacc/turtlebot3_ws/install/turtlebot3_manipulation_gazebo:/home/aliomacc/turtlebot3_ws/install/turtlebot3_gazebo:/home/aliomacc/turtlebot3_ws/install/turtlebot3_fake_node:/home/aliomacc/ros2_ws/install/my_robot_interfaces:/home/aliomacc/ros2_ws/install/my_robot_description:/home/aliomacc/ros2_ws/install/my_robot_bringup:/home/aliomacc/ros2_ws/install/lifecycle_cpp'}, 'shell': False}
[1.600553] (workspace_nav) Command: {'cmd': ['/usr/bin/python3', '-W', 'ignore:setup.py install is deprecated', '-W', 'ignore:easy_install command is deprecated', 'setup.py', 'develop', '--editable', '--build-directory', '/home/aliomacc/sti_usv/build/workspace_nav/build', '--no-deps', 'symlink_data'], 'cwd': '/home/aliomacc/sti_usv/build/workspace_nav', 'env': {'GZ_SIM_SYSTEM_PLUGIN_PATH': '/usr/local/lib:', 'GJS_DEBUG_TOPICS': 'JS ERROR;JS LOG', 'LESSOPEN': '| /usr/bin/lesspipe %s', 'LANGUAGE': 'en_US:en', 'USER': 'aliomacc', 'LC_TIME': 'tr_TR.UTF-8', 'XDG_SESSION_TYPE': 'x11', 'SHLVL': '1', 'LD_LIBRARY_PATH': '/usr/local/lib:/home/aliomacc/ros2_ws/install/my_robot_interfaces/lib:/opt/ros/humble/opt/rviz_ogre_vendor/lib:/opt/ros/humble/lib/x86_64-linux-gnu:/opt/ros/humble/lib', 'HOME': '/home/aliomacc', 'OLDPWD': '/home/aliomacc/sti_usv', 'DESKTOP_SESSION': 'ubuntu-xorg', 'GIO_LAUNCHED_DESKTOP_FILE': '/usr/share/applications/terminator.desktop', 'ROS_PYTHON_VERSION': '3', 'GNOME_SHELL_SESSION_MODE': 'ubuntu', 'GTK_MODULES': 'gail:atk-bridge', 'LC_MONETARY': 'tr_TR.UTF-8', 'MANAGERPID': '1103', 'SYSTEMD_EXEC_PID': '1555', 'DBUS_SESSION_BUS_ADDRESS': 'unix:path=/run/user/1000/bus', 'COLORTERM': 'truecolor', 'TERMINATOR_DBUS_NAME': 'net.tenshu.Terminator21a9d5db22c73a993ff0b42f64b396873', 'GIO_LAUNCHED_DESKTOP_FILE_PID': '54351', 'COLCON_PREFIX_PATH': '/home/aliomacc/turtlebot3_ws/install:/home/aliomacc/ros2_ws/install', 'ROS_DISTRO': 'humble', 'GTK_IM_MODULE': 'ibus', 'LOGNAME': 'aliomacc', 'JOURNAL_STREAM': '8:14713', '_': '/usr/bin/colcon', 'ROS_VERSION': '2', 'XDG_SESSION_CLASS': 'user', 'USERNAME': 'aliomacc', 'TERM': 'xterm-256color', 'GNOME_DESKTOP_SESSION_ID': 'this-is-deprecated', 'ROS_LOCALHOST_ONLY': '0', 'WINDOWPATH': '2', 'PATH': '/home/aliomacc/ardupilot/Tools/autotest:/home/aliomacc/.local/bin:/opt/ros/humble/bin:/home/aliomacc/.local/bin:/usr/local/sbin:/usr/local/bin:/usr/sbin:/usr/bin:/sbin:/bin:/usr/games:/usr/local/games:/snap/bin:/snap/bin', 'SESSION_MANAGER': 'local/aliomacc-Nitro-AN515-55:@/tmp/.ICE-unix/1528,unix/aliomacc-Nitro-AN515-55:/tmp/.ICE-unix/1528', 'INVOCATION_ID': 'a85b44078b7448bc8035591d1102ef05', 'PAPERSIZE': 'a4', 'XDG_MENU_PREFIX': 'gnome-', 'LC_ADDRESS': 'tr_TR.UTF-8', 'XDG_RUNTIME_DIR': '/run/user/1000', 'DISPLAY': ':0', 'TERMINATOR_DBUS_PATH': '/net/tenshu/Terminator2', 'LANG': 'en_US.UTF-8', 'XDG_CURRENT_DESKTOP': 'ubuntu:GNOME', 'IBUS_DISABLE_SNOOPER': '1', 'LC_TELEPHONE': 'tr_TR.UTF-8', 'XMODIFIERS': '@im=ibus', 'XDG_SESSION_DESKTOP': 'ubuntu-xorg', 'XAUTHORITY': '/run/user/1000/gdm/Xauthority', 'LS_COLORS': 'rs=0:di=01;34:ln=01;36:mh=00:pi=40;33:so=01;35:do=01;35:bd=40;33;01:cd=40;33;01:or=40;31;01:mi=00:su=37;41:sg=30;43:ca=30;41:tw=30;42:ow=34;42:st=37;44:ex=01;32:*.tar=01;31:*.tgz=01;31:*.arc=01;31:*.arj=01;31:*.taz=01;31:*.lha=01;31:*.lz4=01;31:*.lzh=01;31:*.lzma=01;31:*.tlz=01;31:*.txz=01;31:*.tzo=01;31:*.t7z=01;31:*.zip=01;31:*.z=01;31:*.dz=01;31:*.gz=01;31:*.lrz=01;31:*.lz=01;31:*.lzo=01;31:*.xz=01;31:*.zst=01;31:*.tzst=01;31:*.bz2=01;31:*.bz=01;31:*.tbz=01;31:*.tbz2=01;31:*.tz=01;31:*.deb=01;31:*.rpm=01;31:*.jar=01;31:*.war=01;31:*.ear=01;31:*.sar=01;31:*.rar=01;31:*.alz=01;31:*.ace=01;31:*.zoo=01;31:*.cpio=01;31:*.7z=01;31:*.rz=01;31:*.cab=01;31:*.wim=01;31:*.swm=01;31:*.dwm=01;31:*.esd=01;31:*.jpg=01;35:*.jpeg=01;35:*.mjpg=01;35:*.mjpeg=01;35:*.gif=01;35:*.bmp=01;35:*.pbm=01;35:*.pgm=01;35:*.ppm=01;35:*.tga=01;35:*.xbm=01;35:*.xpm=01;35:*.tif=01;35:*.tiff=01;35:*.png=01;35:*.svg=01;35:*.svgz=01;35:*.mng=01;35:*.pcx=01;35:*.mov=01;35:*.mpg=01;35:*.mpeg=01;35:*.m2v=01;35:*.mkv=01;35:*.webm=01;35:*.webp=01;35:*.ogm=01;35:*.mp4=01;35:*.m4v=01;35:*.mp4v=01;35:*.vob=01;35:*.qt=01;35:*.nuv=01;35:*.wmv=01;35:*.asf=01;35:*.rm=01;35:*.rmvb=01;35:*.flc=01;35:*.avi=01;35:*.fli=01;35:*.flv=01;35:*.gl=01;35:*.dl=01;35:*.xcf=01;35:*.xwd=01;35:*.yuv=01;35:*.cgm=01;35:*.emf=01;35:*.ogv=01;35:*.ogx=01;35:*.aac=00;36:*.au=00;36:*.flac=00;36:*.m4a=00;36:*.mid=00;36:*.midi=00;36:*.mka=00;36:*.mp3=00;36:*.mpc=00;36:*.ogg=00;36:*.ra=00;36:*.wav=00;36:*.oga=00;36:*.opus=00;36:*.spx=00;36:*.xspf=00;36:', 'SSH_AGENT_LAUNCHER': 'gnome-keyring', 'SSH_AUTH_SOCK': '/run/user/1000/keyring/ssh', 'AMENT_PREFIX_PATH': '/home/aliomacc/turtlebot3_ws/install/turtlebot3_simulations:/home/aliomacc/turtlebot3_ws/install/turtlebot3_manipulation_gazebo:/home/aliomacc/turtlebot3_ws/install/turtlebot3_gazebo:/home/aliomacc/turtlebot3_ws/install/turtlebot3_fake_node:/home/aliomacc/ros2_ws/install/actions_py:/home/aliomacc/ros2_ws/install/my_robot_interfaces:/home/aliomacc/ros2_ws/install/my_robot_description:/home/aliomacc/ros2_ws/install/my_robot_bringup:/home/aliomacc/ros2_ws/install/lifecycle_py:/home/aliomacc/ros2_ws/install/lifecycle_cpp:/opt/ros/humble', 'SHELL': '/bin/bash', 'IGN_GAZEBO_SYSTEM_PLUGIN_PATH': '/usr/local/lib:', 'LC_NAME': 'tr_TR.UTF-8', 'TERMINATOR_UUID': 'urn:uuid:24409570-3bf1-4205-8564-983481cd0e08', 'QT_ACCESSIBILITY': '1', 'GDMSESSION': 'ubuntu-xorg', 'LESSCLOSE': '/usr/bin/lesspipe %s %s', 'LC_MEASUREMENT': 'tr_TR.UTF-8', 'GPG_AGENT_INFO': '/run/user/1000/gnupg/S.gpg-agent:0:1', 'GJS_DEBUG_OUTPUT': 'stderr', 'LC_IDENTIFICATION': 'tr_TR.UTF-8', 'QT_IM_MODULE': 'ibus', 'PWD': '/home/aliomacc/sti_usv/build/workspace_nav', 'TURTLEBOT3_MODEL': 'waffle', 'XDG_CONFIG_DIRS': '/etc/xdg/xdg-ubuntu-xorg:/etc/xdg', 'XDG_DATA_DIRS': '/usr/share/ubuntu-xorg:/usr/share/gnome:/home/aliomacc/.local/share/flatpak/exports/share:/var/lib/flatpak/exports/share:/usr/local/share/:/usr/share/:/var/lib/snapd/desktop', 'PYTHONPATH': '/home/aliomacc/sti_usv/build/workspace_nav/prefix_override:/usr/lib/python3/dist-packages/colcon_core/task/python/colcon_distutils_commands:/home/aliomacc/sti_usv/install/workspace_nav/lib/python3.10/site-packages:/home/aliomacc/ros2_ws/install/actions_py/lib/python3.10/site-packages:/home/aliomacc/ros2_ws/install/my_robot_interfaces/local/lib/python3.10/dist-packages:/home/aliomacc/ros2_ws/install/lifecycle_py/lib/python3.10/site-packages:/opt/ros/humble/lib/python3.10/site-packages:/opt/ros/humble/local/lib/python3.10/dist-packages', 'LC_NUMERIC': 'tr_TR.UTF-8', 'LC_PAPER': 'tr_TR.UTF-8', 'COLCON': '1', 'VTE_VERSION': '6800', 'CMAKE_PREFIX_PATH': '/home/aliomacc/turtlebot3_ws/install/turtlebot3_simulations:/home/aliomacc/turtlebot3_ws/install/turtlebot3_manipulation_gazebo:/home/aliomacc/turtlebot3_ws/install/turtlebot3_gazebo:/home/aliomacc/turtlebot3_ws/install/turtlebot3_fake_node:/home/aliomacc/ros2_ws/install/my_robot_interfaces:/home/aliomacc/ros2_ws/install/my_robot_description:/home/aliomacc/ros2_ws/install/my_robot_bringup:/home/aliomacc/ros2_ws/install/lifecycle_cpp'}, 'shell': False}
[1.603987] (-) TimerEvent: {}
[1.627181] (workspace_gz) StdoutLine: {'line': b'-- Found SWSCALE: TRUE  \n'}
[1.636961] (workspace_gz) StdoutLine: {'line': b"-- Checking for module 'libavdevice >= 56.4.100'\n"}
[1.672753] (workspace_gz) StdoutLine: {'line': b'--   Found libavdevice , version 58.13.100\n'}
[1.704124] (-) TimerEvent: {}
[1.732674] (workspace_gz) StdoutLine: {'line': b'-- Found AVDEVICE: TRUE (Required is at least version "56.4.100") \n'}
[1.740630] (workspace_gz) StdoutLine: {'line': b"-- Checking for module 'libavformat'\n"}
[1.757904] (workspace_gz) StdoutLine: {'line': b'--   Found libavformat, version 58.76.100\n'}
[1.804218] (-) TimerEvent: {}
[1.806398] (workspace_gz) StdoutLine: {'line': b'-- Found AVFORMAT: TRUE  \n'}
[1.813350] (workspace_gz) StdoutLine: {'line': b"-- Checking for module 'libavcodec'\n"}
[1.830027] (workspace_gz) StdoutLine: {'line': b'--   Found libavcodec, version 58.134.100\n'}
[1.873450] (workspace_gz) StdoutLine: {'line': b'-- Found AVCODEC: TRUE  \n'}
[1.880948] (workspace_gz) StdoutLine: {'line': b"-- Checking for module 'libavutil'\n"}
[1.898131] (workspace_gz) StdoutLine: {'line': b'--   Found libavutil, version 56.70.100\n'}
[1.904322] (-) TimerEvent: {}
[1.937311] (workspace_gz) StdoutLine: {'line': b'-- Found AVUTIL: TRUE  \n'}
[1.943530] (workspace_gz) StdoutLine: {'line': b'-- Looking for ignition-fuel_tools7 -- found version 7.3.1\n'}
[1.944011] (workspace_gz) StdoutLine: {'line': b'-- Searching for dependencies of ignition-fuel_tools7\n'}
[2.004549] (-) TimerEvent: {}
[2.057552] (workspace_ros) StdoutLine: {'line': b'running develop\n'}
[2.068720] (workspace_gz) StdoutLine: {'line': b'-- Found CURL: /usr/lib/x86_64-linux-gnu/libcurl.so (found version "7.81.0")  \n'}
[2.087483] (workspace_gz) StdoutLine: {'line': b"-- Checking for module 'jsoncpp'\n"}
[2.104599] (-) TimerEvent: {}
[2.109177] (workspace_gz) StdoutLine: {'line': b'--   Found jsoncpp, version 1.9.5\n'}
[2.137923] (workspace_nav) StdoutLine: {'line': b'running develop\n'}
[2.156283] (workspace_gz) StdoutLine: {'line': b'-- Found JSONCPP: TRUE  \n'}
[2.164914] (workspace_gz) StdoutLine: {'line': b"-- Checking for module 'libzip'\n"}
[2.184891] (workspace_gz) StdoutLine: {'line': b'--   Found libzip, version 1.7.3\n'}
[2.204676] (-) TimerEvent: {}
[2.235981] (workspace_gz) StdoutLine: {'line': b'-- Found ZIP: TRUE  \n'}
[2.236747] (workspace_gz) StdoutLine: {'line': b'-- Looking for ignition-common4 -- found version 4.8.0\n'}
[2.237443] (workspace_gz) StdoutLine: {'line': b'-- Looking for ignition-math6 -- found version 6.15.1\n'}
[2.238160] (workspace_gz) StdoutLine: {'line': b'-- Looking for ignition-msgs8 -- found version 8.7.0\n'}
[2.245288] (workspace_gz) StdoutLine: {'line': b'-- Looking for ignition-gui6 -- found version 6.9.0\n'}
[2.246030] (workspace_gz) StdoutLine: {'line': b'-- Searching for dependencies of ignition-gui6\n'}
[2.282424] (workspace_gz) StdoutLine: {'line': b'-- Found Protobuf: /usr/lib/x86_64-linux-gnu/libprotobuf.so (found version "3.12.4") \n'}
[2.299716] (workspace_gz) StdoutLine: {'line': b'-- Looking for ignition-math6 -- found version 6.15.1\n'}
[2.300494] (workspace_gz) StdoutLine: {'line': b'-- Looking for ignition-common4 -- found version 4.8.0\n'}
[2.301191] (workspace_gz) StdoutLine: {'line': b'-- Looking for ignition-plugin1 -- found version 1.4.0\n'}
[2.301813] (workspace_gz) StdoutLine: {'line': b'-- Looking for ignition-transport11 -- found version 11.4.2\n'}
[2.304763] (-) TimerEvent: {}
[2.307199] (workspace_gz) StdoutLine: {'line': b'-- Looking for ignition-rendering6 -- found version 6.6.4\n'}
[2.307919] (workspace_gz) StdoutLine: {'line': b'-- Searching for dependencies of ignition-rendering6\n'}
[2.308367] (workspace_gz) StdoutLine: {'line': b'-- Looking for ignition-math6 -- found version 6.15.1\n'}
[2.309254] (workspace_gz) StdoutLine: {'line': b'-- Searching for dependencies of ignition-math6\n'}
[2.309607] (workspace_gz) StdoutLine: {'line': b'-- Searching for <ignition-math6> component [eigen3]\n'}
[2.314364] (workspace_gz) StdoutLine: {'line': b'-- Looking for ignition-math6-eigen3 -- found version 6.15.1\n'}
[2.315074] (workspace_gz) StdoutLine: {'line': b'-- Searching for dependencies of ignition-math6-eigen3\n'}
[2.328446] (workspace_gz) StdoutLine: {'line': b'-- Looking for ignition-common4 -- found version 4.8.0\n'}
[2.328959] (workspace_gz) StdoutLine: {'line': b'-- Searching for dependencies of ignition-common4\n'}
[2.329099] (workspace_gz) StdoutLine: {'line': b'-- Looking for dlfcn.h - found\n'}
[2.329207] (workspace_gz) StdoutLine: {'line': b'-- Looking for libdl - found\n'}
[2.342057] (workspace_gz) StdoutLine: {'line': b'-- Searching for <ignition-common4> component [graphics]\n'}
[2.346461] (workspace_gz) StdoutLine: {'line': b'-- Looking for ignition-common4-graphics -- found version 4.8.0\n'}
[2.347315] (workspace_gz) StdoutLine: {'line': b'-- Searching for dependencies of ignition-common4-graphics\n'}
[2.347941] (workspace_gz) StdoutLine: {'line': b'-- Looking for ignition-math6 -- found version 6.15.1\n'}
[2.348748] (workspace_gz) StdoutLine: {'line': b'-- Looking for ignition-utils1 -- found version 1.5.1\n'}
[2.349827] (workspace_gz) StdoutLine: {'line': b'-- Searching for <ignition-common4> component [events]\n'}
[2.350974] (workspace_gz) StdoutLine: {'line': b'-- Looking for ignition-plugin1 -- found version 1.4.0\n'}
[2.351648] (workspace_gz) StdoutLine: {'line': b'-- Searching for dependencies of ignition-plugin1\n'}
[2.351871] (workspace_gz) StdoutLine: {'line': b'-- Searching for <ignition-plugin1> component [all]\n'}
[2.357230] (workspace_gz) StdoutLine: {'line': b'-- Looking for all libraries of ignition-plugin1 -- found version 1.4.0\n'}
[2.358329] (workspace_gz) StdoutLine: {'line': b'-- Looking for ignition-plugin1 -- found version 1.4.0\n'}
[2.362596] (workspace_gz) StdoutLine: {'line': b'-- Looking for ignition-msgs8 -- found version 8.7.0\n'}
[2.404871] (-) TimerEvent: {}
[2.431812] (workspace_gz) StdoutLine: {'line': b'-- Looking for ignition-physics5 -- found version 5.4.0\n'}
[2.432412] (workspace_gz) StdoutLine: {'line': b'-- Searching for dependencies of ignition-physics5\n'}
[2.432877] (workspace_gz) StdoutLine: {'line': b'-- Looking for ignition-math6 -- found version 6.15.1\n'}
[2.433563] (workspace_gz) StdoutLine: {'line': b'-- Looking for ignition-plugin1 -- found version 1.4.0\n'}
[2.434163] (workspace_gz) StdoutLine: {'line': b'-- Looking for ignition-utils1 -- found version 1.5.1\n'}
[2.436220] (workspace_gz) StdoutLine: {'line': b'-- Searching for <ignition-physics5> component [heightmap]\n'}
[2.441142] (workspace_gz) StdoutLine: {'line': b'-- Looking for ignition-physics5-heightmap -- found version 5.4.0\n'}
[2.441554] (workspace_ros) StdoutLine: {'line': b'running egg_info\n'}
[2.441708] (workspace_ros) StdoutLine: {'line': b'creating workspace_ros.egg-info\n'}
[2.441871] (workspace_gz) StdoutLine: {'line': b'-- Searching for dependencies of ignition-physics5-heightmap\n'}
[2.442038] (workspace_ros) StdoutLine: {'line': b'writing workspace_ros.egg-info/PKG-INFO\n'}
[2.442305] (workspace_gz) StdoutLine: {'line': b'-- Looking for ignition-common4 -- found version 4.8.0\n'}
[2.442543] (workspace_ros) StdoutLine: {'line': b'writing dependency_links to workspace_ros.egg-info/dependency_links.txt\n'}
[2.442829] (workspace_ros) StdoutLine: {'line': b'writing entry points to workspace_ros.egg-info/entry_points.txt\n'}
[2.443002] (workspace_ros) StdoutLine: {'line': b'writing requirements to workspace_ros.egg-info/requires.txt\n'}
[2.443176] (workspace_gz) StdoutLine: {'line': b'-- Searching for <ignition-physics5> component [mesh]\n'}
[2.443285] (workspace_ros) StdoutLine: {'line': b'writing top-level names to workspace_ros.egg-info/top_level.txt\n'}
[2.443445] (workspace_ros) StdoutLine: {'line': b"writing manifest file 'workspace_ros.egg-info/SOURCES.txt'\n"}
[2.447177] (workspace_ros) StdoutLine: {'line': b"reading manifest file 'workspace_ros.egg-info/SOURCES.txt'\n"}
[2.448693] (workspace_gz) StdoutLine: {'line': b'-- Looking for ignition-physics5-mesh -- found version 5.4.0\n'}
[2.448998] (workspace_ros) StdoutLine: {'line': b"writing manifest file 'workspace_ros.egg-info/SOURCES.txt'\n"}
[2.449281] (workspace_gz) StdoutLine: {'line': b'-- Searching for dependencies of ignition-physics5-mesh\n'}
[2.449675] (workspace_gz) StdoutLine: {'line': b'-- Looking for ignition-common4 -- found version 4.8.0\n'}
[2.450332] (workspace_gz) StdoutLine: {'line': b'-- Searching for <ignition-physics5> component [sdf]\n'}
[2.450670] (workspace_ros) StdoutLine: {'line': b'running build_ext\n'}
[2.450915] (workspace_ros) StdoutLine: {'line': b'Creating /home/aliomacc/sti_usv/install/workspace_ros/lib/python3.10/site-packages/workspace-ros.egg-link (link to .)\n'}
[2.452413] (workspace_ros) StdoutLine: {'line': b'Installing converter script to /home/aliomacc/sti_usv/install/workspace_ros/lib/workspace_ros\n'}
[2.452867] (workspace_ros) StdoutLine: {'line': b'Installing gps_covariance_repub script to /home/aliomacc/sti_usv/install/workspace_ros/lib/workspace_ros\n'}
[2.453169] (workspace_ros) StdoutLine: {'line': b'Installing imu_covariance_repub script to /home/aliomacc/sti_usv/install/workspace_ros/lib/workspace_ros\n'}
[2.453357] (workspace_ros) StdoutLine: {'line': b'Installing kamikaze_control script to /home/aliomacc/sti_usv/install/workspace_ros/lib/workspace_ros\n'}
[2.453659] (workspace_ros) StdoutLine: {'line': b'Installing lidar_processor script to /home/aliomacc/sti_usv/install/workspace_ros/lib/workspace_ros\n'}
[2.453816] (workspace_ros) StdoutLine: {'line': b'Installing static_transform_publisher script to /home/aliomacc/sti_usv/install/workspace_ros/lib/workspace_ros\n'}
[2.453930] (workspace_ros) StdoutLine: {'line': b'Installing wasd_teleop script to /home/aliomacc/sti_usv/install/workspace_ros/lib/workspace_ros\n'}
[2.454129] (workspace_ros) StdoutLine: {'line': b'\n'}
[2.454247] (workspace_ros) StdoutLine: {'line': b'Installed /home/aliomacc/sti_usv/build/workspace_ros\n'}
[2.454367] (workspace_ros) StdoutLine: {'line': b'running symlink_data\n'}
[2.454479] (workspace_ros) StdoutLine: {'line': b'creating /home/aliomacc/sti_usv/install/workspace_ros/share/ament_index\n'}
[2.454642] (workspace_ros) StdoutLine: {'line': b'creating /home/aliomacc/sti_usv/install/workspace_ros/share/ament_index/resource_index\n'}
[2.454895] (workspace_ros) StdoutLine: {'line': b'creating /home/aliomacc/sti_usv/install/workspace_ros/share/ament_index/resource_index/packages\n'}
[2.455036] (workspace_ros) StdoutLine: {'line': b'symbolically linking /home/aliomacc/sti_usv/build/workspace_ros/resource/workspace_ros -> /home/aliomacc/sti_usv/install/workspace_ros/share/ament_index/resource_index/packages\n'}
[2.455122] (workspace_ros) StdoutLine: {'line': b'symbolically linking /home/aliomacc/sti_usv/build/workspace_ros/package.xml -> /home/aliomacc/sti_usv/install/workspace_ros/share/workspace_ros\n'}
[2.455220] (workspace_ros) StdoutLine: {'line': b'creating /home/aliomacc/sti_usv/install/workspace_ros/share/workspace_ros/config\n'}
[2.455332] (workspace_ros) StdoutLine: {'line': b'symbolically linking /home/aliomacc/sti_usv/build/workspace_ros/config/ekf.yaml -> /home/aliomacc/sti_usv/install/workspace_ros/share/workspace_ros/config\n'}
[2.455406] (workspace_ros) StdoutLine: {'line': b'symbolically linking /home/aliomacc/sti_usv/build/workspace_ros/config/static_transform.yaml -> /home/aliomacc/sti_usv/install/workspace_ros/share/workspace_ros/config\n'}
[2.455479] (workspace_ros) StdoutLine: {'line': b'symbolically linking /home/aliomacc/sti_usv/build/workspace_ros/config/lidar_filter.yaml -> /home/aliomacc/sti_usv/install/workspace_ros/share/workspace_ros/config\n'}
[2.455580] (workspace_ros) StdoutLine: {'line': b'symbolically linking /home/aliomacc/sti_usv/build/workspace_ros/config/kiss_icp.yaml -> /home/aliomacc/sti_usv/install/workspace_ros/share/workspace_ros/config\n'}
[2.455826] (workspace_ros) StdoutLine: {'line': b'symbolically linking /home/aliomacc/sti_usv/build/workspace_ros/config/lidar_rviz.rviz -> /home/aliomacc/sti_usv/install/workspace_ros/share/workspace_ros/config\n'}
[2.455965] (workspace_ros) StdoutLine: {'line': b'symbolically linking /home/aliomacc/sti_usv/build/workspace_ros/config/navsat.yaml -> /home/aliomacc/sti_usv/install/workspace_ros/share/workspace_ros/config\n'}
[2.456058] (workspace_ros) StdoutLine: {'line': b'creating /home/aliomacc/sti_usv/install/workspace_ros/share/workspace_ros/launch\n'}
[2.456191] (workspace_ros) StdoutLine: {'line': b'symbolically linking /home/aliomacc/sti_usv/build/workspace_ros/launch/mola_slam.launch.py -> /home/aliomacc/sti_usv/install/workspace_ros/share/workspace_ros/launch\n'}
[2.456400] (workspace_ros) StdoutLine: {'line': b'symbolically linking /home/aliomacc/sti_usv/build/workspace_ros/launch/localization.launch.py -> /home/aliomacc/sti_usv/install/workspace_ros/share/workspace_ros/launch\n'}
[2.456585] (workspace_ros) StdoutLine: {'line': b'symbolically linking /home/aliomacc/sti_usv/build/workspace_ros/launch/lidar_filter.launch.py -> /home/aliomacc/sti_usv/install/workspace_ros/share/workspace_ros/launch\n'}
[2.456789] (workspace_ros) StdoutLine: {'line': b'symbolically linking /home/aliomacc/sti_usv/build/workspace_ros/launch/kiss_icp.launch.py -> /home/aliomacc/sti_usv/install/workspace_ros/share/workspace_ros/launch\n'}
[2.456894] (workspace_ros) StdoutLine: {'line': b'creating /home/aliomacc/sti_usv/install/workspace_ros/share/workspace_ros/scripts\n'}
[2.456996] (workspace_ros) StdoutLine: {'line': b'symbolically linking /home/aliomacc/sti_usv/build/workspace_ros/scripts/imu_covariance_repub.py -> /home/aliomacc/sti_usv/install/workspace_ros/share/workspace_ros/scripts\n'}
[2.457103] (workspace_ros) StdoutLine: {'line': b'symbolically linking /home/aliomacc/sti_usv/build/workspace_ros/scripts/converter.py -> /home/aliomacc/sti_usv/install/workspace_ros/share/workspace_ros/scripts\n'}
[2.457238] (workspace_ros) StdoutLine: {'line': b'symbolically linking /home/aliomacc/sti_usv/build/workspace_ros/scripts/wasd_teleop.py -> /home/aliomacc/sti_usv/install/workspace_ros/share/workspace_ros/scripts\n'}
[2.457350] (workspace_ros) StdoutLine: {'line': b'symbolically linking /home/aliomacc/sti_usv/build/workspace_ros/scripts/gps_covariance_repub.py -> /home/aliomacc/sti_usv/install/workspace_ros/share/workspace_ros/scripts\n'}
[2.457457] (workspace_ros) StdoutLine: {'line': b'symbolically linking /home/aliomacc/sti_usv/build/workspace_ros/scripts/__init__.py -> /home/aliomacc/sti_usv/install/workspace_ros/share/workspace_ros/scripts\n'}
[2.457563] (workspace_ros) StdoutLine: {'line': b'symbolically linking /home/aliomacc/sti_usv/build/workspace_ros/scripts/lidar_processor.py -> /home/aliomacc/sti_usv/install/workspace_ros/share/workspace_ros/scripts\n'}
[2.457686] (workspace_ros) StdoutLine: {'line': b'symbolically linking /home/aliomacc/sti_usv/build/workspace_ros/scripts/static_transform_publisher.py -> /home/aliomacc/sti_usv/install/workspace_ros/share/workspace_ros/scripts\n'}
[2.457814] (workspace_ros) StdoutLine: {'line': b'creating /home/aliomacc/sti_usv/install/workspace_ros/share/workspace_ros/YOLOv11\n'}
[2.457927] (workspace_ros) StdoutLine: {'line': b'symbolically linking /home/aliomacc/sti_usv/build/workspace_ros/YOLOv11/252epoch.pt -> /home/aliomacc/sti_usv/install/workspace_ros/share/workspace_ros/YOLOv11\n'}
[2.458050] (workspace_ros) StdoutLine: {'line': b'symbolically linking /home/aliomacc/sti_usv/build/workspace_ros/YOLOv11/YOLOv11.pt -> /home/aliomacc/sti_usv/install/workspace_ros/share/workspace_ros/YOLOv11\n'}
[2.458174] (workspace_ros) StdoutLine: {'line': b'symbolically linking /home/aliomacc/sti_usv/build/workspace_ros/YOLOv11/kerem.pt -> /home/aliomacc/sti_usv/install/workspace_ros/share/workspace_ros/YOLOv11\n'}
[2.458280] (workspace_gz) StdoutLine: {'line': b'-- Looking for ignition-physics5-sdf -- found version 5.4.0\n'}
[2.458571] (workspace_gz) StdoutLine: {'line': b'-- Searching for dependencies of ignition-physics5-sdf\n'}
[2.458694] (workspace_gz) StdoutLine: {'line': b'-- Looking for sdformat12 -- found version 12.9.0\n'}
[2.465927] (workspace_gz) StdoutLine: {'line': b'-- Looking for ignition-sensors6 -- found version 6.9.0\n'}
[2.466967] (workspace_gz) StdoutLine: {'line': b'-- Searching for dependencies of ignition-sensors6\n'}
[2.500767] (workspace_gz) StdoutLine: {'line': b'-- Looking for ignition-math6 -- found version 6.15.1\n'}
[2.501840] (workspace_gz) StdoutLine: {'line': b'-- Looking for ignition-common4 -- found version 4.8.0\n'}
[2.502766] (workspace_gz) StdoutLine: {'line': b'-- Looking for ignition-transport11 -- found version 11.4.2\n'}
[2.503472] (workspace_gz) StdoutLine: {'line': b'-- Looking for ignition-rendering6 -- found version 6.6.4\n'}
[2.504537] (workspace_gz) StdoutLine: {'line': b'-- Looking for ignition-msgs8 -- found version 8.7.0\n'}
[2.504997] (-) TimerEvent: {}
[2.505505] (workspace_gz) StdoutLine: {'line': b'-- Looking for sdformat12 -- found version 12.9.0\n'}
[2.506696] (workspace_gz) StdoutLine: {'line': b'-- Searching for <ignition-sensors6> component [air_pressure]\n'}
[2.513038] (workspace_gz) StdoutLine: {'line': b'-- Looking for ignition-sensors6-air_pressure -- found version 6.9.0\n'}
[2.513999] (workspace_gz) StdoutLine: {'line': b'-- Searching for dependencies of ignition-sensors6-air_pressure\n'}
[2.516120] (workspace_gz) StdoutLine: {'line': b'-- Searching for <ignition-sensors6> component [altimeter]\n'}
[2.523405] (workspace_gz) StdoutLine: {'line': b'-- Looking for ignition-sensors6-altimeter -- found version 6.9.0\n'}
[2.524596] (workspace_gz) StdoutLine: {'line': b'-- Searching for dependencies of ignition-sensors6-altimeter\n'}
[2.526427] (workspace_gz) StdoutLine: {'line': b'-- Searching for <ignition-sensors6> component [imu]\n'}
[2.532731] (workspace_gz) StdoutLine: {'line': b'-- Looking for ignition-sensors6-imu -- found version 6.9.0\n'}
[2.533579] (workspace_gz) StdoutLine: {'line': b'-- Searching for dependencies of ignition-sensors6-imu\n'}
[2.534671] (workspace_gz) StdoutLine: {'line': b'-- Searching for <ignition-sensors6> component [force_torque]\n'}
[2.540230] (workspace_ros) CommandEnded: {'returncode': 0}
[2.542009] (workspace_gz) StdoutLine: {'line': b'-- Looking for ignition-sensors6-force_torque -- found version 6.9.0\n'}
[2.542600] (workspace_gz) StdoutLine: {'line': b'-- Searching for dependencies of ignition-sensors6-force_torque\n'}
[2.543646] (workspace_gz) StdoutLine: {'line': b'-- Searching for <ignition-sensors6> component [logical_camera]\n'}
[2.547923] (workspace_gz) StdoutLine: {'line': b'-- Looking for ignition-sensors6-logical_camera -- found version 6.9.0\n'}
[2.548672] (workspace_gz) StdoutLine: {'line': b'-- Searching for dependencies of ignition-sensors6-logical_camera\n'}
[2.550269] (workspace_gz) StdoutLine: {'line': b'-- Searching for <ignition-sensors6> component [magnetometer]\n'}
[2.556462] (workspace_gz) StdoutLine: {'line': b'-- Looking for ignition-sensors6-magnetometer -- found version 6.9.0\n'}
[2.557100] (workspace_gz) StdoutLine: {'line': b'-- Searching for dependencies of ignition-sensors6-magnetometer\n'}
[2.557908] (workspace_gz) StdoutLine: {'line': b'-- Searching for <ignition-sensors6> component [navsat]\n'}
[2.562943] (workspace_gz) StdoutLine: {'line': b'-- Looking for ignition-sensors6-navsat -- found version 6.9.0\n'}
[2.564153] (workspace_gz) StdoutLine: {'line': b'-- Searching for dependencies of ignition-sensors6-navsat\n'}
[2.564795] (workspace_gz) StdoutLine: {'line': b'-- Searching for <ignition-sensors6> component [rendering]\n'}
[2.567338] (workspace_ros) JobEnded: {'identifier': 'workspace_ros', 'rc': 0}
[2.569207] (workspace_gz) StdoutLine: {'line': b'-- Looking for ignition-sensors6-rendering -- found version 6.9.0\n'}
[2.569956] (workspace_gz) StdoutLine: {'line': b'-- Searching for dependencies of ignition-sensors6-rendering\n'}
[2.570926] (workspace_gz) StdoutLine: {'line': b'-- Searching for <ignition-sensors6> component [lidar]\n'}
[2.574342] (workspace_nav) StdoutLine: {'line': b'running egg_info\n'}
[2.574497] (workspace_nav) StdoutLine: {'line': b'creating workspace_nav.egg-info\n'}
[2.575027] (workspace_nav) StdoutLine: {'line': b'writing workspace_nav.egg-info/PKG-INFO\n'}
[2.575228] (workspace_gz) StdoutLine: {'line': b'-- Looking for ignition-sensors6-lidar -- found version 6.9.0\n'}
[2.575364] (workspace_nav) StdoutLine: {'line': b'writing dependency_links to workspace_nav.egg-info/dependency_links.txt\n'}
[2.575550] (workspace_nav) StdoutLine: {'line': b'writing entry points to workspace_nav.egg-info/entry_points.txt\n'}
[2.575709] (workspace_nav) StdoutLine: {'line': b'writing requirements to workspace_nav.egg-info/requires.txt\n'}
[2.575879] (workspace_nav) StdoutLine: {'line': b'writing top-level names to workspace_nav.egg-info/top_level.txt\n'}
[2.575986] (workspace_gz) StdoutLine: {'line': b'-- Searching for dependencies of ignition-sensors6-lidar\n'}
[2.576243] (workspace_nav) StdoutLine: {'line': b"writing manifest file 'workspace_nav.egg-info/SOURCES.txt'\n"}
[2.576404] (workspace_gz) StdoutLine: {'line': b'-- Looking for ignition-sensors6 -- found version 6.9.0\n'}
[2.577384] (workspace_gz) StdoutLine: {'line': b'-- Searching for <ignition-sensors6> component [gpu_lidar]\n'}
[2.580556] (workspace_nav) StdoutLine: {'line': b"reading manifest file 'workspace_nav.egg-info/SOURCES.txt'\n"}
[2.581586] (workspace_gz) StdoutLine: {'line': b'-- Looking for ignition-sensors6-gpu_lidar -- found version 6.9.0\n'}
[2.581963] (workspace_nav) StdoutLine: {'line': b"writing manifest file 'workspace_nav.egg-info/SOURCES.txt'\n"}
[2.582179] (workspace_gz) StdoutLine: {'line': b'-- Searching for dependencies of ignition-sensors6-gpu_lidar\n'}
[2.582578] (workspace_gz) StdoutLine: {'line': b'-- Looking for ignition-sensors6 -- found version 6.9.0\n'}
[2.583721] (workspace_gz) StdoutLine: {'line': b'-- Searching for <ignition-sensors6> component [camera]\n'}
[2.584678] (workspace_nav) StdoutLine: {'line': b'running build_ext\n'}
[2.585053] (workspace_nav) StdoutLine: {'line': b'Creating /home/aliomacc/sti_usv/install/workspace_nav/lib/python3.10/site-packages/workspace-nav.egg-link (link to .)\n'}
[2.586443] (workspace_nav) StdoutLine: {'line': b'Installing gate_goal_publisher script to /home/aliomacc/sti_usv/install/workspace_nav/lib/workspace_nav\n'}
[2.586641] (workspace_nav) StdoutLine: {'line': b'Installing local_goal_bridge script to /home/aliomacc/sti_usv/install/workspace_nav/lib/workspace_nav\n'}
[2.586792] (workspace_nav) StdoutLine: {'line': b'Installing mission_manager script to /home/aliomacc/sti_usv/install/workspace_nav/lib/workspace_nav\n'}
[2.586942] (workspace_nav) StdoutLine: {'line': b'Installing parkour_navigation script to /home/aliomacc/sti_usv/install/workspace_nav/lib/workspace_nav\n'}
[2.587062] (workspace_nav) StdoutLine: {'line': b'Installing yolo_detector script to /home/aliomacc/sti_usv/install/workspace_nav/lib/workspace_nav\n'}
[2.587289] (workspace_nav) StdoutLine: {'line': b'\n'}
[2.587380] (workspace_nav) StdoutLine: {'line': b'Installed /home/aliomacc/sti_usv/build/workspace_nav\n'}
[2.587475] (workspace_nav) StdoutLine: {'line': b'running symlink_data\n'}
[2.587574] (workspace_nav) StdoutLine: {'line': b'creating /home/aliomacc/sti_usv/install/workspace_nav/share/ament_index\n'}
[2.587666] (workspace_nav) StdoutLine: {'line': b'creating /home/aliomacc/sti_usv/install/workspace_nav/share/ament_index/resource_index\n'}
[2.587735] (workspace_nav) StdoutLine: {'line': b'creating /home/aliomacc/sti_usv/install/workspace_nav/share/ament_index/resource_index/packages\n'}
[2.587821] (workspace_nav) StdoutLine: {'line': b'symbolically linking /home/aliomacc/sti_usv/build/workspace_nav/resource/workspace_nav -> /home/aliomacc/sti_usv/install/workspace_nav/share/ament_index/resource_index/packages\n'}
[2.587906] (workspace_nav) StdoutLine: {'line': b'symbolically linking /home/aliomacc/sti_usv/build/workspace_nav/package.xml -> /home/aliomacc/sti_usv/install/workspace_nav/share/workspace_nav\n'}
[2.588002] (workspace_nav) StdoutLine: {'line': b'creating /home/aliomacc/sti_usv/install/workspace_nav/share/workspace_nav/config\n'}
[2.588082] (workspace_nav) StdoutLine: {'line': b'symbolically linking /home/aliomacc/sti_usv/build/workspace_nav/config/mission_manager_params.yaml -> /home/aliomacc/sti_usv/install/workspace_nav/share/workspace_nav/config\n'}
[2.588182] (workspace_nav) StdoutLine: {'line': b'symbolically linking /home/aliomacc/sti_usv/build/workspace_nav/config/ekf_fusion.yaml -> /home/aliomacc/sti_usv/install/workspace_nav/share/workspace_nav/config\n'}
[2.588262] (workspace_gz) StdoutLine: {'line': b'-- Looking for ignition-sensors6-camera -- found version 6.9.0\n'}
[2.588358] (workspace_nav) StdoutLine: {'line': b'symbolically linking /home/aliomacc/sti_usv/build/workspace_nav/config/map.yaml -> /home/aliomacc/sti_usv/install/workspace_nav/share/workspace_nav/config\n'}
[2.588443] (workspace_nav) StdoutLine: {'line': b'symbolically linking /home/aliomacc/sti_usv/build/workspace_nav/config/nav2_params.yaml -> /home/aliomacc/sti_usv/install/workspace_nav/share/workspace_nav/config\n'}
[2.588527] (workspace_nav) StdoutLine: {'line': b'symbolically linking /home/aliomacc/sti_usv/build/workspace_nav/config/parkour_nav.yaml -> /home/aliomacc/sti_usv/install/workspace_nav/share/workspace_nav/config\n'}
[2.588610] (workspace_nav) StdoutLine: {'line': b'symbolically linking /home/aliomacc/sti_usv/build/workspace_nav/config/nav2_params_usv_pure.yaml -> /home/aliomacc/sti_usv/install/workspace_nav/share/workspace_nav/config\n'}
[2.588706] (workspace_nav) StdoutLine: {'line': b'creating /home/aliomacc/sti_usv/install/workspace_nav/share/workspace_nav/launch\n'}
[2.588789] (workspace_nav) StdoutLine: {'line': b'symbolically linking /home/aliomacc/sti_usv/build/workspace_nav/launch/usv_autonomy.launch.py -> /home/aliomacc/sti_usv/install/workspace_nav/share/workspace_nav/launch\n'}
[2.588878] (workspace_gz) StdoutLine: {'line': b'-- Searching for dependencies of ignition-sensors6-camera\n'}
[2.589016] (workspace_nav) StdoutLine: {'line': b'symbolically linking /home/aliomacc/sti_usv/build/workspace_nav/launch/nav2.launch.py -> /home/aliomacc/sti_usv/install/workspace_nav/share/workspace_nav/launch\n'}
[2.589126] (workspace_nav) StdoutLine: {'line': b'symbolically linking /home/aliomacc/sti_usv/build/workspace_nav/launch/parkour_nav.launch.py -> /home/aliomacc/sti_usv/install/workspace_nav/share/workspace_nav/launch\n'}
[2.589211] (workspace_nav) StdoutLine: {'line': b'creating /home/aliomacc/sti_usv/install/workspace_nav/share/workspace_nav/scripts\n'}
[2.589303] (workspace_gz) StdoutLine: {'line': b'-- Looking for ignition-sensors6 -- found version 6.9.0\n'}
[2.589427] (workspace_nav) StdoutLine: {'line': b'symbolically linking /home/aliomacc/sti_usv/build/workspace_nav/scripts/autotune_mppi.py -> /home/aliomacc/sti_usv/install/workspace_nav/share/workspace_nav/scripts\n'}
[2.589515] (workspace_nav) StdoutLine: {'line': b'symbolically linking /home/aliomacc/sti_usv/build/workspace_nav/scripts/mola_parkur_aigasyon.py -> /home/aliomacc/sti_usv/install/workspace_nav/share/workspace_nav/scripts\n'}
[2.589595] (workspace_nav) StdoutLine: {'line': b'symbolically linking /home/aliomacc/sti_usv/build/workspace_nav/scripts/parkour2_virtual_centerline.py -> /home/aliomacc/sti_usv/install/workspace_nav/share/workspace_nav/scripts\n'}
[2.589730] (workspace_nav) StdoutLine: {'line': b'symbolically linking /home/aliomacc/sti_usv/build/workspace_nav/scripts/final_parkour_navigator.py -> /home/aliomacc/sti_usv/install/workspace_nav/share/workspace_nav/scripts\n'}
[2.589837] (workspace_nav) StdoutLine: {'line': b'symbolically linking /home/aliomacc/sti_usv/build/workspace_nav/scripts/parkour_navigation.py -> /home/aliomacc/sti_usv/install/workspace_nav/share/workspace_nav/scripts\n'}
[2.589912] (workspace_nav) StdoutLine: {'line': b'symbolically linking /home/aliomacc/sti_usv/build/workspace_nav/scripts/yolo_detector.py -> /home/aliomacc/sti_usv/install/workspace_nav/share/workspace_nav/scripts\n'}
[2.589996] (workspace_nav) StdoutLine: {'line': b'symbolically linking /home/aliomacc/sti_usv/build/workspace_nav/scripts/son_hal.py -> /home/aliomacc/sti_usv/install/workspace_nav/share/workspace_nav/scripts\n'}
[2.590188] (workspace_nav) StdoutLine: {'line': b'symbolically linking /home/aliomacc/sti_usv/build/workspace_nav/scripts/mission_manager.py -> /home/aliomacc/sti_usv/install/workspace_nav/share/workspace_nav/scripts\n'}
[2.590281] (workspace_nav) StdoutLine: {'line': b'symbolically linking /home/aliomacc/sti_usv/build/workspace_nav/scripts/ultimate_parkour_navigator.py -> /home/aliomacc/sti_usv/install/workspace_nav/share/workspace_nav/scripts\n'}
[2.590416] (workspace_gz) StdoutLine: {'line': b'-- Searching for <ignition-sensors6> component [boundingbox_camera]\n'}
[2.590582] (workspace_nav) StdoutLine: {'line': b'symbolically linking /home/aliomacc/sti_usv/build/workspace_nav/scripts/lidar_debug.py -> /home/aliomacc/sti_usv/install/workspace_nav/share/workspace_nav/scripts\n'}
[2.590680] (workspace_nav) StdoutLine: {'line': b'symbolically linking /home/aliomacc/sti_usv/build/workspace_nav/scripts/parkour2_deneme.py -> /home/aliomacc/sti_usv/install/workspace_nav/share/workspace_nav/scripts\n'}
[2.590755] (workspace_nav) StdoutLine: {'line': b'symbolically linking /home/aliomacc/sti_usv/build/workspace_nav/scripts/gate_goal_publisher.py -> /home/aliomacc/sti_usv/install/workspace_nav/share/workspace_nav/scripts\n'}
[2.590820] (workspace_nav) StdoutLine: {'line': b'symbolically linking /home/aliomacc/sti_usv/build/workspace_nav/scripts/local_goal_bridge.py -> /home/aliomacc/sti_usv/install/workspace_nav/share/workspace_nav/scripts\n'}
[2.590880] (workspace_nav) StdoutLine: {'line': b'symbolically linking /home/aliomacc/sti_usv/build/workspace_nav/scripts/kamikaze_control_real.py -> /home/aliomacc/sti_usv/install/workspace_nav/share/workspace_nav/scripts\n'}
[2.591088] (workspace_nav) StdoutLine: {'line': b'symbolically linking /home/aliomacc/sti_usv/build/workspace_nav/scripts/kamikaze_control.py -> /home/aliomacc/sti_usv/install/workspace_nav/share/workspace_nav/scripts\n'}
[2.591245] (workspace_nav) StdoutLine: {'line': b'symbolically linking /home/aliomacc/sti_usv/build/workspace_nav/scripts/pid_En_iyi.py -> /home/aliomacc/sti_usv/install/workspace_nav/share/workspace_nav/scripts\n'}
[2.591376] (workspace_nav) StdoutLine: {'line': b'symbolically linking /home/aliomacc/sti_usv/build/workspace_nav/scripts/__init__.py -> /home/aliomacc/sti_usv/install/workspace_nav/share/workspace_nav/scripts\n'}
[2.591499] (workspace_nav) StdoutLine: {'line': b'symbolically linking /home/aliomacc/sti_usv/build/workspace_nav/scripts/test_emergency_detection.py -> /home/aliomacc/sti_usv/install/workspace_nav/share/workspace_nav/scripts\n'}
[2.591674] (workspace_nav) StdoutLine: {'line': b'creating /home/aliomacc/sti_usv/install/workspace_nav/share/workspace_nav/map\n'}
[2.591816] (workspace_nav) StdoutLine: {'line': b'symbolically linking /home/aliomacc/sti_usv/build/workspace_nav/map/map.pgm -> /home/aliomacc/sti_usv/install/workspace_nav/share/workspace_nav/map\n'}
[2.595747] (workspace_gz) StdoutLine: {'line': b'-- Looking for ignition-sensors6-boundingbox_camera -- found version 6.9.0\n'}
[2.597170] (workspace_gz) StdoutLine: {'line': b'-- Searching for dependencies of ignition-sensors6-boundingbox_camera\n'}
[2.599113] (workspace_gz) StdoutLine: {'line': b'-- Searching for <ignition-sensors6> component [segmentation_camera]\n'}
[2.605287] (-) TimerEvent: {}
[2.606063] (workspace_gz) StdoutLine: {'line': b'-- Looking for ignition-sensors6-segmentation_camera -- found version 6.9.0\n'}
[2.606530] (workspace_gz) StdoutLine: {'line': b'-- Searching for dependencies of ignition-sensors6-segmentation_camera\n'}
[2.607487] (workspace_gz) StdoutLine: {'line': b'-- Searching for <ignition-sensors6> component [depth_camera]\n'}
[2.613987] (workspace_gz) StdoutLine: {'line': b'-- Looking for ignition-sensors6-depth_camera -- found version 6.9.0\n'}
[2.614555] (workspace_gz) StdoutLine: {'line': b'-- Searching for dependencies of ignition-sensors6-depth_camera\n'}
[2.615067] (workspace_gz) StdoutLine: {'line': b'-- Looking for ignition-sensors6 -- found version 6.9.0\n'}
[2.616412] (workspace_gz) StdoutLine: {'line': b'-- Searching for <ignition-sensors6> component [rgbd_camera]\n'}
[2.622119] (workspace_gz) StdoutLine: {'line': b'-- Looking for ignition-sensors6-rgbd_camera -- found version 6.9.0\n'}
[2.623031] (workspace_gz) StdoutLine: {'line': b'-- Searching for dependencies of ignition-sensors6-rgbd_camera\n'}
[2.623520] (workspace_gz) StdoutLine: {'line': b'-- Looking for ignition-sensors6 -- found version 6.9.0\n'}
[2.624715] (workspace_gz) StdoutLine: {'line': b'-- Searching for <ignition-sensors6> component [thermal_camera]\n'}
[2.631161] (workspace_gz) StdoutLine: {'line': b'-- Looking for ignition-sensors6-thermal_camera -- found version 6.9.0\n'}
[2.632222] (workspace_gz) StdoutLine: {'line': b'-- Searching for dependencies of ignition-sensors6-thermal_camera\n'}
[2.632952] (workspace_gz) StdoutLine: {'line': b'-- Looking for ignition-sensors6 -- found version 6.9.0\n'}
[2.635501] (workspace_gz) StdoutLine: {'line': b'-- Looking for ignition-rendering6 -- found version 6.6.4\n'}
[2.636276] (workspace_gz) StdoutLine: {'line': b'-- Looking for ignition-math6 -- found version 6.15.1\n'}
[2.642532] (workspace_gz) StdoutLine: {'line': b'-- Looking for ignition-utils1 -- found version 1.5.1\n'}
[2.670969] (workspace_nav) CommandEnded: {'returncode': 0}
[2.677876] (workspace_gz) StdoutLine: {'line': b'-- Looking for ignition-common4 -- found version 4.8.0\n'}
[2.678734] (workspace_gz) StdoutLine: {'line': b'-- Looking for ignition-math6 -- found version 6.15.1\n'}
[2.679455] (workspace_gz) StdoutLine: {'line': b'-- Looking for ignition-plugin1 -- found version 1.4.0\n'}
[2.679876] (workspace_gz) StdoutLine: {'line': b'-- Looking for ignition-rendering6 -- found version 6.6.4\n'}
[2.680796] (workspace_gz) StdoutLine: {'line': b'-- Looking for ignition-sensors6 -- found version 6.9.0\n'}
[2.681580] (workspace_gz) StdoutLine: {'line': b'-- Looking for ignition-transport11 -- found version 11.4.2\n'}
[2.682428] (workspace_gz) StdoutLine: {'line': b'-- Looking for ignition-utils1 -- found version 1.5.1\n'}
[2.683293] (workspace_gz) StdoutLine: {'line': b'-- Looking for sdformat12 -- found version 12.9.0\n'}
[2.686731] (workspace_nav) JobEnded: {'identifier': 'workspace_nav', 'rc': 0}
[2.705296] (-) TimerEvent: {}
[2.790539] (workspace_gz) StdoutLine: {'line': b'-- Configuring done\n'}
[2.805568] (-) TimerEvent: {}
[2.906101] (-) TimerEvent: {}
[2.912128] (workspace_gz) StdoutLine: {'line': b'-- Generating done\n'}
[2.941468] (workspace_gz) StdoutLine: {'line': b'-- Build files have been written to: /home/aliomacc/sti_usv/build/workspace_gz\n'}
[2.964289] (workspace_gz) CommandEnded: {'returncode': 0}
[2.965753] (workspace_gz) JobProgress: {'identifier': 'workspace_gz', 'progress': 'build'}
[2.967712] (workspace_gz) Command: {'cmd': ['/usr/bin/cmake', '--build', '/home/aliomacc/sti_usv/build/workspace_gz', '--', '-j8', '-l8'], 'cwd': '/home/aliomacc/sti_usv/build/workspace_gz', 'env': OrderedDict([('GZ_SIM_SYSTEM_PLUGIN_PATH', '/usr/local/lib:'), ('GJS_DEBUG_TOPICS', 'JS ERROR;JS LOG'), ('LESSOPEN', '| /usr/bin/lesspipe %s'), ('LANGUAGE', 'en_US:en'), ('USER', 'aliomacc'), ('LC_TIME', 'tr_TR.UTF-8'), ('XDG_SESSION_TYPE', 'x11'), ('SHLVL', '1'), ('LD_LIBRARY_PATH', '/usr/local/lib:/home/aliomacc/ros2_ws/install/my_robot_interfaces/lib:/opt/ros/humble/opt/rviz_ogre_vendor/lib:/opt/ros/humble/lib/x86_64-linux-gnu:/opt/ros/humble/lib'), ('HOME', '/home/aliomacc'), ('OLDPWD', '/home/aliomacc/sti_usv'), ('DESKTOP_SESSION', 'ubuntu-xorg'), ('GIO_LAUNCHED_DESKTOP_FILE', '/usr/share/applications/terminator.desktop'), ('ROS_PYTHON_VERSION', '3'), ('GNOME_SHELL_SESSION_MODE', 'ubuntu'), ('GTK_MODULES', 'gail:atk-bridge'), ('LC_MONETARY', 'tr_TR.UTF-8'), ('MANAGERPID', '1103'), ('SYSTEMD_EXEC_PID', '1555'), ('DBUS_SESSION_BUS_ADDRESS', 'unix:path=/run/user/1000/bus'), ('COLORTERM', 'truecolor'), ('TERMINATOR_DBUS_NAME', 'net.tenshu.Terminator21a9d5db22c73a993ff0b42f64b396873'), ('GIO_LAUNCHED_DESKTOP_FILE_PID', '54351'), ('COLCON_PREFIX_PATH', '/home/aliomacc/turtlebot3_ws/install:/home/aliomacc/ros2_ws/install'), ('ROS_DISTRO', 'humble'), ('GTK_IM_MODULE', 'ibus'), ('LOGNAME', 'aliomacc'), ('JOURNAL_STREAM', '8:14713'), ('_', '/usr/bin/colcon'), ('ROS_VERSION', '2'), ('XDG_SESSION_CLASS', 'user'), ('USERNAME', 'aliomacc'), ('TERM', 'xterm-256color'), ('GNOME_DESKTOP_SESSION_ID', 'this-is-deprecated'), ('ROS_LOCALHOST_ONLY', '0'), ('WINDOWPATH', '2'), ('PATH', '/home/aliomacc/ardupilot/Tools/autotest:/home/aliomacc/.local/bin:/opt/ros/humble/bin:/home/aliomacc/.local/bin:/usr/local/sbin:/usr/local/bin:/usr/sbin:/usr/bin:/sbin:/bin:/usr/games:/usr/local/games:/snap/bin:/snap/bin'), ('SESSION_MANAGER', 'local/aliomacc-Nitro-AN515-55:@/tmp/.ICE-unix/1528,unix/aliomacc-Nitro-AN515-55:/tmp/.ICE-unix/1528'), ('INVOCATION_ID', 'a85b44078b7448bc8035591d1102ef05'), ('PAPERSIZE', 'a4'), ('XDG_MENU_PREFIX', 'gnome-'), ('LC_ADDRESS', 'tr_TR.UTF-8'), ('XDG_RUNTIME_DIR', '/run/user/1000'), ('DISPLAY', ':0'), ('TERMINATOR_DBUS_PATH', '/net/tenshu/Terminator2'), ('LANG', 'en_US.UTF-8'), ('XDG_CURRENT_DESKTOP', 'ubuntu:GNOME'), ('IBUS_DISABLE_SNOOPER', '1'), ('LC_TELEPHONE', 'tr_TR.UTF-8'), ('XMODIFIERS', '@im=ibus'), ('XDG_SESSION_DESKTOP', 'ubuntu-xorg'), ('XAUTHORITY', '/run/user/1000/gdm/Xauthority'), ('LS_COLORS', 'rs=0:di=01;34:ln=01;36:mh=00:pi=40;33:so=01;35:do=01;35:bd=40;33;01:cd=40;33;01:or=40;31;01:mi=00:su=37;41:sg=30;43:ca=30;41:tw=30;42:ow=34;42:st=37;44:ex=01;32:*.tar=01;31:*.tgz=01;31:*.arc=01;31:*.arj=01;31:*.taz=01;31:*.lha=01;31:*.lz4=01;31:*.lzh=01;31:*.lzma=01;31:*.tlz=01;31:*.txz=01;31:*.tzo=01;31:*.t7z=01;31:*.zip=01;31:*.z=01;31:*.dz=01;31:*.gz=01;31:*.lrz=01;31:*.lz=01;31:*.lzo=01;31:*.xz=01;31:*.zst=01;31:*.tzst=01;31:*.bz2=01;31:*.bz=01;31:*.tbz=01;31:*.tbz2=01;31:*.tz=01;31:*.deb=01;31:*.rpm=01;31:*.jar=01;31:*.war=01;31:*.ear=01;31:*.sar=01;31:*.rar=01;31:*.alz=01;31:*.ace=01;31:*.zoo=01;31:*.cpio=01;31:*.7z=01;31:*.rz=01;31:*.cab=01;31:*.wim=01;31:*.swm=01;31:*.dwm=01;31:*.esd=01;31:*.jpg=01;35:*.jpeg=01;35:*.mjpg=01;35:*.mjpeg=01;35:*.gif=01;35:*.bmp=01;35:*.pbm=01;35:*.pgm=01;35:*.ppm=01;35:*.tga=01;35:*.xbm=01;35:*.xpm=01;35:*.tif=01;35:*.tiff=01;35:*.png=01;35:*.svg=01;35:*.svgz=01;35:*.mng=01;35:*.pcx=01;35:*.mov=01;35:*.mpg=01;35:*.mpeg=01;35:*.m2v=01;35:*.mkv=01;35:*.webm=01;35:*.webp=01;35:*.ogm=01;35:*.mp4=01;35:*.m4v=01;35:*.mp4v=01;35:*.vob=01;35:*.qt=01;35:*.nuv=01;35:*.wmv=01;35:*.asf=01;35:*.rm=01;35:*.rmvb=01;35:*.flc=01;35:*.avi=01;35:*.fli=01;35:*.flv=01;35:*.gl=01;35:*.dl=01;35:*.xcf=01;35:*.xwd=01;35:*.yuv=01;35:*.cgm=01;35:*.emf=01;35:*.ogv=01;35:*.ogx=01;35:*.aac=00;36:*.au=00;36:*.flac=00;36:*.m4a=00;36:*.mid=00;36:*.midi=00;36:*.mka=00;36:*.mp3=00;36:*.mpc=00;36:*.ogg=00;36:*.ra=00;36:*.wav=00;36:*.oga=00;36:*.opus=00;36:*.spx=00;36:*.xspf=00;36:'), ('SSH_AGENT_LAUNCHER', 'gnome-keyring'), ('SSH_AUTH_SOCK', '/run/user/1000/keyring/ssh'), ('AMENT_PREFIX_PATH', '/home/aliomacc/turtlebot3_ws/install/turtlebot3_simulations:/home/aliomacc/turtlebot3_ws/install/turtlebot3_manipulation_gazebo:/home/aliomacc/turtlebot3_ws/install/turtlebot3_gazebo:/home/aliomacc/turtlebot3_ws/install/turtlebot3_fake_node:/home/aliomacc/ros2_ws/install/actions_py:/home/aliomacc/ros2_ws/install/my_robot_interfaces:/home/aliomacc/ros2_ws/install/my_robot_description:/home/aliomacc/ros2_ws/install/my_robot_bringup:/home/aliomacc/ros2_ws/install/lifecycle_py:/home/aliomacc/ros2_ws/install/lifecycle_cpp:/opt/ros/humble'), ('SHELL', '/bin/bash'), ('IGN_GAZEBO_SYSTEM_PLUGIN_PATH', '/usr/local/lib:'), ('LC_NAME', 'tr_TR.UTF-8'), ('TERMINATOR_UUID', 'urn:uuid:24409570-3bf1-4205-8564-983481cd0e08'), ('QT_ACCESSIBILITY', '1'), ('GDMSESSION', 'ubuntu-xorg'), ('LESSCLOSE', '/usr/bin/lesspipe %s %s'), ('LC_MEASUREMENT', 'tr_TR.UTF-8'), ('GPG_AGENT_INFO', '/run/user/1000/gnupg/S.gpg-agent:0:1'), ('GJS_DEBUG_OUTPUT', 'stderr'), ('LC_IDENTIFICATION', 'tr_TR.UTF-8'), ('QT_IM_MODULE', 'ibus'), ('PWD', '/home/aliomacc/sti_usv/build/workspace_gz'), ('TURTLEBOT3_MODEL', 'waffle'), ('XDG_CONFIG_DIRS', '/etc/xdg/xdg-ubuntu-xorg:/etc/xdg'), ('XDG_DATA_DIRS', '/usr/share/ubuntu-xorg:/usr/share/gnome:/home/aliomacc/.local/share/flatpak/exports/share:/var/lib/flatpak/exports/share:/usr/local/share/:/usr/share/:/var/lib/snapd/desktop'), ('PYTHONPATH', '/home/aliomacc/ros2_ws/install/actions_py/lib/python3.10/site-packages:/home/aliomacc/ros2_ws/install/my_robot_interfaces/local/lib/python3.10/dist-packages:/home/aliomacc/ros2_ws/install/lifecycle_py/lib/python3.10/site-packages:/opt/ros/humble/lib/python3.10/site-packages:/opt/ros/humble/local/lib/python3.10/dist-packages'), ('LC_NUMERIC', 'tr_TR.UTF-8'), ('LC_PAPER', 'tr_TR.UTF-8'), ('COLCON', '1'), ('VTE_VERSION', '6800'), ('CMAKE_PREFIX_PATH', '/home/aliomacc/turtlebot3_ws/install/turtlebot3_simulations:/home/aliomacc/turtlebot3_ws/install/turtlebot3_manipulation_gazebo:/home/aliomacc/turtlebot3_ws/install/turtlebot3_gazebo:/home/aliomacc/turtlebot3_ws/install/turtlebot3_fake_node:/home/aliomacc/ros2_ws/install/my_robot_interfaces:/home/aliomacc/ros2_ws/install/my_robot_description:/home/aliomacc/ros2_ws/install/my_robot_bringup:/home/aliomacc/ros2_ws/install/lifecycle_cpp:/home/aliomacc/ros2_ws/install/actions_py:/home/aliomacc/ros2_ws/install/lifecycle_py:/opt/ros/humble')]), 'shell': False}
[3.006204] (-) TimerEvent: {}
[3.036766] (workspace_gz) StdoutLine: {'line': b'[  1%] \x1b[32mBuilding CXX object CMakeFiles/ScoringPlugin.dir/plugins/ScoringPlugin.cc.o\x1b[0m\n'}
[3.037120] (workspace_gz) StdoutLine: {'line': b'[  3%] \x1b[32mBuilding CXX object CMakeFiles/Waves.dir/plugins/Wavefield.cc.o\x1b[0m\n'}
[3.106317] (-) TimerEvent: {}
[3.206670] (-) TimerEvent: {}
[3.307040] (-) TimerEvent: {}
[3.407427] (-) TimerEvent: {}
[3.508065] (-) TimerEvent: {}
[3.608825] (-) TimerEvent: {}
[3.709241] (-) TimerEvent: {}
[3.809681] (-) TimerEvent: {}
[3.910069] (-) TimerEvent: {}
[4.010684] (-) TimerEvent: {}
[4.111212] (-) TimerEvent: {}
[4.211701] (-) TimerEvent: {}
[4.312125] (-) TimerEvent: {}
[4.412399] (-) TimerEvent: {}
[4.512719] (-) TimerEvent: {}
[4.613111] (-) TimerEvent: {}
[4.713403] (-) TimerEvent: {}
[4.813827] (-) TimerEvent: {}
[4.914131] (-) TimerEvent: {}
[5.014518] (-) TimerEvent: {}
[5.115037] (-) TimerEvent: {}
[5.215996] (-) TimerEvent: {}
[5.316303] (-) TimerEvent: {}
[5.416594] (-) TimerEvent: {}
[5.516875] (-) TimerEvent: {}
[5.617156] (-) TimerEvent: {}
[5.717501] (-) TimerEvent: {}
[5.818041] (-) TimerEvent: {}
[5.919001] (-) TimerEvent: {}
[6.019438] (-) TimerEvent: {}
[6.119794] (-) TimerEvent: {}
[6.220128] (-) TimerEvent: {}
[6.320503] (-) TimerEvent: {}
[6.421091] (-) TimerEvent: {}
[6.521743] (-) TimerEvent: {}
[6.622124] (-) TimerEvent: {}
[6.722490] (-) TimerEvent: {}
[6.822874] (-) TimerEvent: {}
[6.923300] (-) TimerEvent: {}
[7.023701] (-) TimerEvent: {}
[7.124166] (-) TimerEvent: {}
[7.224526] (-) TimerEvent: {}
[7.324883] (-) TimerEvent: {}
[7.425183] (-) TimerEvent: {}
[7.434938] (workspace_gz) StderrLine: {'line': b'\x1b[01m\x1b[K/home/aliomacc/sti_usv/src/usv_sim/workspace_gz/plugins/Wavefield.cc:\x1b[m\x1b[K In constructor \xe2\x80\x98\x1b[01m\x1b[Kvrx::WavefieldPrivate::WavefieldPrivate()\x1b[m\x1b[K\xe2\x80\x99:\n'}
[7.435241] (workspace_gz) StderrLine: {'line': b'\x1b[01m\x1b[K/home/aliomacc/sti_usv/src/usv_sim/workspace_gz/plugins/Wavefield.cc:137:18:\x1b[m\x1b[K \x1b[01;35m\x1b[Kwarning: \x1b[m\x1b[K\xe2\x80\x98\x1b[01m\x1b[Kvrx::WavefieldPrivate::wavenumber\x1b[m\x1b[K\xe2\x80\x99 will be initialized after [\x1b[01;35m\x1b[K\x1b]8;;https://gcc.gnu.org/onlinedocs/gcc/Warning-Options.html#index-Wreorder\x07-Wreorder\x1b]8;;\x07\x1b[m\x1b[K]\n'}
[7.435383] (workspace_gz) StderrLine: {'line': b'  137 |   public: double \x1b[01;35m\x1b[Kwavenumber\x1b[m\x1b[K;\n'}
[7.435505] (workspace_gz) StderrLine: {'line': b'      |                  \x1b[01;35m\x1b[K^~~~~~~~~~\x1b[m\x1b[K\n'}
[7.435635] (workspace_gz) StderrLine: {'line': b'\x1b[01m\x1b[K/home/aliomacc/sti_usv/src/usv_sim/workspace_gz/plugins/Wavefield.cc:125:18:\x1b[m\x1b[K \x1b[01;35m\x1b[Kwarning: \x1b[m\x1b[K  \xe2\x80\x98\x1b[01m\x1b[Kdouble vrx::WavefieldPrivate::tau\x1b[m\x1b[K\xe2\x80\x99 [\x1b[01;35m\x1b[K\x1b]8;;https://gcc.gnu.org/onlinedocs/gcc/Warning-Options.html#index-Wreorder\x07-Wreorder\x1b]8;;\x07\x1b[m\x1b[K]\n'}
[7.435776] (workspace_gz) StderrLine: {'line': b'  125 |   public: double \x1b[01;35m\x1b[Ktau\x1b[m\x1b[K;\n'}
[7.435889] (workspace_gz) StderrLine: {'line': b'      |                  \x1b[01;35m\x1b[K^~~\x1b[m\x1b[K\n'}
[7.436008] (workspace_gz) StderrLine: {'line': b'\x1b[01m\x1b[K/home/aliomacc/sti_usv/src/usv_sim/workspace_gz/plugins/Wavefield.cc:50:11:\x1b[m\x1b[K \x1b[01;35m\x1b[Kwarning: \x1b[m\x1b[K  when initialized here [\x1b[01;35m\x1b[K\x1b]8;;https://gcc.gnu.org/onlinedocs/gcc/Warning-Options.html#index-Wreorder\x07-Wreorder\x1b]8;;\x07\x1b[m\x1b[K]\n'}
[7.436125] (workspace_gz) StderrLine: {'line': b'   50 |   public: \x1b[01;35m\x1b[KWavefieldPrivate\x1b[m\x1b[K():\n'}
[7.436239] (workspace_gz) StderrLine: {'line': b'      |           \x1b[01;35m\x1b[K^~~~~~~~~~~~~~~~\x1b[m\x1b[K\n'}
[7.525330] (-) TimerEvent: {}
[7.540489] (workspace_gz) StderrLine: {'line': b'/home/aliomacc/sti_usv/src/usv_sim/workspace_gz/plugins/Wavefield.cc: In instantiation of \xe2\x80\x98\x1b[01m\x1b[Kvrx::Wavefield::ComputeDepthDirectly(const Vector3d&, double, double)::<lambda(auto:24, auto:25, auto:26, auto:27&, auto:28&, auto:29&)> [with auto:24 = Eigen::Matrix<double, 2, 1>; auto:25 = Eigen::Matrix<double, 2, 1>; auto:26 = double; auto:27 = vrx::Wavefield::ComputeDepthDirectly(const Vector3d&, double, double)::WaveParams; auto:28 = Eigen::Matrix<double, 2, 1>; auto:29 = Eigen::Matrix<double, 2, 2>]\x1b[m\x1b[K\xe2\x80\x99:\n'}
[7.540810] (workspace_gz) StderrLine: {'line': b'\x1b[01m\x1b[K/home/aliomacc/sti_usv/src/usv_sim/workspace_gz/plugins/Wavefield.cc:853:18:\x1b[m\x1b[K   required from \xe2\x80\x98\x1b[01m\x1b[Kvrx::Wavefield::ComputeDepthDirectly(const Vector3d&, double, double)::<lambda(auto:30&, auto:31, auto:32, auto:33, auto:34&, auto:35, auto:36)> [with auto:30 = vrx::Wavefield::ComputeDepthDirectly(const Vector3d&, double, double)::<lambda(auto:24, auto:25, auto:26, auto:27&, auto:28&, auto:29&)>; auto:31 = Eigen::Matrix<double, 2, 1>; auto:32 = Eigen::Matrix<double, 2, 1>; auto:33 = double; auto:34 = vrx::Wavefield::ComputeDepthDirectly(const Vector3d&, double, double)::WaveParams; auto:35 = double; auto:36 = double]\x1b[m\x1b[K\xe2\x80\x99\n'}
[7.540973] (workspace_gz) StderrLine: {'line': b'\x1b[01m\x1b[K/home/aliomacc/sti_usv/src/usv_sim/workspace_gz/plugins/Wavefield.cc:878:27:\x1b[m\x1b[K   required from here\n'}
[7.541106] (workspace_gz) StderrLine: {'line': b'\x1b[01m\x1b[K/home/aliomacc/sti_usv/src/usv_sim/workspace_gz/plugins/Wavefield.cc:810:26:\x1b[m\x1b[K \x1b[01;35m\x1b[Kwarning: \x1b[m\x1b[Kcomparison of integer expressions of different signedness: \xe2\x80\x98\x1b[01m\x1b[Kint\x1b[m\x1b[K\xe2\x80\x99 and \xe2\x80\x98\x1b[01m\x1b[Kconst size_t\x1b[m\x1b[K\xe2\x80\x99 {aka \xe2\x80\x98\x1b[01m\x1b[Kconst long unsigned int\x1b[m\x1b[K\xe2\x80\x99} [\x1b[01;35m\x1b[K\x1b]8;;https://gcc.gnu.org/onlinedocs/gcc/Warning-Options.html#index-Wsign-compare\x07-Wsign-compare\x1b]8;;\x07\x1b[m\x1b[K]\n'}
[7.541244] (workspace_gz) StderrLine: {'line': b'  810 |     for (auto&& i = 0; \x1b[01;35m\x1b[Ki < n\x1b[m\x1b[K; ++i) // NOLINT\n'}
[7.541364] (workspace_gz) StderrLine: {'line': b'      |                        \x1b[01;35m\x1b[K~~^~~\x1b[m\x1b[K\n'}
[7.625472] (-) TimerEvent: {}
[7.725864] (-) TimerEvent: {}
[7.826231] (-) TimerEvent: {}
[7.926544] (-) TimerEvent: {}
[8.026862] (-) TimerEvent: {}
[8.127170] (-) TimerEvent: {}
[8.227505] (-) TimerEvent: {}
[8.327825] (-) TimerEvent: {}
[8.428139] (-) TimerEvent: {}
[8.528505] (-) TimerEvent: {}
[8.629037] (-) TimerEvent: {}
[8.729575] (-) TimerEvent: {}
[8.829966] (-) TimerEvent: {}
[8.930274] (-) TimerEvent: {}
[9.030603] (-) TimerEvent: {}
[9.130924] (-) TimerEvent: {}
[9.231240] (-) TimerEvent: {}
[9.282979] (workspace_gz) StderrLine: {'line': b'\x1b[01m\x1b[K/home/aliomacc/sti_usv/src/usv_sim/workspace_gz/plugins/ScoringPlugin.cc:\x1b[m\x1b[K In member function \xe2\x80\x98\x1b[01m\x1b[Kvirtual void vrx::ScoringPlugin::Configure(const Entity&, const std::shared_ptr<const sdf::v12::Element>&, ignition::gazebo::v6::EntityComponentManager&, ignition::gazebo::v6::EventManager&)\x1b[m\x1b[K\xe2\x80\x99:\n'}
[9.283212] (workspace_gz) StderrLine: {'line': b'\x1b[01m\x1b[K/home/aliomacc/sti_usv/src/usv_sim/workspace_gz/plugins/ScoringPlugin.cc:374:50:\x1b[m\x1b[K \x1b[01;35m\x1b[Kwarning: \x1b[m\x1b[Kunused parameter \xe2\x80\x98\x1b[01m\x1b[K_entity\x1b[m\x1b[K\xe2\x80\x99 [\x1b[01;35m\x1b[K\x1b]8;;https://gcc.gnu.org/onlinedocs/gcc/Warning-Options.html#index-Wunused-parameter\x07-Wunused-parameter\x1b]8;;\x07\x1b[m\x1b[K]\n'}
[9.283320] (workspace_gz) StderrLine: {'line': b'  374 | void ScoringPlugin::Configure(\x1b[01;35m\x1b[Kconst sim::Entity &_entity\x1b[m\x1b[K,\n'}
[9.283419] (workspace_gz) StderrLine: {'line': b'      |                               \x1b[01;35m\x1b[K~~~~~~~~~~~~~~~~~~~^~~~~~~\x1b[m\x1b[K\n'}
[9.283515] (workspace_gz) StderrLine: {'line': b'\x1b[01m\x1b[K/home/aliomacc/sti_usv/src/usv_sim/workspace_gz/plugins/ScoringPlugin.cc:376:34:\x1b[m\x1b[K \x1b[01;35m\x1b[Kwarning: \x1b[m\x1b[Kunused parameter \xe2\x80\x98\x1b[01m\x1b[K_ecm\x1b[m\x1b[K\xe2\x80\x99 [\x1b[01;35m\x1b[K\x1b]8;;https://gcc.gnu.org/onlinedocs/gcc/Warning-Options.html#index-Wunused-parameter\x07-Wunused-parameter\x1b]8;;\x07\x1b[m\x1b[K]\n'}
[9.283637] (workspace_gz) StderrLine: {'line': b'  376 |     \x1b[01;35m\x1b[Ksim::EntityComponentManager &_ecm\x1b[m\x1b[K,\n'}
[9.283744] (workspace_gz) StderrLine: {'line': b'      |     \x1b[01;35m\x1b[K~~~~~~~~~~~~~~~~~~~~~~~~~~~~~^~~~\x1b[m\x1b[K\n'}
[9.286980] (workspace_gz) StderrLine: {'line': b'\x1b[01m\x1b[K/home/aliomacc/sti_usv/src/usv_sim/workspace_gz/plugins/ScoringPlugin.cc:\x1b[m\x1b[K In member function \xe2\x80\x98\x1b[01m\x1b[Kvoid vrx::ScoringPlugin::OnContacts(const ignition::msgs::Contacts&)\x1b[m\x1b[K\xe2\x80\x99:\n'}
[9.287146] (workspace_gz) StderrLine: {'line': b'\x1b[01m\x1b[K/home/aliomacc/sti_usv/src/usv_sim/workspace_gz/plugins/ScoringPlugin.cc:614:30:\x1b[m\x1b[K \x1b[01;35m\x1b[Kwarning: \x1b[m\x1b[Kcomparison of integer expressions of different signedness: \xe2\x80\x98\x1b[01m\x1b[Kunsigned int\x1b[m\x1b[K\xe2\x80\x99 and \xe2\x80\x98\x1b[01m\x1b[Kint\x1b[m\x1b[K\xe2\x80\x99 [\x1b[01;35m\x1b[K\x1b]8;;https://gcc.gnu.org/onlinedocs/gcc/Warning-Options.html#index-Wsign-compare\x07-Wsign-compare\x1b]8;;\x07\x1b[m\x1b[K]\n'}
[9.287225] (workspace_gz) StderrLine: {'line': b'  614 |   for (unsigned int i = 0; \x1b[01;35m\x1b[Ki < _contacts.contact_size()\x1b[m\x1b[K; ++i)\n'}
[9.287296] (workspace_gz) StderrLine: {'line': b'      |                            \x1b[01;35m\x1b[K~~^~~~~~~~~~~~~~~~~~~~~~~~~~\x1b[m\x1b[K\n'}
[9.331346] (-) TimerEvent: {}
[9.431677] (-) TimerEvent: {}
[9.531999] (-) TimerEvent: {}
[9.632307] (-) TimerEvent: {}
[9.732616] (-) TimerEvent: {}
[9.832932] (-) TimerEvent: {}
[9.933231] (-) TimerEvent: {}
[10.033532] (-) TimerEvent: {}
[10.133851] (-) TimerEvent: {}
[10.234147] (-) TimerEvent: {}
[10.334453] (-) TimerEvent: {}
[10.434755] (-) TimerEvent: {}
[10.535041] (-) TimerEvent: {}
[10.548743] (workspace_gz) StdoutLine: {'line': b'[  5%] \x1b[32m\x1b[1mLinking CXX shared library libWaves.so\x1b[0m\n'}
[10.635171] (-) TimerEvent: {}
[10.735513] (-) TimerEvent: {}
[10.835883] (-) TimerEvent: {}
[10.848455] (workspace_gz) StdoutLine: {'line': b'[  5%] Built target Waves\n'}
[10.935980] (-) TimerEvent: {}
[11.036210] (-) TimerEvent: {}
[11.136438] (-) TimerEvent: {}
[11.236709] (-) TimerEvent: {}
[11.336941] (-) TimerEvent: {}
[11.437168] (-) TimerEvent: {}
[11.537393] (-) TimerEvent: {}
[11.637628] (-) TimerEvent: {}
[11.737858] (-) TimerEvent: {}
[11.838080] (-) TimerEvent: {}
[11.938355] (-) TimerEvent: {}
[12.038637] (-) TimerEvent: {}
[12.138863] (-) TimerEvent: {}
[12.239098] (-) TimerEvent: {}
[12.339518] (-) TimerEvent: {}
[12.439809] (-) TimerEvent: {}
[12.540131] (-) TimerEvent: {}
[12.593772] (workspace_gz) StdoutLine: {'line': b'[  7%] \x1b[32m\x1b[1mLinking CXX shared library libScoringPlugin.so\x1b[0m\n'}
[12.640248] (-) TimerEvent: {}
[12.740515] (-) TimerEvent: {}
[12.840779] (-) TimerEvent: {}
[12.922296] (workspace_gz) StdoutLine: {'line': b'[  7%] Built target ScoringPlugin\n'}
[12.941711] (-) TimerEvent: {}
[12.948014] (workspace_gz) StdoutLine: {'line': b'[ 16%] \x1b[32mBuilding CXX object CMakeFiles/USVWind.dir/plugins/USVWind.cc.o\x1b[0m\n'}
[12.948293] (workspace_gz) StdoutLine: {'line': b'[ 16%] \x1b[32mBuilding CXX object CMakeFiles/StationkeepingScoringPlugin.dir/plugins/StationkeepingScoringPlugin.cc.o\x1b[0m\n'}
[12.948405] (workspace_gz) StdoutLine: {'line': b'[ 16%] \x1b[32mBuilding CXX object CMakeFiles/WaveVisual.dir/plugins/WaveVisual.cc.o\x1b[0m\n'}
[12.948503] (workspace_gz) StdoutLine: {'line': b'[ 16%] \x1b[32mBuilding CXX object CMakeFiles/Surface.dir/plugins/Surface.cc.o\x1b[0m\n'}
[12.950040] (workspace_gz) StdoutLine: {'line': b'[ 18%] \x1b[32mBuilding CXX object CMakeFiles/SimpleHydrodynamics.dir/plugins/SimpleHydrodynamics.cc.o\x1b[0m\n'}
[12.950241] (workspace_gz) StdoutLine: {'line': b'[ 22%] \x1b[32mBuilding CXX object CMakeFiles/WayfindingScoringPlugin.dir/plugins/WayfindingScoringPlugin.cc.o\x1b[0m\n'}
[12.950360] (workspace_gz) StdoutLine: {'line': b'[ 22%] \x1b[32mBuilding CXX object CMakeFiles/AcousticPerceptionScoringPlugin.dir/plugins/AcousticPerceptionScoringPlugin.cc.o\x1b[0m\n'}
[12.950465] (workspace_gz) StdoutLine: {'line': b'[ 22%] \x1b[32mBuilding CXX object CMakeFiles/PolyhedraBuoyancyDrag.dir/plugins/PolyhedraBuoyancyDrag.cc.o\x1b[0m\n'}
[13.042691] (-) TimerEvent: {}
[13.143035] (-) TimerEvent: {}
[13.245772] (-) TimerEvent: {}
[13.346133] (-) TimerEvent: {}
[13.446548] (-) TimerEvent: {}
[13.546945] (-) TimerEvent: {}
[13.647393] (-) TimerEvent: {}
[13.750750] (-) TimerEvent: {}
[13.853716] (-) TimerEvent: {}
[13.954118] (-) TimerEvent: {}
[14.054520] (-) TimerEvent: {}
[14.154967] (-) TimerEvent: {}
[14.255522] (-) TimerEvent: {}
[14.356015] (-) TimerEvent: {}
[14.459876] (-) TimerEvent: {}
[14.562381] (-) TimerEvent: {}
[14.665218] (-) TimerEvent: {}
[14.765654] (-) TimerEvent: {}
[14.866062] (-) TimerEvent: {}
[14.966419] (-) TimerEvent: {}
[15.066825] (-) TimerEvent: {}
[15.167182] (-) TimerEvent: {}
[15.267574] (-) TimerEvent: {}
[15.369688] (-) TimerEvent: {}
[15.470048] (-) TimerEvent: {}
[15.570403] (-) TimerEvent: {}
[15.670790] (-) TimerEvent: {}
[15.771152] (-) TimerEvent: {}
[15.871572] (-) TimerEvent: {}
[15.975010] (-) TimerEvent: {}
[16.078964] (-) TimerEvent: {}
[16.179366] (-) TimerEvent: {}
[16.279830] (-) TimerEvent: {}
[16.380308] (-) TimerEvent: {}
[16.480799] (-) TimerEvent: {}
[16.583924] (-) TimerEvent: {}
[16.684267] (-) TimerEvent: {}
[16.784632] (-) TimerEvent: {}
[16.884984] (-) TimerEvent: {}
[16.985342] (-) TimerEvent: {}
[17.085723] (-) TimerEvent: {}
[17.189134] (-) TimerEvent: {}
[17.290048] (-) TimerEvent: {}
[17.391328] (-) TimerEvent: {}
[17.491713] (-) TimerEvent: {}
[17.592277] (-) TimerEvent: {}
[17.692687] (-) TimerEvent: {}
[17.793080] (-) TimerEvent: {}
[17.893671] (-) TimerEvent: {}
[17.996702] (-) TimerEvent: {}
[18.097088] (-) TimerEvent: {}
[18.197460] (-) TimerEvent: {}
[18.297930] (-) TimerEvent: {}
[18.400855] (-) TimerEvent: {}
[18.501274] (-) TimerEvent: {}
[18.601758] (-) TimerEvent: {}
[18.702150] (-) TimerEvent: {}
[18.802555] (-) TimerEvent: {}
[18.903827] (-) TimerEvent: {}
[19.004217] (-) TimerEvent: {}
[19.104604] (-) TimerEvent: {}
[19.207045] (-) TimerEvent: {}
[19.307452] (-) TimerEvent: {}
[19.407851] (-) TimerEvent: {}
[19.508246] (-) TimerEvent: {}
[19.608677] (-) TimerEvent: {}
[19.710695] (-) TimerEvent: {}
[19.811095] (-) TimerEvent: {}
[19.911489] (-) TimerEvent: {}
[20.011889] (-) TimerEvent: {}
[20.112293] (-) TimerEvent: {}
[20.215696] (-) TimerEvent: {}
[20.316087] (-) TimerEvent: {}
[20.416457] (-) TimerEvent: {}
[20.516830] (-) TimerEvent: {}
[20.617188] (-) TimerEvent: {}
[20.717576] (-) TimerEvent: {}
[20.817986] (-) TimerEvent: {}
[20.918382] (-) TimerEvent: {}
[21.018794] (-) TimerEvent: {}
[21.120713] (-) TimerEvent: {}
[21.221105] (-) TimerEvent: {}
[21.321509] (-) TimerEvent: {}
[21.422002] (-) TimerEvent: {}
[21.525862] (-) TimerEvent: {}
[21.626270] (-) TimerEvent: {}
[21.726655] (-) TimerEvent: {}
[21.827034] (-) TimerEvent: {}
[21.927391] (-) TimerEvent: {}
[22.029702] (-) TimerEvent: {}
[22.130063] (-) TimerEvent: {}
[22.230423] (-) TimerEvent: {}
[22.330809] (-) TimerEvent: {}
[22.413210] (workspace_gz) StderrLine: {'line': b'\x1b[01m\x1b[K/home/aliomacc/sti_usv/src/usv_sim/workspace_gz/plugins/WayfindingScoringPlugin.cc:\x1b[m\x1b[K In member function \xe2\x80\x98\x1b[01m\x1b[Kvirtual void vrx::WayfindingScoringPlugin::Configure(const Entity&, const std::shared_ptr<const sdf::v12::Element>&, ignition::gazebo::v6::EntityComponentManager&, ignition::gazebo::v6::EventManager&)\x1b[m\x1b[K\xe2\x80\x99:\n'}
[22.416806] (workspace_gz) StderrLine: {'line': b'\x1b[01m\x1b[K/home/aliomacc/sti_usv/src/usv_sim/workspace_gz/plugins/WayfindingScoringPlugin.cc:205:21:\x1b[m\x1b[K \x1b[01;35m\x1b[Kwarning: \x1b[m\x1b[Kloop variable \xe2\x80\x98\x1b[01m\x1b[Kwaypoint\x1b[m\x1b[K\xe2\x80\x99 creates a copy from type \xe2\x80\x98\x1b[01m\x1b[Kconst ignition::math::v6::Vector3<double>\x1b[m\x1b[K\xe2\x80\x99 [\x1b[01;35m\x1b[K\x1b]8;;https://gcc.gnu.org/onlinedocs/gcc/Warning-Options.html#index-Wrange-loop-construct\x07-Wrange-loop-construct\x1b]8;;\x07\x1b[m\x1b[K]\n'}
[22.417053] (workspace_gz) StderrLine: {'line': b'  205 |     for (const auto \x1b[01;35m\x1b[Kwaypoint\x1b[m\x1b[K : this->dataPtr->localWaypoints)\n'}
[22.417185] (workspace_gz) StderrLine: {'line': b'      |                     \x1b[01;35m\x1b[K^~~~~~~~\x1b[m\x1b[K\n'}
[22.417303] (workspace_gz) StderrLine: {'line': b'\x1b[01m\x1b[K/home/aliomacc/sti_usv/src/usv_sim/workspace_gz/plugins/WayfindingScoringPlugin.cc:205:21:\x1b[m\x1b[K \x1b[01;36m\x1b[Knote: \x1b[m\x1b[Kuse reference type to prevent copying\n'}
[22.417417] (workspace_gz) StderrLine: {'line': b'  205 |     for (const auto \x1b[01;36m\x1b[Kwaypoint\x1b[m\x1b[K : this->dataPtr->localWaypoints)\n'}
[22.417524] (workspace_gz) StderrLine: {'line': b'      |                     \x1b[01;36m\x1b[K^~~~~~~~\x1b[m\x1b[K\n'}
[22.417642] (workspace_gz) StderrLine: {'line': b'      |                     \x1b[32m\x1b[K&\x1b[m\x1b[K\n'}
[22.434693] (-) TimerEvent: {}
[22.535054] (-) TimerEvent: {}
[22.635422] (-) TimerEvent: {}
[22.735819] (-) TimerEvent: {}
[22.836174] (-) TimerEvent: {}
[22.936519] (-) TimerEvent: {}
[23.036892] (-) TimerEvent: {}
[23.137242] (-) TimerEvent: {}
[23.237592] (-) TimerEvent: {}
[23.337952] (-) TimerEvent: {}
[23.368698] (workspace_gz) StderrLine: {'line': b'In file included from \x1b[01m\x1b[K/home/aliomacc/sti_usv/src/usv_sim/workspace_gz/plugins/USVWind.cc:16\x1b[m\x1b[K:\n'}
[23.368957] (workspace_gz) StderrLine: {'line': b'\x1b[01m\x1b[K/home/aliomacc/sti_usv/src/usv_sim/workspace_gz/plugins/USVWind.hh:92:44:\x1b[m\x1b[K \x1b[01;35m\x1b[Kwarning: \x1b[m\x1b[Kextra \xe2\x80\x98\x1b[01m\x1b[K;\x1b[m\x1b[K\xe2\x80\x99 [\x1b[01;35m\x1b[K\x1b]8;;https://gcc.gnu.org/onlinedocs/gcc/Warning-Options.html#index-Wpedantic\x07-Wpedantic\x1b]8;;\x07\x1b[m\x1b[K]\n'}
[23.369092] (workspace_gz) StderrLine: {'line': b'   92 |          IGN_UTILS_UNIQUE_IMPL_PTR(dataPtr)\x1b[01;35m\x1b[K;\x1b[m\x1b[K\n'}
[23.369198] (workspace_gz) StderrLine: {'line': b'      |                                            \x1b[01;35m\x1b[K^\x1b[m\x1b[K\n'}
[23.369299] (workspace_gz) StderrLine: {'line': b'      |                                            \x1b[31m\x1b[K-\x1b[m\x1b[K\n'}
[23.404225] (workspace_gz) StderrLine: {'line': b'\x1b[01m\x1b[K/home/aliomacc/sti_usv/src/usv_sim/workspace_gz/plugins/USVWind.cc:\x1b[m\x1b[K In member function \xe2\x80\x98\x1b[01m\x1b[Kvirtual void vrx::USVWind::Configure(const Entity&, const std::shared_ptr<const sdf::v12::Element>&, ignition::gazebo::v6::EntityComponentManager&, ignition::gazebo::v6::EventManager&)\x1b[m\x1b[K\xe2\x80\x99:\n'}
[23.404581] (workspace_gz) StderrLine: {'line': b'\x1b[01m\x1b[K/home/aliomacc/sti_usv/src/usv_sim/workspace_gz/plugins/USVWind.cc:116:44:\x1b[m\x1b[K \x1b[01;35m\x1b[Kwarning: \x1b[m\x1b[Kunused parameter \xe2\x80\x98\x1b[01m\x1b[K_entity\x1b[m\x1b[K\xe2\x80\x99 [\x1b[01;35m\x1b[K\x1b]8;;https://gcc.gnu.org/onlinedocs/gcc/Warning-Options.html#index-Wunused-parameter\x07-Wunused-parameter\x1b]8;;\x07\x1b[m\x1b[K]\n'}
[23.404745] (workspace_gz) StderrLine: {'line': b'  116 | void USVWind::Configure(\x1b[01;35m\x1b[Kconst sim::Entity &_entity\x1b[m\x1b[K,\n'}
[23.404864] (workspace_gz) StderrLine: {'line': b'      |                         \x1b[01;35m\x1b[K~~~~~~~~~~~~~~~~~~~^~~~~~~\x1b[m\x1b[K\n'}
[23.404972] (workspace_gz) StderrLine: {'line': b'\x1b[01m\x1b[K/home/aliomacc/sti_usv/src/usv_sim/workspace_gz/plugins/USVWind.cc:118:54:\x1b[m\x1b[K \x1b[01;35m\x1b[Kwarning: \x1b[m\x1b[Kunused parameter \xe2\x80\x98\x1b[01m\x1b[K_ecm\x1b[m\x1b[K\xe2\x80\x99 [\x1b[01;35m\x1b[K\x1b]8;;https://gcc.gnu.org/onlinedocs/gcc/Warning-Options.html#index-Wunused-parameter\x07-Wunused-parameter\x1b]8;;\x07\x1b[m\x1b[K]\n'}
[23.405094] (workspace_gz) StderrLine: {'line': b'  118 |                         \x1b[01;35m\x1b[Ksim::EntityComponentManager &_ecm\x1b[m\x1b[K,\n'}
[23.405223] (workspace_gz) StderrLine: {'line': b'      |                         \x1b[01;35m\x1b[K~~~~~~~~~~~~~~~~~~~~~~~~~~~~~^~~~\x1b[m\x1b[K\n'}
[23.438062] (-) TimerEvent: {}
[23.538410] (-) TimerEvent: {}
[23.638830] (-) TimerEvent: {}
[23.739221] (-) TimerEvent: {}
[23.839707] (-) TimerEvent: {}
[23.940127] (-) TimerEvent: {}
[24.043699] (-) TimerEvent: {}
[24.144069] (-) TimerEvent: {}
[24.244417] (-) TimerEvent: {}
[24.344803] (-) TimerEvent: {}
[24.445153] (-) TimerEvent: {}
[24.545540] (-) TimerEvent: {}
[24.645976] (-) TimerEvent: {}
[24.746456] (-) TimerEvent: {}
[24.849865] (-) TimerEvent: {}
[24.950226] (-) TimerEvent: {}
[25.050644] (-) TimerEvent: {}
[25.151111] (-) TimerEvent: {}
[25.251468] (-) TimerEvent: {}
[25.353720] (-) TimerEvent: {}
[25.454051] (-) TimerEvent: {}
[25.554464] (-) TimerEvent: {}
[25.654873] (-) TimerEvent: {}
[25.755239] (-) TimerEvent: {}
[25.855641] (-) TimerEvent: {}
[25.959689] (-) TimerEvent: {}
[26.044215] (workspace_gz) StdoutLine: {'line': b'[ 24%] \x1b[32m\x1b[1mLinking CXX shared library libSimpleHydrodynamics.so\x1b[0m\n'}
[26.059799] (-) TimerEvent: {}
[26.160144] (-) TimerEvent: {}
[26.260488] (-) TimerEvent: {}
[26.360872] (-) TimerEvent: {}
[26.461247] (-) TimerEvent: {}
[26.561777] (-) TimerEvent: {}
[26.662649] (-) TimerEvent: {}
[26.765813] (-) TimerEvent: {}
[26.821861] (workspace_gz) StdoutLine: {'line': b'[ 24%] Built target SimpleHydrodynamics\n'}
[26.844392] (workspace_gz) StdoutLine: {'line': b'[ 26%] \x1b[32mBuilding CXX object CMakeFiles/AcousticPerceptionScoringPlugin.dir/plugins/WaypointMarkers.cc.o\x1b[0m\n'}
[26.866016] (-) TimerEvent: {}
[26.967684] (-) TimerEvent: {}
[27.068104] (-) TimerEvent: {}
[27.169816] (-) TimerEvent: {}
[27.270235] (-) TimerEvent: {}
[27.370681] (-) TimerEvent: {}
[27.471036] (-) TimerEvent: {}
[27.574857] (-) TimerEvent: {}
[27.675199] (-) TimerEvent: {}
[27.775516] (-) TimerEvent: {}
[27.875848] (-) TimerEvent: {}
[27.976163] (-) TimerEvent: {}
[28.076509] (-) TimerEvent: {}
[28.176857] (-) TimerEvent: {}
[28.277190] (-) TimerEvent: {}
[28.293821] (workspace_gz) StdoutLine: {'line': b'[ 28%] \x1b[32mBuilding CXX object CMakeFiles/PolyhedraBuoyancyDrag.dir/plugins/PolyhedronVolume.cc.o\x1b[0m\n'}
[28.377293] (-) TimerEvent: {}
[28.477604] (-) TimerEvent: {}
[28.579685] (-) TimerEvent: {}
[28.680009] (-) TimerEvent: {}
[28.780352] (-) TimerEvent: {}
[28.875750] (workspace_gz) StdoutLine: {'line': b'[ 30%] \x1b[32m\x1b[1mLinking CXX shared library libSurface.so\x1b[0m\n'}
[28.880467] (-) TimerEvent: {}
[28.980951] (-) TimerEvent: {}
[29.048111] (workspace_gz) StdoutLine: {'line': b'[ 32%] \x1b[32mBuilding CXX object CMakeFiles/StationkeepingScoringPlugin.dir/plugins/WaypointMarkers.cc.o\x1b[0m\n'}
[29.081060] (-) TimerEvent: {}
[29.116292] (workspace_gz) StdoutLine: {'line': b'[ 33%] \x1b[32mBuilding CXX object CMakeFiles/AcousticTrackingScoringPlugin.dir/plugins/AcousticTrackingScoringPlugin.cc.o\x1b[0m\n'}
[29.181193] (-) TimerEvent: {}
[29.269714] (workspace_gz) StdoutLine: {'line': b'[ 35%] \x1b[32mBuilding CXX object CMakeFiles/WayfindingScoringPlugin.dir/plugins/WaypointMarkers.cc.o\x1b[0m\n'}
[29.281316] (-) TimerEvent: {}
[29.381691] (-) TimerEvent: {}
[29.482039] (-) TimerEvent: {}
[29.582404] (-) TimerEvent: {}
[29.628663] (workspace_gz) StderrLine: {'line': b'In file included from \x1b[01m\x1b[K/usr/include/c++/11/cassert:44\x1b[m\x1b[K,\n'}
[29.629019] (workspace_gz) StderrLine: {'line': b'                 from \x1b[01m\x1b[K/home/aliomacc/sti_usv/src/usv_sim/workspace_gz/plugins/PolyhedronVolume.cc:18\x1b[m\x1b[K:\n'}
[29.629153] (workspace_gz) StderrLine: {'line': b'\x1b[01m\x1b[K/home/aliomacc/sti_usv/src/usv_sim/workspace_gz/plugins/PolyhedronVolume.cc:\x1b[m\x1b[K In static member function \xe2\x80\x98\x1b[01m\x1b[Kstatic vrx::Polyhedron vrx::Polyhedron::makeCylinder(double, double, int)\x1b[m\x1b[K\xe2\x80\x99:\n'}
[29.629252] (workspace_gz) StderrLine: {'line': b'\x1b[01m\x1b[K/home/aliomacc/sti_usv/src/usv_sim/workspace_gz/plugins/PolyhedronVolume.cc:126:35:\x1b[m\x1b[K \x1b[01;35m\x1b[Kwarning: \x1b[m\x1b[Kcomparison of integer expressions of different signedness: \xe2\x80\x98\x1b[01m\x1b[Kstd::vector<ignition::math::v6::Vector3<double> >::size_type\x1b[m\x1b[K\xe2\x80\x99 {aka \xe2\x80\x98\x1b[01m\x1b[Klong unsigned int\x1b[m\x1b[K\xe2\x80\x99} and \xe2\x80\x98\x1b[01m\x1b[Kint\x1b[m\x1b[K\xe2\x80\x99 [\x1b[01;35m\x1b[K\x1b]8;;https://gcc.gnu.org/onlinedocs/gcc/Warning-Options.html#index-Wsign-compare\x07-Wsign-compare\x1b]8;;\x07\x1b[m\x1b[K]\n'}
[29.629352] (workspace_gz) StderrLine: {'line': b'  126 |   assert(\x1b[01;35m\x1b[Kcylinder.vertices.size() == 2 * _n + 2\x1b[m\x1b[K);\n'}
[29.629441] (workspace_gz) StderrLine: {'line': b'      |          \x1b[01;35m\x1b[K~~~~~~~~~~~~~~~~~~~~~~~~~^~~~~~~~~~~~~\x1b[m\x1b[K\n'}
[29.629529] (workspace_gz) StderrLine: {'line': b'\x1b[01m\x1b[K/home/aliomacc/sti_usv/src/usv_sim/workspace_gz/plugins/PolyhedronVolume.cc:127:32:\x1b[m\x1b[K \x1b[01;35m\x1b[Kwarning: \x1b[m\x1b[Kcomparison of integer expressions of different signedness: \xe2\x80\x98\x1b[01m\x1b[Kstd::vector<vrx::Polyhedron::Face>::size_type\x1b[m\x1b[K\xe2\x80\x99 {aka \xe2\x80\x98\x1b[01m\x1b[Klong unsigned int\x1b[m\x1b[K\xe2\x80\x99} and \xe2\x80\x98\x1b[01m\x1b[Kint\x1b[m\x1b[K\xe2\x80\x99 [\x1b[01;35m\x1b[K\x1b]8;;https://gcc.gnu.org/onlinedocs/gcc/Warning-Options.html#index-Wsign-compare\x07-Wsign-compare\x1b]8;;\x07\x1b[m\x1b[K]\n'}
[29.629632] (workspace_gz) StderrLine: {'line': b'  127 |   assert(\x1b[01;35m\x1b[Kcylinder.faces.size() == 4 * _n\x1b[m\x1b[K);\n'}
[29.629729] (workspace_gz) StderrLine: {'line': b'      |          \x1b[01;35m\x1b[K~~~~~~~~~~~~~~~~~~~~~~^~~~~~~~~\x1b[m\x1b[K\n'}
[29.682693] (-) TimerEvent: {}
[29.695912] (workspace_gz) StdoutLine: {'line': b'[ 35%] Built target Surface\n'}
[29.708367] (workspace_gz) StdoutLine: {'line': b'[ 37%] \x1b[32mBuilding CXX object CMakeFiles/PolyhedraBuoyancyDrag.dir/plugins/ShapeVolume.cc.o\x1b[0m\n'}
[29.747788] (workspace_gz) StdoutLine: {'line': b'[ 39%] \x1b[32m\x1b[1mLinking CXX shared library libUSVWind.so\x1b[0m\n'}
[29.784731] (-) TimerEvent: {}
[29.885172] (-) TimerEvent: {}
[29.985570] (-) TimerEvent: {}
[30.086069] (-) TimerEvent: {}
[30.184397] (workspace_gz) StdoutLine: {'line': b'[ 41%] \x1b[32m\x1b[1mLinking CXX shared library libWaveVisual.so\x1b[0m\n'}
[30.188808] (-) TimerEvent: {}
[30.289234] (-) TimerEvent: {}
[30.389666] (-) TimerEvent: {}
[30.490082] (-) TimerEvent: {}
[30.590479] (-) TimerEvent: {}
[30.598324] (workspace_gz) StdoutLine: {'line': b'[ 41%] Built target USVWind\n'}
[30.617965] (workspace_gz) StdoutLine: {'line': b'[ 43%] \x1b[32mBuilding CXX object CMakeFiles/AcousticTrackingScoringPlugin.dir/plugins/WaypointMarkers.cc.o\x1b[0m\n'}
[30.690606] (-) TimerEvent: {}
[30.791056] (-) TimerEvent: {}
[30.891461] (-) TimerEvent: {}
[30.991891] (-) TimerEvent: {}
[31.093821] (-) TimerEvent: {}
[31.101098] (workspace_gz) StdoutLine: {'line': b'[ 43%] Built target WaveVisual\n'}
[31.134544] (workspace_gz) StdoutLine: {'line': b'[ 45%] \x1b[32mBuilding CXX object CMakeFiles/AcousticPingerPlugin.dir/plugins/AcousticPingerPlugin.cc.o\x1b[0m\n'}
[31.193930] (-) TimerEvent: {}
[31.294825] (-) TimerEvent: {}
[31.395186] (-) TimerEvent: {}
[31.496844] (-) TimerEvent: {}
[31.597193] (-) TimerEvent: {}
[31.697551] (-) TimerEvent: {}
[31.797915] (-) TimerEvent: {}
[31.900718] (-) TimerEvent: {}
[32.001113] (-) TimerEvent: {}
[32.101468] (-) TimerEvent: {}
[32.201833] (-) TimerEvent: {}
[32.302203] (-) TimerEvent: {}
[32.386691] (workspace_gz) StdoutLine: {'line': b'[ 47%] \x1b[32mBuilding CXX object CMakeFiles/BallShooterPlugin.dir/plugins/BallShooterPlugin.cc.o\x1b[0m\n'}
[32.402311] (-) TimerEvent: {}
[32.502677] (-) TimerEvent: {}
[32.603054] (-) TimerEvent: {}
[32.706863] (-) TimerEvent: {}
[32.807244] (-) TimerEvent: {}
[32.907616] (-) TimerEvent: {}
[33.008024] (-) TimerEvent: {}
[33.108396] (-) TimerEvent: {}
[33.208766] (-) TimerEvent: {}
[33.309136] (-) TimerEvent: {}
[33.409505] (-) TimerEvent: {}
[33.509878] (-) TimerEvent: {}
[33.610249] (-) TimerEvent: {}
[33.713693] (-) TimerEvent: {}
[33.814088] (-) TimerEvent: {}
[33.914492] (-) TimerEvent: {}
[34.014897] (-) TimerEvent: {}
[34.115276] (-) TimerEvent: {}
[34.215630] (-) TimerEvent: {}
[34.315998] (-) TimerEvent: {}
[34.416365] (-) TimerEvent: {}
[34.516778] (-) TimerEvent: {}
[34.618693] (-) TimerEvent: {}
[34.719045] (-) TimerEvent: {}
[34.819408] (-) TimerEvent: {}
[34.919772] (-) TimerEvent: {}
[35.020127] (-) TimerEvent: {}
[35.121706] (-) TimerEvent: {}
[35.222104] (-) TimerEvent: {}
[35.322489] (-) TimerEvent: {}
[35.425695] (-) TimerEvent: {}
[35.526066] (-) TimerEvent: {}
[35.626448] (-) TimerEvent: {}
[35.726838] (-) TimerEvent: {}
[35.827221] (-) TimerEvent: {}
[35.927835] (-) TimerEvent: {}
[36.028198] (-) TimerEvent: {}
[36.128582] (-) TimerEvent: {}
[36.184657] (workspace_gz) StdoutLine: {'line': b'[ 49%] \x1b[32m\x1b[1mLinking CXX shared library libPolyhedraBuoyancyDrag.so\x1b[0m\n'}
[36.228701] (-) TimerEvent: {}
[36.329118] (-) TimerEvent: {}
[36.430718] (-) TimerEvent: {}
[36.531173] (-) TimerEvent: {}
[36.631582] (-) TimerEvent: {}
[36.732030] (-) TimerEvent: {}
[36.834722] (-) TimerEvent: {}
[36.935190] (-) TimerEvent: {}
[37.035587] (-) TimerEvent: {}
[37.135970] (-) TimerEvent: {}
[37.202538] (workspace_gz) StdoutLine: {'line': b'[ 49%] Built target PolyhedraBuoyancyDrag\n'}
[37.233919] (workspace_gz) StdoutLine: {'line': b'[ 50%] \x1b[32mBuilding CXX object CMakeFiles/LightBuoyPlugin.dir/plugins/LightBuoyPlugin.cc.o\x1b[0m\n'}
[37.236072] (-) TimerEvent: {}
[37.338117] (-) TimerEvent: {}
[37.438483] (-) TimerEvent: {}
[37.538836] (-) TimerEvent: {}
[37.639191] (-) TimerEvent: {}
[37.739551] (-) TimerEvent: {}
[37.842695] (-) TimerEvent: {}
[37.943046] (-) TimerEvent: {}
[38.043425] (-) TimerEvent: {}
[38.143810] (-) TimerEvent: {}
[38.244222] (-) TimerEvent: {}
[38.344596] (-) TimerEvent: {}
[38.440668] (workspace_gz) StdoutLine: {'line': b'[ 52%] \x1b[32m\x1b[1mLinking CXX shared library libAcousticPerceptionScoringPlugin.so\x1b[0m\n'}
[38.444714] (-) TimerEvent: {}
[38.546900] (-) TimerEvent: {}
[38.647348] (-) TimerEvent: {}
[38.747869] (-) TimerEvent: {}
[38.848375] (-) TimerEvent: {}
[38.950907] (-) TimerEvent: {}
[39.051317] (-) TimerEvent: {}
[39.151706] (-) TimerEvent: {}
[39.252117] (-) TimerEvent: {}
[39.352513] (-) TimerEvent: {}
[39.452896] (-) TimerEvent: {}
[39.454809] (workspace_gz) StdoutLine: {'line': b'[ 52%] Built target AcousticPerceptionScoringPlugin\n'}
[39.484449] (workspace_gz) StdoutLine: {'line': b'[ 54%] \x1b[32mBuilding CXX object CMakeFiles/NavigationScoringPlugin.dir/plugins/NavigationScoringPlugin.cc.o\x1b[0m\n'}
[39.553007] (-) TimerEvent: {}
[39.639439] (workspace_gz) StderrLine: {'line': b'\x1b[01m\x1b[K/home/aliomacc/sti_usv/src/usv_sim/workspace_gz/plugins/AcousticPingerPlugin.cc:\x1b[m\x1b[K In member function \xe2\x80\x98\x1b[01m\x1b[Kbool vrx::AcousticPingerPlugin::Implementation::ParseSDFParameters(ignition::gazebo::v6::EntityComponentManager&)\x1b[m\x1b[K\xe2\x80\x99:\n'}
[39.639724] (workspace_gz) StderrLine: {'line': b'\x1b[01m\x1b[K/home/aliomacc/sti_usv/src/usv_sim/workspace_gz/plugins/AcousticPingerPlugin.cc:100:32:\x1b[m\x1b[K \x1b[01;35m\x1b[Kwarning: \x1b[m\x1b[Kunused parameter \xe2\x80\x98\x1b[01m\x1b[K_ecm\x1b[m\x1b[K\xe2\x80\x99 [\x1b[01;35m\x1b[K\x1b]8;;https://gcc.gnu.org/onlinedocs/gcc/Warning-Options.html#index-Wunused-parameter\x07-Wunused-parameter\x1b]8;;\x07\x1b[m\x1b[K]\n'}
[39.639859] (workspace_gz) StderrLine: {'line': b'  100 |   \x1b[01;35m\x1b[Ksim::EntityComponentManager &_ecm\x1b[m\x1b[K)\n'}
[39.639961] (workspace_gz) StderrLine: {'line': b'      |   \x1b[01;35m\x1b[K~~~~~~~~~~~~~~~~~~~~~~~~~~~~~^~~~\x1b[m\x1b[K\n'}
[39.648688] (workspace_gz) StderrLine: {'line': b'\x1b[01m\x1b[K/home/aliomacc/sti_usv/src/usv_sim/workspace_gz/plugins/AcousticPingerPlugin.cc:\x1b[m\x1b[K In member function \xe2\x80\x98\x1b[01m\x1b[Kvirtual void vrx::AcousticPingerPlugin::Configure(const Entity&, const std::shared_ptr<const sdf::v12::Element>&, ignition::gazebo::v6::EntityComponentManager&, ignition::gazebo::v6::EventManager&)\x1b[m\x1b[K\xe2\x80\x99:\n'}
[39.648928] (workspace_gz) StderrLine: {'line': b'\x1b[01m\x1b[K/home/aliomacc/sti_usv/src/usv_sim/workspace_gz/plugins/AcousticPingerPlugin.cc:197:57:\x1b[m\x1b[K \x1b[01;35m\x1b[Kwarning: \x1b[m\x1b[Kunused parameter \xe2\x80\x98\x1b[01m\x1b[K_eventMgr\x1b[m\x1b[K\xe2\x80\x99 [\x1b[01;35m\x1b[K\x1b]8;;https://gcc.gnu.org/onlinedocs/gcc/Warning-Options.html#index-Wunused-parameter\x07-Wunused-parameter\x1b]8;;\x07\x1b[m\x1b[K]\n'}
[39.649040] (workspace_gz) StderrLine: {'line': b'  197 |   sim::EntityComponentManager &_ecm, \x1b[01;35m\x1b[Ksim::EventManager &_eventMgr\x1b[m\x1b[K)\n'}
[39.649143] (workspace_gz) StderrLine: {'line': b'      |                                      \x1b[01;35m\x1b[K~~~~~~~~~~~~~~~~~~~^~~~~~~~~\x1b[m\x1b[K\n'}
[39.653110] (-) TimerEvent: {}
[39.753437] (-) TimerEvent: {}
[39.853801] (-) TimerEvent: {}
[39.954195] (-) TimerEvent: {}
[40.054588] (-) TimerEvent: {}
[40.157694] (-) TimerEvent: {}
[40.258043] (-) TimerEvent: {}
[40.358396] (-) TimerEvent: {}
[40.458701] (-) TimerEvent: {}
[40.559049] (-) TimerEvent: {}
[40.659409] (-) TimerEvent: {}
[40.759801] (-) TimerEvent: {}
[40.806575] (workspace_gz) StdoutLine: {'line': b'[ 56%] \x1b[32m\x1b[1mLinking CXX shared library libStationkeepingScoringPlugin.so\x1b[0m\n'}
[40.861705] (-) TimerEvent: {}
[40.927369] (workspace_gz) StderrLine: {'line': b'\x1b[01m\x1b[K/home/aliomacc/sti_usv/src/usv_sim/workspace_gz/plugins/BallShooterPlugin.cc:\x1b[m\x1b[K In member function \xe2\x80\x98\x1b[01m\x1b[Kvirtual void vrx::BallShooterPlugin::Configure(const Entity&, const std::shared_ptr<const sdf::v12::Element>&, ignition::gazebo::v6::EntityComponentManager&, ignition::gazebo::v6::EventManager&)\x1b[m\x1b[K\xe2\x80\x99:\n'}
[40.927822] (workspace_gz) StderrLine: {'line': b'\x1b[01m\x1b[K/home/aliomacc/sti_usv/src/usv_sim/workspace_gz/plugins/BallShooterPlugin.cc:90:54:\x1b[m\x1b[K \x1b[01;35m\x1b[Kwarning: \x1b[m\x1b[Kunused parameter \xe2\x80\x98\x1b[01m\x1b[K_entity\x1b[m\x1b[K\xe2\x80\x99 [\x1b[01;35m\x1b[K\x1b]8;;https://gcc.gnu.org/onlinedocs/gcc/Warning-Options.html#index-Wunused-parameter\x07-Wunused-parameter\x1b]8;;\x07\x1b[m\x1b[K]\n'}
[40.927972] (workspace_gz) StderrLine: {'line': b'   90 | void BallShooterPlugin::Configure(\x1b[01;35m\x1b[Kconst sim::Entity &_entity\x1b[m\x1b[K,\n'}
[40.928107] (workspace_gz) StderrLine: {'line': b'      |                                   \x1b[01;35m\x1b[K~~~~~~~~~~~~~~~~~~~^~~~~~~\x1b[m\x1b[K\n'}
[40.928222] (workspace_gz) StderrLine: {'line': b'\x1b[01m\x1b[K/home/aliomacc/sti_usv/src/usv_sim/workspace_gz/plugins/BallShooterPlugin.cc:92:57:\x1b[m\x1b[K \x1b[01;35m\x1b[Kwarning: \x1b[m\x1b[Kunused parameter \xe2\x80\x98\x1b[01m\x1b[K_eventMgr\x1b[m\x1b[K\xe2\x80\x99 [\x1b[01;35m\x1b[K\x1b]8;;https://gcc.gnu.org/onlinedocs/gcc/Warning-Options.html#index-Wunused-parameter\x07-Wunused-parameter\x1b]8;;\x07\x1b[m\x1b[K]\n'}
[40.928353] (workspace_gz) StderrLine: {'line': b'   92 |   sim::EntityComponentManager &_ecm, \x1b[01;35m\x1b[Ksim::EventManager &_eventMgr\x1b[m\x1b[K)\n'}
[40.928501] (workspace_gz) StderrLine: {'line': b'      |                                      \x1b[01;35m\x1b[K~~~~~~~~~~~~~~~~~~~^~~~~~~~~\x1b[m\x1b[K\n'}
[40.934691] (workspace_gz) StderrLine: {'line': b'\x1b[01m\x1b[K/home/aliomacc/sti_usv/src/usv_sim/workspace_gz/plugins/BallShooterPlugin.cc:\x1b[m\x1b[K In member function \xe2\x80\x98\x1b[01m\x1b[Kvoid vrx::BallShooterPlugin::Implementation::OnFire(const ignition::msgs::Boolean&)\x1b[m\x1b[K\xe2\x80\x99:\n'}
[40.935000] (workspace_gz) StderrLine: {'line': b'\x1b[01m\x1b[K/home/aliomacc/sti_usv/src/usv_sim/workspace_gz/plugins/BallShooterPlugin.cc:292:69:\x1b[m\x1b[K \x1b[01;35m\x1b[Kwarning: \x1b[m\x1b[Kunused parameter \xe2\x80\x98\x1b[01m\x1b[K_msg\x1b[m\x1b[K\xe2\x80\x99 [\x1b[01;35m\x1b[K\x1b]8;;https://gcc.gnu.org/onlinedocs/gcc/Warning-Options.html#index-Wunused-parameter\x07-Wunused-parameter\x1b]8;;\x07\x1b[m\x1b[K]\n'}
[40.935151] (workspace_gz) StderrLine: {'line': b'  292 | void BallShooterPlugin::Implementation::OnFire(\x1b[01;35m\x1b[Kconst msgs::Boolean &_msg\x1b[m\x1b[K)\n'}
[40.935277] (workspace_gz) StderrLine: {'line': b'      |                                                \x1b[01;35m\x1b[K~~~~~~~~~~~~~~~~~~~~~^~~~\x1b[m\x1b[K\n'}
[40.963695] (-) TimerEvent: {}
[40.971195] (workspace_gz) StdoutLine: {'line': b'[ 58%] \x1b[32m\x1b[1mLinking CXX shared library libWayfindingScoringPlugin.so\x1b[0m\n'}
[41.063853] (-) TimerEvent: {}
[41.164328] (-) TimerEvent: {}
[41.264851] (-) TimerEvent: {}
[41.368708] (-) TimerEvent: {}
[41.469146] (-) TimerEvent: {}
[41.569651] (-) TimerEvent: {}
[41.670093] (-) TimerEvent: {}
[41.770486] (-) TimerEvent: {}
[41.870865] (-) TimerEvent: {}
[41.898450] (workspace_gz) StdoutLine: {'line': b'[ 58%] Built target StationkeepingScoringPlugin\n'}
[41.911799] (workspace_gz) StdoutLine: {'line': b'[ 60%] \x1b[32mBuilding CXX object CMakeFiles/NavigationScoringPlugin.dir/plugins/WaypointMarkers.cc.o\x1b[0m\n'}
[41.970978] (-) TimerEvent: {}
[42.071326] (-) TimerEvent: {}
[42.078702] (workspace_gz) StdoutLine: {'line': b'[ 60%] Built target WayfindingScoringPlugin\n'}
[42.111443] (workspace_gz) StderrLine: {'line': b'\x1b[01m\x1b[K/home/aliomacc/sti_usv/src/usv_sim/workspace_gz/plugins/LightBuoyPlugin.cc:\x1b[m\x1b[K In member function \xe2\x80\x98\x1b[01m\x1b[Kvirtual void vrx::LightBuoyPlugin::Configure(const Entity&, const std::shared_ptr<const sdf::v12::Element>&, ignition::gazebo::v6::EntityComponentManager&, ignition::gazebo::v6::EventManager&)\x1b[m\x1b[K\xe2\x80\x99:\n'}
[42.111735] (workspace_gz) StderrLine: {'line': b'\x1b[01m\x1b[K/home/aliomacc/sti_usv/src/usv_sim/workspace_gz/plugins/LightBuoyPlugin.cc:310:34:\x1b[m\x1b[K \x1b[01;35m\x1b[Kwarning: \x1b[m\x1b[Kunused parameter \xe2\x80\x98\x1b[01m\x1b[K_ecm\x1b[m\x1b[K\xe2\x80\x99 [\x1b[01;35m\x1b[K\x1b]8;;https://gcc.gnu.org/onlinedocs/gcc/Warning-Options.html#index-Wunused-parameter\x07-Wunused-parameter\x1b]8;;\x07\x1b[m\x1b[K]\n'}
[42.111880] (workspace_gz) StderrLine: {'line': b'  310 |     \x1b[01;35m\x1b[Ksim::EntityComponentManager &_ecm\x1b[m\x1b[K,\n'}
[42.111995] (workspace_gz) StderrLine: {'line': b'      |     \x1b[01;35m\x1b[K~~~~~~~~~~~~~~~~~~~~~~~~~~~~~^~~~\x1b[m\x1b[K\n'}
[42.112430] (workspace_gz) StderrLine: {'line': b'\x1b[01m\x1b[K/home/aliomacc/sti_usv/src/usv_sim/workspace_gz/plugins/LightBuoyPlugin.cc:\x1b[m\x1b[K In member function \xe2\x80\x98\x1b[01m\x1b[Kvirtual void vrx::LightBuoyPlugin::PreUpdate(const ignition::gazebo::v6::UpdateInfo&, ignition::gazebo::v6::EntityComponentManager&)\x1b[m\x1b[K\xe2\x80\x99:\n'}
[42.112569] (workspace_gz) StderrLine: {'line': b'\x1b[01m\x1b[K/home/aliomacc/sti_usv/src/usv_sim/workspace_gz/plugins/LightBuoyPlugin.cc:332:32:\x1b[m\x1b[K \x1b[01;35m\x1b[Kwarning: \x1b[m\x1b[Kunused parameter \xe2\x80\x98\x1b[01m\x1b[K_ecm\x1b[m\x1b[K\xe2\x80\x99 [\x1b[01;35m\x1b[K\x1b]8;;https://gcc.gnu.org/onlinedocs/gcc/Warning-Options.html#index-Wunused-parameter\x07-Wunused-parameter\x1b]8;;\x07\x1b[m\x1b[K]\n'}
[42.112701] (workspace_gz) StderrLine: {'line': b'  332 |   \x1b[01;35m\x1b[Ksim::EntityComponentManager &_ecm\x1b[m\x1b[K)\n'}
[42.112810] (workspace_gz) StderrLine: {'line': b'      |   \x1b[01;35m\x1b[K~~~~~~~~~~~~~~~~~~~~~~~~~~~~~^~~~\x1b[m\x1b[K\n'}
[42.120345] (workspace_gz) StdoutLine: {'line': b'[ 62%] \x1b[32mBuilding CXX object CMakeFiles/GymkhanaScoringPlugin.dir/plugins/GymkhanaScoringPlugin.cc.o\x1b[0m\n'}
[42.171432] (-) TimerEvent: {}
[42.271777] (-) TimerEvent: {}
[42.372130] (-) TimerEvent: {}
[42.472542] (-) TimerEvent: {}
[42.574710] (-) TimerEvent: {}
[42.582742] (workspace_gz) StdoutLine: {'line': b'[ 64%] \x1b[32mBuilding CXX object CMakeFiles/GymkhanaScoringPlugin.dir/plugins/WaypointMarkers.cc.o\x1b[0m\n'}
[42.674822] (-) TimerEvent: {}
[42.775165] (-) TimerEvent: {}
[42.875531] (-) TimerEvent: {}
[42.975944] (-) TimerEvent: {}
[43.076346] (-) TimerEvent: {}
[43.176728] (-) TimerEvent: {}
[43.277156] (-) TimerEvent: {}
[43.379817] (-) TimerEvent: {}
[43.480169] (-) TimerEvent: {}
[43.580537] (-) TimerEvent: {}
[43.680918] (-) TimerEvent: {}
[43.781299] (-) TimerEvent: {}
[43.881687] (-) TimerEvent: {}
[43.982033] (-) TimerEvent: {}
[44.085715] (-) TimerEvent: {}
[44.177527] (workspace_gz) StdoutLine: {'line': b'[ 66%] \x1b[32m\x1b[1mLinking CXX shared library libAcousticTrackingScoringPlugin.so\x1b[0m\n'}
[44.185832] (-) TimerEvent: {}
[44.286223] (-) TimerEvent: {}
[44.386674] (-) TimerEvent: {}
[44.487114] (-) TimerEvent: {}
[44.587528] (-) TimerEvent: {}
[44.688052] (-) TimerEvent: {}
[44.788476] (-) TimerEvent: {}
[44.888877] (-) TimerEvent: {}
[44.989223] (-) TimerEvent: {}
[45.090705] (-) TimerEvent: {}
[45.186346] (workspace_gz) StdoutLine: {'line': b'[ 66%] Built target AcousticTrackingScoringPlugin\n'}
[45.190808] (-) TimerEvent: {}
[45.215985] (workspace_gz) StdoutLine: {'line': b'[ 67%] \x1b[32mBuilding CXX object CMakeFiles/PerceptionScoringPlugin.dir/plugins/PerceptionScoringPlugin.cc.o\x1b[0m\n'}
[45.293697] (-) TimerEvent: {}
[45.394046] (-) TimerEvent: {}
[45.494528] (-) TimerEvent: {}
[45.594893] (-) TimerEvent: {}
[45.695255] (-) TimerEvent: {}
[45.795634] (-) TimerEvent: {}
[45.896006] (-) TimerEvent: {}
[45.996383] (-) TimerEvent: {}
[46.015564] (workspace_gz) StdoutLine: {'line': b'[ 69%] \x1b[32m\x1b[1mLinking CXX shared library libAcousticPingerPlugin.so\x1b[0m\n'}
[46.096516] (-) TimerEvent: {}
[46.197907] (-) TimerEvent: {}
[46.298526] (-) TimerEvent: {}
[46.400849] (-) TimerEvent: {}
[46.501310] (-) TimerEvent: {}
[46.601783] (-) TimerEvent: {}
[46.702198] (-) TimerEvent: {}
[46.805953] (-) TimerEvent: {}
[46.879659] (workspace_gz) StdoutLine: {'line': b'[ 69%] Built target AcousticPingerPlugin\n'}
[46.892395] (workspace_gz) StdoutLine: {'line': b'[ 71%] \x1b[32mBuilding CXX object CMakeFiles/PerceptionScoringPlugin.dir/plugins/WaypointMarkers.cc.o\x1b[0m\n'}
[46.906058] (-) TimerEvent: {}
[47.006431] (-) TimerEvent: {}
[47.106841] (-) TimerEvent: {}
[47.207232] (-) TimerEvent: {}
[47.307603] (-) TimerEvent: {}
[47.407965] (-) TimerEvent: {}
[47.513694] (-) TimerEvent: {}
[47.614060] (-) TimerEvent: {}
[47.714455] (-) TimerEvent: {}
[47.814846] (-) TimerEvent: {}
[47.915219] (-) TimerEvent: {}
[47.917754] (workspace_gz) StdoutLine: {'line': b'[ 73%] \x1b[32m\x1b[1mLinking CXX shared library libLightBuoyPlugin.so\x1b[0m\n'}
[48.015374] (-) TimerEvent: {}
[48.115853] (-) TimerEvent: {}
[48.216253] (-) TimerEvent: {}
[48.316725] (-) TimerEvent: {}
[48.417128] (-) TimerEvent: {}
[48.517504] (-) TimerEvent: {}
[48.600836] (workspace_gz) StdoutLine: {'line': b'[ 73%] Built target LightBuoyPlugin\n'}
[48.617614] (-) TimerEvent: {}
[48.630213] (workspace_gz) StdoutLine: {'line': b'[ 75%] \x1b[32mBuilding CXX object CMakeFiles/PlacardPlugin.dir/plugins/PlacardPlugin.cc.o\x1b[0m\n'}
[48.718023] (-) TimerEvent: {}
[48.818952] (-) TimerEvent: {}
[48.919989] (-) TimerEvent: {}
[49.020361] (-) TimerEvent: {}
[49.035679] (workspace_gz) StdoutLine: {'line': b'[ 77%] \x1b[32m\x1b[1mLinking CXX shared library libBallShooterPlugin.so\x1b[0m\n'}
[49.120488] (-) TimerEvent: {}
[49.223071] (-) TimerEvent: {}
[49.323480] (-) TimerEvent: {}
[49.423918] (-) TimerEvent: {}
[49.525717] (-) TimerEvent: {}
[49.626208] (-) TimerEvent: {}
[49.726663] (-) TimerEvent: {}
[49.830689] (-) TimerEvent: {}
[49.931078] (-) TimerEvent: {}
[49.986725] (workspace_gz) StdoutLine: {'line': b'[ 77%] Built target BallShooterPlugin\n'}
[50.016858] (workspace_gz) StdoutLine: {'line': b'[ 79%] \x1b[32mBuilding CXX object CMakeFiles/PublisherPlugin.dir/plugins/PublisherPlugin.cc.o\x1b[0m\n'}
[50.031189] (-) TimerEvent: {}
[50.131534] (-) TimerEvent: {}
[50.231908] (-) TimerEvent: {}
[50.332290] (-) TimerEvent: {}
[50.432651] (-) TimerEvent: {}
[50.533025] (-) TimerEvent: {}
[50.633403] (-) TimerEvent: {}
[50.733780] (-) TimerEvent: {}
[50.837864] (-) TimerEvent: {}
[50.938246] (-) TimerEvent: {}
[51.038608] (-) TimerEvent: {}
[51.138998] (-) TimerEvent: {}
[51.239362] (-) TimerEvent: {}
[51.339702] (-) TimerEvent: {}
[51.440102] (-) TimerEvent: {}
[51.540467] (-) TimerEvent: {}
[51.640846] (-) TimerEvent: {}
[51.741207] (-) TimerEvent: {}
[51.841582] (-) TimerEvent: {}
[51.943516] (-) TimerEvent: {}
[52.043907] (-) TimerEvent: {}
[52.144258] (-) TimerEvent: {}
[52.244615] (-) TimerEvent: {}
[52.345806] (-) TimerEvent: {}
[52.446139] (-) TimerEvent: {}
[52.547017] (-) TimerEvent: {}
[52.647405] (-) TimerEvent: {}
[52.751695] (-) TimerEvent: {}
[52.852062] (-) TimerEvent: {}
[52.952461] (-) TimerEvent: {}
[53.052818] (-) TimerEvent: {}
[53.153282] (-) TimerEvent: {}
[53.253627] (-) TimerEvent: {}
[53.353987] (-) TimerEvent: {}
[53.454698] (-) TimerEvent: {}
[53.558692] (-) TimerEvent: {}
[53.659035] (-) TimerEvent: {}
[53.759419] (-) TimerEvent: {}
[53.777699] (workspace_gz) StdoutLine: {'line': b'[ 81%] \x1b[32mBuilding CXX object CMakeFiles/ScanDockScoringPlugin.dir/plugins/ScanDockScoringPlugin.cc.o\x1b[0m\n'}
[53.859483] (-) TimerEvent: {}
[53.868694] (workspace_gz) StderrLine: {'line': b'\x1b[01m\x1b[K/home/aliomacc/sti_usv/src/usv_sim/workspace_gz/plugins/PerceptionScoringPlugin.cc:\x1b[m\x1b[K In member function \xe2\x80\x98\x1b[01m\x1b[Kvoid vrx::PerceptionScoringPlugin::Implementation::ProcessAttempts(ignition::gazebo::v6::EntityComponentManager&)\x1b[m\x1b[K\xe2\x80\x99:\n'}
[53.870462] (workspace_gz) StderrLine: {'line': b'\x1b[01m\x1b[K/home/aliomacc/sti_usv/src/usv_sim/workspace_gz/plugins/PerceptionScoringPlugin.cc:363:25:\x1b[m\x1b[K \x1b[01;35m\x1b[Kwarning: \x1b[m\x1b[Kcomparison of integer expressions of different signedness: \xe2\x80\x98\x1b[01m\x1b[Kunsigned int\x1b[m\x1b[K\xe2\x80\x99 and \xe2\x80\x98\x1b[01m\x1b[Kint\x1b[m\x1b[K\xe2\x80\x99 [\x1b[01;35m\x1b[K\x1b]8;;https://gcc.gnu.org/onlinedocs/gcc/Warning-Options.html#index-Wsign-compare\x07-Wsign-compare\x1b]8;;\x07\x1b[m\x1b[K]\n'}
[53.870686] (workspace_gz) StderrLine: {'line': b'  363 |     for (auto i = 0u; \x1b[01;35m\x1b[Ki < _msg.header().data_size()\x1b[m\x1b[K; ++i)\n'}
[53.870821] (workspace_gz) StderrLine: {'line': b'      |                       \x1b[01;35m\x1b[K~~^~~~~~~~~~~~~~~~~~~~~~~~~~~\x1b[m\x1b[K\n'}
[53.959593] (-) TimerEvent: {}
[54.059965] (-) TimerEvent: {}
[54.163859] (-) TimerEvent: {}
[54.264218] (-) TimerEvent: {}
[54.364581] (-) TimerEvent: {}
[54.464975] (-) TimerEvent: {}
[54.565533] (-) TimerEvent: {}
[54.593096] (workspace_gz) StdoutLine: {'line': b'[ 83%] \x1b[32mBuilding CXX object CMakeFiles/ScanDockScoringPlugin.dir/plugins/WaypointMarkers.cc.o\x1b[0m\n'}
[54.665662] (-) TimerEvent: {}
[54.766030] (-) TimerEvent: {}
[54.866434] (-) TimerEvent: {}
[54.966843] (-) TimerEvent: {}
[55.067223] (-) TimerEvent: {}
[55.169710] (-) TimerEvent: {}
[55.270124] (-) TimerEvent: {}
[55.370489] (-) TimerEvent: {}
[55.470865] (-) TimerEvent: {}
[55.571209] (-) TimerEvent: {}
[55.671569] (-) TimerEvent: {}
[55.771978] (-) TimerEvent: {}
[55.840818] (workspace_gz) StdoutLine: {'line': b'[ 84%] \x1b[32m\x1b[1mLinking CXX shared library libGymkhanaScoringPlugin.so\x1b[0m\n'}
[55.872107] (-) TimerEvent: {}
[55.972527] (-) TimerEvent: {}
[55.975240] (workspace_gz) StdoutLine: {'line': b'[ 86%] \x1b[32m\x1b[1mLinking CXX shared library libNavigationScoringPlugin.so\x1b[0m\n'}
[56.072643] (-) TimerEvent: {}
[56.173396] (-) TimerEvent: {}
[56.274308] (-) TimerEvent: {}
[56.375901] (-) TimerEvent: {}
[56.476336] (-) TimerEvent: {}
[56.576703] (-) TimerEvent: {}
[56.678063] (-) TimerEvent: {}
[56.769678] (workspace_gz) StdoutLine: {'line': b'[ 86%] Built target GymkhanaScoringPlugin\n'}
[56.778128] (-) TimerEvent: {}
[56.804134] (workspace_gz) StdoutLine: {'line': b'[ 88%] \x1b[32mBuilding CXX object CMakeFiles/WildlifeScoringPlugin.dir/plugins/WildlifeScoringPlugin.cc.o\x1b[0m\n'}
[56.878236] (-) TimerEvent: {}
[56.978552] (-) TimerEvent: {}
[57.078902] (-) TimerEvent: {}
[57.080832] (workspace_gz) StdoutLine: {'line': b'[ 88%] Built target NavigationScoringPlugin\n'}
[57.094106] (workspace_gz) StdoutLine: {'line': b'[ 90%] \x1b[32mBuilding CXX object CMakeFiles/WildlifeScoringPlugin.dir/plugins/WaypointMarkers.cc.o\x1b[0m\n'}
[57.164097] (workspace_gz) StderrLine: {'line': b'\x1b[01m\x1b[K/home/aliomacc/sti_usv/src/usv_sim/workspace_gz/plugins/PlacardPlugin.cc:\x1b[m\x1b[K In member function \xe2\x80\x98\x1b[01m\x1b[Kvirtual void vrx::PlacardPlugin::Configure(const Entity&, const std::shared_ptr<const sdf::v12::Element>&, ignition::gazebo::v6::EntityComponentManager&, ignition::gazebo::v6::EventManager&)\x1b[m\x1b[K\xe2\x80\x99:\n'}
[57.166781] (workspace_gz) StderrLine: {'line': b'\x1b[01m\x1b[K/home/aliomacc/sti_usv/src/usv_sim/workspace_gz/plugins/PlacardPlugin.cc:157:34:\x1b[m\x1b[K \x1b[01;35m\x1b[Kwarning: \x1b[m\x1b[Kunused parameter \xe2\x80\x98\x1b[01m\x1b[K_ecm\x1b[m\x1b[K\xe2\x80\x99 [\x1b[01;35m\x1b[K\x1b]8;;https://gcc.gnu.org/onlinedocs/gcc/Warning-Options.html#index-Wunused-parameter\x07-Wunused-parameter\x1b]8;;\x07\x1b[m\x1b[K]\n'}
[57.167027] (workspace_gz) StderrLine: {'line': b'  157 |     \x1b[01;35m\x1b[Ksim::EntityComponentManager &_ecm\x1b[m\x1b[K,\n'}
[57.167158] (workspace_gz) StderrLine: {'line': b'      |     \x1b[01;35m\x1b[K~~~~~~~~~~~~~~~~~~~~~~~~~~~~~^~~~\x1b[m\x1b[K\n'}
[57.181699] (-) TimerEvent: {}
[57.237005] (workspace_gz) StderrLine: {'line': b'\x1b[01m\x1b[K/home/aliomacc/sti_usv/src/usv_sim/workspace_gz/plugins/PlacardPlugin.cc:\x1b[m\x1b[K In member function \xe2\x80\x98\x1b[01m\x1b[Kvoid vrx::PlacardPlugin::Implementation::ChangeSymbol(const ignition::msgs::Empty&)\x1b[m\x1b[K\xe2\x80\x99:\n'}
[57.237306] (workspace_gz) StderrLine: {'line': b'\x1b[01m\x1b[K/home/aliomacc/sti_usv/src/usv_sim/workspace_gz/plugins/PlacardPlugin.cc:436:69:\x1b[m\x1b[K \x1b[01;35m\x1b[Kwarning: \x1b[m\x1b[Kunused parameter \xe2\x80\x98\x1b[01m\x1b[K_msg\x1b[m\x1b[K\xe2\x80\x99 [\x1b[01;35m\x1b[K\x1b]8;;https://gcc.gnu.org/onlinedocs/gcc/Warning-Options.html#index-Wunused-parameter\x07-Wunused-parameter\x1b]8;;\x07\x1b[m\x1b[K]\n'}
[57.237463] (workspace_gz) StderrLine: {'line': b'  436 | void PlacardPlugin::Implementation::ChangeSymbol(\x1b[01;35m\x1b[Kconst msgs::Empty &_msg\x1b[m\x1b[K)\n'}
[57.237576] (workspace_gz) StderrLine: {'line': b'      |                                                  \x1b[01;35m\x1b[K~~~~~~~~~~~~~~~~~~~^~~~\x1b[m\x1b[K\n'}
[57.281807] (-) TimerEvent: {}
[57.382144] (-) TimerEvent: {}
[57.482499] (-) TimerEvent: {}
[57.582859] (-) TimerEvent: {}
[57.683220] (-) TimerEvent: {}
[57.783714] (-) TimerEvent: {}
[57.885696] (-) TimerEvent: {}
[57.986040] (-) TimerEvent: {}
[58.062196] (workspace_gz) StderrLine: {'line': b'\x1b[01m\x1b[K/home/aliomacc/sti_usv/src/usv_sim/workspace_gz/plugins/PublisherPlugin.cc:\x1b[m\x1b[K In member function \xe2\x80\x98\x1b[01m\x1b[Kvirtual void vrx::PublisherPlugin::Configure(const Entity&, const std::shared_ptr<const sdf::v12::Element>&, ignition::gazebo::v6::EntityComponentManager&, ignition::gazebo::v6::EventManager&)\x1b[m\x1b[K\xe2\x80\x99:\n'}
[58.062547] (workspace_gz) StderrLine: {'line': b'\x1b[01m\x1b[K/home/aliomacc/sti_usv/src/usv_sim/workspace_gz/plugins/PublisherPlugin.cc:72:52:\x1b[m\x1b[K \x1b[01;35m\x1b[Kwarning: \x1b[m\x1b[Kunused parameter \xe2\x80\x98\x1b[01m\x1b[K_entity\x1b[m\x1b[K\xe2\x80\x99 [\x1b[01;35m\x1b[K\x1b]8;;https://gcc.gnu.org/onlinedocs/gcc/Warning-Options.html#index-Wunused-parameter\x07-Wunused-parameter\x1b]8;;\x07\x1b[m\x1b[K]\n'}
[58.062703] (workspace_gz) StderrLine: {'line': b'   72 | void PublisherPlugin::Configure(\x1b[01;35m\x1b[Kconst sim::Entity &_entity\x1b[m\x1b[K,\n'}
[58.062822] (workspace_gz) StderrLine: {'line': b'      |                                 \x1b[01;35m\x1b[K~~~~~~~~~~~~~~~~~~~^~~~~~~\x1b[m\x1b[K\n'}
[58.062926] (workspace_gz) StderrLine: {'line': b'\x1b[01m\x1b[K/home/aliomacc/sti_usv/src/usv_sim/workspace_gz/plugins/PublisherPlugin.cc:74:34:\x1b[m\x1b[K \x1b[01;35m\x1b[Kwarning: \x1b[m\x1b[Kunused parameter \xe2\x80\x98\x1b[01m\x1b[K_ecm\x1b[m\x1b[K\xe2\x80\x99 [\x1b[01;35m\x1b[K\x1b]8;;https://gcc.gnu.org/onlinedocs/gcc/Warning-Options.html#index-Wunused-parameter\x07-Wunused-parameter\x1b]8;;\x07\x1b[m\x1b[K]\n'}
[58.063034] (workspace_gz) StderrLine: {'line': b'   74 |     \x1b[01;35m\x1b[Ksim::EntityComponentManager &_ecm\x1b[m\x1b[K,\n'}
[58.063135] (workspace_gz) StderrLine: {'line': b'      |     \x1b[01;35m\x1b[K~~~~~~~~~~~~~~~~~~~~~~~~~~~~~^~~~\x1b[m\x1b[K\n'}
[58.070689] (workspace_gz) StderrLine: {'line': b'\x1b[01m\x1b[K/home/aliomacc/sti_usv/src/usv_sim/workspace_gz/plugins/PublisherPlugin.cc:\x1b[m\x1b[K In member function \xe2\x80\x98\x1b[01m\x1b[Kvirtual void vrx::PublisherPlugin::PreUpdate(const ignition::gazebo::v6::UpdateInfo&, ignition::gazebo::v6::EntityComponentManager&)\x1b[m\x1b[K\xe2\x80\x99:\n'}
[58.070945] (workspace_gz) StderrLine: {'line': b'\x1b[01m\x1b[K/home/aliomacc/sti_usv/src/usv_sim/workspace_gz/plugins/PublisherPlugin.cc:154:34:\x1b[m\x1b[K \x1b[01;35m\x1b[Kwarning: \x1b[m\x1b[Kunused parameter \xe2\x80\x98\x1b[01m\x1b[K_ecm\x1b[m\x1b[K\xe2\x80\x99 [\x1b[01;35m\x1b[K\x1b]8;;https://gcc.gnu.org/onlinedocs/gcc/Warning-Options.html#index-Wunused-parameter\x07-Wunused-parameter\x1b]8;;\x07\x1b[m\x1b[K]\n'}
[58.071073] (workspace_gz) StderrLine: {'line': b'  154 |     \x1b[01;35m\x1b[Ksim::EntityComponentManager &_ecm\x1b[m\x1b[K)\n'}
[58.071189] (workspace_gz) StderrLine: {'line': b'      |     \x1b[01;35m\x1b[K~~~~~~~~~~~~~~~~~~~~~~~~~~~~~^~~~\x1b[m\x1b[K\n'}
[58.086154] (-) TimerEvent: {}
[58.186499] (-) TimerEvent: {}
[58.286850] (-) TimerEvent: {}
[58.387198] (-) TimerEvent: {}
[58.487543] (-) TimerEvent: {}
[58.587910] (-) TimerEvent: {}
[58.688293] (-) TimerEvent: {}
[58.788646] (-) TimerEvent: {}
[58.889041] (-) TimerEvent: {}
[58.991911] (-) TimerEvent: {}
[59.092262] (-) TimerEvent: {}
[59.192584] (-) TimerEvent: {}
[59.292931] (-) TimerEvent: {}
[59.393286] (-) TimerEvent: {}
[59.493635] (-) TimerEvent: {}
[59.593979] (-) TimerEvent: {}
[59.694695] (-) TimerEvent: {}
[59.795100] (-) TimerEvent: {}
[59.895570] (-) TimerEvent: {}
[59.996090] (-) TimerEvent: {}
[60.096550] (-) TimerEvent: {}
[60.196945] (-) TimerEvent: {}
[60.297465] (-) TimerEvent: {}
[60.397777] (-) TimerEvent: {}
[60.498235] (-) TimerEvent: {}
[60.598701] (-) TimerEvent: {}
[60.699138] (-) TimerEvent: {}
[60.799717] (-) TimerEvent: {}
[60.900171] (-) TimerEvent: {}
[61.000572] (-) TimerEvent: {}
[61.042136] (workspace_gz) StdoutLine: {'line': b'[ 92%] \x1b[32m\x1b[1mLinking CXX shared library libPerceptionScoringPlugin.so\x1b[0m\n'}
[61.101147] (-) TimerEvent: {}
[61.201612] (-) TimerEvent: {}
[61.301960] (-) TimerEvent: {}
[61.403014] (-) TimerEvent: {}
[61.503454] (-) TimerEvent: {}
[61.604109] (-) TimerEvent: {}
[61.704710] (-) TimerEvent: {}
[61.805201] (-) TimerEvent: {}
[61.905629] (-) TimerEvent: {}
[62.006086] (-) TimerEvent: {}
[62.061342] (workspace_gz) StdoutLine: {'line': b'[ 92%] Built target PerceptionScoringPlugin\n'}
[62.084305] (workspace_gz) StderrLine: {'line': b'\x1b[01m\x1b[K/home/aliomacc/sti_usv/src/usv_sim/workspace_gz/plugins/ScanDockScoringPlugin.cc:\x1b[m\x1b[K In lambda function:\n'}
[62.084533] (workspace_gz) StderrLine: {'line': b'\x1b[01m\x1b[K/home/aliomacc/sti_usv/src/usv_sim/workspace_gz/plugins/ScanDockScoringPlugin.cc:837:33:\x1b[m\x1b[K \x1b[01;35m\x1b[Kwarning: \x1b[m\x1b[Kunused parameter \xe2\x80\x98\x1b[01m\x1b[K_res\x1b[m\x1b[K\xe2\x80\x99 [\x1b[01;35m\x1b[K\x1b]8;;https://gcc.gnu.org/onlinedocs/gcc/Warning-Options.html#index-Wunused-parameter\x07-Wunused-parameter\x1b]8;;\x07\x1b[m\x1b[K]\n'}
[62.084686] (workspace_gz) StderrLine: {'line': b'  837 |         [](\x1b[01;35m\x1b[Kconst msgs::Boolean &_res\x1b[m\x1b[K, const bool)\n'}
[62.084828] (workspace_gz) StderrLine: {'line': b'      |            \x1b[01;35m\x1b[K~~~~~~~~~~~~~~~~~~~~~^~~~\x1b[m\x1b[K\n'}
[62.106196] (-) TimerEvent: {}
[62.206549] (-) TimerEvent: {}
[62.306992] (-) TimerEvent: {}
[62.407332] (-) TimerEvent: {}
[62.507687] (-) TimerEvent: {}
[62.597239] (workspace_gz) StdoutLine: {'line': b'[ 94%] \x1b[32m\x1b[1mLinking CXX shared library libPublisherPlugin.so\x1b[0m\n'}
[62.607800] (-) TimerEvent: {}
[62.708166] (-) TimerEvent: {}
[62.808528] (-) TimerEvent: {}
[62.908902] (-) TimerEvent: {}
[63.009312] (-) TimerEvent: {}
[63.111710] (-) TimerEvent: {}
[63.192148] (workspace_gz) StdoutLine: {'line': b'[ 94%] Built target PublisherPlugin\n'}
[63.211822] (-) TimerEvent: {}
[63.312167] (-) TimerEvent: {}
[63.412511] (-) TimerEvent: {}
[63.512888] (-) TimerEvent: {}
[63.582041] (workspace_gz) StdoutLine: {'line': b'[ 96%] \x1b[32m\x1b[1mLinking CXX shared library libPlacardPlugin.so\x1b[0m\n'}
[63.613004] (-) TimerEvent: {}
[63.713365] (-) TimerEvent: {}
[63.813742] (-) TimerEvent: {}
[63.914166] (-) TimerEvent: {}
[64.014556] (-) TimerEvent: {}
[64.114906] (-) TimerEvent: {}
[64.170012] (workspace_gz) StderrLine: {'line': b'\x1b[01m\x1b[K/home/aliomacc/sti_usv/src/usv_sim/workspace_gz/plugins/WildlifeScoringPlugin.cc:\x1b[m\x1b[K In constructor \xe2\x80\x98\x1b[01m\x1b[KBuoy::Buoy(const string&, ignition::gazebo::v6::Entity, BuoyGoal, double, ignition::gazebo::v6::EntityComponentManager&)\x1b[m\x1b[K\xe2\x80\x99:\n'}
[64.170321] (workspace_gz) StderrLine: {'line': b'\x1b[01m\x1b[K/home/aliomacc/sti_usv/src/usv_sim/workspace_gz/plugins/WildlifeScoringPlugin.cc:223:23:\x1b[m\x1b[K \x1b[01;35m\x1b[Kwarning: \x1b[m\x1b[K\xe2\x80\x98\x1b[01m\x1b[KBuoy::entityName\x1b[m\x1b[K\xe2\x80\x99 will be initialized after [\x1b[01;35m\x1b[K\x1b]8;;https://gcc.gnu.org/onlinedocs/gcc/Warning-Options.html#index-Wreorder\x07-Wreorder\x1b]8;;\x07\x1b[m\x1b[K]\n'}
[64.170447] (workspace_gz) StderrLine: {'line': b'  223 |   public: std::string \x1b[01;35m\x1b[KentityName\x1b[m\x1b[K;\n'}
[64.170549] (workspace_gz) StderrLine: {'line': b'      |                       \x1b[01;35m\x1b[K^~~~~~~~~~\x1b[m\x1b[K\n'}
[64.170660] (workspace_gz) StderrLine: {'line': b'\x1b[01m\x1b[K/home/aliomacc/sti_usv/src/usv_sim/workspace_gz/plugins/WildlifeScoringPlugin.cc:220:29:\x1b[m\x1b[K \x1b[01;35m\x1b[Kwarning: \x1b[m\x1b[K  \xe2\x80\x98\x1b[01m\x1b[Kconst Entity Buoy::entity\x1b[m\x1b[K\xe2\x80\x99 [\x1b[01;35m\x1b[K\x1b]8;;https://gcc.gnu.org/onlinedocs/gcc/Warning-Options.html#index-Wreorder\x07-Wreorder\x1b]8;;\x07\x1b[m\x1b[K]\n'}
[64.170767] (workspace_gz) StderrLine: {'line': b'  220 |   public: const sim::Entity \x1b[01;35m\x1b[Kentity\x1b[m\x1b[K;\n'}
[64.170866] (workspace_gz) StderrLine: {'line': b'      |                             \x1b[01;35m\x1b[K^~~~~~\x1b[m\x1b[K\n'}
[64.170969] (workspace_gz) StderrLine: {'line': b'\x1b[01m\x1b[K/home/aliomacc/sti_usv/src/usv_sim/workspace_gz/plugins/WildlifeScoringPlugin.cc:249:1:\x1b[m\x1b[K \x1b[01;35m\x1b[Kwarning: \x1b[m\x1b[K  when initialized here [\x1b[01;35m\x1b[K\x1b]8;;https://gcc.gnu.org/onlinedocs/gcc/Warning-Options.html#index-Wreorder\x07-Wreorder\x1b]8;;\x07\x1b[m\x1b[K]\n'}
[64.171132] (workspace_gz) StderrLine: {'line': b'  249 | \x1b[01;35m\x1b[KBuoy\x1b[m\x1b[K::Buoy(const std::string &_entityName,\n'}
[64.171230] (workspace_gz) StderrLine: {'line': b'      | \x1b[01;35m\x1b[K^~~~\x1b[m\x1b[K\n'}
[64.171323] (workspace_gz) StderrLine: {'line': b'\x1b[01m\x1b[K/home/aliomacc/sti_usv/src/usv_sim/workspace_gz/plugins/WildlifeScoringPlugin.cc:265:21:\x1b[m\x1b[K \x1b[01;35m\x1b[Kwarning: \x1b[m\x1b[Kcomparison of integer expressions of different signedness: \xe2\x80\x98\x1b[01m\x1b[Kint\x1b[m\x1b[K\xe2\x80\x99 and \xe2\x80\x98\x1b[01m\x1b[Kconst unsigned int\x1b[m\x1b[K\xe2\x80\x99 [\x1b[01;35m\x1b[K\x1b]8;;https://gcc.gnu.org/onlinedocs/gcc/Warning-Options.html#index-Wsign-compare\x07-Wsign-compare\x1b]8;;\x07\x1b[m\x1b[K]\n'}
[64.171423] (workspace_gz) StderrLine: {'line': b'  265 |   for (int i = 0; \x1b[01;35m\x1b[Ki < this->kNumVirtualGates\x1b[m\x1b[K; ++i)\n'}
[64.171526] (workspace_gz) StderrLine: {'line': b'      |                   \x1b[01;35m\x1b[K~~^~~~~~~~~~~~~~~~~~~~~~~~\x1b[m\x1b[K\n'}
[64.196668] (workspace_gz) StderrLine: {'line': b'\x1b[01m\x1b[K/home/aliomacc/sti_usv/src/usv_sim/workspace_gz/plugins/WildlifeScoringPlugin.cc:\x1b[m\x1b[K In member function \xe2\x80\x98\x1b[01m\x1b[Kvirtual void vrx::WildlifeScoringPlugin::PreUpdate(const ignition::gazebo::v6::UpdateInfo&, ignition::gazebo::v6::EntityComponentManager&)\x1b[m\x1b[K\xe2\x80\x99:\n'}
[64.196939] (workspace_gz) StderrLine: {'line': b'\x1b[01m\x1b[K/home/aliomacc/sti_usv/src/usv_sim/workspace_gz/plugins/WildlifeScoringPlugin.cc:569:26:\x1b[m\x1b[K \x1b[01;35m\x1b[Kwarning: \x1b[m\x1b[Kcomparison of integer expressions of different signedness: \xe2\x80\x98\x1b[01m\x1b[Kint\x1b[m\x1b[K\xe2\x80\x99 and \xe2\x80\x98\x1b[01m\x1b[Kstd::vector<Buoy>::size_type\x1b[m\x1b[K\xe2\x80\x99 {aka \xe2\x80\x98\x1b[01m\x1b[Klong unsigned int\x1b[m\x1b[K\xe2\x80\x99} [\x1b[01;35m\x1b[K\x1b]8;;https://gcc.gnu.org/onlinedocs/gcc/Warning-Options.html#index-Wsign-compare\x07-Wsign-compare\x1b]8;;\x07\x1b[m\x1b[K]\n'}
[64.197076] (workspace_gz) StderrLine: {'line': b'  569 |       for (auto i = 0; \x1b[01;35m\x1b[Ki < this->dataPtr->buoys.size()\x1b[m\x1b[K; ++i)\n'}
[64.197186] (workspace_gz) StderrLine: {'line': b'      |                        \x1b[01;35m\x1b[K~~^~~~~~~~~~~~~~~~~~~~~~~~~~~~~\x1b[m\x1b[K\n'}
[64.215020] (-) TimerEvent: {}
[64.282430] (workspace_gz) StdoutLine: {'line': b'[ 96%] Built target PlacardPlugin\n'}
[64.315130] (-) TimerEvent: {}
[64.415469] (-) TimerEvent: {}
[64.515816] (-) TimerEvent: {}
[64.616168] (-) TimerEvent: {}
[64.716508] (-) TimerEvent: {}
[64.816847] (-) TimerEvent: {}
[64.917172] (-) TimerEvent: {}
[65.017494] (-) TimerEvent: {}
[65.117808] (-) TimerEvent: {}
[65.218118] (-) TimerEvent: {}
[65.318421] (-) TimerEvent: {}
[65.418754] (-) TimerEvent: {}
[65.519137] (-) TimerEvent: {}
[65.619469] (-) TimerEvent: {}
[65.719827] (-) TimerEvent: {}
[65.820171] (-) TimerEvent: {}
[65.920507] (-) TimerEvent: {}
[66.020818] (-) TimerEvent: {}
[66.121100] (-) TimerEvent: {}
[66.221346] (-) TimerEvent: {}
[66.321591] (-) TimerEvent: {}
[66.421822] (-) TimerEvent: {}
[66.522048] (-) TimerEvent: {}
[66.622274] (-) TimerEvent: {}
[66.722498] (-) TimerEvent: {}
[66.822708] (-) TimerEvent: {}
[66.922932] (-) TimerEvent: {}
[67.023162] (-) TimerEvent: {}
[67.123391] (-) TimerEvent: {}
[67.223631] (-) TimerEvent: {}
[67.323895] (-) TimerEvent: {}
[67.424190] (-) TimerEvent: {}
[67.524485] (-) TimerEvent: {}
[67.574714] (workspace_gz) StdoutLine: {'line': b'[ 98%] \x1b[32m\x1b[1mLinking CXX shared library libScanDockScoringPlugin.so\x1b[0m\n'}
[67.624616] (-) TimerEvent: {}
[67.724879] (-) TimerEvent: {}
[67.825164] (-) TimerEvent: {}
[67.925482] (-) TimerEvent: {}
[68.025809] (-) TimerEvent: {}
[68.094863] (workspace_gz) StdoutLine: {'line': b'[ 98%] Built target ScanDockScoringPlugin\n'}
[68.115108] (workspace_gz) StdoutLine: {'line': b'[100%] \x1b[32m\x1b[1mLinking CXX shared library libWildlifeScoringPlugin.so\x1b[0m\n'}
[68.125905] (-) TimerEvent: {}
[68.226196] (-) TimerEvent: {}
[68.326510] (-) TimerEvent: {}
[68.426830] (-) TimerEvent: {}
[68.527158] (-) TimerEvent: {}
[68.582989] (workspace_gz) StdoutLine: {'line': b'[100%] Built target WildlifeScoringPlugin\n'}
[68.603561] (workspace_gz) CommandEnded: {'returncode': 0}
[68.605714] (workspace_gz) JobProgress: {'identifier': 'workspace_gz', 'progress': 'install'}
[68.627282] (-) TimerEvent: {}
[68.630050] (workspace_gz) Command: {'cmd': ['/usr/bin/cmake', '--install', '/home/aliomacc/sti_usv/build/workspace_gz'], 'cwd': '/home/aliomacc/sti_usv/build/workspace_gz', 'env': OrderedDict([('GZ_SIM_SYSTEM_PLUGIN_PATH', '/usr/local/lib:'), ('GJS_DEBUG_TOPICS', 'JS ERROR;JS LOG'), ('LESSOPEN', '| /usr/bin/lesspipe %s'), ('LANGUAGE', 'en_US:en'), ('USER', 'aliomacc'), ('LC_TIME', 'tr_TR.UTF-8'), ('XDG_SESSION_TYPE', 'x11'), ('SHLVL', '1'), ('LD_LIBRARY_PATH', '/usr/local/lib:/home/aliomacc/ros2_ws/install/my_robot_interfaces/lib:/opt/ros/humble/opt/rviz_ogre_vendor/lib:/opt/ros/humble/lib/x86_64-linux-gnu:/opt/ros/humble/lib'), ('HOME', '/home/aliomacc'), ('OLDPWD', '/home/aliomacc/sti_usv'), ('DESKTOP_SESSION', 'ubuntu-xorg'), ('GIO_LAUNCHED_DESKTOP_FILE', '/usr/share/applications/terminator.desktop'), ('ROS_PYTHON_VERSION', '3'), ('GNOME_SHELL_SESSION_MODE', 'ubuntu'), ('GTK_MODULES', 'gail:atk-bridge'), ('LC_MONETARY', 'tr_TR.UTF-8'), ('MANAGERPID', '1103'), ('SYSTEMD_EXEC_PID', '1555'), ('DBUS_SESSION_BUS_ADDRESS', 'unix:path=/run/user/1000/bus'), ('COLORTERM', 'truecolor'), ('TERMINATOR_DBUS_NAME', 'net.tenshu.Terminator21a9d5db22c73a993ff0b42f64b396873'), ('GIO_LAUNCHED_DESKTOP_FILE_PID', '54351'), ('COLCON_PREFIX_PATH', '/home/aliomacc/turtlebot3_ws/install:/home/aliomacc/ros2_ws/install'), ('ROS_DISTRO', 'humble'), ('GTK_IM_MODULE', 'ibus'), ('LOGNAME', 'aliomacc'), ('JOURNAL_STREAM', '8:14713'), ('_', '/usr/bin/colcon'), ('ROS_VERSION', '2'), ('XDG_SESSION_CLASS', 'user'), ('USERNAME', 'aliomacc'), ('TERM', 'xterm-256color'), ('GNOME_DESKTOP_SESSION_ID', 'this-is-deprecated'), ('ROS_LOCALHOST_ONLY', '0'), ('WINDOWPATH', '2'), ('PATH', '/home/aliomacc/ardupilot/Tools/autotest:/home/aliomacc/.local/bin:/opt/ros/humble/bin:/home/aliomacc/.local/bin:/usr/local/sbin:/usr/local/bin:/usr/sbin:/usr/bin:/sbin:/bin:/usr/games:/usr/local/games:/snap/bin:/snap/bin'), ('SESSION_MANAGER', 'local/aliomacc-Nitro-AN515-55:@/tmp/.ICE-unix/1528,unix/aliomacc-Nitro-AN515-55:/tmp/.ICE-unix/1528'), ('INVOCATION_ID', 'a85b44078b7448bc8035591d1102ef05'), ('PAPERSIZE', 'a4'), ('XDG_MENU_PREFIX', 'gnome-'), ('LC_ADDRESS', 'tr_TR.UTF-8'), ('XDG_RUNTIME_DIR', '/run/user/1000'), ('DISPLAY', ':0'), ('TERMINATOR_DBUS_PATH', '/net/tenshu/Terminator2'), ('LANG', 'en_US.UTF-8'), ('XDG_CURRENT_DESKTOP', 'ubuntu:GNOME'), ('IBUS_DISABLE_SNOOPER', '1'), ('LC_TELEPHONE', 'tr_TR.UTF-8'), ('XMODIFIERS', '@im=ibus'), ('XDG_SESSION_DESKTOP', 'ubuntu-xorg'), ('XAUTHORITY', '/run/user/1000/gdm/Xauthority'), ('LS_COLORS', 'rs=0:di=01;34:ln=01;36:mh=00:pi=40;33:so=01;35:do=01;35:bd=40;33;01:cd=40;33;01:or=40;31;01:mi=00:su=37;41:sg=30;43:ca=30;41:tw=30;42:ow=34;42:st=37;44:ex=01;32:*.tar=01;31:*.tgz=01;31:*.arc=01;31:*.arj=01;31:*.taz=01;31:*.lha=01;31:*.lz4=01;31:*.lzh=01;31:*.lzma=01;31:*.tlz=01;31:*.txz=01;31:*.tzo=01;31:*.t7z=01;31:*.zip=01;31:*.z=01;31:*.dz=01;31:*.gz=01;31:*.lrz=01;31:*.lz=01;31:*.lzo=01;31:*.xz=01;31:*.zst=01;31:*.tzst=01;31:*.bz2=01;31:*.bz=01;31:*.tbz=01;31:*.tbz2=01;31:*.tz=01;31:*.deb=01;31:*.rpm=01;31:*.jar=01;31:*.war=01;31:*.ear=01;31:*.sar=01;31:*.rar=01;31:*.alz=01;31:*.ace=01;31:*.zoo=01;31:*.cpio=01;31:*.7z=01;31:*.rz=01;31:*.cab=01;31:*.wim=01;31:*.swm=01;31:*.dwm=01;31:*.esd=01;31:*.jpg=01;35:*.jpeg=01;35:*.mjpg=01;35:*.mjpeg=01;35:*.gif=01;35:*.bmp=01;35:*.pbm=01;35:*.pgm=01;35:*.ppm=01;35:*.tga=01;35:*.xbm=01;35:*.xpm=01;35:*.tif=01;35:*.tiff=01;35:*.png=01;35:*.svg=01;35:*.svgz=01;35:*.mng=01;35:*.pcx=01;35:*.mov=01;35:*.mpg=01;35:*.mpeg=01;35:*.m2v=01;35:*.mkv=01;35:*.webm=01;35:*.webp=01;35:*.ogm=01;35:*.mp4=01;35:*.m4v=01;35:*.mp4v=01;35:*.vob=01;35:*.qt=01;35:*.nuv=01;35:*.wmv=01;35:*.asf=01;35:*.rm=01;35:*.rmvb=01;35:*.flc=01;35:*.avi=01;35:*.fli=01;35:*.flv=01;35:*.gl=01;35:*.dl=01;35:*.xcf=01;35:*.xwd=01;35:*.yuv=01;35:*.cgm=01;35:*.emf=01;35:*.ogv=01;35:*.ogx=01;35:*.aac=00;36:*.au=00;36:*.flac=00;36:*.m4a=00;36:*.mid=00;36:*.midi=00;36:*.mka=00;36:*.mp3=00;36:*.mpc=00;36:*.ogg=00;36:*.ra=00;36:*.wav=00;36:*.oga=00;36:*.opus=00;36:*.spx=00;36:*.xspf=00;36:'), ('SSH_AGENT_LAUNCHER', 'gnome-keyring'), ('SSH_AUTH_SOCK', '/run/user/1000/keyring/ssh'), ('AMENT_PREFIX_PATH', '/home/aliomacc/turtlebot3_ws/install/turtlebot3_simulations:/home/aliomacc/turtlebot3_ws/install/turtlebot3_manipulation_gazebo:/home/aliomacc/turtlebot3_ws/install/turtlebot3_gazebo:/home/aliomacc/turtlebot3_ws/install/turtlebot3_fake_node:/home/aliomacc/ros2_ws/install/actions_py:/home/aliomacc/ros2_ws/install/my_robot_interfaces:/home/aliomacc/ros2_ws/install/my_robot_description:/home/aliomacc/ros2_ws/install/my_robot_bringup:/home/aliomacc/ros2_ws/install/lifecycle_py:/home/aliomacc/ros2_ws/install/lifecycle_cpp:/opt/ros/humble'), ('SHELL', '/bin/bash'), ('IGN_GAZEBO_SYSTEM_PLUGIN_PATH', '/usr/local/lib:'), ('LC_NAME', 'tr_TR.UTF-8'), ('TERMINATOR_UUID', 'urn:uuid:24409570-3bf1-4205-8564-983481cd0e08'), ('QT_ACCESSIBILITY', '1'), ('GDMSESSION', 'ubuntu-xorg'), ('LESSCLOSE', '/usr/bin/lesspipe %s %s'), ('LC_MEASUREMENT', 'tr_TR.UTF-8'), ('GPG_AGENT_INFO', '/run/user/1000/gnupg/S.gpg-agent:0:1'), ('GJS_DEBUG_OUTPUT', 'stderr'), ('LC_IDENTIFICATION', 'tr_TR.UTF-8'), ('QT_IM_MODULE', 'ibus'), ('PWD', '/home/aliomacc/sti_usv/build/workspace_gz'), ('TURTLEBOT3_MODEL', 'waffle'), ('XDG_CONFIG_DIRS', '/etc/xdg/xdg-ubuntu-xorg:/etc/xdg'), ('XDG_DATA_DIRS', '/usr/share/ubuntu-xorg:/usr/share/gnome:/home/aliomacc/.local/share/flatpak/exports/share:/var/lib/flatpak/exports/share:/usr/local/share/:/usr/share/:/var/lib/snapd/desktop'), ('PYTHONPATH', '/home/aliomacc/ros2_ws/install/actions_py/lib/python3.10/site-packages:/home/aliomacc/ros2_ws/install/my_robot_interfaces/local/lib/python3.10/dist-packages:/home/aliomacc/ros2_ws/install/lifecycle_py/lib/python3.10/site-packages:/opt/ros/humble/lib/python3.10/site-packages:/opt/ros/humble/local/lib/python3.10/dist-packages'), ('LC_NUMERIC', 'tr_TR.UTF-8'), ('LC_PAPER', 'tr_TR.UTF-8'), ('COLCON', '1'), ('VTE_VERSION', '6800'), ('CMAKE_PREFIX_PATH', '/home/aliomacc/turtlebot3_ws/install/turtlebot3_simulations:/home/aliomacc/turtlebot3_ws/install/turtlebot3_manipulation_gazebo:/home/aliomacc/turtlebot3_ws/install/turtlebot3_gazebo:/home/aliomacc/turtlebot3_ws/install/turtlebot3_fake_node:/home/aliomacc/ros2_ws/install/my_robot_interfaces:/home/aliomacc/ros2_ws/install/my_robot_description:/home/aliomacc/ros2_ws/install/my_robot_bringup:/home/aliomacc/ros2_ws/install/lifecycle_cpp:/home/aliomacc/ros2_ws/install/actions_py:/home/aliomacc/ros2_ws/install/lifecycle_py:/opt/ros/humble')]), 'shell': False}
[68.640650] (workspace_gz) StdoutLine: {'line': b'-- Install configuration: ""\n'}
[68.641324] (workspace_gz) StdoutLine: {'line': b'-- Execute custom install script\n'}
[68.641872] (workspace_gz) StdoutLine: {'line': b'-- Symlinking: /home/aliomacc/sti_usv/install/workspace_gz/lib/workspace_gz/libWaves.so\n'}
[68.650633] (workspace_gz) StdoutLine: {'line': b'-- Symlinking: /home/aliomacc/sti_usv/install/workspace_gz/lib/workspace_gz/libScoringPlugin.so\n'}
[68.659569] (workspace_gz) StdoutLine: {'line': b'-- Symlinking: /home/aliomacc/sti_usv/install/workspace_gz/lib/workspace_gz/libSimpleHydrodynamics.so\n'}
[68.667504] (workspace_gz) StdoutLine: {'line': b'-- Symlinking: /home/aliomacc/sti_usv/install/workspace_gz/lib/workspace_gz/libPolyhedraBuoyancyDrag.so\n'}
[68.674882] (workspace_gz) StdoutLine: {'line': b'-- Symlinking: /home/aliomacc/sti_usv/install/workspace_gz/lib/workspace_gz/libSurface.so\n'}
[68.682130] (workspace_gz) StdoutLine: {'line': b'-- Symlinking: /home/aliomacc/sti_usv/install/workspace_gz/lib/workspace_gz/libUSVWind.so\n'}
[68.689308] (workspace_gz) StdoutLine: {'line': b'-- Symlinking: /home/aliomacc/sti_usv/install/workspace_gz/lib/workspace_gz/libWaveVisual.so\n'}
[68.696470] (workspace_gz) StdoutLine: {'line': b'-- Symlinking: /home/aliomacc/sti_usv/install/workspace_gz/lib/workspace_gz/libStationkeepingScoringPlugin.so\n'}
[68.703698] (workspace_gz) StdoutLine: {'line': b'-- Symlinking: /home/aliomacc/sti_usv/install/workspace_gz/lib/workspace_gz/libWayfindingScoringPlugin.so\n'}
[68.711063] (workspace_gz) StdoutLine: {'line': b'-- Symlinking: /home/aliomacc/sti_usv/install/workspace_gz/lib/workspace_gz/libAcousticPerceptionScoringPlugin.so\n'}
[68.718360] (workspace_gz) StdoutLine: {'line': b'-- Symlinking: /home/aliomacc/sti_usv/install/workspace_gz/lib/workspace_gz/libAcousticTrackingScoringPlugin.so\n'}
[68.725686] (workspace_gz) StdoutLine: {'line': b'-- Symlinking: /home/aliomacc/sti_usv/install/workspace_gz/lib/workspace_gz/libAcousticPingerPlugin.so\n'}
[68.727370] (-) TimerEvent: {}
[68.733013] (workspace_gz) StdoutLine: {'line': b'-- Symlinking: /home/aliomacc/sti_usv/install/workspace_gz/lib/workspace_gz/libBallShooterPlugin.so\n'}
[68.740491] (workspace_gz) StdoutLine: {'line': b'-- Symlinking: /home/aliomacc/sti_usv/install/workspace_gz/lib/workspace_gz/libLightBuoyPlugin.so\n'}
[68.747810] (workspace_gz) StdoutLine: {'line': b'-- Symlinking: /home/aliomacc/sti_usv/install/workspace_gz/lib/workspace_gz/libNavigationScoringPlugin.so\n'}
[68.755363] (workspace_gz) StdoutLine: {'line': b'-- Symlinking: /home/aliomacc/sti_usv/install/workspace_gz/lib/workspace_gz/libGymkhanaScoringPlugin.so\n'}
[68.763242] (workspace_gz) StdoutLine: {'line': b'-- Symlinking: /home/aliomacc/sti_usv/install/workspace_gz/lib/workspace_gz/libPerceptionScoringPlugin.so\n'}
[68.770840] (workspace_gz) StdoutLine: {'line': b'-- Symlinking: /home/aliomacc/sti_usv/install/workspace_gz/lib/workspace_gz/libPlacardPlugin.so\n'}
[68.778314] (workspace_gz) StdoutLine: {'line': b'-- Symlinking: /home/aliomacc/sti_usv/install/workspace_gz/lib/workspace_gz/libPublisherPlugin.so\n'}
[68.786173] (workspace_gz) StdoutLine: {'line': b'-- Symlinking: /home/aliomacc/sti_usv/install/workspace_gz/lib/workspace_gz/libScanDockScoringPlugin.so\n'}
[68.794228] (workspace_gz) StdoutLine: {'line': b'-- Symlinking: /home/aliomacc/sti_usv/install/workspace_gz/lib/workspace_gz/libWildlifeScoringPlugin.so\n'}
[68.802106] (workspace_gz) StdoutLine: {'line': b'-- Symlinking: /home/aliomacc/sti_usv/install/workspace_gz/share/workspace_gz/launch/simulation.launch.py\n'}
[68.810590] (workspace_gz) StdoutLine: {'line': b'-- Symlinking: /home/aliomacc/sti_usv/install/workspace_gz/share/workspace_gz/models/buoys/marker_buoy_black/materials/textures/MarkerBuoy_Base_Color.png\n'}
[68.817908] (workspace_gz) StdoutLine: {'line': b'-- Symlinking: /home/aliomacc/sti_usv/install/workspace_gz/share/workspace_gz/models/buoys/marker_buoy_black/materials/textures/MarkerBuoy_Roughness.png\n'}
[68.825138] (workspace_gz) StdoutLine: {'line': b'-- Symlinking: /home/aliomacc/sti_usv/install/workspace_gz/share/workspace_gz/models/buoys/marker_buoy_black/meshes/marker_buoy.dae\n'}
[68.827476] (-) TimerEvent: {}
[68.832360] (workspace_gz) StdoutLine: {'line': b'-- Symlinking: /home/aliomacc/sti_usv/install/workspace_gz/share/workspace_gz/models/buoys/marker_buoy_black/model.config\n'}
[68.839659] (workspace_gz) StdoutLine: {'line': b'-- Symlinking: /home/aliomacc/sti_usv/install/workspace_gz/share/workspace_gz/models/buoys/marker_buoy_black/model.sdf\n'}
[68.847326] (workspace_gz) StdoutLine: {'line': b'-- Symlinking: /home/aliomacc/sti_usv/install/workspace_gz/share/workspace_gz/models/buoys/marker_buoy_green/materials/textures/MarkerBuoy_Base_Color.png\n'}
[68.855042] (workspace_gz) StdoutLine: {'line': b'-- Symlinking: /home/aliomacc/sti_usv/install/workspace_gz/share/workspace_gz/models/buoys/marker_buoy_green/materials/textures/MarkerBuoy_Roughness.png\n'}
[68.863069] (workspace_gz) StdoutLine: {'line': b'-- Symlinking: /home/aliomacc/sti_usv/install/workspace_gz/share/workspace_gz/models/buoys/marker_buoy_green/meshes/marker_buoy.dae\n'}
[68.870493] (workspace_gz) StdoutLine: {'line': b'-- Symlinking: /home/aliomacc/sti_usv/install/workspace_gz/share/workspace_gz/models/buoys/marker_buoy_green/model.config\n'}
[68.877742] (workspace_gz) StdoutLine: {'line': b'-- Symlinking: /home/aliomacc/sti_usv/install/workspace_gz/share/workspace_gz/models/buoys/marker_buoy_green/model.sdf\n'}
[68.885010] (workspace_gz) StdoutLine: {'line': b'-- Symlinking: /home/aliomacc/sti_usv/install/workspace_gz/share/workspace_gz/models/buoys/marker_buoy_orange/materials/textures/MarkerBuoy_Base_Color.png\n'}
[68.892164] (workspace_gz) StdoutLine: {'line': b'-- Symlinking: /home/aliomacc/sti_usv/install/workspace_gz/share/workspace_gz/models/buoys/marker_buoy_orange/materials/textures/MarkerBuoy_Roughness.png\n'}
[68.899214] (workspace_gz) StdoutLine: {'line': b'-- Symlinking: /home/aliomacc/sti_usv/install/workspace_gz/share/workspace_gz/models/buoys/marker_buoy_orange/meshes/marker_buoy.dae\n'}
[68.906443] (workspace_gz) StdoutLine: {'line': b'-- Symlinking: /home/aliomacc/sti_usv/install/workspace_gz/share/workspace_gz/models/buoys/marker_buoy_orange/model.config\n'}
[68.913636] (workspace_gz) StdoutLine: {'line': b'-- Symlinking: /home/aliomacc/sti_usv/install/workspace_gz/share/workspace_gz/models/buoys/marker_buoy_orange/model.sdf\n'}
[68.921050] (workspace_gz) StdoutLine: {'line': b'-- Symlinking: /home/aliomacc/sti_usv/install/workspace_gz/share/workspace_gz/models/buoys/marker_buoy_red/materials/textures/MarkerBuoy_Base_Color.png\n'}
[68.927593] (-) TimerEvent: {}
[68.928198] (workspace_gz) StdoutLine: {'line': b'-- Symlinking: /home/aliomacc/sti_usv/install/workspace_gz/share/workspace_gz/models/buoys/marker_buoy_red/materials/textures/MarkerBuoy_Roughness.png\n'}
[68.935453] (workspace_gz) StdoutLine: {'line': b'-- Symlinking: /home/aliomacc/sti_usv/install/workspace_gz/share/workspace_gz/models/buoys/marker_buoy_red/meshes/marker_buoy.dae\n'}
[68.942697] (workspace_gz) StdoutLine: {'line': b'-- Symlinking: /home/aliomacc/sti_usv/install/workspace_gz/share/workspace_gz/models/buoys/marker_buoy_red/model.config\n'}
[68.949822] (workspace_gz) StdoutLine: {'line': b'-- Symlinking: /home/aliomacc/sti_usv/install/workspace_gz/share/workspace_gz/models/buoys/marker_buoy_red/model.sdf\n'}
[68.957430] (workspace_gz) StdoutLine: {'line': b'-- Symlinking: /home/aliomacc/sti_usv/install/workspace_gz/share/workspace_gz/models/buoys/marker_buoy_yellow/materials/textures/MarkerBuoy_Base_Color.png\n'}
[68.965380] (workspace_gz) StdoutLine: {'line': b'-- Symlinking: /home/aliomacc/sti_usv/install/workspace_gz/share/workspace_gz/models/buoys/marker_buoy_yellow/materials/textures/MarkerBuoy_Roughness.png\n'}
[68.972964] (workspace_gz) StdoutLine: {'line': b'-- Symlinking: /home/aliomacc/sti_usv/install/workspace_gz/share/workspace_gz/models/buoys/marker_buoy_yellow/meshes/marker_buoy.dae\n'}
[68.980175] (workspace_gz) StdoutLine: {'line': b'-- Symlinking: /home/aliomacc/sti_usv/install/workspace_gz/share/workspace_gz/models/buoys/marker_buoy_yellow/model.config\n'}
[68.987523] (workspace_gz) StdoutLine: {'line': b'-- Symlinking: /home/aliomacc/sti_usv/install/workspace_gz/share/workspace_gz/models/buoys/marker_buoy_yellow/model.sdf\n'}
[68.994825] (workspace_gz) StdoutLine: {'line': b'-- Symlinking: /home/aliomacc/sti_usv/install/workspace_gz/share/workspace_gz/models/buoys/round_buoy_orange/materials/textures/RoundBarrierBuoy_Base_Color.png\n'}
[69.002116] (workspace_gz) StdoutLine: {'line': b'-- Symlinking: /home/aliomacc/sti_usv/install/workspace_gz/share/workspace_gz/models/buoys/round_buoy_orange/materials/textures/RoundBarrierBuoy_Roughness.png\n'}
[69.009327] (workspace_gz) StdoutLine: {'line': b'-- Symlinking: /home/aliomacc/sti_usv/install/workspace_gz/share/workspace_gz/models/buoys/round_buoy_orange/meshes/round_buoy.dae\n'}
[69.016956] (workspace_gz) StdoutLine: {'line': b'-- Symlinking: /home/aliomacc/sti_usv/install/workspace_gz/share/workspace_gz/models/buoys/round_buoy_orange/model.config\n'}
[69.024527] (workspace_gz) StdoutLine: {'line': b'-- Symlinking: /home/aliomacc/sti_usv/install/workspace_gz/share/workspace_gz/models/buoys/round_buoy_orange/model.sdf\n'}
[69.027664] (-) TimerEvent: {}
[69.032314] (workspace_gz) StdoutLine: {'line': b'-- Symlinking: /home/aliomacc/sti_usv/install/workspace_gz/share/workspace_gz/models/roboboat/materials/textures/roboboat_albedo.png\n'}
[69.039845] (workspace_gz) StdoutLine: {'line': b'-- Symlinking: /home/aliomacc/sti_usv/install/workspace_gz/share/workspace_gz/models/roboboat/materials/textures/roboboat_metalness.png\n'}
[69.047166] (workspace_gz) StdoutLine: {'line': b'-- Symlinking: /home/aliomacc/sti_usv/install/workspace_gz/share/workspace_gz/models/roboboat/materials/textures/roboboat_normal.png\n'}
[69.054464] (workspace_gz) StdoutLine: {'line': b'-- Symlinking: /home/aliomacc/sti_usv/install/workspace_gz/share/workspace_gz/models/roboboat/materials/textures/roboboat_roughness.png\n'}
[69.062599] (workspace_gz) StdoutLine: {'line': b'-- Symlinking: /home/aliomacc/sti_usv/install/workspace_gz/share/workspace_gz/models/roboboat/materials/textures/thruster_albedo.png\n'}
[69.070071] (workspace_gz) StdoutLine: {'line': b'-- Symlinking: /home/aliomacc/sti_usv/install/workspace_gz/share/workspace_gz/models/roboboat/materials/textures/thruster_roughness.png\n'}
[69.077491] (workspace_gz) StdoutLine: {'line': b'-- Symlinking: /home/aliomacc/sti_usv/install/workspace_gz/share/workspace_gz/models/roboboat/meshes/housing.dae\n'}
[69.084657] (workspace_gz) StdoutLine: {'line': b'-- Symlinking: /home/aliomacc/sti_usv/install/workspace_gz/share/workspace_gz/models/roboboat/meshes/mount.dae\n'}
[69.091799] (workspace_gz) StdoutLine: {'line': b'-- Symlinking: /home/aliomacc/sti_usv/install/workspace_gz/share/workspace_gz/models/roboboat/meshes/prop.dae\n'}
[69.099057] (workspace_gz) StdoutLine: {'line': b'-- Symlinking: /home/aliomacc/sti_usv/install/workspace_gz/share/workspace_gz/models/roboboat/meshes/roboboat.dae\n'}
[69.106322] (workspace_gz) StdoutLine: {'line': b'-- Symlinking: /home/aliomacc/sti_usv/install/workspace_gz/share/workspace_gz/models/roboboat/sensors/camera/materials/textures/camera.png\n'}
[69.113586] (workspace_gz) StdoutLine: {'line': b'-- Symlinking: /home/aliomacc/sti_usv/install/workspace_gz/share/workspace_gz/models/roboboat/sensors/camera/materials/textures/camera_albedo.png\n'}
[69.120736] (workspace_gz) StdoutLine: {'line': b'-- Symlinking: /home/aliomacc/sti_usv/install/workspace_gz/share/workspace_gz/models/roboboat/sensors/camera/materials/textures/camera_metalness.png\n'}
[69.127699] (-) TimerEvent: {}
[69.128103] (workspace_gz) StdoutLine: {'line': b'-- Symlinking: /home/aliomacc/sti_usv/install/workspace_gz/share/workspace_gz/models/roboboat/sensors/camera/materials/textures/camera_normal.png\n'}
[69.135373] (workspace_gz) StdoutLine: {'line': b'-- Symlinking: /home/aliomacc/sti_usv/install/workspace_gz/share/workspace_gz/models/roboboat/sensors/camera/materials/textures/camera_roughness.png\n'}
[69.143036] (workspace_gz) StdoutLine: {'line': b'-- Symlinking: /home/aliomacc/sti_usv/install/workspace_gz/share/workspace_gz/models/roboboat/sensors/camera/meshes/camera.dae\n'}
[69.150366] (workspace_gz) StdoutLine: {'line': b'-- Symlinking: /home/aliomacc/sti_usv/install/workspace_gz/share/workspace_gz/models/roboboat/sensors/camera/meshes/camera_albedo.png\n'}
[69.158301] (workspace_gz) StdoutLine: {'line': b'-- Symlinking: /home/aliomacc/sti_usv/install/workspace_gz/share/workspace_gz/models/roboboat/sensors/camera_post/materials/textures/post_albedo.png\n'}
[69.166287] (workspace_gz) StdoutLine: {'line': b'-- Symlinking: /home/aliomacc/sti_usv/install/workspace_gz/share/workspace_gz/models/roboboat/sensors/camera_post/meshes/post.dae\n'}
[69.173787] (workspace_gz) StdoutLine: {'line': b'-- Symlinking: /home/aliomacc/sti_usv/install/workspace_gz/share/workspace_gz/models/roboboat/sensors/camera_post/meshes/post_albedo.jpg\n'}
[69.181176] (workspace_gz) StdoutLine: {'line': b'-- Symlinking: /home/aliomacc/sti_usv/install/workspace_gz/share/workspace_gz/models/roboboat/sensors/drybox/materials/textures/drybox_albedo.png\n'}
[69.188383] (workspace_gz) StdoutLine: {'line': b'-- Symlinking: /home/aliomacc/sti_usv/install/workspace_gz/share/workspace_gz/models/roboboat/sensors/drybox/materials/textures/drybox_roughness.png\n'}
[69.195719] (workspace_gz) StdoutLine: {'line': b'-- Symlinking: /home/aliomacc/sti_usv/install/workspace_gz/share/workspace_gz/models/roboboat/sensors/drybox/meshes/drybox.dae\n'}
[69.203104] (workspace_gz) StdoutLine: {'line': b'-- Symlinking: /home/aliomacc/sti_usv/install/workspace_gz/share/workspace_gz/models/roboboat/sensors/gps/materials/textures/gps_albedo.png\n'}
[69.210398] (workspace_gz) StdoutLine: {'line': b'-- Symlinking: /home/aliomacc/sti_usv/install/workspace_gz/share/workspace_gz/models/roboboat/sensors/gps/meshes/gps.dae\n'}
[69.217613] (workspace_gz) StdoutLine: {'line': b'-- Symlinking: /home/aliomacc/sti_usv/install/workspace_gz/share/workspace_gz/models/roboboat/sensors/gps/meshes/gps_albedo.png\n'}
[69.224829] (workspace_gz) StdoutLine: {'line': b'-- Symlinking: /home/aliomacc/sti_usv/install/workspace_gz/share/workspace_gz/models/roboboat/sensors/lidar/materials/textures/lidar.png\n'}
[69.227773] (-) TimerEvent: {}
[69.232071] (workspace_gz) StdoutLine: {'line': b'-- Symlinking: /home/aliomacc/sti_usv/install/workspace_gz/share/workspace_gz/models/roboboat/sensors/lidar/materials/textures/lidar_albedo.png\n'}
[69.239335] (workspace_gz) StdoutLine: {'line': b'-- Symlinking: /home/aliomacc/sti_usv/install/workspace_gz/share/workspace_gz/models/roboboat/sensors/lidar/materials/textures/lidar_metalness.png\n'}
[69.246629] (workspace_gz) StdoutLine: {'line': b'-- Symlinking: /home/aliomacc/sti_usv/install/workspace_gz/share/workspace_gz/models/roboboat/sensors/lidar/materials/textures/lidar_normal.png\n'}
[69.253837] (workspace_gz) StdoutLine: {'line': b'-- Symlinking: /home/aliomacc/sti_usv/install/workspace_gz/share/workspace_gz/models/roboboat/sensors/lidar/materials/textures/lidar_roughness.png\n'}
[69.261992] (workspace_gz) StdoutLine: {'line': b'-- Symlinking: /home/aliomacc/sti_usv/install/workspace_gz/share/workspace_gz/models/roboboat/sensors/lidar/meshes/lidar.dae\n'}
[69.269800] (workspace_gz) StdoutLine: {'line': b'-- Symlinking: /home/aliomacc/sti_usv/install/workspace_gz/share/workspace_gz/models/roboboat/sensors/lidar/meshes/lidar_albedo.png\n'}
[69.277447] (workspace_gz) StdoutLine: {'line': b'-- Symlinking: /home/aliomacc/sti_usv/install/workspace_gz/share/workspace_gz/models/roboboat/sensors/lidar_post/materials/textures/post_albedo.png\n'}
[69.284964] (workspace_gz) StdoutLine: {'line': b'-- Symlinking: /home/aliomacc/sti_usv/install/workspace_gz/share/workspace_gz/models/roboboat/sensors/lidar_post/meshes/post.dae\n'}
[69.292170] (workspace_gz) StdoutLine: {'line': b'-- Symlinking: /home/aliomacc/sti_usv/install/workspace_gz/share/workspace_gz/models/roboboat/sensors/lidar_post/meshes/post_albedo.jpg\n'}
[69.299692] (workspace_gz) StdoutLine: {'line': b'-- Symlinking: /home/aliomacc/sti_usv/install/workspace_gz/share/workspace_gz/models/waves/materials/programs/GerstnerWaves_fs_330.glsl\n'}
[69.306979] (workspace_gz) StdoutLine: {'line': b'-- Symlinking: /home/aliomacc/sti_usv/install/workspace_gz/share/workspace_gz/models/waves/materials/programs/GerstnerWaves_vs_330.glsl\n'}
[69.314106] (workspace_gz) StdoutLine: {'line': b'-- Symlinking: /home/aliomacc/sti_usv/install/workspace_gz/share/workspace_gz/models/waves/materials/textures/skybox_lowres.dds\n'}
[69.320859] (workspace_gz) StdoutLine: {'line': b'-- Symlinking: /home/aliomacc/sti_usv/install/workspace_gz/share/workspace_gz/models/waves/materials/textures/wave_normals.dds\n'}
[69.327607] (workspace_gz) StdoutLine: {'line': b'-- Symlinking: /home/aliomacc/sti_usv/install/workspace_gz/share/workspace_gz/models/waves/meshes/waterlow.dae\n'}
[69.327838] (-) TimerEvent: {}
[69.334514] (workspace_gz) StdoutLine: {'line': b'-- Symlinking: /home/aliomacc/sti_usv/install/workspace_gz/share/workspace_gz/models/waves/model.config\n'}
[69.341518] (workspace_gz) StdoutLine: {'line': b'-- Symlinking: /home/aliomacc/sti_usv/install/workspace_gz/share/workspace_gz/models/waves/model.sdf\n'}
[69.348432] (workspace_gz) StdoutLine: {'line': b'-- Symlinking: /home/aliomacc/sti_usv/install/workspace_gz/share/workspace_gz/worlds/world.sdf\n'}
[69.356069] (workspace_gz) StdoutLine: {'line': b'-- Symlinking: /home/aliomacc/sti_usv/install/workspace_gz/share/workspace_gz/description/roboboat/roboboat.xacro\n'}
[69.363342] (workspace_gz) StdoutLine: {'line': b'-- Symlinking: /home/aliomacc/sti_usv/install/workspace_gz/share/workspace_gz/description/roboboat/unitree_l2_lidar.xacro\n'}
[69.370299] (workspace_gz) StdoutLine: {'line': b'-- Symlinking: /home/aliomacc/sti_usv/install/workspace_gz/share/workspace_gz/description/roboboat/zed_camera.xacro\n'}
[69.377292] (workspace_gz) StdoutLine: {'line': b'-- Symlinking: /home/aliomacc/sti_usv/install/workspace_gz/share/ament_index/resource_index/package_run_dependencies/workspace_gz\n'}
[69.384016] (workspace_gz) StdoutLine: {'line': b'-- Symlinking: /home/aliomacc/sti_usv/install/workspace_gz/share/ament_index/resource_index/parent_prefix_path/workspace_gz\n'}
[69.391546] (workspace_gz) StdoutLine: {'line': b'-- Symlinking: /home/aliomacc/sti_usv/install/workspace_gz/share/workspace_gz/environment/ament_prefix_path.sh\n'}
[69.398747] (workspace_gz) StdoutLine: {'line': b'-- Symlinking: /home/aliomacc/sti_usv/install/workspace_gz/share/workspace_gz/environment/ament_prefix_path.dsv\n'}
[69.405786] (workspace_gz) StdoutLine: {'line': b'-- Symlinking: /home/aliomacc/sti_usv/install/workspace_gz/share/workspace_gz/environment/path.sh\n'}
[69.412603] (workspace_gz) StdoutLine: {'line': b'-- Symlinking: /home/aliomacc/sti_usv/install/workspace_gz/share/workspace_gz/environment/path.dsv\n'}
[69.419381] (workspace_gz) StdoutLine: {'line': b'-- Symlinking: /home/aliomacc/sti_usv/install/workspace_gz/share/workspace_gz/local_setup.bash\n'}
[69.426202] (workspace_gz) StdoutLine: {'line': b'-- Symlinking: /home/aliomacc/sti_usv/install/workspace_gz/share/workspace_gz/local_setup.sh\n'}
[69.427913] (-) TimerEvent: {}
[69.433175] (workspace_gz) StdoutLine: {'line': b'-- Symlinking: /home/aliomacc/sti_usv/install/workspace_gz/share/workspace_gz/local_setup.zsh\n'}
[69.440186] (workspace_gz) StdoutLine: {'line': b'-- Symlinking: /home/aliomacc/sti_usv/install/workspace_gz/share/workspace_gz/local_setup.dsv\n'}
[69.446978] (workspace_gz) StdoutLine: {'line': b'-- Symlinking: /home/aliomacc/sti_usv/install/workspace_gz/share/workspace_gz/package.dsv\n'}
[69.453811] (workspace_gz) StdoutLine: {'line': b'-- Symlinking: /home/aliomacc/sti_usv/install/workspace_gz/share/ament_index/resource_index/packages/workspace_gz\n'}
[69.461445] (workspace_gz) StdoutLine: {'line': b'-- Symlinking: /home/aliomacc/sti_usv/install/workspace_gz/share/workspace_gz/cmake/workspace_gzConfig.cmake\n'}
[69.468561] (workspace_gz) StdoutLine: {'line': b'-- Symlinking: /home/aliomacc/sti_usv/install/workspace_gz/share/workspace_gz/cmake/workspace_gzConfig-version.cmake\n'}
[69.475674] (workspace_gz) StdoutLine: {'line': b'-- Symlinking: /home/aliomacc/sti_usv/install/workspace_gz/share/workspace_gz/package.xml\n'}
[69.483897] (workspace_gz) CommandEnded: {'returncode': 0}
[69.496578] (workspace_gz) JobEnded: {'identifier': 'workspace_gz', 'rc': 0}
[69.497376] (-) EventReactorShutdown: {}
