[0.000000] (-) TimerEvent: {}
[0.000262] (workspace_gz) JobQueued: {'identifier': 'workspace_gz', 'dependencies': OrderedDict()}
[0.000322] (workspace_nav) JobQueued: {'identifier': 'workspace_nav', 'dependencies': OrderedDict()}
[0.000378] (workspace_ros) JobQueued: {'identifier': 'workspace_ros', 'dependencies': OrderedDict()}
[0.000435] (workspace_gz) JobStarted: {'identifier': 'workspace_gz'}
[0.004049] (workspace_nav) JobStarted: {'identifier': 'workspace_nav'}
[0.007883] (workspace_ros) JobStarted: {'identifier': 'workspace_ros'}
[0.012728] (workspace_gz) JobProgress: {'identifier': 'workspace_gz', 'progress': 'cmake'}
[0.013739] (workspace_gz) Command: {'cmd': ['/usr/bin/cmake', '/home/ngen/yildiz_ws/src/YILDIZ-USV/workspace_gz', '-DCMAKE_INSTALL_PREFIX=/home/ngen/yildiz_ws/src/YILDIZ-USV/install/workspace_gz'], 'cwd': '/home/ngen/yildiz_ws/src/YILDIZ-USV/build/workspace_gz', 'env': OrderedDict({'GJS_DEBUG_TOPICS': 'JS ERROR;JS LOG', 'XDG_ACTIVATION_TOKEN': 'gnome-shell/Terminator/2260-1-ngen_TIME78248', 'LESSOPEN': '| /usr/bin/lesspipe %s', 'GZ_SIM_RESOURCE_PATH': '/opt/ros/jazzy/share', 'USER': 'ngen', 'GZ_CONFIG_PATH': '/opt/ros/jazzy/opt/gz_sim_vendor/share/gz:/opt/ros/jazzy/opt/sdformat_vendor/share/gz:/opt/ros/jazzy/opt/gz_gui_vendor/share/gz:/opt/ros/jazzy/opt/gz_transport_vendor/share/gz:/opt/ros/jazzy/opt/gz_rendering_vendor/share/gz:/opt/ros/jazzy/opt/gz_plugin_vendor/share/gz:/opt/ros/jazzy/opt/gz_fuel_tools_vendor/share/gz:/opt/ros/jazzy/opt/gz_msgs_vendor/share/gz:/opt/ros/jazzy/opt/gz_common_vendor/share/gz', 'XDG_SESSION_TYPE': 'x11', 'CLUTTER_DISABLE_MIPMAPPED_TEXT': '1', 'SHLVL': '1', 'LD_LIBRARY_PATH': '/opt/ros/jazzy/opt/gz_sim_vendor/lib:/opt/ros/jazzy/opt/gz_sensors_vendor/lib:/opt/ros/jazzy/opt/gz_physics_vendor/lib:/opt/ros/jazzy/opt/sdformat_vendor/lib:/opt/ros/jazzy/opt/rviz_ogre_vendor/lib:/opt/ros/jazzy/lib/x86_64-linux-gnu:/opt/ros/jazzy/opt/gz_gui_vendor/lib:/opt/ros/jazzy/opt/gz_transport_vendor/lib:/opt/ros/jazzy/opt/gz_rendering_vendor/lib:/opt/ros/jazzy/opt/gz_plugin_vendor/lib:/opt/ros/jazzy/opt/gz_fuel_tools_vendor/lib:/opt/ros/jazzy/opt/gz_msgs_vendor/lib:/opt/ros/jazzy/opt/gz_common_vendor/lib:/opt/ros/jazzy/opt/gz_math_vendor/lib:/opt/ros/jazzy/opt/gz_utils_vendor/lib:/opt/ros/jazzy/opt/gz_tools_vendor/lib:/opt/ros/jazzy/opt/gz_ogre_next_vendor/lib:/opt/ros/jazzy/opt/gz_dartsim_vendor/lib:/opt/ros/jazzy/opt/gz_cmake_vendor/lib:/opt/ros/jazzy/lib', 'HOME': '/home/ngen', 'OLDPWD': '/home/ngen', 'DESKTOP_SESSION': 'ubuntu', 'GIO_LAUNCHED_DESKTOP_FILE': '/usr/share/applications/terminator.desktop', 'ROS_PYTHON_VERSION': '3', 'GNOME_SHELL_SESSION_MODE': 'ubuntu', 'GTK_MODULES': 'gail:atk-bridge', 'MANAGERPID': '1805', 'SYSTEMD_EXEC_PID': '2260', 'GSM_SKIP_SSH_AGENT_WORKAROUND': 'true', 'DBUS_SESSION_BUS_ADDRESS': 'unix:path=/run/user/1000/bus', 'COLORTERM': 'truecolor', 'TERMINATOR_DBUS_NAME': 'net.tenshu.Terminator21a9d5db22c73a993ff0b42f64b396873', 'GIO_LAUNCHED_DESKTOP_FILE_PID': '4475', 'DEBUGINFOD_URLS': 'https://debuginfod.ubuntu.com', 'ROS_DISTRO': 'jazzy', 'LOGNAME': 'ngen', 'JOURNAL_STREAM': '9:6655', '_': '/usr/bin/colcon', 'ROS_VERSION': '2', 'MEMORY_PRESSURE_WATCH': '/sys/fs/cgroup/user.slice/user-1000.slice/user@1000.service/session.slice/org.gnome.Shell@x11.service/memory.pressure', 'XDG_SESSION_CLASS': 'user', 'USERNAME': 'ngen', 'TERM': 'xterm-256color', 'GNOME_DESKTOP_SESSION_ID': 'this-is-deprecated', 'ROS_LOCALHOST_ONLY': '1', 'WINDOWPATH': '2', 'PATH': '/opt/ros/jazzy/opt/gz_msgs_vendor/bin:/opt/ros/jazzy/opt/gz_tools_vendor/bin:/opt/ros/jazzy/opt/gz_ogre_next_vendor/bin:/opt/ros/jazzy/bin:/home/ngen/.local/bin:/usr/local/sbin:/usr/local/bin:/usr/sbin:/usr/bin:/sbin:/bin:/usr/games:/usr/local/games:/snap/bin:/snap/bin', 'SESSION_MANAGER': 'local/ngen:@/tmp/.ICE-unix/2220,unix/ngen:/tmp/.ICE-unix/2220', 'INVOCATION_ID': 'dc58f2d4ec9e4c14b683e47dcf0372a9', 'XDG_MENU_PREFIX': 'gnome-', 'XDG_RUNTIME_DIR': '/run/user/1000', 'GZ_PARTITION': 'sim99', 'DISPLAY': ':0', 'TERMINATOR_DBUS_PATH': '/net/tenshu/Terminator2', 'LANG': 'en_US.UTF-8', 'XDG_CURRENT_DESKTOP': 'ubuntu:GNOME', 'GZ_IP': '127.0.0.1', 'XMODIFIERS': '@im=ibus', 'XDG_SESSION_DESKTOP': 'ubuntu', 'XAUTHORITY': '/run/user/1000/gdm/Xauthority', 'LS_COLORS': 'rs=0:di=01;34:ln=01;36:mh=00:pi=40;33:so=01;35:do=01;35:bd=40;33;01:cd=40;33;01:or=40;31;01:mi=00:su=37;41:sg=30;43:ca=00:tw=30;42:ow=34;42:st=37;44:ex=01;32:*.tar=01;31:*.tgz=01;31:*.arc=01;31:*.arj=01;31:*.taz=01;31:*.lha=01;31:*.lz4=01;31:*.lzh=01;31:*.lzma=01;31:*.tlz=01;31:*.txz=01;31:*.tzo=01;31:*.t7z=01;31:*.zip=01;31:*.z=01;31:*.dz=01;31:*.gz=01;31:*.lrz=01;31:*.lz=01;31:*.lzo=01;31:*.xz=01;31:*.zst=01;31:*.tzst=01;31:*.bz2=01;31:*.bz=01;31:*.tbz=01;31:*.tbz2=01;31:*.tz=01;31:*.deb=01;31:*.rpm=01;31:*.jar=01;31:*.war=01;31:*.ear=01;31:*.sar=01;31:*.rar=01;31:*.alz=01;31:*.ace=01;31:*.zoo=01;31:*.cpio=01;31:*.7z=01;31:*.rz=01;31:*.cab=01;31:*.wim=01;31:*.swm=01;31:*.dwm=01;31:*.esd=01;31:*.avif=01;35:*.jpg=01;35:*.jpeg=01;35:*.mjpg=01;35:*.mjpeg=01;35:*.gif=01;35:*.bmp=01;35:*.pbm=01;35:*.pgm=01;35:*.ppm=01;35:*.tga=01;35:*.xbm=01;35:*.xpm=01;35:*.tif=01;35:*.tiff=01;35:*.png=01;35:*.svg=01;35:*.svgz=01;35:*.mng=01;35:*.pcx=01;35:*.mov=01;35:*.mpg=01;35:*.mpeg=01;35:*.m2v=01;35:*.mkv=01;35:*.webm=01;35:*.webp=01;35:*.ogm=01;35:*.mp4=01;35:*.m4v=01;35:*.mp4v=01;35:*.vob=01;35:*.qt=01;35:*.nuv=01;35:*.wmv=01;35:*.asf=01;35:*.rm=01;35:*.rmvb=01;35:*.flc=01;35:*.avi=01;35:*.fli=01;35:*.flv=01;35:*.gl=01;35:*.dl=01;35:*.xcf=01;35:*.xwd=01;35:*.yuv=01;35:*.cgm=01;35:*.emf=01;35:*.ogv=01;35:*.ogx=01;35:*.aac=00;36:*.au=00;36:*.flac=00;36:*.m4a=00;36:*.mid=00;36:*.midi=00;36:*.mka=00;36:*.mp3=00;36:*.mpc=00;36:*.ogg=00;36:*.ra=00;36:*.wav=00;36:*.oga=00;36:*.opus=00;36:*.spx=00;36:*.xspf=00;36:*~=00;90:*#=00;90:*.bak=00;90:*.crdownload=00;90:*.dpkg-dist=00;90:*.dpkg-new=00;90:*.dpkg-old=00;90:*.dpkg-tmp=00;90:*.old=00;90:*.orig=00;90:*.part=00;90:*.rej=00;90:*.rpmnew=00;90:*.rpmorig=00;90:*.rpmsave=00;90:*.swp=00;90:*.tmp=00;90:*.ucf-dist=00;90:*.ucf-new=00;90:*.ucf-old=00;90:', 'SSH_AUTH_SOCK': '/run/user/1000/keyring/ssh', 'ROS_DOMAIN_ID': '99', 'AMENT_PREFIX_PATH': '/opt/ros/jazzy', 'SHELL': '/bin/bash', 'TERMINATOR_UUID': 'urn:uuid:d48611e8-fd2f-404c-8589-307f46e9c843', 'QT_ACCESSIBILITY': '1', 'GDMSESSION': 'ubuntu', 'LESSCLOSE': '/usr/bin/lesspipe %s %s', 'GZ_DISCOVERY_MULTICAST': '0', 'GPG_AGENT_INFO': '/run/user/1000/gnupg/S.gpg-agent:0:1', 'GJS_DEBUG_OUTPUT': 'stderr', 'ROS_AUTOMATIC_DISCOVERY_RANGE': 'SUBNET', 'QT_IM_MODULE': 'ibus', 'PWD': '/home/ngen/yildiz_ws/src/YILDIZ-USV/build/workspace_gz', 'XDG_CONFIG_DIRS': '/etc/xdg/xdg-ubuntu:/etc/xdg', 'XDG_DATA_DIRS': '/usr/share/ubuntu:/usr/share/gnome:/usr/local/share/:/usr/share/:/var/lib/snapd/desktop', 'PYTHONPATH': '/opt/ros/jazzy/lib/python3.12/site-packages', 'COLCON': '1', 'MEMORY_PRESSURE_WRITE': 'c29tZSAyMDAwMDAgMjAwMDAwMAA=', 'VTE_VERSION': '7600', 'CMAKE_PREFIX_PATH': '/opt/ros/jazzy/opt/gz_sim_vendor:/opt/ros/jazzy/opt/gz_sensors_vendor:/opt/ros/jazzy/opt/gz_physics_vendor:/opt/ros/jazzy/opt/sdformat_vendor:/opt/ros/jazzy/opt/gz_gui_vendor:/opt/ros/jazzy/opt/gz_transport_vendor:/opt/ros/jazzy/opt/gz_rendering_vendor:/opt/ros/jazzy/opt/gz_plugin_vendor:/opt/ros/jazzy/opt/gz_fuel_tools_vendor:/opt/ros/jazzy/opt/gz_msgs_vendor:/opt/ros/jazzy/opt/gz_common_vendor:/opt/ros/jazzy/opt/gz_math_vendor:/opt/ros/jazzy/opt/gz_utils_vendor:/opt/ros/jazzy/opt/gz_tools_vendor:/opt/ros/jazzy/opt/gz_ogre_next_vendor:/opt/ros/jazzy/opt/gz_dartsim_vendor:/opt/ros/jazzy/opt/gz_cmake_vendor:/opt/ros/jazzy'}), 'shell': False}
[0.099617] (-) TimerEvent: {}
[0.158466] (workspace_gz) StdoutLine: {'line': b'-- Found ament_cmake: 2.5.4 (/opt/ros/jazzy/share/ament_cmake/cmake)\n'}
[0.197615] (workspace_gz) StdoutLine: {'line': b'-- Override CMake install command with custom implementation using symlinks instead of copying resources\n'}
[0.199719] (-) TimerEvent: {}
[0.210425] (workspace_gz) StdoutLine: {'line': b'-- Looking for gz-sim8 -- found version 8.10.0\n'}
[0.217695] (workspace_gz) StdoutLine: {'line': b'-- Searching for dependencies of gz-sim8\n'}
[0.217945] (workspace_gz) StdoutLine: {'line': b'-- Looking for sdformat14 -- found version 14.8.0\n'}
[0.218054] (workspace_gz) StdoutLine: {'line': b'-- Searching for dependencies of sdformat14\n'}
[0.222461] (workspace_gz) StdoutLine: {'line': b"-- Checking for module 'tinyxml2'\n"}
[0.234472] (workspace_gz) StdoutLine: {'line': b'--   Found tinyxml2, version 10.0.0\n'}
[0.261659] (workspace_gz) StdoutLine: {'line': b'-- Looking for gz-math7 -- found version 7.5.2\n'}
[0.261891] (workspace_gz) StdoutLine: {'line': b'-- Searching for dependencies of gz-math7\n'}
[0.262243] (workspace_gz) StdoutLine: {'line': b'-- Looking for gz-utils2 -- found version 2.2.1\n'}
[0.262353] (workspace_gz) StdoutLine: {'line': b'-- Searching for dependencies of gz-utils2\n'}
[0.264749] (workspace_gz) StdoutLine: {'line': b'-- Looking for gz-utils2 -- found version 2.2.1\n'}
[0.264968] (workspace_gz) StdoutLine: {'line': b'-- Searching for dependencies of gz-utils2\n'}
[0.265070] (workspace_gz) StdoutLine: {'line': b'-- Searching for <gz-utils2> component [cli]\n'}
[0.265532] (workspace_gz) StdoutLine: {'line': b'-- Looking for gz-utils2-cli -- found version 2.2.1\n'}
[0.265674] (workspace_gz) StdoutLine: {'line': b'-- Searching for dependencies of gz-utils2-cli\n'}
[0.267194] (workspace_gz) StdoutLine: {'line': b'-- Looking for gz-plugin2 -- found version 2.0.4\n'}
[0.267309] (workspace_gz) StdoutLine: {'line': b'-- Searching for dependencies of gz-plugin2\n'}
[0.267415] (workspace_gz) StdoutLine: {'line': b'-- Looking for gz-utils2 -- found version 2.2.1\n'}
[0.268222] (workspace_gz) StdoutLine: {'line': b'-- Searching for <gz-plugin2> component [loader]\n'}
[0.268807] (workspace_gz) StdoutLine: {'line': b'-- Looking for gz-plugin2-loader -- found version 2.0.4\n'}
[0.268934] (workspace_gz) StdoutLine: {'line': b'-- Searching for dependencies of gz-plugin2-loader\n'}
[0.269534] (workspace_gz) StdoutLine: {'line': b'-- Searching for <gz-plugin2> component [register]\n'}
[0.270110] (workspace_gz) StdoutLine: {'line': b'-- Looking for gz-plugin2-register -- found version 2.0.4\n'}
[0.270228] (workspace_gz) StdoutLine: {'line': b'-- Searching for dependencies of gz-plugin2-register\n'}
[0.271123] (workspace_gz) StdoutLine: {'line': b'-- Looking for gz-transport13 -- found version 13.5.0\n'}
[0.271261] (workspace_gz) StdoutLine: {'line': b'-- Searching for dependencies of gz-transport13\n'}
[0.300488] (workspace_gz) StdoutLine: {'line': b'-- Config-file not installed for ZeroMQ -- checking for pkg-config\n'}
[0.300705] (-) TimerEvent: {}
[0.304094] (workspace_gz) StdoutLine: {'line': b"-- Checking for module 'libzmq >= 4'\n"}
[0.316189] (workspace_gz) StdoutLine: {'line': b'--   Found libzmq, version 4.3.5\n'}
[0.353127] (workspace_gz) StdoutLine: {'line': b"-- Checking for module 'uuid'\n"}
[0.364510] (workspace_gz) StdoutLine: {'line': b'--   Found uuid, version 2.39.3\n'}
[0.393330] (workspace_gz) StdoutLine: {'line': b'-- Looking for gz-utils2 -- found version 2.2.1\n'}
[0.393598] (workspace_gz) StdoutLine: {'line': b'-- Looking for gz-msgs10 -- found version 10.3.2\n'}
[0.393724] (workspace_gz) StdoutLine: {'line': b'-- Searching for dependencies of gz-msgs10\n'}
[0.400837] (-) TimerEvent: {}
[0.410881] (workspace_gz) StdoutLine: {'line': b'-- Looking for gz-utils2 -- found version 2.2.1\n'}
[0.411280] (workspace_gz) StdoutLine: {'line': b'-- Looking for gz-math7 -- found version 7.5.2\n'}
[0.420053] (workspace_gz) StdoutLine: {'line': b'-- Searching for <gz-transport13> component [log]\n'}
[0.420339] (workspace_gz) StdoutLine: {'line': b'-- Looking for gz-transport13-log -- found version 13.5.0\n'}
[0.420548] (workspace_gz) StdoutLine: {'line': b'-- Searching for dependencies of gz-transport13-log\n'}
[0.421119] (workspace_gz) StdoutLine: {'line': b'-- Searching for <gz-transport13> component [parameters]\n'}
[0.421531] (workspace_gz) StdoutLine: {'line': b'-- Looking for gz-transport13-parameters -- found version 13.5.0\n'}
[0.421607] (workspace_gz) StdoutLine: {'line': b'-- Searching for dependencies of gz-transport13-parameters\n'}
[0.422550] (workspace_gz) StdoutLine: {'line': b'-- Looking for gz-msgs10 -- found version 10.3.2\n'}
[0.422702] (workspace_gz) StdoutLine: {'line': b'-- Looking for gz-common5 -- found version 5.7.1\n'}
[0.422780] (workspace_gz) StdoutLine: {'line': b'-- Searching for dependencies of gz-common5\n'}
[0.423098] (workspace_gz) StdoutLine: {'line': b'-- Looking for gz-utils2 -- found version 2.2.1\n'}
[0.423532] (workspace_gz) StdoutLine: {'line': b'-- Looking for dlfcn.h - found\n'}
[0.423612] (workspace_gz) StdoutLine: {'line': b'-- Looking for libdl - found\n'}
[0.431458] (workspace_gz) StdoutLine: {'line': b'-- Searching for <gz-common5> component [av]\n'}
[0.431765] (workspace_gz) StdoutLine: {'line': b'-- Looking for gz-common5-av -- found version 5.7.1\n'}
[0.432180] (workspace_gz) StdoutLine: {'line': b'-- Searching for dependencies of gz-common5-av\n'}
[0.437020] (workspace_gz) StdoutLine: {'line': b"-- Checking for module 'libswscale'\n"}
[0.450497] (workspace_gz) StdoutLine: {'line': b'--   Found libswscale, version 7.5.100\n'}
[0.486082] (workspace_gz) StdoutLine: {'line': b"-- Checking for module 'libavdevice >= 56.4.100'\n"}
[0.500296] (workspace_gz) StdoutLine: {'line': b'--   Found libavdevice, version 60.3.100\n'}
[0.500918] (-) TimerEvent: {}
[0.546026] (workspace_gz) StdoutLine: {'line': b"-- Checking for module 'libavformat'\n"}
[0.558792] (workspace_gz) StdoutLine: {'line': b'--   Found libavformat, version 60.16.100\n'}
[0.595739] (workspace_gz) StdoutLine: {'line': b"-- Checking for module 'libavcodec'\n"}
[0.601005] (-) TimerEvent: {}
[0.609605] (workspace_gz) StdoutLine: {'line': b'--   Found libavcodec, version 60.31.102\n'}
[0.645066] (workspace_gz) StdoutLine: {'line': b"-- Checking for module 'libavutil'\n"}
[0.658057] (workspace_gz) StdoutLine: {'line': b'--   Found libavutil, version 58.29.100\n'}
[0.685371] (workspace_ros) Command: {'cmd': ['/usr/bin/python3', '-W', 'ignore:setup.py install is deprecated', '-W', 'ignore:easy_install command is deprecated', 'setup.py', 'develop', '--uninstall', '--editable', '--build-directory', '/home/ngen/yildiz_ws/src/YILDIZ-USV/build/workspace_ros/build'], 'cwd': '/home/ngen/yildiz_ws/src/YILDIZ-USV/build/workspace_ros', 'env': {'GJS_DEBUG_TOPICS': 'JS ERROR;JS LOG', 'XDG_ACTIVATION_TOKEN': 'gnome-shell/Terminator/2260-1-ngen_TIME78248', 'LESSOPEN': '| /usr/bin/lesspipe %s', 'GZ_SIM_RESOURCE_PATH': '/opt/ros/jazzy/share', 'USER': 'ngen', 'GZ_CONFIG_PATH': '/opt/ros/jazzy/opt/gz_sim_vendor/share/gz:/opt/ros/jazzy/opt/sdformat_vendor/share/gz:/opt/ros/jazzy/opt/gz_gui_vendor/share/gz:/opt/ros/jazzy/opt/gz_transport_vendor/share/gz:/opt/ros/jazzy/opt/gz_rendering_vendor/share/gz:/opt/ros/jazzy/opt/gz_plugin_vendor/share/gz:/opt/ros/jazzy/opt/gz_fuel_tools_vendor/share/gz:/opt/ros/jazzy/opt/gz_msgs_vendor/share/gz:/opt/ros/jazzy/opt/gz_common_vendor/share/gz', 'XDG_SESSION_TYPE': 'x11', 'CLUTTER_DISABLE_MIPMAPPED_TEXT': '1', 'SHLVL': '1', 'LD_LIBRARY_PATH': '/opt/ros/jazzy/opt/gz_sim_vendor/lib:/opt/ros/jazzy/opt/gz_sensors_vendor/lib:/opt/ros/jazzy/opt/gz_physics_vendor/lib:/opt/ros/jazzy/opt/sdformat_vendor/lib:/opt/ros/jazzy/opt/rviz_ogre_vendor/lib:/opt/ros/jazzy/lib/x86_64-linux-gnu:/opt/ros/jazzy/opt/gz_gui_vendor/lib:/opt/ros/jazzy/opt/gz_transport_vendor/lib:/opt/ros/jazzy/opt/gz_rendering_vendor/lib:/opt/ros/jazzy/opt/gz_plugin_vendor/lib:/opt/ros/jazzy/opt/gz_fuel_tools_vendor/lib:/opt/ros/jazzy/opt/gz_msgs_vendor/lib:/opt/ros/jazzy/opt/gz_common_vendor/lib:/opt/ros/jazzy/opt/gz_math_vendor/lib:/opt/ros/jazzy/opt/gz_utils_vendor/lib:/opt/ros/jazzy/opt/gz_tools_vendor/lib:/opt/ros/jazzy/opt/gz_ogre_next_vendor/lib:/opt/ros/jazzy/opt/gz_dartsim_vendor/lib:/opt/ros/jazzy/opt/gz_cmake_vendor/lib:/opt/ros/jazzy/lib', 'HOME': '/home/ngen', 'OLDPWD': '/home/ngen', 'DESKTOP_SESSION': 'ubuntu', 'GIO_LAUNCHED_DESKTOP_FILE': '/usr/share/applications/terminator.desktop', 'ROS_PYTHON_VERSION': '3', 'GNOME_SHELL_SESSION_MODE': 'ubuntu', 'GTK_MODULES': 'gail:atk-bridge', 'MANAGERPID': '1805', 'SYSTEMD_EXEC_PID': '2260', 'GSM_SKIP_SSH_AGENT_WORKAROUND': 'true', 'DBUS_SESSION_BUS_ADDRESS': 'unix:path=/run/user/1000/bus', 'COLORTERM': 'truecolor', 'TERMINATOR_DBUS_NAME': 'net.tenshu.Terminator21a9d5db22c73a993ff0b42f64b396873', 'GIO_LAUNCHED_DESKTOP_FILE_PID': '4475', 'DEBUGINFOD_URLS': 'https://debuginfod.ubuntu.com', 'ROS_DISTRO': 'jazzy', 'LOGNAME': 'ngen', 'JOURNAL_STREAM': '9:6655', '_': '/usr/bin/colcon', 'ROS_VERSION': '2', 'MEMORY_PRESSURE_WATCH': '/sys/fs/cgroup/user.slice/user-1000.slice/user@1000.service/session.slice/org.gnome.Shell@x11.service/memory.pressure', 'XDG_SESSION_CLASS': 'user', 'USERNAME': 'ngen', 'TERM': 'xterm-256color', 'GNOME_DESKTOP_SESSION_ID': 'this-is-deprecated', 'ROS_LOCALHOST_ONLY': '1', 'WINDOWPATH': '2', 'PATH': '/opt/ros/jazzy/opt/gz_msgs_vendor/bin:/opt/ros/jazzy/opt/gz_tools_vendor/bin:/opt/ros/jazzy/opt/gz_ogre_next_vendor/bin:/opt/ros/jazzy/bin:/home/ngen/.local/bin:/usr/local/sbin:/usr/local/bin:/usr/sbin:/usr/bin:/sbin:/bin:/usr/games:/usr/local/games:/snap/bin:/snap/bin', 'SESSION_MANAGER': 'local/ngen:@/tmp/.ICE-unix/2220,unix/ngen:/tmp/.ICE-unix/2220', 'INVOCATION_ID': 'dc58f2d4ec9e4c14b683e47dcf0372a9', 'XDG_MENU_PREFIX': 'gnome-', 'XDG_RUNTIME_DIR': '/run/user/1000', 'GZ_PARTITION': 'sim99', 'DISPLAY': ':0', 'TERMINATOR_DBUS_PATH': '/net/tenshu/Terminator2', 'LANG': 'en_US.UTF-8', 'XDG_CURRENT_DESKTOP': 'ubuntu:GNOME', 'GZ_IP': '127.0.0.1', 'XMODIFIERS': '@im=ibus', 'XDG_SESSION_DESKTOP': 'ubuntu', 'XAUTHORITY': '/run/user/1000/gdm/Xauthority', 'LS_COLORS': 'rs=0:di=01;34:ln=01;36:mh=00:pi=40;33:so=01;35:do=01;35:bd=40;33;01:cd=40;33;01:or=40;31;01:mi=00:su=37;41:sg=30;43:ca=00:tw=30;42:ow=34;42:st=37;44:ex=01;32:*.tar=01;31:*.tgz=01;31:*.arc=01;31:*.arj=01;31:*.taz=01;31:*.lha=01;31:*.lz4=01;31:*.lzh=01;31:*.lzma=01;31:*.tlz=01;31:*.txz=01;31:*.tzo=01;31:*.t7z=01;31:*.zip=01;31:*.z=01;31:*.dz=01;31:*.gz=01;31:*.lrz=01;31:*.lz=01;31:*.lzo=01;31:*.xz=01;31:*.zst=01;31:*.tzst=01;31:*.bz2=01;31:*.bz=01;31:*.tbz=01;31:*.tbz2=01;31:*.tz=01;31:*.deb=01;31:*.rpm=01;31:*.jar=01;31:*.war=01;31:*.ear=01;31:*.sar=01;31:*.rar=01;31:*.alz=01;31:*.ace=01;31:*.zoo=01;31:*.cpio=01;31:*.7z=01;31:*.rz=01;31:*.cab=01;31:*.wim=01;31:*.swm=01;31:*.dwm=01;31:*.esd=01;31:*.avif=01;35:*.jpg=01;35:*.jpeg=01;35:*.mjpg=01;35:*.mjpeg=01;35:*.gif=01;35:*.bmp=01;35:*.pbm=01;35:*.pgm=01;35:*.ppm=01;35:*.tga=01;35:*.xbm=01;35:*.xpm=01;35:*.tif=01;35:*.tiff=01;35:*.png=01;35:*.svg=01;35:*.svgz=01;35:*.mng=01;35:*.pcx=01;35:*.mov=01;35:*.mpg=01;35:*.mpeg=01;35:*.m2v=01;35:*.mkv=01;35:*.webm=01;35:*.webp=01;35:*.ogm=01;35:*.mp4=01;35:*.m4v=01;35:*.mp4v=01;35:*.vob=01;35:*.qt=01;35:*.nuv=01;35:*.wmv=01;35:*.asf=01;35:*.rm=01;35:*.rmvb=01;35:*.flc=01;35:*.avi=01;35:*.fli=01;35:*.flv=01;35:*.gl=01;35:*.dl=01;35:*.xcf=01;35:*.xwd=01;35:*.yuv=01;35:*.cgm=01;35:*.emf=01;35:*.ogv=01;35:*.ogx=01;35:*.aac=00;36:*.au=00;36:*.flac=00;36:*.m4a=00;36:*.mid=00;36:*.midi=00;36:*.mka=00;36:*.mp3=00;36:*.mpc=00;36:*.ogg=00;36:*.ra=00;36:*.wav=00;36:*.oga=00;36:*.opus=00;36:*.spx=00;36:*.xspf=00;36:*~=00;90:*#=00;90:*.bak=00;90:*.crdownload=00;90:*.dpkg-dist=00;90:*.dpkg-new=00;90:*.dpkg-old=00;90:*.dpkg-tmp=00;90:*.old=00;90:*.orig=00;90:*.part=00;90:*.rej=00;90:*.rpmnew=00;90:*.rpmorig=00;90:*.rpmsave=00;90:*.swp=00;90:*.tmp=00;90:*.ucf-dist=00;90:*.ucf-new=00;90:*.ucf-old=00;90:', 'SSH_AUTH_SOCK': '/run/user/1000/keyring/ssh', 'ROS_DOMAIN_ID': '99', 'AMENT_PREFIX_PATH': '/opt/ros/jazzy', 'SHELL': '/bin/bash', 'TERMINATOR_UUID': 'urn:uuid:d48611e8-fd2f-404c-8589-307f46e9c843', 'QT_ACCESSIBILITY': '1', 'GDMSESSION': 'ubuntu', 'LESSCLOSE': '/usr/bin/lesspipe %s %s', 'GZ_DISCOVERY_MULTICAST': '0', 'GPG_AGENT_INFO': '/run/user/1000/gnupg/S.gpg-agent:0:1', 'GJS_DEBUG_OUTPUT': 'stderr', 'ROS_AUTOMATIC_DISCOVERY_RANGE': 'SUBNET', 'QT_IM_MODULE': 'ibus', 'PWD': '/home/ngen/yildiz_ws/src/YILDIZ-USV/build/workspace_ros', 'XDG_CONFIG_DIRS': '/etc/xdg/xdg-ubuntu:/etc/xdg', 'XDG_DATA_DIRS': '/usr/share/ubuntu:/usr/share/gnome:/usr/local/share/:/usr/share/:/var/lib/snapd/desktop', 'PYTHONPATH': '/home/ngen/yildiz_ws/src/YILDIZ-USV/build/workspace_ros/prefix_override:/usr/lib/python3/dist-packages/colcon_core/task/python/colcon_distutils_commands:/home/ngen/yildiz_ws/src/YILDIZ-USV/install/workspace_ros/lib/python3.12/site-packages:/opt/ros/jazzy/lib/python3.12/site-packages', 'COLCON': '1', 'MEMORY_PRESSURE_WRITE': 'c29tZSAyMDAwMDAgMjAwMDAwMAA=', 'VTE_VERSION': '7600', 'CMAKE_PREFIX_PATH': '/opt/ros/jazzy/opt/gz_sim_vendor:/opt/ros/jazzy/opt/gz_sensors_vendor:/opt/ros/jazzy/opt/gz_physics_vendor:/opt/ros/jazzy/opt/sdformat_vendor:/opt/ros/jazzy/opt/gz_gui_vendor:/opt/ros/jazzy/opt/gz_transport_vendor:/opt/ros/jazzy/opt/gz_rendering_vendor:/opt/ros/jazzy/opt/gz_plugin_vendor:/opt/ros/jazzy/opt/gz_fuel_tools_vendor:/opt/ros/jazzy/opt/gz_msgs_vendor:/opt/ros/jazzy/opt/gz_common_vendor:/opt/ros/jazzy/opt/gz_math_vendor:/opt/ros/jazzy/opt/gz_utils_vendor:/opt/ros/jazzy/opt/gz_tools_vendor:/opt/ros/jazzy/opt/gz_ogre_next_vendor:/opt/ros/jazzy/opt/gz_dartsim_vendor:/opt/ros/jazzy/opt/gz_cmake_vendor'}, 'shell': False}
[0.690941] (workspace_gz) StdoutLine: {'line': b'-- Searching for <gz-common5> component [events]\n'}
[0.691857] (workspace_gz) StdoutLine: {'line': b'-- Looking for gz-common5-events -- found version 5.7.1\n'}
[0.692604] (workspace_gz) StdoutLine: {'line': b'-- Searching for dependencies of gz-common5-events\n'}
[0.693105] (workspace_gz) StdoutLine: {'line': b'-- Looking for gz-math7 -- found version 7.5.2\n'}
[0.693244] (workspace_nav) Command: {'cmd': ['/usr/bin/python3', '-W', 'ignore:setup.py install is deprecated', '-W', 'ignore:easy_install command is deprecated', 'setup.py', 'egg_info', '--egg-base', '../build/workspace_nav', 'build', '--build-base', '/home/ngen/yildiz_ws/src/YILDIZ-USV/build/workspace_nav/build', 'install', '--record', '/home/ngen/yildiz_ws/src/YILDIZ-USV/build/workspace_nav/install.log', '--single-version-externally-managed', 'install_data'], 'cwd': '/home/ngen/yildiz_ws/src/YILDIZ-USV/workspace_nav', 'env': {'GJS_DEBUG_TOPICS': 'JS ERROR;JS LOG', 'XDG_ACTIVATION_TOKEN': 'gnome-shell/Terminator/2260-1-ngen_TIME78248', 'LESSOPEN': '| /usr/bin/lesspipe %s', 'GZ_SIM_RESOURCE_PATH': '/opt/ros/jazzy/share', 'USER': 'ngen', 'GZ_CONFIG_PATH': '/opt/ros/jazzy/opt/gz_sim_vendor/share/gz:/opt/ros/jazzy/opt/sdformat_vendor/share/gz:/opt/ros/jazzy/opt/gz_gui_vendor/share/gz:/opt/ros/jazzy/opt/gz_transport_vendor/share/gz:/opt/ros/jazzy/opt/gz_rendering_vendor/share/gz:/opt/ros/jazzy/opt/gz_plugin_vendor/share/gz:/opt/ros/jazzy/opt/gz_fuel_tools_vendor/share/gz:/opt/ros/jazzy/opt/gz_msgs_vendor/share/gz:/opt/ros/jazzy/opt/gz_common_vendor/share/gz', 'XDG_SESSION_TYPE': 'x11', 'CLUTTER_DISABLE_MIPMAPPED_TEXT': '1', 'SHLVL': '1', 'LD_LIBRARY_PATH': '/opt/ros/jazzy/opt/gz_sim_vendor/lib:/opt/ros/jazzy/opt/gz_sensors_vendor/lib:/opt/ros/jazzy/opt/gz_physics_vendor/lib:/opt/ros/jazzy/opt/sdformat_vendor/lib:/opt/ros/jazzy/opt/rviz_ogre_vendor/lib:/opt/ros/jazzy/lib/x86_64-linux-gnu:/opt/ros/jazzy/opt/gz_gui_vendor/lib:/opt/ros/jazzy/opt/gz_transport_vendor/lib:/opt/ros/jazzy/opt/gz_rendering_vendor/lib:/opt/ros/jazzy/opt/gz_plugin_vendor/lib:/opt/ros/jazzy/opt/gz_fuel_tools_vendor/lib:/opt/ros/jazzy/opt/gz_msgs_vendor/lib:/opt/ros/jazzy/opt/gz_common_vendor/lib:/opt/ros/jazzy/opt/gz_math_vendor/lib:/opt/ros/jazzy/opt/gz_utils_vendor/lib:/opt/ros/jazzy/opt/gz_tools_vendor/lib:/opt/ros/jazzy/opt/gz_ogre_next_vendor/lib:/opt/ros/jazzy/opt/gz_dartsim_vendor/lib:/opt/ros/jazzy/opt/gz_cmake_vendor/lib:/opt/ros/jazzy/lib', 'HOME': '/home/ngen', 'OLDPWD': '/home/ngen', 'DESKTOP_SESSION': 'ubuntu', 'GIO_LAUNCHED_DESKTOP_FILE': '/usr/share/applications/terminator.desktop', 'ROS_PYTHON_VERSION': '3', 'GNOME_SHELL_SESSION_MODE': 'ubuntu', 'GTK_MODULES': 'gail:atk-bridge', 'MANAGERPID': '1805', 'SYSTEMD_EXEC_PID': '2260', 'GSM_SKIP_SSH_AGENT_WORKAROUND': 'true', 'DBUS_SESSION_BUS_ADDRESS': 'unix:path=/run/user/1000/bus', 'COLORTERM': 'truecolor', 'TERMINATOR_DBUS_NAME': 'net.tenshu.Terminator21a9d5db22c73a993ff0b42f64b396873', 'GIO_LAUNCHED_DESKTOP_FILE_PID': '4475', 'DEBUGINFOD_URLS': 'https://debuginfod.ubuntu.com', 'ROS_DISTRO': 'jazzy', 'LOGNAME': 'ngen', 'JOURNAL_STREAM': '9:6655', '_': '/usr/bin/colcon', 'ROS_VERSION': '2', 'MEMORY_PRESSURE_WATCH': '/sys/fs/cgroup/user.slice/user-1000.slice/user@1000.service/session.slice/org.gnome.Shell@x11.service/memory.pressure', 'XDG_SESSION_CLASS': 'user', 'USERNAME': 'ngen', 'TERM': 'xterm-256color', 'GNOME_DESKTOP_SESSION_ID': 'this-is-deprecated', 'ROS_LOCALHOST_ONLY': '1', 'WINDOWPATH': '2', 'PATH': '/opt/ros/jazzy/opt/gz_msgs_vendor/bin:/opt/ros/jazzy/opt/gz_tools_vendor/bin:/opt/ros/jazzy/opt/gz_ogre_next_vendor/bin:/opt/ros/jazzy/bin:/home/ngen/.local/bin:/usr/local/sbin:/usr/local/bin:/usr/sbin:/usr/bin:/sbin:/bin:/usr/games:/usr/local/games:/snap/bin:/snap/bin', 'SESSION_MANAGER': 'local/ngen:@/tmp/.ICE-unix/2220,unix/ngen:/tmp/.ICE-unix/2220', 'INVOCATION_ID': 'dc58f2d4ec9e4c14b683e47dcf0372a9', 'XDG_MENU_PREFIX': 'gnome-', 'XDG_RUNTIME_DIR': '/run/user/1000', 'GZ_PARTITION': 'sim99', 'DISPLAY': ':0', 'TERMINATOR_DBUS_PATH': '/net/tenshu/Terminator2', 'LANG': 'en_US.UTF-8', 'XDG_CURRENT_DESKTOP': 'ubuntu:GNOME', 'GZ_IP': '127.0.0.1', 'XMODIFIERS': '@im=ibus', 'XDG_SESSION_DESKTOP': 'ubuntu', 'XAUTHORITY': '/run/user/1000/gdm/Xauthority', 'LS_COLORS': 'rs=0:di=01;34:ln=01;36:mh=00:pi=40;33:so=01;35:do=01;35:bd=40;33;01:cd=40;33;01:or=40;31;01:mi=00:su=37;41:sg=30;43:ca=00:tw=30;42:ow=34;42:st=37;44:ex=01;32:*.tar=01;31:*.tgz=01;31:*.arc=01;31:*.arj=01;31:*.taz=01;31:*.lha=01;31:*.lz4=01;31:*.lzh=01;31:*.lzma=01;31:*.tlz=01;31:*.txz=01;31:*.tzo=01;31:*.t7z=01;31:*.zip=01;31:*.z=01;31:*.dz=01;31:*.gz=01;31:*.lrz=01;31:*.lz=01;31:*.lzo=01;31:*.xz=01;31:*.zst=01;31:*.tzst=01;31:*.bz2=01;31:*.bz=01;31:*.tbz=01;31:*.tbz2=01;31:*.tz=01;31:*.deb=01;31:*.rpm=01;31:*.jar=01;31:*.war=01;31:*.ear=01;31:*.sar=01;31:*.rar=01;31:*.alz=01;31:*.ace=01;31:*.zoo=01;31:*.cpio=01;31:*.7z=01;31:*.rz=01;31:*.cab=01;31:*.wim=01;31:*.swm=01;31:*.dwm=01;31:*.esd=01;31:*.avif=01;35:*.jpg=01;35:*.jpeg=01;35:*.mjpg=01;35:*.mjpeg=01;35:*.gif=01;35:*.bmp=01;35:*.pbm=01;35:*.pgm=01;35:*.ppm=01;35:*.tga=01;35:*.xbm=01;35:*.xpm=01;35:*.tif=01;35:*.tiff=01;35:*.png=01;35:*.svg=01;35:*.svgz=01;35:*.mng=01;35:*.pcx=01;35:*.mov=01;35:*.mpg=01;35:*.mpeg=01;35:*.m2v=01;35:*.mkv=01;35:*.webm=01;35:*.webp=01;35:*.ogm=01;35:*.mp4=01;35:*.m4v=01;35:*.mp4v=01;35:*.vob=01;35:*.qt=01;35:*.nuv=01;35:*.wmv=01;35:*.asf=01;35:*.rm=01;35:*.rmvb=01;35:*.flc=01;35:*.avi=01;35:*.fli=01;35:*.flv=01;35:*.gl=01;35:*.dl=01;35:*.xcf=01;35:*.xwd=01;35:*.yuv=01;35:*.cgm=01;35:*.emf=01;35:*.ogv=01;35:*.ogx=01;35:*.aac=00;36:*.au=00;36:*.flac=00;36:*.m4a=00;36:*.mid=00;36:*.midi=00;36:*.mka=00;36:*.mp3=00;36:*.mpc=00;36:*.ogg=00;36:*.ra=00;36:*.wav=00;36:*.oga=00;36:*.opus=00;36:*.spx=00;36:*.xspf=00;36:*~=00;90:*#=00;90:*.bak=00;90:*.crdownload=00;90:*.dpkg-dist=00;90:*.dpkg-new=00;90:*.dpkg-old=00;90:*.dpkg-tmp=00;90:*.old=00;90:*.orig=00;90:*.part=00;90:*.rej=00;90:*.rpmnew=00;90:*.rpmorig=00;90:*.rpmsave=00;90:*.swp=00;90:*.tmp=00;90:*.ucf-dist=00;90:*.ucf-new=00;90:*.ucf-old=00;90:', 'SSH_AUTH_SOCK': '/run/user/1000/keyring/ssh', 'ROS_DOMAIN_ID': '99', 'AMENT_PREFIX_PATH': '/opt/ros/jazzy', 'SHELL': '/bin/bash', 'TERMINATOR_UUID': 'urn:uuid:d48611e8-fd2f-404c-8589-307f46e9c843', 'QT_ACCESSIBILITY': '1', 'GDMSESSION': 'ubuntu', 'LESSCLOSE': '/usr/bin/lesspipe %s %s', 'GZ_DISCOVERY_MULTICAST': '0', 'GPG_AGENT_INFO': '/run/user/1000/gnupg/S.gpg-agent:0:1', 'GJS_DEBUG_OUTPUT': 'stderr', 'ROS_AUTOMATIC_DISCOVERY_RANGE': 'SUBNET', 'QT_IM_MODULE': 'ibus', 'PWD': '/home/ngen/yildiz_ws/src/YILDIZ-USV/build/workspace_nav', 'XDG_CONFIG_DIRS': '/etc/xdg/xdg-ubuntu:/etc/xdg', 'XDG_DATA_DIRS': '/usr/share/ubuntu:/usr/share/gnome:/usr/local/share/:/usr/share/:/var/lib/snapd/desktop', 'PYTHONPATH': '/home/ngen/yildiz_ws/src/YILDIZ-USV/build/workspace_nav/prefix_override:/usr/lib/python3/dist-packages/colcon_core/task/python/colcon_distutils_commands:/home/ngen/yildiz_ws/src/YILDIZ-USV/install/workspace_nav/lib/python3.12/site-packages:/opt/ros/jazzy/lib/python3.12/site-packages', 'COLCON': '1', 'MEMORY_PRESSURE_WRITE': 'c29tZSAyMDAwMDAgMjAwMDAwMAA=', 'VTE_VERSION': '7600', 'CMAKE_PREFIX_PATH': '/opt/ros/jazzy/opt/gz_sim_vendor:/opt/ros/jazzy/opt/gz_sensors_vendor:/opt/ros/jazzy/opt/gz_physics_vendor:/opt/ros/jazzy/opt/sdformat_vendor:/opt/ros/jazzy/opt/gz_gui_vendor:/opt/ros/jazzy/opt/gz_transport_vendor:/opt/ros/jazzy/opt/gz_rendering_vendor:/opt/ros/jazzy/opt/gz_plugin_vendor:/opt/ros/jazzy/opt/gz_fuel_tools_vendor:/opt/ros/jazzy/opt/gz_msgs_vendor:/opt/ros/jazzy/opt/gz_common_vendor:/opt/ros/jazzy/opt/gz_math_vendor:/opt/ros/jazzy/opt/gz_utils_vendor:/opt/ros/jazzy/opt/gz_tools_vendor:/opt/ros/jazzy/opt/gz_ogre_next_vendor:/opt/ros/jazzy/opt/gz_dartsim_vendor:/opt/ros/jazzy/opt/gz_cmake_vendor'}, 'shell': False}
[0.693599] (workspace_gz) StdoutLine: {'line': b'-- Searching for <gz-common5> component [graphics]\n'}
[0.694602] (workspace_gz) StdoutLine: {'line': b'-- Looking for gz-common5-graphics -- found version 5.7.1\n'}
[0.694706] (workspace_gz) StdoutLine: {'line': b'-- Searching for dependencies of gz-common5-graphics\n'}
[0.694753] (workspace_gz) StdoutLine: {'line': b'-- Looking for gz-math7 -- found version 7.5.2\n'}
[0.697033] (workspace_gz) StdoutLine: {'line': b'-- Searching for <gz-common5> component [io]\n'}
[0.697416] (workspace_gz) StdoutLine: {'line': b'-- Looking for gz-common5-io -- found version 5.7.1\n'}
[0.697509] (workspace_gz) StdoutLine: {'line': b'-- Searching for dependencies of gz-common5-io\n'}
[0.698079] (workspace_gz) StdoutLine: {'line': b'-- Searching for <gz-common5> component [profiler]\n'}
[0.698437] (workspace_gz) StdoutLine: {'line': b'-- Looking for gz-common5-profiler -- found version 5.7.1\n'}
[0.698484] (workspace_gz) StdoutLine: {'line': b'-- Searching for dependencies of gz-common5-profiler\n'}
[0.699687] (workspace_gz) StdoutLine: {'line': b'-- Looking for gz-fuel_tools9 -- found version 9.1.1\n'}
[0.699750] (workspace_gz) StdoutLine: {'line': b'-- Searching for dependencies of gz-fuel_tools9\n'}
[0.701059] (-) TimerEvent: {}
[0.745450] (workspace_gz) StdoutLine: {'line': b"-- Checking for module 'jsoncpp'\n"}
[0.757544] (workspace_gz) StdoutLine: {'line': b'--   Found jsoncpp, version 1.9.5\n'}
[0.798971] (workspace_gz) StdoutLine: {'line': b"-- Checking for module 'yaml-0.1'\n"}
[0.801173] (-) TimerEvent: {}
[0.811632] (workspace_gz) StdoutLine: {'line': b'--   Found yaml-0.1, version 0.2.5\n'}
[0.845980] (workspace_gz) StdoutLine: {'line': b"-- Checking for module 'libzip'\n"}
[0.858809] (workspace_gz) StdoutLine: {'line': b'--   Found libzip, version 1.7.3\n'}
[0.869795] (workspace_nav) StdoutLine: {'line': b'running egg_info\n'}
[0.882734] (workspace_nav) StdoutLine: {'line': b'writing ../build/workspace_nav/workspace_nav.egg-info/PKG-INFO\n'}
[0.882925] (workspace_nav) StdoutLine: {'line': b'writing dependency_links to ../build/workspace_nav/workspace_nav.egg-info/dependency_links.txt\n'}
[0.883089] (workspace_nav) StdoutLine: {'line': b'writing entry points to ../build/workspace_nav/workspace_nav.egg-info/entry_points.txt\n'}
[0.883179] (workspace_nav) StdoutLine: {'line': b'writing requirements to ../build/workspace_nav/workspace_nav.egg-info/requires.txt\n'}
[0.883259] (workspace_nav) StdoutLine: {'line': b'writing top-level names to ../build/workspace_nav/workspace_nav.egg-info/top_level.txt\n'}
[0.885719] (workspace_ros) StdoutLine: {'line': b'running develop\n'}
[0.888046] (workspace_gz) StdoutLine: {'line': b'-- Looking for gz-utils2 -- found version 2.2.1\n'}
[0.888318] (workspace_gz) StdoutLine: {'line': b'-- Looking for gz-common5 -- found version 5.7.1\n'}
[0.888450] (workspace_gz) StdoutLine: {'line': b'-- Searching for dependencies of gz-common5\n'}
[0.888581] (workspace_gz) StdoutLine: {'line': b'-- Looking for gz-utils2 -- found version 2.2.1\n'}
[0.888684] (workspace_gz) StdoutLine: {'line': b'-- Looking for dlfcn.h - found\n'}
[0.888776] (workspace_gz) StdoutLine: {'line': b'-- Looking for libdl - found\n'}
[0.895286] (workspace_gz) StdoutLine: {'line': b'-- Searching for <gz-common5> component [testing]\n'}
[0.896206] (workspace_gz) StdoutLine: {'line': b'-- Looking for gz-common5-testing -- found version 5.7.1\n'}
[0.896331] (workspace_gz) StdoutLine: {'line': b'-- Searching for dependencies of gz-common5-testing\n'}
[0.897450] (workspace_gz) StdoutLine: {'line': b'-- Looking for gz-math7 -- found version 7.5.2\n'}
[0.897778] (workspace_gz) StdoutLine: {'line': b'-- Looking for gz-msgs10 -- found version 10.3.2\n'}
[0.899678] (workspace_gz) StdoutLine: {'line': b'-- Looking for gz-gui8 -- found version 8.4.0\n'}
[0.899822] (workspace_gz) StdoutLine: {'line': b'-- Searching for dependencies of gz-gui8\n'}
[0.901286] (-) TimerEvent: {}
[0.912705] (workspace_nav) StdoutLine: {'line': b"reading manifest file '../build/workspace_nav/workspace_nav.egg-info/SOURCES.txt'\n"}
[0.914022] (workspace_nav) StdoutLine: {'line': b"writing manifest file '../build/workspace_nav/workspace_nav.egg-info/SOURCES.txt'\n"}
[0.914134] (workspace_nav) StdoutLine: {'line': b'running build\n'}
[0.914212] (workspace_nav) StdoutLine: {'line': b'running build_py\n'}
[0.914475] (workspace_nav) StdoutLine: {'line': b'running install\n'}
[0.918447] (workspace_nav) StdoutLine: {'line': b'running install_lib\n'}
[0.922579] (workspace_gz) StdoutLine: {'line': b'-- Looking for gz-utils2 -- found version 2.2.1\n'}
[0.922714] (workspace_gz) StdoutLine: {'line': b'-- Looking for gz-math7 -- found version 7.5.2\n'}
[0.923246] (workspace_gz) StdoutLine: {'line': b'-- Looking for gz-common5 -- found version 5.7.1\n'}
[0.923540] (workspace_gz) StdoutLine: {'line': b'-- Looking for gz-plugin2 -- found version 2.0.4\n'}
[0.923639] (workspace_gz) StdoutLine: {'line': b'-- Looking for gz-transport13 -- found version 13.5.0\n'}
[0.924189] (workspace_gz) StdoutLine: {'line': b'-- Looking for gz-rendering8 -- found version 8.2.2\n'}
[0.924591] (workspace_gz) StdoutLine: {'line': b'-- Searching for dependencies of gz-rendering8\n'}
[0.924703] (workspace_gz) StdoutLine: {'line': b'-- Looking for gz-math7 -- found version 7.5.2\n'}
[0.924757] (workspace_gz) StdoutLine: {'line': b'-- Searching for dependencies of gz-math7\n'}
[0.924850] (workspace_gz) StdoutLine: {'line': b'-- Looking for gz-utils2 -- found version 2.2.1\n'}
[0.924913] (workspace_gz) StdoutLine: {'line': b'-- Searching for <gz-math7> component [eigen3]\n'}
[0.925934] (workspace_gz) StdoutLine: {'line': b'-- Looking for gz-math7-eigen3 -- found version 7.5.2\n'}
[0.926035] (workspace_gz) StdoutLine: {'line': b'-- Searching for dependencies of gz-math7-eigen3\n'}
[0.928433] (workspace_gz) StdoutLine: {'line': b'-- Looking for gz-common5 -- found version 5.7.1\n'}
[0.928529] (workspace_gz) StdoutLine: {'line': b'-- Searching for dependencies of gz-common5\n'}
[0.928649] (workspace_gz) StdoutLine: {'line': b'-- Looking for gz-utils2 -- found version 2.2.1\n'}
[0.928765] (workspace_gz) StdoutLine: {'line': b'-- Looking for dlfcn.h - found\n'}
[0.928831] (workspace_gz) StdoutLine: {'line': b'-- Looking for libdl - found\n'}
[0.932369] (workspace_nav) StdoutLine: {'line': b'running install_data\n'}
[0.932544] (workspace_nav) StdoutLine: {'line': b'running install_egg_info\n'}
[0.935775] (workspace_gz) StdoutLine: {'line': b'-- Searching for <gz-common5> component [graphics]\n'}
[0.935896] (workspace_gz) StdoutLine: {'line': b'-- Searching for <gz-common5> component [events]\n'}
[0.935944] (workspace_gz) StdoutLine: {'line': b'-- Searching for <gz-common5> component [geospatial]\n'}
[0.936639] (workspace_gz) StdoutLine: {'line': b'-- Looking for gz-common5-geospatial -- found version 5.7.1\n'}
[0.936755] (workspace_gz) StdoutLine: {'line': b'-- Searching for dependencies of gz-common5-geospatial\n'}
[0.937237] (workspace_gz) StdoutLine: {'line': b'-- Looking for gz-math7 -- found version 7.5.2\n'}
[0.937720] (workspace_gz) StdoutLine: {'line': b'-- Looking for gz-common5 -- found version 5.7.1\n'}
[0.938967] (workspace_gz) StdoutLine: {'line': b'-- Looking for gz-plugin2 -- found version 2.0.4\n'}
[0.939264] (workspace_gz) StdoutLine: {'line': b'-- Searching for dependencies of gz-plugin2\n'}
[0.939526] (workspace_gz) StdoutLine: {'line': b'-- Looking for gz-utils2 -- found version 2.2.1\n'}
[0.939637] (workspace_gz) StdoutLine: {'line': b'-- Searching for <gz-plugin2> component [all]\n'}
[0.940215] (workspace_gz) StdoutLine: {'line': b'-- Looking for all libraries of gz-plugin2 -- found version 2.0.4\n'}
[0.940867] (workspace_gz) StdoutLine: {'line': b'-- Looking for gz-plugin2 -- found version 2.0.4\n'}
[0.941959] (workspace_gz) StdoutLine: {'line': b'-- Looking for gz-utils2 -- found version 2.2.1\n'}
[0.945449] (workspace_gz) StdoutLine: {'line': b'-- Looking for gz-msgs10 -- found version 10.3.2\n'}
[0.946690] (workspace_nav) StdoutLine: {'line': b"removing '/home/ngen/yildiz_ws/src/YILDIZ-USV/install/workspace_nav/lib/python3.12/site-packages/workspace_nav-0.0.0-py3.12.egg-info' (and everything under it)\n"}
[0.947071] (workspace_nav) StdoutLine: {'line': b'Copying ../build/workspace_nav/workspace_nav.egg-info to /home/ngen/yildiz_ws/src/YILDIZ-USV/install/workspace_nav/lib/python3.12/site-packages/workspace_nav-0.0.0-py3.12.egg-info\n'}
[0.947558] (workspace_nav) StdoutLine: {'line': b'running install_scripts\n'}
[0.966490] (workspace_gz) StdoutLine: {'line': b'-- Looking for gz-physics7 -- found version 7.6.0\n'}
[0.966714] (workspace_gz) StdoutLine: {'line': b'-- Searching for dependencies of gz-physics7\n'}
[0.966818] (workspace_gz) StdoutLine: {'line': b'-- Looking for gz-common5 -- found version 5.7.1\n'}
[0.967157] (workspace_gz) StdoutLine: {'line': b'-- Looking for gz-math7 -- found version 7.5.2\n'}
[0.967386] (workspace_gz) StdoutLine: {'line': b'-- Looking for gz-plugin2 -- found version 2.0.4\n'}
[0.967566] (workspace_gz) StdoutLine: {'line': b'-- Looking for gz-utils2 -- found version 2.2.1\n'}
[0.968637] (workspace_gz) StdoutLine: {'line': b'-- Searching for <gz-physics7> component [heightmap]\n'}
[0.969333] (workspace_gz) StdoutLine: {'line': b'-- Looking for gz-physics7-heightmap -- found version 7.6.0\n'}
[0.969478] (workspace_gz) StdoutLine: {'line': b'-- Searching for dependencies of gz-physics7-heightmap\n'}
[0.969716] (workspace_gz) StdoutLine: {'line': b'-- Looking for gz-common5 -- found version 5.7.1\n'}
[0.970269] (workspace_gz) StdoutLine: {'line': b'-- Searching for <gz-physics7> component [mesh]\n'}
[0.970916] (workspace_gz) StdoutLine: {'line': b'-- Looking for gz-physics7-mesh -- found version 7.6.0\n'}
[0.971054] (workspace_gz) StdoutLine: {'line': b'-- Searching for dependencies of gz-physics7-mesh\n'}
[0.971221] (workspace_gz) StdoutLine: {'line': b'-- Looking for gz-common5 -- found version 5.7.1\n'}
[0.971889] (workspace_gz) StdoutLine: {'line': b'-- Searching for <gz-physics7> component [sdf]\n'}
[0.972192] (workspace_gz) StdoutLine: {'line': b'-- Looking for gz-physics7-sdf -- found version 7.6.0\n'}
[0.972312] (workspace_gz) StdoutLine: {'line': b'-- Searching for dependencies of gz-physics7-sdf\n'}
[0.972590] (workspace_gz) StdoutLine: {'line': b'-- Looking for sdformat14 -- found version 14.8.0\n'}
[0.973487] (workspace_gz) StdoutLine: {'line': b'-- Looking for gz-sensors8 -- found version 8.2.2\n'}
[0.973661] (workspace_gz) StdoutLine: {'line': b'-- Searching for dependencies of gz-sensors8\n'}
[0.990015] (workspace_gz) StdoutLine: {'line': b'-- Looking for gz-math7 -- found version 7.5.2\n'}
[0.990226] (workspace_gz) StdoutLine: {'line': b'-- Looking for gz-common5 -- found version 5.7.1\n'}
[0.990500] (workspace_gz) StdoutLine: {'line': b'-- Looking for gz-transport13 -- found version 13.5.0\n'}
[0.990898] (workspace_gz) StdoutLine: {'line': b'-- Looking for gz-rendering8 -- found version 8.2.2\n'}
[0.991236] (workspace_gz) StdoutLine: {'line': b'-- Looking for gz-msgs10 -- found version 10.3.2\n'}
[0.991548] (workspace_gz) StdoutLine: {'line': b'-- Looking for sdformat14 -- found version 14.8.0\n'}
[0.992459] (workspace_gz) StdoutLine: {'line': b'-- Searching for <gz-sensors8> component [air_pressure]\n'}
[0.993046] (workspace_gz) StdoutLine: {'line': b'-- Looking for gz-sensors8-air_pressure -- found version 8.2.2\n'}
[0.993208] (workspace_gz) StdoutLine: {'line': b'-- Searching for dependencies of gz-sensors8-air_pressure\n'}
[0.993672] (workspace_gz) StdoutLine: {'line': b'-- Searching for <gz-sensors8> component [air_speed]\n'}
[0.994256] (workspace_gz) StdoutLine: {'line': b'-- Looking for gz-sensors8-air_speed -- found version 8.2.2\n'}
[0.994388] (workspace_gz) StdoutLine: {'line': b'-- Searching for dependencies of gz-sensors8-air_speed\n'}
[0.995008] (workspace_gz) StdoutLine: {'line': b'-- Searching for <gz-sensors8> component [altimeter]\n'}
[0.995609] (workspace_gz) StdoutLine: {'line': b'-- Looking for gz-sensors8-altimeter -- found version 8.2.2\n'}
[0.995761] (workspace_gz) StdoutLine: {'line': b'-- Searching for dependencies of gz-sensors8-altimeter\n'}
[0.996384] (workspace_gz) StdoutLine: {'line': b'-- Searching for <gz-sensors8> component [imu]\n'}
[0.996896] (workspace_gz) StdoutLine: {'line': b'-- Looking for gz-sensors8-imu -- found version 8.2.2\n'}
[0.997161] (workspace_gz) StdoutLine: {'line': b'-- Searching for dependencies of gz-sensors8-imu\n'}
[0.997681] (workspace_gz) StdoutLine: {'line': b'-- Searching for <gz-sensors8> component [force_torque]\n'}
[0.998197] (workspace_gz) StdoutLine: {'line': b'-- Looking for gz-sensors8-force_torque -- found version 8.2.2\n'}
[0.998327] (workspace_gz) StdoutLine: {'line': b'-- Searching for dependencies of gz-sensors8-force_torque\n'}
[0.998853] (workspace_gz) StdoutLine: {'line': b'-- Searching for <gz-sensors8> component [logical_camera]\n'}
[0.999401] (workspace_gz) StdoutLine: {'line': b'-- Looking for gz-sensors8-logical_camera -- found version 8.2.2\n'}
[0.999493] (workspace_gz) StdoutLine: {'line': b'-- Searching for dependencies of gz-sensors8-logical_camera\n'}
[1.000109] (workspace_gz) StdoutLine: {'line': b'-- Searching for <gz-sensors8> component [magnetometer]\n'}
[1.000596] (workspace_gz) StdoutLine: {'line': b'-- Looking for gz-sensors8-magnetometer -- found version 8.2.2\n'}
[1.000683] (workspace_gz) StdoutLine: {'line': b'-- Searching for dependencies of gz-sensors8-magnetometer\n'}
[1.001346] (-) TimerEvent: {}
[1.001482] (workspace_gz) StdoutLine: {'line': b'-- Searching for <gz-sensors8> component [navsat]\n'}
[1.001965] (workspace_gz) StdoutLine: {'line': b'-- Looking for gz-sensors8-navsat -- found version 8.2.2\n'}
[1.002128] (workspace_gz) StdoutLine: {'line': b'-- Searching for dependencies of gz-sensors8-navsat\n'}
[1.002916] (workspace_gz) StdoutLine: {'line': b'-- Searching for <gz-sensors8> component [dvl]\n'}
[1.003450] (workspace_gz) StdoutLine: {'line': b'-- Looking for gz-sensors8-dvl -- found version 8.2.2\n'}
[1.004184] (workspace_gz) StdoutLine: {'line': b'-- Searching for dependencies of gz-sensors8-dvl\n'}
[1.004560] (workspace_gz) StdoutLine: {'line': b'-- Looking for gz-sensors8 -- found version 8.2.2\n'}
[1.004778] (workspace_gz) StdoutLine: {'line': b'-- Searching for dependencies of gz-sensors8\n'}
[1.026475] (workspace_gz) StdoutLine: {'line': b'-- Looking for gz-math7 -- found version 7.5.2\n'}
[1.026667] (workspace_gz) StdoutLine: {'line': b'-- Looking for gz-common5 -- found version 5.7.1\n'}
[1.027085] (workspace_gz) StdoutLine: {'line': b'-- Looking for gz-transport13 -- found version 13.5.0\n'}
[1.027573] (workspace_gz) StdoutLine: {'line': b'-- Looking for gz-rendering8 -- found version 8.2.2\n'}
[1.027916] (workspace_gz) StdoutLine: {'line': b'-- Looking for gz-msgs10 -- found version 10.3.2\n'}
[1.028385] (workspace_gz) StdoutLine: {'line': b'-- Looking for sdformat14 -- found version 14.8.0\n'}
[1.028596] (workspace_gz) StdoutLine: {'line': b'-- Searching for <gz-sensors8> component [rendering]\n'}
[1.029448] (workspace_gz) StdoutLine: {'line': b'-- Looking for gz-sensors8-rendering -- found version 8.2.2\n'}
[1.029557] (workspace_gz) StdoutLine: {'line': b'-- Searching for dependencies of gz-sensors8-rendering\n'}
[1.031047] (workspace_gz) StdoutLine: {'line': b'-- Searching for <gz-sensors8> component [rendering]\n'}
[1.031168] (workspace_gz) StdoutLine: {'line': b'-- Searching for <gz-sensors8> component [lidar]\n'}
[1.031494] (workspace_gz) StdoutLine: {'line': b'-- Looking for gz-sensors8-lidar -- found version 8.2.2\n'}
[1.031592] (workspace_gz) StdoutLine: {'line': b'-- Searching for dependencies of gz-sensors8-lidar\n'}
[1.031880] (workspace_gz) StdoutLine: {'line': b'-- Looking for gz-sensors8 -- found version 8.2.2\n'}
[1.032712] (workspace_gz) StdoutLine: {'line': b'-- Searching for <gz-sensors8> component [gpu_lidar]\n'}
[1.033590] (workspace_gz) StdoutLine: {'line': b'-- Looking for gz-sensors8-gpu_lidar -- found version 8.2.2\n'}
[1.033833] (workspace_gz) StdoutLine: {'line': b'-- Searching for dependencies of gz-sensors8-gpu_lidar\n'}
[1.034181] (workspace_gz) StdoutLine: {'line': b'-- Looking for gz-sensors8 -- found version 8.2.2\n'}
[1.034996] (workspace_gz) StdoutLine: {'line': b'-- Searching for <gz-sensors8> component [camera]\n'}
[1.035544] (workspace_gz) StdoutLine: {'line': b'-- Looking for gz-sensors8-camera -- found version 8.2.2\n'}
[1.035649] (workspace_ros) StdoutLine: {'line': b'Removing /home/ngen/yildiz_ws/src/YILDIZ-USV/install/workspace_ros/lib/python3.12/site-packages/workspace-ros.egg-link (link to .)\n'}
[1.035703] (workspace_gz) StdoutLine: {'line': b'-- Searching for dependencies of gz-sensors8-camera\n'}
[1.035766] (workspace_gz) StdoutLine: {'line': b'-- Looking for gz-sensors8 -- found version 8.2.2\n'}
[1.036401] (workspace_gz) StdoutLine: {'line': b'-- Searching for <gz-sensors8> component [boundingbox_camera]\n'}
[1.037056] (workspace_gz) StdoutLine: {'line': b'-- Looking for gz-sensors8-boundingbox_camera -- found version 8.2.2\n'}
[1.037155] (workspace_gz) StdoutLine: {'line': b'-- Searching for dependencies of gz-sensors8-boundingbox_camera\n'}
[1.037856] (workspace_gz) StdoutLine: {'line': b'-- Searching for <gz-sensors8> component [segmentation_camera]\n'}
[1.038407] (workspace_gz) StdoutLine: {'line': b'-- Looking for gz-sensors8-segmentation_camera -- found version 8.2.2\n'}
[1.038508] (workspace_gz) StdoutLine: {'line': b'-- Searching for dependencies of gz-sensors8-segmentation_camera\n'}
[1.039176] (workspace_gz) StdoutLine: {'line': b'-- Searching for <gz-sensors8> component [depth_camera]\n'}
[1.039667] (workspace_gz) StdoutLine: {'line': b'-- Looking for gz-sensors8-depth_camera -- found version 8.2.2\n'}
[1.039806] (workspace_gz) StdoutLine: {'line': b'-- Searching for dependencies of gz-sensors8-depth_camera\n'}
[1.040103] (workspace_gz) StdoutLine: {'line': b'-- Looking for gz-sensors8 -- found version 8.2.2\n'}
[1.040747] (workspace_gz) StdoutLine: {'line': b'-- Searching for <gz-sensors8> component [rgbd_camera]\n'}
[1.041265] (workspace_gz) StdoutLine: {'line': b'-- Looking for gz-sensors8-rgbd_camera -- found version 8.2.2\n'}
[1.041360] (workspace_gz) StdoutLine: {'line': b'-- Searching for dependencies of gz-sensors8-rgbd_camera\n'}
[1.041607] (workspace_gz) StdoutLine: {'line': b'-- Looking for gz-sensors8 -- found version 8.2.2\n'}
[1.042008] (workspace_nav) StdoutLine: {'line': b'Installing waypoint_transform script to /home/ngen/yildiz_ws/src/YILDIZ-USV/install/workspace_nav/lib/workspace_nav\n'}
[1.042113] (workspace_nav) StdoutLine: {'line': b'Installing waypoint_with_state script to /home/ngen/yildiz_ws/src/YILDIZ-USV/install/workspace_nav/lib/workspace_nav\n'}
[1.042348] (workspace_nav) StdoutLine: {'line': b"writing list of installed files to '/home/ngen/yildiz_ws/src/YILDIZ-USV/build/workspace_nav/install.log'\n"}
[1.042447] (workspace_gz) StdoutLine: {'line': b'-- Searching for <gz-sensors8> component [thermal_camera]\n'}
[1.043002] (workspace_gz) StdoutLine: {'line': b'-- Looking for gz-sensors8-thermal_camera -- found version 8.2.2\n'}
[1.043096] (workspace_gz) StdoutLine: {'line': b'-- Searching for dependencies of gz-sensors8-thermal_camera\n'}
[1.043286] (workspace_gz) StdoutLine: {'line': b'-- Looking for gz-sensors8 -- found version 8.2.2\n'}
[1.044190] (workspace_gz) StdoutLine: {'line': b'-- Searching for <gz-sensors8> component [wide_angle_camera]\n'}
[1.045018] (workspace_gz) StdoutLine: {'line': b'-- Looking for gz-sensors8-wide_angle_camera -- found version 8.2.2\n'}
[1.045199] (workspace_gz) StdoutLine: {'line': b'-- Searching for dependencies of gz-sensors8-wide_angle_camera\n'}
[1.046652] (workspace_gz) StdoutLine: {'line': b'-- Looking for gz-rendering8 -- found version 8.2.2\n'}
[1.047081] (workspace_gz) StdoutLine: {'line': b'-- Looking for gz-math7 -- found version 7.5.2\n'}
[1.047536] (workspace_gz) StdoutLine: {'line': b'-- Looking for gz-utils2 -- found version 2.2.1\n'}
[1.056940] (workspace_ros) CommandEnded: {'returncode': 0}
[1.057817] (workspace_ros) Command: {'cmd': ['/usr/bin/python3', '-W', 'ignore:setup.py install is deprecated', '-W', 'ignore:easy_install command is deprecated', 'setup.py', 'egg_info', '--egg-base', '../build/workspace_ros', 'build', '--build-base', '/home/ngen/yildiz_ws/src/YILDIZ-USV/build/workspace_ros/build', 'install', '--record', '/home/ngen/yildiz_ws/src/YILDIZ-USV/build/workspace_ros/install.log', '--single-version-externally-managed', 'install_data', '--force'], 'cwd': '/home/ngen/yildiz_ws/src/YILDIZ-USV/workspace_ros', 'env': {'GJS_DEBUG_TOPICS': 'JS ERROR;JS LOG', 'XDG_ACTIVATION_TOKEN': 'gnome-shell/Terminator/2260-1-ngen_TIME78248', 'LESSOPEN': '| /usr/bin/lesspipe %s', 'GZ_SIM_RESOURCE_PATH': '/opt/ros/jazzy/share', 'USER': 'ngen', 'GZ_CONFIG_PATH': '/opt/ros/jazzy/opt/gz_sim_vendor/share/gz:/opt/ros/jazzy/opt/sdformat_vendor/share/gz:/opt/ros/jazzy/opt/gz_gui_vendor/share/gz:/opt/ros/jazzy/opt/gz_transport_vendor/share/gz:/opt/ros/jazzy/opt/gz_rendering_vendor/share/gz:/opt/ros/jazzy/opt/gz_plugin_vendor/share/gz:/opt/ros/jazzy/opt/gz_fuel_tools_vendor/share/gz:/opt/ros/jazzy/opt/gz_msgs_vendor/share/gz:/opt/ros/jazzy/opt/gz_common_vendor/share/gz', 'XDG_SESSION_TYPE': 'x11', 'CLUTTER_DISABLE_MIPMAPPED_TEXT': '1', 'SHLVL': '1', 'LD_LIBRARY_PATH': '/opt/ros/jazzy/opt/gz_sim_vendor/lib:/opt/ros/jazzy/opt/gz_sensors_vendor/lib:/opt/ros/jazzy/opt/gz_physics_vendor/lib:/opt/ros/jazzy/opt/sdformat_vendor/lib:/opt/ros/jazzy/opt/rviz_ogre_vendor/lib:/opt/ros/jazzy/lib/x86_64-linux-gnu:/opt/ros/jazzy/opt/gz_gui_vendor/lib:/opt/ros/jazzy/opt/gz_transport_vendor/lib:/opt/ros/jazzy/opt/gz_rendering_vendor/lib:/opt/ros/jazzy/opt/gz_plugin_vendor/lib:/opt/ros/jazzy/opt/gz_fuel_tools_vendor/lib:/opt/ros/jazzy/opt/gz_msgs_vendor/lib:/opt/ros/jazzy/opt/gz_common_vendor/lib:/opt/ros/jazzy/opt/gz_math_vendor/lib:/opt/ros/jazzy/opt/gz_utils_vendor/lib:/opt/ros/jazzy/opt/gz_tools_vendor/lib:/opt/ros/jazzy/opt/gz_ogre_next_vendor/lib:/opt/ros/jazzy/opt/gz_dartsim_vendor/lib:/opt/ros/jazzy/opt/gz_cmake_vendor/lib:/opt/ros/jazzy/lib', 'HOME': '/home/ngen', 'OLDPWD': '/home/ngen', 'DESKTOP_SESSION': 'ubuntu', 'GIO_LAUNCHED_DESKTOP_FILE': '/usr/share/applications/terminator.desktop', 'ROS_PYTHON_VERSION': '3', 'GNOME_SHELL_SESSION_MODE': 'ubuntu', 'GTK_MODULES': 'gail:atk-bridge', 'MANAGERPID': '1805', 'SYSTEMD_EXEC_PID': '2260', 'GSM_SKIP_SSH_AGENT_WORKAROUND': 'true', 'DBUS_SESSION_BUS_ADDRESS': 'unix:path=/run/user/1000/bus', 'COLORTERM': 'truecolor', 'TERMINATOR_DBUS_NAME': 'net.tenshu.Terminator21a9d5db22c73a993ff0b42f64b396873', 'GIO_LAUNCHED_DESKTOP_FILE_PID': '4475', 'DEBUGINFOD_URLS': 'https://debuginfod.ubuntu.com', 'ROS_DISTRO': 'jazzy', 'LOGNAME': 'ngen', 'JOURNAL_STREAM': '9:6655', '_': '/usr/bin/colcon', 'ROS_VERSION': '2', 'MEMORY_PRESSURE_WATCH': '/sys/fs/cgroup/user.slice/user-1000.slice/user@1000.service/session.slice/org.gnome.Shell@x11.service/memory.pressure', 'XDG_SESSION_CLASS': 'user', 'USERNAME': 'ngen', 'TERM': 'xterm-256color', 'GNOME_DESKTOP_SESSION_ID': 'this-is-deprecated', 'ROS_LOCALHOST_ONLY': '1', 'WINDOWPATH': '2', 'PATH': '/opt/ros/jazzy/opt/gz_msgs_vendor/bin:/opt/ros/jazzy/opt/gz_tools_vendor/bin:/opt/ros/jazzy/opt/gz_ogre_next_vendor/bin:/opt/ros/jazzy/bin:/home/ngen/.local/bin:/usr/local/sbin:/usr/local/bin:/usr/sbin:/usr/bin:/sbin:/bin:/usr/games:/usr/local/games:/snap/bin:/snap/bin', 'SESSION_MANAGER': 'local/ngen:@/tmp/.ICE-unix/2220,unix/ngen:/tmp/.ICE-unix/2220', 'INVOCATION_ID': 'dc58f2d4ec9e4c14b683e47dcf0372a9', 'XDG_MENU_PREFIX': 'gnome-', 'XDG_RUNTIME_DIR': '/run/user/1000', 'GZ_PARTITION': 'sim99', 'DISPLAY': ':0', 'TERMINATOR_DBUS_PATH': '/net/tenshu/Terminator2', 'LANG': 'en_US.UTF-8', 'XDG_CURRENT_DESKTOP': 'ubuntu:GNOME', 'GZ_IP': '127.0.0.1', 'XMODIFIERS': '@im=ibus', 'XDG_SESSION_DESKTOP': 'ubuntu', 'XAUTHORITY': '/run/user/1000/gdm/Xauthority', 'LS_COLORS': 'rs=0:di=01;34:ln=01;36:mh=00:pi=40;33:so=01;35:do=01;35:bd=40;33;01:cd=40;33;01:or=40;31;01:mi=00:su=37;41:sg=30;43:ca=00:tw=30;42:ow=34;42:st=37;44:ex=01;32:*.tar=01;31:*.tgz=01;31:*.arc=01;31:*.arj=01;31:*.taz=01;31:*.lha=01;31:*.lz4=01;31:*.lzh=01;31:*.lzma=01;31:*.tlz=01;31:*.txz=01;31:*.tzo=01;31:*.t7z=01;31:*.zip=01;31:*.z=01;31:*.dz=01;31:*.gz=01;31:*.lrz=01;31:*.lz=01;31:*.lzo=01;31:*.xz=01;31:*.zst=01;31:*.tzst=01;31:*.bz2=01;31:*.bz=01;31:*.tbz=01;31:*.tbz2=01;31:*.tz=01;31:*.deb=01;31:*.rpm=01;31:*.jar=01;31:*.war=01;31:*.ear=01;31:*.sar=01;31:*.rar=01;31:*.alz=01;31:*.ace=01;31:*.zoo=01;31:*.cpio=01;31:*.7z=01;31:*.rz=01;31:*.cab=01;31:*.wim=01;31:*.swm=01;31:*.dwm=01;31:*.esd=01;31:*.avif=01;35:*.jpg=01;35:*.jpeg=01;35:*.mjpg=01;35:*.mjpeg=01;35:*.gif=01;35:*.bmp=01;35:*.pbm=01;35:*.pgm=01;35:*.ppm=01;35:*.tga=01;35:*.xbm=01;35:*.xpm=01;35:*.tif=01;35:*.tiff=01;35:*.png=01;35:*.svg=01;35:*.svgz=01;35:*.mng=01;35:*.pcx=01;35:*.mov=01;35:*.mpg=01;35:*.mpeg=01;35:*.m2v=01;35:*.mkv=01;35:*.webm=01;35:*.webp=01;35:*.ogm=01;35:*.mp4=01;35:*.m4v=01;35:*.mp4v=01;35:*.vob=01;35:*.qt=01;35:*.nuv=01;35:*.wmv=01;35:*.asf=01;35:*.rm=01;35:*.rmvb=01;35:*.flc=01;35:*.avi=01;35:*.fli=01;35:*.flv=01;35:*.gl=01;35:*.dl=01;35:*.xcf=01;35:*.xwd=01;35:*.yuv=01;35:*.cgm=01;35:*.emf=01;35:*.ogv=01;35:*.ogx=01;35:*.aac=00;36:*.au=00;36:*.flac=00;36:*.m4a=00;36:*.mid=00;36:*.midi=00;36:*.mka=00;36:*.mp3=00;36:*.mpc=00;36:*.ogg=00;36:*.ra=00;36:*.wav=00;36:*.oga=00;36:*.opus=00;36:*.spx=00;36:*.xspf=00;36:*~=00;90:*#=00;90:*.bak=00;90:*.crdownload=00;90:*.dpkg-dist=00;90:*.dpkg-new=00;90:*.dpkg-old=00;90:*.dpkg-tmp=00;90:*.old=00;90:*.orig=00;90:*.part=00;90:*.rej=00;90:*.rpmnew=00;90:*.rpmorig=00;90:*.rpmsave=00;90:*.swp=00;90:*.tmp=00;90:*.ucf-dist=00;90:*.ucf-new=00;90:*.ucf-old=00;90:', 'SSH_AUTH_SOCK': '/run/user/1000/keyring/ssh', 'ROS_DOMAIN_ID': '99', 'AMENT_PREFIX_PATH': '/opt/ros/jazzy', 'SHELL': '/bin/bash', 'TERMINATOR_UUID': 'urn:uuid:d48611e8-fd2f-404c-8589-307f46e9c843', 'QT_ACCESSIBILITY': '1', 'GDMSESSION': 'ubuntu', 'LESSCLOSE': '/usr/bin/lesspipe %s %s', 'GZ_DISCOVERY_MULTICAST': '0', 'GPG_AGENT_INFO': '/run/user/1000/gnupg/S.gpg-agent:0:1', 'GJS_DEBUG_OUTPUT': 'stderr', 'ROS_AUTOMATIC_DISCOVERY_RANGE': 'SUBNET', 'QT_IM_MODULE': 'ibus', 'PWD': '/home/ngen/yildiz_ws/src/YILDIZ-USV/build/workspace_ros', 'XDG_CONFIG_DIRS': '/etc/xdg/xdg-ubuntu:/etc/xdg', 'XDG_DATA_DIRS': '/usr/share/ubuntu:/usr/share/gnome:/usr/local/share/:/usr/share/:/var/lib/snapd/desktop', 'PYTHONPATH': '/home/ngen/yildiz_ws/src/YILDIZ-USV/build/workspace_ros/prefix_override:/usr/lib/python3/dist-packages/colcon_core/task/python/colcon_distutils_commands:/home/ngen/yildiz_ws/src/YILDIZ-USV/install/workspace_ros/lib/python3.12/site-packages:/opt/ros/jazzy/lib/python3.12/site-packages', 'COLCON': '1', 'MEMORY_PRESSURE_WRITE': 'c29tZSAyMDAwMDAgMjAwMDAwMAA=', 'VTE_VERSION': '7600', 'CMAKE_PREFIX_PATH': '/opt/ros/jazzy/opt/gz_sim_vendor:/opt/ros/jazzy/opt/gz_sensors_vendor:/opt/ros/jazzy/opt/gz_physics_vendor:/opt/ros/jazzy/opt/sdformat_vendor:/opt/ros/jazzy/opt/gz_gui_vendor:/opt/ros/jazzy/opt/gz_transport_vendor:/opt/ros/jazzy/opt/gz_rendering_vendor:/opt/ros/jazzy/opt/gz_plugin_vendor:/opt/ros/jazzy/opt/gz_fuel_tools_vendor:/opt/ros/jazzy/opt/gz_msgs_vendor:/opt/ros/jazzy/opt/gz_common_vendor:/opt/ros/jazzy/opt/gz_math_vendor:/opt/ros/jazzy/opt/gz_utils_vendor:/opt/ros/jazzy/opt/gz_tools_vendor:/opt/ros/jazzy/opt/gz_ogre_next_vendor:/opt/ros/jazzy/opt/gz_dartsim_vendor:/opt/ros/jazzy/opt/gz_cmake_vendor'}, 'shell': False}
[1.060848] (workspace_nav) CommandEnded: {'returncode': 0}
[1.066806] (workspace_gz) StdoutLine: {'line': b'-- Looking for gz-common5 -- found version 5.7.1\n'}
[1.066892] (workspace_gz) StdoutLine: {'line': b'-- Looking for gz-math7 -- found version 7.5.2\n'}
[1.067274] (workspace_gz) StdoutLine: {'line': b'-- Looking for gz-transport13 -- found version 13.5.0\n'}
[1.067390] (workspace_gz) StdoutLine: {'line': b'-- Looking for gz-plugin2 -- found version 2.0.4\n'}
[1.067701] (workspace_gz) StdoutLine: {'line': b'-- Looking for gz-rendering8 -- found version 8.2.2\n'}
[1.067774] (workspace_gz) StdoutLine: {'line': b'-- Looking for gz-sensors8 -- found version 8.2.2\n'}
[1.068016] (workspace_gz) StdoutLine: {'line': b'-- Looking for gz-utils2 -- found version 2.2.1\n'}
[1.068441] (workspace_gz) StdoutLine: {'line': b'-- Looking for sdformat14 -- found version 14.8.0\n'}
[1.069291] (workspace_gz) StdoutLine: {'line': b'-- Found std_msgs: 5.3.6 (/opt/ros/jazzy/share/std_msgs/cmake)\n'}
[1.072490] (workspace_nav) JobEnded: {'identifier': 'workspace_nav', 'rc': 0}
[1.090126] (workspace_gz) StdoutLine: {'line': b'-- Found rosidl_generator_c: 4.6.6 (/opt/ros/jazzy/share/rosidl_generator_c/cmake)\n'}
[1.098488] (workspace_gz) StdoutLine: {'line': b'-- Found rosidl_generator_cpp: 4.6.6 (/opt/ros/jazzy/share/rosidl_generator_cpp/cmake)\n'}
[1.101509] (-) TimerEvent: {}
[1.111036] (workspace_gz) StdoutLine: {'line': b'-- Using all available rosidl_typesupport_c: rosidl_typesupport_fastrtps_c;rosidl_typesupport_introspection_c\n'}
[1.124182] (workspace_gz) StdoutLine: {'line': b'-- Using all available rosidl_typesupport_cpp: rosidl_typesupport_fastrtps_cpp;rosidl_typesupport_introspection_cpp\n'}
[1.149324] (workspace_gz) StdoutLine: {'line': b'-- Looking for gz-msgs10 -- found version 10.3.2\n'}
[1.149578] (workspace_gz) StdoutLine: {'line': b'-- Looking for gz-fuel_tools9 -- found version 9.1.1\n'}
[1.201669] (-) TimerEvent: {}
[1.226374] (workspace_gz) StdoutLine: {'line': b'-- Configuring done (1.2s)\n'}
[1.244807] (workspace_ros) StdoutLine: {'line': b'running egg_info\n'}
[1.256242] (workspace_ros) StdoutLine: {'line': b'writing ../build/workspace_ros/workspace_ros.egg-info/PKG-INFO\n'}
[1.256477] (workspace_ros) StdoutLine: {'line': b'writing dependency_links to ../build/workspace_ros/workspace_ros.egg-info/dependency_links.txt\n'}
[1.256579] (workspace_ros) StdoutLine: {'line': b'writing entry points to ../build/workspace_ros/workspace_ros.egg-info/entry_points.txt\n'}
[1.256662] (workspace_ros) StdoutLine: {'line': b'writing requirements to ../build/workspace_ros/workspace_ros.egg-info/requires.txt\n'}
[1.256745] (workspace_ros) StdoutLine: {'line': b'writing top-level names to ../build/workspace_ros/workspace_ros.egg-info/top_level.txt\n'}
[1.280751] (workspace_ros) StdoutLine: {'line': b"reading manifest file '../build/workspace_ros/workspace_ros.egg-info/SOURCES.txt'\n"}
[1.281415] (workspace_ros) StdoutLine: {'line': b"writing manifest file '../build/workspace_ros/workspace_ros.egg-info/SOURCES.txt'\n"}
[1.281528] (workspace_ros) StdoutLine: {'line': b'running build\n'}
[1.281614] (workspace_ros) StdoutLine: {'line': b'running build_py\n'}
[1.281716] (workspace_ros) StdoutLine: {'line': b'running install\n'}
[1.285952] (workspace_ros) StdoutLine: {'line': b'running install_lib\n'}
[1.298697] (workspace_ros) StdoutLine: {'line': b'creating /home/ngen/yildiz_ws/src/YILDIZ-USV/install/workspace_ros/lib/python3.12/site-packages/scripts\n'}
[1.298872] (workspace_ros) StdoutLine: {'line': b'copying /home/ngen/yildiz_ws/src/YILDIZ-USV/build/workspace_ros/build/lib/scripts/static_transform_publisher.py -> /home/ngen/yildiz_ws/src/YILDIZ-USV/install/workspace_ros/lib/python3.12/site-packages/scripts\n'}
[1.299151] (workspace_ros) StdoutLine: {'line': b'copying /home/ngen/yildiz_ws/src/YILDIZ-USV/build/workspace_ros/build/lib/scripts/converter.py -> /home/ngen/yildiz_ws/src/YILDIZ-USV/install/workspace_ros/lib/python3.12/site-packages/scripts\n'}
[1.299462] (workspace_ros) StdoutLine: {'line': b'copying /home/ngen/yildiz_ws/src/YILDIZ-USV/build/workspace_ros/build/lib/scripts/__init__.py -> /home/ngen/yildiz_ws/src/YILDIZ-USV/install/workspace_ros/lib/python3.12/site-packages/scripts\n'}
[1.299595] (workspace_ros) StdoutLine: {'line': b'copying /home/ngen/yildiz_ws/src/YILDIZ-USV/build/workspace_ros/build/lib/scripts/lidar_processor.py -> /home/ngen/yildiz_ws/src/YILDIZ-USV/install/workspace_ros/lib/python3.12/site-packages/scripts\n'}
[1.299713] (workspace_ros) StdoutLine: {'line': b'copying /home/ngen/yildiz_ws/src/YILDIZ-USV/build/workspace_ros/build/lib/scripts/imu_covariance_repub.py -> /home/ngen/yildiz_ws/src/YILDIZ-USV/install/workspace_ros/lib/python3.12/site-packages/scripts\n'}
[1.299910] (workspace_ros) StdoutLine: {'line': b'copying /home/ngen/yildiz_ws/src/YILDIZ-USV/build/workspace_ros/build/lib/scripts/kamikaze.py -> /home/ngen/yildiz_ws/src/YILDIZ-USV/install/workspace_ros/lib/python3.12/site-packages/scripts\n'}
[1.299991] (workspace_ros) StdoutLine: {'line': b'copying /home/ngen/yildiz_ws/src/YILDIZ-USV/build/workspace_ros/build/lib/scripts/gps_covariance_repub.py -> /home/ngen/yildiz_ws/src/YILDIZ-USV/install/workspace_ros/lib/python3.12/site-packages/scripts\n'}
[1.300041] (workspace_ros) StdoutLine: {'line': b'copying /home/ngen/yildiz_ws/src/YILDIZ-USV/build/workspace_ros/build/lib/scripts/target_buoy.py -> /home/ngen/yildiz_ws/src/YILDIZ-USV/install/workspace_ros/lib/python3.12/site-packages/scripts\n'}
[1.300117] (workspace_ros) StdoutLine: {'line': b'copying /home/ngen/yildiz_ws/src/YILDIZ-USV/build/workspace_ros/build/lib/scripts/manual_control.py -> /home/ngen/yildiz_ws/src/YILDIZ-USV/install/workspace_ros/lib/python3.12/site-packages/scripts\n'}
[1.300815] (workspace_ros) StdoutLine: {'line': b'byte-compiling /home/ngen/yildiz_ws/src/YILDIZ-USV/install/workspace_ros/lib/python3.12/site-packages/scripts/static_transform_publisher.py to static_transform_publisher.cpython-312.pyc\n'}
[1.301859] (-) TimerEvent: {}
[1.302211] (workspace_ros) StdoutLine: {'line': b'byte-compiling /home/ngen/yildiz_ws/src/YILDIZ-USV/install/workspace_ros/lib/python3.12/site-packages/scripts/converter.py to converter.cpython-312.pyc\n'}
[1.302465] (workspace_ros) StdoutLine: {'line': b'byte-compiling /home/ngen/yildiz_ws/src/YILDIZ-USV/install/workspace_ros/lib/python3.12/site-packages/scripts/__init__.py to __init__.cpython-312.pyc\n'}
[1.302570] (workspace_ros) StdoutLine: {'line': b'byte-compiling /home/ngen/yildiz_ws/src/YILDIZ-USV/install/workspace_ros/lib/python3.12/site-packages/scripts/lidar_processor.py to lidar_processor.cpython-312.pyc\n'}
[1.304091] (workspace_ros) StdoutLine: {'line': b'byte-compiling /home/ngen/yildiz_ws/src/YILDIZ-USV/install/workspace_ros/lib/python3.12/site-packages/scripts/imu_covariance_repub.py to imu_covariance_repub.cpython-312.pyc\n'}
[1.304390] (workspace_ros) StdoutLine: {'line': b'byte-compiling /home/ngen/yildiz_ws/src/YILDIZ-USV/install/workspace_ros/lib/python3.12/site-packages/scripts/kamikaze.py to kamikaze.cpython-312.pyc\n'}
[1.307964] (workspace_ros) StdoutLine: {'line': b'byte-compiling /home/ngen/yildiz_ws/src/YILDIZ-USV/install/workspace_ros/lib/python3.12/site-packages/scripts/gps_covariance_repub.py to gps_covariance_repub.cpython-312.pyc\n'}
[1.308349] (workspace_ros) StdoutLine: {'line': b'byte-compiling /home/ngen/yildiz_ws/src/YILDIZ-USV/install/workspace_ros/lib/python3.12/site-packages/scripts/target_buoy.py to target_buoy.cpython-312.pyc\n'}
[1.309549] (workspace_ros) StdoutLine: {'line': b'byte-compiling /home/ngen/yildiz_ws/src/YILDIZ-USV/install/workspace_ros/lib/python3.12/site-packages/scripts/manual_control.py to manual_control.cpython-312.pyc\n'}
[1.310058] (workspace_ros) StdoutLine: {'line': b'running install_data\n'}
[1.310163] (workspace_ros) StdoutLine: {'line': b'copying resource/workspace_ros -> /home/ngen/yildiz_ws/src/YILDIZ-USV/install/workspace_ros/share/ament_index/resource_index/packages\n'}
[1.310443] (workspace_ros) StdoutLine: {'line': b'copying package.xml -> /home/ngen/yildiz_ws/src/YILDIZ-USV/install/workspace_ros/share/workspace_ros\n'}
[1.310711] (workspace_ros) StdoutLine: {'line': b'copying config/static_transform.yaml -> /home/ngen/yildiz_ws/src/YILDIZ-USV/install/workspace_ros/share/workspace_ros/config\n'}
[1.310903] (workspace_ros) StdoutLine: {'line': b'copying config/ekf.yaml -> /home/ngen/yildiz_ws/src/YILDIZ-USV/install/workspace_ros/share/workspace_ros/config\n'}
[1.311017] (workspace_ros) StdoutLine: {'line': b'copying config/lidar_rviz.rviz -> /home/ngen/yildiz_ws/src/YILDIZ-USV/install/workspace_ros/share/workspace_ros/config\n'}
[1.311118] (workspace_ros) StdoutLine: {'line': b'copying config/kiss_icp.yaml -> /home/ngen/yildiz_ws/src/YILDIZ-USV/install/workspace_ros/share/workspace_ros/config\n'}
[1.311243] (workspace_ros) StdoutLine: {'line': b'copying config/navsat.yaml -> /home/ngen/yildiz_ws/src/YILDIZ-USV/install/workspace_ros/share/workspace_ros/config\n'}
[1.311333] (workspace_ros) StdoutLine: {'line': b'copying config/lidar_filter.yaml -> /home/ngen/yildiz_ws/src/YILDIZ-USV/install/workspace_ros/share/workspace_ros/config\n'}
[1.311440] (workspace_ros) StdoutLine: {'line': b'copying launch/localization.launch.py -> /home/ngen/yildiz_ws/src/YILDIZ-USV/install/workspace_ros/share/workspace_ros/launch\n'}
[1.311573] (workspace_ros) StdoutLine: {'line': b'copying launch/mola_slam.launch.py -> /home/ngen/yildiz_ws/src/YILDIZ-USV/install/workspace_ros/share/workspace_ros/launch\n'}
[1.311772] (workspace_ros) StdoutLine: {'line': b'copying launch/kiss_icp.launch.py -> /home/ngen/yildiz_ws/src/YILDIZ-USV/install/workspace_ros/share/workspace_ros/launch\n'}
[1.311892] (workspace_ros) StdoutLine: {'line': b'copying launch/lidar_filter.launch.py -> /home/ngen/yildiz_ws/src/YILDIZ-USV/install/workspace_ros/share/workspace_ros/launch\n'}
[1.312041] (workspace_ros) StdoutLine: {'line': b'copying scripts/static_transform_publisher.py -> /home/ngen/yildiz_ws/src/YILDIZ-USV/install/workspace_ros/share/workspace_ros/scripts\n'}
[1.312205] (workspace_ros) StdoutLine: {'line': b'copying scripts/converter.py -> /home/ngen/yildiz_ws/src/YILDIZ-USV/install/workspace_ros/share/workspace_ros/scripts\n'}
[1.312328] (workspace_ros) StdoutLine: {'line': b'copying scripts/__init__.py -> /home/ngen/yildiz_ws/src/YILDIZ-USV/install/workspace_ros/share/workspace_ros/scripts\n'}
[1.312427] (workspace_ros) StdoutLine: {'line': b'copying scripts/lidar_processor.py -> /home/ngen/yildiz_ws/src/YILDIZ-USV/install/workspace_ros/share/workspace_ros/scripts\n'}
[1.312534] (workspace_ros) StdoutLine: {'line': b'copying scripts/imu_covariance_repub.py -> /home/ngen/yildiz_ws/src/YILDIZ-USV/install/workspace_ros/share/workspace_ros/scripts\n'}
[1.312656] (workspace_ros) StdoutLine: {'line': b'copying scripts/kamikaze.py -> /home/ngen/yildiz_ws/src/YILDIZ-USV/install/workspace_ros/share/workspace_ros/scripts\n'}
[1.312839] (workspace_ros) StdoutLine: {'line': b'copying scripts/gps_covariance_repub.py -> /home/ngen/yildiz_ws/src/YILDIZ-USV/install/workspace_ros/share/workspace_ros/scripts\n'}
[1.312976] (workspace_ros) StdoutLine: {'line': b'copying scripts/target_buoy.py -> /home/ngen/yildiz_ws/src/YILDIZ-USV/install/workspace_ros/share/workspace_ros/scripts\n'}
[1.313129] (workspace_ros) StdoutLine: {'line': b'copying scripts/manual_control.py -> /home/ngen/yildiz_ws/src/YILDIZ-USV/install/workspace_ros/share/workspace_ros/scripts\n'}
[1.313261] (workspace_ros) StdoutLine: {'line': b'copying YOLOv11/YOLOv11.pt -> /home/ngen/yildiz_ws/src/YILDIZ-USV/install/workspace_ros/share/workspace_ros/YOLOv11\n'}
[1.317693] (workspace_gz) StdoutLine: {'line': b'-- Generating done (0.1s)\n'}
[1.333012] (workspace_ros) StdoutLine: {'line': b'running install_egg_info\n'}
[1.333711] (workspace_gz) StdoutLine: {'line': b'-- Build files have been written to: /home/ngen/yildiz_ws/src/YILDIZ-USV/build/workspace_gz\n'}
[1.342251] (workspace_gz) CommandEnded: {'returncode': 0}
[1.342913] (workspace_gz) JobProgress: {'identifier': 'workspace_gz', 'progress': 'build'}
[1.343415] (workspace_gz) Command: {'cmd': ['/usr/bin/cmake', '--build', '/home/ngen/yildiz_ws/src/YILDIZ-USV/build/workspace_gz', '--', '-j20', '-l20'], 'cwd': '/home/ngen/yildiz_ws/src/YILDIZ-USV/build/workspace_gz', 'env': OrderedDict({'GJS_DEBUG_TOPICS': 'JS ERROR;JS LOG', 'XDG_ACTIVATION_TOKEN': 'gnome-shell/Terminator/2260-1-ngen_TIME78248', 'LESSOPEN': '| /usr/bin/lesspipe %s', 'GZ_SIM_RESOURCE_PATH': '/opt/ros/jazzy/share', 'USER': 'ngen', 'GZ_CONFIG_PATH': '/opt/ros/jazzy/opt/gz_sim_vendor/share/gz:/opt/ros/jazzy/opt/sdformat_vendor/share/gz:/opt/ros/jazzy/opt/gz_gui_vendor/share/gz:/opt/ros/jazzy/opt/gz_transport_vendor/share/gz:/opt/ros/jazzy/opt/gz_rendering_vendor/share/gz:/opt/ros/jazzy/opt/gz_plugin_vendor/share/gz:/opt/ros/jazzy/opt/gz_fuel_tools_vendor/share/gz:/opt/ros/jazzy/opt/gz_msgs_vendor/share/gz:/opt/ros/jazzy/opt/gz_common_vendor/share/gz', 'XDG_SESSION_TYPE': 'x11', 'CLUTTER_DISABLE_MIPMAPPED_TEXT': '1', 'SHLVL': '1', 'LD_LIBRARY_PATH': '/opt/ros/jazzy/opt/gz_sim_vendor/lib:/opt/ros/jazzy/opt/gz_sensors_vendor/lib:/opt/ros/jazzy/opt/gz_physics_vendor/lib:/opt/ros/jazzy/opt/sdformat_vendor/lib:/opt/ros/jazzy/opt/rviz_ogre_vendor/lib:/opt/ros/jazzy/lib/x86_64-linux-gnu:/opt/ros/jazzy/opt/gz_gui_vendor/lib:/opt/ros/jazzy/opt/gz_transport_vendor/lib:/opt/ros/jazzy/opt/gz_rendering_vendor/lib:/opt/ros/jazzy/opt/gz_plugin_vendor/lib:/opt/ros/jazzy/opt/gz_fuel_tools_vendor/lib:/opt/ros/jazzy/opt/gz_msgs_vendor/lib:/opt/ros/jazzy/opt/gz_common_vendor/lib:/opt/ros/jazzy/opt/gz_math_vendor/lib:/opt/ros/jazzy/opt/gz_utils_vendor/lib:/opt/ros/jazzy/opt/gz_tools_vendor/lib:/opt/ros/jazzy/opt/gz_ogre_next_vendor/lib:/opt/ros/jazzy/opt/gz_dartsim_vendor/lib:/opt/ros/jazzy/opt/gz_cmake_vendor/lib:/opt/ros/jazzy/lib', 'HOME': '/home/ngen', 'OLDPWD': '/home/ngen', 'DESKTOP_SESSION': 'ubuntu', 'GIO_LAUNCHED_DESKTOP_FILE': '/usr/share/applications/terminator.desktop', 'ROS_PYTHON_VERSION': '3', 'GNOME_SHELL_SESSION_MODE': 'ubuntu', 'GTK_MODULES': 'gail:atk-bridge', 'MANAGERPID': '1805', 'SYSTEMD_EXEC_PID': '2260', 'GSM_SKIP_SSH_AGENT_WORKAROUND': 'true', 'DBUS_SESSION_BUS_ADDRESS': 'unix:path=/run/user/1000/bus', 'COLORTERM': 'truecolor', 'TERMINATOR_DBUS_NAME': 'net.tenshu.Terminator21a9d5db22c73a993ff0b42f64b396873', 'GIO_LAUNCHED_DESKTOP_FILE_PID': '4475', 'DEBUGINFOD_URLS': 'https://debuginfod.ubuntu.com', 'ROS_DISTRO': 'jazzy', 'LOGNAME': 'ngen', 'JOURNAL_STREAM': '9:6655', '_': '/usr/bin/colcon', 'ROS_VERSION': '2', 'MEMORY_PRESSURE_WATCH': '/sys/fs/cgroup/user.slice/user-1000.slice/user@1000.service/session.slice/org.gnome.Shell@x11.service/memory.pressure', 'XDG_SESSION_CLASS': 'user', 'USERNAME': 'ngen', 'TERM': 'xterm-256color', 'GNOME_DESKTOP_SESSION_ID': 'this-is-deprecated', 'ROS_LOCALHOST_ONLY': '1', 'WINDOWPATH': '2', 'PATH': '/opt/ros/jazzy/opt/gz_msgs_vendor/bin:/opt/ros/jazzy/opt/gz_tools_vendor/bin:/opt/ros/jazzy/opt/gz_ogre_next_vendor/bin:/opt/ros/jazzy/bin:/home/ngen/.local/bin:/usr/local/sbin:/usr/local/bin:/usr/sbin:/usr/bin:/sbin:/bin:/usr/games:/usr/local/games:/snap/bin:/snap/bin', 'SESSION_MANAGER': 'local/ngen:@/tmp/.ICE-unix/2220,unix/ngen:/tmp/.ICE-unix/2220', 'INVOCATION_ID': 'dc58f2d4ec9e4c14b683e47dcf0372a9', 'XDG_MENU_PREFIX': 'gnome-', 'XDG_RUNTIME_DIR': '/run/user/1000', 'GZ_PARTITION': 'sim99', 'DISPLAY': ':0', 'TERMINATOR_DBUS_PATH': '/net/tenshu/Terminator2', 'LANG': 'en_US.UTF-8', 'XDG_CURRENT_DESKTOP': 'ubuntu:GNOME', 'GZ_IP': '127.0.0.1', 'XMODIFIERS': '@im=ibus', 'XDG_SESSION_DESKTOP': 'ubuntu', 'XAUTHORITY': '/run/user/1000/gdm/Xauthority', 'LS_COLORS': 'rs=0:di=01;34:ln=01;36:mh=00:pi=40;33:so=01;35:do=01;35:bd=40;33;01:cd=40;33;01:or=40;31;01:mi=00:su=37;41:sg=30;43:ca=00:tw=30;42:ow=34;42:st=37;44:ex=01;32:*.tar=01;31:*.tgz=01;31:*.arc=01;31:*.arj=01;31:*.taz=01;31:*.lha=01;31:*.lz4=01;31:*.lzh=01;31:*.lzma=01;31:*.tlz=01;31:*.txz=01;31:*.tzo=01;31:*.t7z=01;31:*.zip=01;31:*.z=01;31:*.dz=01;31:*.gz=01;31:*.lrz=01;31:*.lz=01;31:*.lzo=01;31:*.xz=01;31:*.zst=01;31:*.tzst=01;31:*.bz2=01;31:*.bz=01;31:*.tbz=01;31:*.tbz2=01;31:*.tz=01;31:*.deb=01;31:*.rpm=01;31:*.jar=01;31:*.war=01;31:*.ear=01;31:*.sar=01;31:*.rar=01;31:*.alz=01;31:*.ace=01;31:*.zoo=01;31:*.cpio=01;31:*.7z=01;31:*.rz=01;31:*.cab=01;31:*.wim=01;31:*.swm=01;31:*.dwm=01;31:*.esd=01;31:*.avif=01;35:*.jpg=01;35:*.jpeg=01;35:*.mjpg=01;35:*.mjpeg=01;35:*.gif=01;35:*.bmp=01;35:*.pbm=01;35:*.pgm=01;35:*.ppm=01;35:*.tga=01;35:*.xbm=01;35:*.xpm=01;35:*.tif=01;35:*.tiff=01;35:*.png=01;35:*.svg=01;35:*.svgz=01;35:*.mng=01;35:*.pcx=01;35:*.mov=01;35:*.mpg=01;35:*.mpeg=01;35:*.m2v=01;35:*.mkv=01;35:*.webm=01;35:*.webp=01;35:*.ogm=01;35:*.mp4=01;35:*.m4v=01;35:*.mp4v=01;35:*.vob=01;35:*.qt=01;35:*.nuv=01;35:*.wmv=01;35:*.asf=01;35:*.rm=01;35:*.rmvb=01;35:*.flc=01;35:*.avi=01;35:*.fli=01;35:*.flv=01;35:*.gl=01;35:*.dl=01;35:*.xcf=01;35:*.xwd=01;35:*.yuv=01;35:*.cgm=01;35:*.emf=01;35:*.ogv=01;35:*.ogx=01;35:*.aac=00;36:*.au=00;36:*.flac=00;36:*.m4a=00;36:*.mid=00;36:*.midi=00;36:*.mka=00;36:*.mp3=00;36:*.mpc=00;36:*.ogg=00;36:*.ra=00;36:*.wav=00;36:*.oga=00;36:*.opus=00;36:*.spx=00;36:*.xspf=00;36:*~=00;90:*#=00;90:*.bak=00;90:*.crdownload=00;90:*.dpkg-dist=00;90:*.dpkg-new=00;90:*.dpkg-old=00;90:*.dpkg-tmp=00;90:*.old=00;90:*.orig=00;90:*.part=00;90:*.rej=00;90:*.rpmnew=00;90:*.rpmorig=00;90:*.rpmsave=00;90:*.swp=00;90:*.tmp=00;90:*.ucf-dist=00;90:*.ucf-new=00;90:*.ucf-old=00;90:', 'SSH_AUTH_SOCK': '/run/user/1000/keyring/ssh', 'ROS_DOMAIN_ID': '99', 'AMENT_PREFIX_PATH': '/opt/ros/jazzy', 'SHELL': '/bin/bash', 'TERMINATOR_UUID': 'urn:uuid:d48611e8-fd2f-404c-8589-307f46e9c843', 'QT_ACCESSIBILITY': '1', 'GDMSESSION': 'ubuntu', 'LESSCLOSE': '/usr/bin/lesspipe %s %s', 'GZ_DISCOVERY_MULTICAST': '0', 'GPG_AGENT_INFO': '/run/user/1000/gnupg/S.gpg-agent:0:1', 'GJS_DEBUG_OUTPUT': 'stderr', 'ROS_AUTOMATIC_DISCOVERY_RANGE': 'SUBNET', 'QT_IM_MODULE': 'ibus', 'PWD': '/home/ngen/yildiz_ws/src/YILDIZ-USV/build/workspace_gz', 'XDG_CONFIG_DIRS': '/etc/xdg/xdg-ubuntu:/etc/xdg', 'XDG_DATA_DIRS': '/usr/share/ubuntu:/usr/share/gnome:/usr/local/share/:/usr/share/:/var/lib/snapd/desktop', 'PYTHONPATH': '/opt/ros/jazzy/lib/python3.12/site-packages', 'COLCON': '1', 'MEMORY_PRESSURE_WRITE': 'c29tZSAyMDAwMDAgMjAwMDAwMAA=', 'VTE_VERSION': '7600', 'CMAKE_PREFIX_PATH': '/opt/ros/jazzy/opt/gz_sim_vendor:/opt/ros/jazzy/opt/gz_sensors_vendor:/opt/ros/jazzy/opt/gz_physics_vendor:/opt/ros/jazzy/opt/sdformat_vendor:/opt/ros/jazzy/opt/gz_gui_vendor:/opt/ros/jazzy/opt/gz_transport_vendor:/opt/ros/jazzy/opt/gz_rendering_vendor:/opt/ros/jazzy/opt/gz_plugin_vendor:/opt/ros/jazzy/opt/gz_fuel_tools_vendor:/opt/ros/jazzy/opt/gz_msgs_vendor:/opt/ros/jazzy/opt/gz_common_vendor:/opt/ros/jazzy/opt/gz_math_vendor:/opt/ros/jazzy/opt/gz_utils_vendor:/opt/ros/jazzy/opt/gz_tools_vendor:/opt/ros/jazzy/opt/gz_ogre_next_vendor:/opt/ros/jazzy/opt/gz_dartsim_vendor:/opt/ros/jazzy/opt/gz_cmake_vendor:/opt/ros/jazzy'}), 'shell': False}
[1.347125] (workspace_ros) StdoutLine: {'line': b'Copying ../build/workspace_ros/workspace_ros.egg-info to /home/ngen/yildiz_ws/src/YILDIZ-USV/install/workspace_ros/lib/python3.12/site-packages/workspace_ros-0.0.0-py3.12.egg-info\n'}
[1.347595] (workspace_ros) StdoutLine: {'line': b'running install_scripts\n'}
[1.395665] (workspace_gz) StdoutLine: {'line': b'[  8%] Built target ScoringPlugin\n'}
[1.395969] (workspace_gz) StdoutLine: {'line': b'[  8%] Built target Waves\n'}
[1.401973] (-) TimerEvent: {}
[1.424700] (workspace_gz) StdoutLine: {'line': b'[ 14%] Built target StationkeepingScoringPlugin\n'}
[1.425374] (workspace_gz) StdoutLine: {'line': b'[ 20%] Built target WayfindingScoringPlugin\n'}
[1.431806] (workspace_ros) StdoutLine: {'line': b'Installing converter script to /home/ngen/yildiz_ws/src/YILDIZ-USV/install/workspace_ros/lib/workspace_ros\n'}
[1.431945] (workspace_ros) StdoutLine: {'line': b'Installing gps_covariance_repub script to /home/ngen/yildiz_ws/src/YILDIZ-USV/install/workspace_ros/lib/workspace_ros\n'}
[1.431998] (workspace_ros) StdoutLine: {'line': b'Installing imu_covariance_repub script to /home/ngen/yildiz_ws/src/YILDIZ-USV/install/workspace_ros/lib/workspace_ros\n'}
[1.432049] (workspace_ros) StdoutLine: {'line': b'Installing kamikaze script to /home/ngen/yildiz_ws/src/YILDIZ-USV/install/workspace_ros/lib/workspace_ros\n'}
[1.432302] (workspace_ros) StdoutLine: {'line': b'Installing lidar_processor script to /home/ngen/yildiz_ws/src/YILDIZ-USV/install/workspace_ros/lib/workspace_ros\n'}
[1.432406] (workspace_ros) StdoutLine: {'line': b'Installing manual_control script to /home/ngen/yildiz_ws/src/YILDIZ-USV/install/workspace_ros/lib/workspace_ros\n'}
[1.432448] (workspace_ros) StdoutLine: {'line': b'Installing static_transform_publisher script to /home/ngen/yildiz_ws/src/YILDIZ-USV/install/workspace_ros/lib/workspace_ros\n'}
[1.432486] (workspace_ros) StdoutLine: {'line': b'Installing target_buoy script to /home/ngen/yildiz_ws/src/YILDIZ-USV/install/workspace_ros/lib/workspace_ros\n'}
[1.432530] (workspace_ros) StdoutLine: {'line': b"writing list of installed files to '/home/ngen/yildiz_ws/src/YILDIZ-USV/build/workspace_ros/install.log'\n"}
[1.451800] (workspace_ros) CommandEnded: {'returncode': 0}
[1.454249] (workspace_gz) StdoutLine: {'line': b'[ 25%] Built target WaveVisual\n'}
[1.455144] (workspace_gz) StdoutLine: {'line': b'[ 29%] Built target WildlifeScoringPlugin\n'}
[1.458604] (workspace_ros) JobEnded: {'identifier': 'workspace_ros', 'rc': 0}
[1.481185] (workspace_gz) StdoutLine: {'line': b'[ 33%] Built target USVWind\n'}
[1.482738] (workspace_gz) StdoutLine: {'line': b'[ 41%] Built target PolyhedraBuoyancyDrag\n'}
[1.502081] (-) TimerEvent: {}
[1.508474] (workspace_gz) StdoutLine: {'line': b'[ 47%] Built target SimpleHydrodynamics\n'}
[1.508743] (workspace_gz) StdoutLine: {'line': b'[ 50%] Built target Surface\n'}
[1.532355] (workspace_gz) StdoutLine: {'line': b'[ 54%] Built target ScanDockScoringPlugin\n'}
[1.554199] (workspace_gz) StdoutLine: {'line': b'[ 58%] Built target PublisherPlugin\n'}
[1.579845] (workspace_gz) StdoutLine: {'line': b'[ 62%] Built target PlacardPlugin\n'}
[1.599257] (workspace_gz) StdoutLine: {'line': b'[ 66%] Built target PerceptionScoringPlugin\n'}
[1.602180] (-) TimerEvent: {}
[1.622509] (workspace_gz) StdoutLine: {'line': b'[ 70%] Built target GymkhanaScoringPlugin\n'}
[1.644956] (workspace_gz) StdoutLine: {'line': b'[ 75%] Built target NavigationScoringPlugin\n'}
[1.667282] (workspace_gz) StdoutLine: {'line': b'[ 79%] Built target LightBuoyPlugin\n'}
[1.688324] (workspace_gz) StdoutLine: {'line': b'[ 83%] Built target BallShooterPlugin\n'}
[1.702271] (-) TimerEvent: {}
[1.710879] (workspace_gz) StdoutLine: {'line': b'[ 87%] Built target AcousticPingerPlugin\n'}
[1.736081] (workspace_gz) StdoutLine: {'line': b'[ 93%] Built target AcousticTrackingScoringPlugin\n'}
[1.761758] (workspace_gz) StdoutLine: {'line': b'[100%] Built target AcousticPerceptionScoringPlugin\n'}
[1.772577] (workspace_gz) CommandEnded: {'returncode': 0}
[1.773346] (workspace_gz) JobProgress: {'identifier': 'workspace_gz', 'progress': 'install'}
[1.781957] (workspace_gz) Command: {'cmd': ['/usr/bin/cmake', '--install', '/home/ngen/yildiz_ws/src/YILDIZ-USV/build/workspace_gz'], 'cwd': '/home/ngen/yildiz_ws/src/YILDIZ-USV/build/workspace_gz', 'env': OrderedDict({'GJS_DEBUG_TOPICS': 'JS ERROR;JS LOG', 'XDG_ACTIVATION_TOKEN': 'gnome-shell/Terminator/2260-1-ngen_TIME78248', 'LESSOPEN': '| /usr/bin/lesspipe %s', 'GZ_SIM_RESOURCE_PATH': '/opt/ros/jazzy/share', 'USER': 'ngen', 'GZ_CONFIG_PATH': '/opt/ros/jazzy/opt/gz_sim_vendor/share/gz:/opt/ros/jazzy/opt/sdformat_vendor/share/gz:/opt/ros/jazzy/opt/gz_gui_vendor/share/gz:/opt/ros/jazzy/opt/gz_transport_vendor/share/gz:/opt/ros/jazzy/opt/gz_rendering_vendor/share/gz:/opt/ros/jazzy/opt/gz_plugin_vendor/share/gz:/opt/ros/jazzy/opt/gz_fuel_tools_vendor/share/gz:/opt/ros/jazzy/opt/gz_msgs_vendor/share/gz:/opt/ros/jazzy/opt/gz_common_vendor/share/gz', 'XDG_SESSION_TYPE': 'x11', 'CLUTTER_DISABLE_MIPMAPPED_TEXT': '1', 'SHLVL': '1', 'LD_LIBRARY_PATH': '/opt/ros/jazzy/opt/gz_sim_vendor/lib:/opt/ros/jazzy/opt/gz_sensors_vendor/lib:/opt/ros/jazzy/opt/gz_physics_vendor/lib:/opt/ros/jazzy/opt/sdformat_vendor/lib:/opt/ros/jazzy/opt/rviz_ogre_vendor/lib:/opt/ros/jazzy/lib/x86_64-linux-gnu:/opt/ros/jazzy/opt/gz_gui_vendor/lib:/opt/ros/jazzy/opt/gz_transport_vendor/lib:/opt/ros/jazzy/opt/gz_rendering_vendor/lib:/opt/ros/jazzy/opt/gz_plugin_vendor/lib:/opt/ros/jazzy/opt/gz_fuel_tools_vendor/lib:/opt/ros/jazzy/opt/gz_msgs_vendor/lib:/opt/ros/jazzy/opt/gz_common_vendor/lib:/opt/ros/jazzy/opt/gz_math_vendor/lib:/opt/ros/jazzy/opt/gz_utils_vendor/lib:/opt/ros/jazzy/opt/gz_tools_vendor/lib:/opt/ros/jazzy/opt/gz_ogre_next_vendor/lib:/opt/ros/jazzy/opt/gz_dartsim_vendor/lib:/opt/ros/jazzy/opt/gz_cmake_vendor/lib:/opt/ros/jazzy/lib', 'HOME': '/home/ngen', 'OLDPWD': '/home/ngen', 'DESKTOP_SESSION': 'ubuntu', 'GIO_LAUNCHED_DESKTOP_FILE': '/usr/share/applications/terminator.desktop', 'ROS_PYTHON_VERSION': '3', 'GNOME_SHELL_SESSION_MODE': 'ubuntu', 'GTK_MODULES': 'gail:atk-bridge', 'MANAGERPID': '1805', 'SYSTEMD_EXEC_PID': '2260', 'GSM_SKIP_SSH_AGENT_WORKAROUND': 'true', 'DBUS_SESSION_BUS_ADDRESS': 'unix:path=/run/user/1000/bus', 'COLORTERM': 'truecolor', 'TERMINATOR_DBUS_NAME': 'net.tenshu.Terminator21a9d5db22c73a993ff0b42f64b396873', 'GIO_LAUNCHED_DESKTOP_FILE_PID': '4475', 'DEBUGINFOD_URLS': 'https://debuginfod.ubuntu.com', 'ROS_DISTRO': 'jazzy', 'LOGNAME': 'ngen', 'JOURNAL_STREAM': '9:6655', '_': '/usr/bin/colcon', 'ROS_VERSION': '2', 'MEMORY_PRESSURE_WATCH': '/sys/fs/cgroup/user.slice/user-1000.slice/user@1000.service/session.slice/org.gnome.Shell@x11.service/memory.pressure', 'XDG_SESSION_CLASS': 'user', 'USERNAME': 'ngen', 'TERM': 'xterm-256color', 'GNOME_DESKTOP_SESSION_ID': 'this-is-deprecated', 'ROS_LOCALHOST_ONLY': '1', 'WINDOWPATH': '2', 'PATH': '/opt/ros/jazzy/opt/gz_msgs_vendor/bin:/opt/ros/jazzy/opt/gz_tools_vendor/bin:/opt/ros/jazzy/opt/gz_ogre_next_vendor/bin:/opt/ros/jazzy/bin:/home/ngen/.local/bin:/usr/local/sbin:/usr/local/bin:/usr/sbin:/usr/bin:/sbin:/bin:/usr/games:/usr/local/games:/snap/bin:/snap/bin', 'SESSION_MANAGER': 'local/ngen:@/tmp/.ICE-unix/2220,unix/ngen:/tmp/.ICE-unix/2220', 'INVOCATION_ID': 'dc58f2d4ec9e4c14b683e47dcf0372a9', 'XDG_MENU_PREFIX': 'gnome-', 'XDG_RUNTIME_DIR': '/run/user/1000', 'GZ_PARTITION': 'sim99', 'DISPLAY': ':0', 'TERMINATOR_DBUS_PATH': '/net/tenshu/Terminator2', 'LANG': 'en_US.UTF-8', 'XDG_CURRENT_DESKTOP': 'ubuntu:GNOME', 'GZ_IP': '127.0.0.1', 'XMODIFIERS': '@im=ibus', 'XDG_SESSION_DESKTOP': 'ubuntu', 'XAUTHORITY': '/run/user/1000/gdm/Xauthority', 'LS_COLORS': 'rs=0:di=01;34:ln=01;36:mh=00:pi=40;33:so=01;35:do=01;35:bd=40;33;01:cd=40;33;01:or=40;31;01:mi=00:su=37;41:sg=30;43:ca=00:tw=30;42:ow=34;42:st=37;44:ex=01;32:*.tar=01;31:*.tgz=01;31:*.arc=01;31:*.arj=01;31:*.taz=01;31:*.lha=01;31:*.lz4=01;31:*.lzh=01;31:*.lzma=01;31:*.tlz=01;31:*.txz=01;31:*.tzo=01;31:*.t7z=01;31:*.zip=01;31:*.z=01;31:*.dz=01;31:*.gz=01;31:*.lrz=01;31:*.lz=01;31:*.lzo=01;31:*.xz=01;31:*.zst=01;31:*.tzst=01;31:*.bz2=01;31:*.bz=01;31:*.tbz=01;31:*.tbz2=01;31:*.tz=01;31:*.deb=01;31:*.rpm=01;31:*.jar=01;31:*.war=01;31:*.ear=01;31:*.sar=01;31:*.rar=01;31:*.alz=01;31:*.ace=01;31:*.zoo=01;31:*.cpio=01;31:*.7z=01;31:*.rz=01;31:*.cab=01;31:*.wim=01;31:*.swm=01;31:*.dwm=01;31:*.esd=01;31:*.avif=01;35:*.jpg=01;35:*.jpeg=01;35:*.mjpg=01;35:*.mjpeg=01;35:*.gif=01;35:*.bmp=01;35:*.pbm=01;35:*.pgm=01;35:*.ppm=01;35:*.tga=01;35:*.xbm=01;35:*.xpm=01;35:*.tif=01;35:*.tiff=01;35:*.png=01;35:*.svg=01;35:*.svgz=01;35:*.mng=01;35:*.pcx=01;35:*.mov=01;35:*.mpg=01;35:*.mpeg=01;35:*.m2v=01;35:*.mkv=01;35:*.webm=01;35:*.webp=01;35:*.ogm=01;35:*.mp4=01;35:*.m4v=01;35:*.mp4v=01;35:*.vob=01;35:*.qt=01;35:*.nuv=01;35:*.wmv=01;35:*.asf=01;35:*.rm=01;35:*.rmvb=01;35:*.flc=01;35:*.avi=01;35:*.fli=01;35:*.flv=01;35:*.gl=01;35:*.dl=01;35:*.xcf=01;35:*.xwd=01;35:*.yuv=01;35:*.cgm=01;35:*.emf=01;35:*.ogv=01;35:*.ogx=01;35:*.aac=00;36:*.au=00;36:*.flac=00;36:*.m4a=00;36:*.mid=00;36:*.midi=00;36:*.mka=00;36:*.mp3=00;36:*.mpc=00;36:*.ogg=00;36:*.ra=00;36:*.wav=00;36:*.oga=00;36:*.opus=00;36:*.spx=00;36:*.xspf=00;36:*~=00;90:*#=00;90:*.bak=00;90:*.crdownload=00;90:*.dpkg-dist=00;90:*.dpkg-new=00;90:*.dpkg-old=00;90:*.dpkg-tmp=00;90:*.old=00;90:*.orig=00;90:*.part=00;90:*.rej=00;90:*.rpmnew=00;90:*.rpmorig=00;90:*.rpmsave=00;90:*.swp=00;90:*.tmp=00;90:*.ucf-dist=00;90:*.ucf-new=00;90:*.ucf-old=00;90:', 'SSH_AUTH_SOCK': '/run/user/1000/keyring/ssh', 'ROS_DOMAIN_ID': '99', 'AMENT_PREFIX_PATH': '/opt/ros/jazzy', 'SHELL': '/bin/bash', 'TERMINATOR_UUID': 'urn:uuid:d48611e8-fd2f-404c-8589-307f46e9c843', 'QT_ACCESSIBILITY': '1', 'GDMSESSION': 'ubuntu', 'LESSCLOSE': '/usr/bin/lesspipe %s %s', 'GZ_DISCOVERY_MULTICAST': '0', 'GPG_AGENT_INFO': '/run/user/1000/gnupg/S.gpg-agent:0:1', 'GJS_DEBUG_OUTPUT': 'stderr', 'ROS_AUTOMATIC_DISCOVERY_RANGE': 'SUBNET', 'QT_IM_MODULE': 'ibus', 'PWD': '/home/ngen/yildiz_ws/src/YILDIZ-USV/build/workspace_gz', 'XDG_CONFIG_DIRS': '/etc/xdg/xdg-ubuntu:/etc/xdg', 'XDG_DATA_DIRS': '/usr/share/ubuntu:/usr/share/gnome:/usr/local/share/:/usr/share/:/var/lib/snapd/desktop', 'PYTHONPATH': '/opt/ros/jazzy/lib/python3.12/site-packages', 'COLCON': '1', 'MEMORY_PRESSURE_WRITE': 'c29tZSAyMDAwMDAgMjAwMDAwMAA=', 'VTE_VERSION': '7600', 'CMAKE_PREFIX_PATH': '/opt/ros/jazzy/opt/gz_sim_vendor:/opt/ros/jazzy/opt/gz_sensors_vendor:/opt/ros/jazzy/opt/gz_physics_vendor:/opt/ros/jazzy/opt/sdformat_vendor:/opt/ros/jazzy/opt/gz_gui_vendor:/opt/ros/jazzy/opt/gz_transport_vendor:/opt/ros/jazzy/opt/gz_rendering_vendor:/opt/ros/jazzy/opt/gz_plugin_vendor:/opt/ros/jazzy/opt/gz_fuel_tools_vendor:/opt/ros/jazzy/opt/gz_msgs_vendor:/opt/ros/jazzy/opt/gz_common_vendor:/opt/ros/jazzy/opt/gz_math_vendor:/opt/ros/jazzy/opt/gz_utils_vendor:/opt/ros/jazzy/opt/gz_tools_vendor:/opt/ros/jazzy/opt/gz_ogre_next_vendor:/opt/ros/jazzy/opt/gz_dartsim_vendor:/opt/ros/jazzy/opt/gz_cmake_vendor:/opt/ros/jazzy'}), 'shell': False}
[1.787837] (workspace_gz) StdoutLine: {'line': b'-- Install configuration: ""\n'}
[1.788190] (workspace_gz) StdoutLine: {'line': b'-- Execute custom install script\n'}
[1.788390] (workspace_gz) StdoutLine: {'line': b'-- Up-to-date symlink: /home/ngen/yildiz_ws/src/YILDIZ-USV/install/workspace_gz/lib/libWaves.so\n'}
[1.788483] (workspace_gz) StdoutLine: {'line': b'-- Up-to-date symlink: /home/ngen/yildiz_ws/src/YILDIZ-USV/install/workspace_gz/lib/libPolyhedraBuoyancyDrag.so\n'}
[1.788567] (workspace_gz) StdoutLine: {'line': b'-- Up-to-date symlink: /home/ngen/yildiz_ws/src/YILDIZ-USV/install/workspace_gz/lib/libScoringPlugin.so\n'}
[1.788649] (workspace_gz) StdoutLine: {'line': b'-- Up-to-date symlink: /home/ngen/yildiz_ws/src/YILDIZ-USV/install/workspace_gz/lib/libStationkeepingScoringPlugin.so\n'}
[1.788737] (workspace_gz) StdoutLine: {'line': b'-- Up-to-date symlink: /home/ngen/yildiz_ws/src/YILDIZ-USV/install/workspace_gz/lib/libWayfindingScoringPlugin.so\n'}
[1.788823] (workspace_gz) StdoutLine: {'line': b'-- Up-to-date symlink: /home/ngen/yildiz_ws/src/YILDIZ-USV/install/workspace_gz/lib/libAcousticPerceptionScoringPlugin.so\n'}
[1.788913] (workspace_gz) StdoutLine: {'line': b'-- Up-to-date symlink: /home/ngen/yildiz_ws/src/YILDIZ-USV/install/workspace_gz/lib/libAcousticTrackingScoringPlugin.so\n'}
[1.789008] (workspace_gz) StdoutLine: {'line': b'-- Up-to-date symlink: /home/ngen/yildiz_ws/src/YILDIZ-USV/install/workspace_gz/lib/libAcousticPingerPlugin.so\n'}
[1.789106] (workspace_gz) StdoutLine: {'line': b'-- Up-to-date symlink: /home/ngen/yildiz_ws/src/YILDIZ-USV/install/workspace_gz/lib/libBallShooterPlugin.so\n'}
[1.789198] (workspace_gz) StdoutLine: {'line': b'-- Up-to-date symlink: /home/ngen/yildiz_ws/src/YILDIZ-USV/install/workspace_gz/lib/libLightBuoyPlugin.so\n'}
[1.789289] (workspace_gz) StdoutLine: {'line': b'-- Up-to-date symlink: /home/ngen/yildiz_ws/src/YILDIZ-USV/install/workspace_gz/lib/libNavigationScoringPlugin.so\n'}
[1.789372] (workspace_gz) StdoutLine: {'line': b'-- Up-to-date symlink: /home/ngen/yildiz_ws/src/YILDIZ-USV/install/workspace_gz/lib/libGymkhanaScoringPlugin.so\n'}
[1.789494] (workspace_gz) StdoutLine: {'line': b'-- Up-to-date symlink: /home/ngen/yildiz_ws/src/YILDIZ-USV/install/workspace_gz/lib/libPerceptionScoringPlugin.so\n'}
[1.789601] (workspace_gz) StdoutLine: {'line': b'-- Up-to-date symlink: /home/ngen/yildiz_ws/src/YILDIZ-USV/install/workspace_gz/lib/libPlacardPlugin.so\n'}
[1.789691] (workspace_gz) StdoutLine: {'line': b'-- Up-to-date symlink: /home/ngen/yildiz_ws/src/YILDIZ-USV/install/workspace_gz/lib/libPublisherPlugin.so\n'}
[1.789793] (workspace_gz) StdoutLine: {'line': b'-- Up-to-date symlink: /home/ngen/yildiz_ws/src/YILDIZ-USV/install/workspace_gz/lib/libScanDockScoringPlugin.so\n'}
[1.789887] (workspace_gz) StdoutLine: {'line': b'-- Up-to-date symlink: /home/ngen/yildiz_ws/src/YILDIZ-USV/install/workspace_gz/lib/libSimpleHydrodynamics.so\n'}
[1.789962] (workspace_gz) StdoutLine: {'line': b'-- Up-to-date symlink: /home/ngen/yildiz_ws/src/YILDIZ-USV/install/workspace_gz/lib/libSurface.so\n'}
[1.790047] (workspace_gz) StdoutLine: {'line': b'-- Up-to-date symlink: /home/ngen/yildiz_ws/src/YILDIZ-USV/install/workspace_gz/lib/libUSVWind.so\n'}
[1.790142] (workspace_gz) StdoutLine: {'line': b'-- Up-to-date symlink: /home/ngen/yildiz_ws/src/YILDIZ-USV/install/workspace_gz/lib/libWaveVisual.so\n'}
[1.790231] (workspace_gz) StdoutLine: {'line': b'-- Up-to-date symlink: /home/ngen/yildiz_ws/src/YILDIZ-USV/install/workspace_gz/lib/libWildlifeScoringPlugin.so\n'}
[1.790301] (workspace_gz) StdoutLine: {'line': b'-- Up-to-date symlink: /home/ngen/yildiz_ws/src/YILDIZ-USV/install/workspace_gz/share/workspace_gz//description/roboboat/roboboat.xacro\n'}
[1.790388] (workspace_gz) StdoutLine: {'line': b'-- Up-to-date symlink: /home/ngen/yildiz_ws/src/YILDIZ-USV/install/workspace_gz/share/workspace_gz//launch/simulation.launch.py\n'}
[1.791233] (workspace_gz) StdoutLine: {'line': b'-- Up-to-date symlink: /home/ngen/yildiz_ws/src/YILDIZ-USV/install/workspace_gz/share/workspace_gz//models/buoys/marker_buoy_black/materials/textures/MarkerBuoy_Base_Color.png\n'}
[1.791362] (workspace_gz) StdoutLine: {'line': b'-- Up-to-date symlink: /home/ngen/yildiz_ws/src/YILDIZ-USV/install/workspace_gz/share/workspace_gz//models/buoys/marker_buoy_black/materials/textures/MarkerBuoy_Roughness.png\n'}
[1.791468] (workspace_gz) StdoutLine: {'line': b'-- Up-to-date symlink: /home/ngen/yildiz_ws/src/YILDIZ-USV/install/workspace_gz/share/workspace_gz//models/buoys/marker_buoy_black/meshes/marker_buoy.dae\n'}
[1.791582] (workspace_gz) StdoutLine: {'line': b'-- Up-to-date symlink: /home/ngen/yildiz_ws/src/YILDIZ-USV/install/workspace_gz/share/workspace_gz//models/buoys/marker_buoy_black/model.config\n'}
[1.791685] (workspace_gz) StdoutLine: {'line': b'-- Up-to-date symlink: /home/ngen/yildiz_ws/src/YILDIZ-USV/install/workspace_gz/share/workspace_gz//models/buoys/marker_buoy_black/model.sdf\n'}
[1.791779] (workspace_gz) StdoutLine: {'line': b'-- Up-to-date symlink: /home/ngen/yildiz_ws/src/YILDIZ-USV/install/workspace_gz/share/workspace_gz//models/buoys/marker_buoy_green/materials/textures/MarkerBuoy_Base_Color.png\n'}
[1.792021] (workspace_gz) StdoutLine: {'line': b'-- Up-to-date symlink: /home/ngen/yildiz_ws/src/YILDIZ-USV/install/workspace_gz/share/workspace_gz//models/buoys/marker_buoy_green/materials/textures/MarkerBuoy_Roughness.png\n'}
[1.792086] (workspace_gz) StdoutLine: {'line': b'-- Up-to-date symlink: /home/ngen/yildiz_ws/src/YILDIZ-USV/install/workspace_gz/share/workspace_gz//models/buoys/marker_buoy_green/meshes/marker_buoy.dae\n'}
[1.792137] (workspace_gz) StdoutLine: {'line': b'-- Up-to-date symlink: /home/ngen/yildiz_ws/src/YILDIZ-USV/install/workspace_gz/share/workspace_gz//models/buoys/marker_buoy_green/model.config\n'}
[1.792189] (workspace_gz) StdoutLine: {'line': b'-- Up-to-date symlink: /home/ngen/yildiz_ws/src/YILDIZ-USV/install/workspace_gz/share/workspace_gz//models/buoys/marker_buoy_green/model.sdf\n'}
[1.792236] (workspace_gz) StdoutLine: {'line': b'-- Up-to-date symlink: /home/ngen/yildiz_ws/src/YILDIZ-USV/install/workspace_gz/share/workspace_gz//models/buoys/marker_buoy_orange/materials/textures/MarkerBuoy_Base_Color.png\n'}
[1.792283] (workspace_gz) StdoutLine: {'line': b'-- Up-to-date symlink: /home/ngen/yildiz_ws/src/YILDIZ-USV/install/workspace_gz/share/workspace_gz//models/buoys/marker_buoy_orange/materials/textures/MarkerBuoy_Roughness.png\n'}
[1.792351] (workspace_gz) StdoutLine: {'line': b'-- Up-to-date symlink: /home/ngen/yildiz_ws/src/YILDIZ-USV/install/workspace_gz/share/workspace_gz//models/buoys/marker_buoy_orange/meshes/marker_buoy.dae\n'}
[1.792438] (workspace_gz) StdoutLine: {'line': b'-- Up-to-date symlink: /home/ngen/yildiz_ws/src/YILDIZ-USV/install/workspace_gz/share/workspace_gz//models/buoys/marker_buoy_orange/model.config\n'}
[1.792480] (workspace_gz) StdoutLine: {'line': b'-- Up-to-date symlink: /home/ngen/yildiz_ws/src/YILDIZ-USV/install/workspace_gz/share/workspace_gz//models/buoys/marker_buoy_orange/model.sdf\n'}
[1.792516] (workspace_gz) StdoutLine: {'line': b'-- Up-to-date symlink: /home/ngen/yildiz_ws/src/YILDIZ-USV/install/workspace_gz/share/workspace_gz//models/buoys/marker_buoy_red/materials/textures/MarkerBuoy_Base_Color.png\n'}
[1.792557] (workspace_gz) StdoutLine: {'line': b'-- Up-to-date symlink: /home/ngen/yildiz_ws/src/YILDIZ-USV/install/workspace_gz/share/workspace_gz//models/buoys/marker_buoy_red/materials/textures/MarkerBuoy_Roughness.png\n'}
[1.792619] (workspace_gz) StdoutLine: {'line': b'-- Up-to-date symlink: /home/ngen/yildiz_ws/src/YILDIZ-USV/install/workspace_gz/share/workspace_gz//models/buoys/marker_buoy_red/meshes/marker_buoy.dae\n'}
[1.792656] (workspace_gz) StdoutLine: {'line': b'-- Up-to-date symlink: /home/ngen/yildiz_ws/src/YILDIZ-USV/install/workspace_gz/share/workspace_gz//models/buoys/marker_buoy_red/model.config\n'}
[1.792695] (workspace_gz) StdoutLine: {'line': b'-- Up-to-date symlink: /home/ngen/yildiz_ws/src/YILDIZ-USV/install/workspace_gz/share/workspace_gz//models/buoys/marker_buoy_red/model.sdf\n'}
[1.792730] (workspace_gz) StdoutLine: {'line': b'-- Up-to-date symlink: /home/ngen/yildiz_ws/src/YILDIZ-USV/install/workspace_gz/share/workspace_gz//models/buoys/marker_buoy_yellow/materials/textures/MarkerBuoy_Base_Color.png\n'}
[1.792767] (workspace_gz) StdoutLine: {'line': b'-- Up-to-date symlink: /home/ngen/yildiz_ws/src/YILDIZ-USV/install/workspace_gz/share/workspace_gz//models/buoys/marker_buoy_yellow/materials/textures/MarkerBuoy_Roughness.png\n'}
[1.792826] (workspace_gz) StdoutLine: {'line': b'-- Up-to-date symlink: /home/ngen/yildiz_ws/src/YILDIZ-USV/install/workspace_gz/share/workspace_gz//models/buoys/marker_buoy_yellow/meshes/marker_buoy.dae\n'}
[1.792903] (workspace_gz) StdoutLine: {'line': b'-- Up-to-date symlink: /home/ngen/yildiz_ws/src/YILDIZ-USV/install/workspace_gz/share/workspace_gz//models/buoys/marker_buoy_yellow/model.config\n'}
[1.792946] (workspace_gz) StdoutLine: {'line': b'-- Up-to-date symlink: /home/ngen/yildiz_ws/src/YILDIZ-USV/install/workspace_gz/share/workspace_gz//models/buoys/marker_buoy_yellow/model.sdf\n'}
[1.792986] (workspace_gz) StdoutLine: {'line': b'-- Up-to-date symlink: /home/ngen/yildiz_ws/src/YILDIZ-USV/install/workspace_gz/share/workspace_gz//models/buoys/round_buoy_orange/materials/textures/RoundBarrierBuoy_Base_Color.png\n'}
[1.793053] (workspace_gz) StdoutLine: {'line': b'-- Up-to-date symlink: /home/ngen/yildiz_ws/src/YILDIZ-USV/install/workspace_gz/share/workspace_gz//models/buoys/round_buoy_orange/materials/textures/RoundBarrierBuoy_Roughness.png\n'}
[1.793108] (workspace_gz) StdoutLine: {'line': b'-- Up-to-date symlink: /home/ngen/yildiz_ws/src/YILDIZ-USV/install/workspace_gz/share/workspace_gz//models/buoys/round_buoy_orange/meshes/round_buoy.dae\n'}
[1.793153] (workspace_gz) StdoutLine: {'line': b'-- Up-to-date symlink: /home/ngen/yildiz_ws/src/YILDIZ-USV/install/workspace_gz/share/workspace_gz//models/buoys/round_buoy_orange/model.config\n'}
[1.793227] (workspace_gz) StdoutLine: {'line': b'-- Up-to-date symlink: /home/ngen/yildiz_ws/src/YILDIZ-USV/install/workspace_gz/share/workspace_gz//models/buoys/round_buoy_orange/model.sdf\n'}
[1.793266] (workspace_gz) StdoutLine: {'line': b'-- Up-to-date symlink: /home/ngen/yildiz_ws/src/YILDIZ-USV/install/workspace_gz/share/workspace_gz//models/roboboat/materials/textures/roboboat_albedo.png\n'}
[1.793318] (workspace_gz) StdoutLine: {'line': b'-- Up-to-date symlink: /home/ngen/yildiz_ws/src/YILDIZ-USV/install/workspace_gz/share/workspace_gz//models/roboboat/materials/textures/roboboat_metalness.png\n'}
[1.793374] (workspace_gz) StdoutLine: {'line': b'-- Up-to-date symlink: /home/ngen/yildiz_ws/src/YILDIZ-USV/install/workspace_gz/share/workspace_gz//models/roboboat/materials/textures/roboboat_normal.png\n'}
[1.793414] (workspace_gz) StdoutLine: {'line': b'-- Up-to-date symlink: /home/ngen/yildiz_ws/src/YILDIZ-USV/install/workspace_gz/share/workspace_gz//models/roboboat/materials/textures/roboboat_roughness.png\n'}
[1.793452] (workspace_gz) StdoutLine: {'line': b'-- Up-to-date symlink: /home/ngen/yildiz_ws/src/YILDIZ-USV/install/workspace_gz/share/workspace_gz//models/roboboat/materials/textures/thruster_albedo.png\n'}
[1.793497] (workspace_gz) StdoutLine: {'line': b'-- Up-to-date symlink: /home/ngen/yildiz_ws/src/YILDIZ-USV/install/workspace_gz/share/workspace_gz//models/roboboat/materials/textures/thruster_roughness.png\n'}
[1.793546] (workspace_gz) StdoutLine: {'line': b'-- Up-to-date symlink: /home/ngen/yildiz_ws/src/YILDIZ-USV/install/workspace_gz/share/workspace_gz//models/roboboat/meshes/housing.dae\n'}
[1.793583] (workspace_gz) StdoutLine: {'line': b'-- Up-to-date symlink: /home/ngen/yildiz_ws/src/YILDIZ-USV/install/workspace_gz/share/workspace_gz//models/roboboat/meshes/mount.dae\n'}
[1.793630] (workspace_gz) StdoutLine: {'line': b'-- Up-to-date symlink: /home/ngen/yildiz_ws/src/YILDIZ-USV/install/workspace_gz/share/workspace_gz//models/roboboat/meshes/prop.dae\n'}
[1.793682] (workspace_gz) StdoutLine: {'line': b'-- Up-to-date symlink: /home/ngen/yildiz_ws/src/YILDIZ-USV/install/workspace_gz/share/workspace_gz//models/roboboat/meshes/roboboat.dae\n'}
[1.793718] (workspace_gz) StdoutLine: {'line': b'-- Up-to-date symlink: /home/ngen/yildiz_ws/src/YILDIZ-USV/install/workspace_gz/share/workspace_gz//models/roboboat/sensors/camera/materials/textures/camera.png\n'}
[1.793764] (workspace_gz) StdoutLine: {'line': b'-- Up-to-date symlink: /home/ngen/yildiz_ws/src/YILDIZ-USV/install/workspace_gz/share/workspace_gz//models/roboboat/sensors/camera/materials/textures/camera_albedo.png\n'}
[1.793813] (workspace_gz) StdoutLine: {'line': b'-- Up-to-date symlink: /home/ngen/yildiz_ws/src/YILDIZ-USV/install/workspace_gz/share/workspace_gz//models/roboboat/sensors/camera/materials/textures/camera_metalness.png\n'}
[1.793858] (workspace_gz) StdoutLine: {'line': b'-- Up-to-date symlink: /home/ngen/yildiz_ws/src/YILDIZ-USV/install/workspace_gz/share/workspace_gz//models/roboboat/sensors/camera/materials/textures/camera_normal.png\n'}
[1.793915] (workspace_gz) StdoutLine: {'line': b'-- Up-to-date symlink: /home/ngen/yildiz_ws/src/YILDIZ-USV/install/workspace_gz/share/workspace_gz//models/roboboat/sensors/camera/materials/textures/camera_roughness.png\n'}
[1.793976] (workspace_gz) StdoutLine: {'line': b'-- Up-to-date symlink: /home/ngen/yildiz_ws/src/YILDIZ-USV/install/workspace_gz/share/workspace_gz//models/roboboat/sensors/camera/meshes/camera.dae\n'}
[1.794039] (workspace_gz) StdoutLine: {'line': b'-- Up-to-date symlink: /home/ngen/yildiz_ws/src/YILDIZ-USV/install/workspace_gz/share/workspace_gz//models/roboboat/sensors/camera/meshes/camera_albedo.png\n'}
[1.794106] (workspace_gz) StdoutLine: {'line': b'-- Up-to-date symlink: /home/ngen/yildiz_ws/src/YILDIZ-USV/install/workspace_gz/share/workspace_gz//models/roboboat/sensors/camera_post/materials/textures/post_albedo.png\n'}
[1.794165] (workspace_gz) StdoutLine: {'line': b'-- Up-to-date symlink: /home/ngen/yildiz_ws/src/YILDIZ-USV/install/workspace_gz/share/workspace_gz//models/roboboat/sensors/camera_post/meshes/post.dae\n'}
[1.794223] (workspace_gz) StdoutLine: {'line': b'-- Up-to-date symlink: /home/ngen/yildiz_ws/src/YILDIZ-USV/install/workspace_gz/share/workspace_gz//models/roboboat/sensors/camera_post/meshes/post_albedo.jpg\n'}
[1.794284] (workspace_gz) StdoutLine: {'line': b'-- Up-to-date symlink: /home/ngen/yildiz_ws/src/YILDIZ-USV/install/workspace_gz/share/workspace_gz//models/roboboat/sensors/drybox/materials/textures/drybox_albedo.png\n'}
[1.794342] (workspace_gz) StdoutLine: {'line': b'-- Up-to-date symlink: /home/ngen/yildiz_ws/src/YILDIZ-USV/install/workspace_gz/share/workspace_gz//models/roboboat/sensors/drybox/materials/textures/drybox_roughness.png\n'}
[1.794397] (workspace_gz) StdoutLine: {'line': b'-- Up-to-date symlink: /home/ngen/yildiz_ws/src/YILDIZ-USV/install/workspace_gz/share/workspace_gz//models/roboboat/sensors/drybox/meshes/drybox.dae\n'}
[1.794453] (workspace_gz) StdoutLine: {'line': b'-- Up-to-date symlink: /home/ngen/yildiz_ws/src/YILDIZ-USV/install/workspace_gz/share/workspace_gz//models/roboboat/sensors/gps/materials/textures/gps_albedo.png\n'}
[1.794513] (workspace_gz) StdoutLine: {'line': b'-- Up-to-date symlink: /home/ngen/yildiz_ws/src/YILDIZ-USV/install/workspace_gz/share/workspace_gz//models/roboboat/sensors/gps/meshes/gps.dae\n'}
[1.794564] (workspace_gz) StdoutLine: {'line': b'-- Up-to-date symlink: /home/ngen/yildiz_ws/src/YILDIZ-USV/install/workspace_gz/share/workspace_gz//models/roboboat/sensors/gps/meshes/gps_albedo.png\n'}
[1.794617] (workspace_gz) StdoutLine: {'line': b'-- Up-to-date symlink: /home/ngen/yildiz_ws/src/YILDIZ-USV/install/workspace_gz/share/workspace_gz//models/roboboat/sensors/lidar/materials/textures/lidar.png\n'}
[1.794673] (workspace_gz) StdoutLine: {'line': b'-- Up-to-date symlink: /home/ngen/yildiz_ws/src/YILDIZ-USV/install/workspace_gz/share/workspace_gz//models/roboboat/sensors/lidar/materials/textures/lidar_albedo.png\n'}
[1.794728] (workspace_gz) StdoutLine: {'line': b'-- Up-to-date symlink: /home/ngen/yildiz_ws/src/YILDIZ-USV/install/workspace_gz/share/workspace_gz//models/roboboat/sensors/lidar/materials/textures/lidar_metalness.png\n'}
[1.794785] (workspace_gz) StdoutLine: {'line': b'-- Up-to-date symlink: /home/ngen/yildiz_ws/src/YILDIZ-USV/install/workspace_gz/share/workspace_gz//models/roboboat/sensors/lidar/materials/textures/lidar_normal.png\n'}
[1.794844] (workspace_gz) StdoutLine: {'line': b'-- Up-to-date symlink: /home/ngen/yildiz_ws/src/YILDIZ-USV/install/workspace_gz/share/workspace_gz//models/roboboat/sensors/lidar/materials/textures/lidar_roughness.png\n'}
[1.794925] (workspace_gz) StdoutLine: {'line': b'-- Up-to-date symlink: /home/ngen/yildiz_ws/src/YILDIZ-USV/install/workspace_gz/share/workspace_gz//models/roboboat/sensors/lidar/meshes/lidar.dae\n'}
[1.794986] (workspace_gz) StdoutLine: {'line': b'-- Up-to-date symlink: /home/ngen/yildiz_ws/src/YILDIZ-USV/install/workspace_gz/share/workspace_gz//models/roboboat/sensors/lidar/meshes/lidar_albedo.png\n'}
[1.795052] (workspace_gz) StdoutLine: {'line': b'-- Up-to-date symlink: /home/ngen/yildiz_ws/src/YILDIZ-USV/install/workspace_gz/share/workspace_gz//models/roboboat/sensors/lidar_post/materials/textures/post_albedo.png\n'}
[1.795116] (workspace_gz) StdoutLine: {'line': b'-- Up-to-date symlink: /home/ngen/yildiz_ws/src/YILDIZ-USV/install/workspace_gz/share/workspace_gz//models/roboboat/sensors/lidar_post/meshes/post.dae\n'}
[1.795177] (workspace_gz) StdoutLine: {'line': b'-- Up-to-date symlink: /home/ngen/yildiz_ws/src/YILDIZ-USV/install/workspace_gz/share/workspace_gz//models/roboboat/sensors/lidar_post/meshes/post_albedo.jpg\n'}
[1.795235] (workspace_gz) StdoutLine: {'line': b'-- Up-to-date symlink: /home/ngen/yildiz_ws/src/YILDIZ-USV/install/workspace_gz/share/workspace_gz//models/waves/materials/programs/GerstnerWaves_fs_330.glsl\n'}
[1.795291] (workspace_gz) StdoutLine: {'line': b'-- Up-to-date symlink: /home/ngen/yildiz_ws/src/YILDIZ-USV/install/workspace_gz/share/workspace_gz//models/waves/materials/programs/GerstnerWaves_vs_330.glsl\n'}
[1.795343] (workspace_gz) StdoutLine: {'line': b'-- Up-to-date symlink: /home/ngen/yildiz_ws/src/YILDIZ-USV/install/workspace_gz/share/workspace_gz//models/waves/materials/textures/skybox_lowres.dds\n'}
[1.795395] (workspace_gz) StdoutLine: {'line': b'-- Up-to-date symlink: /home/ngen/yildiz_ws/src/YILDIZ-USV/install/workspace_gz/share/workspace_gz//models/waves/materials/textures/wave_normals.dds\n'}
[1.795447] (workspace_gz) StdoutLine: {'line': b'-- Up-to-date symlink: /home/ngen/yildiz_ws/src/YILDIZ-USV/install/workspace_gz/share/workspace_gz//models/waves/meshes/waterlow.dae\n'}
[1.795498] (workspace_gz) StdoutLine: {'line': b'-- Up-to-date symlink: /home/ngen/yildiz_ws/src/YILDIZ-USV/install/workspace_gz/share/workspace_gz//models/waves/model.config\n'}
[1.795547] (workspace_gz) StdoutLine: {'line': b'-- Up-to-date symlink: /home/ngen/yildiz_ws/src/YILDIZ-USV/install/workspace_gz/share/workspace_gz//models/waves/model.sdf\n'}
[1.795671] (workspace_gz) StdoutLine: {'line': b'-- Up-to-date symlink: /home/ngen/yildiz_ws/src/YILDIZ-USV/install/workspace_gz/share/workspace_gz//worlds/world.sdf\n'}
[1.795777] (workspace_gz) StdoutLine: {'line': b'-- Up-to-date symlink: /home/ngen/yildiz_ws/src/YILDIZ-USV/install/workspace_gz/share/workspace_gz/environment/library_path.sh\n'}
[1.795866] (workspace_gz) StdoutLine: {'line': b'-- Up-to-date symlink: /home/ngen/yildiz_ws/src/YILDIZ-USV/install/workspace_gz/share/workspace_gz/environment/library_path.dsv\n'}
[1.795962] (workspace_gz) StdoutLine: {'line': b'-- Up-to-date symlink: /home/ngen/yildiz_ws/src/YILDIZ-USV/install/workspace_gz/share/ament_index/resource_index/package_run_dependencies/workspace_gz\n'}
[1.796059] (workspace_gz) StdoutLine: {'line': b'-- Up-to-date symlink: /home/ngen/yildiz_ws/src/YILDIZ-USV/install/workspace_gz/share/ament_index/resource_index/parent_prefix_path/workspace_gz\n'}
[1.796143] (workspace_gz) StdoutLine: {'line': b'-- Up-to-date symlink: /home/ngen/yildiz_ws/src/YILDIZ-USV/install/workspace_gz/share/workspace_gz/environment/ament_prefix_path.sh\n'}
[1.796226] (workspace_gz) StdoutLine: {'line': b'-- Up-to-date symlink: /home/ngen/yildiz_ws/src/YILDIZ-USV/install/workspace_gz/share/workspace_gz/environment/ament_prefix_path.dsv\n'}
[1.796306] (workspace_gz) StdoutLine: {'line': b'-- Up-to-date symlink: /home/ngen/yildiz_ws/src/YILDIZ-USV/install/workspace_gz/share/workspace_gz/environment/path.sh\n'}
[1.796383] (workspace_gz) StdoutLine: {'line': b'-- Up-to-date symlink: /home/ngen/yildiz_ws/src/YILDIZ-USV/install/workspace_gz/share/workspace_gz/environment/path.dsv\n'}
[1.796460] (workspace_gz) StdoutLine: {'line': b'-- Up-to-date symlink: /home/ngen/yildiz_ws/src/YILDIZ-USV/install/workspace_gz/share/workspace_gz/local_setup.bash\n'}
[1.796538] (workspace_gz) StdoutLine: {'line': b'-- Up-to-date symlink: /home/ngen/yildiz_ws/src/YILDIZ-USV/install/workspace_gz/share/workspace_gz/local_setup.sh\n'}
[1.796615] (workspace_gz) StdoutLine: {'line': b'-- Up-to-date symlink: /home/ngen/yildiz_ws/src/YILDIZ-USV/install/workspace_gz/share/workspace_gz/local_setup.zsh\n'}
[1.796695] (workspace_gz) StdoutLine: {'line': b'-- Up-to-date symlink: /home/ngen/yildiz_ws/src/YILDIZ-USV/install/workspace_gz/share/workspace_gz/local_setup.dsv\n'}
[1.796749] (workspace_gz) StdoutLine: {'line': b'-- Symlinking: /home/ngen/yildiz_ws/src/YILDIZ-USV/install/workspace_gz/share/workspace_gz/package.dsv\n'}
[1.802337] (-) TimerEvent: {}
[1.805080] (workspace_gz) StdoutLine: {'line': b'-- Up-to-date symlink: /home/ngen/yildiz_ws/src/YILDIZ-USV/install/workspace_gz/share/ament_index/resource_index/packages/workspace_gz\n'}
[1.805219] (workspace_gz) StdoutLine: {'line': b'-- Up-to-date symlink: /home/ngen/yildiz_ws/src/YILDIZ-USV/install/workspace_gz/share/workspace_gz/cmake/ament_cmake_export_libraries-extras.cmake\n'}
[1.805275] (workspace_gz) StdoutLine: {'line': b'-- Up-to-date symlink: /home/ngen/yildiz_ws/src/YILDIZ-USV/install/workspace_gz/share/workspace_gz/cmake/ament_cmake_export_dependencies-extras.cmake\n'}
[1.805333] (workspace_gz) StdoutLine: {'line': b'-- Up-to-date symlink: /home/ngen/yildiz_ws/src/YILDIZ-USV/install/workspace_gz/share/workspace_gz/cmake/workspace_gzConfig.cmake\n'}
[1.805381] (workspace_gz) StdoutLine: {'line': b'-- Up-to-date symlink: /home/ngen/yildiz_ws/src/YILDIZ-USV/install/workspace_gz/share/workspace_gz/cmake/workspace_gzConfig-version.cmake\n'}
[1.805423] (workspace_gz) StdoutLine: {'line': b'-- Up-to-date symlink: /home/ngen/yildiz_ws/src/YILDIZ-USV/install/workspace_gz/share/workspace_gz/package.xml\n'}
[1.806794] (workspace_gz) CommandEnded: {'returncode': 0}
[1.818599] (workspace_gz) JobEnded: {'identifier': 'workspace_gz', 'rc': 0}
[1.819682] (-) EventReactorShutdown: {}
