[0.000000] (-) TimerEvent: {}
[0.000352] (-) JobUnselected: {'identifier': 'workspace_nav'}
[0.000469] (-) JobUnselected: {'identifier': 'workspace_ros'}
[0.000490] (workspace_gz) JobQueued: {'identifier': 'workspace_gz', 'dependencies': OrderedDict()}
[0.000509] (workspace_gz) JobStarted: {'identifier': 'workspace_gz'}
[0.007920] (workspace_gz) JobProgress: {'identifier': 'workspace_gz', 'progress': 'cmake'}
[0.008358] (workspace_gz) Command: {'cmd': ['/usr/bin/cmake', '/home/aliomacc/sti_usv/src/usv_sim/workspace_gz', '-DAMENT_CMAKE_SYMLINK_INSTALL=1', '-DCMAKE_INSTALL_PREFIX=/home/aliomacc/sti_usv/install/workspace_gz'], 'cwd': '/home/aliomacc/sti_usv/build/workspace_gz', 'env': OrderedDict([('GJS_DEBUG_TOPICS', 'JS ERROR;JS LOG'), ('LESSOPEN', '| /usr/bin/lesspipe %s'), ('USER', 'aliomacc'), ('XDG_SESSION_TYPE', 'x11'), ('SHLVL', '1'), ('LD_LIBRARY_PATH', '/home/aliomacc/ros2_ws/install/my_robot_interfaces/lib:/opt/ros/humble/opt/rviz_ogre_vendor/lib:/opt/ros/humble/lib/x86_64-linux-gnu:/opt/ros/humble/lib'), ('HOME', '/home/aliomacc'), ('OLDPWD', '/home/aliomacc/sti_usv'), ('DESKTOP_SESSION', 'ubuntu-xorg'), ('GIO_LAUNCHED_DESKTOP_FILE', '/usr/share/applications/terminator.desktop'), ('ROS_PYTHON_VERSION', '3'), ('GNOME_SHELL_SESSION_MODE', 'ubuntu'), ('GTK_MODULES', 'gail:atk-bridge'), ('MANAGERPID', '1119'), ('SYSTEMD_EXEC_PID', '1535'), ('DBUS_SESSION_BUS_ADDRESS', 'unix:path=/run/user/1000/bus'), ('COLORTERM', 'truecolor'), ('TERMINATOR_DBUS_NAME', 'net.tenshu.Terminator21a9d5db22c73a993ff0b42f64b396873'), ('GIO_LAUNCHED_DESKTOP_FILE_PID', '3448'), ('COLCON_PREFIX_PATH', '/home/aliomacc/sti_usv/install:/home/aliomacc/turtlebot3_ws/install:/home/aliomacc/ros2_ws/install'), ('ROS_DISTRO', 'humble'), ('GTK_IM_MODULE', 'ibus'), ('LOGNAME', 'aliomacc'), ('JOURNAL_STREAM', '8:12878'), ('_', '/usr/bin/colcon'), ('ROS_VERSION', '2'), ('XDG_SESSION_CLASS', 'user'), ('USERNAME', 'aliomacc'), ('TERM', 'xterm-256color'), ('GNOME_DESKTOP_SESSION_ID', 'this-is-deprecated'), ('ROS_LOCALHOST_ONLY', '0'), ('WINDOWPATH', '2'), ('PATH', '/home/aliomacc/.local/bin:/opt/ros/humble/bin:/home/aliomacc/.local/bin:/usr/local/sbin:/usr/local/bin:/usr/sbin:/usr/bin:/sbin:/bin:/usr/games:/usr/local/games:/snap/bin:/snap/bin'), ('SESSION_MANAGER', 'local/aliomacc-Nitro-AN515-55:@/tmp/.ICE-unix/1477,unix/aliomacc-Nitro-AN515-55:/tmp/.ICE-unix/1477'), ('INVOCATION_ID', '8bb2c71350dd440785a65a077b4f78af'), ('XDG_MENU_PREFIX', 'gnome-'), ('XDG_RUNTIME_DIR', '/run/user/1000'), ('DISPLAY', ':0'), ('TERMINATOR_DBUS_PATH', '/net/tenshu/Terminator2'), ('LANG', 'tr_TR.UTF-8'), ('XDG_CURRENT_DESKTOP', 'ubuntu:GNOME'), ('IBUS_DISABLE_SNOOPER', '1'), ('XMODIFIERS', '@im=ibus'), ('XDG_SESSION_DESKTOP', 'ubuntu-xorg'), ('XAUTHORITY', '/run/user/1000/gdm/Xauthority'), ('LS_COLORS', 'rs=0:di=01;34:ln=01;36:mh=00:pi=40;33:so=01;35:do=01;35:bd=40;33;01:cd=40;33;01:or=40;31;01:mi=00:su=37;41:sg=30;43:ca=30;41:tw=30;42:ow=34;42:st=37;44:ex=01;32:*.tar=01;31:*.tgz=01;31:*.arc=01;31:*.arj=01;31:*.taz=01;31:*.lha=01;31:*.lz4=01;31:*.lzh=01;31:*.lzma=01;31:*.tlz=01;31:*.txz=01;31:*.tzo=01;31:*.t7z=01;31:*.zip=01;31:*.z=01;31:*.dz=01;31:*.gz=01;31:*.lrz=01;31:*.lz=01;31:*.lzo=01;31:*.xz=01;31:*.zst=01;31:*.tzst=01;31:*.bz2=01;31:*.bz=01;31:*.tbz=01;31:*.tbz2=01;31:*.tz=01;31:*.deb=01;31:*.rpm=01;31:*.jar=01;31:*.war=01;31:*.ear=01;31:*.sar=01;31:*.rar=01;31:*.alz=01;31:*.ace=01;31:*.zoo=01;31:*.cpio=01;31:*.7z=01;31:*.rz=01;31:*.cab=01;31:*.wim=01;31:*.swm=01;31:*.dwm=01;31:*.esd=01;31:*.jpg=01;35:*.jpeg=01;35:*.mjpg=01;35:*.mjpeg=01;35:*.gif=01;35:*.bmp=01;35:*.pbm=01;35:*.pgm=01;35:*.ppm=01;35:*.tga=01;35:*.xbm=01;35:*.xpm=01;35:*.tif=01;35:*.tiff=01;35:*.png=01;35:*.svg=01;35:*.svgz=01;35:*.mng=01;35:*.pcx=01;35:*.mov=01;35:*.mpg=01;35:*.mpeg=01;35:*.m2v=01;35:*.mkv=01;35:*.webm=01;35:*.webp=01;35:*.ogm=01;35:*.mp4=01;35:*.m4v=01;35:*.mp4v=01;35:*.vob=01;35:*.qt=01;35:*.nuv=01;35:*.wmv=01;35:*.asf=01;35:*.rm=01;35:*.rmvb=01;35:*.flc=01;35:*.avi=01;35:*.fli=01;35:*.flv=01;35:*.gl=01;35:*.dl=01;35:*.xcf=01;35:*.xwd=01;35:*.yuv=01;35:*.cgm=01;35:*.emf=01;35:*.ogv=01;35:*.ogx=01;35:*.aac=00;36:*.au=00;36:*.flac=00;36:*.m4a=00;36:*.mid=00;36:*.midi=00;36:*.mka=00;36:*.mp3=00;36:*.mpc=00;36:*.ogg=00;36:*.ra=00;36:*.wav=00;36:*.oga=00;36:*.opus=00;36:*.spx=00;36:*.xspf=00;36:'), ('SSH_AGENT_LAUNCHER', 'gnome-keyring'), ('SSH_AUTH_SOCK', '/run/user/1000/keyring/ssh'), ('AMENT_PREFIX_PATH', '/home/aliomacc/turtlebot3_ws/install/turtlebot3_simulations:/home/aliomacc/turtlebot3_ws/install/turtlebot3_manipulation_gazebo:/home/aliomacc/turtlebot3_ws/install/turtlebot3_gazebo:/home/aliomacc/turtlebot3_ws/install/turtlebot3_fake_node:/home/aliomacc/ros2_ws/install/actions_py:/home/aliomacc/ros2_ws/install/my_robot_interfaces:/home/aliomacc/ros2_ws/install/my_robot_description:/home/aliomacc/ros2_ws/install/my_robot_bringup:/home/aliomacc/ros2_ws/install/lifecycle_py:/home/aliomacc/ros2_ws/install/lifecycle_cpp:/opt/ros/humble'), ('SHELL', '/bin/bash'), ('TERMINATOR_UUID', 'urn:uuid:32fde568-3ee8-49c9-8756-c8696b50bded'), ('QT_ACCESSIBILITY', '1'), ('GDMSESSION', 'ubuntu-xorg'), ('LESSCLOSE', '/usr/bin/lesspipe %s %s'), ('GPG_AGENT_INFO', '/run/user/1000/gnupg/S.gpg-agent:0:1'), ('GJS_DEBUG_OUTPUT', 'stderr'), ('QT_IM_MODULE', 'ibus'), ('PWD', '/home/aliomacc/sti_usv/build/workspace_gz'), ('TURTLEBOT3_MODEL', 'waffle'), ('XDG_CONFIG_DIRS', '/etc/xdg/xdg-ubuntu-xorg:/etc/xdg'), ('XDG_DATA_DIRS', '/usr/share/ubuntu-xorg:/usr/share/gnome:/home/aliomacc/.local/share/flatpak/exports/share:/var/lib/flatpak/exports/share:/usr/local/share/:/usr/share/:/var/lib/snapd/desktop'), ('PYTHONPATH', '/home/aliomacc/ros2_ws/install/actions_py/lib/python3.10/site-packages:/home/aliomacc/ros2_ws/install/my_robot_interfaces/local/lib/python3.10/dist-packages:/home/aliomacc/ros2_ws/install/lifecycle_py/lib/python3.10/site-packages:/opt/ros/humble/lib/python3.10/site-packages:/opt/ros/humble/local/lib/python3.10/dist-packages'), ('COLCON', '1'), ('VTE_VERSION', '6800'), ('CMAKE_PREFIX_PATH', '/home/aliomacc/turtlebot3_ws/install/turtlebot3_simulations:/home/aliomacc/turtlebot3_ws/install/turtlebot3_manipulation_gazebo:/home/aliomacc/turtlebot3_ws/install/turtlebot3_gazebo:/home/aliomacc/turtlebot3_ws/install/turtlebot3_fake_node:/home/aliomacc/ros2_ws/install/my_robot_interfaces:/home/aliomacc/ros2_ws/install/my_robot_description:/home/aliomacc/ros2_ws/install/my_robot_bringup:/home/aliomacc/ros2_ws/install/lifecycle_cpp:/home/aliomacc/ros2_ws/install/actions_py:/home/aliomacc/ros2_ws/install/lifecycle_py:/opt/ros/humble')]), 'shell': False}
[0.063966] (workspace_gz) StdoutLine: {'line': b'-- The C compiler identification is GNU 11.4.0\n'}
[0.099714] (-) TimerEvent: {}
[0.129982] (workspace_gz) StdoutLine: {'line': b'-- The CXX compiler identification is GNU 11.4.0\n'}
[0.138066] (workspace_gz) StdoutLine: {'line': b'-- Detecting C compiler ABI info\n'}
[0.197577] (workspace_gz) StdoutLine: {'line': b'-- Detecting C compiler ABI info - done\n'}
[0.199781] (-) TimerEvent: {}
[0.205301] (workspace_gz) StdoutLine: {'line': b'-- Check for working C compiler: /usr/bin/cc - skipped\n'}
[0.205593] (workspace_gz) StdoutLine: {'line': b'-- Detecting C compile features\n'}
[0.205949] (workspace_gz) StdoutLine: {'line': b'-- Detecting C compile features - done\n'}
[0.208880] (workspace_gz) StdoutLine: {'line': b'-- Detecting CXX compiler ABI info\n'}
[0.275898] (workspace_gz) StdoutLine: {'line': b'-- Detecting CXX compiler ABI info - done\n'}
[0.284192] (workspace_gz) StdoutLine: {'line': b'-- Check for working CXX compiler: /usr/bin/c++ - skipped\n'}
[0.284605] (workspace_gz) StdoutLine: {'line': b'-- Detecting CXX compile features\n'}
[0.284992] (workspace_gz) StdoutLine: {'line': b'-- Detecting CXX compile features - done\n'}
[0.287979] (workspace_gz) StdoutLine: {'line': b'-- Found ament_cmake: 1.3.12 (/opt/ros/humble/share/ament_cmake/cmake)\n'}
[0.299860] (-) TimerEvent: {}
[0.400097] (-) TimerEvent: {}
[0.431608] (workspace_gz) StdoutLine: {'line': b'-- Found Python3: /usr/bin/python3 (found version "3.10.12") found components: Interpreter \n'}
[0.490557] (workspace_gz) StdoutLine: {'line': b'-- Override CMake install command with custom implementation using symlinks instead of copying resources\n'}
[0.500208] (-) TimerEvent: {}
[0.525150] (workspace_gz) StdoutLine: {'line': b'-- Looking for ignition-gazebo6 -- found version 6.17.1\n'}
[0.531439] (workspace_gz) StdoutLine: {'line': b'-- Searching for dependencies of ignition-gazebo6\n'}
[0.533921] (workspace_gz) StdoutLine: {'line': b'-- Looking for sdformat12 -- found version 12.9.0\n'}
[0.534207] (workspace_gz) StdoutLine: {'line': b'-- Searching for dependencies of sdformat12\n'}
[0.538600] (workspace_gz) StdoutLine: {'line': b"-- Checking for module 'tinyxml2'\n"}
[0.547337] (workspace_gz) StdoutLine: {'line': b'--   Found tinyxml2, version 9.0.0\n'}
[0.573350] (workspace_gz) StdoutLine: {'line': b'-- Looking for ignition-math6 -- found version 6.15.1\n'}
[0.573756] (workspace_gz) StdoutLine: {'line': b'-- Searching for dependencies of ignition-math6\n'}
[0.576669] (workspace_gz) StdoutLine: {'line': b'-- Looking for ignition-utils1 -- found version 1.5.1\n'}
[0.577017] (workspace_gz) StdoutLine: {'line': b'-- Searching for dependencies of ignition-utils1\n'}
[0.580534] (workspace_gz) StdoutLine: {'line': b'-- Looking for ignition-plugin1 -- found version 1.4.0\n'}
[0.580907] (workspace_gz) StdoutLine: {'line': b'-- Searching for dependencies of ignition-plugin1\n'}
[0.581291] (workspace_gz) StdoutLine: {'line': b'-- Searching for <ignition-plugin1> component [loader]\n'}
[0.583715] (workspace_gz) StdoutLine: {'line': b'-- Looking for ignition-plugin1-loader -- found version 1.4.0\n'}
[0.584106] (workspace_gz) StdoutLine: {'line': b'-- Searching for dependencies of ignition-plugin1-loader\n'}
[0.584500] (workspace_gz) StdoutLine: {'line': b'-- Searching for <ignition-plugin1> component [register]\n'}
[0.586960] (workspace_gz) StdoutLine: {'line': b'-- Looking for ignition-plugin1-register -- found version 1.4.0\n'}
[0.587277] (workspace_gz) StdoutLine: {'line': b'-- Searching for dependencies of ignition-plugin1-register\n'}
[0.590190] (workspace_gz) StdoutLine: {'line': b'-- Looking for ignition-transport11 -- found version 11.4.2\n'}
[0.590567] (workspace_gz) StdoutLine: {'line': b'-- Searching for dependencies of ignition-transport11\n'}
[0.600286] (-) TimerEvent: {}
[0.700490] (-) TimerEvent: {}
[0.740921] (workspace_gz) StdoutLine: {'line': b'-- Found Protobuf: /usr/lib/x86_64-linux-gnu/libprotobuf.so (found version "3.12.4") \n'}
[0.752655] (workspace_gz) StdoutLine: {'line': b'-- Config-file not installed for ZeroMQ -- checking for pkg-config\n'}
[0.756620] (workspace_gz) StdoutLine: {'line': b"-- Checking for module 'libzmq >= 4'\n"}
[0.766747] (workspace_gz) StdoutLine: {'line': b'--   Found libzmq , version 4.3.4\n'}
[0.791385] (workspace_gz) StdoutLine: {'line': b'-- Found ZeroMQ: TRUE (Required is at least version "4") \n'}
[0.795835] (workspace_gz) StdoutLine: {'line': b"-- Checking for module 'uuid'\n"}
[0.800559] (-) TimerEvent: {}
[0.804812] (workspace_gz) StdoutLine: {'line': b'--   Found uuid, version 2.37.2\n'}
[0.827357] (workspace_gz) StdoutLine: {'line': b'-- Found UUID: TRUE  \n'}
[0.827759] (workspace_gz) StdoutLine: {'line': b'-- Looking for ignition-utils1 -- found version 1.5.1\n'}
[0.828143] (workspace_gz) StdoutLine: {'line': b'-- Searching for dependencies of ignition-utils1\n'}
[0.828237] (workspace_gz) StdoutLine: {'line': b'-- Searching for <ignition-utils1> component [cli]\n'}
[0.830867] (workspace_gz) StdoutLine: {'line': b'-- Looking for ignition-utils1-cli -- found version 1.5.1\n'}
[0.831290] (workspace_gz) StdoutLine: {'line': b'-- Searching for dependencies of ignition-utils1-cli\n'}
[0.834153] (workspace_gz) StdoutLine: {'line': b'-- Looking for ignition-msgs8 -- found version 8.7.0\n'}
[0.834620] (workspace_gz) StdoutLine: {'line': b'-- Searching for dependencies of ignition-msgs8\n'}
[0.851120] (workspace_gz) StdoutLine: {'line': b'-- Found Protobuf: /usr/lib/x86_64-linux-gnu/libprotobuf.so (found suitable version "3.12.4", minimum required is "3") \n'}
[0.851853] (workspace_gz) StdoutLine: {'line': b'-- Looking for ignition-math6 -- found version 6.15.1\n'}
[0.862052] (workspace_gz) StdoutLine: {'line': b'-- Searching for <ignition-transport11> component [log]\n'}
[0.864583] (workspace_gz) StdoutLine: {'line': b'-- Looking for ignition-transport11-log -- found version 11.4.2\n'}
[0.865012] (workspace_gz) StdoutLine: {'line': b'-- Searching for dependencies of ignition-transport11-log\n'}
[0.865430] (workspace_gz) StdoutLine: {'line': b'-- Searching for <ignition-transport11> component [parameters]\n'}
[0.867900] (workspace_gz) StdoutLine: {'line': b'-- Looking for ignition-transport11-parameters -- found version 11.4.2\n'}
[0.868233] (workspace_gz) StdoutLine: {'line': b'-- Searching for dependencies of ignition-transport11-parameters\n'}
[0.869092] (workspace_gz) StdoutLine: {'line': b'-- Looking for ignition-msgs8 -- found version 8.7.0\n'}
[0.871638] (workspace_gz) StdoutLine: {'line': b'-- Looking for ignition-common4 -- found version 4.8.0\n'}
[0.872011] (workspace_gz) StdoutLine: {'line': b'-- Searching for dependencies of ignition-common4\n'}
[0.872219] (workspace_gz) StdoutLine: {'line': b'-- Looking for dlfcn.h - found\n'}
[0.873130] (workspace_gz) StdoutLine: {'line': b'-- Looking for libdl - found\n'}
[0.874336] (workspace_gz) StdoutLine: {'line': b'-- Found DL: TRUE  \n'}
[0.881567] (workspace_gz) StdoutLine: {'line': b'-- Searching for <ignition-common4> component [profiler]\n'}
[0.884093] (workspace_gz) StdoutLine: {'line': b'-- Looking for ignition-common4-profiler -- found version 4.8.0\n'}
[0.884529] (workspace_gz) StdoutLine: {'line': b'-- Searching for dependencies of ignition-common4-profiler\n'}
[0.884934] (workspace_gz) StdoutLine: {'line': b'-- Searching for <ignition-common4> component [events]\n'}
[0.887868] (workspace_gz) StdoutLine: {'line': b'-- Looking for ignition-common4-events -- found version 4.8.0\n'}
[0.888363] (workspace_gz) StdoutLine: {'line': b'-- Searching for dependencies of ignition-common4-events\n'}
[0.888698] (workspace_gz) StdoutLine: {'line': b'-- Looking for ignition-math6 -- found version 6.15.1\n'}
[0.889146] (workspace_gz) StdoutLine: {'line': b'-- Searching for <ignition-common4> component [av]\n'}
[0.891848] (workspace_gz) StdoutLine: {'line': b'-- Looking for ignition-common4-av -- found version 4.8.0\n'}
[0.892231] (workspace_gz) StdoutLine: {'line': b'-- Searching for dependencies of ignition-common4-av\n'}
[0.896581] (workspace_gz) StdoutLine: {'line': b"-- Checking for module 'libswscale'\n"}
[0.900632] (-) TimerEvent: {}
[0.906008] (workspace_gz) StdoutLine: {'line': b'--   Found libswscale, version 5.9.100\n'}
[0.930448] (workspace_gz) StdoutLine: {'line': b'-- Found SWSCALE: TRUE  \n'}
[0.934941] (workspace_gz) StdoutLine: {'line': b"-- Checking for module 'libavdevice >= 56.4.100'\n"}
[0.945031] (workspace_gz) StdoutLine: {'line': b'--   Found libavdevice , version 58.13.100\n'}
[0.973598] (workspace_gz) StdoutLine: {'line': b'-- Found AVDEVICE: TRUE (Required is at least version "56.4.100") \n'}
[0.978041] (workspace_gz) StdoutLine: {'line': b"-- Checking for module 'libavformat'\n"}
[0.988400] (workspace_gz) StdoutLine: {'line': b'--   Found libavformat, version 58.76.100\n'}
[1.000733] (-) TimerEvent: {}
[1.016135] (workspace_gz) StdoutLine: {'line': b'-- Found AVFORMAT: TRUE  \n'}
[1.020797] (workspace_gz) StdoutLine: {'line': b"-- Checking for module 'libavcodec'\n"}
[1.031506] (workspace_gz) StdoutLine: {'line': b'--   Found libavcodec, version 58.134.100\n'}
[1.058699] (workspace_gz) StdoutLine: {'line': b'-- Found AVCODEC: TRUE  \n'}
[1.063070] (workspace_gz) StdoutLine: {'line': b"-- Checking for module 'libavutil'\n"}
[1.073529] (workspace_gz) StdoutLine: {'line': b'--   Found libavutil, version 56.70.100\n'}
[1.098951] (workspace_gz) StdoutLine: {'line': b'-- Found AVUTIL: TRUE  \n'}
[1.100800] (-) TimerEvent: {}
[1.102428] (workspace_gz) StdoutLine: {'line': b'-- Looking for ignition-fuel_tools7 -- found version 7.3.1\n'}
[1.102874] (workspace_gz) StdoutLine: {'line': b'-- Searching for dependencies of ignition-fuel_tools7\n'}
[1.200255] (workspace_gz) StdoutLine: {'line': b'-- Found CURL: /usr/lib/x86_64-linux-gnu/libcurl.so (found version "7.81.0")  \n'}
[1.200895] (-) TimerEvent: {}
[1.211598] (workspace_gz) StdoutLine: {'line': b"-- Checking for module 'jsoncpp'\n"}
[1.231188] (workspace_gz) StdoutLine: {'line': b'--   Found jsoncpp, version 1.9.5\n'}
[1.280473] (workspace_gz) StdoutLine: {'line': b'-- Found JSONCPP: TRUE  \n'}
[1.288972] (workspace_gz) StdoutLine: {'line': b"-- Checking for module 'libzip'\n"}
[1.301009] (-) TimerEvent: {}
[1.307316] (workspace_gz) StdoutLine: {'line': b'--   Found libzip, version 1.7.3\n'}
[1.352354] (workspace_gz) StdoutLine: {'line': b'-- Found ZIP: TRUE  \n'}
[1.352986] (workspace_gz) StdoutLine: {'line': b'-- Looking for ignition-common4 -- found version 4.8.0\n'}
[1.353715] (workspace_gz) StdoutLine: {'line': b'-- Looking for ignition-math6 -- found version 6.15.1\n'}
[1.354326] (workspace_gz) StdoutLine: {'line': b'-- Looking for ignition-msgs8 -- found version 8.7.0\n'}
[1.358963] (workspace_gz) StdoutLine: {'line': b'-- Looking for ignition-gui6 -- found version 6.9.0\n'}
[1.359553] (workspace_gz) StdoutLine: {'line': b'-- Searching for dependencies of ignition-gui6\n'}
[1.382649] (workspace_gz) StdoutLine: {'line': b'-- Found Protobuf: /usr/lib/x86_64-linux-gnu/libprotobuf.so (found version "3.12.4") \n'}
[1.394532] (workspace_gz) StdoutLine: {'line': b'-- Looking for ignition-math6 -- found version 6.15.1\n'}
[1.395087] (workspace_gz) StdoutLine: {'line': b'-- Looking for ignition-common4 -- found version 4.8.0\n'}
[1.395573] (workspace_gz) StdoutLine: {'line': b'-- Looking for ignition-plugin1 -- found version 1.4.0\n'}
[1.396056] (workspace_gz) StdoutLine: {'line': b'-- Looking for ignition-transport11 -- found version 11.4.2\n'}
[1.399269] (workspace_gz) StdoutLine: {'line': b'-- Looking for ignition-rendering6 -- found version 6.6.4\n'}
[1.399816] (workspace_gz) StdoutLine: {'line': b'-- Searching for dependencies of ignition-rendering6\n'}
[1.400175] (workspace_gz) StdoutLine: {'line': b'-- Looking for ignition-math6 -- found version 6.15.1\n'}
[1.400713] (workspace_gz) StdoutLine: {'line': b'-- Searching for dependencies of ignition-math6\n'}
[1.400861] (workspace_gz) StdoutLine: {'line': b'-- Searching for <ignition-math6> component [eigen3]\n'}
[1.401062] (-) TimerEvent: {}
[1.403999] (workspace_gz) StdoutLine: {'line': b'-- Looking for ignition-math6-eigen3 -- found version 6.15.1\n'}
[1.404517] (workspace_gz) StdoutLine: {'line': b'-- Searching for dependencies of ignition-math6-eigen3\n'}
[1.414185] (workspace_gz) StdoutLine: {'line': b'-- Looking for ignition-common4 -- found version 4.8.0\n'}
[1.414684] (workspace_gz) StdoutLine: {'line': b'-- Searching for dependencies of ignition-common4\n'}
[1.414885] (workspace_gz) StdoutLine: {'line': b'-- Looking for dlfcn.h - found\n'}
[1.415066] (workspace_gz) StdoutLine: {'line': b'-- Looking for libdl - found\n'}
[1.426226] (workspace_gz) StdoutLine: {'line': b'-- Searching for <ignition-common4> component [graphics]\n'}
[1.429710] (workspace_gz) StdoutLine: {'line': b'-- Looking for ignition-common4-graphics -- found version 4.8.0\n'}
[1.430499] (workspace_gz) StdoutLine: {'line': b'-- Searching for dependencies of ignition-common4-graphics\n'}
[1.430881] (workspace_gz) StdoutLine: {'line': b'-- Looking for ignition-math6 -- found version 6.15.1\n'}
[1.431317] (workspace_gz) StdoutLine: {'line': b'-- Looking for ignition-utils1 -- found version 1.5.1\n'}
[1.431901] (workspace_gz) StdoutLine: {'line': b'-- Searching for <ignition-common4> component [events]\n'}
[1.432787] (workspace_gz) StdoutLine: {'line': b'-- Looking for ignition-plugin1 -- found version 1.4.0\n'}
[1.433330] (workspace_gz) StdoutLine: {'line': b'-- Searching for dependencies of ignition-plugin1\n'}
[1.433494] (workspace_gz) StdoutLine: {'line': b'-- Searching for <ignition-plugin1> component [all]\n'}
[1.437136] (workspace_gz) StdoutLine: {'line': b'-- Looking for all libraries of ignition-plugin1 -- found version 1.4.0\n'}
[1.437717] (workspace_gz) StdoutLine: {'line': b'-- Looking for ignition-plugin1 -- found version 1.4.0\n'}
[1.440146] (workspace_gz) StdoutLine: {'line': b'-- Looking for ignition-msgs8 -- found version 8.7.0\n'}
[1.467527] (workspace_gz) StdoutLine: {'line': b'-- Looking for ignition-physics5 -- found version 5.4.0\n'}
[1.468073] (workspace_gz) StdoutLine: {'line': b'-- Searching for dependencies of ignition-physics5\n'}
[1.468453] (workspace_gz) StdoutLine: {'line': b'-- Looking for ignition-math6 -- found version 6.15.1\n'}
[1.468876] (workspace_gz) StdoutLine: {'line': b'-- Looking for ignition-plugin1 -- found version 1.4.0\n'}
[1.469311] (workspace_gz) StdoutLine: {'line': b'-- Looking for ignition-utils1 -- found version 1.5.1\n'}
[1.470511] (workspace_gz) StdoutLine: {'line': b'-- Searching for <ignition-physics5> component [heightmap]\n'}
[1.473726] (workspace_gz) StdoutLine: {'line': b'-- Looking for ignition-physics5-heightmap -- found version 5.4.0\n'}
[1.474437] (workspace_gz) StdoutLine: {'line': b'-- Searching for dependencies of ignition-physics5-heightmap\n'}
[1.474951] (workspace_gz) StdoutLine: {'line': b'-- Looking for ignition-common4 -- found version 4.8.0\n'}
[1.475466] (workspace_gz) StdoutLine: {'line': b'-- Searching for <ignition-physics5> component [mesh]\n'}
[1.478560] (workspace_gz) StdoutLine: {'line': b'-- Looking for ignition-physics5-mesh -- found version 5.4.0\n'}
[1.479061] (workspace_gz) StdoutLine: {'line': b'-- Searching for dependencies of ignition-physics5-mesh\n'}
[1.479452] (workspace_gz) StdoutLine: {'line': b'-- Looking for ignition-common4 -- found version 4.8.0\n'}
[1.479905] (workspace_gz) StdoutLine: {'line': b'-- Searching for <ignition-physics5> component [sdf]\n'}
[1.483343] (workspace_gz) StdoutLine: {'line': b'-- Looking for ignition-physics5-sdf -- found version 5.4.0\n'}
[1.483965] (workspace_gz) StdoutLine: {'line': b'-- Searching for dependencies of ignition-physics5-sdf\n'}
[1.484258] (workspace_gz) StdoutLine: {'line': b'-- Looking for sdformat12 -- found version 12.9.0\n'}
[1.488022] (workspace_gz) StdoutLine: {'line': b'-- Looking for ignition-sensors6 -- found version 6.9.0\n'}
[1.488683] (workspace_gz) StdoutLine: {'line': b'-- Searching for dependencies of ignition-sensors6\n'}
[1.501198] (-) TimerEvent: {}
[1.510977] (workspace_gz) StdoutLine: {'line': b'-- Looking for ignition-math6 -- found version 6.15.1\n'}
[1.511503] (workspace_gz) StdoutLine: {'line': b'-- Looking for ignition-common4 -- found version 4.8.0\n'}
[1.511899] (workspace_gz) StdoutLine: {'line': b'-- Looking for ignition-transport11 -- found version 11.4.2\n'}
[1.512398] (workspace_gz) StdoutLine: {'line': b'-- Looking for ignition-rendering6 -- found version 6.6.4\n'}
[1.512881] (workspace_gz) StdoutLine: {'line': b'-- Looking for ignition-msgs8 -- found version 8.7.0\n'}
[1.513384] (workspace_gz) StdoutLine: {'line': b'-- Looking for sdformat12 -- found version 12.9.0\n'}
[1.514023] (workspace_gz) StdoutLine: {'line': b'-- Searching for <ignition-sensors6> component [air_pressure]\n'}
[1.517967] (workspace_gz) StdoutLine: {'line': b'-- Looking for ignition-sensors6-air_pressure -- found version 6.9.0\n'}
[1.518478] (workspace_gz) StdoutLine: {'line': b'-- Searching for dependencies of ignition-sensors6-air_pressure\n'}
[1.519026] (workspace_gz) StdoutLine: {'line': b'-- Searching for <ignition-sensors6> component [altimeter]\n'}
[1.522392] (workspace_gz) StdoutLine: {'line': b'-- Looking for ignition-sensors6-altimeter -- found version 6.9.0\n'}
[1.522904] (workspace_gz) StdoutLine: {'line': b'-- Searching for dependencies of ignition-sensors6-altimeter\n'}
[1.523399] (workspace_gz) StdoutLine: {'line': b'-- Searching for <ignition-sensors6> component [imu]\n'}
[1.526500] (workspace_gz) StdoutLine: {'line': b'-- Looking for ignition-sensors6-imu -- found version 6.9.0\n'}
[1.527166] (workspace_gz) StdoutLine: {'line': b'-- Searching for dependencies of ignition-sensors6-imu\n'}
[1.527668] (workspace_gz) StdoutLine: {'line': b'-- Searching for <ignition-sensors6> component [force_torque]\n'}
[1.530545] (workspace_gz) StdoutLine: {'line': b'-- Looking for ignition-sensors6-force_torque -- found version 6.9.0\n'}
[1.531007] (workspace_gz) StdoutLine: {'line': b'-- Searching for dependencies of ignition-sensors6-force_torque\n'}
[1.531537] (workspace_gz) StdoutLine: {'line': b'-- Searching for <ignition-sensors6> component [logical_camera]\n'}
[1.534449] (workspace_gz) StdoutLine: {'line': b'-- Looking for ignition-sensors6-logical_camera -- found version 6.9.0\n'}
[1.534914] (workspace_gz) StdoutLine: {'line': b'-- Searching for dependencies of ignition-sensors6-logical_camera\n'}
[1.535406] (workspace_gz) StdoutLine: {'line': b'-- Searching for <ignition-sensors6> component [magnetometer]\n'}
[1.538171] (workspace_gz) StdoutLine: {'line': b'-- Looking for ignition-sensors6-magnetometer -- found version 6.9.0\n'}
[1.538632] (workspace_gz) StdoutLine: {'line': b'-- Searching for dependencies of ignition-sensors6-magnetometer\n'}
[1.539096] (workspace_gz) StdoutLine: {'line': b'-- Searching for <ignition-sensors6> component [navsat]\n'}
[1.541855] (workspace_gz) StdoutLine: {'line': b'-- Looking for ignition-sensors6-navsat -- found version 6.9.0\n'}
[1.542266] (workspace_gz) StdoutLine: {'line': b'-- Searching for dependencies of ignition-sensors6-navsat\n'}
[1.542772] (workspace_gz) StdoutLine: {'line': b'-- Searching for <ignition-sensors6> component [rendering]\n'}
[1.545500] (workspace_gz) StdoutLine: {'line': b'-- Looking for ignition-sensors6-rendering -- found version 6.9.0\n'}
[1.545916] (workspace_gz) StdoutLine: {'line': b'-- Searching for dependencies of ignition-sensors6-rendering\n'}
[1.546386] (workspace_gz) StdoutLine: {'line': b'-- Searching for <ignition-sensors6> component [lidar]\n'}
[1.549108] (workspace_gz) StdoutLine: {'line': b'-- Looking for ignition-sensors6-lidar -- found version 6.9.0\n'}
[1.549611] (workspace_gz) StdoutLine: {'line': b'-- Searching for dependencies of ignition-sensors6-lidar\n'}
[1.549991] (workspace_gz) StdoutLine: {'line': b'-- Looking for ignition-sensors6 -- found version 6.9.0\n'}
[1.550509] (workspace_gz) StdoutLine: {'line': b'-- Searching for <ignition-sensors6> component [gpu_lidar]\n'}
[1.553094] (workspace_gz) StdoutLine: {'line': b'-- Looking for ignition-sensors6-gpu_lidar -- found version 6.9.0\n'}
[1.553571] (workspace_gz) StdoutLine: {'line': b'-- Searching for dependencies of ignition-sensors6-gpu_lidar\n'}
[1.553927] (workspace_gz) StdoutLine: {'line': b'-- Looking for ignition-sensors6 -- found version 6.9.0\n'}
[1.554414] (workspace_gz) StdoutLine: {'line': b'-- Searching for <ignition-sensors6> component [camera]\n'}
[1.556906] (workspace_gz) StdoutLine: {'line': b'-- Looking for ignition-sensors6-camera -- found version 6.9.0\n'}
[1.557331] (workspace_gz) StdoutLine: {'line': b'-- Searching for dependencies of ignition-sensors6-camera\n'}
[1.557676] (workspace_gz) StdoutLine: {'line': b'-- Looking for ignition-sensors6 -- found version 6.9.0\n'}
[1.558151] (workspace_gz) StdoutLine: {'line': b'-- Searching for <ignition-sensors6> component [boundingbox_camera]\n'}
[1.560722] (workspace_gz) StdoutLine: {'line': b'-- Looking for ignition-sensors6-boundingbox_camera -- found version 6.9.0\n'}
[1.561144] (workspace_gz) StdoutLine: {'line': b'-- Searching for dependencies of ignition-sensors6-boundingbox_camera\n'}
[1.561575] (workspace_gz) StdoutLine: {'line': b'-- Searching for <ignition-sensors6> component [segmentation_camera]\n'}
[1.564056] (workspace_gz) StdoutLine: {'line': b'-- Looking for ignition-sensors6-segmentation_camera -- found version 6.9.0\n'}
[1.564480] (workspace_gz) StdoutLine: {'line': b'-- Searching for dependencies of ignition-sensors6-segmentation_camera\n'}
[1.564909] (workspace_gz) StdoutLine: {'line': b'-- Searching for <ignition-sensors6> component [depth_camera]\n'}
[1.567384] (workspace_gz) StdoutLine: {'line': b'-- Looking for ignition-sensors6-depth_camera -- found version 6.9.0\n'}
[1.567760] (workspace_gz) StdoutLine: {'line': b'-- Searching for dependencies of ignition-sensors6-depth_camera\n'}
[1.568099] (workspace_gz) StdoutLine: {'line': b'-- Looking for ignition-sensors6 -- found version 6.9.0\n'}
[1.568580] (workspace_gz) StdoutLine: {'line': b'-- Searching for <ignition-sensors6> component [rgbd_camera]\n'}
[1.571064] (workspace_gz) StdoutLine: {'line': b'-- Looking for ignition-sensors6-rgbd_camera -- found version 6.9.0\n'}
[1.571533] (workspace_gz) StdoutLine: {'line': b'-- Searching for dependencies of ignition-sensors6-rgbd_camera\n'}
[1.571867] (workspace_gz) StdoutLine: {'line': b'-- Looking for ignition-sensors6 -- found version 6.9.0\n'}
[1.572294] (workspace_gz) StdoutLine: {'line': b'-- Searching for <ignition-sensors6> component [thermal_camera]\n'}
[1.574844] (workspace_gz) StdoutLine: {'line': b'-- Looking for ignition-sensors6-thermal_camera -- found version 6.9.0\n'}
[1.575217] (workspace_gz) StdoutLine: {'line': b'-- Searching for dependencies of ignition-sensors6-thermal_camera\n'}
[1.575606] (workspace_gz) StdoutLine: {'line': b'-- Looking for ignition-sensors6 -- found version 6.9.0\n'}
[1.576526] (workspace_gz) StdoutLine: {'line': b'-- Looking for ignition-rendering6 -- found version 6.6.4\n'}
[1.576893] (workspace_gz) StdoutLine: {'line': b'-- Looking for ignition-math6 -- found version 6.15.1\n'}
[1.579548] (workspace_gz) StdoutLine: {'line': b'-- Looking for ignition-utils1 -- found version 1.5.1\n'}
[1.597980] (workspace_gz) StdoutLine: {'line': b'-- Looking for ignition-common4 -- found version 4.8.0\n'}
[1.598249] (workspace_gz) StdoutLine: {'line': b'-- Looking for ignition-math6 -- found version 6.15.1\n'}
[1.598719] (workspace_gz) StdoutLine: {'line': b'-- Looking for ignition-transport11 -- found version 11.4.2\n'}
[1.599011] (workspace_gz) StdoutLine: {'line': b'-- Looking for ignition-plugin1 -- found version 1.4.0\n'}
[1.599394] (workspace_gz) StdoutLine: {'line': b'-- Looking for ignition-rendering6 -- found version 6.6.4\n'}
[1.599780] (workspace_gz) StdoutLine: {'line': b'-- Looking for ignition-sensors6 -- found version 6.9.0\n'}
[1.600144] (workspace_gz) StdoutLine: {'line': b'-- Looking for ignition-utils1 -- found version 1.5.1\n'}
[1.600517] (workspace_gz) StdoutLine: {'line': b'-- Looking for ignition-msgs8 -- found version 8.7.0\n'}
[1.600880] (workspace_gz) StdoutLine: {'line': b'-- Looking for sdformat12 -- found version 12.9.0\n'}
[1.601249] (-) TimerEvent: {}
[1.667453] (workspace_gz) StdoutLine: {'line': b'-- Configuring done\n'}
[1.701375] (-) TimerEvent: {}
[1.701579] (workspace_gz) StdoutLine: {'line': b'-- Generating done\n'}
[1.711102] (workspace_gz) StdoutLine: {'line': b'-- Build files have been written to: /home/aliomacc/sti_usv/build/workspace_gz\n'}
[1.722486] (workspace_gz) CommandEnded: {'returncode': 0}
[1.723098] (workspace_gz) JobProgress: {'identifier': 'workspace_gz', 'progress': 'build'}
[1.724025] (workspace_gz) Command: {'cmd': ['/usr/bin/cmake', '--build', '/home/aliomacc/sti_usv/build/workspace_gz', '--', '-j8', '-l8'], 'cwd': '/home/aliomacc/sti_usv/build/workspace_gz', 'env': OrderedDict([('GJS_DEBUG_TOPICS', 'JS ERROR;JS LOG'), ('LESSOPEN', '| /usr/bin/lesspipe %s'), ('USER', 'aliomacc'), ('XDG_SESSION_TYPE', 'x11'), ('SHLVL', '1'), ('LD_LIBRARY_PATH', '/home/aliomacc/ros2_ws/install/my_robot_interfaces/lib:/opt/ros/humble/opt/rviz_ogre_vendor/lib:/opt/ros/humble/lib/x86_64-linux-gnu:/opt/ros/humble/lib'), ('HOME', '/home/aliomacc'), ('OLDPWD', '/home/aliomacc/sti_usv'), ('DESKTOP_SESSION', 'ubuntu-xorg'), ('GIO_LAUNCHED_DESKTOP_FILE', '/usr/share/applications/terminator.desktop'), ('ROS_PYTHON_VERSION', '3'), ('GNOME_SHELL_SESSION_MODE', 'ubuntu'), ('GTK_MODULES', 'gail:atk-bridge'), ('MANAGERPID', '1119'), ('SYSTEMD_EXEC_PID', '1535'), ('DBUS_SESSION_BUS_ADDRESS', 'unix:path=/run/user/1000/bus'), ('COLORTERM', 'truecolor'), ('TERMINATOR_DBUS_NAME', 'net.tenshu.Terminator21a9d5db22c73a993ff0b42f64b396873'), ('GIO_LAUNCHED_DESKTOP_FILE_PID', '3448'), ('COLCON_PREFIX_PATH', '/home/aliomacc/sti_usv/install:/home/aliomacc/turtlebot3_ws/install:/home/aliomacc/ros2_ws/install'), ('ROS_DISTRO', 'humble'), ('GTK_IM_MODULE', 'ibus'), ('LOGNAME', 'aliomacc'), ('JOURNAL_STREAM', '8:12878'), ('_', '/usr/bin/colcon'), ('ROS_VERSION', '2'), ('XDG_SESSION_CLASS', 'user'), ('USERNAME', 'aliomacc'), ('TERM', 'xterm-256color'), ('GNOME_DESKTOP_SESSION_ID', 'this-is-deprecated'), ('ROS_LOCALHOST_ONLY', '0'), ('WINDOWPATH', '2'), ('PATH', '/home/aliomacc/.local/bin:/opt/ros/humble/bin:/home/aliomacc/.local/bin:/usr/local/sbin:/usr/local/bin:/usr/sbin:/usr/bin:/sbin:/bin:/usr/games:/usr/local/games:/snap/bin:/snap/bin'), ('SESSION_MANAGER', 'local/aliomacc-Nitro-AN515-55:@/tmp/.ICE-unix/1477,unix/aliomacc-Nitro-AN515-55:/tmp/.ICE-unix/1477'), ('INVOCATION_ID', '8bb2c71350dd440785a65a077b4f78af'), ('XDG_MENU_PREFIX', 'gnome-'), ('XDG_RUNTIME_DIR', '/run/user/1000'), ('DISPLAY', ':0'), ('TERMINATOR_DBUS_PATH', '/net/tenshu/Terminator2'), ('LANG', 'tr_TR.UTF-8'), ('XDG_CURRENT_DESKTOP', 'ubuntu:GNOME'), ('IBUS_DISABLE_SNOOPER', '1'), ('XMODIFIERS', '@im=ibus'), ('XDG_SESSION_DESKTOP', 'ubuntu-xorg'), ('XAUTHORITY', '/run/user/1000/gdm/Xauthority'), ('LS_COLORS', 'rs=0:di=01;34:ln=01;36:mh=00:pi=40;33:so=01;35:do=01;35:bd=40;33;01:cd=40;33;01:or=40;31;01:mi=00:su=37;41:sg=30;43:ca=30;41:tw=30;42:ow=34;42:st=37;44:ex=01;32:*.tar=01;31:*.tgz=01;31:*.arc=01;31:*.arj=01;31:*.taz=01;31:*.lha=01;31:*.lz4=01;31:*.lzh=01;31:*.lzma=01;31:*.tlz=01;31:*.txz=01;31:*.tzo=01;31:*.t7z=01;31:*.zip=01;31:*.z=01;31:*.dz=01;31:*.gz=01;31:*.lrz=01;31:*.lz=01;31:*.lzo=01;31:*.xz=01;31:*.zst=01;31:*.tzst=01;31:*.bz2=01;31:*.bz=01;31:*.tbz=01;31:*.tbz2=01;31:*.tz=01;31:*.deb=01;31:*.rpm=01;31:*.jar=01;31:*.war=01;31:*.ear=01;31:*.sar=01;31:*.rar=01;31:*.alz=01;31:*.ace=01;31:*.zoo=01;31:*.cpio=01;31:*.7z=01;31:*.rz=01;31:*.cab=01;31:*.wim=01;31:*.swm=01;31:*.dwm=01;31:*.esd=01;31:*.jpg=01;35:*.jpeg=01;35:*.mjpg=01;35:*.mjpeg=01;35:*.gif=01;35:*.bmp=01;35:*.pbm=01;35:*.pgm=01;35:*.ppm=01;35:*.tga=01;35:*.xbm=01;35:*.xpm=01;35:*.tif=01;35:*.tiff=01;35:*.png=01;35:*.svg=01;35:*.svgz=01;35:*.mng=01;35:*.pcx=01;35:*.mov=01;35:*.mpg=01;35:*.mpeg=01;35:*.m2v=01;35:*.mkv=01;35:*.webm=01;35:*.webp=01;35:*.ogm=01;35:*.mp4=01;35:*.m4v=01;35:*.mp4v=01;35:*.vob=01;35:*.qt=01;35:*.nuv=01;35:*.wmv=01;35:*.asf=01;35:*.rm=01;35:*.rmvb=01;35:*.flc=01;35:*.avi=01;35:*.fli=01;35:*.flv=01;35:*.gl=01;35:*.dl=01;35:*.xcf=01;35:*.xwd=01;35:*.yuv=01;35:*.cgm=01;35:*.emf=01;35:*.ogv=01;35:*.ogx=01;35:*.aac=00;36:*.au=00;36:*.flac=00;36:*.m4a=00;36:*.mid=00;36:*.midi=00;36:*.mka=00;36:*.mp3=00;36:*.mpc=00;36:*.ogg=00;36:*.ra=00;36:*.wav=00;36:*.oga=00;36:*.opus=00;36:*.spx=00;36:*.xspf=00;36:'), ('SSH_AGENT_LAUNCHER', 'gnome-keyring'), ('SSH_AUTH_SOCK', '/run/user/1000/keyring/ssh'), ('AMENT_PREFIX_PATH', '/home/aliomacc/turtlebot3_ws/install/turtlebot3_simulations:/home/aliomacc/turtlebot3_ws/install/turtlebot3_manipulation_gazebo:/home/aliomacc/turtlebot3_ws/install/turtlebot3_gazebo:/home/aliomacc/turtlebot3_ws/install/turtlebot3_fake_node:/home/aliomacc/ros2_ws/install/actions_py:/home/aliomacc/ros2_ws/install/my_robot_interfaces:/home/aliomacc/ros2_ws/install/my_robot_description:/home/aliomacc/ros2_ws/install/my_robot_bringup:/home/aliomacc/ros2_ws/install/lifecycle_py:/home/aliomacc/ros2_ws/install/lifecycle_cpp:/opt/ros/humble'), ('SHELL', '/bin/bash'), ('TERMINATOR_UUID', 'urn:uuid:32fde568-3ee8-49c9-8756-c8696b50bded'), ('QT_ACCESSIBILITY', '1'), ('GDMSESSION', 'ubuntu-xorg'), ('LESSCLOSE', '/usr/bin/lesspipe %s %s'), ('GPG_AGENT_INFO', '/run/user/1000/gnupg/S.gpg-agent:0:1'), ('GJS_DEBUG_OUTPUT', 'stderr'), ('QT_IM_MODULE', 'ibus'), ('PWD', '/home/aliomacc/sti_usv/build/workspace_gz'), ('TURTLEBOT3_MODEL', 'waffle'), ('XDG_CONFIG_DIRS', '/etc/xdg/xdg-ubuntu-xorg:/etc/xdg'), ('XDG_DATA_DIRS', '/usr/share/ubuntu-xorg:/usr/share/gnome:/home/aliomacc/.local/share/flatpak/exports/share:/var/lib/flatpak/exports/share:/usr/local/share/:/usr/share/:/var/lib/snapd/desktop'), ('PYTHONPATH', '/home/aliomacc/ros2_ws/install/actions_py/lib/python3.10/site-packages:/home/aliomacc/ros2_ws/install/my_robot_interfaces/local/lib/python3.10/dist-packages:/home/aliomacc/ros2_ws/install/lifecycle_py/lib/python3.10/site-packages:/opt/ros/humble/lib/python3.10/site-packages:/opt/ros/humble/local/lib/python3.10/dist-packages'), ('COLCON', '1'), ('VTE_VERSION', '6800'), ('CMAKE_PREFIX_PATH', '/home/aliomacc/turtlebot3_ws/install/turtlebot3_simulations:/home/aliomacc/turtlebot3_ws/install/turtlebot3_manipulation_gazebo:/home/aliomacc/turtlebot3_ws/install/turtlebot3_gazebo:/home/aliomacc/turtlebot3_ws/install/turtlebot3_fake_node:/home/aliomacc/ros2_ws/install/my_robot_interfaces:/home/aliomacc/ros2_ws/install/my_robot_description:/home/aliomacc/ros2_ws/install/my_robot_bringup:/home/aliomacc/ros2_ws/install/lifecycle_cpp:/home/aliomacc/ros2_ws/install/actions_py:/home/aliomacc/ros2_ws/install/lifecycle_py:/opt/ros/humble')]), 'shell': False}
[1.773800] (workspace_gz) StdoutLine: {'line': b'[  4%] \x1b[32mBuilding CXX object CMakeFiles/Waves.dir/plugins/Wavefield.cc.o\x1b[0m\n'}
[1.801499] (-) TimerEvent: {}
[1.901761] (-) TimerEvent: {}
[2.002255] (-) TimerEvent: {}
[2.103233] (-) TimerEvent: {}
[2.204126] (-) TimerEvent: {}
[2.304436] (-) TimerEvent: {}
[2.404702] (-) TimerEvent: {}
[2.504938] (-) TimerEvent: {}
[2.605199] (-) TimerEvent: {}
[2.705449] (-) TimerEvent: {}
[2.805720] (-) TimerEvent: {}
[2.906004] (-) TimerEvent: {}
[3.006324] (-) TimerEvent: {}
[3.106601] (-) TimerEvent: {}
[3.206877] (-) TimerEvent: {}
[3.307170] (-) TimerEvent: {}
[3.407555] (-) TimerEvent: {}
[3.507870] (-) TimerEvent: {}
[3.608217] (-) TimerEvent: {}
[3.708513] (-) TimerEvent: {}
[3.808783] (-) TimerEvent: {}
[3.909066] (-) TimerEvent: {}
[4.009353] (-) TimerEvent: {}
[4.109629] (-) TimerEvent: {}
[4.209904] (-) TimerEvent: {}
[4.310179] (-) TimerEvent: {}
[4.410433] (-) TimerEvent: {}
[4.510714] (-) TimerEvent: {}
[4.610994] (-) TimerEvent: {}
[4.711260] (-) TimerEvent: {}
[4.811726] (-) TimerEvent: {}
[4.912745] (-) TimerEvent: {}
[5.013337] (-) TimerEvent: {}
[5.113592] (-) TimerEvent: {}
[5.213854] (-) TimerEvent: {}
[5.314122] (-) TimerEvent: {}
[5.414332] (-) TimerEvent: {}
[5.514618] (-) TimerEvent: {}
[5.614941] (-) TimerEvent: {}
[5.715258] (-) TimerEvent: {}
[5.815554] (-) TimerEvent: {}
[5.915805] (-) TimerEvent: {}
[6.016108] (-) TimerEvent: {}
[6.116489] (-) TimerEvent: {}
[6.216751] (-) TimerEvent: {}
[6.317008] (-) TimerEvent: {}
[6.417263] (-) TimerEvent: {}
[6.517526] (-) TimerEvent: {}
[6.617749] (-) TimerEvent: {}
[6.717973] (-) TimerEvent: {}
[6.818255] (-) TimerEvent: {}
[6.918503] (-) TimerEvent: {}
[7.018771] (-) TimerEvent: {}
[7.119029] (-) TimerEvent: {}
[7.219793] (-) TimerEvent: {}
[7.321105] (-) TimerEvent: {}
[7.422057] (-) TimerEvent: {}
[7.522336] (-) TimerEvent: {}
[7.622632] (-) TimerEvent: {}
[7.650784] (workspace_gz) StdoutLine: {'line': b'[  9%] \x1b[32m\x1b[1mLinking CXX shared library libWaves.so\x1b[0m\n'}
[7.722785] (-) TimerEvent: {}
[7.823135] (-) TimerEvent: {}
[7.923496] (-) TimerEvent: {}
[7.952219] (workspace_gz) StdoutLine: {'line': b'[  9%] Built target Waves\n'}
[7.977669] (workspace_gz) StdoutLine: {'line': b'[ 14%] \x1b[32mBuilding CXX object CMakeFiles/StationkeepingScoringPlugin.dir/plugins/StationkeepingScoringPlugin.cc.o\x1b[0m\n'}
[7.978018] (workspace_gz) StdoutLine: {'line': b'[ 23%] \x1b[32mBuilding CXX object CMakeFiles/ScoringPlugin.dir/plugins/ScoringPlugin.cc.o\x1b[0m\n'}
[7.978137] (workspace_gz) StdoutLine: {'line': b'[ 23%] \x1b[32mBuilding CXX object CMakeFiles/WayfindingScoringPlugin.dir/plugins/WayfindingScoringPlugin.cc.o\x1b[0m\n'}
[7.978314] (workspace_gz) StdoutLine: {'line': b'[ 28%] \x1b[32mBuilding CXX object CMakeFiles/USVWind.dir/plugins/USVWind.cc.o\x1b[0m\n'}
[7.978478] (workspace_gz) StdoutLine: {'line': b'[ 33%] \x1b[32mBuilding CXX object CMakeFiles/Surface.dir/plugins/Surface.cc.o\x1b[0m\n'}
[7.979350] (workspace_gz) StdoutLine: {'line': b'[ 42%] \x1b[32mBuilding CXX object CMakeFiles/WaveVisual.dir/plugins/WaveVisual.cc.o\x1b[0m\n'}
[7.979507] (workspace_gz) StdoutLine: {'line': b'[ 42%] \x1b[32mBuilding CXX object CMakeFiles/PolyhedraBuoyancyDrag.dir/plugins/PolyhedraBuoyancyDrag.cc.o\x1b[0m\n'}
[7.982231] (workspace_gz) StdoutLine: {'line': b'[ 47%] \x1b[32mBuilding CXX object CMakeFiles/SimpleHydrodynamics.dir/plugins/SimpleHydrodynamics.cc.o\x1b[0m\n'}
[8.026343] (-) TimerEvent: {}
[8.126676] (-) TimerEvent: {}
[8.227022] (-) TimerEvent: {}
[8.327354] (-) TimerEvent: {}
[8.429570] (-) TimerEvent: {}
[8.530203] (-) TimerEvent: {}
[8.630633] (-) TimerEvent: {}
[8.731087] (-) TimerEvent: {}
[8.832458] (-) TimerEvent: {}
[8.936488] (-) TimerEvent: {}
[9.038294] (-) TimerEvent: {}
[9.138655] (-) TimerEvent: {}
[9.239030] (-) TimerEvent: {}
[9.339449] (-) TimerEvent: {}
[9.439899] (-) TimerEvent: {}
[9.540294] (-) TimerEvent: {}
[9.640664] (-) TimerEvent: {}
[9.741138] (-) TimerEvent: {}
[9.841520] (-) TimerEvent: {}
[9.943364] (-) TimerEvent: {}
[10.043861] (-) TimerEvent: {}
[10.144255] (-) TimerEvent: {}
[10.244623] (-) TimerEvent: {}
[10.346354] (-) TimerEvent: {}
[10.446720] (-) TimerEvent: {}
[10.547065] (-) TimerEvent: {}
[10.647419] (-) TimerEvent: {}
[10.747770] (-) TimerEvent: {}
[10.848357] (-) TimerEvent: {}
[10.949366] (-) TimerEvent: {}
[11.049712] (-) TimerEvent: {}
[11.153374] (-) TimerEvent: {}
[11.253798] (-) TimerEvent: {}
[11.354173] (-) TimerEvent: {}
[11.454556] (-) TimerEvent: {}
[11.554944] (-) TimerEvent: {}
[11.655324] (-) TimerEvent: {}
[11.755728] (-) TimerEvent: {}
[11.856115] (-) TimerEvent: {}
[11.956533] (-) TimerEvent: {}
[12.060364] (-) TimerEvent: {}
[12.160729] (-) TimerEvent: {}
[12.261081] (-) TimerEvent: {}
[12.361482] (-) TimerEvent: {}
[12.461874] (-) TimerEvent: {}
[12.562237] (-) TimerEvent: {}
[12.662602] (-) TimerEvent: {}
[12.762981] (-) TimerEvent: {}
[12.863345] (-) TimerEvent: {}
[12.963716] (-) TimerEvent: {}
[13.068108] (-) TimerEvent: {}
[13.168552] (-) TimerEvent: {}
[13.268908] (-) TimerEvent: {}
[13.369275] (-) TimerEvent: {}
[13.469656] (-) TimerEvent: {}
[13.570017] (-) TimerEvent: {}
[13.671351] (-) TimerEvent: {}
[13.771703] (-) TimerEvent: {}
[13.872067] (-) TimerEvent: {}
[13.972514] (-) TimerEvent: {}
[14.079363] (-) TimerEvent: {}
[14.187154] (-) TimerEvent: {}
[14.290329] (-) TimerEvent: {}
[14.390707] (-) TimerEvent: {}
[14.491369] (-) TimerEvent: {}
[14.595385] (-) TimerEvent: {}
[14.695947] (-) TimerEvent: {}
[14.777456] (workspace_gz) StderrLine: {'line': b'\x1b[01m\x1b[K/home/aliomacc/sti_usv/src/usv_sim/workspace_gz/plugins/SimpleHydrodynamics.cc:\x1b[m\x1b[K In member function \xe2\x80\x98\x1b[01m\x1b[Kvirtual void vrx::SimpleHydrodynamics::PreUpdate(const ignition::gazebo::v6::UpdateInfo&, ignition::gazebo::v6::EntityComponentManager&)\x1b[m\x1b[K\xe2\x80\x99:\n'}
[14.777759] (workspace_gz) StderrLine: {'line': b'\x1b[01m\x1b[K/home/aliomacc/sti_usv/src/usv_sim/workspace_gz/plugins/SimpleHydrodynamics.cc:192:3:\x1b[m\x1b[K \x1b[01;31m\x1b[Kerror: \x1b[m\x1b[K\xe2\x80\x98\x1b[01m\x1b[KGZ_PROFILE\x1b[m\x1b[K\xe2\x80\x99 was not declared in this scope; did you mean \xe2\x80\x98\x1b[01m\x1b[KIGN_PROFILE\x1b[m\x1b[K\xe2\x80\x99?\n'}
[14.777894] (workspace_gz) StderrLine: {'line': b'  192 |   \x1b[01;31m\x1b[KGZ_PROFILE\x1b[m\x1b[K("SimpleHydrodynamics::PreUpdate");\n'}
[14.778012] (workspace_gz) StderrLine: {'line': b'      |   \x1b[01;31m\x1b[K^~~~~~~~~~\x1b[m\x1b[K\n'}
[14.778126] (workspace_gz) StderrLine: {'line': b'      |   \x1b[32m\x1b[KIGN_PROFILE\x1b[m\x1b[K\n'}
[14.799354] (-) TimerEvent: {}
[14.872796] (workspace_gz) StderrLine: {'line': b'\x1b[01m\x1b[K/home/aliomacc/sti_usv/src/usv_sim/workspace_gz/plugins/SimpleHydrodynamics.cc:\x1b[m\x1b[K At global scope:\n'}
[14.873046] (workspace_gz) StderrLine: {'line': b'\x1b[01m\x1b[K/home/aliomacc/sti_usv/src/usv_sim/workspace_gz/plugins/SimpleHydrodynamics.cc:292:1:\x1b[m\x1b[K \x1b[01;31m\x1b[Kerror: \x1b[m\x1b[Kexpected constructor, destructor, or type conversion before \xe2\x80\x98\x1b[01m\x1b[KGZ_ADD_PLUGIN_ALIAS\x1b[m\x1b[K\xe2\x80\x99\n'}
[14.873159] (workspace_gz) StderrLine: {'line': b'  292 | \x1b[01;31m\x1b[KGZ_ADD_PLUGIN_ALIAS\x1b[m\x1b[K(vrx::SimpleHydrodynamics,\n'}
[14.873255] (workspace_gz) StderrLine: {'line': b'      | \x1b[01;31m\x1b[K^~~~~~~~~~~~~~~~~~~\x1b[m\x1b[K\n'}
[14.899461] (-) TimerEvent: {}
[14.999912] (-) TimerEvent: {}
[15.100300] (-) TimerEvent: {}
[15.204587] (-) TimerEvent: {}
[15.304974] (-) TimerEvent: {}
[15.405506] (-) TimerEvent: {}
[15.506248] (-) TimerEvent: {}
[15.606722] (-) TimerEvent: {}
[15.707374] (-) TimerEvent: {}
[15.811385] (-) TimerEvent: {}
[15.911778] (-) TimerEvent: {}
[16.012163] (-) TimerEvent: {}
[16.112585] (-) TimerEvent: {}
[16.212954] (-) TimerEvent: {}
[16.314145] (-) TimerEvent: {}
[16.415363] (-) TimerEvent: {}
[16.515716] (-) TimerEvent: {}
[16.616089] (-) TimerEvent: {}
[16.625229] (workspace_gz) StderrLine: {'line': b'In file included from \x1b[01m\x1b[K/home/aliomacc/sti_usv/src/usv_sim/workspace_gz/plugins/StationkeepingScoringPlugin.hh:22\x1b[m\x1b[K,\n'}
[16.625560] (workspace_gz) StderrLine: {'line': b'                 from \x1b[01m\x1b[K/home/aliomacc/sti_usv/src/usv_sim/workspace_gz/plugins/StationkeepingScoringPlugin.cc:26\x1b[m\x1b[K:\n'}
[16.625708] (workspace_gz) StderrLine: {'line': b'\x1b[01m\x1b[K/home/aliomacc/sti_usv/src/usv_sim/workspace_gz/plugins/ScoringPlugin.hh:217:30:\x1b[m\x1b[K \x1b[01;31m\x1b[Kerror: \x1b[m\x1b[K\xe2\x80\x98\x1b[01m\x1b[KdataPtr\x1b[m\x1b[K\xe2\x80\x99 has not been declared\n'}
[16.625831] (workspace_gz) StderrLine: {'line': b'  217 |     GZ_UTILS_UNIQUE_IMPL_PTR(\x1b[01;31m\x1b[KdataPtr\x1b[m\x1b[K)\n'}
[16.625956] (workspace_gz) StderrLine: {'line': b'      |                              \x1b[01;31m\x1b[K^~~~~~~\x1b[m\x1b[K\n'}
[16.626083] (workspace_gz) StderrLine: {'line': b'\x1b[01m\x1b[K/home/aliomacc/sti_usv/src/usv_sim/workspace_gz/plugins/ScoringPlugin.hh:217:5:\x1b[m\x1b[K \x1b[01;31m\x1b[Kerror: \x1b[m\x1b[KISO C++ forbids declaration of \xe2\x80\x98\x1b[01m\x1b[KGZ_UTILS_UNIQUE_IMPL_PTR\x1b[m\x1b[K\xe2\x80\x99 with no type [\x1b[01;31m\x1b[K\x1b]8;;https://gcc.gnu.org/onlinedocs/gcc/Warning-Options.html#index-fpermissive\x07-fpermissive\x1b]8;;\x07\x1b[m\x1b[K]\n'}
[16.626219] (workspace_gz) StderrLine: {'line': b'  217 |     \x1b[01;31m\x1b[KGZ_UTILS_UNIQUE_IMPL_PTR\x1b[m\x1b[K(dataPtr)\n'}
[16.628526] (workspace_gz) StderrLine: {'line': b'      |     \x1b[01;31m\x1b[K^~~~~~~~~~~~~~~~~~~~~~~~\x1b[m\x1b[K\n'}
[16.628709] (workspace_gz) StderrLine: {'line': b'\x1b[01m\x1b[K/home/aliomacc/sti_usv/src/usv_sim/workspace_gz/plugins/ScoringPlugin.hh:217:37:\x1b[m\x1b[K \x1b[01;31m\x1b[Kerror: \x1b[m\x1b[Kexpected \xe2\x80\x98\x1b[01m\x1b[K;\x1b[m\x1b[K\xe2\x80\x99 at end of member declaration\n'}
[16.628841] (workspace_gz) StderrLine: {'line': b'  217 |     GZ_UTILS_UNIQUE_IMPL_PTR(dataPtr\x1b[01;31m\x1b[K)\x1b[m\x1b[K\n'}
[16.628955] (workspace_gz) StderrLine: {'line': b'      |                                     \x1b[01;31m\x1b[K^\x1b[m\x1b[K\n'}
[16.629055] (workspace_gz) StderrLine: {'line': b'      |                                      \x1b[32m\x1b[K;\x1b[m\x1b[K\n'}
[16.629154] (workspace_gz) StderrLine: {'line': b'In file included from \x1b[01m\x1b[K/home/aliomacc/sti_usv/src/usv_sim/workspace_gz/plugins/StationkeepingScoringPlugin.cc:26\x1b[m\x1b[K:\n'}
[16.629264] (workspace_gz) StderrLine: {'line': b'\x1b[01m\x1b[K/home/aliomacc/sti_usv/src/usv_sim/workspace_gz/plugins/StationkeepingScoringPlugin.hh:65:30:\x1b[m\x1b[K \x1b[01;31m\x1b[Kerror: \x1b[m\x1b[K\xe2\x80\x98\x1b[01m\x1b[KdataPtr\x1b[m\x1b[K\xe2\x80\x99 has not been declared\n'}
[16.629406] (workspace_gz) StderrLine: {'line': b'   65 |     GZ_UTILS_UNIQUE_IMPL_PTR(\x1b[01;31m\x1b[KdataPtr\x1b[m\x1b[K)\n'}
[16.629520] (workspace_gz) StderrLine: {'line': b'      |                              \x1b[01;31m\x1b[K^~~~~~~\x1b[m\x1b[K\n'}
[16.629632] (workspace_gz) StderrLine: {'line': b'\x1b[01m\x1b[K/home/aliomacc/sti_usv/src/usv_sim/workspace_gz/plugins/StationkeepingScoringPlugin.hh:65:5:\x1b[m\x1b[K \x1b[01;31m\x1b[Kerror: \x1b[m\x1b[KISO C++ forbids declaration of \xe2\x80\x98\x1b[01m\x1b[KGZ_UTILS_UNIQUE_IMPL_PTR\x1b[m\x1b[K\xe2\x80\x99 with no type [\x1b[01;31m\x1b[K\x1b]8;;https://gcc.gnu.org/onlinedocs/gcc/Warning-Options.html#index-fpermissive\x07-fpermissive\x1b]8;;\x07\x1b[m\x1b[K]\n'}
[16.629751] (workspace_gz) StderrLine: {'line': b'   65 |     \x1b[01;31m\x1b[KGZ_UTILS_UNIQUE_IMPL_PTR\x1b[m\x1b[K(dataPtr)\n'}
[16.629875] (workspace_gz) StderrLine: {'line': b'      |     \x1b[01;31m\x1b[K^~~~~~~~~~~~~~~~~~~~~~~~\x1b[m\x1b[K\n'}
[16.629993] (workspace_gz) StderrLine: {'line': b'\x1b[01m\x1b[K/home/aliomacc/sti_usv/src/usv_sim/workspace_gz/plugins/StationkeepingScoringPlugin.hh:65:37:\x1b[m\x1b[K \x1b[01;31m\x1b[Kerror: \x1b[m\x1b[Kexpected \xe2\x80\x98\x1b[01m\x1b[K;\x1b[m\x1b[K\xe2\x80\x99 at end of member declaration\n'}
[16.630106] (workspace_gz) StderrLine: {'line': b'   65 |     GZ_UTILS_UNIQUE_IMPL_PTR(dataPtr\x1b[01;31m\x1b[K)\x1b[m\x1b[K\n'}
[16.630218] (workspace_gz) StderrLine: {'line': b'      |                                     \x1b[01;31m\x1b[K^\x1b[m\x1b[K\n'}
[16.630353] (workspace_gz) StderrLine: {'line': b'      |                                      \x1b[32m\x1b[K;\x1b[m\x1b[K\n'}
[16.630465] (workspace_gz) StderrLine: {'line': b'\x1b[01m\x1b[K/home/aliomacc/sti_usv/src/usv_sim/workspace_gz/plugins/StationkeepingScoringPlugin.cc:34:1:\x1b[m\x1b[K \x1b[01;31m\x1b[Kerror: \x1b[m\x1b[Kqualified name does not name a class before \xe2\x80\x98\x1b[01m\x1b[K{\x1b[m\x1b[K\xe2\x80\x99 token\n'}
[16.630584] (workspace_gz) StderrLine: {'line': b'   34 | \x1b[01;31m\x1b[K{\x1b[m\x1b[K\n'}
[16.630693] (workspace_gz) StderrLine: {'line': b'      | \x1b[01;31m\x1b[K^\x1b[m\x1b[K\n'}
[16.630780] (workspace_gz) StderrLine: {'line': b'\x1b[01m\x1b[K/home/aliomacc/sti_usv/src/usv_sim/workspace_gz/plugins/StationkeepingScoringPlugin.cc:\x1b[m\x1b[K In constructor \xe2\x80\x98\x1b[01m\x1b[Kvrx::StationkeepingScoringPlugin::StationkeepingScoringPlugin()\x1b[m\x1b[K\xe2\x80\x99:\n'}
[16.630875] (workspace_gz) StderrLine: {'line': b'\x1b[01m\x1b[K/home/aliomacc/sti_usv/src/usv_sim/workspace_gz/plugins/StationkeepingScoringPlugin.cc:105:3:\x1b[m\x1b[K \x1b[01;31m\x1b[Kerror: \x1b[m\x1b[Kclass \xe2\x80\x98\x1b[01m\x1b[Kvrx::StationkeepingScoringPlugin\x1b[m\x1b[K\xe2\x80\x99 does not have any field named \xe2\x80\x98\x1b[01m\x1b[KdataPtr\x1b[m\x1b[K\xe2\x80\x99\n'}
[16.630984] (workspace_gz) StderrLine: {'line': b'  105 |   \x1b[01;31m\x1b[KdataPtr\x1b[m\x1b[K(utils::MakeUniqueImpl<Implementation>())\n'}
[16.631087] (workspace_gz) StderrLine: {'line': b'      |   \x1b[01;31m\x1b[K^~~~~~~\x1b[m\x1b[K\n'}
[16.649362] (workspace_gz) StderrLine: {'line': b'\x1b[01m\x1b[K/home/aliomacc/sti_usv/src/usv_sim/workspace_gz/plugins/StationkeepingScoringPlugin.cc:105:33:\x1b[m\x1b[K \x1b[01;31m\x1b[Kerror: \x1b[m\x1b[K\xe2\x80\x98\x1b[01m\x1b[KImplementation\x1b[m\x1b[K\xe2\x80\x99 was not declared in this scope\n'}
[16.649629] (workspace_gz) StderrLine: {'line': b'  105 |   dataPtr(utils::MakeUniqueImpl<\x1b[01;31m\x1b[KImplementation\x1b[m\x1b[K>())\n'}
[16.649751] (workspace_gz) StderrLine: {'line': b'      |                                 \x1b[01;31m\x1b[K^~~~~~~~~~~~~~\x1b[m\x1b[K\n'}
[16.649850] (workspace_gz) StderrLine: {'line': b'\x1b[01m\x1b[K/home/aliomacc/sti_usv/src/usv_sim/workspace_gz/plugins/StationkeepingScoringPlugin.cc:105:48:\x1b[m\x1b[K \x1b[01;31m\x1b[Kerror: \x1b[m\x1b[Kno matching function for call to \xe2\x80\x98\x1b[01m\x1b[KMakeUniqueImpl<<expression error> >()\x1b[m\x1b[K\xe2\x80\x99\n'}
[16.649940] (workspace_gz) StderrLine: {'line': b'  105 |   dataPtr(\x1b[01;31m\x1b[Kutils::MakeUniqueImpl<Implementation>()\x1b[m\x1b[K)\n'}
[16.650041] (workspace_gz) StderrLine: {'line': b'      |           \x1b[01;31m\x1b[K~~~~~~~~~~~~~~~~~~~~~~~~~~~~~~~~~~~~~^~\x1b[m\x1b[K\n'}
[16.650130] (workspace_gz) StderrLine: {'line': b'In file included from \x1b[01m\x1b[K/usr/include/ignition/utils1/gz/utils/ImplPtr.hh:259\x1b[m\x1b[K,\n'}
[16.650219] (workspace_gz) StderrLine: {'line': b'                 from \x1b[01m\x1b[K/usr/include/ignition/sdformat12/sdf/Sensor.hh:23\x1b[m\x1b[K,\n'}
[16.650322] (workspace_gz) StderrLine: {'line': b'                 from \x1b[01m\x1b[K/usr/include/ignition/gazebo6/gz/sim/components/Serialization.hh:35\x1b[m\x1b[K,\n'}
[16.650426] (workspace_gz) StderrLine: {'line': b'                 from \x1b[01m\x1b[K/usr/include/ignition/gazebo6/gz/sim/components/Name.hh:23\x1b[m\x1b[K,\n'}
[16.650525] (workspace_gz) StderrLine: {'line': b'                 from \x1b[01m\x1b[K/home/aliomacc/sti_usv/src/usv_sim/workspace_gz/plugins/StationkeepingScoringPlugin.cc:18\x1b[m\x1b[K:\n'}
[16.650634] (workspace_gz) StderrLine: {'line': b'\x1b[01m\x1b[K/usr/include/ignition/utils1/gz/utils/detail/ImplPtr.hh:142:22:\x1b[m\x1b[K \x1b[01;36m\x1b[Knote: \x1b[m\x1b[Kcandidate: \xe2\x80\x98\x1b[01m\x1b[Ktemplate<class T, class ... Args> ignition::utils::UniqueImplPtr<T> ignition::utils::MakeUniqueImpl(Args&& ...)\x1b[m\x1b[K\xe2\x80\x99\n'}
[16.650742] (workspace_gz) StderrLine: {'line': b'  142 |     UniqueImplPtr<T> \x1b[01;36m\x1b[KMakeUniqueImpl\x1b[m\x1b[K(Args &&...args)\n'}
[16.650841] (workspace_gz) StderrLine: {'line': b'      |                      \x1b[01;36m\x1b[K^~~~~~~~~~~~~~\x1b[m\x1b[K\n'}
[16.650946] (workspace_gz) StderrLine: {'line': b'\x1b[01m\x1b[K/usr/include/ignition/utils1/gz/utils/detail/ImplPtr.hh:142:22:\x1b[m\x1b[K \x1b[01;36m\x1b[Knote: \x1b[m\x1b[K  template argument deduction/substitution failed:\n'}
[16.651056] (workspace_gz) StderrLine: {'line': b'\x1b[01m\x1b[K/home/aliomacc/sti_usv/src/usv_sim/workspace_gz/plugins/StationkeepingScoringPlugin.cc:105:48:\x1b[m\x1b[K \x1b[01;31m\x1b[Kerror: \x1b[m\x1b[Ktemplate argument 1 is invalid\n'}
[16.651166] (workspace_gz) StderrLine: {'line': b'  105 |   dataPtr(\x1b[01;31m\x1b[Kutils::MakeUniqueImpl<Implementation>()\x1b[m\x1b[K)\n'}
[16.651274] (workspace_gz) StderrLine: {'line': b'      |           \x1b[01;31m\x1b[K~~~~~~~~~~~~~~~~~~~~~~~~~~~~~~~~~~~~~^~\x1b[m\x1b[K\n'}
[16.651399] (workspace_gz) StderrLine: {'line': b'\x1b[01m\x1b[K/home/aliomacc/sti_usv/src/usv_sim/workspace_gz/plugins/StationkeepingScoringPlugin.cc:\x1b[m\x1b[K In member function \xe2\x80\x98\x1b[01m\x1b[Kvirtual void vrx::StationkeepingScoringPlugin::Configure(const Entity&, const std::shared_ptr<const sdf::v12::Element>&, ignition::gazebo::v6::EntityComponentManager&, ignition::gazebo::v6::EventManager&)\x1b[m\x1b[K\xe2\x80\x99:\n'}
[16.651514] (workspace_gz) StderrLine: {'line': b'\x1b[01m\x1b[K/home/aliomacc/sti_usv/src/usv_sim/workspace_gz/plugins/StationkeepingScoringPlugin.cc:121:9:\x1b[m\x1b[K \x1b[01;31m\x1b[Kerror: \x1b[m\x1b[K\xe2\x80\x98\x1b[01m\x1b[Kclass vrx::StationkeepingScoringPlugin\x1b[m\x1b[K\xe2\x80\x99 has no member named \xe2\x80\x98\x1b[01m\x1b[KdataPtr\x1b[m\x1b[K\xe2\x80\x99\n'}
[16.651625] (workspace_gz) StderrLine: {'line': b'  121 |   this->\x1b[01;31m\x1b[KdataPtr\x1b[m\x1b[K->sc = world.SphericalCoordinates(_ecm).value();\n'}
[16.651735] (workspace_gz) StderrLine: {'line': b'      |         \x1b[01;31m\x1b[K^~~~~~~\x1b[m\x1b[K\n'}
[16.663355] (workspace_gz) StderrLine: {'line': b'\x1b[01m\x1b[K/home/aliomacc/sti_usv/src/usv_sim/workspace_gz/plugins/StationkeepingScoringPlugin.cc:142:11:\x1b[m\x1b[K \x1b[01;31m\x1b[Kerror: \x1b[m\x1b[K\xe2\x80\x98\x1b[01m\x1b[Kclass vrx::StationkeepingScoringPlugin\x1b[m\x1b[K\xe2\x80\x99 has no member named \xe2\x80\x98\x1b[01m\x1b[KdataPtr\x1b[m\x1b[K\xe2\x80\x99\n'}
[16.664417] (workspace_gz) StderrLine: {'line': b'  142 |     this->\x1b[01;31m\x1b[KdataPtr\x1b[m\x1b[K->goalLat = latlonyaw.X();\n'}
[16.664582] (workspace_gz) StderrLine: {'line': b'      |           \x1b[01;31m\x1b[K^~~~~~~\x1b[m\x1b[K\n'}
[16.664692] (workspace_gz) StderrLine: {'line': b'\x1b[01m\x1b[K/home/aliomacc/sti_usv/src/usv_sim/workspace_gz/plugins/StationkeepingScoringPlugin.cc:143:11:\x1b[m\x1b[K \x1b[01;31m\x1b[Kerror: \x1b[m\x1b[K\xe2\x80\x98\x1b[01m\x1b[Kclass vrx::StationkeepingScoringPlugin\x1b[m\x1b[K\xe2\x80\x99 has no member named \xe2\x80\x98\x1b[01m\x1b[KdataPtr\x1b[m\x1b[K\xe2\x80\x99\n'}
[16.664789] (workspace_gz) StderrLine: {'line': b'  143 |     this->\x1b[01;31m\x1b[KdataPtr\x1b[m\x1b[K->goalLon = latlonyaw.Y();\n'}
[16.664876] (workspace_gz) StderrLine: {'line': b'      |           \x1b[01;31m\x1b[K^~~~~~~\x1b[m\x1b[K\n'}
[16.664971] (workspace_gz) StderrLine: {'line': b'\x1b[01m\x1b[K/home/aliomacc/sti_usv/src/usv_sim/workspace_gz/plugins/StationkeepingScoringPlugin.cc:147:32:\x1b[m\x1b[K \x1b[01;31m\x1b[Kerror: \x1b[m\x1b[K\xe2\x80\x98\x1b[01m\x1b[Kclass vrx::StationkeepingScoringPlugin\x1b[m\x1b[K\xe2\x80\x99 has no member named \xe2\x80\x98\x1b[01m\x1b[KdataPtr\x1b[m\x1b[K\xe2\x80\x99\n'}
[16.665083] (workspace_gz) StderrLine: {'line': b'  147 |     math::Vector3d scVec(this->\x1b[01;31m\x1b[KdataPtr\x1b[m\x1b[K->goalLat, this->dataPtr->goalLon, 0.0);\n'}
[16.665174] (workspace_gz) StderrLine: {'line': b'      |                                \x1b[01;31m\x1b[K^~~~~~~\x1b[m\x1b[K\n'}
[16.665263] (workspace_gz) StderrLine: {'line': b'\x1b[01m\x1b[K/home/aliomacc/sti_usv/src/usv_sim/workspace_gz/plugins/StationkeepingScoringPlugin.cc:147:56:\x1b[m\x1b[K \x1b[01;31m\x1b[Kerror: \x1b[m\x1b[K\xe2\x80\x98\x1b[01m\x1b[Kclass vrx::StationkeepingScoringPlugin\x1b[m\x1b[K\xe2\x80\x99 has no member named \xe2\x80\x98\x1b[01m\x1b[KdataPtr\x1b[m\x1b[K\xe2\x80\x99\n'}
[16.665381] (workspace_gz) StderrLine: {'line': b'  147 |     math::Vector3d scVec(this->dataPtr->goalLat, this->\x1b[01;31m\x1b[KdataPtr\x1b[m\x1b[K->goalLon, 0.0);\n'}
[16.665479] (workspace_gz) StderrLine: {'line': b'      |                                                        \x1b[01;31m\x1b[K^~~~~~~\x1b[m\x1b[K\n'}
[16.665575] (workspace_gz) StderrLine: {'line': b'\x1b[01m\x1b[K/home/aliomacc/sti_usv/src/usv_sim/workspace_gz/plugins/StationkeepingScoringPlugin.cc:149:13:\x1b[m\x1b[K \x1b[01;31m\x1b[Kerror: \x1b[m\x1b[K\xe2\x80\x98\x1b[01m\x1b[Kclass vrx::StationkeepingScoringPlugin\x1b[m\x1b[K\xe2\x80\x99 has no member named \xe2\x80\x98\x1b[01m\x1b[KdataPtr\x1b[m\x1b[K\xe2\x80\x99\n'}
[16.665673] (workspace_gz) StderrLine: {'line': b'  149 |       this->\x1b[01;31m\x1b[KdataPtr\x1b[m\x1b[K->sc.LocalFromSphericalPosition(scVec);\n'}
[16.665766] (workspace_gz) StderrLine: {'line': b'      |             \x1b[01;31m\x1b[K^~~~~~~\x1b[m\x1b[K\n'}
[16.665867] (workspace_gz) StderrLine: {'line': b'\x1b[01m\x1b[K/home/aliomacc/sti_usv/src/usv_sim/workspace_gz/plugins/StationkeepingScoringPlugin.cc:152:11:\x1b[m\x1b[K \x1b[01;31m\x1b[Kerror: \x1b[m\x1b[K\xe2\x80\x98\x1b[01m\x1b[Kclass vrx::StationkeepingScoringPlugin\x1b[m\x1b[K\xe2\x80\x99 has no member named \xe2\x80\x98\x1b[01m\x1b[KdataPtr\x1b[m\x1b[K\xe2\x80\x99\n'}
[16.665973] (workspace_gz) StderrLine: {'line': b'  152 |     this->\x1b[01;31m\x1b[KdataPtr\x1b[m\x1b[K->goalX = cartVec.X();\n'}
[16.666077] (workspace_gz) StderrLine: {'line': b'      |           \x1b[01;31m\x1b[K^~~~~~~\x1b[m\x1b[K\n'}
[16.666182] (workspace_gz) StderrLine: {'line': b'\x1b[01m\x1b[K/home/aliomacc/sti_usv/src/usv_sim/workspace_gz/plugins/StationkeepingScoringPlugin.cc:153:11:\x1b[m\x1b[K \x1b[01;31m\x1b[Kerror: \x1b[m\x1b[K\xe2\x80\x98\x1b[01m\x1b[Kclass vrx::StationkeepingScoringPlugin\x1b[m\x1b[K\xe2\x80\x99 has no member named \xe2\x80\x98\x1b[01m\x1b[KdataPtr\x1b[m\x1b[K\xe2\x80\x99\n'}
[16.666300] (workspace_gz) StderrLine: {'line': b'  153 |     this->\x1b[01;31m\x1b[KdataPtr\x1b[m\x1b[K->goalY = cartVec.Y();\n'}
[16.666429] (workspace_gz) StderrLine: {'line': b'      |           \x1b[01;31m\x1b[K^~~~~~~\x1b[m\x1b[K\n'}
[16.666536] (workspace_gz) StderrLine: {'line': b'\x1b[01m\x1b[K/home/aliomacc/sti_usv/src/usv_sim/workspace_gz/plugins/StationkeepingScoringPlugin.cc:154:11:\x1b[m\x1b[K \x1b[01;31m\x1b[Kerror: \x1b[m\x1b[K\xe2\x80\x98\x1b[01m\x1b[Kclass vrx::StationkeepingScoringPlugin\x1b[m\x1b[K\xe2\x80\x99 has no member named \xe2\x80\x98\x1b[01m\x1b[KdataPtr\x1b[m\x1b[K\xe2\x80\x99\n'}
[16.666652] (workspace_gz) StderrLine: {'line': b'  154 |     this->\x1b[01;31m\x1b[KdataPtr\x1b[m\x1b[K->goalYaw = latlonyaw.Z();\n'}
[16.666759] (workspace_gz) StderrLine: {'line': b'      |           \x1b[01;31m\x1b[K^~~~~~~\x1b[m\x1b[K\n'}
[16.666867] (workspace_gz) StderrLine: {'line': b'\x1b[01m\x1b[K/home/aliomacc/sti_usv/src/usv_sim/workspace_gz/plugins/StationkeepingScoringPlugin.cc:161:11:\x1b[m\x1b[K \x1b[01;31m\x1b[Kerror: \x1b[m\x1b[K\xe2\x80\x98\x1b[01m\x1b[Kclass vrx::StationkeepingScoringPlugin\x1b[m\x1b[K\xe2\x80\x99 has no member named \xe2\x80\x98\x1b[01m\x1b[KdataPtr\x1b[m\x1b[K\xe2\x80\x99\n'}
[16.666977] (workspace_gz) StderrLine: {'line': b'  161 |     this->\x1b[01;31m\x1b[KdataPtr\x1b[m\x1b[K->goalX = xyz.X();\n'}
[16.667084] (workspace_gz) StderrLine: {'line': b'      |           \x1b[01;31m\x1b[K^~~~~~~\x1b[m\x1b[K\n'}
[16.667204] (workspace_gz) StderrLine: {'line': b'\x1b[01m\x1b[K/home/aliomacc/sti_usv/src/usv_sim/workspace_gz/plugins/StationkeepingScoringPlugin.cc:162:11:\x1b[m\x1b[K \x1b[01;31m\x1b[Kerror: \x1b[m\x1b[K\xe2\x80\x98\x1b[01m\x1b[Kclass vrx::StationkeepingScoringPlugin\x1b[m\x1b[K\xe2\x80\x99 has no member named \xe2\x80\x98\x1b[01m\x1b[KdataPtr\x1b[m\x1b[K\xe2\x80\x99\n'}
[16.671481] (workspace_gz) StderrLine: {'line': b'  162 |     this->\x1b[01;31m\x1b[KdataPtr\x1b[m\x1b[K->goalY = xyz.Y();\n'}
[16.671700] (workspace_gz) StderrLine: {'line': b'      |           \x1b[01;31m\x1b[K^~~~~~~\x1b[m\x1b[K\n'}
[16.671828] (workspace_gz) StderrLine: {'line': b'\x1b[01m\x1b[K/home/aliomacc/sti_usv/src/usv_sim/workspace_gz/plugins/StationkeepingScoringPlugin.cc:166:34:\x1b[m\x1b[K \x1b[01;31m\x1b[Kerror: \x1b[m\x1b[K\xe2\x80\x98\x1b[01m\x1b[Kclass vrx::StationkeepingScoringPlugin\x1b[m\x1b[K\xe2\x80\x99 has no member named \xe2\x80\x98\x1b[01m\x1b[KdataPtr\x1b[m\x1b[K\xe2\x80\x99\n'}
[16.671937] (workspace_gz) StderrLine: {'line': b'  166 |     math::Vector3d cartVec(this->\x1b[01;31m\x1b[KdataPtr\x1b[m\x1b[K->goalX, this->dataPtr->goalY, xyz.Z());\n'}
[16.672050] (workspace_gz) StderrLine: {'line': b'      |                                  \x1b[01;31m\x1b[K^~~~~~~\x1b[m\x1b[K\n'}
[16.672172] (workspace_gz) StderrLine: {'line': b'\x1b[01m\x1b[K/home/aliomacc/sti_usv/src/usv_sim/workspace_gz/plugins/StationkeepingScoringPlugin.cc:166:56:\x1b[m\x1b[K \x1b[01;31m\x1b[Kerror: \x1b[m\x1b[K\xe2\x80\x98\x1b[01m\x1b[Kclass vrx::StationkeepingScoringPlugin\x1b[m\x1b[K\xe2\x80\x99 has no member named \xe2\x80\x98\x1b[01m\x1b[KdataPtr\x1b[m\x1b[K\xe2\x80\x99\n'}
[16.672317] (workspace_gz) StderrLine: {'line': b'  166 |     math::Vector3d cartVec(this->dataPtr->goalX, this->\x1b[01;31m\x1b[KdataPtr\x1b[m\x1b[K->goalY, xyz.Z());\n'}
[16.672440] (workspace_gz) StderrLine: {'line': b'      |                                                        \x1b[01;31m\x1b[K^~~~~~~\x1b[m\x1b[K\n'}
[16.672552] (workspace_gz) StderrLine: {'line': b'\x1b[01m\x1b[K/home/aliomacc/sti_usv/src/usv_sim/workspace_gz/plugins/StationkeepingScoringPlugin.cc:170:24:\x1b[m\x1b[K \x1b[01;31m\x1b[Kerror: \x1b[m\x1b[K\xe2\x80\x98\x1b[01m\x1b[Kclass vrx::StationkeepingScoringPlugin\x1b[m\x1b[K\xe2\x80\x99 has no member named \xe2\x80\x98\x1b[01m\x1b[KdataPtr\x1b[m\x1b[K\xe2\x80\x99\n'}
[16.672664] (workspace_gz) StderrLine: {'line': b'  170 |     auto scVec = this->\x1b[01;31m\x1b[KdataPtr\x1b[m\x1b[K->sc.PositionTransform(cartVec, in, out);\n'}
[16.672775] (workspace_gz) StderrLine: {'line': b'      |                        \x1b[01;31m\x1b[K^~~~~~~\x1b[m\x1b[K\n'}
[16.679600] (workspace_gz) StderrLine: {'line': b'\x1b[01m\x1b[K/home/aliomacc/sti_usv/src/usv_sim/workspace_gz/plugins/StationkeepingScoringPlugin.cc:171:13:\x1b[m\x1b[K \x1b[01;31m\x1b[Kerror: \x1b[m\x1b[K\xe2\x80\x98\x1b[01m\x1b[KGZ_RTOD\x1b[m\x1b[K\xe2\x80\x99 was not declared in this scope; did you mean \xe2\x80\x98\x1b[01m\x1b[KIGN_RTOD\x1b[m\x1b[K\xe2\x80\x99?\n'}
[16.683752] (workspace_gz) StderrLine: {'line': b'  171 |     scVec.X(\x1b[01;31m\x1b[KGZ_RTOD\x1b[m\x1b[K(scVec.X()));\n'}
[16.683991] (workspace_gz) StderrLine: {'line': b'      |             \x1b[01;31m\x1b[K^~~~~~~\x1b[m\x1b[K\n'}
[16.684104] (workspace_gz) StderrLine: {'line': b'      |             \x1b[32m\x1b[KIGN_RTOD\x1b[m\x1b[K\n'}
[16.684204] (workspace_gz) StderrLine: {'line': b'\x1b[01m\x1b[K/home/aliomacc/sti_usv/src/usv_sim/workspace_gz/plugins/StationkeepingScoringPlugin.cc:175:11:\x1b[m\x1b[K \x1b[01;31m\x1b[Kerror: \x1b[m\x1b[K\xe2\x80\x98\x1b[01m\x1b[Kclass vrx::StationkeepingScoringPlugin\x1b[m\x1b[K\xe2\x80\x99 has no member named \xe2\x80\x98\x1b[01m\x1b[KdataPtr\x1b[m\x1b[K\xe2\x80\x99\n'}
[16.684309] (workspace_gz) StderrLine: {'line': b'  175 |     this->\x1b[01;31m\x1b[KdataPtr\x1b[m\x1b[K->goalLat = scVec.X();\n'}
[16.684425] (workspace_gz) StderrLine: {'line': b'      |           \x1b[01;31m\x1b[K^~~~~~~\x1b[m\x1b[K\n'}
[16.684548] (workspace_gz) StderrLine: {'line': b'\x1b[01m\x1b[K/home/aliomacc/sti_usv/src/usv_sim/workspace_gz/plugins/StationkeepingScoringPlugin.cc:176:11:\x1b[m\x1b[K \x1b[01;31m\x1b[Kerror: \x1b[m\x1b[K\xe2\x80\x98\x1b[01m\x1b[Kclass vrx::StationkeepingScoringPlugin\x1b[m\x1b[K\xe2\x80\x99 has no member named \xe2\x80\x98\x1b[01m\x1b[KdataPtr\x1b[m\x1b[K\xe2\x80\x99\n'}
[16.684696] (workspace_gz) StderrLine: {'line': b'  176 |     this->\x1b[01;31m\x1b[KdataPtr\x1b[m\x1b[K->goalLon = scVec.Y();\n'}
[16.684828] (workspace_gz) StderrLine: {'line': b'      |           \x1b[01;31m\x1b[K^~~~~~~\x1b[m\x1b[K\n'}
[16.684946] (workspace_gz) StderrLine: {'line': b'\x1b[01m\x1b[K/home/aliomacc/sti_usv/src/usv_sim/workspace_gz/plugins/StationkeepingScoringPlugin.cc:177:11:\x1b[m\x1b[K \x1b[01;31m\x1b[Kerror: \x1b[m\x1b[K\xe2\x80\x98\x1b[01m\x1b[Kclass vrx::StationkeepingScoringPlugin\x1b[m\x1b[K\xe2\x80\x99 has no member named \xe2\x80\x98\x1b[01m\x1b[KdataPtr\x1b[m\x1b[K\xe2\x80\x99\n'}
[16.685071] (workspace_gz) StderrLine: {'line': b'  177 |     this->\x1b[01;31m\x1b[KdataPtr\x1b[m\x1b[K->goalYaw = scVec.Z();\n'}
[16.685861] (workspace_gz) StderrLine: {'line': b'      |           \x1b[01;31m\x1b[K^~~~~~~\x1b[m\x1b[K\n'}
[16.686008] (workspace_gz) StderrLine: {'line': b'\x1b[01m\x1b[K/home/aliomacc/sti_usv/src/usv_sim/workspace_gz/plugins/StationkeepingScoringPlugin.cc:181:63:\x1b[m\x1b[K \x1b[01;31m\x1b[Kerror: \x1b[m\x1b[K\xe2\x80\x98\x1b[01m\x1b[Kclass vrx::StationkeepingScoringPlugin\x1b[m\x1b[K\xe2\x80\x99 has no member named \xe2\x80\x98\x1b[01m\x1b[KdataPtr\x1b[m\x1b[K\xe2\x80\x99\n'}
[16.686151] (workspace_gz) StderrLine: {'line': b'  181 |   ignmsg << "Stationkeeping Goal, Spherical: Lat = " << this->\x1b[01;31m\x1b[KdataPtr\x1b[m\x1b[K->goalLat\n'}
[16.686291] (workspace_gz) StderrLine: {'line': b'      |                                                               \x1b[01;31m\x1b[K^~~~~~~\x1b[m\x1b[K\n'}
[16.686610] (workspace_gz) StderrLine: {'line': b'\x1b[01m\x1b[K/home/aliomacc/sti_usv/src/usv_sim/workspace_gz/plugins/StationkeepingScoringPlugin.cc:182:32:\x1b[m\x1b[K \x1b[01;31m\x1b[Kerror: \x1b[m\x1b[K\xe2\x80\x98\x1b[01m\x1b[Kclass vrx::StationkeepingScoringPlugin\x1b[m\x1b[K\xe2\x80\x99 has no member named \xe2\x80\x98\x1b[01m\x1b[KdataPtr\x1b[m\x1b[K\xe2\x80\x99\n'}
[16.686733] (workspace_gz) StderrLine: {'line': b'  182 |          << " Lon = " << this->\x1b[01;31m\x1b[KdataPtr\x1b[m\x1b[K->goalLon << std::endl;\n'}
[16.686847] (workspace_gz) StderrLine: {'line': b'      |                                \x1b[01;31m\x1b[K^~~~~~~\x1b[m\x1b[K\n'}
[16.686959] (workspace_gz) StderrLine: {'line': b'\x1b[01m\x1b[K/home/aliomacc/sti_usv/src/usv_sim/workspace_gz/plugins/StationkeepingScoringPlugin.cc:183:57:\x1b[m\x1b[K \x1b[01;31m\x1b[Kerror: \x1b[m\x1b[K\xe2\x80\x98\x1b[01m\x1b[Kclass vrx::StationkeepingScoringPlugin\x1b[m\x1b[K\xe2\x80\x99 has no member named \xe2\x80\x98\x1b[01m\x1b[KdataPtr\x1b[m\x1b[K\xe2\x80\x99\n'}
[16.687068] (workspace_gz) StderrLine: {'line': b'  183 |   ignmsg << "Stationkeeping Goal, Local: X = " << this->\x1b[01;31m\x1b[KdataPtr\x1b[m\x1b[K->goalX\n'}
[16.687166] (workspace_gz) StderrLine: {'line': b'      |                                                         \x1b[01;31m\x1b[K^~~~~~~\x1b[m\x1b[K\n'}
[16.687273] (workspace_gz) StderrLine: {'line': b'\x1b[01m\x1b[K/home/aliomacc/sti_usv/src/usv_sim/workspace_gz/plugins/StationkeepingScoringPlugin.cc:184:30:\x1b[m\x1b[K \x1b[01;31m\x1b[Kerror: \x1b[m\x1b[K\xe2\x80\x98\x1b[01m\x1b[Kclass vrx::StationkeepingScoringPlugin\x1b[m\x1b[K\xe2\x80\x99 has no member named \xe2\x80\x98\x1b[01m\x1b[KdataPtr\x1b[m\x1b[K\xe2\x80\x99\n'}
[16.687404] (workspace_gz) StderrLine: {'line': b'  184 |          << " Y = " << this->\x1b[01;31m\x1b[KdataPtr\x1b[m\x1b[K->goalY << " Yaw = "\n'}
[16.687527] (workspace_gz) StderrLine: {'line': b'      |                              \x1b[01;31m\x1b[K^~~~~~~\x1b[m\x1b[K\n'}
[16.687640] (workspace_gz) StderrLine: {'line': b'\x1b[01m\x1b[K/home/aliomacc/sti_usv/src/usv_sim/workspace_gz/plugins/StationkeepingScoringPlugin.cc:185:19:\x1b[m\x1b[K \x1b[01;31m\x1b[Kerror: \x1b[m\x1b[K\xe2\x80\x98\x1b[01m\x1b[Kclass vrx::StationkeepingScoringPlugin\x1b[m\x1b[K\xe2\x80\x99 has no member named \xe2\x80\x98\x1b[01m\x1b[KdataPtr\x1b[m\x1b[K\xe2\x80\x99\n'}
[16.687786] (workspace_gz) StderrLine: {'line': b'  185 |          << this->\x1b[01;31m\x1b[KdataPtr\x1b[m\x1b[K->goalYaw << std::endl;\n'}
[16.687897] (workspace_gz) StderrLine: {'line': b'      |                   \x1b[01;31m\x1b[K^~~~~~~\x1b[m\x1b[K\n'}
[16.688009] (workspace_gz) StderrLine: {'line': b'\x1b[01m\x1b[K/home/aliomacc/sti_usv/src/usv_sim/workspace_gz/plugins/StationkeepingScoringPlugin.cc:188:27:\x1b[m\x1b[K \x1b[01;31m\x1b[Kerror: \x1b[m\x1b[K\xe2\x80\x98\x1b[01m\x1b[Kclass vrx::StationkeepingScoringPlugin\x1b[m\x1b[K\xe2\x80\x99 has no member named \xe2\x80\x98\x1b[01m\x1b[KdataPtr\x1b[m\x1b[K\xe2\x80\x99\n'}
[16.688124] (workspace_gz) StderrLine: {'line': b'  188 |   math::Pose3d pose(this->\x1b[01;31m\x1b[KdataPtr\x1b[m\x1b[K->goalLat, this->dataPtr->goalLon,\n'}
[16.688233] (workspace_gz) StderrLine: {'line': b'      |                           \x1b[01;31m\x1b[K^~~~~~~\x1b[m\x1b[K\n'}
[16.690567] (workspace_gz) StderrLine: {'line': b'\x1b[01m\x1b[K/home/aliomacc/sti_usv/src/usv_sim/workspace_gz/plugins/StationkeepingScoringPlugin.cc:188:51:\x1b[m\x1b[K \x1b[01;31m\x1b[Kerror: \x1b[m\x1b[K\xe2\x80\x98\x1b[01m\x1b[Kclass vrx::StationkeepingScoringPlugin\x1b[m\x1b[K\xe2\x80\x99 has no member named \xe2\x80\x98\x1b[01m\x1b[KdataPtr\x1b[m\x1b[K\xe2\x80\x99\n'}
[16.690752] (workspace_gz) StderrLine: {'line': b'  188 |   math::Pose3d pose(this->dataPtr->goalLat, this->\x1b[01;31m\x1b[KdataPtr\x1b[m\x1b[K->goalLon,\n'}
[16.690882] (workspace_gz) StderrLine: {'line': b'      |                                                   \x1b[01;31m\x1b[K^~~~~~~\x1b[m\x1b[K\n'}
[16.691011] (workspace_gz) StderrLine: {'line': b'\x1b[01m\x1b[K/home/aliomacc/sti_usv/src/usv_sim/workspace_gz/plugins/StationkeepingScoringPlugin.cc:189:20:\x1b[m\x1b[K \x1b[01;31m\x1b[Kerror: \x1b[m\x1b[K\xe2\x80\x98\x1b[01m\x1b[Kclass vrx::StationkeepingScoringPlugin\x1b[m\x1b[K\xe2\x80\x99 has no member named \xe2\x80\x98\x1b[01m\x1b[KdataPtr\x1b[m\x1b[K\xe2\x80\x99\n'}
[16.691132] (workspace_gz) StderrLine: {'line': b'  189 |     0, 0, 0, this->\x1b[01;31m\x1b[KdataPtr\x1b[m\x1b[K->goalYaw);\n'}
[16.691243] (workspace_gz) StderrLine: {'line': b'      |                    \x1b[01;31m\x1b[K^~~~~~~\x1b[m\x1b[K\n'}
[16.691383] (workspace_gz) StderrLine: {'line': b'\x1b[01m\x1b[K/home/aliomacc/sti_usv/src/usv_sim/workspace_gz/plugins/StationkeepingScoringPlugin.cc:190:19:\x1b[m\x1b[K \x1b[01;31m\x1b[Kerror: \x1b[m\x1b[K\xe2\x80\x98\x1b[01m\x1b[Kclass vrx::StationkeepingScoringPlugin\x1b[m\x1b[K\xe2\x80\x99 has no member named \xe2\x80\x98\x1b[01m\x1b[KdataPtr\x1b[m\x1b[K\xe2\x80\x99\n'}
[16.691505] (workspace_gz) StderrLine: {'line': b'  190 |   msgs::Set(this->\x1b[01;31m\x1b[KdataPtr\x1b[m\x1b[K->goalMsg.mutable_position(), pose.Pos());\n'}
[16.691617] (workspace_gz) StderrLine: {'line': b'      |                   \x1b[01;31m\x1b[K^~~~~~~\x1b[m\x1b[K\n'}
[16.691730] (workspace_gz) StderrLine: {'line': b'\x1b[01m\x1b[K/home/aliomacc/sti_usv/src/usv_sim/workspace_gz/plugins/StationkeepingScoringPlugin.cc:191:19:\x1b[m\x1b[K \x1b[01;31m\x1b[Kerror: \x1b[m\x1b[K\xe2\x80\x98\x1b[01m\x1b[Kclass vrx::StationkeepingScoringPlugin\x1b[m\x1b[K\xe2\x80\x99 has no member named \xe2\x80\x98\x1b[01m\x1b[KdataPtr\x1b[m\x1b[K\xe2\x80\x99\n'}
[16.691844] (workspace_gz) StderrLine: {'line': b'  191 |   msgs::Set(this->\x1b[01;31m\x1b[KdataPtr\x1b[m\x1b[K->goalMsg.mutable_orientation(), pose.Rot());\n'}
[16.691956] (workspace_gz) StderrLine: {'line': b'      |                   \x1b[01;31m\x1b[K^~~~~~~\x1b[m\x1b[K\n'}
[16.692067] (workspace_gz) StderrLine: {'line': b'\x1b[01m\x1b[K/home/aliomacc/sti_usv/src/usv_sim/workspace_gz/plugins/StationkeepingScoringPlugin.cc:198:11:\x1b[m\x1b[K \x1b[01;31m\x1b[Kerror: \x1b[m\x1b[K\xe2\x80\x98\x1b[01m\x1b[Kclass vrx::StationkeepingScoringPlugin\x1b[m\x1b[K\xe2\x80\x99 has no member named \xe2\x80\x98\x1b[01m\x1b[KdataPtr\x1b[m\x1b[K\xe2\x80\x99\n'}
[16.692188] (workspace_gz) StderrLine: {'line': b'  198 |     this->\x1b[01;31m\x1b[KdataPtr\x1b[m\x1b[K->goalTopic = _sdf->Get<std::string>("goal_topic");\n'}
[16.692302] (workspace_gz) StderrLine: {'line': b'      |           \x1b[01;31m\x1b[K^~~~~~~\x1b[m\x1b[K\n'}
[16.692417] (workspace_gz) StderrLine: {'line': b'\x1b[01m\x1b[K/home/aliomacc/sti_usv/src/usv_sim/workspace_gz/plugins/StationkeepingScoringPlugin.cc:200:9:\x1b[m\x1b[K \x1b[01;31m\x1b[Kerror: \x1b[m\x1b[K\xe2\x80\x98\x1b[01m\x1b[Kclass vrx::StationkeepingScoringPlugin\x1b[m\x1b[K\xe2\x80\x99 has no member named \xe2\x80\x98\x1b[01m\x1b[KdataPtr\x1b[m\x1b[K\xe2\x80\x99\n'}
[16.692512] (workspace_gz) StderrLine: {'line': b'  200 |   this->\x1b[01;31m\x1b[KdataPtr\x1b[m\x1b[K->goalPub = this->dataPtr->node.Advertise<msgs::Pose>(\n'}
[16.692605] (workspace_gz) StderrLine: {'line': b'      |         \x1b[01;31m\x1b[K^~~~~~~\x1b[m\x1b[K\n'}
[16.692709] (workspace_gz) StderrLine: {'line': b'\x1b[01m\x1b[K/home/aliomacc/sti_usv/src/usv_sim/workspace_gz/plugins/StationkeepingScoringPlugin.cc:200:34:\x1b[m\x1b[K \x1b[01;31m\x1b[Kerror: \x1b[m\x1b[K\xe2\x80\x98\x1b[01m\x1b[Kclass vrx::StationkeepingScoringPlugin\x1b[m\x1b[K\xe2\x80\x99 has no member named \xe2\x80\x98\x1b[01m\x1b[KdataPtr\x1b[m\x1b[K\xe2\x80\x99\n'}
[16.692821] (workspace_gz) StderrLine: {'line': b'  200 |   this->dataPtr->goalPub = this->\x1b[01;31m\x1b[KdataPtr\x1b[m\x1b[K->node.Advertise<msgs::Pose>(\n'}
[16.692932] (workspace_gz) StderrLine: {'line': b'      |                                  \x1b[01;31m\x1b[K^~~~~~~\x1b[m\x1b[K\n'}
[16.693043] (workspace_gz) StderrLine: {'line': b'\x1b[01m\x1b[K/home/aliomacc/sti_usv/src/usv_sim/workspace_gz/plugins/StationkeepingScoringPlugin.cc:200:68:\x1b[m\x1b[K \x1b[01;31m\x1b[Kerror: \x1b[m\x1b[Kexpected primary-expression before \xe2\x80\x98\x1b[01m\x1b[K>\x1b[m\x1b[K\xe2\x80\x99 token\n'}
[16.693161] (workspace_gz) StderrLine: {'line': b'  200 |   this->dataPtr->goalPub = this->dataPtr->node.Advertise<msgs::Pose\x1b[01;31m\x1b[K>\x1b[m\x1b[K(\n'}
[16.693288] (workspace_gz) StderrLine: {'line': b'      |                                                                    \x1b[01;31m\x1b[K^\x1b[m\x1b[K\n'}
[16.693420] (workspace_gz) StderrLine: {'line': b'\x1b[01m\x1b[K/home/aliomacc/sti_usv/src/usv_sim/workspace_gz/plugins/StationkeepingScoringPlugin.cc:201:11:\x1b[m\x1b[K \x1b[01;31m\x1b[Kerror: \x1b[m\x1b[K\xe2\x80\x98\x1b[01m\x1b[Kclass vrx::StationkeepingScoringPlugin\x1b[m\x1b[K\xe2\x80\x99 has no member named \xe2\x80\x98\x1b[01m\x1b[KdataPtr\x1b[m\x1b[K\xe2\x80\x99\n'}
[16.693537] (workspace_gz) StderrLine: {'line': b'  201 |     this->\x1b[01;31m\x1b[KdataPtr\x1b[m\x1b[K->goalTopic, opts);\n'}
[16.693649] (workspace_gz) StderrLine: {'line': b'      |           \x1b[01;31m\x1b[K^~~~~~~\x1b[m\x1b[K\n'}
[16.693764] (workspace_gz) StderrLine: {'line': b'\x1b[01m\x1b[K/home/aliomacc/sti_usv/src/usv_sim/workspace_gz/plugins/StationkeepingScoringPlugin.cc:205:11:\x1b[m\x1b[K \x1b[01;31m\x1b[Kerror: \x1b[m\x1b[K\xe2\x80\x98\x1b[01m\x1b[Kclass vrx::StationkeepingScoringPlugin\x1b[m\x1b[K\xe2\x80\x99 has no member named \xe2\x80\x98\x1b[01m\x1b[KdataPtr\x1b[m\x1b[K\xe2\x80\x99\n'}
[16.693892] (workspace_gz) StderrLine: {'line': b'  205 |     this->\x1b[01;31m\x1b[KdataPtr\x1b[m\x1b[K->poseErrorTopic = _sdf->Get<std::string>("pose_error_topic");\n'}
[16.694000] (workspace_gz) StderrLine: {'line': b'      |           \x1b[01;31m\x1b[K^~~~~~~\x1b[m\x1b[K\n'}
[16.694113] (workspace_gz) StderrLine: {'line': b'\x1b[01m\x1b[K/home/aliomacc/sti_usv/src/usv_sim/workspace_gz/plugins/StationkeepingScoringPlugin.cc:207:9:\x1b[m\x1b[K \x1b[01;31m\x1b[Kerror: \x1b[m\x1b[K\xe2\x80\x98\x1b[01m\x1b[Kclass vrx::StationkeepingScoringPlugin\x1b[m\x1b[K\xe2\x80\x99 has no member named \xe2\x80\x98\x1b[01m\x1b[KdataPtr\x1b[m\x1b[K\xe2\x80\x99\n'}
[16.694226] (workspace_gz) StderrLine: {'line': b'  207 |   this->\x1b[01;31m\x1b[KdataPtr\x1b[m\x1b[K->poseErrorPub = this->dataPtr->node.Advertise<msgs::Float>(\n'}
[16.698553] (workspace_gz) StderrLine: {'line': b'      |         \x1b[01;31m\x1b[K^~~~~~~\x1b[m\x1b[K\n'}
[16.698737] (workspace_gz) StderrLine: {'line': b'\x1b[01m\x1b[K/home/aliomacc/sti_usv/src/usv_sim/workspace_gz/plugins/StationkeepingScoringPlugin.cc:207:39:\x1b[m\x1b[K \x1b[01;31m\x1b[Kerror: \x1b[m\x1b[K\xe2\x80\x98\x1b[01m\x1b[Kclass vrx::StationkeepingScoringPlugin\x1b[m\x1b[K\xe2\x80\x99 has no member named \xe2\x80\x98\x1b[01m\x1b[KdataPtr\x1b[m\x1b[K\xe2\x80\x99\n'}
[16.698842] (workspace_gz) StderrLine: {'line': b'  207 |   this->dataPtr->poseErrorPub = this->\x1b[01;31m\x1b[KdataPtr\x1b[m\x1b[K->node.Advertise<msgs::Float>(\n'}
[16.698946] (workspace_gz) StderrLine: {'line': b'      |                                       \x1b[01;31m\x1b[K^~~~~~~\x1b[m\x1b[K\n'}
[16.699045] (workspace_gz) StderrLine: {'line': b'\x1b[01m\x1b[K/home/aliomacc/sti_usv/src/usv_sim/workspace_gz/plugins/StationkeepingScoringPlugin.cc:207:74:\x1b[m\x1b[K \x1b[01;31m\x1b[Kerror: \x1b[m\x1b[Kexpected primary-expression before \xe2\x80\x98\x1b[01m\x1b[K>\x1b[m\x1b[K\xe2\x80\x99 token\n'}
[16.699136] (workspace_gz) StderrLine: {'line': b'  207 |   this->dataPtr->poseErrorPub = this->dataPtr->node.Advertise<msgs::Float\x1b[01;31m\x1b[K>\x1b[m\x1b[K(\n'}
[16.699224] (workspace_gz) StderrLine: {'line': b'      |                                                                          \x1b[01;31m\x1b[K^\x1b[m\x1b[K\n'}
[16.699327] (workspace_gz) StderrLine: {'line': b'\x1b[01m\x1b[K/home/aliomacc/sti_usv/src/usv_sim/workspace_gz/plugins/StationkeepingScoringPlugin.cc:208:11:\x1b[m\x1b[K \x1b[01;31m\x1b[Kerror: \x1b[m\x1b[K\xe2\x80\x98\x1b[01m\x1b[Kclass vrx::StationkeepingScoringPlugin\x1b[m\x1b[K\xe2\x80\x99 has no member named \xe2\x80\x98\x1b[01m\x1b[KdataPtr\x1b[m\x1b[K\xe2\x80\x99\n'}
[16.699429] (workspace_gz) StderrLine: {'line': b'  208 |     this->\x1b[01;31m\x1b[KdataPtr\x1b[m\x1b[K->poseErrorTopic, opts);\n'}
[16.699521] (workspace_gz) StderrLine: {'line': b'      |           \x1b[01;31m\x1b[K^~~~~~~\x1b[m\x1b[K\n'}
[16.699617] (workspace_gz) StderrLine: {'line': b'\x1b[01m\x1b[K/home/aliomacc/sti_usv/src/usv_sim/workspace_gz/plugins/StationkeepingScoringPlugin.cc:212:11:\x1b[m\x1b[K \x1b[01;31m\x1b[Kerror: \x1b[m\x1b[K\xe2\x80\x98\x1b[01m\x1b[Kclass vrx::StationkeepingScoringPlugin\x1b[m\x1b[K\xe2\x80\x99 has no member named \xe2\x80\x98\x1b[01m\x1b[KdataPtr\x1b[m\x1b[K\xe2\x80\x99\n'}
[16.699720] (workspace_gz) StderrLine: {'line': b'  212 |     this->\x1b[01;31m\x1b[KdataPtr\x1b[m\x1b[K->meanErrorTopic = _sdf->Get<std::string>("mean_error_topic");\n'}
[16.699816] (workspace_gz) StderrLine: {'line': b'      |           \x1b[01;31m\x1b[K^~~~~~~\x1b[m\x1b[K\n'}
[16.699919] (workspace_gz) StderrLine: {'line': b'\x1b[01m\x1b[K/home/aliomacc/sti_usv/src/usv_sim/workspace_gz/plugins/StationkeepingScoringPlugin.cc:214:9:\x1b[m\x1b[K \x1b[01;31m\x1b[Kerror: \x1b[m\x1b[K\xe2\x80\x98\x1b[01m\x1b[Kclass vrx::StationkeepingScoringPlugin\x1b[m\x1b[K\xe2\x80\x99 has no member named \xe2\x80\x98\x1b[01m\x1b[KdataPtr\x1b[m\x1b[K\xe2\x80\x99\n'}
[16.700024] (workspace_gz) StderrLine: {'line': b'  214 |   this->\x1b[01;31m\x1b[KdataPtr\x1b[m\x1b[K->meanErrorPub = this->dataPtr->node.Advertise<msgs::Float>(\n'}
[16.700129] (workspace_gz) StderrLine: {'line': b'      |         \x1b[01;31m\x1b[K^~~~~~~\x1b[m\x1b[K\n'}
[16.700232] (workspace_gz) StderrLine: {'line': b'\x1b[01m\x1b[K/home/aliomacc/sti_usv/src/usv_sim/workspace_gz/plugins/StationkeepingScoringPlugin.cc:214:39:\x1b[m\x1b[K \x1b[01;31m\x1b[Kerror: \x1b[m\x1b[K\xe2\x80\x98\x1b[01m\x1b[Kclass vrx::StationkeepingScoringPlugin\x1b[m\x1b[K\xe2\x80\x99 has no member named \xe2\x80\x98\x1b[01m\x1b[KdataPtr\x1b[m\x1b[K\xe2\x80\x99\n'}
[16.700365] (workspace_gz) StderrLine: {'line': b'  214 |   this->dataPtr->meanErrorPub = this->\x1b[01;31m\x1b[KdataPtr\x1b[m\x1b[K->node.Advertise<msgs::Float>(\n'}
[16.700477] (workspace_gz) StderrLine: {'line': b'      |                                       \x1b[01;31m\x1b[K^~~~~~~\x1b[m\x1b[K\n'}
[16.700587] (workspace_gz) StderrLine: {'line': b'\x1b[01m\x1b[K/home/aliomacc/sti_usv/src/usv_sim/workspace_gz/plugins/StationkeepingScoringPlugin.cc:214:74:\x1b[m\x1b[K \x1b[01;31m\x1b[Kerror: \x1b[m\x1b[Kexpected primary-expression before \xe2\x80\x98\x1b[01m\x1b[K>\x1b[m\x1b[K\xe2\x80\x99 token\n'}
[16.700716] (workspace_gz) StderrLine: {'line': b'  214 |   this->dataPtr->meanErrorPub = this->dataPtr->node.Advertise<msgs::Float\x1b[01;31m\x1b[K>\x1b[m\x1b[K(\n'}
[16.700832] (workspace_gz) StderrLine: {'line': b'      |                                                                          \x1b[01;31m\x1b[K^\x1b[m\x1b[K\n'}
[16.700945] (workspace_gz) StderrLine: {'line': b'\x1b[01m\x1b[K/home/aliomacc/sti_usv/src/usv_sim/workspace_gz/plugins/StationkeepingScoringPlugin.cc:215:11:\x1b[m\x1b[K \x1b[01;31m\x1b[Kerror: \x1b[m\x1b[K\xe2\x80\x98\x1b[01m\x1b[Kclass vrx::StationkeepingScoringPlugin\x1b[m\x1b[K\xe2\x80\x99 has no member named \xe2\x80\x98\x1b[01m\x1b[KdataPtr\x1b[m\x1b[K\xe2\x80\x99\n'}
[16.701059] (workspace_gz) StderrLine: {'line': b'  215 |     this->\x1b[01;31m\x1b[KdataPtr\x1b[m\x1b[K->meanErrorTopic, opts);\n'}
[16.701166] (workspace_gz) StderrLine: {'line': b'      |           \x1b[01;31m\x1b[K^~~~~~~\x1b[m\x1b[K\n'}
[16.701272] (workspace_gz) StderrLine: {'line': b'\x1b[01m\x1b[K/home/aliomacc/sti_usv/src/usv_sim/workspace_gz/plugins/StationkeepingScoringPlugin.cc:218:11:\x1b[m\x1b[K \x1b[01;31m\x1b[Kerror: \x1b[m\x1b[K\xe2\x80\x98\x1b[01m\x1b[Kclass vrx::StationkeepingScoringPlugin\x1b[m\x1b[K\xe2\x80\x99 has no member named \xe2\x80\x98\x1b[01m\x1b[KdataPtr\x1b[m\x1b[K\xe2\x80\x99\n'}
[16.701408] (workspace_gz) StderrLine: {'line': b'  218 |     this->\x1b[01;31m\x1b[KdataPtr\x1b[m\x1b[K->headErrorOn = _sdf->Get<bool>("head_error_on");\n'}
[16.701520] (workspace_gz) StderrLine: {'line': b'      |           \x1b[01;31m\x1b[K^~~~~~~\x1b[m\x1b[K\n'}
[16.701630] (workspace_gz) StderrLine: {'line': b'\x1b[01m\x1b[K/home/aliomacc/sti_usv/src/usv_sim/workspace_gz/plugins/StationkeepingScoringPlugin.cc:222:11:\x1b[m\x1b[K \x1b[01;31m\x1b[Kerror: \x1b[m\x1b[K\xe2\x80\x98\x1b[01m\x1b[Kclass vrx::StationkeepingScoringPlugin\x1b[m\x1b[K\xe2\x80\x99 has no member named \xe2\x80\x98\x1b[01m\x1b[KdataPtr\x1b[m\x1b[K\xe2\x80\x99\n'}
[16.701753] (workspace_gz) StderrLine: {'line': b'  222 |     this->\x1b[01;31m\x1b[KdataPtr\x1b[m\x1b[K->waypointMarkers.Load(_sdf->Clone()->GetElement("markers"));\n'}
[16.701864] (workspace_gz) StderrLine: {'line': b'      |           \x1b[01;31m\x1b[K^~~~~~~\x1b[m\x1b[K\n'}
[16.701974] (workspace_gz) StderrLine: {'line': b'\x1b[01m\x1b[K/home/aliomacc/sti_usv/src/usv_sim/workspace_gz/plugins/StationkeepingScoringPlugin.cc:223:16:\x1b[m\x1b[K \x1b[01;31m\x1b[Kerror: \x1b[m\x1b[K\xe2\x80\x98\x1b[01m\x1b[Kclass vrx::StationkeepingScoringPlugin\x1b[m\x1b[K\xe2\x80\x99 has no member named \xe2\x80\x98\x1b[01m\x1b[KdataPtr\x1b[m\x1b[K\xe2\x80\x99\n'}
[16.702088] (workspace_gz) StderrLine: {'line': b'  223 |     if (!this->\x1b[01;31m\x1b[KdataPtr\x1b[m\x1b[K->waypointMarkers.DrawMarker(0,\n'}
[16.702200] (workspace_gz) StderrLine: {'line': b'      |                \x1b[01;31m\x1b[K^~~~~~~\x1b[m\x1b[K\n'}
[16.705437] (workspace_gz) StderrLine: {'line': b'\x1b[01m\x1b[K/home/aliomacc/sti_usv/src/usv_sim/workspace_gz/plugins/StationkeepingScoringPlugin.cc:224:18:\x1b[m\x1b[K \x1b[01;31m\x1b[Kerror: \x1b[m\x1b[K\xe2\x80\x98\x1b[01m\x1b[Kclass vrx::StationkeepingScoringPlugin\x1b[m\x1b[K\xe2\x80\x99 has no member named \xe2\x80\x98\x1b[01m\x1b[KdataPtr\x1b[m\x1b[K\xe2\x80\x99\n'}
[16.705694] (workspace_gz) StderrLine: {'line': b'  224 |            this->\x1b[01;31m\x1b[KdataPtr\x1b[m\x1b[K->goalX, this->dataPtr->goalY, this->dataPtr->goalYaw))\n'}
[16.705820] (workspace_gz) StderrLine: {'line': b'      |                  \x1b[01;31m\x1b[K^~~~~~~\x1b[m\x1b[K\n'}
[16.705937] (workspace_gz) StderrLine: {'line': b'\x1b[01m\x1b[K/home/aliomacc/sti_usv/src/usv_sim/workspace_gz/plugins/StationkeepingScoringPlugin.cc:224:40:\x1b[m\x1b[K \x1b[01;31m\x1b[Kerror: \x1b[m\x1b[K\xe2\x80\x98\x1b[01m\x1b[Kclass vrx::StationkeepingScoringPlugin\x1b[m\x1b[K\xe2\x80\x99 has no member named \xe2\x80\x98\x1b[01m\x1b[KdataPtr\x1b[m\x1b[K\xe2\x80\x99\n'}
[16.706066] (workspace_gz) StderrLine: {'line': b'  224 |            this->dataPtr->goalX, this->\x1b[01;31m\x1b[KdataPtr\x1b[m\x1b[K->goalY, this->dataPtr->goalYaw))\n'}
[16.706178] (workspace_gz) StderrLine: {'line': b'      |                                        \x1b[01;31m\x1b[K^~~~~~~\x1b[m\x1b[K\n'}
[16.706305] (workspace_gz) StderrLine: {'line': b'\x1b[01m\x1b[K/home/aliomacc/sti_usv/src/usv_sim/workspace_gz/plugins/StationkeepingScoringPlugin.cc:224:62:\x1b[m\x1b[K \x1b[01;31m\x1b[Kerror: \x1b[m\x1b[K\xe2\x80\x98\x1b[01m\x1b[Kclass vrx::StationkeepingScoringPlugin\x1b[m\x1b[K\xe2\x80\x99 has no member named \xe2\x80\x98\x1b[01m\x1b[KdataPtr\x1b[m\x1b[K\xe2\x80\x99\n'}
[16.706433] (workspace_gz) StderrLine: {'line': b'  224 |            this->dataPtr->goalX, this->dataPtr->goalY, this->\x1b[01;31m\x1b[KdataPtr\x1b[m\x1b[K->goalYaw))\n'}
[16.706546] (workspace_gz) StderrLine: {'line': b'      |                                                              \x1b[01;31m\x1b[K^~~~~~~\x1b[m\x1b[K\n'}
[16.706654] (workspace_gz) StderrLine: {'line': b'\x1b[01m\x1b[K/home/aliomacc/sti_usv/src/usv_sim/workspace_gz/plugins/StationkeepingScoringPlugin.cc:\x1b[m\x1b[K In member function \xe2\x80\x98\x1b[01m\x1b[Kvirtual void vrx::StationkeepingScoringPlugin::PreUpdate(const ignition::gazebo::v6::UpdateInfo&, ignition::gazebo::v6::EntityComponentManager&)\x1b[m\x1b[K\xe2\x80\x99:\n'}
[16.706781] (workspace_gz) StderrLine: {'line': b'\x1b[01m\x1b[K/home/aliomacc/sti_usv/src/usv_sim/workspace_gz/plugins/StationkeepingScoringPlugin.cc:246:11:\x1b[m\x1b[K \x1b[01;31m\x1b[Kerror: \x1b[m\x1b[K\xe2\x80\x98\x1b[01m\x1b[Kclass vrx::StationkeepingScoringPlugin\x1b[m\x1b[K\xe2\x80\x99 has no member named \xe2\x80\x98\x1b[01m\x1b[KdataPtr\x1b[m\x1b[K\xe2\x80\x99\n'}
[16.706891] (workspace_gz) StderrLine: {'line': b'  246 |     this->\x1b[01;31m\x1b[KdataPtr\x1b[m\x1b[K->goalPub.Publish(this->dataPtr->goalMsg);\n'}
[16.707000] (workspace_gz) StderrLine: {'line': b'      |           \x1b[01;31m\x1b[K^~~~~~~\x1b[m\x1b[K\n'}
[16.707107] (workspace_gz) StderrLine: {'line': b'\x1b[01m\x1b[K/home/aliomacc/sti_usv/src/usv_sim/workspace_gz/plugins/StationkeepingScoringPlugin.cc:246:42:\x1b[m\x1b[K \x1b[01;31m\x1b[Kerror: \x1b[m\x1b[K\xe2\x80\x98\x1b[01m\x1b[Kclass vrx::StationkeepingScoringPlugin\x1b[m\x1b[K\xe2\x80\x99 has no member named \xe2\x80\x98\x1b[01m\x1b[KdataPtr\x1b[m\x1b[K\xe2\x80\x99\n'}
[16.707215] (workspace_gz) StderrLine: {'line': b'  246 |     this->dataPtr->goalPub.Publish(this->\x1b[01;31m\x1b[KdataPtr\x1b[m\x1b[K->goalMsg);\n'}
[16.707359] (workspace_gz) StderrLine: {'line': b'      |                                          \x1b[01;31m\x1b[K^~~~~~~\x1b[m\x1b[K\n'}
[16.707476] (workspace_gz) StderrLine: {'line': b'\x1b[01m\x1b[K/home/aliomacc/sti_usv/src/usv_sim/workspace_gz/plugins/StationkeepingScoringPlugin.cc:249:14:\x1b[m\x1b[K \x1b[01;31m\x1b[Kerror: \x1b[m\x1b[K\xe2\x80\x98\x1b[01m\x1b[Kclass vrx::StationkeepingScoringPlugin\x1b[m\x1b[K\xe2\x80\x99 has no member named \xe2\x80\x98\x1b[01m\x1b[KdataPtr\x1b[m\x1b[K\xe2\x80\x99\n'}
[16.707588] (workspace_gz) StderrLine: {'line': b'  249 |   if (!this->\x1b[01;31m\x1b[KdataPtr\x1b[m\x1b[K->vehicleEntity)\n'}
[16.707693] (workspace_gz) StderrLine: {'line': b'      |              \x1b[01;31m\x1b[K^~~~~~~\x1b[m\x1b[K\n'}
[16.707794] (workspace_gz) StderrLine: {'line': b'\x1b[01m\x1b[K/home/aliomacc/sti_usv/src/usv_sim/workspace_gz/plugins/StationkeepingScoringPlugin.cc:254:13:\x1b[m\x1b[K \x1b[01;31m\x1b[Kerror: \x1b[m\x1b[K\xe2\x80\x98\x1b[01m\x1b[Kclass vrx::StationkeepingScoringPlugin\x1b[m\x1b[K\xe2\x80\x99 has no member named \xe2\x80\x98\x1b[01m\x1b[KdataPtr\x1b[m\x1b[K\xe2\x80\x99\n'}
[16.707903] (workspace_gz) StderrLine: {'line': b'  254 |       this->\x1b[01;31m\x1b[KdataPtr\x1b[m\x1b[K->vehicleEntity = entity;\n'}
[16.708013] (workspace_gz) StderrLine: {'line': b'      |             \x1b[01;31m\x1b[K^~~~~~~\x1b[m\x1b[K\n'}
[16.708121] (workspace_gz) StderrLine: {'line': b'\x1b[01m\x1b[K/home/aliomacc/sti_usv/src/usv_sim/workspace_gz/plugins/StationkeepingScoringPlugin.cc:264:11:\x1b[m\x1b[K \x1b[01;31m\x1b[Kerror: \x1b[m\x1b[K\xe2\x80\x98\x1b[01m\x1b[Kclass vrx::StationkeepingScoringPlugin\x1b[m\x1b[K\xe2\x80\x99 has no member named \xe2\x80\x98\x1b[01m\x1b[KdataPtr\x1b[m\x1b[K\xe2\x80\x99\n'}
[16.708243] (workspace_gz) StderrLine: {'line': b'  264 |     this->\x1b[01;31m\x1b[KdataPtr\x1b[m\x1b[K->vehicleEntity)->Data();\n'}
[16.711537] (workspace_gz) StderrLine: {'line': b'      |           \x1b[01;31m\x1b[K^~~~~~~\x1b[m\x1b[K\n'}
[16.711732] (workspace_gz) StderrLine: {'line': b'\x1b[01m\x1b[K/home/aliomacc/sti_usv/src/usv_sim/workspace_gz/plugins/StationkeepingScoringPlugin.cc:266:21:\x1b[m\x1b[K \x1b[01;31m\x1b[Kerror: \x1b[m\x1b[K\xe2\x80\x98\x1b[01m\x1b[Kclass vrx::StationkeepingScoringPlugin\x1b[m\x1b[K\xe2\x80\x99 has no member named \xe2\x80\x98\x1b[01m\x1b[KdataPtr\x1b[m\x1b[K\xe2\x80\x99\n'}
[16.711865] (workspace_gz) StderrLine: {'line': b'  266 |   double dx = this->\x1b[01;31m\x1b[KdataPtr\x1b[m\x1b[K->goalX - vehiclePose.Pos().X();\n'}
[16.711983] (workspace_gz) StderrLine: {'line': b'      |                     \x1b[01;31m\x1b[K^~~~~~~\x1b[m\x1b[K\n'}
[16.712090] (workspace_gz) StderrLine: {'line': b'\x1b[01m\x1b[K/home/aliomacc/sti_usv/src/usv_sim/workspace_gz/plugins/StationkeepingScoringPlugin.cc:267:21:\x1b[m\x1b[K \x1b[01;31m\x1b[Kerror: \x1b[m\x1b[K\xe2\x80\x98\x1b[01m\x1b[Kclass vrx::StationkeepingScoringPlugin\x1b[m\x1b[K\xe2\x80\x99 has no member named \xe2\x80\x98\x1b[01m\x1b[KdataPtr\x1b[m\x1b[K\xe2\x80\x99\n'}
[16.712205] (workspace_gz) StderrLine: {'line': b'  267 |   double dy = this->\x1b[01;31m\x1b[KdataPtr\x1b[m\x1b[K->goalY - vehiclePose.Pos().Y();\n'}
[16.712327] (workspace_gz) StderrLine: {'line': b'      |                     \x1b[01;31m\x1b[K^~~~~~~\x1b[m\x1b[K\n'}
[16.712439] (workspace_gz) StderrLine: {'line': b'\x1b[01m\x1b[K/home/aliomacc/sti_usv/src/usv_sim/workspace_gz/plugins/StationkeepingScoringPlugin.cc:269:27:\x1b[m\x1b[K \x1b[01;31m\x1b[Kerror: \x1b[m\x1b[K\xe2\x80\x98\x1b[01m\x1b[Kclass vrx::StationkeepingScoringPlugin\x1b[m\x1b[K\xe2\x80\x99 has no member named \xe2\x80\x98\x1b[01m\x1b[KdataPtr\x1b[m\x1b[K\xe2\x80\x99\n'}
[16.712537] (workspace_gz) StderrLine: {'line': b'  269 |   double dhdg = abs(this->\x1b[01;31m\x1b[KdataPtr\x1b[m\x1b[K->goalYaw - currentHeading);\n'}
[16.712627] (workspace_gz) StderrLine: {'line': b'      |                           \x1b[01;31m\x1b[K^~~~~~~\x1b[m\x1b[K\n'}
[16.712724] (workspace_gz) StderrLine: {'line': b'\x1b[01m\x1b[K/home/aliomacc/sti_usv/src/usv_sim/workspace_gz/plugins/StationkeepingScoringPlugin.cc:272:13:\x1b[m\x1b[K \x1b[01;31m\x1b[Kerror: \x1b[m\x1b[K\xe2\x80\x98\x1b[01m\x1b[Kclass vrx::StationkeepingScoringPlugin\x1b[m\x1b[K\xe2\x80\x99 has no member named \xe2\x80\x98\x1b[01m\x1b[KdataPtr\x1b[m\x1b[K\xe2\x80\x99\n'}
[16.712831] (workspace_gz) StderrLine: {'line': b'  272 |   if (this->\x1b[01;31m\x1b[KdataPtr\x1b[m\x1b[K->headErrorOn)\n'}
[16.712933] (workspace_gz) StderrLine: {'line': b'      |             \x1b[01;31m\x1b[K^~~~~~~\x1b[m\x1b[K\n'}
[16.713025] (workspace_gz) StderrLine: {'line': b'\x1b[01m\x1b[K/home/aliomacc/sti_usv/src/usv_sim/workspace_gz/plugins/StationkeepingScoringPlugin.cc:275:11:\x1b[m\x1b[K \x1b[01;31m\x1b[Kerror: \x1b[m\x1b[K\xe2\x80\x98\x1b[01m\x1b[Kclass vrx::StationkeepingScoringPlugin\x1b[m\x1b[K\xe2\x80\x99 has no member named \xe2\x80\x98\x1b[01m\x1b[KdataPtr\x1b[m\x1b[K\xe2\x80\x99\n'}
[16.713118] (workspace_gz) StderrLine: {'line': b'  275 |     this->\x1b[01;31m\x1b[KdataPtr\x1b[m\x1b[K->poseError = dist + (pow(k, dist) * headError);\n'}
[16.713209] (workspace_gz) StderrLine: {'line': b'      |           \x1b[01;31m\x1b[K^~~~~~~\x1b[m\x1b[K\n'}
[16.713309] (workspace_gz) StderrLine: {'line': b'\x1b[01m\x1b[K/home/aliomacc/sti_usv/src/usv_sim/workspace_gz/plugins/StationkeepingScoringPlugin.cc:278:11:\x1b[m\x1b[K \x1b[01;31m\x1b[Kerror: \x1b[m\x1b[K\xe2\x80\x98\x1b[01m\x1b[Kclass vrx::StationkeepingScoringPlugin\x1b[m\x1b[K\xe2\x80\x99 has no member named \xe2\x80\x98\x1b[01m\x1b[KdataPtr\x1b[m\x1b[K\xe2\x80\x99\n'}
[16.713423] (workspace_gz) StderrLine: {'line': b'  278 |     this->\x1b[01;31m\x1b[KdataPtr\x1b[m\x1b[K->poseError = dist;\n'}
[16.713517] (workspace_gz) StderrLine: {'line': b'      |           \x1b[01;31m\x1b[K^~~~~~~\x1b[m\x1b[K\n'}
[16.713619] (workspace_gz) StderrLine: {'line': b'\x1b[01m\x1b[K/home/aliomacc/sti_usv/src/usv_sim/workspace_gz/plugins/StationkeepingScoringPlugin.cc:280:9:\x1b[m\x1b[K \x1b[01;31m\x1b[Kerror: \x1b[m\x1b[K\xe2\x80\x98\x1b[01m\x1b[Kclass vrx::StationkeepingScoringPlugin\x1b[m\x1b[K\xe2\x80\x99 has no member named \xe2\x80\x98\x1b[01m\x1b[KdataPtr\x1b[m\x1b[K\xe2\x80\x99\n'}
[16.713712] (workspace_gz) StderrLine: {'line': b'  280 |   this->\x1b[01;31m\x1b[KdataPtr\x1b[m\x1b[K->totalPoseError += this->dataPtr->poseError;\n'}
[16.713805] (workspace_gz) StderrLine: {'line': b'      |         \x1b[01;31m\x1b[K^~~~~~~\x1b[m\x1b[K\n'}
[16.713907] (workspace_gz) StderrLine: {'line': b'\x1b[01m\x1b[K/home/aliomacc/sti_usv/src/usv_sim/workspace_gz/plugins/StationkeepingScoringPlugin.cc:280:42:\x1b[m\x1b[K \x1b[01;31m\x1b[Kerror: \x1b[m\x1b[K\xe2\x80\x98\x1b[01m\x1b[Kclass vrx::StationkeepingScoringPlugin\x1b[m\x1b[K\xe2\x80\x99 has no member named \xe2\x80\x98\x1b[01m\x1b[KdataPtr\x1b[m\x1b[K\xe2\x80\x99\n'}
[16.714019] (workspace_gz) StderrLine: {'line': b'  280 |   this->dataPtr->totalPoseError += this->\x1b[01;31m\x1b[KdataPtr\x1b[m\x1b[K->poseError;\n'}
[16.714106] (workspace_gz) StderrLine: {'line': b'      |                                          \x1b[01;31m\x1b[K^~~~~~~\x1b[m\x1b[K\n'}
[16.714199] (workspace_gz) StderrLine: {'line': b'\x1b[01m\x1b[K/home/aliomacc/sti_usv/src/usv_sim/workspace_gz/plugins/StationkeepingScoringPlugin.cc:281:9:\x1b[m\x1b[K \x1b[01;31m\x1b[Kerror: \x1b[m\x1b[K\xe2\x80\x98\x1b[01m\x1b[Kclass vrx::StationkeepingScoringPlugin\x1b[m\x1b[K\xe2\x80\x99 has no member named \xe2\x80\x98\x1b[01m\x1b[KdataPtr\x1b[m\x1b[K\xe2\x80\x99\n'}
[16.714302] (workspace_gz) StderrLine: {'line': b'  281 |   this->\x1b[01;31m\x1b[KdataPtr\x1b[m\x1b[K->sampleCount++;\n'}
[16.714399] (workspace_gz) StderrLine: {'line': b'      |         \x1b[01;31m\x1b[K^~~~~~~\x1b[m\x1b[K\n'}
[16.714486] (workspace_gz) StderrLine: {'line': b'\x1b[01m\x1b[K/home/aliomacc/sti_usv/src/usv_sim/workspace_gz/plugins/StationkeepingScoringPlugin.cc:283:9:\x1b[m\x1b[K \x1b[01;31m\x1b[Kerror: \x1b[m\x1b[K\xe2\x80\x98\x1b[01m\x1b[Kclass vrx::StationkeepingScoringPlugin\x1b[m\x1b[K\xe2\x80\x99 has no member named \xe2\x80\x98\x1b[01m\x1b[KdataPtr\x1b[m\x1b[K\xe2\x80\x99\n'}
[16.714576] (workspace_gz) StderrLine: {'line': b'  283 |   this->\x1b[01;31m\x1b[KdataPtr\x1b[m\x1b[K->meanError =\n'}
[16.714670] (workspace_gz) StderrLine: {'line': b'      |         \x1b[01;31m\x1b[K^~~~~~~\x1b[m\x1b[K\n'}
[16.714764] (workspace_gz) StderrLine: {'line': b'\x1b[01m\x1b[K/home/aliomacc/sti_usv/src/usv_sim/workspace_gz/plugins/StationkeepingScoringPlugin.cc:284:11:\x1b[m\x1b[K \x1b[01;31m\x1b[Kerror: \x1b[m\x1b[K\xe2\x80\x98\x1b[01m\x1b[Kclass vrx::StationkeepingScoringPlugin\x1b[m\x1b[K\xe2\x80\x99 has no member named \xe2\x80\x98\x1b[01m\x1b[KdataPtr\x1b[m\x1b[K\xe2\x80\x99\n'}
[16.714868] (workspace_gz) StderrLine: {'line': b'  284 |     this->\x1b[01;31m\x1b[KdataPtr\x1b[m\x1b[K->totalPoseError / this->dataPtr->sampleCount;\n'}
[16.714969] (workspace_gz) StderrLine: {'line': b'      |           \x1b[01;31m\x1b[K^~~~~~~\x1b[m\x1b[K\n'}
[16.715064] (workspace_gz) StderrLine: {'line': b'\x1b[01m\x1b[K/home/aliomacc/sti_usv/src/usv_sim/workspace_gz/plugins/StationkeepingScoringPlugin.cc:284:43:\x1b[m\x1b[K \x1b[01;31m\x1b[Kerror: \x1b[m\x1b[K\xe2\x80\x98\x1b[01m\x1b[Kclass vrx::StationkeepingScoringPlugin\x1b[m\x1b[K\xe2\x80\x99 has no member named \xe2\x80\x98\x1b[01m\x1b[KdataPtr\x1b[m\x1b[K\xe2\x80\x99\n'}
[16.715170] (workspace_gz) StderrLine: {'line': b'  284 |     this->dataPtr->totalPoseError / this->\x1b[01;31m\x1b[KdataPtr\x1b[m\x1b[K->sampleCount;\n'}
[16.715273] (workspace_gz) StderrLine: {'line': b'      |                                           \x1b[01;31m\x1b[K^~~~~~~\x1b[m\x1b[K\n'}
[16.721589] (-) TimerEvent: {}
[16.721800] (workspace_gz) StderrLine: {'line': b'\x1b[01m\x1b[K/home/aliomacc/sti_usv/src/usv_sim/workspace_gz/plugins/StationkeepingScoringPlugin.cc:286:31:\x1b[m\x1b[K \x1b[01;31m\x1b[Kerror: \x1b[m\x1b[K\xe2\x80\x98\x1b[01m\x1b[Kclass vrx::StationkeepingScoringPlugin\x1b[m\x1b[K\xe2\x80\x99 has no member named \xe2\x80\x98\x1b[01m\x1b[KdataPtr\x1b[m\x1b[K\xe2\x80\x99\n'}
[16.721966] (workspace_gz) StderrLine: {'line': b'  286 |   poseErrorMsg.set_data(this->\x1b[01;31m\x1b[KdataPtr\x1b[m\x1b[K->poseError);\n'}
[16.722084] (workspace_gz) StderrLine: {'line': b'      |                               \x1b[01;31m\x1b[K^~~~~~~\x1b[m\x1b[K\n'}
[16.722198] (workspace_gz) StderrLine: {'line': b'\x1b[01m\x1b[K/home/aliomacc/sti_usv/src/usv_sim/workspace_gz/plugins/StationkeepingScoringPlugin.cc:287:31:\x1b[m\x1b[K \x1b[01;31m\x1b[Kerror: \x1b[m\x1b[K\xe2\x80\x98\x1b[01m\x1b[Kclass vrx::StationkeepingScoringPlugin\x1b[m\x1b[K\xe2\x80\x99 has no member named \xe2\x80\x98\x1b[01m\x1b[KdataPtr\x1b[m\x1b[K\xe2\x80\x99\n'}
[16.722338] (workspace_gz) StderrLine: {'line': b'  287 |   meanErrorMsg.set_data(this->\x1b[01;31m\x1b[KdataPtr\x1b[m\x1b[K->meanError);\n'}
[16.722462] (workspace_gz) StderrLine: {'line': b'      |                               \x1b[01;31m\x1b[K^~~~~~~\x1b[m\x1b[K\n'}
[16.722573] (workspace_gz) StderrLine: {'line': b'\x1b[01m\x1b[K/home/aliomacc/sti_usv/src/usv_sim/workspace_gz/plugins/StationkeepingScoringPlugin.cc:289:9:\x1b[m\x1b[K \x1b[01;31m\x1b[Kerror: \x1b[m\x1b[K\xe2\x80\x98\x1b[01m\x1b[Kclass vrx::StationkeepingScoringPlugin\x1b[m\x1b[K\xe2\x80\x99 has no member named \xe2\x80\x98\x1b[01m\x1b[KdataPtr\x1b[m\x1b[K\xe2\x80\x99\n'}
[16.722686] (workspace_gz) StderrLine: {'line': b'  289 |   this->\x1b[01;31m\x1b[KdataPtr\x1b[m\x1b[K->poseErrorPub.Publish(poseErrorMsg);\n'}
[16.722794] (workspace_gz) StderrLine: {'line': b'      |         \x1b[01;31m\x1b[K^~~~~~~\x1b[m\x1b[K\n'}
[16.722904] (workspace_gz) StderrLine: {'line': b'\x1b[01m\x1b[K/home/aliomacc/sti_usv/src/usv_sim/workspace_gz/plugins/StationkeepingScoringPlugin.cc:290:9:\x1b[m\x1b[K \x1b[01;31m\x1b[Kerror: \x1b[m\x1b[K\xe2\x80\x98\x1b[01m\x1b[Kclass vrx::StationkeepingScoringPlugin\x1b[m\x1b[K\xe2\x80\x99 has no member named \xe2\x80\x98\x1b[01m\x1b[KdataPtr\x1b[m\x1b[K\xe2\x80\x99\n'}
[16.723015] (workspace_gz) StderrLine: {'line': b'  290 |   this->\x1b[01;31m\x1b[KdataPtr\x1b[m\x1b[K->meanErrorPub.Publish(meanErrorMsg);\n'}
[16.723126] (workspace_gz) StderrLine: {'line': b'      |         \x1b[01;31m\x1b[K^~~~~~~\x1b[m\x1b[K\n'}
[16.723236] (workspace_gz) StderrLine: {'line': b'\x1b[01m\x1b[K/home/aliomacc/sti_usv/src/usv_sim/workspace_gz/plugins/StationkeepingScoringPlugin.cc:291:9:\x1b[m\x1b[K \x1b[01;31m\x1b[Kerror: \x1b[m\x1b[K\xe2\x80\x98\x1b[01m\x1b[Kclass vrx::StationkeepingScoringPlugin\x1b[m\x1b[K\xe2\x80\x99 has no member named \xe2\x80\x98\x1b[01m\x1b[KdataPtr\x1b[m\x1b[K\xe2\x80\x99\n'}
[16.723367] (workspace_gz) StderrLine: {'line': b'  291 |   this->\x1b[01;31m\x1b[KdataPtr\x1b[m\x1b[K->goalPub.Publish(this->dataPtr->goalMsg);\n'}
[16.723482] (workspace_gz) StderrLine: {'line': b'      |         \x1b[01;31m\x1b[K^~~~~~~\x1b[m\x1b[K\n'}
[16.723593] (workspace_gz) StderrLine: {'line': b'\x1b[01m\x1b[K/home/aliomacc/sti_usv/src/usv_sim/workspace_gz/plugins/StationkeepingScoringPlugin.cc:291:40:\x1b[m\x1b[K \x1b[01;31m\x1b[Kerror: \x1b[m\x1b[K\xe2\x80\x98\x1b[01m\x1b[Kclass vrx::StationkeepingScoringPlugin\x1b[m\x1b[K\xe2\x80\x99 has no member named \xe2\x80\x98\x1b[01m\x1b[KdataPtr\x1b[m\x1b[K\xe2\x80\x99\n'}
[16.723724] (workspace_gz) StderrLine: {'line': b'  291 |   this->dataPtr->goalPub.Publish(this->\x1b[01;31m\x1b[KdataPtr\x1b[m\x1b[K->goalMsg);\n'}
[16.723838] (workspace_gz) StderrLine: {'line': b'      |                                        \x1b[01;31m\x1b[K^~~~~~~\x1b[m\x1b[K\n'}
[16.723950] (workspace_gz) StderrLine: {'line': b'\x1b[01m\x1b[K/home/aliomacc/sti_usv/src/usv_sim/workspace_gz/plugins/StationkeepingScoringPlugin.cc:292:33:\x1b[m\x1b[K \x1b[01;31m\x1b[Kerror: \x1b[m\x1b[K\xe2\x80\x98\x1b[01m\x1b[Kclass vrx::StationkeepingScoringPlugin\x1b[m\x1b[K\xe2\x80\x99 has no member named \xe2\x80\x98\x1b[01m\x1b[KdataPtr\x1b[m\x1b[K\xe2\x80\x99\n'}
[16.724079] (workspace_gz) StderrLine: {'line': b'  292 |   ScoringPlugin::SetScore(this->\x1b[01;31m\x1b[KdataPtr\x1b[m\x1b[K->meanError);\n'}
[16.724191] (workspace_gz) StderrLine: {'line': b'      |                                 \x1b[01;31m\x1b[K^~~~~~~\x1b[m\x1b[K\n'}
[16.724309] (workspace_gz) StderrLine: {'line': b'\x1b[01m\x1b[K/home/aliomacc/sti_usv/src/usv_sim/workspace_gz/plugins/StationkeepingScoringPlugin.cc:\x1b[m\x1b[K At global scope:\n'}
[16.724441] (workspace_gz) StderrLine: {'line': b'\x1b[01m\x1b[K/home/aliomacc/sti_usv/src/usv_sim/workspace_gz/plugins/StationkeepingScoringPlugin.cc:300:66:\x1b[m\x1b[K \x1b[01;31m\x1b[Kerror: \x1b[m\x1b[Kexpected constructor, destructor, or type conversion at end of input\n'}
[16.724558] (workspace_gz) StderrLine: {'line': b'  300 |               vrx::StationkeepingScoringPlugin::ISystemPreUpdate)\n'}
[16.724671] (workspace_gz) StderrLine: {'line': b'      |                                                                  \x1b[01;31m\x1b[K^\x1b[m\x1b[K\n'}
[16.812432] (workspace_gz) StderrLine: {'line': b'gmake[2]: *** [CMakeFiles/SimpleHydrodynamics.dir/build.make:76: CMakeFiles/SimpleHydrodynamics.dir/plugins/SimpleHydrodynamics.cc.o] Error 1\n'}
[16.812691] (workspace_gz) StderrLine: {'line': b'gmake[1]: *** [CMakeFiles/Makefile2:257: CMakeFiles/SimpleHydrodynamics.dir/all] Error 2\n'}
[16.812837] (workspace_gz) StderrLine: {'line': b'gmake[1]: *** Bitmemi\xc5\x9f i\xc5\x9fler i\xc3\xa7in bekliyor....\n'}
[16.823371] (-) TimerEvent: {}
[16.832418] (workspace_gz) StdoutLine: {'line': b'[ 52%] \x1b[32mBuilding CXX object CMakeFiles/WayfindingScoringPlugin.dir/plugins/WaypointMarkers.cc.o\x1b[0m\n'}
[16.923551] (-) TimerEvent: {}
[16.937748] (workspace_gz) StderrLine: {'line': b'In file included from \x1b[01m\x1b[K/home/aliomacc/sti_usv/src/usv_sim/workspace_gz/plugins/WayfindingScoringPlugin.hh:31\x1b[m\x1b[K,\n'}
[16.938136] (workspace_gz) StderrLine: {'line': b'                 from \x1b[01m\x1b[K/home/aliomacc/sti_usv/src/usv_sim/workspace_gz/plugins/WayfindingScoringPlugin.cc:34\x1b[m\x1b[K:\n'}
[16.938307] (workspace_gz) StderrLine: {'line': b'\x1b[01m\x1b[K/home/aliomacc/sti_usv/src/usv_sim/workspace_gz/plugins/ScoringPlugin.hh:217:30:\x1b[m\x1b[K \x1b[01;31m\x1b[Kerror: \x1b[m\x1b[K\xe2\x80\x98\x1b[01m\x1b[KdataPtr\x1b[m\x1b[K\xe2\x80\x99 has not been declared\n'}
[16.938483] (workspace_gz) StderrLine: {'line': b'  217 |     GZ_UTILS_UNIQUE_IMPL_PTR(\x1b[01;31m\x1b[KdataPtr\x1b[m\x1b[K)\n'}
[16.938621] (workspace_gz) StderrLine: {'line': b'      |                              \x1b[01;31m\x1b[K^~~~~~~\x1b[m\x1b[K\n'}
[16.938757] (workspace_gz) StderrLine: {'line': b'\x1b[01m\x1b[K/home/aliomacc/sti_usv/src/usv_sim/workspace_gz/plugins/ScoringPlugin.hh:217:5:\x1b[m\x1b[K \x1b[01;31m\x1b[Kerror: \x1b[m\x1b[KISO C++ forbids declaration of \xe2\x80\x98\x1b[01m\x1b[KGZ_UTILS_UNIQUE_IMPL_PTR\x1b[m\x1b[K\xe2\x80\x99 with no type [\x1b[01;31m\x1b[K\x1b]8;;https://gcc.gnu.org/onlinedocs/gcc/Warning-Options.html#index-fpermissive\x07-fpermissive\x1b]8;;\x07\x1b[m\x1b[K]\n'}
[16.938900] (workspace_gz) StderrLine: {'line': b'  217 |     \x1b[01;31m\x1b[KGZ_UTILS_UNIQUE_IMPL_PTR\x1b[m\x1b[K(dataPtr)\n'}
[16.939035] (workspace_gz) StderrLine: {'line': b'      |     \x1b[01;31m\x1b[K^~~~~~~~~~~~~~~~~~~~~~~~\x1b[m\x1b[K\n'}
[16.939165] (workspace_gz) StderrLine: {'line': b'\x1b[01m\x1b[K/home/aliomacc/sti_usv/src/usv_sim/workspace_gz/plugins/ScoringPlugin.hh:217:37:\x1b[m\x1b[K \x1b[01;31m\x1b[Kerror: \x1b[m\x1b[Kexpected \xe2\x80\x98\x1b[01m\x1b[K;\x1b[m\x1b[K\xe2\x80\x99 at end of member declaration\n'}
[16.939306] (workspace_gz) StderrLine: {'line': b'  217 |     GZ_UTILS_UNIQUE_IMPL_PTR(dataPtr\x1b[01;31m\x1b[K)\x1b[m\x1b[K\n'}
[16.939454] (workspace_gz) StderrLine: {'line': b'      |                                     \x1b[01;31m\x1b[K^\x1b[m\x1b[K\n'}
[16.939601] (workspace_gz) StderrLine: {'line': b'      |                                      \x1b[32m\x1b[K;\x1b[m\x1b[K\n'}
[16.942338] (workspace_gz) StderrLine: {'line': b'In file included from \x1b[01m\x1b[K/home/aliomacc/sti_usv/src/usv_sim/workspace_gz/plugins/WayfindingScoringPlugin.cc:34\x1b[m\x1b[K:\n'}
[16.942626] (workspace_gz) StderrLine: {'line': b'\x1b[01m\x1b[K/home/aliomacc/sti_usv/src/usv_sim/workspace_gz/plugins/WayfindingScoringPlugin.hh:83:28:\x1b[m\x1b[K \x1b[01;31m\x1b[Kerror: \x1b[m\x1b[K\xe2\x80\x98\x1b[01m\x1b[KdataPtr\x1b[m\x1b[K\xe2\x80\x99 has not been declared\n'}
[16.942782] (workspace_gz) StderrLine: {'line': b'   83 |   GZ_UTILS_UNIQUE_IMPL_PTR(\x1b[01;31m\x1b[KdataPtr\x1b[m\x1b[K)\n'}
[16.942918] (workspace_gz) StderrLine: {'line': b'      |                            \x1b[01;31m\x1b[K^~~~~~~\x1b[m\x1b[K\n'}
[16.943047] (workspace_gz) StderrLine: {'line': b'\x1b[01m\x1b[K/home/aliomacc/sti_usv/src/usv_sim/workspace_gz/plugins/WayfindingScoringPlugin.hh:83:3:\x1b[m\x1b[K \x1b[01;31m\x1b[Kerror: \x1b[m\x1b[KISO C++ forbids declaration of \xe2\x80\x98\x1b[01m\x1b[KGZ_UTILS_UNIQUE_IMPL_PTR\x1b[m\x1b[K\xe2\x80\x99 with no type [\x1b[01;31m\x1b[K\x1b]8;;https://gcc.gnu.org/onlinedocs/gcc/Warning-Options.html#index-fpermissive\x07-fpermissive\x1b]8;;\x07\x1b[m\x1b[K]\n'}
[16.943184] (workspace_gz) StderrLine: {'line': b'   83 |   \x1b[01;31m\x1b[KGZ_UTILS_UNIQUE_IMPL_PTR\x1b[m\x1b[K(dataPtr)\n'}
[16.943320] (workspace_gz) StderrLine: {'line': b'      |   \x1b[01;31m\x1b[K^~~~~~~~~~~~~~~~~~~~~~~~\x1b[m\x1b[K\n'}
[16.943467] (workspace_gz) StderrLine: {'line': b'\x1b[01m\x1b[K/home/aliomacc/sti_usv/src/usv_sim/workspace_gz/plugins/WayfindingScoringPlugin.hh:83:35:\x1b[m\x1b[K \x1b[01;31m\x1b[Kerror: \x1b[m\x1b[Kexpected \xe2\x80\x98\x1b[01m\x1b[K;\x1b[m\x1b[K\xe2\x80\x99 at end of member declaration\n'}
[16.943625] (workspace_gz) StderrLine: {'line': b'   83 |   GZ_UTILS_UNIQUE_IMPL_PTR(dataPtr\x1b[01;31m\x1b[K)\x1b[m\x1b[K\n'}
[16.943756] (workspace_gz) StderrLine: {'line': b'      |                                   \x1b[01;31m\x1b[K^\x1b[m\x1b[K\n'}
[16.943883] (workspace_gz) StderrLine: {'line': b'      |                                    \x1b[32m\x1b[K;\x1b[m\x1b[K\n'}
[16.944013] (workspace_gz) StderrLine: {'line': b'\x1b[01m\x1b[K/home/aliomacc/sti_usv/src/usv_sim/workspace_gz/plugins/WayfindingScoringPlugin.cc:42:1:\x1b[m\x1b[K \x1b[01;31m\x1b[Kerror: \x1b[m\x1b[Kqualified name does not name a class before \xe2\x80\x98\x1b[01m\x1b[K{\x1b[m\x1b[K\xe2\x80\x99 token\n'}
[16.944147] (workspace_gz) StderrLine: {'line': b'   42 | \x1b[01;31m\x1b[K{\x1b[m\x1b[K\n'}
[16.944286] (workspace_gz) StderrLine: {'line': b'      | \x1b[01;31m\x1b[K^\x1b[m\x1b[K\n'}
[16.948777] (workspace_gz) StderrLine: {'line': b'\x1b[01m\x1b[K/home/aliomacc/sti_usv/src/usv_sim/workspace_gz/plugins/WayfindingScoringPlugin.cc:\x1b[m\x1b[K In constructor \xe2\x80\x98\x1b[01m\x1b[Kvrx::WayfindingScoringPlugin::WayfindingScoringPlugin()\x1b[m\x1b[K\xe2\x80\x99:\n'}
[16.948948] (workspace_gz) StderrLine: {'line': b'\x1b[01m\x1b[K/home/aliomacc/sti_usv/src/usv_sim/workspace_gz/plugins/WayfindingScoringPlugin.cc:100:5:\x1b[m\x1b[K \x1b[01;31m\x1b[Kerror: \x1b[m\x1b[Kclass \xe2\x80\x98\x1b[01m\x1b[Kvrx::WayfindingScoringPlugin\x1b[m\x1b[K\xe2\x80\x99 does not have any field named \xe2\x80\x98\x1b[01m\x1b[KdataPtr\x1b[m\x1b[K\xe2\x80\x99\n'}
[16.949083] (workspace_gz) StderrLine: {'line': b'  100 |     \x1b[01;31m\x1b[KdataPtr\x1b[m\x1b[K(utils::MakeUniqueImpl<Implementation>())\n'}
[16.949210] (workspace_gz) StderrLine: {'line': b'      |     \x1b[01;31m\x1b[K^~~~~~~\x1b[m\x1b[K\n'}
[16.949350] (workspace_gz) StderrLine: {'line': b'In file included from \x1b[01m\x1b[K/home/aliomacc/sti_usv/src/usv_sim/workspace_gz/plugins/Surface.cc:33\x1b[m\x1b[K:\n'}
[16.949486] (workspace_gz) StderrLine: {'line': b'\x1b[01m\x1b[K/home/aliomacc/sti_usv/src/usv_sim/workspace_gz/plugins/Surface.hh:161:30:\x1b[m\x1b[K \x1b[01;31m\x1b[Kerror: \x1b[m\x1b[K\xe2\x80\x98\x1b[01m\x1b[KdataPtr\x1b[m\x1b[K\xe2\x80\x99 has not been declared\n'}
[16.949610] (workspace_gz) StderrLine: {'line': b'  161 |     GZ_UTILS_UNIQUE_IMPL_PTR(\x1b[01;31m\x1b[KdataPtr\x1b[m\x1b[K)\n'}
[16.949748] (workspace_gz) StderrLine: {'line': b'      |                              \x1b[01;31m\x1b[K^~~~~~~\x1b[m\x1b[K\n'}
[16.949872] (workspace_gz) StderrLine: {'line': b'\x1b[01m\x1b[K/home/aliomacc/sti_usv/src/usv_sim/workspace_gz/plugins/Surface.hh:161:5:\x1b[m\x1b[K \x1b[01;31m\x1b[Kerror: \x1b[m\x1b[KISO C++ forbids declaration of \xe2\x80\x98\x1b[01m\x1b[KGZ_UTILS_UNIQUE_IMPL_PTR\x1b[m\x1b[K\xe2\x80\x99 with no type [\x1b[01;31m\x1b[K\x1b]8;;https://gcc.gnu.org/onlinedocs/gcc/Warning-Options.html#index-fpermissive\x07-fpermissive\x1b]8;;\x07\x1b[m\x1b[K]\n'}
[16.949999] (workspace_gz) StderrLine: {'line': b'  161 |     \x1b[01;31m\x1b[KGZ_UTILS_UNIQUE_IMPL_PTR\x1b[m\x1b[K(dataPtr)\n'}
[16.950125] (workspace_gz) StderrLine: {'line': b'      |     \x1b[01;31m\x1b[K^~~~~~~~~~~~~~~~~~~~~~~~\x1b[m\x1b[K\n'}
[16.950246] (workspace_gz) StderrLine: {'line': b'\x1b[01m\x1b[K/home/aliomacc/sti_usv/src/usv_sim/workspace_gz/plugins/Surface.hh:161:37:\x1b[m\x1b[K \x1b[01;31m\x1b[Kerror: \x1b[m\x1b[Kexpected \xe2\x80\x98\x1b[01m\x1b[K;\x1b[m\x1b[K\xe2\x80\x99 at end of member declaration\n'}
[16.950396] (workspace_gz) StderrLine: {'line': b'  161 |     GZ_UTILS_UNIQUE_IMPL_PTR(dataPtr\x1b[01;31m\x1b[K)\x1b[m\x1b[K\n'}
[16.950527] (workspace_gz) StderrLine: {'line': b'      |                                     \x1b[01;31m\x1b[K^\x1b[m\x1b[K\n'}
[16.950648] (workspace_gz) StderrLine: {'line': b'      |                                      \x1b[32m\x1b[K;\x1b[m\x1b[K\n'}
[16.961122] (workspace_gz) StderrLine: {'line': b'\x1b[01m\x1b[K/home/aliomacc/sti_usv/src/usv_sim/workspace_gz/plugins/Surface.cc:41:1:\x1b[m\x1b[K \x1b[01;31m\x1b[Kerror: \x1b[m\x1b[Kqualified name does not name a class before \xe2\x80\x98\x1b[01m\x1b[K{\x1b[m\x1b[K\xe2\x80\x99 token\n'}
[16.961393] (workspace_gz) StderrLine: {'line': b'   41 | \x1b[01;31m\x1b[K{\x1b[m\x1b[K\n'}
[16.961543] (workspace_gz) StderrLine: {'line': b'      | \x1b[01;31m\x1b[K^\x1b[m\x1b[K\n'}
[16.961661] (workspace_gz) StderrLine: {'line': b'\x1b[01m\x1b[K/home/aliomacc/sti_usv/src/usv_sim/workspace_gz/plugins/Surface.cc:84:15:\x1b[m\x1b[K \x1b[01;31m\x1b[Kerror: \x1b[m\x1b[K\xe2\x80\x98\x1b[01m\x1b[Kvrx::Surface::Implementation\x1b[m\x1b[K\xe2\x80\x99 has not been declared\n'}
[16.961776] (workspace_gz) StderrLine: {'line': b'   84 | void Surface::\x1b[01;31m\x1b[KImplementation\x1b[m\x1b[K::ParsePoints(\n'}
[16.961892] (workspace_gz) StderrLine: {'line': b'      |               \x1b[01;31m\x1b[K^~~~~~~~~~~~~~\x1b[m\x1b[K\n'}
[16.962008] (workspace_gz) StderrLine: {'line': b'\x1b[01m\x1b[K/home/aliomacc/sti_usv/src/usv_sim/workspace_gz/plugins/WayfindingScoringPlugin.cc:100:35:\x1b[m\x1b[K \x1b[01;31m\x1b[Kerror: \x1b[m\x1b[K\xe2\x80\x98\x1b[01m\x1b[KImplementation\x1b[m\x1b[K\xe2\x80\x99 was not declared in this scope\n'}
[16.962123] (workspace_gz) StderrLine: {'line': b'  100 |     dataPtr(utils::MakeUniqueImpl<\x1b[01;31m\x1b[KImplementation\x1b[m\x1b[K>())\n'}
[16.962263] (workspace_gz) StderrLine: {'line': b'      |                                   \x1b[01;31m\x1b[K^~~~~~~~~~~~~~\x1b[m\x1b[K\n'}
[16.962395] (workspace_gz) StderrLine: {'line': b'\x1b[01m\x1b[K/home/aliomacc/sti_usv/src/usv_sim/workspace_gz/plugins/WayfindingScoringPlugin.cc:100:50:\x1b[m\x1b[K \x1b[01;31m\x1b[Kerror: \x1b[m\x1b[Kno matching function for call to \xe2\x80\x98\x1b[01m\x1b[KMakeUniqueImpl<<expression error> >()\x1b[m\x1b[K\xe2\x80\x99\n'}
[16.962517] (workspace_gz) StderrLine: {'line': b'  100 |     dataPtr(\x1b[01;31m\x1b[Kutils::MakeUniqueImpl<Implementation>()\x1b[m\x1b[K)\n'}
[16.962631] (workspace_gz) StderrLine: {'line': b'      |             \x1b[01;31m\x1b[K~~~~~~~~~~~~~~~~~~~~~~~~~~~~~~~~~~~~~^~\x1b[m\x1b[K\n'}
[16.962738] (workspace_gz) StderrLine: {'line': b'In file included from \x1b[01m\x1b[K/usr/include/ignition/utils1/gz/utils/ImplPtr.hh:259\x1b[m\x1b[K,\n'}
[16.962857] (workspace_gz) StderrLine: {'line': b'                 from \x1b[01m\x1b[K/usr/include/ignition/sdformat12/sdf/Sensor.hh:23\x1b[m\x1b[K,\n'}
[16.962977] (workspace_gz) StderrLine: {'line': b'                 from \x1b[01m\x1b[K/usr/include/ignition/gazebo6/gz/sim/components/Serialization.hh:35\x1b[m\x1b[K,\n'}
[16.963095] (workspace_gz) StderrLine: {'line': b'                 from \x1b[01m\x1b[K/usr/include/ignition/gazebo6/gz/sim/components/Name.hh:23\x1b[m\x1b[K,\n'}
[16.963207] (workspace_gz) StderrLine: {'line': b'                 from \x1b[01m\x1b[K/home/aliomacc/sti_usv/src/usv_sim/workspace_gz/plugins/WayfindingScoringPlugin.cc:22\x1b[m\x1b[K:\n'}
[16.963342] (workspace_gz) StderrLine: {'line': b'\x1b[01m\x1b[K/usr/include/ignition/utils1/gz/utils/detail/ImplPtr.hh:142:22:\x1b[m\x1b[K \x1b[01;36m\x1b[Knote: \x1b[m\x1b[Kcandidate: \xe2\x80\x98\x1b[01m\x1b[Ktemplate<class T, class ... Args> ignition::utils::UniqueImplPtr<T> ignition::utils::MakeUniqueImpl(Args&& ...)\x1b[m\x1b[K\xe2\x80\x99\n'}
[16.963472] (workspace_gz) StderrLine: {'line': b'  142 |     UniqueImplPtr<T> \x1b[01;36m\x1b[KMakeUniqueImpl\x1b[m\x1b[K(Args &&...args)\n'}
[16.963584] (workspace_gz) StderrLine: {'line': b'      |                      \x1b[01;36m\x1b[K^~~~~~~~~~~~~~\x1b[m\x1b[K\n'}
[16.963699] (workspace_gz) StderrLine: {'line': b'\x1b[01m\x1b[K/usr/include/ignition/utils1/gz/utils/detail/ImplPtr.hh:142:22:\x1b[m\x1b[K \x1b[01;36m\x1b[Knote: \x1b[m\x1b[K  template argument deduction/substitution failed:\n'}
[16.964329] (workspace_gz) StderrLine: {'line': b'\x1b[01m\x1b[K/home/aliomacc/sti_usv/src/usv_sim/workspace_gz/plugins/WayfindingScoringPlugin.cc:100:50:\x1b[m\x1b[K \x1b[01;31m\x1b[Kerror: \x1b[m\x1b[Ktemplate argument 1 is invalid\n'}
[16.964492] (workspace_gz) StderrLine: {'line': b'  100 |     dataPtr(\x1b[01;31m\x1b[Kutils::MakeUniqueImpl<Implementation>()\x1b[m\x1b[K)\n'}
[16.964597] (workspace_gz) StderrLine: {'line': b'      |             \x1b[01;31m\x1b[K~~~~~~~~~~~~~~~~~~~~~~~~~~~~~~~~~~~~~^~\x1b[m\x1b[K\n'}
[16.968389] (workspace_gz) StderrLine: {'line': b'\x1b[01m\x1b[K/home/aliomacc/sti_usv/src/usv_sim/workspace_gz/plugins/Surface.cc:\x1b[m\x1b[K In function \xe2\x80\x98\x1b[01m\x1b[Kvoid ParsePoints(const std::shared_ptr<const sdf::v12::Element>&)\x1b[m\x1b[K\xe2\x80\x99:\n'}
[16.968645] (workspace_gz) StderrLine: {'line': b'\x1b[01m\x1b[K/home/aliomacc/sti_usv/src/usv_sim/workspace_gz/plugins/Surface.cc:104:5:\x1b[m\x1b[K \x1b[01;31m\x1b[Kerror: \x1b[m\x1b[Kinvalid use of \xe2\x80\x98\x1b[01m\x1b[Kthis\x1b[m\x1b[K\xe2\x80\x99 in non-member function\n'}
[16.968791] (workspace_gz) StderrLine: {'line': b'  104 |     \x1b[01;31m\x1b[Kthis\x1b[m\x1b[K->points.push_back(point);\n'}
[16.968906] (workspace_gz) StderrLine: {'line': b'      |     \x1b[01;31m\x1b[K^~~~\x1b[m\x1b[K\n'}
[16.969018] (workspace_gz) StderrLine: {'line': b'\x1b[01m\x1b[K/home/aliomacc/sti_usv/src/usv_sim/workspace_gz/plugins/Surface.cc:\x1b[m\x1b[K At global scope:\n'}
[16.969129] (workspace_gz) StderrLine: {'line': b'\x1b[01m\x1b[K/home/aliomacc/sti_usv/src/usv_sim/workspace_gz/plugins/Surface.cc:112:15:\x1b[m\x1b[K \x1b[01;31m\x1b[Kerror: \x1b[m\x1b[K\xe2\x80\x98\x1b[01m\x1b[Kvrx::Surface::Implementation\x1b[m\x1b[K\xe2\x80\x99 has not been declared\n'}
[16.969236] (workspace_gz) StderrLine: {'line': b'  112 | void Surface::\x1b[01;31m\x1b[KImplementation\x1b[m\x1b[K::OnWavefield(const msgs::Param &_msg)\n'}
[16.969366] (workspace_gz) StderrLine: {'line': b'      |               \x1b[01;31m\x1b[K^~~~~~~~~~~~~~\x1b[m\x1b[K\n'}
[16.969483] (workspace_gz) StderrLine: {'line': b'\x1b[01m\x1b[K/home/aliomacc/sti_usv/src/usv_sim/workspace_gz/plugins/Surface.cc:\x1b[m\x1b[K In function \xe2\x80\x98\x1b[01m\x1b[Kvoid OnWavefield(const ignition::msgs::Param&)\x1b[m\x1b[K\xe2\x80\x99:\n'}
[16.969598] (workspace_gz) StderrLine: {'line': b'\x1b[01m\x1b[K/home/aliomacc/sti_usv/src/usv_sim/workspace_gz/plugins/Surface.cc:114:36:\x1b[m\x1b[K \x1b[01;31m\x1b[Kerror: \x1b[m\x1b[Kinvalid use of \xe2\x80\x98\x1b[01m\x1b[Kthis\x1b[m\x1b[K\xe2\x80\x99 in non-member function\n'}
[16.969709] (workspace_gz) StderrLine: {'line': b'  114 |   std::lock_guard<std::mutex> lock(\x1b[01;31m\x1b[Kthis\x1b[m\x1b[K->mutex);\n'}
[16.969836] (workspace_gz) StderrLine: {'line': b'      |                                    \x1b[01;31m\x1b[K^~~~\x1b[m\x1b[K\n'}
[16.969934] (workspace_gz) StderrLine: {'line': b'\x1b[01m\x1b[K/home/aliomacc/sti_usv/src/usv_sim/workspace_gz/plugins/Surface.cc:115:3:\x1b[m\x1b[K \x1b[01;31m\x1b[Kerror: \x1b[m\x1b[Kinvalid use of \xe2\x80\x98\x1b[01m\x1b[Kthis\x1b[m\x1b[K\xe2\x80\x99 in non-member function\n'}
[16.970038] (workspace_gz) StderrLine: {'line': b'  115 |   \x1b[01;31m\x1b[Kthis\x1b[m\x1b[K->wavefield.Load(_msg);\n'}
[16.970141] (workspace_gz) StderrLine: {'line': b'      |   \x1b[01;31m\x1b[K^~~~\x1b[m\x1b[K\n'}
[16.970244] (workspace_gz) StderrLine: {'line': b'\x1b[01m\x1b[K/home/aliomacc/sti_usv/src/usv_sim/workspace_gz/plugins/Surface.cc:\x1b[m\x1b[K In constructor \xe2\x80\x98\x1b[01m\x1b[Kvrx::Surface::Surface()\x1b[m\x1b[K\xe2\x80\x99:\n'}
[16.970367] (workspace_gz) StderrLine: {'line': b'\x1b[01m\x1b[K/home/aliomacc/sti_usv/src/usv_sim/workspace_gz/plugins/Surface.cc:120:15:\x1b[m\x1b[K \x1b[01;31m\x1b[Kerror: \x1b[m\x1b[Kclass \xe2\x80\x98\x1b[01m\x1b[Kvrx::Surface\x1b[m\x1b[K\xe2\x80\x99 does not have any field named \xe2\x80\x98\x1b[01m\x1b[KdataPtr\x1b[m\x1b[K\xe2\x80\x99\n'}
[16.970479] (workspace_gz) StderrLine: {'line': b'  120 |   : System(), \x1b[01;31m\x1b[KdataPtr\x1b[m\x1b[K(utils::MakeUniqueImpl<Implementation>())\n'}
[16.970585] (workspace_gz) StderrLine: {'line': b'      |               \x1b[01;31m\x1b[K^~~~~~~\x1b[m\x1b[K\n'}
[16.970689] (workspace_gz) StderrLine: {'line': b'\x1b[01m\x1b[K/home/aliomacc/sti_usv/src/usv_sim/workspace_gz/plugins/WayfindingScoringPlugin.cc:\x1b[m\x1b[K In member function \xe2\x80\x98\x1b[01m\x1b[Kvirtual void vrx::WayfindingScoringPlugin::Configure(const Entity&, const std::shared_ptr<const sdf::v12::Element>&, ignition::gazebo::v6::EntityComponentManager&, ignition::gazebo::v6::EventManager&)\x1b[m\x1b[K\xe2\x80\x99:\n'}
[16.970818] (workspace_gz) StderrLine: {'line': b'\x1b[01m\x1b[K/home/aliomacc/sti_usv/src/usv_sim/workspace_gz/plugins/WayfindingScoringPlugin.cc:118:9:\x1b[m\x1b[K \x1b[01;31m\x1b[Kerror: \x1b[m\x1b[K\xe2\x80\x98\x1b[01m\x1b[Kclass vrx::WayfindingScoringPlugin\x1b[m\x1b[K\xe2\x80\x99 has no member named \xe2\x80\x98\x1b[01m\x1b[KdataPtr\x1b[m\x1b[K\xe2\x80\x99\n'}
[16.970927] (workspace_gz) StderrLine: {'line': b'  118 |   this->\x1b[01;31m\x1b[KdataPtr\x1b[m\x1b[K->sdf = _sdf->Clone();\n'}
[16.971040] (workspace_gz) StderrLine: {'line': b'      |         \x1b[01;31m\x1b[K^~~~~~~\x1b[m\x1b[K\n'}
[16.974807] (workspace_gz) StderrLine: {'line': b'\x1b[01m\x1b[K/home/aliomacc/sti_usv/src/usv_sim/workspace_gz/plugins/WayfindingScoringPlugin.cc:123:9:\x1b[m\x1b[K \x1b[01;31m\x1b[Kerror: \x1b[m\x1b[K\xe2\x80\x98\x1b[01m\x1b[Kclass vrx::WayfindingScoringPlugin\x1b[m\x1b[K\xe2\x80\x99 has no member named \xe2\x80\x98\x1b[01m\x1b[KdataPtr\x1b[m\x1b[K\xe2\x80\x99\n'}
[16.975146] (workspace_gz) StderrLine: {'line': b'  123 |   this->\x1b[01;31m\x1b[KdataPtr\x1b[m\x1b[K->sc = world.SphericalCoordinates(_ecm).value();\n'}
[16.978348] (workspace_gz) StderrLine: {'line': b'      |         \x1b[01;31m\x1b[K^~~~~~~\x1b[m\x1b[K\n'}
[16.979443] (workspace_gz) StderrLine: {'line': b'\x1b[01m\x1b[K/home/aliomacc/sti_usv/src/usv_sim/workspace_gz/plugins/Surface.cc:120:45:\x1b[m\x1b[K \x1b[01;31m\x1b[Kerror: \x1b[m\x1b[K\xe2\x80\x98\x1b[01m\x1b[KImplementation\x1b[m\x1b[K\xe2\x80\x99 was not declared in this scope\n'}
[16.979699] (workspace_gz) StderrLine: {'line': b'  120 |   : System(), dataPtr(utils::MakeUniqueImpl<\x1b[01;31m\x1b[KImplementation\x1b[m\x1b[K>())\n'}
[16.979825] (workspace_gz) StderrLine: {'line': b'      |                                             \x1b[01;31m\x1b[K^~~~~~~~~~~~~~\x1b[m\x1b[K\n'}
[16.979933] (workspace_gz) StderrLine: {'line': b'\x1b[01m\x1b[K/home/aliomacc/sti_usv/src/usv_sim/workspace_gz/plugins/Surface.cc:120:60:\x1b[m\x1b[K \x1b[01;31m\x1b[Kerror: \x1b[m\x1b[Kno matching function for call to \xe2\x80\x98\x1b[01m\x1b[KMakeUniqueImpl<<expression error> >()\x1b[m\x1b[K\xe2\x80\x99\n'}
[16.980034] (workspace_gz) StderrLine: {'line': b'  120 |   : System(), dataPtr(\x1b[01;31m\x1b[Kutils::MakeUniqueImpl<Implementation>()\x1b[m\x1b[K)\n'}
[16.980153] (workspace_gz) StderrLine: {'line': b'      |                       \x1b[01;31m\x1b[K~~~~~~~~~~~~~~~~~~~~~~~~~~~~~~~~~~~~~^~\x1b[m\x1b[K\n'}
[16.981444] (workspace_gz) StderrLine: {'line': b'In file included from \x1b[01m\x1b[K/usr/include/ignition/utils1/gz/utils/ImplPtr.hh:259\x1b[m\x1b[K,\n'}
[16.981700] (workspace_gz) StderrLine: {'line': b'                 from \x1b[01m\x1b[K/usr/include/ignition/sdformat12/sdf/Actor.hh:24\x1b[m\x1b[K,\n'}
[16.981840] (workspace_gz) StderrLine: {'line': b'                 from \x1b[01m\x1b[K/usr/include/ignition/sdformat12/sdformat.hh:23\x1b[m\x1b[K,\n'}
[16.981970] (workspace_gz) StderrLine: {'line': b'                 from \x1b[01m\x1b[K/usr/include/ignition/sdformat12/sdf/sdf.hh:23\x1b[m\x1b[K,\n'}
[16.982098] (workspace_gz) StderrLine: {'line': b'                 from \x1b[01m\x1b[K/home/aliomacc/sti_usv/src/usv_sim/workspace_gz/plugins/Surface.cc:24\x1b[m\x1b[K:\n'}
[16.982231] (workspace_gz) StderrLine: {'line': b'\x1b[01m\x1b[K/usr/include/ignition/utils1/gz/utils/detail/ImplPtr.hh:142:22:\x1b[m\x1b[K \x1b[01;36m\x1b[Knote: \x1b[m\x1b[Kcandidate: \xe2\x80\x98\x1b[01m\x1b[Ktemplate<class T, class ... Args> ignition::utils::UniqueImplPtr<T> ignition::utils::MakeUniqueImpl(Args&& ...)\x1b[m\x1b[K\xe2\x80\x99\n'}
[16.982476] (workspace_gz) StderrLine: {'line': b'  142 |     UniqueImplPtr<T> \x1b[01;36m\x1b[KMakeUniqueImpl\x1b[m\x1b[K(Args &&...args)\n'}
[16.982594] (workspace_gz) StderrLine: {'line': b'      |                      \x1b[01;36m\x1b[K^~~~~~~~~~~~~~\x1b[m\x1b[K\n'}
[16.982712] (workspace_gz) StderrLine: {'line': b'\x1b[01m\x1b[K/usr/include/ignition/utils1/gz/utils/detail/ImplPtr.hh:142:22:\x1b[m\x1b[K \x1b[01;36m\x1b[Knote: \x1b[m\x1b[K  template argument deduction/substitution failed:\n'}
[16.982825] (workspace_gz) StderrLine: {'line': b'\x1b[01m\x1b[K/home/aliomacc/sti_usv/src/usv_sim/workspace_gz/plugins/Surface.cc:120:60:\x1b[m\x1b[K \x1b[01;31m\x1b[Kerror: \x1b[m\x1b[Ktemplate argument 1 is invalid\n'}
[16.982935] (workspace_gz) StderrLine: {'line': b'  120 |   : System(), dataPtr(\x1b[01;31m\x1b[Kutils::MakeUniqueImpl<Implementation>()\x1b[m\x1b[K)\n'}
[16.983042] (workspace_gz) StderrLine: {'line': b'      |                       \x1b[01;31m\x1b[K~~~~~~~~~~~~~~~~~~~~~~~~~~~~~~~~~~~~~^~\x1b[m\x1b[K\n'}
[16.983150] (workspace_gz) StderrLine: {'line': b'\x1b[01m\x1b[K/home/aliomacc/sti_usv/src/usv_sim/workspace_gz/plugins/Surface.cc:\x1b[m\x1b[K In member function \xe2\x80\x98\x1b[01m\x1b[Kvirtual void vrx::Surface::Configure(const Entity&, const std::shared_ptr<const sdf::v12::Element>&, ignition::gazebo::v6::EntityComponentManager&, ignition::gazebo::v6::EventManager&)\x1b[m\x1b[K\xe2\x80\x99:\n'}
[16.983287] (workspace_gz) StderrLine: {'line': b'\x1b[01m\x1b[K/home/aliomacc/sti_usv/src/usv_sim/workspace_gz/plugins/Surface.cc:139:9:\x1b[m\x1b[K \x1b[01;31m\x1b[Kerror: \x1b[m\x1b[K\xe2\x80\x98\x1b[01m\x1b[Kclass vrx::Surface\x1b[m\x1b[K\xe2\x80\x99 has no member named \xe2\x80\x98\x1b[01m\x1b[KdataPtr\x1b[m\x1b[K\xe2\x80\x99\n'}
[16.983395] (workspace_gz) StderrLine: {'line': b'  139 |   this->\x1b[01;31m\x1b[KdataPtr\x1b[m\x1b[K->link = sim::Link(model.LinkByName(_ecm, linkName));\n'}
[16.983503] (workspace_gz) StderrLine: {'line': b'      |         \x1b[01;31m\x1b[K^~~~~~~\x1b[m\x1b[K\n'}
[16.983628] (workspace_gz) StderrLine: {'line': b'\x1b[01m\x1b[K/home/aliomacc/sti_usv/src/usv_sim/workspace_gz/plugins/Surface.cc:140:14:\x1b[m\x1b[K \x1b[01;31m\x1b[Kerror: \x1b[m\x1b[K\xe2\x80\x98\x1b[01m\x1b[Kclass vrx::Surface\x1b[m\x1b[K\xe2\x80\x99 has no member named \xe2\x80\x98\x1b[01m\x1b[KdataPtr\x1b[m\x1b[K\xe2\x80\x99\n'}
[16.983753] (workspace_gz) StderrLine: {'line': b'  140 |   if (!this->\x1b[01;31m\x1b[KdataPtr\x1b[m\x1b[K->link.Valid(_ecm))\n'}
[16.983877] (workspace_gz) StderrLine: {'line': b'      |              \x1b[01;31m\x1b[K^~~~~~~\x1b[m\x1b[K\n'}
[16.985387] (workspace_gz) StderrLine: {'line': b'\x1b[01m\x1b[K/home/aliomacc/sti_usv/src/usv_sim/workspace_gz/plugins/Surface.cc:153:11:\x1b[m\x1b[K \x1b[01;31m\x1b[Kerror: \x1b[m\x1b[K\xe2\x80\x98\x1b[01m\x1b[Kclass vrx::Surface\x1b[m\x1b[K\xe2\x80\x99 has no member named \xe2\x80\x98\x1b[01m\x1b[KdataPtr\x1b[m\x1b[K\xe2\x80\x99\n'}
[16.985841] (workspace_gz) StderrLine: {'line': b'  153 |     this->\x1b[01;31m\x1b[KdataPtr\x1b[m\x1b[K->hullLength = _sdf->Get<double>("hull_length");\n'}
[16.989501] (workspace_gz) StderrLine: {'line': b'      |           \x1b[01;31m\x1b[K^~~~~~~\x1b[m\x1b[K\n'}
[16.989698] (workspace_gz) StderrLine: {'line': b'\x1b[01m\x1b[K/home/aliomacc/sti_usv/src/usv_sim/workspace_gz/plugins/Surface.cc:158:11:\x1b[m\x1b[K \x1b[01;31m\x1b[Kerror: \x1b[m\x1b[K\xe2\x80\x98\x1b[01m\x1b[Kclass vrx::Surface\x1b[m\x1b[K\xe2\x80\x99 has no member named \xe2\x80\x98\x1b[01m\x1b[KdataPtr\x1b[m\x1b[K\xe2\x80\x99\n'}
[16.989827] (workspace_gz) StderrLine: {'line': b'  158 |     this->\x1b[01;31m\x1b[KdataPtr\x1b[m\x1b[K->hullRadius = _sdf->Get<double>("hull_radius");\n'}
[16.989948] (workspace_gz) StderrLine: {'line': b'      |           \x1b[01;31m\x1b[K^~~~~~~\x1b[m\x1b[K\n'}
[16.990054] (workspace_gz) StderrLine: {'line': b'\x1b[01m\x1b[K/home/aliomacc/sti_usv/src/usv_sim/workspace_gz/plugins/Surface.cc:163:11:\x1b[m\x1b[K \x1b[01;31m\x1b[Kerror: \x1b[m\x1b[K\xe2\x80\x98\x1b[01m\x1b[Kclass vrx::Surface\x1b[m\x1b[K\xe2\x80\x99 has no member named \xe2\x80\x98\x1b[01m\x1b[KdataPtr\x1b[m\x1b[K\xe2\x80\x99\n'}
[16.990164] (workspace_gz) StderrLine: {'line': b'  163 |     this->\x1b[01;31m\x1b[KdataPtr\x1b[m\x1b[K->fluidLevel = _sdf->Get<double>("fluid_level");\n'}
[16.990268] (workspace_gz) StderrLine: {'line': b'      |           \x1b[01;31m\x1b[K^~~~~~~\x1b[m\x1b[K\n'}
[16.990391] (workspace_gz) StderrLine: {'line': b'\x1b[01m\x1b[K/home/aliomacc/sti_usv/src/usv_sim/workspace_gz/plugins/Surface.cc:168:11:\x1b[m\x1b[K \x1b[01;31m\x1b[Kerror: \x1b[m\x1b[K\xe2\x80\x98\x1b[01m\x1b[Kclass vrx::Surface\x1b[m\x1b[K\xe2\x80\x99 has no member named \xe2\x80\x98\x1b[01m\x1b[KdataPtr\x1b[m\x1b[K\xe2\x80\x99\n'}
[16.990508] (workspace_gz) StderrLine: {'line': b'  168 |     this->\x1b[01;31m\x1b[KdataPtr\x1b[m\x1b[K->fluidDensity = _sdf->Get<double>("fluid_density");\n'}
[16.990623] (workspace_gz) StderrLine: {'line': b'      |           \x1b[01;31m\x1b[K^~~~~~~\x1b[m\x1b[K\n'}
[16.990737] (workspace_gz) StderrLine: {'line': b'\x1b[01m\x1b[K/home/aliomacc/sti_usv/src/usv_sim/workspace_gz/plugins/Surface.cc:172:9:\x1b[m\x1b[K \x1b[01;31m\x1b[Kerror: \x1b[m\x1b[K\xe2\x80\x98\x1b[01m\x1b[Kclass vrx::Surface\x1b[m\x1b[K\xe2\x80\x99 has no member named \xe2\x80\x98\x1b[01m\x1b[KdataPtr\x1b[m\x1b[K\xe2\x80\x99\n'}
[16.990846] (workspace_gz) StderrLine: {'line': b'  172 |   this->\x1b[01;31m\x1b[KdataPtr\x1b[m\x1b[K->ParsePoints(_sdf);\n'}
[16.990954] (workspace_gz) StderrLine: {'line': b'      |         \x1b[01;31m\x1b[K^~~~~~~\x1b[m\x1b[K\n'}
[16.991062] (workspace_gz) StderrLine: {'line': b'\x1b[01m\x1b[K/home/aliomacc/sti_usv/src/usv_sim/workspace_gz/plugins/WayfindingScoringPlugin.cc:126:14:\x1b[m\x1b[K \x1b[01;31m\x1b[Kerror: \x1b[m\x1b[K\xe2\x80\x98\x1b[01m\x1b[Kclass vrx::WayfindingScoringPlugin\x1b[m\x1b[K\xe2\x80\x99 has no member named \xe2\x80\x98\x1b[01m\x1b[KdataPtr\x1b[m\x1b[K\xe2\x80\x99\n'}
[16.991231] (workspace_gz) StderrLine: {'line': b'  126 |   if (!this->\x1b[01;31m\x1b[KdataPtr\x1b[m\x1b[K->sdf->HasElement("waypoints"))\n'}
[16.991463] (workspace_gz) StderrLine: {'line': b'      |              \x1b[01;31m\x1b[K^~~~~~~\x1b[m\x1b[K\n'}
[16.991582] (workspace_gz) StderrLine: {'line': b'\x1b[01m\x1b[K/home/aliomacc/sti_usv/src/usv_sim/workspace_gz/plugins/WayfindingScoringPlugin.cc:131:30:\x1b[m\x1b[K \x1b[01;31m\x1b[Kerror: \x1b[m\x1b[K\xe2\x80\x98\x1b[01m\x1b[Kclass vrx::WayfindingScoringPlugin\x1b[m\x1b[K\xe2\x80\x99 has no member named \xe2\x80\x98\x1b[01m\x1b[KdataPtr\x1b[m\x1b[K\xe2\x80\x99\n'}
[16.991695] (workspace_gz) StderrLine: {'line': b'  131 |   auto waypointsElem = this->\x1b[01;31m\x1b[KdataPtr\x1b[m\x1b[K->sdf->GetElement("waypoints");\n'}
[16.991807] (workspace_gz) StderrLine: {'line': b'      |                              \x1b[01;31m\x1b[K^~~~~~~\x1b[m\x1b[K\n'}
[16.991932] (workspace_gz) StderrLine: {'line': b'\x1b[01m\x1b[K/home/aliomacc/sti_usv/src/usv_sim/workspace_gz/plugins/Surface.cc:183:9:\x1b[m\x1b[K \x1b[01;31m\x1b[Kerror: \x1b[m\x1b[K\xe2\x80\x98\x1b[01m\x1b[Kclass vrx::Surface\x1b[m\x1b[K\xe2\x80\x99 has no member named \xe2\x80\x98\x1b[01m\x1b[KdataPtr\x1b[m\x1b[K\xe2\x80\x99\n'}
[16.992044] (workspace_gz) StderrLine: {'line': b'  183 |   this->\x1b[01;31m\x1b[KdataPtr\x1b[m\x1b[K->gravity = *gravityOpt;\n'}
[16.992152] (workspace_gz) StderrLine: {'line': b'      |         \x1b[01;31m\x1b[K^~~~~~~\x1b[m\x1b[K\n'}
[16.992260] (workspace_gz) StderrLine: {'line': b'\x1b[01m\x1b[K/home/aliomacc/sti_usv/src/usv_sim/workspace_gz/plugins/Surface.cc:186:9:\x1b[m\x1b[K \x1b[01;31m\x1b[Kerror: \x1b[m\x1b[K\xe2\x80\x98\x1b[01m\x1b[Kclass vrx::Surface\x1b[m\x1b[K\xe2\x80\x99 has no member named \xe2\x80\x98\x1b[01m\x1b[KdataPtr\x1b[m\x1b[K\xe2\x80\x99\n'}
[16.992387] (workspace_gz) StderrLine: {'line': b'  186 |   this->\x1b[01;31m\x1b[KdataPtr\x1b[m\x1b[K->wavefield.Load(_sdf);\n'}
[16.992498] (workspace_gz) StderrLine: {'line': b'      |         \x1b[01;31m\x1b[K^~~~~~~\x1b[m\x1b[K\n'}
[16.993524] (workspace_gz) StderrLine: {'line': b'\x1b[01m\x1b[K/home/aliomacc/sti_usv/src/usv_sim/workspace_gz/plugins/WayfindingScoringPlugin.cc:143:64:\x1b[m\x1b[K \x1b[01;31m\x1b[Kerror: \x1b[m\x1b[Kexpected primary-expression before \xe2\x80\x98\x1b[01m\x1b[K>\x1b[m\x1b[K\xe2\x80\x99 token\n'}
[16.993714] (workspace_gz) StderrLine: {'line': b'  143 |     math::Vector3d latlonyaw = waypointElem->Get<math::Vector3d\x1b[01;31m\x1b[K>\x1b[m\x1b[K("pose");\n'}
[16.993841] (workspace_gz) StderrLine: {'line': b'      |                                                                \x1b[01;31m\x1b[K^\x1b[m\x1b[K\n'}
[16.997482] (workspace_gz) StderrLine: {'line': b'\x1b[01m\x1b[K/home/aliomacc/sti_usv/src/usv_sim/workspace_gz/plugins/WayfindingScoringPlugin.cc:150:13:\x1b[m\x1b[K \x1b[01;31m\x1b[Kerror: \x1b[m\x1b[K\xe2\x80\x98\x1b[01m\x1b[Kclass vrx::WayfindingScoringPlugin\x1b[m\x1b[K\xe2\x80\x99 has no member named \xe2\x80\x98\x1b[01m\x1b[KdataPtr\x1b[m\x1b[K\xe2\x80\x99\n'}
[16.997946] (workspace_gz) StderrLine: {'line': b'  150 |       this->\x1b[01;31m\x1b[KdataPtr\x1b[m\x1b[K->sc.LocalFromSphericalPosition(scVec);\n'}
[16.998073] (workspace_gz) StderrLine: {'line': b'      |             \x1b[01;31m\x1b[K^~~~~~~\x1b[m\x1b[K\n'}
[16.998184] (workspace_gz) StderrLine: {'line': b'\x1b[01m\x1b[K/home/aliomacc/sti_usv/src/usv_sim/workspace_gz/plugins/Surface.cc:191:45:\x1b[m\x1b[K \x1b[01;31m\x1b[Kerror: \x1b[m\x1b[K\xe2\x80\x98\x1b[01m\x1b[Kclass vrx::Surface\x1b[m\x1b[K\xe2\x80\x99 has no member named \xe2\x80\x98\x1b[01m\x1b[KdataPtr\x1b[m\x1b[K\xe2\x80\x99\n'}
[16.998301] (workspace_gz) StderrLine: {'line': b'  191 |   igndbg << "  <vehicle_length>: " << this->\x1b[01;31m\x1b[KdataPtr\x1b[m\x1b[K->hullLength << std::endl;\n'}
[16.998449] (workspace_gz) StderrLine: {'line': b'      |                                             \x1b[01;31m\x1b[K^~~~~~~\x1b[m\x1b[K\n'}
[16.998557] (workspace_gz) StderrLine: {'line': b'\x1b[01m\x1b[K/home/aliomacc/sti_usv/src/usv_sim/workspace_gz/plugins/WayfindingScoringPlugin.cc:156:21:\x1b[m\x1b[K \x1b[01;31m\x1b[Kerror: \x1b[m\x1b[K\xe2\x80\x98\x1b[01m\x1b[Kclass vrx::WayfindingScoringPlugin\x1b[m\x1b[K\xe2\x80\x99 has no member named \xe2\x80\x98\x1b[01m\x1b[KdataPtr\x1b[m\x1b[K\xe2\x80\x99\n'}
[16.998674] (workspace_gz) StderrLine: {'line': b'  156 |     msgs::Set(this->\x1b[01;31m\x1b[KdataPtr\x1b[m\x1b[K->waypointsMessage.add_pose(),pose);\n'}
[16.998780] (workspace_gz) StderrLine: {'line': b'      |                     \x1b[01;31m\x1b[K^~~~~~~\x1b[m\x1b[K\n'}
[16.998886] (workspace_gz) StderrLine: {'line': b'\x1b[01m\x1b[K/home/aliomacc/sti_usv/src/usv_sim/workspace_gz/plugins/Surface.cc:192:42:\x1b[m\x1b[K \x1b[01;31m\x1b[Kerror: \x1b[m\x1b[K\xe2\x80\x98\x1b[01m\x1b[Kclass vrx::Surface\x1b[m\x1b[K\xe2\x80\x99 has no member named \xe2\x80\x98\x1b[01m\x1b[KdataPtr\x1b[m\x1b[K\xe2\x80\x99\n'}
[16.999001] (workspace_gz) StderrLine: {'line': b'  192 |   igndbg << "  <hull_radius>: " << this->\x1b[01;31m\x1b[KdataPtr\x1b[m\x1b[K->hullRadius << std::endl;\n'}
[16.999107] (workspace_gz) StderrLine: {'line': b'      |                                          \x1b[01;31m\x1b[K^~~~~~~\x1b[m\x1b[K\n'}
[16.999204] (workspace_gz) StderrLine: {'line': b'\x1b[01m\x1b[K/home/aliomacc/sti_usv/src/usv_sim/workspace_gz/plugins/WayfindingScoringPlugin.cc:159:11:\x1b[m\x1b[K \x1b[01;31m\x1b[Kerror: \x1b[m\x1b[K\xe2\x80\x98\x1b[01m\x1b[Kclass vrx::WayfindingScoringPlugin\x1b[m\x1b[K\xe2\x80\x99 has no member named \xe2\x80\x98\x1b[01m\x1b[KdataPtr\x1b[m\x1b[K\xe2\x80\x99\n'}
[16.999319] (workspace_gz) StderrLine: {'line': b'  159 |     this->\x1b[01;31m\x1b[KdataPtr\x1b[m\x1b[K->sphericalWaypoints.push_back(latlonyaw);\n'}
[16.999432] (workspace_gz) StderrLine: {'line': b'      |           \x1b[01;31m\x1b[K^~~~~~~\x1b[m\x1b[K\n'}
[16.999545] (workspace_gz) StderrLine: {'line': b'\x1b[01m\x1b[K/home/aliomacc/sti_usv/src/usv_sim/workspace_gz/plugins/WayfindingScoringPlugin.cc:160:11:\x1b[m\x1b[K \x1b[01;31m\x1b[Kerror: \x1b[m\x1b[K\xe2\x80\x98\x1b[01m\x1b[Kclass vrx::WayfindingScoringPlugin\x1b[m\x1b[K\xe2\x80\x99 has no member named \xe2\x80\x98\x1b[01m\x1b[KdataPtr\x1b[m\x1b[K\xe2\x80\x99\n'}
[16.999645] (workspace_gz) StderrLine: {'line': b'  160 |     this->\x1b[01;31m\x1b[KdataPtr\x1b[m\x1b[K->localWaypoints.push_back(cartVec);\n'}
[16.999758] (workspace_gz) StderrLine: {'line': b'      |           \x1b[01;31m\x1b[K^~~~~~~\x1b[m\x1b[K\n'}
[16.999860] (workspace_gz) StderrLine: {'line': b'\x1b[01m\x1b[K/home/aliomacc/sti_usv/src/usv_sim/workspace_gz/plugins/Surface.cc:193:42:\x1b[m\x1b[K \x1b[01;31m\x1b[Kerror: \x1b[m\x1b[K\xe2\x80\x98\x1b[01m\x1b[Kclass vrx::Surface\x1b[m\x1b[K\xe2\x80\x99 has no member named \xe2\x80\x98\x1b[01m\x1b[KdataPtr\x1b[m\x1b[K\xe2\x80\x99\n'}
[16.999973] (workspace_gz) StderrLine: {'line': b'  193 |   igndbg << "  <fluid_level>: " << this->\x1b[01;31m\x1b[KdataPtr\x1b[m\x1b[K->fluidLevel << std::endl;\n'}
[17.000087] (workspace_gz) StderrLine: {'line': b'      |                                          \x1b[01;31m\x1b[K^~~~~~~\x1b[m\x1b[K\n'}
[17.000195] (workspace_gz) StderrLine: {'line': b'\x1b[01m\x1b[K/home/aliomacc/sti_usv/src/usv_sim/workspace_gz/plugins/Surface.cc:194:44:\x1b[m\x1b[K \x1b[01;31m\x1b[Kerror: \x1b[m\x1b[K\xe2\x80\x98\x1b[01m\x1b[Kclass vrx::Surface\x1b[m\x1b[K\xe2\x80\x99 has no member named \xe2\x80\x98\x1b[01m\x1b[KdataPtr\x1b[m\x1b[K\xe2\x80\x99\n'}
[17.000311] (workspace_gz) StderrLine: {'line': b'  194 |   igndbg << "  <fluid_density>: " << this->\x1b[01;31m\x1b[KdataPtr\x1b[m\x1b[K->fluidDensity << std::endl;\n'}
[17.000433] (workspace_gz) StderrLine: {'line': b'      |                                            \x1b[01;31m\x1b[K^~~~~~~\x1b[m\x1b[K\n'}
[17.000542] (workspace_gz) StderrLine: {'line': b'\x1b[01m\x1b[K/home/aliomacc/sti_usv/src/usv_sim/workspace_gz/plugins/Surface.cc:196:30:\x1b[m\x1b[K \x1b[01;31m\x1b[Kerror: \x1b[m\x1b[K\xe2\x80\x98\x1b[01m\x1b[Kclass vrx::Surface\x1b[m\x1b[K\xe2\x80\x99 has no member named \xe2\x80\x98\x1b[01m\x1b[KdataPtr\x1b[m\x1b[K\xe2\x80\x99\n'}
[17.000653] (workspace_gz) StderrLine: {'line': b'  196 |   for (const auto &p : this->\x1b[01;31m\x1b[KdataPtr\x1b[m\x1b[K->points)\n'}
[17.000762] (workspace_gz) StderrLine: {'line': b'      |                              \x1b[01;31m\x1b[K^~~~~~~\x1b[m\x1b[K\n'}
[17.000863] (workspace_gz) StderrLine: {'line': b'\x1b[01m\x1b[K/home/aliomacc/sti_usv/src/usv_sim/workspace_gz/plugins/Surface.cc:200:9:\x1b[m\x1b[K \x1b[01;31m\x1b[Kerror: \x1b[m\x1b[K\xe2\x80\x98\x1b[01m\x1b[Kclass vrx::Surface\x1b[m\x1b[K\xe2\x80\x99 has no member named \xe2\x80\x98\x1b[01m\x1b[KdataPtr\x1b[m\x1b[K\xe2\x80\x99\n'}
[17.000971] (workspace_gz) StderrLine: {'line': b'  200 |   this->\x1b[01;31m\x1b[KdataPtr\x1b[m\x1b[K->node.Subscribe(this->dataPtr->wavefield.Topic(),\n'}
[17.001521] (workspace_gz) StderrLine: {'line': b'      |         \x1b[01;31m\x1b[K^~~~~~~\x1b[m\x1b[K\n'}
[17.002148] (workspace_gz) StderrLine: {'line': b'\x1b[01m\x1b[K/home/aliomacc/sti_usv/src/usv_sim/workspace_gz/plugins/Surface.cc:200:39:\x1b[m\x1b[K \x1b[01;31m\x1b[Kerror: \x1b[m\x1b[K\xe2\x80\x98\x1b[01m\x1b[Kclass vrx::Surface\x1b[m\x1b[K\xe2\x80\x99 has no member named \xe2\x80\x98\x1b[01m\x1b[KdataPtr\x1b[m\x1b[K\xe2\x80\x99\n'}
[17.002306] (workspace_gz) StderrLine: {'line': b'  200 |   this->dataPtr->node.Subscribe(this->\x1b[01;31m\x1b[KdataPtr\x1b[m\x1b[K->wavefield.Topic(),\n'}
[17.002436] (workspace_gz) StderrLine: {'line': b'      |                                       \x1b[01;31m\x1b[K^~~~~~~\x1b[m\x1b[K\n'}
[17.002548] (workspace_gz) StderrLine: {'line': b'\x1b[01m\x1b[K/home/aliomacc/sti_usv/src/usv_sim/workspace_gz/plugins/Surface.cc:201:15:\x1b[m\x1b[K \x1b[01;31m\x1b[Kerror: \x1b[m\x1b[K\xe2\x80\x98\x1b[01m\x1b[Kvrx::Surface::Implementation\x1b[m\x1b[K\xe2\x80\x99 has not been declared\n'}
[17.002677] (workspace_gz) StderrLine: {'line': b'  201 |     &Surface::\x1b[01;31m\x1b[KImplementation\x1b[m\x1b[K::OnWavefield, this->dataPtr.get());\n'}
[17.002789] (workspace_gz) StderrLine: {'line': b'      |               \x1b[01;31m\x1b[K^~~~~~~~~~~~~~\x1b[m\x1b[K\n'}
[17.002900] (workspace_gz) StderrLine: {'line': b'\x1b[01m\x1b[K/home/aliomacc/sti_usv/src/usv_sim/workspace_gz/plugins/Surface.cc:201:50:\x1b[m\x1b[K \x1b[01;31m\x1b[Kerror: \x1b[m\x1b[K\xe2\x80\x98\x1b[01m\x1b[Kclass vrx::Surface\x1b[m\x1b[K\xe2\x80\x99 has no member named \xe2\x80\x98\x1b[01m\x1b[KdataPtr\x1b[m\x1b[K\xe2\x80\x99\n'}
[17.003018] (workspace_gz) StderrLine: {'line': b'  201 |     &Surface::Implementation::OnWavefield, this->\x1b[01;31m\x1b[KdataPtr\x1b[m\x1b[K.get());\n'}
[17.003136] (workspace_gz) StderrLine: {'line': b'      |                                                  \x1b[01;31m\x1b[K^~~~~~~\x1b[m\x1b[K\n'}
[17.003246] (workspace_gz) StderrLine: {'line': b'\x1b[01m\x1b[K/home/aliomacc/sti_usv/src/usv_sim/workspace_gz/plugins/WayfindingScoringPlugin.cc:176:13:\x1b[m\x1b[K \x1b[01;31m\x1b[Kerror: \x1b[m\x1b[K\xe2\x80\x98\x1b[01m\x1b[Kclass vrx::WayfindingScoringPlugin\x1b[m\x1b[K\xe2\x80\x99 has no member named \xe2\x80\x98\x1b[01m\x1b[KdataPtr\x1b[m\x1b[K\xe2\x80\x99\n'}
[17.003382] (workspace_gz) StderrLine: {'line': b'  176 |   if (this->\x1b[01;31m\x1b[KdataPtr\x1b[m\x1b[K->sdf->HasElement("waypoints_topic"))\n'}
[17.003499] (workspace_gz) StderrLine: {'line': b'      |             \x1b[01;31m\x1b[K^~~~~~~\x1b[m\x1b[K\n'}
[17.003607] (workspace_gz) StderrLine: {'line': b'\x1b[01m\x1b[K/home/aliomacc/sti_usv/src/usv_sim/workspace_gz/plugins/WayfindingScoringPlugin.cc:178:11:\x1b[m\x1b[K \x1b[01;31m\x1b[Kerror: \x1b[m\x1b[K\xe2\x80\x98\x1b[01m\x1b[Kclass vrx::WayfindingScoringPlugin\x1b[m\x1b[K\xe2\x80\x99 has no member named \xe2\x80\x98\x1b[01m\x1b[KdataPtr\x1b[m\x1b[K\xe2\x80\x99\n'}
[17.003731] (workspace_gz) StderrLine: {'line': b'  178 |     this->\x1b[01;31m\x1b[KdataPtr\x1b[m\x1b[K->waypointsTopic =\n'}
[17.003839] (workspace_gz) StderrLine: {'line': b'      |           \x1b[01;31m\x1b[K^~~~~~~\x1b[m\x1b[K\n'}
[17.003946] (workspace_gz) StderrLine: {'line': b'\x1b[01m\x1b[K/home/aliomacc/sti_usv/src/usv_sim/workspace_gz/plugins/WayfindingScoringPlugin.cc:179:13:\x1b[m\x1b[K \x1b[01;31m\x1b[Kerror: \x1b[m\x1b[K\xe2\x80\x98\x1b[01m\x1b[Kclass vrx::WayfindingScoringPlugin\x1b[m\x1b[K\xe2\x80\x99 has no member named \xe2\x80\x98\x1b[01m\x1b[KdataPtr\x1b[m\x1b[K\xe2\x80\x99\n'}
[17.004057] (workspace_gz) StderrLine: {'line': b'  179 |       this->\x1b[01;31m\x1b[KdataPtr\x1b[m\x1b[K->sdf->Get<std::string>("waypoints_topic");\n'}
[17.004168] (workspace_gz) StderrLine: {'line': b'      |             \x1b[01;31m\x1b[K^~~~~~~\x1b[m\x1b[K\n'}
[17.004276] (workspace_gz) StderrLine: {'line': b'\x1b[01m\x1b[K/home/aliomacc/sti_usv/src/usv_sim/workspace_gz/plugins/WayfindingScoringPlugin.cc:179:42:\x1b[m\x1b[K \x1b[01;31m\x1b[Kerror: \x1b[m\x1b[Kexpected primary-expression before \xe2\x80\x98\x1b[01m\x1b[K>\x1b[m\x1b[K\xe2\x80\x99 token\n'}
[17.004412] (workspace_gz) StderrLine: {'line': b'  179 |       this->dataPtr->sdf->Get<std::string\x1b[01;31m\x1b[K>\x1b[m\x1b[K("waypoints_topic");\n'}
[17.004532] (workspace_gz) StderrLine: {'line': b'      |                                          \x1b[01;31m\x1b[K^\x1b[m\x1b[K\n'}
[17.004642] (workspace_gz) StderrLine: {'line': b'\x1b[01m\x1b[K/home/aliomacc/sti_usv/src/usv_sim/workspace_gz/plugins/WayfindingScoringPlugin.cc:182:9:\x1b[m\x1b[K \x1b[01;31m\x1b[Kerror: \x1b[m\x1b[K\xe2\x80\x98\x1b[01m\x1b[Kclass vrx::WayfindingScoringPlugin\x1b[m\x1b[K\xe2\x80\x99 has no member named \xe2\x80\x98\x1b[01m\x1b[KdataPtr\x1b[m\x1b[K\xe2\x80\x99\n'}
[17.004756] (workspace_gz) StderrLine: {'line': b'  182 |   this->\x1b[01;31m\x1b[KdataPtr\x1b[m\x1b[K->waypointsPub = this->dataPtr->node.Advertise<msgs::Pose_V>(\n'}
[17.004872] (workspace_gz) StderrLine: {'line': b'      |         \x1b[01;31m\x1b[K^~~~~~~\x1b[m\x1b[K\n'}
[17.004980] (workspace_gz) StderrLine: {'line': b'\x1b[01m\x1b[K/home/aliomacc/sti_usv/src/usv_sim/workspace_gz/plugins/WayfindingScoringPlugin.cc:182:39:\x1b[m\x1b[K \x1b[01;31m\x1b[Kerror: \x1b[m\x1b[K\xe2\x80\x98\x1b[01m\x1b[Kclass vrx::WayfindingScoringPlugin\x1b[m\x1b[K\xe2\x80\x99 has no member named \xe2\x80\x98\x1b[01m\x1b[KdataPtr\x1b[m\x1b[K\xe2\x80\x99\n'}
[17.005094] (workspace_gz) StderrLine: {'line': b'  182 |   this->dataPtr->waypointsPub = this->\x1b[01;31m\x1b[KdataPtr\x1b[m\x1b[K->node.Advertise<msgs::Pose_V>(\n'}
[17.005204] (workspace_gz) StderrLine: {'line': b'      |                                       \x1b[01;31m\x1b[K^~~~~~~\x1b[m\x1b[K\n'}
[17.008876] (workspace_gz) StderrLine: {'line': b'\x1b[01m\x1b[K/home/aliomacc/sti_usv/src/usv_sim/workspace_gz/plugins/WayfindingScoringPlugin.cc:182:75:\x1b[m\x1b[K \x1b[01;31m\x1b[Kerror: \x1b[m\x1b[Kexpected primary-expression before \xe2\x80\x98\x1b[01m\x1b[K>\x1b[m\x1b[K\xe2\x80\x99 token\n'}
[17.010334] (workspace_gz) StderrLine: {'line': b'  182 |   this->dataPtr->waypointsPub = this->dataPtr->node.Advertise<msgs::Pose_V\x1b[01;31m\x1b[K>\x1b[m\x1b[K(\n'}
[17.010496] (workspace_gz) StderrLine: {'line': b'      |                                                                           \x1b[01;31m\x1b[K^\x1b[m\x1b[K\n'}
[17.010618] (workspace_gz) StderrLine: {'line': b'\x1b[01m\x1b[K/home/aliomacc/sti_usv/src/usv_sim/workspace_gz/plugins/WayfindingScoringPlugin.cc:183:11:\x1b[m\x1b[K \x1b[01;31m\x1b[Kerror: \x1b[m\x1b[K\xe2\x80\x98\x1b[01m\x1b[Kclass vrx::WayfindingScoringPlugin\x1b[m\x1b[K\xe2\x80\x99 has no member named \xe2\x80\x98\x1b[01m\x1b[KdataPtr\x1b[m\x1b[K\xe2\x80\x99\n'}
[17.010740] (workspace_gz) StderrLine: {'line': b'  183 |     this->\x1b[01;31m\x1b[KdataPtr\x1b[m\x1b[K->waypointsTopic, opts);\n'}
[17.010870] (workspace_gz) StderrLine: {'line': b'      |           \x1b[01;31m\x1b[K^~~~~~~\x1b[m\x1b[K\n'}
[17.010998] (workspace_gz) StderrLine: {'line': b'\x1b[01m\x1b[K/home/aliomacc/sti_usv/src/usv_sim/workspace_gz/plugins/WayfindingScoringPlugin.cc:186:11:\x1b[m\x1b[K \x1b[01;31m\x1b[Kerror: \x1b[m\x1b[K\xe2\x80\x98\x1b[01m\x1b[Kclass vrx::WayfindingScoringPlugin\x1b[m\x1b[K\xe2\x80\x99 has no member named \xe2\x80\x98\x1b[01m\x1b[KdataPtr\x1b[m\x1b[K\xe2\x80\x99\n'}
[17.011106] (workspace_gz) StderrLine: {'line': b'  186 |     this->\x1b[01;31m\x1b[KdataPtr\x1b[m\x1b[K->minErrorsTopic = _sdf->Get<std::string>("min_errors_topic");\n'}
[17.011229] (workspace_gz) StderrLine: {'line': b'      |           \x1b[01;31m\x1b[K^~~~~~~\x1b[m\x1b[K\n'}
[17.014488] (workspace_gz) StderrLine: {'line': b'\x1b[01m\x1b[K/home/aliomacc/sti_usv/src/usv_sim/workspace_gz/plugins/WayfindingScoringPlugin.cc:188:9:\x1b[m\x1b[K \x1b[01;31m\x1b[Kerror: \x1b[m\x1b[K\xe2\x80\x98\x1b[01m\x1b[Kclass vrx::WayfindingScoringPlugin\x1b[m\x1b[K\xe2\x80\x99 has no member named \xe2\x80\x98\x1b[01m\x1b[KdataPtr\x1b[m\x1b[K\xe2\x80\x99\n'}
[17.014680] (workspace_gz) StderrLine: {'line': b'  188 |   this->\x1b[01;31m\x1b[KdataPtr\x1b[m\x1b[K->minErrorsPub = this->dataPtr->node.Advertise<msgs::Float_V>(\n'}
[17.014812] (workspace_gz) StderrLine: {'line': b'      |         \x1b[01;31m\x1b[K^~~~~~~\x1b[m\x1b[K\n'}
[17.014924] (workspace_gz) StderrLine: {'line': b'\x1b[01m\x1b[K/home/aliomacc/sti_usv/src/usv_sim/workspace_gz/plugins/WayfindingScoringPlugin.cc:188:39:\x1b[m\x1b[K \x1b[01;31m\x1b[Kerror: \x1b[m\x1b[K\xe2\x80\x98\x1b[01m\x1b[Kclass vrx::WayfindingScoringPlugin\x1b[m\x1b[K\xe2\x80\x99 has no member named \xe2\x80\x98\x1b[01m\x1b[KdataPtr\x1b[m\x1b[K\xe2\x80\x99\n'}
[17.015095] (workspace_gz) StderrLine: {'line': b'  188 |   this->dataPtr->minErrorsPub = this->\x1b[01;31m\x1b[KdataPtr\x1b[m\x1b[K->node.Advertise<msgs::Float_V>(\n'}
[17.015230] (workspace_gz) StderrLine: {'line': b'      |                                       \x1b[01;31m\x1b[K^~~~~~~\x1b[m\x1b[K\n'}
[17.015507] (workspace_gz) StderrLine: {'line': b'\x1b[01m\x1b[K/home/aliomacc/sti_usv/src/usv_sim/workspace_gz/plugins/WayfindingScoringPlugin.cc:188:76:\x1b[m\x1b[K \x1b[01;31m\x1b[Kerror: \x1b[m\x1b[Kexpected primary-expression before \xe2\x80\x98\x1b[01m\x1b[K>\x1b[m\x1b[K\xe2\x80\x99 token\n'}
[17.015695] (workspace_gz) StderrLine: {'line': b'  188 |   this->dataPtr->minErrorsPub = this->dataPtr->node.Advertise<msgs::Float_V\x1b[01;31m\x1b[K>\x1b[m\x1b[K(\n'}
[17.015827] (workspace_gz) StderrLine: {'line': b'      |                                                                            \x1b[01;31m\x1b[K^\x1b[m\x1b[K\n'}
[17.015999] (workspace_gz) StderrLine: {'line': b'\x1b[01m\x1b[K/home/aliomacc/sti_usv/src/usv_sim/workspace_gz/plugins/WayfindingScoringPlugin.cc:189:11:\x1b[m\x1b[K \x1b[01;31m\x1b[Kerror: \x1b[m\x1b[K\xe2\x80\x98\x1b[01m\x1b[Kclass vrx::WayfindingScoringPlugin\x1b[m\x1b[K\xe2\x80\x99 has no member named \xe2\x80\x98\x1b[01m\x1b[KdataPtr\x1b[m\x1b[K\xe2\x80\x99\n'}
[17.016130] (workspace_gz) StderrLine: {'line': b'  189 |     this->\x1b[01;31m\x1b[KdataPtr\x1b[m\x1b[K->minErrorsTopic, opts);\n'}
[17.016252] (workspace_gz) StderrLine: {'line': b'      |           \x1b[01;31m\x1b[K^~~~~~~\x1b[m\x1b[K\n'}
[17.016542] (workspace_gz) StderrLine: {'line': b'\x1b[01m\x1b[K/home/aliomacc/sti_usv/src/usv_sim/workspace_gz/plugins/WayfindingScoringPlugin.cc:192:11:\x1b[m\x1b[K \x1b[01;31m\x1b[Kerror: \x1b[m\x1b[K\xe2\x80\x98\x1b[01m\x1b[Kclass vrx::WayfindingScoringPlugin\x1b[m\x1b[K\xe2\x80\x99 has no member named \xe2\x80\x98\x1b[01m\x1b[KdataPtr\x1b[m\x1b[K\xe2\x80\x99\n'}
[17.016683] (workspace_gz) StderrLine: {'line': b'  192 |     this->\x1b[01;31m\x1b[KdataPtr\x1b[m\x1b[K->meanErrorTopic = _sdf->Get<std::string>("mean_error_topic");\n'}
[17.016813] (workspace_gz) StderrLine: {'line': b'      |           \x1b[01;31m\x1b[K^~~~~~~\x1b[m\x1b[K\n'}
[17.016944] (workspace_gz) StderrLine: {'line': b'\x1b[01m\x1b[K/home/aliomacc/sti_usv/src/usv_sim/workspace_gz/plugins/WayfindingScoringPlugin.cc:194:9:\x1b[m\x1b[K \x1b[01;31m\x1b[Kerror: \x1b[m\x1b[K\xe2\x80\x98\x1b[01m\x1b[Kclass vrx::WayfindingScoringPlugin\x1b[m\x1b[K\xe2\x80\x99 has no member named \xe2\x80\x98\x1b[01m\x1b[KdataPtr\x1b[m\x1b[K\xe2\x80\x99\n'}
[17.017077] (workspace_gz) StderrLine: {'line': b'  194 |   this->\x1b[01;31m\x1b[KdataPtr\x1b[m\x1b[K->meanErrorPub = this->dataPtr->node.Advertise<msgs::Float>(\n'}
[17.017208] (workspace_gz) StderrLine: {'line': b'      |         \x1b[01;31m\x1b[K^~~~~~~\x1b[m\x1b[K\n'}
[17.020481] (workspace_gz) StderrLine: {'line': b'\x1b[01m\x1b[K/home/aliomacc/sti_usv/src/usv_sim/workspace_gz/plugins/WayfindingScoringPlugin.cc:194:39:\x1b[m\x1b[K \x1b[01;31m\x1b[Kerror: \x1b[m\x1b[K\xe2\x80\x98\x1b[01m\x1b[Kclass vrx::WayfindingScoringPlugin\x1b[m\x1b[K\xe2\x80\x99 has no member named \xe2\x80\x98\x1b[01m\x1b[KdataPtr\x1b[m\x1b[K\xe2\x80\x99\n'}
[17.020668] (workspace_gz) StderrLine: {'line': b'  194 |   this->dataPtr->meanErrorPub = this->\x1b[01;31m\x1b[KdataPtr\x1b[m\x1b[K->node.Advertise<msgs::Float>(\n'}
[17.020791] (workspace_gz) StderrLine: {'line': b'      |                                       \x1b[01;31m\x1b[K^~~~~~~\x1b[m\x1b[K\n'}
[17.020906] (workspace_gz) StderrLine: {'line': b'\x1b[01m\x1b[K/home/aliomacc/sti_usv/src/usv_sim/workspace_gz/plugins/WayfindingScoringPlugin.cc:194:74:\x1b[m\x1b[K \x1b[01;31m\x1b[Kerror: \x1b[m\x1b[Kexpected primary-expression before \xe2\x80\x98\x1b[01m\x1b[K>\x1b[m\x1b[K\xe2\x80\x99 token\n'}
[17.021035] (workspace_gz) StderrLine: {'line': b'  194 |   this->dataPtr->meanErrorPub = this->dataPtr->node.Advertise<msgs::Float\x1b[01;31m\x1b[K>\x1b[m\x1b[K(\n'}
[17.021149] (workspace_gz) StderrLine: {'line': b'      |                                                                          \x1b[01;31m\x1b[K^\x1b[m\x1b[K\n'}
[17.021266] (workspace_gz) StderrLine: {'line': b'\x1b[01m\x1b[K/home/aliomacc/sti_usv/src/usv_sim/workspace_gz/plugins/WayfindingScoringPlugin.cc:195:11:\x1b[m\x1b[K \x1b[01;31m\x1b[Kerror: \x1b[m\x1b[K\xe2\x80\x98\x1b[01m\x1b[Kclass vrx::WayfindingScoringPlugin\x1b[m\x1b[K\xe2\x80\x99 has no member named \xe2\x80\x98\x1b[01m\x1b[KdataPtr\x1b[m\x1b[K\xe2\x80\x99\n'}
[17.021395] (workspace_gz) StderrLine: {'line': b'  195 |     this->\x1b[01;31m\x1b[KdataPtr\x1b[m\x1b[K->meanErrorTopic, opts);\n'}
[17.021509] (workspace_gz) StderrLine: {'line': b'      |           \x1b[01;31m\x1b[K^~~~~~~\x1b[m\x1b[K\n'}
[17.021619] (workspace_gz) StderrLine: {'line': b'\x1b[01m\x1b[K/home/aliomacc/sti_usv/src/usv_sim/workspace_gz/plugins/WayfindingScoringPlugin.cc:199:11:\x1b[m\x1b[K \x1b[01;31m\x1b[Kerror: \x1b[m\x1b[K\xe2\x80\x98\x1b[01m\x1b[Kclass vrx::WayfindingScoringPlugin\x1b[m\x1b[K\xe2\x80\x99 has no member named \xe2\x80\x98\x1b[01m\x1b[KdataPtr\x1b[m\x1b[K\xe2\x80\x99\n'}
[17.021734] (workspace_gz) StderrLine: {'line': b'  199 |     this->\x1b[01;31m\x1b[KdataPtr\x1b[m\x1b[K->waypointMarkers.Load(\n'}
[17.021845] (workspace_gz) StderrLine: {'line': b'      |           \x1b[01;31m\x1b[K^~~~~~~\x1b[m\x1b[K\n'}
[17.021952] (workspace_gz) StderrLine: {'line': b'\x1b[01m\x1b[K/home/aliomacc/sti_usv/src/usv_sim/workspace_gz/plugins/WayfindingScoringPlugin.cc:200:13:\x1b[m\x1b[K \x1b[01;31m\x1b[Kerror: \x1b[m\x1b[K\xe2\x80\x98\x1b[01m\x1b[Kclass vrx::WayfindingScoringPlugin\x1b[m\x1b[K\xe2\x80\x99 has no member named \xe2\x80\x98\x1b[01m\x1b[KdataPtr\x1b[m\x1b[K\xe2\x80\x99\n'}
[17.022062] (workspace_gz) StderrLine: {'line': b'  200 |       this->\x1b[01;31m\x1b[KdataPtr\x1b[m\x1b[K->sdf->GetElement("markers"));\n'}
[17.022184] (workspace_gz) StderrLine: {'line': b'      |             \x1b[01;31m\x1b[K^~~~~~~\x1b[m\x1b[K\n'}
[17.022380] (workspace_gz) StderrLine: {'line': b'\x1b[01m\x1b[K/home/aliomacc/sti_usv/src/usv_sim/workspace_gz/plugins/WayfindingScoringPlugin.cc:202:38:\x1b[m\x1b[K \x1b[01;31m\x1b[Kerror: \x1b[m\x1b[K\xe2\x80\x98\x1b[01m\x1b[Kclass vrx::WayfindingScoringPlugin\x1b[m\x1b[K\xe2\x80\x99 has no member named \xe2\x80\x98\x1b[01m\x1b[KdataPtr\x1b[m\x1b[K\xe2\x80\x99\n'}
[17.022522] (workspace_gz) StderrLine: {'line': b'  202 |     for (const auto waypoint : this->\x1b[01;31m\x1b[KdataPtr\x1b[m\x1b[K->localWaypoints)\n'}
[17.022616] (workspace_gz) StderrLine: {'line': b'      |                                      \x1b[01;31m\x1b[K^~~~~~~\x1b[m\x1b[K\n'}
[17.022721] (workspace_gz) StderrLine: {'line': b'\x1b[01m\x1b[K/home/aliomacc/sti_usv/src/usv_sim/workspace_gz/plugins/WayfindingScoringPlugin.cc:204:18:\x1b[m\x1b[K \x1b[01;31m\x1b[Kerror: \x1b[m\x1b[K\xe2\x80\x98\x1b[01m\x1b[Kclass vrx::WayfindingScoringPlugin\x1b[m\x1b[K\xe2\x80\x99 has no member named \xe2\x80\x98\x1b[01m\x1b[KdataPtr\x1b[m\x1b[K\xe2\x80\x99\n'}
[17.022829] (workspace_gz) StderrLine: {'line': b'  204 |       if (!this->\x1b[01;31m\x1b[KdataPtr\x1b[m\x1b[K->waypointMarkers.DrawMarker(markerId, waypoint.X(),\n'}
[17.022935] (workspace_gz) StderrLine: {'line': b'      |                  \x1b[01;31m\x1b[K^~~~~~~\x1b[m\x1b[K\n'}
[17.023040] (workspace_gz) StderrLine: {'line': b'\x1b[01m\x1b[K/home/aliomacc/sti_usv/src/usv_sim/workspace_gz/plugins/WayfindingScoringPlugin.cc:\x1b[m\x1b[K In member function \xe2\x80\x98\x1b[01m\x1b[Kvirtual void vrx::WayfindingScoringPlugin::PreUpdate(const ignition::gazebo::v6::UpdateInfo&, ignition::gazebo::v6::EntityComponentManager&)\x1b[m\x1b[K\xe2\x80\x99:\n'}
[17.023150] (workspace_gz) StderrLine: {'line': b'\x1b[01m\x1b[K/home/aliomacc/sti_usv/src/usv_sim/workspace_gz/plugins/WayfindingScoringPlugin.cc:228:11:\x1b[m\x1b[K \x1b[01;31m\x1b[Kerror: \x1b[m\x1b[K\xe2\x80\x98\x1b[01m\x1b[Kclass vrx::WayfindingScoringPlugin\x1b[m\x1b[K\xe2\x80\x99 has no member named \xe2\x80\x98\x1b[01m\x1b[KdataPtr\x1b[m\x1b[K\xe2\x80\x99\n'}
[17.023272] (workspace_gz) StderrLine: {'line': b'  228 |     this->\x1b[01;31m\x1b[KdataPtr\x1b[m\x1b[K->waypointsPub.Publish(this->dataPtr->waypointsMessage);\n'}
[17.023400] (workspace_gz) StderrLine: {'line': b'      |           \x1b[01;31m\x1b[K^~~~~~~\x1b[m\x1b[K\n'}
[17.023504] (workspace_gz) StderrLine: {'line': b'\x1b[01m\x1b[K/home/aliomacc/sti_usv/src/usv_sim/workspace_gz/plugins/WayfindingScoringPlugin.cc:228:47:\x1b[m\x1b[K \x1b[01;31m\x1b[Kerror: \x1b[m\x1b[K\xe2\x80\x98\x1b[01m\x1b[Kclass vrx::WayfindingScoringPlugin\x1b[m\x1b[K\xe2\x80\x99 has no member named \xe2\x80\x98\x1b[01m\x1b[KdataPtr\x1b[m\x1b[K\xe2\x80\x99\n'}
[17.023606] (-) TimerEvent: {}
[17.023770] (workspace_gz) StderrLine: {'line': b'  228 |     this->dataPtr->waypointsPub.Publish(this->\x1b[01;31m\x1b[KdataPtr\x1b[m\x1b[K->waypointsMessage);\n'}
[17.023886] (workspace_gz) StderrLine: {'line': b'      |                                               \x1b[01;31m\x1b[K^~~~~~~\x1b[m\x1b[K\n'}
[17.023991] (workspace_gz) StderrLine: {'line': b'\x1b[01m\x1b[K/home/aliomacc/sti_usv/src/usv_sim/workspace_gz/plugins/WayfindingScoringPlugin.cc:236:14:\x1b[m\x1b[K \x1b[01;31m\x1b[Kerror: \x1b[m\x1b[K\xe2\x80\x98\x1b[01m\x1b[Kclass vrx::WayfindingScoringPlugin\x1b[m\x1b[K\xe2\x80\x99 has no member named \xe2\x80\x98\x1b[01m\x1b[KdataPtr\x1b[m\x1b[K\xe2\x80\x99\n'}
[17.024102] (workspace_gz) StderrLine: {'line': b'  236 |   if (!this->\x1b[01;31m\x1b[KdataPtr\x1b[m\x1b[K->vehicleEntity)\n'}
[17.024202] (workspace_gz) StderrLine: {'line': b'      |              \x1b[01;31m\x1b[K^~~~~~~\x1b[m\x1b[K\n'}
[17.028407] (workspace_gz) StderrLine: {'line': b'\x1b[01m\x1b[K/home/aliomacc/sti_usv/src/usv_sim/workspace_gz/plugins/Surface.cc:\x1b[m\x1b[K In member function \xe2\x80\x98\x1b[01m\x1b[Kvirtual void vrx::Surface::PreUpdate(const ignition::gazebo::v6::UpdateInfo&, ignition::gazebo::v6::EntityComponentManager&)\x1b[m\x1b[K\xe2\x80\x99:\n'}
[17.028632] (workspace_gz) StderrLine: {'line': b'\x1b[01m\x1b[K/home/aliomacc/sti_usv/src/usv_sim/workspace_gz/plugins/Surface.cc:208:3:\x1b[m\x1b[K \x1b[01;31m\x1b[Kerror: \x1b[m\x1b[K\xe2\x80\x98\x1b[01m\x1b[KGZ_PROFILE\x1b[m\x1b[K\xe2\x80\x99 was not declared in this scope; did you mean \xe2\x80\x98\x1b[01m\x1b[KIGN_PROFILE\x1b[m\x1b[K\xe2\x80\x99?\n'}
[17.028758] (workspace_gz) StderrLine: {'line': b'  208 |   \x1b[01;31m\x1b[KGZ_PROFILE\x1b[m\x1b[K("Surface::PreUpdate");\n'}
[17.028864] (workspace_gz) StderrLine: {'line': b'      |   \x1b[01;31m\x1b[K^~~~~~~~~~\x1b[m\x1b[K\n'}
[17.028980] (workspace_gz) StderrLine: {'line': b'      |   \x1b[32m\x1b[KIGN_PROFILE\x1b[m\x1b[K\n'}
[17.029085] (workspace_gz) StderrLine: {'line': b'\x1b[01m\x1b[K/home/aliomacc/sti_usv/src/usv_sim/workspace_gz/plugins/WayfindingScoringPlugin.cc:241:13:\x1b[m\x1b[K \x1b[01;31m\x1b[Kerror: \x1b[m\x1b[K\xe2\x80\x98\x1b[01m\x1b[Kclass vrx::WayfindingScoringPlugin\x1b[m\x1b[K\xe2\x80\x99 has no member named \xe2\x80\x98\x1b[01m\x1b[KdataPtr\x1b[m\x1b[K\xe2\x80\x99\n'}
[17.029192] (workspace_gz) StderrLine: {'line': b'  241 |       this->\x1b[01;31m\x1b[KdataPtr\x1b[m\x1b[K->vehicleEntity = entity;\n'}
[17.029301] (workspace_gz) StderrLine: {'line': b'      |             \x1b[01;31m\x1b[K^~~~~~~\x1b[m\x1b[K\n'}
[17.029417] (workspace_gz) StderrLine: {'line': b'\x1b[01m\x1b[K/home/aliomacc/sti_usv/src/usv_sim/workspace_gz/plugins/WayfindingScoringPlugin.cc:248:11:\x1b[m\x1b[K \x1b[01;31m\x1b[Kerror: \x1b[m\x1b[K\xe2\x80\x98\x1b[01m\x1b[Kclass vrx::WayfindingScoringPlugin\x1b[m\x1b[K\xe2\x80\x99 has no member named \xe2\x80\x98\x1b[01m\x1b[KdataPtr\x1b[m\x1b[K\xe2\x80\x99\n'}
[17.029526] (workspace_gz) StderrLine: {'line': b'  248 |     this->\x1b[01;31m\x1b[KdataPtr\x1b[m\x1b[K->vehicleEntity)->Data();\n'}
[17.029632] (workspace_gz) StderrLine: {'line': b'      |           \x1b[01;31m\x1b[K^~~~~~~\x1b[m\x1b[K\n'}
[17.029746] (workspace_gz) StderrLine: {'line': b'\x1b[01m\x1b[K/home/aliomacc/sti_usv/src/usv_sim/workspace_gz/plugins/Surface.cc:214:28:\x1b[m\x1b[K \x1b[01;31m\x1b[Kerror: \x1b[m\x1b[K\xe2\x80\x98\x1b[01m\x1b[Kclass vrx::Surface\x1b[m\x1b[K\xe2\x80\x99 has no member named \xe2\x80\x98\x1b[01m\x1b[KdataPtr\x1b[m\x1b[K\xe2\x80\x99\n'}
[17.029864] (workspace_gz) StderrLine: {'line': b'  214 |   const auto kPose = this->\x1b[01;31m\x1b[KdataPtr\x1b[m\x1b[K->link.WorldPose(_ecm);\n'}
[17.029974] (workspace_gz) StderrLine: {'line': b'      |                            \x1b[01;31m\x1b[K^~~~~~~\x1b[m\x1b[K\n'}
[17.030077] (workspace_gz) StderrLine: {'line': b'\x1b[01m\x1b[K/home/aliomacc/sti_usv/src/usv_sim/workspace_gz/plugins/Surface.cc:218:19:\x1b[m\x1b[K \x1b[01;31m\x1b[Kerror: \x1b[m\x1b[K\xe2\x80\x98\x1b[01m\x1b[Kclass vrx::Surface\x1b[m\x1b[K\xe2\x80\x99 has no member named \xe2\x80\x98\x1b[01m\x1b[KdataPtr\x1b[m\x1b[K\xe2\x80\x99\n'}
[17.030187] (workspace_gz) StderrLine: {'line': b'  218 |       _ecm, this->\x1b[01;31m\x1b[KdataPtr\x1b[m\x1b[K->link.Entity(), true);\n'}
[17.030300] (workspace_gz) StderrLine: {'line': b'      |                   \x1b[01;31m\x1b[K^~~~~~~\x1b[m\x1b[K\n'}
[17.030419] (workspace_gz) StderrLine: {'line': b'\x1b[01m\x1b[K/home/aliomacc/sti_usv/src/usv_sim/workspace_gz/plugins/WayfindingScoringPlugin.cc:254:34:\x1b[m\x1b[K \x1b[01;31m\x1b[Kerror: \x1b[m\x1b[K\xe2\x80\x98\x1b[01m\x1b[Kclass vrx::WayfindingScoringPlugin\x1b[m\x1b[K\xe2\x80\x99 has no member named \xe2\x80\x98\x1b[01m\x1b[KdataPtr\x1b[m\x1b[K\xe2\x80\x99\n'}
[17.030534] (workspace_gz) StderrLine: {'line': b'  254 |   for (unsigned i = 0; i < this->\x1b[01;31m\x1b[KdataPtr\x1b[m\x1b[K->localWaypoints.size(); ++i)\n'}
[17.030624] (workspace_gz) StderrLine: {'line': b'      |                                  \x1b[01;31m\x1b[K^~~~~~~\x1b[m\x1b[K\n'}
[17.030725] (workspace_gz) StderrLine: {'line': b'\x1b[01m\x1b[K/home/aliomacc/sti_usv/src/usv_sim/workspace_gz/plugins/WayfindingScoringPlugin.cc:256:37:\x1b[m\x1b[K \x1b[01;31m\x1b[Kerror: \x1b[m\x1b[K\xe2\x80\x98\x1b[01m\x1b[Kclass vrx::WayfindingScoringPlugin\x1b[m\x1b[K\xe2\x80\x99 has no member named \xe2\x80\x98\x1b[01m\x1b[KdataPtr\x1b[m\x1b[K\xe2\x80\x99\n'}
[17.030828] (workspace_gz) StderrLine: {'line': b'  256 |     const math::Vector3d wp = this->\x1b[01;31m\x1b[KdataPtr\x1b[m\x1b[K->localWaypoints[i];\n'}
[17.030930] (workspace_gz) StderrLine: {'line': b'      |                                     \x1b[01;31m\x1b[K^~~~~~~\x1b[m\x1b[K\n'}
[17.031031] (workspace_gz) StderrLine: {'line': b'\x1b[01m\x1b[K/home/aliomacc/sti_usv/src/usv_sim/workspace_gz/plugins/Surface.cc:221:21:\x1b[m\x1b[K \x1b[01;31m\x1b[Kerror: \x1b[m\x1b[K\xe2\x80\x98\x1b[01m\x1b[Kclass vrx::Surface\x1b[m\x1b[K\xe2\x80\x99 has no member named \xe2\x80\x98\x1b[01m\x1b[KdataPtr\x1b[m\x1b[K\xe2\x80\x99\n'}
[17.031133] (workspace_gz) StderrLine: {'line': b'  221 |            << this->\x1b[01;31m\x1b[KdataPtr\x1b[m\x1b[K->link.Entity() << "]" << std::endl;\n'}
[17.031234] (workspace_gz) StderrLine: {'line': b'      |                     \x1b[01;31m\x1b[K^~~~~~~\x1b[m\x1b[K\n'}
[17.035657] (workspace_gz) StderrLine: {'line': b'\x1b[01m\x1b[K/home/aliomacc/sti_usv/src/usv_sim/workspace_gz/plugins/Surface.cc:227:42:\x1b[m\x1b[K \x1b[01;31m\x1b[Kerror: \x1b[m\x1b[K\xe2\x80\x98\x1b[01m\x1b[Kclass vrx::Surface\x1b[m\x1b[K\xe2\x80\x99 has no member named \xe2\x80\x98\x1b[01m\x1b[KdataPtr\x1b[m\x1b[K\xe2\x80\x99\n'}
[17.035821] (workspace_gz) StderrLine: {'line': b'  227 |   std::lock_guard<std::mutex> lock(this->\x1b[01;31m\x1b[KdataPtr\x1b[m\x1b[K->mutex);\n'}
[17.035944] (workspace_gz) StderrLine: {'line': b'      |                                          \x1b[01;31m\x1b[K^~~~~~~\x1b[m\x1b[K\n'}
[17.036052] (workspace_gz) StderrLine: {'line': b'\x1b[01m\x1b[K/home/aliomacc/sti_usv/src/usv_sim/workspace_gz/plugins/Surface.cc:229:33:\x1b[m\x1b[K \x1b[01;31m\x1b[Kerror: \x1b[m\x1b[K\xe2\x80\x98\x1b[01m\x1b[Kclass vrx::Surface\x1b[m\x1b[K\xe2\x80\x99 has no member named \xe2\x80\x98\x1b[01m\x1b[KdataPtr\x1b[m\x1b[K\xe2\x80\x99\n'}
[17.036158] (workspace_gz) StderrLine: {'line': b'  229 |   for (auto const &bpnt : this->\x1b[01;31m\x1b[KdataPtr\x1b[m\x1b[K->points)\n'}
[17.036276] (workspace_gz) StderrLine: {'line': b'      |                                 \x1b[01;31m\x1b[K^~~~~~~\x1b[m\x1b[K\n'}
[17.036404] (workspace_gz) StderrLine: {'line': b'\x1b[01m\x1b[K/home/aliomacc/sti_usv/src/usv_sim/workspace_gz/plugins/WayfindingScoringPlugin.cc:266:20:\x1b[m\x1b[K \x1b[01;31m\x1b[Kerror: \x1b[m\x1b[K\xe2\x80\x98\x1b[01m\x1b[Kclass vrx::WayfindingScoringPlugin\x1b[m\x1b[K\xe2\x80\x99 has no member named \xe2\x80\x98\x1b[01m\x1b[KdataPtr\x1b[m\x1b[K\xe2\x80\x99\n'}
[17.036514] (workspace_gz) StderrLine: {'line': b'  266 |     if (i == this->\x1b[01;31m\x1b[KdataPtr\x1b[m\x1b[K->minErrors.size())\n'}
[17.036626] (workspace_gz) StderrLine: {'line': b'      |                    \x1b[01;31m\x1b[K^~~~~~~\x1b[m\x1b[K\n'}
[17.036731] (workspace_gz) StderrLine: {'line': b'\x1b[01m\x1b[K/home/aliomacc/sti_usv/src/usv_sim/workspace_gz/plugins/WayfindingScoringPlugin.cc:267:13:\x1b[m\x1b[K \x1b[01;31m\x1b[Kerror: \x1b[m\x1b[K\xe2\x80\x98\x1b[01m\x1b[Kclass vrx::WayfindingScoringPlugin\x1b[m\x1b[K\xe2\x80\x99 has no member named \xe2\x80\x98\x1b[01m\x1b[KdataPtr\x1b[m\x1b[K\xe2\x80\x99\n'}
[17.036840] (workspace_gz) StderrLine: {'line': b'  267 |       this->\x1b[01;31m\x1b[KdataPtr\x1b[m\x1b[K->minErrors.push_back(poseError);\n'}
[17.036949] (workspace_gz) StderrLine: {'line': b'      |             \x1b[01;31m\x1b[K^~~~~~~\x1b[m\x1b[K\n'}
[17.037058] (workspace_gz) StderrLine: {'line': b'\x1b[01m\x1b[K/home/aliomacc/sti_usv/src/usv_sim/workspace_gz/plugins/WayfindingScoringPlugin.cc:270:27:\x1b[m\x1b[K \x1b[01;31m\x1b[Kerror: \x1b[m\x1b[K\xe2\x80\x98\x1b[01m\x1b[Kclass vrx::WayfindingScoringPlugin\x1b[m\x1b[K\xe2\x80\x99 has no member named \xe2\x80\x98\x1b[01m\x1b[KdataPtr\x1b[m\x1b[K\xe2\x80\x99\n'}
[17.037164] (workspace_gz) StderrLine: {'line': b'  270 |     if (poseError < this->\x1b[01;31m\x1b[KdataPtr\x1b[m\x1b[K->minErrors.at(i))\n'}
[17.037271] (workspace_gz) StderrLine: {'line': b'      |                           \x1b[01;31m\x1b[K^~~~~~~\x1b[m\x1b[K\n'}
[17.037393] (workspace_gz) StderrLine: {'line': b'\x1b[01m\x1b[K/home/aliomacc/sti_usv/src/usv_sim/workspace_gz/plugins/WayfindingScoringPlugin.cc:271:13:\x1b[m\x1b[K \x1b[01;31m\x1b[Kerror: \x1b[m\x1b[K\xe2\x80\x98\x1b[01m\x1b[Kclass vrx::WayfindingScoringPlugin\x1b[m\x1b[K\xe2\x80\x99 has no member named \xe2\x80\x98\x1b[01m\x1b[KdataPtr\x1b[m\x1b[K\xe2\x80\x99\n'}
[17.037505] (workspace_gz) StderrLine: {'line': b'  271 |       this->\x1b[01;31m\x1b[KdataPtr\x1b[m\x1b[K->minErrors.at(i) = poseError;\n'}
[17.037611] (workspace_gz) StderrLine: {'line': b'      |             \x1b[01;31m\x1b[K^~~~~~~\x1b[m\x1b[K\n'}
[17.037711] (workspace_gz) StderrLine: {'line': b'\x1b[01m\x1b[K/home/aliomacc/sti_usv/src/usv_sim/workspace_gz/plugins/WayfindingScoringPlugin.cc:274:32:\x1b[m\x1b[K \x1b[01;31m\x1b[Kerror: \x1b[m\x1b[K\xe2\x80\x98\x1b[01m\x1b[Kclass vrx::WayfindingScoringPlugin\x1b[m\x1b[K\xe2\x80\x99 has no member named \xe2\x80\x98\x1b[01m\x1b[KdataPtr\x1b[m\x1b[K\xe2\x80\x99\n'}
[17.037826] (workspace_gz) StderrLine: {'line': b'  274 |     currentTotalError += this->\x1b[01;31m\x1b[KdataPtr\x1b[m\x1b[K->minErrors.at(i);\n'}
[17.037934] (workspace_gz) StderrLine: {'line': b'      |                                \x1b[01;31m\x1b[K^~~~~~~\x1b[m\x1b[K\n'}
[17.038039] (workspace_gz) StderrLine: {'line': b'\x1b[01m\x1b[K/home/aliomacc/sti_usv/src/usv_sim/workspace_gz/plugins/WayfindingScoringPlugin.cc:277:9:\x1b[m\x1b[K \x1b[01;31m\x1b[Kerror: \x1b[m\x1b[K\xe2\x80\x98\x1b[01m\x1b[Kclass vrx::WayfindingScoringPlugin\x1b[m\x1b[K\xe2\x80\x99 has no member named \xe2\x80\x98\x1b[01m\x1b[KdataPtr\x1b[m\x1b[K\xe2\x80\x99\n'}
[17.038147] (workspace_gz) StderrLine: {'line': b'  277 |   this->\x1b[01;31m\x1b[KdataPtr\x1b[m\x1b[K->meanError =\n'}
[17.038258] (workspace_gz) StderrLine: {'line': b'      |         \x1b[01;31m\x1b[K^~~~~~~\x1b[m\x1b[K\n'}
[17.038368] (workspace_gz) StderrLine: {'line': b'\x1b[01m\x1b[K/home/aliomacc/sti_usv/src/usv_sim/workspace_gz/plugins/WayfindingScoringPlugin.cc:278:31:\x1b[m\x1b[K \x1b[01;31m\x1b[Kerror: \x1b[m\x1b[K\xe2\x80\x98\x1b[01m\x1b[Kclass vrx::WayfindingScoringPlugin\x1b[m\x1b[K\xe2\x80\x99 has no member named \xe2\x80\x98\x1b[01m\x1b[KdataPtr\x1b[m\x1b[K\xe2\x80\x99\n'}
[17.038472] (workspace_gz) StderrLine: {'line': b'  278 |     currentTotalError / this->\x1b[01;31m\x1b[KdataPtr\x1b[m\x1b[K->localWaypoints.size();\n'}
[17.038581] (workspace_gz) StderrLine: {'line': b'      |                               \x1b[01;31m\x1b[K^~~~~~~\x1b[m\x1b[K\n'}
[17.038681] (workspace_gz) StderrLine: {'line': b'\x1b[01m\x1b[K/home/aliomacc/sti_usv/src/usv_sim/workspace_gz/plugins/WayfindingScoringPlugin.cc:284:31:\x1b[m\x1b[K \x1b[01;31m\x1b[Kerror: \x1b[m\x1b[K\xe2\x80\x98\x1b[01m\x1b[Kclass vrx::WayfindingScoringPlugin\x1b[m\x1b[K\xe2\x80\x99 has no member named \xe2\x80\x98\x1b[01m\x1b[KdataPtr\x1b[m\x1b[K\xe2\x80\x99\n'}
[17.038782] (workspace_gz) StderrLine: {'line': b'  284 |   meanErrorMsg.set_data(this->\x1b[01;31m\x1b[KdataPtr\x1b[m\x1b[K->meanError);\n'}
[17.038883] (workspace_gz) StderrLine: {'line': b'      |                               \x1b[01;31m\x1b[K^~~~~~~\x1b[m\x1b[K\n'}
[17.038982] (workspace_gz) StderrLine: {'line': b'\x1b[01m\x1b[K/home/aliomacc/sti_usv/src/usv_sim/workspace_gz/plugins/WayfindingScoringPlugin.cc:285:34:\x1b[m\x1b[K \x1b[01;31m\x1b[Kerror: \x1b[m\x1b[K\xe2\x80\x98\x1b[01m\x1b[Kclass vrx::WayfindingScoringPlugin\x1b[m\x1b[K\xe2\x80\x99 has no member named \xe2\x80\x98\x1b[01m\x1b[KdataPtr\x1b[m\x1b[K\xe2\x80\x99\n'}
[17.039085] (workspace_gz) StderrLine: {'line': b'  285 |   for (unsigned i = 0; i < this->\x1b[01;31m\x1b[KdataPtr\x1b[m\x1b[K->minErrors.size(); ++i)\n'}
[17.039187] (workspace_gz) StderrLine: {'line': b'      |                                  \x1b[01;31m\x1b[K^~~~~~~\x1b[m\x1b[K\n'}
[17.042348] (workspace_gz) StderrLine: {'line': b'\x1b[01m\x1b[K/home/aliomacc/sti_usv/src/usv_sim/workspace_gz/plugins/WayfindingScoringPlugin.cc:286:33:\x1b[m\x1b[K \x1b[01;31m\x1b[Kerror: \x1b[m\x1b[K\xe2\x80\x98\x1b[01m\x1b[Kclass vrx::WayfindingScoringPlugin\x1b[m\x1b[K\xe2\x80\x99 has no member named \xe2\x80\x98\x1b[01m\x1b[KdataPtr\x1b[m\x1b[K\xe2\x80\x99\n'}
[17.042626] (workspace_gz) StderrLine: {'line': b'  286 |     minErrorsMsg.add_data(this->\x1b[01;31m\x1b[KdataPtr\x1b[m\x1b[K->minErrors.at(i));\n'}
[17.042776] (workspace_gz) StderrLine: {'line': b'      |                                 \x1b[01;31m\x1b[K^~~~~~~\x1b[m\x1b[K\n'}
[17.042889] (workspace_gz) StderrLine: {'line': b'\x1b[01m\x1b[K/home/aliomacc/sti_usv/src/usv_sim/workspace_gz/plugins/WayfindingScoringPlugin.cc:289:9:\x1b[m\x1b[K \x1b[01;31m\x1b[Kerror: \x1b[m\x1b[K\xe2\x80\x98\x1b[01m\x1b[Kclass vrx::WayfindingScoringPlugin\x1b[m\x1b[K\xe2\x80\x99 has no member named \xe2\x80\x98\x1b[01m\x1b[KdataPtr\x1b[m\x1b[K\xe2\x80\x99\n'}
[17.043001] (workspace_gz) StderrLine: {'line': b'  289 |   this->\x1b[01;31m\x1b[KdataPtr\x1b[m\x1b[K->minErrorsPub.Publish(minErrorsMsg);\n'}
[17.043107] (workspace_gz) StderrLine: {'line': b'      |         \x1b[01;31m\x1b[K^~~~~~~\x1b[m\x1b[K\n'}
[17.043212] (workspace_gz) StderrLine: {'line': b'\x1b[01m\x1b[K/home/aliomacc/sti_usv/src/usv_sim/workspace_gz/plugins/WayfindingScoringPlugin.cc:290:9:\x1b[m\x1b[K \x1b[01;31m\x1b[Kerror: \x1b[m\x1b[K\xe2\x80\x98\x1b[01m\x1b[Kclass vrx::WayfindingScoringPlugin\x1b[m\x1b[K\xe2\x80\x99 has no member named \xe2\x80\x98\x1b[01m\x1b[KdataPtr\x1b[m\x1b[K\xe2\x80\x99\n'}
[17.043330] (workspace_gz) StderrLine: {'line': b'  290 |   this->\x1b[01;31m\x1b[KdataPtr\x1b[m\x1b[K->meanErrorPub.Publish(meanErrorMsg);\n'}
[17.043445] (workspace_gz) StderrLine: {'line': b'      |         \x1b[01;31m\x1b[K^~~~~~~\x1b[m\x1b[K\n'}
[17.043546] (workspace_gz) StderrLine: {'line': b'\x1b[01m\x1b[K/home/aliomacc/sti_usv/src/usv_sim/workspace_gz/plugins/WayfindingScoringPlugin.cc:292:33:\x1b[m\x1b[K \x1b[01;31m\x1b[Kerror: \x1b[m\x1b[K\xe2\x80\x98\x1b[01m\x1b[Kclass vrx::WayfindingScoringPlugin\x1b[m\x1b[K\xe2\x80\x99 has no member named \xe2\x80\x98\x1b[01m\x1b[KdataPtr\x1b[m\x1b[K\xe2\x80\x99\n'}
[17.043660] (workspace_gz) StderrLine: {'line': b'  292 |   ScoringPlugin::SetScore(this->\x1b[01;31m\x1b[KdataPtr\x1b[m\x1b[K->meanError);\n'}
[17.043762] (workspace_gz) StderrLine: {'line': b'      |                                 \x1b[01;31m\x1b[K^~~~~~~\x1b[m\x1b[K\n'}
[17.043862] (workspace_gz) StderrLine: {'line': b'\x1b[01m\x1b[K/home/aliomacc/sti_usv/src/usv_sim/workspace_gz/plugins/WayfindingScoringPlugin.cc:\x1b[m\x1b[K At global scope:\n'}
[17.043966] (workspace_gz) StderrLine: {'line': b'\x1b[01m\x1b[K/home/aliomacc/sti_usv/src/usv_sim/workspace_gz/plugins/WayfindingScoringPlugin.cc:300:1:\x1b[m\x1b[K \x1b[01;31m\x1b[Kerror: \x1b[m\x1b[Kexpected constructor, destructor, or type conversion before \xe2\x80\x98\x1b[01m\x1b[KGZ_ADD_PLUGIN_ALIAS\x1b[m\x1b[K\xe2\x80\x99\n'}
[17.044072] (workspace_gz) StderrLine: {'line': b'  300 | \x1b[01;31m\x1b[KGZ_ADD_PLUGIN_ALIAS\x1b[m\x1b[K(vrx::WayfindingScoringPlugin,\n'}
[17.044178] (workspace_gz) StderrLine: {'line': b'      | \x1b[01;31m\x1b[K^~~~~~~~~~~~~~~~~~~\x1b[m\x1b[K\n'}
[17.044260] (workspace_gz) StderrLine: {'line': b'\x1b[01m\x1b[K/home/aliomacc/sti_usv/src/usv_sim/workspace_gz/plugins/Surface.cc:244:26:\x1b[m\x1b[K \x1b[01;31m\x1b[Kerror: \x1b[m\x1b[K\xe2\x80\x98\x1b[01m\x1b[Kclass vrx::Surface\x1b[m\x1b[K\xe2\x80\x99 has no member named \xe2\x80\x98\x1b[01m\x1b[KdataPtr\x1b[m\x1b[K\xe2\x80\x99\n'}
[17.044379] (workspace_gz) StderrLine: {'line': b'  244 |     double depth = this->\x1b[01;31m\x1b[KdataPtr\x1b[m\x1b[K->wavefield.ComputeDepthSimply(point, simTime);\n'}
[17.044483] (workspace_gz) StderrLine: {'line': b'      |                          \x1b[01;31m\x1b[K^~~~~~~\x1b[m\x1b[K\n'}
[17.044581] (workspace_gz) StderrLine: {'line': b'\x1b[01m\x1b[K/home/aliomacc/sti_usv/src/usv_sim/workspace_gz/plugins/Surface.cc:250:28:\x1b[m\x1b[K \x1b[01;31m\x1b[Kerror: \x1b[m\x1b[K\xe2\x80\x98\x1b[01m\x1b[Kclass vrx::Surface\x1b[m\x1b[K\xe2\x80\x99 has no member named \xe2\x80\x98\x1b[01m\x1b[KdataPtr\x1b[m\x1b[K\xe2\x80\x99\n'}
[17.044683] (workspace_gz) StderrLine: {'line': b'  250 |     double deltaZ = (this->\x1b[01;31m\x1b[KdataPtr\x1b[m\x1b[K->fluidLevel + dz) - kDdz;\n'}
[17.044784] (workspace_gz) StderrLine: {'line': b'      |                            \x1b[01;31m\x1b[K^~~~~~~\x1b[m\x1b[K\n'}
[17.044882] (workspace_gz) StderrLine: {'line': b'\x1b[01m\x1b[K/home/aliomacc/sti_usv/src/usv_sim/workspace_gz/plugins/Surface.cc:253:37:\x1b[m\x1b[K \x1b[01;31m\x1b[Kerror: \x1b[m\x1b[K\xe2\x80\x98\x1b[01m\x1b[Kclass vrx::Surface\x1b[m\x1b[K\xe2\x80\x99 has no member named \xe2\x80\x98\x1b[01m\x1b[KdataPtr\x1b[m\x1b[K\xe2\x80\x99\n'}
[17.044982] (workspace_gz) StderrLine: {'line': b'  253 |     deltaZ = std::min(deltaZ, this->\x1b[01;31m\x1b[KdataPtr\x1b[m\x1b[K->hullRadius);\n'}
[17.045079] (workspace_gz) StderrLine: {'line': b'      |                                     \x1b[01;31m\x1b[K^~~~~~~\x1b[m\x1b[K\n'}
[17.045177] (workspace_gz) StderrLine: {'line': b'\x1b[01m\x1b[K/home/aliomacc/sti_usv/src/usv_sim/workspace_gz/plugins/Surface.cc:256:33:\x1b[m\x1b[K \x1b[01;31m\x1b[Kerror: \x1b[m\x1b[K\xe2\x80\x98\x1b[01m\x1b[Kclass vrx::Surface\x1b[m\x1b[K\xe2\x80\x99 has no member named \xe2\x80\x98\x1b[01m\x1b[KdataPtr\x1b[m\x1b[K\xe2\x80\x99\n'}
[17.045270] (workspace_gz) StderrLine: {'line': b'  256 |       this->CircleSegment(this->\x1b[01;31m\x1b[KdataPtr\x1b[m\x1b[K->hullRadius, deltaZ) *\n'}
[17.048679] (workspace_gz) StderrLine: {'line': b'      |                                 \x1b[01;31m\x1b[K^~~~~~~\x1b[m\x1b[K\n'}
[17.048827] (workspace_gz) StderrLine: {'line': b'\x1b[01m\x1b[K/home/aliomacc/sti_usv/src/usv_sim/workspace_gz/plugins/Surface.cc:257:15:\x1b[m\x1b[K \x1b[01;31m\x1b[Kerror: \x1b[m\x1b[K\xe2\x80\x98\x1b[01m\x1b[Kclass vrx::Surface\x1b[m\x1b[K\xe2\x80\x99 has no member named \xe2\x80\x98\x1b[01m\x1b[KdataPtr\x1b[m\x1b[K\xe2\x80\x99\n'}
[17.048941] (workspace_gz) StderrLine: {'line': b'  257 |         this->\x1b[01;31m\x1b[KdataPtr\x1b[m\x1b[K->hullLength / this->dataPtr->points.size() *\n'}
[17.049051] (workspace_gz) StderrLine: {'line': b'      |               \x1b[01;31m\x1b[K^~~~~~~\x1b[m\x1b[K\n'}
[17.049166] (workspace_gz) StderrLine: {'line': b'\x1b[01m\x1b[K/home/aliomacc/sti_usv/src/usv_sim/workspace_gz/plugins/Surface.cc:257:43:\x1b[m\x1b[K \x1b[01;31m\x1b[Kerror: \x1b[m\x1b[K\xe2\x80\x98\x1b[01m\x1b[Kclass vrx::Surface\x1b[m\x1b[K\xe2\x80\x99 has no member named \xe2\x80\x98\x1b[01m\x1b[KdataPtr\x1b[m\x1b[K\xe2\x80\x99\n'}
[17.049273] (workspace_gz) StderrLine: {'line': b'  257 |         this->dataPtr->hullLength / this->\x1b[01;31m\x1b[KdataPtr\x1b[m\x1b[K->points.size() *\n'}
[17.049395] (workspace_gz) StderrLine: {'line': b'      |                                           \x1b[01;31m\x1b[K^~~~~~~\x1b[m\x1b[K\n'}
[17.049498] (workspace_gz) StderrLine: {'line': b'\x1b[01m\x1b[K/home/aliomacc/sti_usv/src/usv_sim/workspace_gz/plugins/Surface.cc:258:18:\x1b[m\x1b[K \x1b[01;31m\x1b[Kerror: \x1b[m\x1b[K\xe2\x80\x98\x1b[01m\x1b[Kclass vrx::Surface\x1b[m\x1b[K\xe2\x80\x99 has no member named \xe2\x80\x98\x1b[01m\x1b[KdataPtr\x1b[m\x1b[K\xe2\x80\x99\n'}
[17.049615] (workspace_gz) StderrLine: {'line': b'  258 |           -this->\x1b[01;31m\x1b[KdataPtr\x1b[m\x1b[K->gravity.Z() * this->dataPtr->fluidDensity;\n'}
[17.049720] (workspace_gz) StderrLine: {'line': b'      |                  \x1b[01;31m\x1b[K^~~~~~~\x1b[m\x1b[K\n'}
[17.049829] (workspace_gz) StderrLine: {'line': b'\x1b[01m\x1b[K/home/aliomacc/sti_usv/src/usv_sim/workspace_gz/plugins/Surface.cc:258:47:\x1b[m\x1b[K \x1b[01;31m\x1b[Kerror: \x1b[m\x1b[K\xe2\x80\x98\x1b[01m\x1b[Kclass vrx::Surface\x1b[m\x1b[K\xe2\x80\x99 has no member named \xe2\x80\x98\x1b[01m\x1b[KdataPtr\x1b[m\x1b[K\xe2\x80\x99\n'}
[17.049935] (workspace_gz) StderrLine: {'line': b'  258 |           -this->dataPtr->gravity.Z() * this->\x1b[01;31m\x1b[KdataPtr\x1b[m\x1b[K->fluidDensity;\n'}
[17.050035] (workspace_gz) StderrLine: {'line': b'      |                                               \x1b[01;31m\x1b[K^~~~~~~\x1b[m\x1b[K\n'}
[17.050125] (workspace_gz) StderrLine: {'line': b'\x1b[01m\x1b[K/home/aliomacc/sti_usv/src/usv_sim/workspace_gz/plugins/Surface.cc:262:11:\x1b[m\x1b[K \x1b[01;31m\x1b[Kerror: \x1b[m\x1b[K\xe2\x80\x98\x1b[01m\x1b[Kclass vrx::Surface\x1b[m\x1b[K\xe2\x80\x99 has no member named \xe2\x80\x98\x1b[01m\x1b[KdataPtr\x1b[m\x1b[K\xe2\x80\x99\n'}
[17.050213] (workspace_gz) StderrLine: {'line': b'  262 |     this->\x1b[01;31m\x1b[KdataPtr\x1b[m\x1b[K->link.AddWorldForce(_ecm,\n'}
[17.050322] (workspace_gz) StderrLine: {'line': b'      |           \x1b[01;31m\x1b[K^~~~~~~\x1b[m\x1b[K\n'}
[17.050432] (workspace_gz) StderrLine: {'line': b'\x1b[01m\x1b[K/home/aliomacc/sti_usv/src/usv_sim/workspace_gz/plugins/Surface.cc:\x1b[m\x1b[K In member function \xe2\x80\x98\x1b[01m\x1b[Kignition::math::v6::Vector3d vrx::Surface::Gravity() const\x1b[m\x1b[K\xe2\x80\x99:\n'}
[17.050538] (workspace_gz) StderrLine: {'line': b'\x1b[01m\x1b[K/home/aliomacc/sti_usv/src/usv_sim/workspace_gz/plugins/Surface.cc:283:16:\x1b[m\x1b[K \x1b[01;31m\x1b[Kerror: \x1b[m\x1b[K\xe2\x80\x98\x1b[01m\x1b[Kconst class vrx::Surface\x1b[m\x1b[K\xe2\x80\x99 has no member named \xe2\x80\x98\x1b[01m\x1b[KdataPtr\x1b[m\x1b[K\xe2\x80\x99\n'}
[17.050646] (workspace_gz) StderrLine: {'line': b'  283 |   return this->\x1b[01;31m\x1b[KdataPtr\x1b[m\x1b[K->gravity;\n'}
[17.050746] (workspace_gz) StderrLine: {'line': b'      |                \x1b[01;31m\x1b[K^~~~~~~\x1b[m\x1b[K\n'}
[17.050858] (workspace_gz) StderrLine: {'line': b'\x1b[01m\x1b[K/home/aliomacc/sti_usv/src/usv_sim/workspace_gz/plugins/Surface.cc:\x1b[m\x1b[K In member function \xe2\x80\x98\x1b[01m\x1b[Kdouble vrx::Surface::HullLength() const\x1b[m\x1b[K\xe2\x80\x99:\n'}
[17.050959] (workspace_gz) StderrLine: {'line': b'\x1b[01m\x1b[K/home/aliomacc/sti_usv/src/usv_sim/workspace_gz/plugins/Surface.cc:289:16:\x1b[m\x1b[K \x1b[01;31m\x1b[Kerror: \x1b[m\x1b[K\xe2\x80\x98\x1b[01m\x1b[Kconst class vrx::Surface\x1b[m\x1b[K\xe2\x80\x99 has no member named \xe2\x80\x98\x1b[01m\x1b[KdataPtr\x1b[m\x1b[K\xe2\x80\x99\n'}
[17.051072] (workspace_gz) StderrLine: {'line': b'  289 |   return this->\x1b[01;31m\x1b[KdataPtr\x1b[m\x1b[K->hullLength;\n'}
[17.051181] (workspace_gz) StderrLine: {'line': b'      |                \x1b[01;31m\x1b[K^~~~~~~\x1b[m\x1b[K\n'}
[17.051289] (workspace_gz) StderrLine: {'line': b'\x1b[01m\x1b[K/home/aliomacc/sti_usv/src/usv_sim/workspace_gz/plugins/Surface.cc:\x1b[m\x1b[K In member function \xe2\x80\x98\x1b[01m\x1b[Kdouble vrx::Surface::HullRadius() const\x1b[m\x1b[K\xe2\x80\x99:\n'}
[17.051407] (workspace_gz) StderrLine: {'line': b'\x1b[01m\x1b[K/home/aliomacc/sti_usv/src/usv_sim/workspace_gz/plugins/Surface.cc:295:16:\x1b[m\x1b[K \x1b[01;31m\x1b[Kerror: \x1b[m\x1b[K\xe2\x80\x98\x1b[01m\x1b[Kconst class vrx::Surface\x1b[m\x1b[K\xe2\x80\x99 has no member named \xe2\x80\x98\x1b[01m\x1b[KdataPtr\x1b[m\x1b[K\xe2\x80\x99\n'}
[17.051509] (workspace_gz) StderrLine: {'line': b'  295 |   return this->\x1b[01;31m\x1b[KdataPtr\x1b[m\x1b[K->hullRadius;\n'}
[17.051607] (workspace_gz) StderrLine: {'line': b'      |                \x1b[01;31m\x1b[K^~~~~~~\x1b[m\x1b[K\n'}
[17.051711] (workspace_gz) StderrLine: {'line': b'\x1b[01m\x1b[K/home/aliomacc/sti_usv/src/usv_sim/workspace_gz/plugins/Surface.cc:\x1b[m\x1b[K In member function \xe2\x80\x98\x1b[01m\x1b[Kdouble vrx::Surface::FluidDensity() const\x1b[m\x1b[K\xe2\x80\x99:\n'}
[17.051813] (workspace_gz) StderrLine: {'line': b'\x1b[01m\x1b[K/home/aliomacc/sti_usv/src/usv_sim/workspace_gz/plugins/Surface.cc:301:16:\x1b[m\x1b[K \x1b[01;31m\x1b[Kerror: \x1b[m\x1b[K\xe2\x80\x98\x1b[01m\x1b[Kconst class vrx::Surface\x1b[m\x1b[K\xe2\x80\x99 has no member named \xe2\x80\x98\x1b[01m\x1b[KdataPtr\x1b[m\x1b[K\xe2\x80\x99\n'}
[17.051906] (workspace_gz) StderrLine: {'line': b'  301 |   return this->\x1b[01;31m\x1b[KdataPtr\x1b[m\x1b[K->fluidDensity;\n'}
[17.051987] (workspace_gz) StderrLine: {'line': b'      |                \x1b[01;31m\x1b[K^~~~~~~\x1b[m\x1b[K\n'}
[17.052069] (workspace_gz) StderrLine: {'line': b'\x1b[01m\x1b[K/home/aliomacc/sti_usv/src/usv_sim/workspace_gz/plugins/Surface.cc:\x1b[m\x1b[K At global scope:\n'}
[17.052153] (workspace_gz) StderrLine: {'line': b'\x1b[01m\x1b[K/home/aliomacc/sti_usv/src/usv_sim/workspace_gz/plugins/Surface.cc:316:1:\x1b[m\x1b[K \x1b[01;31m\x1b[Kerror: \x1b[m\x1b[Kexpected constructor, destructor, or type conversion before \xe2\x80\x98\x1b[01m\x1b[KGZ_ADD_PLUGIN_ALIAS\x1b[m\x1b[K\xe2\x80\x99\n'}
[17.052241] (workspace_gz) StderrLine: {'line': b'  316 | \x1b[01;31m\x1b[KGZ_ADD_PLUGIN_ALIAS\x1b[m\x1b[K(vrx::Surface,\n'}
[17.055516] (workspace_gz) StderrLine: {'line': b'      | \x1b[01;31m\x1b[K^~~~~~~~~~~~~~~~~~~\x1b[m\x1b[K\n'}
[17.055669] (workspace_gz) StderrLine: {'line': b'In file included from \x1b[01m\x1b[K/home/aliomacc/sti_usv/src/usv_sim/workspace_gz/plugins/PolyhedraBuoyancyDrag.cc:34\x1b[m\x1b[K:\n'}
[17.055783] (workspace_gz) StderrLine: {'line': b'\x1b[01m\x1b[K/home/aliomacc/sti_usv/src/usv_sim/workspace_gz/plugins/PolyhedraBuoyancyDrag.hh:131:30:\x1b[m\x1b[K \x1b[01;31m\x1b[Kerror: \x1b[m\x1b[K\xe2\x80\x98\x1b[01m\x1b[KdataPtr\x1b[m\x1b[K\xe2\x80\x99 has not been declared\n'}
[17.055886] (workspace_gz) StderrLine: {'line': b'  131 |     GZ_UTILS_UNIQUE_IMPL_PTR(\x1b[01;31m\x1b[KdataPtr\x1b[m\x1b[K)\n'}
[17.055983] (workspace_gz) StderrLine: {'line': b'      |                              \x1b[01;31m\x1b[K^~~~~~~\x1b[m\x1b[K\n'}
[17.056132] (workspace_gz) StderrLine: {'line': b'\x1b[01m\x1b[K/home/aliomacc/sti_usv/src/usv_sim/workspace_gz/plugins/PolyhedraBuoyancyDrag.hh:131:5:\x1b[m\x1b[K \x1b[01;31m\x1b[Kerror: \x1b[m\x1b[KISO C++ forbids declaration of \xe2\x80\x98\x1b[01m\x1b[KGZ_UTILS_UNIQUE_IMPL_PTR\x1b[m\x1b[K\xe2\x80\x99 with no type [\x1b[01;31m\x1b[K\x1b]8;;https://gcc.gnu.org/onlinedocs/gcc/Warning-Options.html#index-fpermissive\x07-fpermissive\x1b]8;;\x07\x1b[m\x1b[K]\n'}
[17.056271] (workspace_gz) StderrLine: {'line': b'  131 |     \x1b[01;31m\x1b[KGZ_UTILS_UNIQUE_IMPL_PTR\x1b[m\x1b[K(dataPtr)\n'}
[17.056374] (workspace_gz) StderrLine: {'line': b'      |     \x1b[01;31m\x1b[K^~~~~~~~~~~~~~~~~~~~~~~~\x1b[m\x1b[K\n'}
[17.056464] (workspace_gz) StderrLine: {'line': b'\x1b[01m\x1b[K/home/aliomacc/sti_usv/src/usv_sim/workspace_gz/plugins/PolyhedraBuoyancyDrag.hh:131:37:\x1b[m\x1b[K \x1b[01;31m\x1b[Kerror: \x1b[m\x1b[Kexpected \xe2\x80\x98\x1b[01m\x1b[K;\x1b[m\x1b[K\xe2\x80\x99 at end of member declaration\n'}
[17.056572] (workspace_gz) StderrLine: {'line': b'  131 |     GZ_UTILS_UNIQUE_IMPL_PTR(dataPtr\x1b[01;31m\x1b[K)\x1b[m\x1b[K\n'}
[17.056659] (workspace_gz) StderrLine: {'line': b'      |                                     \x1b[01;31m\x1b[K^\x1b[m\x1b[K\n'}
[17.056747] (workspace_gz) StderrLine: {'line': b'      |                                      \x1b[32m\x1b[K;\x1b[m\x1b[K\n'}
[17.083263] (workspace_gz) StderrLine: {'line': b'\x1b[01m\x1b[K/home/aliomacc/sti_usv/src/usv_sim/workspace_gz/plugins/PolyhedraBuoyancyDrag.cc:158:1:\x1b[m\x1b[K \x1b[01;31m\x1b[Kerror: \x1b[m\x1b[Kqualified name does not name a class before \xe2\x80\x98\x1b[01m\x1b[K{\x1b[m\x1b[K\xe2\x80\x99 token\n'}
[17.085547] (workspace_gz) StderrLine: {'line': b'  158 | \x1b[01;31m\x1b[K{\x1b[m\x1b[K\n'}
[17.085683] (workspace_gz) StderrLine: {'line': b'      | \x1b[01;31m\x1b[K^\x1b[m\x1b[K\n'}
[17.085794] (workspace_gz) StderrLine: {'line': b'\x1b[01m\x1b[K/home/aliomacc/sti_usv/src/usv_sim/workspace_gz/plugins/PolyhedraBuoyancyDrag.cc:195:29:\x1b[m\x1b[K \x1b[01;31m\x1b[Kerror: \x1b[m\x1b[K\xe2\x80\x98\x1b[01m\x1b[Kvrx::PolyhedraBuoyancyDrag::Implementation\x1b[m\x1b[K\xe2\x80\x99 has not been declared\n'}
[17.085904] (workspace_gz) StderrLine: {'line': b'  195 | void PolyhedraBuoyancyDrag::\x1b[01;31m\x1b[KImplementation\x1b[m\x1b[K::OnWavefield(const msgs::Param &_msg)\n'}
[17.086011] (workspace_gz) StderrLine: {'line': b'      |                             \x1b[01;31m\x1b[K^~~~~~~~~~~~~~\x1b[m\x1b[K\n'}
[17.086117] (workspace_gz) StderrLine: {'line': b'\x1b[01m\x1b[K/home/aliomacc/sti_usv/src/usv_sim/workspace_gz/plugins/PolyhedraBuoyancyDrag.cc:\x1b[m\x1b[K In function \xe2\x80\x98\x1b[01m\x1b[Kvoid OnWavefield(const ignition::msgs::Param&)\x1b[m\x1b[K\xe2\x80\x99:\n'}
[17.086225] (workspace_gz) StderrLine: {'line': b'\x1b[01m\x1b[K/home/aliomacc/sti_usv/src/usv_sim/workspace_gz/plugins/PolyhedraBuoyancyDrag.cc:197:36:\x1b[m\x1b[K \x1b[01;31m\x1b[Kerror: \x1b[m\x1b[Kinvalid use of \xe2\x80\x98\x1b[01m\x1b[Kthis\x1b[m\x1b[K\xe2\x80\x99 in non-member function\n'}
[17.086358] (workspace_gz) StderrLine: {'line': b'  197 |   std::lock_guard<std::mutex> lock(\x1b[01;31m\x1b[Kthis\x1b[m\x1b[K->mutex);\n'}
[17.086470] (workspace_gz) StderrLine: {'line': b'      |                                    \x1b[01;31m\x1b[K^~~~\x1b[m\x1b[K\n'}
[17.086577] (workspace_gz) StderrLine: {'line': b'\x1b[01m\x1b[K/home/aliomacc/sti_usv/src/usv_sim/workspace_gz/plugins/PolyhedraBuoyancyDrag.cc:198:3:\x1b[m\x1b[K \x1b[01;31m\x1b[Kerror: \x1b[m\x1b[Kinvalid use of \xe2\x80\x98\x1b[01m\x1b[Kthis\x1b[m\x1b[K\xe2\x80\x99 in non-member function\n'}
[17.086682] (workspace_gz) StderrLine: {'line': b'  198 |   \x1b[01;31m\x1b[Kthis\x1b[m\x1b[K->wavefield.Load(_msg);\n'}
[17.086785] (workspace_gz) StderrLine: {'line': b'      |   \x1b[01;31m\x1b[K^~~~\x1b[m\x1b[K\n'}
[17.086888] (workspace_gz) StderrLine: {'line': b'\x1b[01m\x1b[K/home/aliomacc/sti_usv/src/usv_sim/workspace_gz/plugins/PolyhedraBuoyancyDrag.cc:\x1b[m\x1b[K In constructor \xe2\x80\x98\x1b[01m\x1b[Kvrx::PolyhedraBuoyancyDrag::PolyhedraBuoyancyDrag()\x1b[m\x1b[K\xe2\x80\x99:\n'}
[17.086998] (workspace_gz) StderrLine: {'line': b'\x1b[01m\x1b[K/home/aliomacc/sti_usv/src/usv_sim/workspace_gz/plugins/PolyhedraBuoyancyDrag.cc:203:15:\x1b[m\x1b[K \x1b[01;31m\x1b[Kerror: \x1b[m\x1b[Kclass \xe2\x80\x98\x1b[01m\x1b[Kvrx::PolyhedraBuoyancyDrag\x1b[m\x1b[K\xe2\x80\x99 does not have any field named \xe2\x80\x98\x1b[01m\x1b[KdataPtr\x1b[m\x1b[K\xe2\x80\x99\n'}
[17.087108] (workspace_gz) StderrLine: {'line': b'  203 |   : System(), \x1b[01;31m\x1b[KdataPtr\x1b[m\x1b[K(utils::MakeUniqueImpl<Implementation>())\n'}
[17.087215] (workspace_gz) StderrLine: {'line': b'      |               \x1b[01;31m\x1b[K^~~~~~~\x1b[m\x1b[K\n'}
[17.098333] (workspace_gz) StderrLine: {'line': b'\x1b[01m\x1b[K/home/aliomacc/sti_usv/src/usv_sim/workspace_gz/plugins/PolyhedraBuoyancyDrag.cc:203:45:\x1b[m\x1b[K \x1b[01;31m\x1b[Kerror: \x1b[m\x1b[K\xe2\x80\x98\x1b[01m\x1b[KImplementation\x1b[m\x1b[K\xe2\x80\x99 was not declared in this scope\n'}
[17.098582] (workspace_gz) StderrLine: {'line': b'  203 |   : System(), dataPtr(utils::MakeUniqueImpl<\x1b[01;31m\x1b[KImplementation\x1b[m\x1b[K>())\n'}
[17.098713] (workspace_gz) StderrLine: {'line': b'      |                                             \x1b[01;31m\x1b[K^~~~~~~~~~~~~~\x1b[m\x1b[K\n'}
[17.098836] (workspace_gz) StderrLine: {'line': b'\x1b[01m\x1b[K/home/aliomacc/sti_usv/src/usv_sim/workspace_gz/plugins/PolyhedraBuoyancyDrag.cc:203:60:\x1b[m\x1b[K \x1b[01;31m\x1b[Kerror: \x1b[m\x1b[Kno matching function for call to \xe2\x80\x98\x1b[01m\x1b[KMakeUniqueImpl<<expression error> >()\x1b[m\x1b[K\xe2\x80\x99\n'}
[17.098958] (workspace_gz) StderrLine: {'line': b'  203 |   : System(), dataPtr(\x1b[01;31m\x1b[Kutils::MakeUniqueImpl<Implementation>()\x1b[m\x1b[K)\n'}
[17.099076] (workspace_gz) StderrLine: {'line': b'      |                       \x1b[01;31m\x1b[K~~~~~~~~~~~~~~~~~~~~~~~~~~~~~~~~~~~~~^~\x1b[m\x1b[K\n'}
[17.099195] (workspace_gz) StderrLine: {'line': b'In file included from \x1b[01m\x1b[K/usr/include/ignition/utils1/gz/utils/ImplPtr.hh:259\x1b[m\x1b[K,\n'}
[17.099419] (workspace_gz) StderrLine: {'line': b'                 from \x1b[01m\x1b[K/usr/include/ignition/sdformat12/sdf/Sensor.hh:23\x1b[m\x1b[K,\n'}
[17.099540] (workspace_gz) StderrLine: {'line': b'                 from \x1b[01m\x1b[K/usr/include/ignition/gazebo6/gz/sim/components/Serialization.hh:35\x1b[m\x1b[K,\n'}
[17.099643] (workspace_gz) StderrLine: {'line': b'                 from \x1b[01m\x1b[K/usr/include/ignition/gazebo6/gz/sim/components/Inertial.hh:24\x1b[m\x1b[K,\n'}
[17.099742] (workspace_gz) StderrLine: {'line': b'                 from \x1b[01m\x1b[K/home/aliomacc/sti_usv/src/usv_sim/workspace_gz/plugins/PolyhedraBuoyancyDrag.cc:23\x1b[m\x1b[K:\n'}
[17.099838] (workspace_gz) StderrLine: {'line': b'\x1b[01m\x1b[K/usr/include/ignition/utils1/gz/utils/detail/ImplPtr.hh:142:22:\x1b[m\x1b[K \x1b[01;36m\x1b[Knote: \x1b[m\x1b[Kcandidate: \xe2\x80\x98\x1b[01m\x1b[Ktemplate<class T, class ... Args> ignition::utils::UniqueImplPtr<T> ignition::utils::MakeUniqueImpl(Args&& ...)\x1b[m\x1b[K\xe2\x80\x99\n'}
[17.099937] (workspace_gz) StderrLine: {'line': b'  142 |     UniqueImplPtr<T> \x1b[01;36m\x1b[KMakeUniqueImpl\x1b[m\x1b[K(Args &&...args)\n'}
[17.100038] (workspace_gz) StderrLine: {'line': b'      |                      \x1b[01;36m\x1b[K^~~~~~~~~~~~~~\x1b[m\x1b[K\n'}
[17.100142] (workspace_gz) StderrLine: {'line': b'\x1b[01m\x1b[K/usr/include/ignition/utils1/gz/utils/detail/ImplPtr.hh:142:22:\x1b[m\x1b[K \x1b[01;36m\x1b[Knote: \x1b[m\x1b[K  template argument deduction/substitution failed:\n'}
[17.100246] (workspace_gz) StderrLine: {'line': b'\x1b[01m\x1b[K/home/aliomacc/sti_usv/src/usv_sim/workspace_gz/plugins/PolyhedraBuoyancyDrag.cc:203:60:\x1b[m\x1b[K \x1b[01;31m\x1b[Kerror: \x1b[m\x1b[Ktemplate argument 1 is invalid\n'}
[17.100367] (workspace_gz) StderrLine: {'line': b'  203 |   : System(), dataPtr(\x1b[01;31m\x1b[Kutils::MakeUniqueImpl<Implementation>()\x1b[m\x1b[K)\n'}
[17.100475] (workspace_gz) StderrLine: {'line': b'      |                       \x1b[01;31m\x1b[K~~~~~~~~~~~~~~~~~~~~~~~~~~~~~~~~~~~~~^~\x1b[m\x1b[K\n'}
[17.100582] (workspace_gz) StderrLine: {'line': b'\x1b[01m\x1b[K/home/aliomacc/sti_usv/src/usv_sim/workspace_gz/plugins/PolyhedraBuoyancyDrag.cc:\x1b[m\x1b[K In member function \xe2\x80\x98\x1b[01m\x1b[Kvirtual void vrx::PolyhedraBuoyancyDrag::Configure(const Entity&, const std::shared_ptr<const sdf::v12::Element>&, ignition::gazebo::v6::EntityComponentManager&, ignition::gazebo::v6::EventManager&)\x1b[m\x1b[K\xe2\x80\x99:\n'}
[17.100694] (workspace_gz) StderrLine: {'line': b'\x1b[01m\x1b[K/home/aliomacc/sti_usv/src/usv_sim/workspace_gz/plugins/PolyhedraBuoyancyDrag.cc:214:9:\x1b[m\x1b[K \x1b[01;31m\x1b[Kerror: \x1b[m\x1b[K\xe2\x80\x98\x1b[01m\x1b[Kclass vrx::PolyhedraBuoyancyDrag\x1b[m\x1b[K\xe2\x80\x99 has no member named \xe2\x80\x98\x1b[01m\x1b[KdataPtr\x1b[m\x1b[K\xe2\x80\x99\n'}
[17.100806] (workspace_gz) StderrLine: {'line': b'  214 |   this->\x1b[01;31m\x1b[KdataPtr\x1b[m\x1b[K->wavefield.Load(_sdf);\n'}
[17.100918] (workspace_gz) StderrLine: {'line': b'      |         \x1b[01;31m\x1b[K^~~~~~~\x1b[m\x1b[K\n'}
[17.101023] (workspace_gz) StderrLine: {'line': b'\x1b[01m\x1b[K/home/aliomacc/sti_usv/src/usv_sim/workspace_gz/plugins/PolyhedraBuoyancyDrag.cc:218:11:\x1b[m\x1b[K \x1b[01;31m\x1b[Kerror: \x1b[m\x1b[K\xe2\x80\x98\x1b[01m\x1b[Kclass vrx::PolyhedraBuoyancyDrag\x1b[m\x1b[K\xe2\x80\x99 has no member named \xe2\x80\x98\x1b[01m\x1b[KdataPtr\x1b[m\x1b[K\xe2\x80\x99\n'}
[17.101129] (workspace_gz) StderrLine: {'line': b'  218 |     this->\x1b[01;31m\x1b[KdataPtr\x1b[m\x1b[K->fluidDensity = _sdf->Get<double>("fluid_density");\n'}
[17.101229] (workspace_gz) StderrLine: {'line': b'      |           \x1b[01;31m\x1b[K^~~~~~~\x1b[m\x1b[K\n'}
[17.101340] (workspace_gz) StderrLine: {'line': b'\x1b[01m\x1b[K/home/aliomacc/sti_usv/src/usv_sim/workspace_gz/plugins/PolyhedraBuoyancyDrag.cc:222:11:\x1b[m\x1b[K \x1b[01;31m\x1b[Kerror: \x1b[m\x1b[K\xe2\x80\x98\x1b[01m\x1b[Kclass vrx::PolyhedraBuoyancyDrag\x1b[m\x1b[K\xe2\x80\x99 has no member named \xe2\x80\x98\x1b[01m\x1b[KdataPtr\x1b[m\x1b[K\xe2\x80\x99\n'}
[17.101450] (workspace_gz) StderrLine: {'line': b'  222 |     this->\x1b[01;31m\x1b[KdataPtr\x1b[m\x1b[K->fluidLevel = _sdf->Get<double>("fluid_level");\n'}
[17.101558] (workspace_gz) StderrLine: {'line': b'      |           \x1b[01;31m\x1b[K^~~~~~~\x1b[m\x1b[K\n'}
[17.101660] (workspace_gz) StderrLine: {'line': b'\x1b[01m\x1b[K/home/aliomacc/sti_usv/src/usv_sim/workspace_gz/plugins/PolyhedraBuoyancyDrag.cc:226:11:\x1b[m\x1b[K \x1b[01;31m\x1b[Kerror: \x1b[m\x1b[K\xe2\x80\x98\x1b[01m\x1b[Kclass vrx::PolyhedraBuoyancyDrag\x1b[m\x1b[K\xe2\x80\x99 has no member named \xe2\x80\x98\x1b[01m\x1b[KdataPtr\x1b[m\x1b[K\xe2\x80\x99\n'}
[17.101763] (workspace_gz) StderrLine: {'line': b'  226 |     this->\x1b[01;31m\x1b[KdataPtr\x1b[m\x1b[K->linearDrag = _sdf->Get<double>("linear_drag");\n'}
[17.101866] (workspace_gz) StderrLine: {'line': b'      |           \x1b[01;31m\x1b[K^~~~~~~\x1b[m\x1b[K\n'}
[17.101966] (workspace_gz) StderrLine: {'line': b'\x1b[01m\x1b[K/home/aliomacc/sti_usv/src/usv_sim/workspace_gz/plugins/PolyhedraBuoyancyDrag.cc:230:11:\x1b[m\x1b[K \x1b[01;31m\x1b[Kerror: \x1b[m\x1b[K\xe2\x80\x98\x1b[01m\x1b[Kclass vrx::PolyhedraBuoyancyDrag\x1b[m\x1b[K\xe2\x80\x99 has no member named \xe2\x80\x98\x1b[01m\x1b[KdataPtr\x1b[m\x1b[K\xe2\x80\x99\n'}
[17.102070] (workspace_gz) StderrLine: {'line': b'  230 |     this->\x1b[01;31m\x1b[KdataPtr\x1b[m\x1b[K->angularDrag = _sdf->Get<double>("angular_drag");\n'}
[17.102174] (workspace_gz) StderrLine: {'line': b'      |           \x1b[01;31m\x1b[K^~~~~~~\x1b[m\x1b[K\n'}
[17.109349] (workspace_gz) StderrLine: {'line': b'\x1b[01m\x1b[K/home/aliomacc/sti_usv/src/usv_sim/workspace_gz/plugins/PolyhedraBuoyancyDrag.cc:245:30:\x1b[m\x1b[K \x1b[01;31m\x1b[Kerror: \x1b[m\x1b[K\xe2\x80\x98\x1b[01m\x1b[Kclass vrx::PolyhedraBuoyancyDrag\x1b[m\x1b[K\xe2\x80\x99 has no member named \xe2\x80\x98\x1b[01m\x1b[KdataPtr\x1b[m\x1b[K\xe2\x80\x99\n'}
[17.109744] (workspace_gz) StderrLine: {'line': b'  245 |       buoyObj.height = this->\x1b[01;31m\x1b[KdataPtr\x1b[m\x1b[K->fluidLevel;\n'}
[17.109891] (workspace_gz) StderrLine: {'line': b'      |                              \x1b[01;31m\x1b[K^~~~~~~\x1b[m\x1b[K\n'}
[17.110024] (workspace_gz) StderrLine: {'line': b'\x1b[01m\x1b[K/home/aliomacc/sti_usv/src/usv_sim/workspace_gz/plugins/PolyhedraBuoyancyDrag.cc:249:13:\x1b[m\x1b[K \x1b[01;31m\x1b[Kerror: \x1b[m\x1b[K\xe2\x80\x98\x1b[01m\x1b[Kclass vrx::PolyhedraBuoyancyDrag\x1b[m\x1b[K\xe2\x80\x99 has no member named \xe2\x80\x98\x1b[01m\x1b[KdataPtr\x1b[m\x1b[K\xe2\x80\x99\n'}
[17.110146] (workspace_gz) StderrLine: {'line': b'  249 |       this->\x1b[01;31m\x1b[KdataPtr\x1b[m\x1b[K->buoyancyObjects.push_back(std::move(buoyObj));\n'}
[17.110291] (workspace_gz) StderrLine: {'line': b'      |             \x1b[01;31m\x1b[K^~~~~~~\x1b[m\x1b[K\n'}
[17.110452] (workspace_gz) StderrLine: {'line': b'\x1b[01m\x1b[K/home/aliomacc/sti_usv/src/usv_sim/workspace_gz/plugins/PolyhedraBuoyancyDrag.cc:262:9:\x1b[m\x1b[K \x1b[01;31m\x1b[Kerror: \x1b[m\x1b[K\xe2\x80\x98\x1b[01m\x1b[Kclass vrx::PolyhedraBuoyancyDrag\x1b[m\x1b[K\xe2\x80\x99 has no member named \xe2\x80\x98\x1b[01m\x1b[KdataPtr\x1b[m\x1b[K\xe2\x80\x99\n'}
[17.110561] (workspace_gz) StderrLine: {'line': b'  262 |   this->\x1b[01;31m\x1b[KdataPtr\x1b[m\x1b[K->gravity = *gravityOpt;\n'}
[17.110670] (workspace_gz) StderrLine: {'line': b'      |         \x1b[01;31m\x1b[K^~~~~~~\x1b[m\x1b[K\n'}
[17.110774] (workspace_gz) StderrLine: {'line': b'\x1b[01m\x1b[K/home/aliomacc/sti_usv/src/usv_sim/workspace_gz/plugins/PolyhedraBuoyancyDrag.cc:265:9:\x1b[m\x1b[K \x1b[01;31m\x1b[Kerror: \x1b[m\x1b[K\xe2\x80\x98\x1b[01m\x1b[Kclass vrx::PolyhedraBuoyancyDrag\x1b[m\x1b[K\xe2\x80\x99 has no member named \xe2\x80\x98\x1b[01m\x1b[KdataPtr\x1b[m\x1b[K\xe2\x80\x99\n'}
[17.110881] (workspace_gz) StderrLine: {'line': b'  265 |   this->\x1b[01;31m\x1b[KdataPtr\x1b[m\x1b[K->node.Subscribe(this->dataPtr->wavefield.Topic(),\n'}
[17.110987] (workspace_gz) StderrLine: {'line': b'      |         \x1b[01;31m\x1b[K^~~~~~~\x1b[m\x1b[K\n'}
[17.111092] (workspace_gz) StderrLine: {'line': b'\x1b[01m\x1b[K/home/aliomacc/sti_usv/src/usv_sim/workspace_gz/plugins/PolyhedraBuoyancyDrag.cc:265:39:\x1b[m\x1b[K \x1b[01;31m\x1b[Kerror: \x1b[m\x1b[K\xe2\x80\x98\x1b[01m\x1b[Kclass vrx::PolyhedraBuoyancyDrag\x1b[m\x1b[K\xe2\x80\x99 has no member named \xe2\x80\x98\x1b[01m\x1b[KdataPtr\x1b[m\x1b[K\xe2\x80\x99\n'}
[17.111209] (workspace_gz) StderrLine: {'line': b'  265 |   this->dataPtr->node.Subscribe(this->\x1b[01;31m\x1b[KdataPtr\x1b[m\x1b[K->wavefield.Topic(),\n'}
[17.111327] (workspace_gz) StderrLine: {'line': b'      |                                       \x1b[01;31m\x1b[K^~~~~~~\x1b[m\x1b[K\n'}
[17.111441] (workspace_gz) StderrLine: {'line': b'\x1b[01m\x1b[K/home/aliomacc/sti_usv/src/usv_sim/workspace_gz/plugins/PolyhedraBuoyancyDrag.cc:266:29:\x1b[m\x1b[K \x1b[01;31m\x1b[Kerror: \x1b[m\x1b[K\xe2\x80\x98\x1b[01m\x1b[Kvrx::PolyhedraBuoyancyDrag::Implementation\x1b[m\x1b[K\xe2\x80\x99 has not been declared\n'}
[17.111549] (workspace_gz) StderrLine: {'line': b'  266 |     &PolyhedraBuoyancyDrag::\x1b[01;31m\x1b[KImplementation\x1b[m\x1b[K::OnWavefield, this->dataPtr.get());\n'}
[17.111655] (workspace_gz) StderrLine: {'line': b'      |                             \x1b[01;31m\x1b[K^~~~~~~~~~~~~~\x1b[m\x1b[K\n'}
[17.111757] (workspace_gz) StderrLine: {'line': b'\x1b[01m\x1b[K/home/aliomacc/sti_usv/src/usv_sim/workspace_gz/plugins/PolyhedraBuoyancyDrag.cc:266:64:\x1b[m\x1b[K \x1b[01;31m\x1b[Kerror: \x1b[m\x1b[K\xe2\x80\x98\x1b[01m\x1b[Kclass vrx::PolyhedraBuoyancyDrag\x1b[m\x1b[K\xe2\x80\x99 has no member named \xe2\x80\x98\x1b[01m\x1b[KdataPtr\x1b[m\x1b[K\xe2\x80\x99\n'}
[17.111873] (workspace_gz) StderrLine: {'line': b'  266 |     &PolyhedraBuoyancyDrag::Implementation::OnWavefield, this->\x1b[01;31m\x1b[KdataPtr\x1b[m\x1b[K.get());\n'}
[17.111978] (workspace_gz) StderrLine: {'line': b'      |                                                                \x1b[01;31m\x1b[K^~~~~~~\x1b[m\x1b[K\n'}
[17.121410] (workspace_gz) StderrLine: {'line': b'\x1b[01m\x1b[K/home/aliomacc/sti_usv/src/usv_sim/workspace_gz/plugins/PolyhedraBuoyancyDrag.cc:\x1b[m\x1b[K In member function \xe2\x80\x98\x1b[01m\x1b[Kvirtual void vrx::PolyhedraBuoyancyDrag::PreUpdate(const ignition::gazebo::v6::UpdateInfo&, ignition::gazebo::v6::EntityComponentManager&)\x1b[m\x1b[K\xe2\x80\x99:\n'}
[17.121758] (workspace_gz) StderrLine: {'line': b'\x1b[01m\x1b[K/home/aliomacc/sti_usv/src/usv_sim/workspace_gz/plugins/PolyhedraBuoyancyDrag.cc:273:3:\x1b[m\x1b[K \x1b[01;31m\x1b[Kerror: \x1b[m\x1b[K\xe2\x80\x98\x1b[01m\x1b[KGZ_PROFILE\x1b[m\x1b[K\xe2\x80\x99 was not declared in this scope; did you mean \xe2\x80\x98\x1b[01m\x1b[KIGN_PROFILE\x1b[m\x1b[K\xe2\x80\x99?\n'}
[17.121916] (workspace_gz) StderrLine: {'line': b'  273 |   \x1b[01;31m\x1b[KGZ_PROFILE\x1b[m\x1b[K("PolyhedraBuoyancyDrag::PreUpdate");\n'}
[17.122116] (workspace_gz) StderrLine: {'line': b'      |   \x1b[01;31m\x1b[K^~~~~~~~~~\x1b[m\x1b[K\n'}
[17.122222] (workspace_gz) StderrLine: {'line': b'      |   \x1b[32m\x1b[KIGN_PROFILE\x1b[m\x1b[K\n'}
[17.122342] (workspace_gz) StderrLine: {'line': b'\x1b[01m\x1b[K/home/aliomacc/sti_usv/src/usv_sim/workspace_gz/plugins/PolyhedraBuoyancyDrag.cc:278:42:\x1b[m\x1b[K \x1b[01;31m\x1b[Kerror: \x1b[m\x1b[K\xe2\x80\x98\x1b[01m\x1b[Kclass vrx::PolyhedraBuoyancyDrag\x1b[m\x1b[K\xe2\x80\x99 has no member named \xe2\x80\x98\x1b[01m\x1b[KdataPtr\x1b[m\x1b[K\xe2\x80\x99\n'}
[17.122461] (workspace_gz) StderrLine: {'line': b'  278 |   std::lock_guard<std::mutex> lock(this->\x1b[01;31m\x1b[KdataPtr\x1b[m\x1b[K->mutex);\n'}
[17.122569] (workspace_gz) StderrLine: {'line': b'      |                                          \x1b[01;31m\x1b[K^~~~~~~\x1b[m\x1b[K\n'}
[17.122670] (workspace_gz) StderrLine: {'line': b'\x1b[01m\x1b[K/home/aliomacc/sti_usv/src/usv_sim/workspace_gz/plugins/PolyhedraBuoyancyDrag.cc:283:13:\x1b[m\x1b[K \x1b[01;31m\x1b[Kerror: \x1b[m\x1b[K\xe2\x80\x98\x1b[01m\x1b[Kclass vrx::PolyhedraBuoyancyDrag\x1b[m\x1b[K\xe2\x80\x99 has no member named \xe2\x80\x98\x1b[01m\x1b[KdataPtr\x1b[m\x1b[K\xe2\x80\x99\n'}
[17.122773] (workspace_gz) StderrLine: {'line': b'  283 |   if (this->\x1b[01;31m\x1b[KdataPtr\x1b[m\x1b[K->wavefield.Active())\n'}
[17.122873] (workspace_gz) StderrLine: {'line': b'      |             \x1b[01;31m\x1b[K^~~~~~~\x1b[m\x1b[K\n'}
[17.126329] (workspace_gz) StderrLine: {'line': b'\x1b[01m\x1b[K/home/aliomacc/sti_usv/src/usv_sim/workspace_gz/plugins/PolyhedraBuoyancyDrag.cc:286:26:\x1b[m\x1b[K \x1b[01;31m\x1b[Kerror: \x1b[m\x1b[K\xe2\x80\x98\x1b[01m\x1b[Kclass vrx::PolyhedraBuoyancyDrag\x1b[m\x1b[K\xe2\x80\x99 has no member named \xe2\x80\x98\x1b[01m\x1b[KdataPtr\x1b[m\x1b[K\xe2\x80\x99\n'}
[17.126585] (-) TimerEvent: {}
[17.126748] (workspace_gz) StderrLine: {'line': b'  286 |     dt = simTime - this->\x1b[01;31m\x1b[KdataPtr\x1b[m\x1b[K->lastSimTime;\n'}
[17.126871] (workspace_gz) StderrLine: {'line': b'      |                          \x1b[01;31m\x1b[K^~~~~~~\x1b[m\x1b[K\n'}
[17.126982] (workspace_gz) StderrLine: {'line': b'\x1b[01m\x1b[K/home/aliomacc/sti_usv/src/usv_sim/workspace_gz/plugins/PolyhedraBuoyancyDrag.cc:287:11:\x1b[m\x1b[K \x1b[01;31m\x1b[Kerror: \x1b[m\x1b[K\xe2\x80\x98\x1b[01m\x1b[Kclass vrx::PolyhedraBuoyancyDrag\x1b[m\x1b[K\xe2\x80\x99 has no member named \xe2\x80\x98\x1b[01m\x1b[KdataPtr\x1b[m\x1b[K\xe2\x80\x99\n'}
[17.127091] (workspace_gz) StderrLine: {'line': b'  287 |     this->\x1b[01;31m\x1b[KdataPtr\x1b[m\x1b[K->lastSimTime = simTime;\n'}
[17.127201] (workspace_gz) StderrLine: {'line': b'      |           \x1b[01;31m\x1b[K^~~~~~~\x1b[m\x1b[K\n'}
[17.127437] (workspace_gz) StderrLine: {'line': b'\x1b[01m\x1b[K/home/aliomacc/sti_usv/src/usv_sim/workspace_gz/plugins/PolyhedraBuoyancyDrag.cc:290:34:\x1b[m\x1b[K \x1b[01;31m\x1b[Kerror: \x1b[m\x1b[K\xe2\x80\x98\x1b[01m\x1b[Kclass vrx::PolyhedraBuoyancyDrag\x1b[m\x1b[K\xe2\x80\x99 has no member named \xe2\x80\x98\x1b[01m\x1b[KdataPtr\x1b[m\x1b[K\xe2\x80\x99\n'}
[17.127572] (workspace_gz) StderrLine: {'line': b'  290 |   for (auto &buoyancyObj : this->\x1b[01;31m\x1b[KdataPtr\x1b[m\x1b[K->buoyancyObjects)\n'}
[17.127680] (workspace_gz) StderrLine: {'line': b'      |                                  \x1b[01;31m\x1b[K^~~~~~~\x1b[m\x1b[K\n'}
[17.127785] (workspace_gz) StderrLine: {'line': b'\x1b[01m\x1b[K/home/aliomacc/sti_usv/src/usv_sim/workspace_gz/plugins/PolyhedraBuoyancyDrag.cc:306:15:\x1b[m\x1b[K \x1b[01;31m\x1b[Kerror: \x1b[m\x1b[K\xe2\x80\x98\x1b[01m\x1b[Kclass vrx::PolyhedraBuoyancyDrag\x1b[m\x1b[K\xe2\x80\x99 has no member named \xe2\x80\x98\x1b[01m\x1b[KdataPtr\x1b[m\x1b[K\xe2\x80\x99\n'}
[17.127896] (workspace_gz) StderrLine: {'line': b'  306 |     if (this->\x1b[01;31m\x1b[KdataPtr\x1b[m\x1b[K->wavefield.Active())\n'}
[17.128000] (workspace_gz) StderrLine: {'line': b'      |               \x1b[01;31m\x1b[K^~~~~~~\x1b[m\x1b[K\n'}
[17.128103] (workspace_gz) StderrLine: {'line': b'\x1b[01m\x1b[K/home/aliomacc/sti_usv/src/usv_sim/workspace_gz/plugins/PolyhedraBuoyancyDrag.cc:310:33:\x1b[m\x1b[K \x1b[01;31m\x1b[Kerror: \x1b[m\x1b[K\xe2\x80\x98\x1b[01m\x1b[Kclass vrx::PolyhedraBuoyancyDrag\x1b[m\x1b[K\xe2\x80\x99 has no member named \xe2\x80\x98\x1b[01m\x1b[KdataPtr\x1b[m\x1b[K\xe2\x80\x99\n'}
[17.128219] (workspace_gz) StderrLine: {'line': b'  310 |       double waveHeight = this->\x1b[01;31m\x1b[KdataPtr\x1b[m\x1b[K->wavefield.ComputeDepthSimply(\n'}
[17.128418] (workspace_gz) StderrLine: {'line': b'      |                                 \x1b[01;31m\x1b[K^~~~~~~\x1b[m\x1b[K\n'}
[17.128522] (workspace_gz) StderrLine: {'line': b'\x1b[01m\x1b[K/home/aliomacc/sti_usv/src/usv_sim/workspace_gz/plugins/PolyhedraBuoyancyDrag.cc:317:34:\x1b[m\x1b[K \x1b[01;31m\x1b[Kerror: \x1b[m\x1b[K\xe2\x80\x98\x1b[01m\x1b[Kclass vrx::PolyhedraBuoyancyDrag\x1b[m\x1b[K\xe2\x80\x99 has no member named \xe2\x80\x98\x1b[01m\x1b[KdataPtr\x1b[m\x1b[K\xe2\x80\x99\n'}
[17.128623] (workspace_gz) StderrLine: {'line': b'  317 |       buoyancyObj.height + this->\x1b[01;31m\x1b[KdataPtr\x1b[m\x1b[K->fluidLevel);\n'}
[17.132567] (workspace_gz) StderrLine: {'line': b'      |                                  \x1b[01;31m\x1b[K^~~~~~~\x1b[m\x1b[K\n'}
[17.132722] (workspace_gz) StderrLine: {'line': b'\x1b[01m\x1b[K/home/aliomacc/sti_usv/src/usv_sim/workspace_gz/plugins/PolyhedraBuoyancyDrag.cc:323:40:\x1b[m\x1b[K \x1b[01;31m\x1b[Kerror: \x1b[m\x1b[K\xe2\x80\x98\x1b[01m\x1b[Kclass vrx::PolyhedraBuoyancyDrag\x1b[m\x1b[K\xe2\x80\x99 has no member named \xe2\x80\x98\x1b[01m\x1b[KdataPtr\x1b[m\x1b[K\xe2\x80\x99\n'}
[17.132837] (workspace_gz) StderrLine: {'line': b'  323 |       math::Vector3d buoyancy = -this->\x1b[01;31m\x1b[KdataPtr\x1b[m\x1b[K->fluidDensity *\n'}
[17.132947] (workspace_gz) StderrLine: {'line': b'      |                                        \x1b[01;31m\x1b[K^~~~~~~\x1b[m\x1b[K\n'}
[17.133056] (workspace_gz) StderrLine: {'line': b'\x1b[01m\x1b[K/home/aliomacc/sti_usv/src/usv_sim/workspace_gz/plugins/PolyhedraBuoyancyDrag.cc:324:40:\x1b[m\x1b[K \x1b[01;31m\x1b[Kerror: \x1b[m\x1b[K\xe2\x80\x98\x1b[01m\x1b[Kclass vrx::PolyhedraBuoyancyDrag\x1b[m\x1b[K\xe2\x80\x99 has no member named \xe2\x80\x98\x1b[01m\x1b[KdataPtr\x1b[m\x1b[K\xe2\x80\x99\n'}
[17.133165] (workspace_gz) StderrLine: {'line': b'  324 |         submergedVolume.volume * this->\x1b[01;31m\x1b[KdataPtr\x1b[m\x1b[K->gravity;\n'}
[17.133271] (workspace_gz) StderrLine: {'line': b'      |                                        \x1b[01;31m\x1b[K^~~~~~~\x1b[m\x1b[K\n'}
[17.133392] (workspace_gz) StderrLine: {'line': b'\x1b[01m\x1b[K/home/aliomacc/sti_usv/src/usv_sim/workspace_gz/plugins/PolyhedraBuoyancyDrag.cc:341:15:\x1b[m\x1b[K \x1b[01;31m\x1b[Kerror: \x1b[m\x1b[K\xe2\x80\x98\x1b[01m\x1b[Kclass vrx::PolyhedraBuoyancyDrag\x1b[m\x1b[K\xe2\x80\x99 has no member named \xe2\x80\x98\x1b[01m\x1b[KdataPtr\x1b[m\x1b[K\xe2\x80\x99\n'}
[17.133502] (workspace_gz) StderrLine: {'line': b'  341 |         this->\x1b[01;31m\x1b[KdataPtr\x1b[m\x1b[K->linearDrag * partialMass * relVel;\n'}
[17.133607] (workspace_gz) StderrLine: {'line': b'      |               \x1b[01;31m\x1b[K^~~~~~~\x1b[m\x1b[K\n'}
[17.133727] (workspace_gz) StderrLine: {'line': b'\x1b[01m\x1b[K/home/aliomacc/sti_usv/src/usv_sim/workspace_gz/plugins/PolyhedraBuoyancyDrag.cc:368:57:\x1b[m\x1b[K \x1b[01;31m\x1b[Kerror: \x1b[m\x1b[K\xe2\x80\x98\x1b[01m\x1b[Kclass vrx::PolyhedraBuoyancyDrag\x1b[m\x1b[K\xe2\x80\x99 has no member named \xe2\x80\x98\x1b[01m\x1b[KdataPtr\x1b[m\x1b[K\xe2\x80\x99\n'}
[17.133831] (workspace_gz) StderrLine: {'line': b'  368 |       math::Vector3d dragTorque = (-partialMass * this->\x1b[01;31m\x1b[KdataPtr\x1b[m\x1b[K->angularDrag *\n'}
[17.133939] (workspace_gz) StderrLine: {'line': b'      |                                                         \x1b[01;31m\x1b[K^~~~~~~\x1b[m\x1b[K\n'}
[17.134022] (workspace_gz) StderrLine: {'line': b'\x1b[01m\x1b[K/home/aliomacc/sti_usv/src/usv_sim/workspace_gz/plugins/PolyhedraBuoyancyDrag.cc:\x1b[m\x1b[K At global scope:\n'}
[17.134106] (workspace_gz) StderrLine: {'line': b'\x1b[01m\x1b[K/home/aliomacc/sti_usv/src/usv_sim/workspace_gz/plugins/PolyhedraBuoyancyDrag.cc:384:1:\x1b[m\x1b[K \x1b[01;31m\x1b[Kerror: \x1b[m\x1b[Kexpected constructor, destructor, or type conversion before \xe2\x80\x98\x1b[01m\x1b[KGZ_ADD_PLUGIN_ALIAS\x1b[m\x1b[K\xe2\x80\x99\n'}
[17.134218] (workspace_gz) StderrLine: {'line': b'  384 | \x1b[01;31m\x1b[KGZ_ADD_PLUGIN_ALIAS\x1b[m\x1b[K(vrx::PolyhedraBuoyancyDrag,\n'}
[17.134329] (workspace_gz) StderrLine: {'line': b'      | \x1b[01;31m\x1b[K^~~~~~~~~~~~~~~~~~~\x1b[m\x1b[K\n'}
[17.139475] (workspace_gz) StderrLine: {'line': b'In file included from \x1b[01m\x1b[K/home/aliomacc/sti_usv/src/usv_sim/workspace_gz/plugins/ScoringPlugin.cc:32\x1b[m\x1b[K:\n'}
[17.139874] (workspace_gz) StderrLine: {'line': b'\x1b[01m\x1b[K/home/aliomacc/sti_usv/src/usv_sim/workspace_gz/plugins/ScoringPlugin.hh:217:30:\x1b[m\x1b[K \x1b[01;31m\x1b[Kerror: \x1b[m\x1b[K\xe2\x80\x98\x1b[01m\x1b[KdataPtr\x1b[m\x1b[K\xe2\x80\x99 has not been declared\n'}
[17.140016] (workspace_gz) StderrLine: {'line': b'  217 |     GZ_UTILS_UNIQUE_IMPL_PTR(\x1b[01;31m\x1b[KdataPtr\x1b[m\x1b[K)\n'}
[17.140143] (workspace_gz) StderrLine: {'line': b'      |                              \x1b[01;31m\x1b[K^~~~~~~\x1b[m\x1b[K\n'}
[17.140271] (workspace_gz) StderrLine: {'line': b'\x1b[01m\x1b[K/home/aliomacc/sti_usv/src/usv_sim/workspace_gz/plugins/ScoringPlugin.hh:217:5:\x1b[m\x1b[K \x1b[01;31m\x1b[Kerror: \x1b[m\x1b[KISO C++ forbids declaration of \xe2\x80\x98\x1b[01m\x1b[KGZ_UTILS_UNIQUE_IMPL_PTR\x1b[m\x1b[K\xe2\x80\x99 with no type [\x1b[01;31m\x1b[K\x1b]8;;https://gcc.gnu.org/onlinedocs/gcc/Warning-Options.html#index-fpermissive\x07-fpermissive\x1b]8;;\x07\x1b[m\x1b[K]\n'}
[17.140523] (workspace_gz) StderrLine: {'line': b'  217 |     \x1b[01;31m\x1b[KGZ_UTILS_UNIQUE_IMPL_PTR\x1b[m\x1b[K(dataPtr)\n'}
[17.140633] (workspace_gz) StderrLine: {'line': b'      |     \x1b[01;31m\x1b[K^~~~~~~~~~~~~~~~~~~~~~~~\x1b[m\x1b[K\n'}
[17.140726] (workspace_gz) StderrLine: {'line': b'\x1b[01m\x1b[K/home/aliomacc/sti_usv/src/usv_sim/workspace_gz/plugins/ScoringPlugin.hh:217:37:\x1b[m\x1b[K \x1b[01;31m\x1b[Kerror: \x1b[m\x1b[Kexpected \xe2\x80\x98\x1b[01m\x1b[K;\x1b[m\x1b[K\xe2\x80\x99 at end of member declaration\n'}
[17.140818] (workspace_gz) StderrLine: {'line': b'  217 |     GZ_UTILS_UNIQUE_IMPL_PTR(dataPtr\x1b[01;31m\x1b[K)\x1b[m\x1b[K\n'}
[17.140917] (workspace_gz) StderrLine: {'line': b'      |                                     \x1b[01;31m\x1b[K^\x1b[m\x1b[K\n'}
[17.141013] (workspace_gz) StderrLine: {'line': b'      |                                      \x1b[32m\x1b[K;\x1b[m\x1b[K\n'}
[17.141112] (workspace_gz) StderrLine: {'line': b'\x1b[01m\x1b[K/home/aliomacc/sti_usv/src/usv_sim/workspace_gz/plugins/ScoringPlugin.cc:39:1:\x1b[m\x1b[K \x1b[01;31m\x1b[Kerror: \x1b[m\x1b[Kqualified name does not name a class before \xe2\x80\x98\x1b[01m\x1b[K{\x1b[m\x1b[K\xe2\x80\x99 token\n'}
[17.141228] (workspace_gz) StderrLine: {'line': b'   39 | \x1b[01;31m\x1b[K{\x1b[m\x1b[K\n'}
[17.143530] (workspace_gz) StderrLine: {'line': b'      | \x1b[01;31m\x1b[K^\x1b[m\x1b[K\n'}
[17.143687] (workspace_gz) StderrLine: {'line': b'\x1b[01m\x1b[K/home/aliomacc/sti_usv/src/usv_sim/workspace_gz/plugins/ScoringPlugin.cc:176:21:\x1b[m\x1b[K \x1b[01;31m\x1b[Kerror: \x1b[m\x1b[K\xe2\x80\x98\x1b[01m\x1b[Kvrx::ScoringPlugin::Implementation\x1b[m\x1b[K\xe2\x80\x99 has not been declared\n'}
[17.143895] (workspace_gz) StderrLine: {'line': b'  176 | bool ScoringPlugin::\x1b[01;31m\x1b[KImplementation\x1b[m\x1b[K::ParseSDFParameters()\n'}
[17.144005] (workspace_gz) StderrLine: {'line': b'      |                     \x1b[01;31m\x1b[K^~~~~~~~~~~~~~\x1b[m\x1b[K\n'}
[17.144106] (workspace_gz) StderrLine: {'line': b'\x1b[01m\x1b[K/home/aliomacc/sti_usv/src/usv_sim/workspace_gz/plugins/ScoringPlugin.cc:\x1b[m\x1b[K In function \xe2\x80\x98\x1b[01m\x1b[Kbool ParseSDFParameters()\x1b[m\x1b[K\xe2\x80\x99:\n'}
[17.144204] (workspace_gz) StderrLine: {'line': b'\x1b[01m\x1b[K/home/aliomacc/sti_usv/src/usv_sim/workspace_gz/plugins/ScoringPlugin.cc:179:8:\x1b[m\x1b[K \x1b[01;31m\x1b[Kerror: \x1b[m\x1b[Kinvalid use of \xe2\x80\x98\x1b[01m\x1b[Kthis\x1b[m\x1b[K\xe2\x80\x99 in non-member function\n'}
[17.144322] (workspace_gz) StderrLine: {'line': b'  179 |   if (!\x1b[01;31m\x1b[Kthis\x1b[m\x1b[K->sdf->HasElement("vehicle"))\n'}
[17.144424] (workspace_gz) StderrLine: {'line': b'      |        \x1b[01;31m\x1b[K^~~~\x1b[m\x1b[K\n'}
[17.144523] (workspace_gz) StderrLine: {'line': b'\x1b[01m\x1b[K/home/aliomacc/sti_usv/src/usv_sim/workspace_gz/plugins/ScoringPlugin.cc:184:3:\x1b[m\x1b[K \x1b[01;31m\x1b[Kerror: \x1b[m\x1b[Kinvalid use of \xe2\x80\x98\x1b[01m\x1b[Kthis\x1b[m\x1b[K\xe2\x80\x99 in non-member function\n'}
[17.144619] (workspace_gz) StderrLine: {'line': b'  184 |   \x1b[01;31m\x1b[Kthis\x1b[m\x1b[K->vehicleName = this->sdf->Get<std::string>("vehicle");\n'}
[17.144735] (workspace_gz) StderrLine: {'line': b'      |   \x1b[01;31m\x1b[K^~~~\x1b[m\x1b[K\n'}
[17.144852] (workspace_gz) StderrLine: {'line': b'\x1b[01m\x1b[K/home/aliomacc/sti_usv/src/usv_sim/workspace_gz/plugins/ScoringPlugin.cc:184:23:\x1b[m\x1b[K \x1b[01;31m\x1b[Kerror: \x1b[m\x1b[Kinvalid use of \xe2\x80\x98\x1b[01m\x1b[Kthis\x1b[m\x1b[K\xe2\x80\x99 in non-member function\n'}
[17.144972] (workspace_gz) StderrLine: {'line': b'  184 |   this->vehicleName = \x1b[01;31m\x1b[Kthis\x1b[m\x1b[K->sdf->Get<std::string>("vehicle");\n'}
[17.145076] (workspace_gz) StderrLine: {'line': b'      |                       \x1b[01;31m\x1b[K^~~~\x1b[m\x1b[K\n'}
[17.145196] (workspace_gz) StderrLine: {'line': b'\x1b[01m\x1b[K/home/aliomacc/sti_usv/src/usv_sim/workspace_gz/plugins/ScoringPlugin.cc:184:49:\x1b[m\x1b[K \x1b[01;31m\x1b[Kerror: \x1b[m\x1b[Kexpected primary-expression before \xe2\x80\x98\x1b[01m\x1b[K>\x1b[m\x1b[K\xe2\x80\x99 token\n'}
[17.148373] (workspace_gz) StderrLine: {'line': b'  184 |   this->vehicleName = this->sdf->Get<std::string\x1b[01;31m\x1b[K>\x1b[m\x1b[K("vehicle");\n'}
[17.148582] (workspace_gz) StderrLine: {'line': b'      |                                                 \x1b[01;31m\x1b[K^\x1b[m\x1b[K\n'}
[17.148700] (workspace_gz) StderrLine: {'line': b'\x1b[01m\x1b[K/home/aliomacc/sti_usv/src/usv_sim/workspace_gz/plugins/ScoringPlugin.cc:187:8:\x1b[m\x1b[K \x1b[01;31m\x1b[Kerror: \x1b[m\x1b[Kinvalid use of \xe2\x80\x98\x1b[01m\x1b[Kthis\x1b[m\x1b[K\xe2\x80\x99 in non-member function\n'}
[17.148808] (workspace_gz) StderrLine: {'line': b'  187 |   if (!\x1b[01;31m\x1b[Kthis\x1b[m\x1b[K->sdf->HasElement("task_name"))\n'}
[17.148911] (workspace_gz) StderrLine: {'line': b'      |        \x1b[01;31m\x1b[K^~~~\x1b[m\x1b[K\n'}
[17.149017] (workspace_gz) StderrLine: {'line': b'\x1b[01m\x1b[K/home/aliomacc/sti_usv/src/usv_sim/workspace_gz/plugins/ScoringPlugin.cc:192:3:\x1b[m\x1b[K \x1b[01;31m\x1b[Kerror: \x1b[m\x1b[Kinvalid use of \xe2\x80\x98\x1b[01m\x1b[Kthis\x1b[m\x1b[K\xe2\x80\x99 in non-member function\n'}
[17.149119] (workspace_gz) StderrLine: {'line': b'  192 |   \x1b[01;31m\x1b[Kthis\x1b[m\x1b[K->taskName = this->sdf->Get<std::string>("task_name");\n'}
[17.149218] (workspace_gz) StderrLine: {'line': b'      |   \x1b[01;31m\x1b[K^~~~\x1b[m\x1b[K\n'}
[17.149328] (workspace_gz) StderrLine: {'line': b'\x1b[01m\x1b[K/home/aliomacc/sti_usv/src/usv_sim/workspace_gz/plugins/ScoringPlugin.cc:192:20:\x1b[m\x1b[K \x1b[01;31m\x1b[Kerror: \x1b[m\x1b[Kinvalid use of \xe2\x80\x98\x1b[01m\x1b[Kthis\x1b[m\x1b[K\xe2\x80\x99 in non-member function\n'}
[17.149465] (workspace_gz) StderrLine: {'line': b'  192 |   this->taskName = \x1b[01;31m\x1b[Kthis\x1b[m\x1b[K->sdf->Get<std::string>("task_name");\n'}
[17.149591] (workspace_gz) StderrLine: {'line': b'      |                    \x1b[01;31m\x1b[K^~~~\x1b[m\x1b[K\n'}
[17.149712] (workspace_gz) StderrLine: {'line': b'\x1b[01m\x1b[K/home/aliomacc/sti_usv/src/usv_sim/workspace_gz/plugins/ScoringPlugin.cc:192:46:\x1b[m\x1b[K \x1b[01;31m\x1b[Kerror: \x1b[m\x1b[Kexpected primary-expression before \xe2\x80\x98\x1b[01m\x1b[K>\x1b[m\x1b[K\xe2\x80\x99 token\n'}
[17.149834] (workspace_gz) StderrLine: {'line': b'  192 |   this->taskName = this->sdf->Get<std::string\x1b[01;31m\x1b[K>\x1b[m\x1b[K("task_name");\n'}
[17.149956] (workspace_gz) StderrLine: {'line': b'      |                                              \x1b[01;31m\x1b[K^\x1b[m\x1b[K\n'}
[17.150102] (workspace_gz) StderrLine: {'line': b'\x1b[01m\x1b[K/home/aliomacc/sti_usv/src/usv_sim/workspace_gz/plugins/ScoringPlugin.cc:195:7:\x1b[m\x1b[K \x1b[01;31m\x1b[Kerror: \x1b[m\x1b[Kinvalid use of \xe2\x80\x98\x1b[01m\x1b[Kthis\x1b[m\x1b[K\xe2\x80\x99 in non-member function\n'}
[17.150209] (workspace_gz) StderrLine: {'line': b'  195 |   if (\x1b[01;31m\x1b[Kthis\x1b[m\x1b[K->sdf->HasElement("task_info_topic"))\n'}
[17.150519] (workspace_gz) StderrLine: {'line': b'      |       \x1b[01;31m\x1b[K^~~~\x1b[m\x1b[K\n'}
[17.150651] (workspace_gz) StderrLine: {'line': b'\x1b[01m\x1b[K/home/aliomacc/sti_usv/src/usv_sim/workspace_gz/plugins/ScoringPlugin.cc:196:5:\x1b[m\x1b[K \x1b[01;31m\x1b[Kerror: \x1b[m\x1b[Kinvalid use of \xe2\x80\x98\x1b[01m\x1b[Kthis\x1b[m\x1b[K\xe2\x80\x99 in non-member function\n'}
[17.150771] (workspace_gz) StderrLine: {'line': b'  196 |     \x1b[01;31m\x1b[Kthis\x1b[m\x1b[K->taskInfoTopic = this->sdf->Get<std::string>("task_info_topic");\n'}
[17.150878] (workspace_gz) StderrLine: {'line': b'      |     \x1b[01;31m\x1b[K^~~~\x1b[m\x1b[K\n'}
[17.150982] (workspace_gz) StderrLine: {'line': b'\x1b[01m\x1b[K/home/aliomacc/sti_usv/src/usv_sim/workspace_gz/plugins/ScoringPlugin.cc:196:27:\x1b[m\x1b[K \x1b[01;31m\x1b[Kerror: \x1b[m\x1b[Kinvalid use of \xe2\x80\x98\x1b[01m\x1b[Kthis\x1b[m\x1b[K\xe2\x80\x99 in non-member function\n'}
[17.151109] (workspace_gz) StderrLine: {'line': b'  196 |     this->taskInfoTopic = \x1b[01;31m\x1b[Kthis\x1b[m\x1b[K->sdf->Get<std::string>("task_info_topic");\n'}
[17.151230] (workspace_gz) StderrLine: {'line': b'      |                           \x1b[01;31m\x1b[K^~~~\x1b[m\x1b[K\n'}
[17.151362] (workspace_gz) StderrLine: {'line': b'\x1b[01m\x1b[K/home/aliomacc/sti_usv/src/usv_sim/workspace_gz/plugins/ScoringPlugin.cc:196:53:\x1b[m\x1b[K \x1b[01;31m\x1b[Kerror: \x1b[m\x1b[Kexpected primary-expression before \xe2\x80\x98\x1b[01m\x1b[K>\x1b[m\x1b[K\xe2\x80\x99 token\n'}
[17.151488] (workspace_gz) StderrLine: {'line': b'  196 |     this->taskInfoTopic = this->sdf->Get<std::string\x1b[01;31m\x1b[K>\x1b[m\x1b[K("task_info_topic");\n'}
[17.151612] (workspace_gz) StderrLine: {'line': b'      |                                                     \x1b[01;31m\x1b[K^\x1b[m\x1b[K\n'}
[17.155468] (workspace_gz) StderrLine: {'line': b'\x1b[01m\x1b[K/home/aliomacc/sti_usv/src/usv_sim/workspace_gz/plugins/ScoringPlugin.cc:199:7:\x1b[m\x1b[K \x1b[01;31m\x1b[Kerror: \x1b[m\x1b[Kinvalid use of \xe2\x80\x98\x1b[01m\x1b[Kthis\x1b[m\x1b[K\xe2\x80\x99 in non-member function\n'}
[17.155627] (workspace_gz) StderrLine: {'line': b'  199 |   if (\x1b[01;31m\x1b[Kthis\x1b[m\x1b[K->sdf->HasElement("per_plugin_exit_on_completion"))\n'}
[17.155743] (workspace_gz) StderrLine: {'line': b'      |       \x1b[01;31m\x1b[K^~~~\x1b[m\x1b[K\n'}
[17.155851] (workspace_gz) StderrLine: {'line': b'\x1b[01m\x1b[K/home/aliomacc/sti_usv/src/usv_sim/workspace_gz/plugins/ScoringPlugin.cc:201:5:\x1b[m\x1b[K \x1b[01;31m\x1b[Kerror: \x1b[m\x1b[Kinvalid use of \xe2\x80\x98\x1b[01m\x1b[Kthis\x1b[m\x1b[K\xe2\x80\x99 in non-member function\n'}
[17.155958] (workspace_gz) StderrLine: {'line': b'  201 |     \x1b[01;31m\x1b[Kthis\x1b[m\x1b[K->perPluginExitOnCompletion = this->sdf->Get<bool>(\n'}
[17.156064] (workspace_gz) StderrLine: {'line': b'      |     \x1b[01;31m\x1b[K^~~~\x1b[m\x1b[K\n'}
[17.156171] (workspace_gz) StderrLine: {'line': b'\x1b[01m\x1b[K/home/aliomacc/sti_usv/src/usv_sim/workspace_gz/plugins/ScoringPlugin.cc:201:39:\x1b[m\x1b[K \x1b[01;31m\x1b[Kerror: \x1b[m\x1b[Kinvalid use of \xe2\x80\x98\x1b[01m\x1b[Kthis\x1b[m\x1b[K\xe2\x80\x99 in non-member function\n'}
[17.156274] (workspace_gz) StderrLine: {'line': b'  201 |     this->perPluginExitOnCompletion = \x1b[01;31m\x1b[Kthis\x1b[m\x1b[K->sdf->Get<bool>(\n'}
[17.156434] (workspace_gz) StderrLine: {'line': b'      |                                       \x1b[01;31m\x1b[K^~~~\x1b[m\x1b[K\n'}
[17.156539] (workspace_gz) StderrLine: {'line': b'\x1b[01m\x1b[K/home/aliomacc/sti_usv/src/usv_sim/workspace_gz/plugins/ScoringPlugin.cc:201:54:\x1b[m\x1b[K \x1b[01;31m\x1b[Kerror: \x1b[m\x1b[Kexpected primary-expression before \xe2\x80\x98\x1b[01m\x1b[Kbool\x1b[m\x1b[K\xe2\x80\x99\n'}
[17.156665] (workspace_gz) StderrLine: {'line': b'  201 |     this->perPluginExitOnCompletion = this->sdf->Get<\x1b[01;31m\x1b[Kbool\x1b[m\x1b[K>(\n'}
[17.156768] (workspace_gz) StderrLine: {'line': b'      |                                                      \x1b[01;31m\x1b[K^~~~\x1b[m\x1b[K\n'}
[17.156868] (workspace_gz) StderrLine: {'line': b'\x1b[01m\x1b[K/home/aliomacc/sti_usv/src/usv_sim/workspace_gz/plugins/ScoringPlugin.cc:206:7:\x1b[m\x1b[K \x1b[01;31m\x1b[Kerror: \x1b[m\x1b[Kinvalid use of \xe2\x80\x98\x1b[01m\x1b[Kthis\x1b[m\x1b[K\xe2\x80\x99 in non-member function\n'}
[17.156973] (workspace_gz) StderrLine: {'line': b'  206 |   if (\x1b[01;31m\x1b[Kthis\x1b[m\x1b[K->sdf->HasElement("exit_delay"))\n'}
[17.157099] (workspace_gz) StderrLine: {'line': b'      |       \x1b[01;31m\x1b[K^~~~\x1b[m\x1b[K\n'}
[17.157219] (workspace_gz) StderrLine: {'line': b'\x1b[01m\x1b[K/home/aliomacc/sti_usv/src/usv_sim/workspace_gz/plugins/ScoringPlugin.cc:207:5:\x1b[m\x1b[K \x1b[01;31m\x1b[Kerror: \x1b[m\x1b[Kinvalid use of \xe2\x80\x98\x1b[01m\x1b[Kthis\x1b[m\x1b[K\xe2\x80\x99 in non-member function\n'}
[17.157479] (workspace_gz) StderrLine: {'line': b'  207 |     \x1b[01;31m\x1b[Kthis\x1b[m\x1b[K->exitDelay = this->sdf->Get<double>("exit_delay");\n'}
[17.157584] (workspace_gz) StderrLine: {'line': b'      |     \x1b[01;31m\x1b[K^~~~\x1b[m\x1b[K\n'}
[17.157671] (workspace_gz) StderrLine: {'line': b'\x1b[01m\x1b[K/home/aliomacc/sti_usv/src/usv_sim/workspace_gz/plugins/ScoringPlugin.cc:207:23:\x1b[m\x1b[K \x1b[01;31m\x1b[Kerror: \x1b[m\x1b[Kinvalid use of \xe2\x80\x98\x1b[01m\x1b[Kthis\x1b[m\x1b[K\xe2\x80\x99 in non-member function\n'}
[17.157766] (workspace_gz) StderrLine: {'line': b'  207 |     this->exitDelay = \x1b[01;31m\x1b[Kthis\x1b[m\x1b[K->sdf->Get<double>("exit_delay");\n'}
[17.157861] (workspace_gz) StderrLine: {'line': b'      |                       \x1b[01;31m\x1b[K^~~~\x1b[m\x1b[K\n'}
[17.157946] (workspace_gz) StderrLine: {'line': b'\x1b[01m\x1b[K/home/aliomacc/sti_usv/src/usv_sim/workspace_gz/plugins/ScoringPlugin.cc:207:38:\x1b[m\x1b[K \x1b[01;31m\x1b[Kerror: \x1b[m\x1b[Kexpected primary-expression before \xe2\x80\x98\x1b[01m\x1b[Kdouble\x1b[m\x1b[K\xe2\x80\x99\n'}
[17.158033] (workspace_gz) StderrLine: {'line': b'  207 |     this->exitDelay = this->sdf->Get<\x1b[01;31m\x1b[Kdouble\x1b[m\x1b[K>("exit_delay");\n'}
[17.158190] (workspace_gz) StderrLine: {'line': b'      |                                      \x1b[01;31m\x1b[K^~~~~~\x1b[m\x1b[K\n'}
[17.158304] (workspace_gz) StderrLine: {'line': b'\x1b[01m\x1b[K/home/aliomacc/sti_usv/src/usv_sim/workspace_gz/plugins/ScoringPlugin.cc:210:7:\x1b[m\x1b[K \x1b[01;31m\x1b[Kerror: \x1b[m\x1b[Kinvalid use of \xe2\x80\x98\x1b[01m\x1b[Kthis\x1b[m\x1b[K\xe2\x80\x99 in non-member function\n'}
[17.158411] (workspace_gz) StderrLine: {'line': b'  210 |   if (\x1b[01;31m\x1b[Kthis\x1b[m\x1b[K->sdf->HasElement("initial_state_duration"))\n'}
[17.158501] (workspace_gz) StderrLine: {'line': b'      |       \x1b[01;31m\x1b[K^~~~\x1b[m\x1b[K\n'}
[17.158587] (workspace_gz) StderrLine: {'line': b'\x1b[01m\x1b[K/home/aliomacc/sti_usv/src/usv_sim/workspace_gz/plugins/ScoringPlugin.cc:212:20:\x1b[m\x1b[K \x1b[01;31m\x1b[Kerror: \x1b[m\x1b[Kinvalid use of \xe2\x80\x98\x1b[01m\x1b[Kthis\x1b[m\x1b[K\xe2\x80\x99 in non-member function\n'}
[17.158697] (workspace_gz) StderrLine: {'line': b'  212 |     double value = \x1b[01;31m\x1b[Kthis\x1b[m\x1b[K->sdf->Get<double>("initial_state_duration");\n'}
[17.162467] (workspace_gz) StderrLine: {'line': b'      |                    \x1b[01;31m\x1b[K^~~~\x1b[m\x1b[K\n'}
[17.162663] (workspace_gz) StderrLine: {'line': b'\x1b[01m\x1b[K/home/aliomacc/sti_usv/src/usv_sim/workspace_gz/plugins/ScoringPlugin.cc:212:35:\x1b[m\x1b[K \x1b[01;31m\x1b[Kerror: \x1b[m\x1b[Kexpected primary-expression before \xe2\x80\x98\x1b[01m\x1b[Kdouble\x1b[m\x1b[K\xe2\x80\x99\n'}
[17.162793] (workspace_gz) StderrLine: {'line': b'  212 |     double value = this->sdf->Get<\x1b[01;31m\x1b[Kdouble\x1b[m\x1b[K>("initial_state_duration");\n'}
[17.162908] (workspace_gz) StderrLine: {'line': b'      |                                   \x1b[01;31m\x1b[K^~~~~~\x1b[m\x1b[K\n'}
[17.163012] (workspace_gz) StderrLine: {'line': b'\x1b[01m\x1b[K/home/aliomacc/sti_usv/src/usv_sim/workspace_gz/plugins/ScoringPlugin.cc:219:5:\x1b[m\x1b[K \x1b[01;31m\x1b[Kerror: \x1b[m\x1b[Kinvalid use of \xe2\x80\x98\x1b[01m\x1b[Kthis\x1b[m\x1b[K\xe2\x80\x99 in non-member function\n'}
[17.163119] (workspace_gz) StderrLine: {'line': b'  219 |     \x1b[01;31m\x1b[Kthis\x1b[m\x1b[K->initialStateDuration = value;\n'}
[17.163223] (workspace_gz) StderrLine: {'line': b'      |     \x1b[01;31m\x1b[K^~~~\x1b[m\x1b[K\n'}
[17.163341] (workspace_gz) StderrLine: {'line': b'\x1b[01m\x1b[K/home/aliomacc/sti_usv/src/usv_sim/workspace_gz/plugins/ScoringPlugin.cc:223:7:\x1b[m\x1b[K \x1b[01;31m\x1b[Kerror: \x1b[m\x1b[Kinvalid use of \xe2\x80\x98\x1b[01m\x1b[Kthis\x1b[m\x1b[K\xe2\x80\x99 in non-member function\n'}
[17.163447] (workspace_gz) StderrLine: {'line': b'  223 |   if (\x1b[01;31m\x1b[Kthis\x1b[m\x1b[K->sdf->HasElement("ready_state_duration"))\n'}
[17.163549] (workspace_gz) StderrLine: {'line': b'      |       \x1b[01;31m\x1b[K^~~~\x1b[m\x1b[K\n'}
[17.163660] (workspace_gz) StderrLine: {'line': b'\x1b[01m\x1b[K/home/aliomacc/sti_usv/src/usv_sim/workspace_gz/plugins/ScoringPlugin.cc:225:20:\x1b[m\x1b[K \x1b[01;31m\x1b[Kerror: \x1b[m\x1b[Kinvalid use of \xe2\x80\x98\x1b[01m\x1b[Kthis\x1b[m\x1b[K\xe2\x80\x99 in non-member function\n'}
[17.163767] (workspace_gz) StderrLine: {'line': b'  225 |     double value = \x1b[01;31m\x1b[Kthis\x1b[m\x1b[K->sdf->Get<double>("ready_state_duration");\n'}
[17.163872] (workspace_gz) StderrLine: {'line': b'      |                    \x1b[01;31m\x1b[K^~~~\x1b[m\x1b[K\n'}
[17.163977] (workspace_gz) StderrLine: {'line': b'\x1b[01m\x1b[K/home/aliomacc/sti_usv/src/usv_sim/workspace_gz/plugins/ScoringPlugin.cc:225:35:\x1b[m\x1b[K \x1b[01;31m\x1b[Kerror: \x1b[m\x1b[Kexpected primary-expression before \xe2\x80\x98\x1b[01m\x1b[Kdouble\x1b[m\x1b[K\xe2\x80\x99\n'}
[17.164090] (workspace_gz) StderrLine: {'line': b'  225 |     double value = this->sdf->Get<\x1b[01;31m\x1b[Kdouble\x1b[m\x1b[K>("ready_state_duration");\n'}
[17.164188] (workspace_gz) StderrLine: {'line': b'      |                                   \x1b[01;31m\x1b[K^~~~~~\x1b[m\x1b[K\n'}
[17.164295] (workspace_gz) StderrLine: {'line': b'\x1b[01m\x1b[K/home/aliomacc/sti_usv/src/usv_sim/workspace_gz/plugins/ScoringPlugin.cc:233:5:\x1b[m\x1b[K \x1b[01;31m\x1b[Kerror: \x1b[m\x1b[Kinvalid use of \xe2\x80\x98\x1b[01m\x1b[Kthis\x1b[m\x1b[K\xe2\x80\x99 in non-member function\n'}
[17.164412] (workspace_gz) StderrLine: {'line': b'  233 |     \x1b[01;31m\x1b[Kthis\x1b[m\x1b[K->readyStateDuration = value;\n'}
[17.164521] (workspace_gz) StderrLine: {'line': b'      |     \x1b[01;31m\x1b[K^~~~\x1b[m\x1b[K\n'}
[17.164618] (workspace_gz) StderrLine: {'line': b'\x1b[01m\x1b[K/home/aliomacc/sti_usv/src/usv_sim/workspace_gz/plugins/ScoringPlugin.cc:237:7:\x1b[m\x1b[K \x1b[01;31m\x1b[Kerror: \x1b[m\x1b[Kinvalid use of \xe2\x80\x98\x1b[01m\x1b[Kthis\x1b[m\x1b[K\xe2\x80\x99 in non-member function\n'}
[17.164724] (workspace_gz) StderrLine: {'line': b'  237 |   if (\x1b[01;31m\x1b[Kthis\x1b[m\x1b[K->sdf->HasElement("running_state_duration"))\n'}
[17.164827] (workspace_gz) StderrLine: {'line': b'      |       \x1b[01;31m\x1b[K^~~~\x1b[m\x1b[K\n'}
[17.164927] (workspace_gz) StderrLine: {'line': b'\x1b[01m\x1b[K/home/aliomacc/sti_usv/src/usv_sim/workspace_gz/plugins/ScoringPlugin.cc:239:20:\x1b[m\x1b[K \x1b[01;31m\x1b[Kerror: \x1b[m\x1b[Kinvalid use of \xe2\x80\x98\x1b[01m\x1b[Kthis\x1b[m\x1b[K\xe2\x80\x99 in non-member function\n'}
[17.165030] (workspace_gz) StderrLine: {'line': b'  239 |     double value = \x1b[01;31m\x1b[Kthis\x1b[m\x1b[K->sdf->Get<double>("running_state_duration");\n'}
[17.165132] (workspace_gz) StderrLine: {'line': b'      |                    \x1b[01;31m\x1b[K^~~~\x1b[m\x1b[K\n'}
[17.165245] (workspace_gz) StderrLine: {'line': b'\x1b[01m\x1b[K/home/aliomacc/sti_usv/src/usv_sim/workspace_gz/plugins/ScoringPlugin.cc:239:35:\x1b[m\x1b[K \x1b[01;31m\x1b[Kerror: \x1b[m\x1b[Kexpected primary-expression before \xe2\x80\x98\x1b[01m\x1b[Kdouble\x1b[m\x1b[K\xe2\x80\x99\n'}
[17.165366] (workspace_gz) StderrLine: {'line': b'  239 |     double value = this->sdf->Get<\x1b[01;31m\x1b[Kdouble\x1b[m\x1b[K>("running_state_duration");\n'}
[17.165473] (workspace_gz) StderrLine: {'line': b'      |                                   \x1b[01;31m\x1b[K^~~~~~\x1b[m\x1b[K\n'}
[17.165576] (workspace_gz) StderrLine: {'line': b'\x1b[01m\x1b[K/home/aliomacc/sti_usv/src/usv_sim/workspace_gz/plugins/ScoringPlugin.cc:246:5:\x1b[m\x1b[K \x1b[01;31m\x1b[Kerror: \x1b[m\x1b[Kinvalid use of \xe2\x80\x98\x1b[01m\x1b[Kthis\x1b[m\x1b[K\xe2\x80\x99 in non-member function\n'}
[17.165681] (workspace_gz) StderrLine: {'line': b'  246 |     \x1b[01;31m\x1b[Kthis\x1b[m\x1b[K->runningStateDuration = value;\n'}
[17.165786] (workspace_gz) StderrLine: {'line': b'      |     \x1b[01;31m\x1b[K^~~~\x1b[m\x1b[K\n'}
[17.165886] (workspace_gz) StderrLine: {'line': b'\x1b[01m\x1b[K/home/aliomacc/sti_usv/src/usv_sim/workspace_gz/plugins/ScoringPlugin.cc:250:7:\x1b[m\x1b[K \x1b[01;31m\x1b[Kerror: \x1b[m\x1b[Kinvalid use of \xe2\x80\x98\x1b[01m\x1b[Kthis\x1b[m\x1b[K\xe2\x80\x99 in non-member function\n'}
[17.165993] (workspace_gz) StderrLine: {'line': b'  250 |   if (\x1b[01;31m\x1b[Kthis\x1b[m\x1b[K->sdf->HasElement("release_topic"))\n'}
[17.166095] (workspace_gz) StderrLine: {'line': b'      |       \x1b[01;31m\x1b[K^~~~\x1b[m\x1b[K\n'}
[17.166196] (workspace_gz) StderrLine: {'line': b'\x1b[01m\x1b[K/home/aliomacc/sti_usv/src/usv_sim/workspace_gz/plugins/ScoringPlugin.cc:252:5:\x1b[m\x1b[K \x1b[01;31m\x1b[Kerror: \x1b[m\x1b[Kinvalid use of \xe2\x80\x98\x1b[01m\x1b[Kthis\x1b[m\x1b[K\xe2\x80\x99 in non-member function\n'}
[17.170375] (workspace_gz) StderrLine: {'line': b'  252 |     \x1b[01;31m\x1b[Kthis\x1b[m\x1b[K->releaseTopic = this->sdf->Get<std::string>("release_topic");\n'}
[17.170636] (workspace_gz) StderrLine: {'line': b'      |     \x1b[01;31m\x1b[K^~~~\x1b[m\x1b[K\n'}
[17.170763] (workspace_gz) StderrLine: {'line': b'\x1b[01m\x1b[K/home/aliomacc/sti_usv/src/usv_sim/workspace_gz/plugins/ScoringPlugin.cc:252:26:\x1b[m\x1b[K \x1b[01;31m\x1b[Kerror: \x1b[m\x1b[Kinvalid use of \xe2\x80\x98\x1b[01m\x1b[Kthis\x1b[m\x1b[K\xe2\x80\x99 in non-member function\n'}
[17.170871] (workspace_gz) StderrLine: {'line': b'  252 |     this->releaseTopic = \x1b[01;31m\x1b[Kthis\x1b[m\x1b[K->sdf->Get<std::string>("release_topic");\n'}
[17.170987] (workspace_gz) StderrLine: {'line': b'      |                          \x1b[01;31m\x1b[K^~~~\x1b[m\x1b[K\n'}
[17.171090] (workspace_gz) StderrLine: {'line': b'\x1b[01m\x1b[K/home/aliomacc/sti_usv/src/usv_sim/workspace_gz/plugins/ScoringPlugin.cc:252:52:\x1b[m\x1b[K \x1b[01;31m\x1b[Kerror: \x1b[m\x1b[Kexpected primary-expression before \xe2\x80\x98\x1b[01m\x1b[K>\x1b[m\x1b[K\xe2\x80\x99 token\n'}
[17.171206] (workspace_gz) StderrLine: {'line': b'  252 |     this->releaseTopic = this->sdf->Get<std::string\x1b[01;31m\x1b[K>\x1b[m\x1b[K("release_topic");\n'}
[17.171321] (workspace_gz) StderrLine: {'line': b'      |                                                    \x1b[01;31m\x1b[K^\x1b[m\x1b[K\n'}
[17.171430] (workspace_gz) StderrLine: {'line': b'\x1b[01m\x1b[K/home/aliomacc/sti_usv/src/usv_sim/workspace_gz/plugins/ScoringPlugin.cc:256:7:\x1b[m\x1b[K \x1b[01;31m\x1b[Kerror: \x1b[m\x1b[Kinvalid use of \xe2\x80\x98\x1b[01m\x1b[Kthis\x1b[m\x1b[K\xe2\x80\x99 in non-member function\n'}
[17.171536] (workspace_gz) StderrLine: {'line': b'  256 |   if (\x1b[01;31m\x1b[Kthis\x1b[m\x1b[K->sdf->HasElement("silent"))\n'}
[17.171638] (workspace_gz) StderrLine: {'line': b'      |       \x1b[01;31m\x1b[K^~~~\x1b[m\x1b[K\n'}
[17.171736] (workspace_gz) StderrLine: {'line': b'\x1b[01m\x1b[K/home/aliomacc/sti_usv/src/usv_sim/workspace_gz/plugins/ScoringPlugin.cc:258:5:\x1b[m\x1b[K \x1b[01;31m\x1b[Kerror: \x1b[m\x1b[Kinvalid use of \xe2\x80\x98\x1b[01m\x1b[Kthis\x1b[m\x1b[K\xe2\x80\x99 in non-member function\n'}
[17.171845] (workspace_gz) StderrLine: {'line': b'  258 |     \x1b[01;31m\x1b[Kthis\x1b[m\x1b[K->silent = this->sdf->Get<bool>("silent");\n'}
[17.171945] (workspace_gz) StderrLine: {'line': b'      |     \x1b[01;31m\x1b[K^~~~\x1b[m\x1b[K\n'}
[17.172098] (workspace_gz) StderrLine: {'line': b'\x1b[01m\x1b[K/home/aliomacc/sti_usv/src/usv_sim/workspace_gz/plugins/ScoringPlugin.cc:258:20:\x1b[m\x1b[K \x1b[01;31m\x1b[Kerror: \x1b[m\x1b[Kinvalid use of \xe2\x80\x98\x1b[01m\x1b[Kthis\x1b[m\x1b[K\xe2\x80\x99 in non-member function\n'}
[17.172366] (workspace_gz) StderrLine: {'line': b'  258 |     this->silent = \x1b[01;31m\x1b[Kthis\x1b[m\x1b[K->sdf->Get<bool>("silent");\n'}
[17.172484] (workspace_gz) StderrLine: {'line': b'      |                    \x1b[01;31m\x1b[K^~~~\x1b[m\x1b[K\n'}
[17.172609] (workspace_gz) StderrLine: {'line': b'\x1b[01m\x1b[K/home/aliomacc/sti_usv/src/usv_sim/workspace_gz/plugins/ScoringPlugin.cc:258:35:\x1b[m\x1b[K \x1b[01;31m\x1b[Kerror: \x1b[m\x1b[Kexpected primary-expression before \xe2\x80\x98\x1b[01m\x1b[Kbool\x1b[m\x1b[K\xe2\x80\x99\n'}
[17.172736] (workspace_gz) StderrLine: {'line': b'  258 |     this->silent = this->sdf->Get<\x1b[01;31m\x1b[Kbool\x1b[m\x1b[K>("silent");\n'}
[17.172853] (workspace_gz) StderrLine: {'line': b'      |                                   \x1b[01;31m\x1b[K^~~~\x1b[m\x1b[K\n'}
[17.172973] (workspace_gz) StderrLine: {'line': b'\x1b[01m\x1b[K/home/aliomacc/sti_usv/src/usv_sim/workspace_gz/plugins/ScoringPlugin.cc:\x1b[m\x1b[K At global scope:\n'}
[17.173093] (workspace_gz) StderrLine: {'line': b'\x1b[01m\x1b[K/home/aliomacc/sti_usv/src/usv_sim/workspace_gz/plugins/ScoringPlugin.cc:265:21:\x1b[m\x1b[K \x1b[01;31m\x1b[Kerror: \x1b[m\x1b[K\xe2\x80\x98\x1b[01m\x1b[Kvrx::ScoringPlugin::Implementation\x1b[m\x1b[K\xe2\x80\x99 has not been declared\n'}
[17.173214] (workspace_gz) StderrLine: {'line': b'  265 | void ScoringPlugin::\x1b[01;31m\x1b[KImplementation\x1b[m\x1b[K::UpdateTime(\n'}
[17.173456] (workspace_gz) StderrLine: {'line': b'      |                     \x1b[01;31m\x1b[K^~~~~~~~~~~~~~\x1b[m\x1b[K\n'}
[17.177465] (workspace_gz) StderrLine: {'line': b'\x1b[01m\x1b[K/home/aliomacc/sti_usv/src/usv_sim/workspace_gz/plugins/ScoringPlugin.cc:\x1b[m\x1b[K In function \xe2\x80\x98\x1b[01m\x1b[Kvoid UpdateTime(std::chrono::duration<double>)\x1b[m\x1b[K\xe2\x80\x99:\n'}
[17.177619] (workspace_gz) StderrLine: {'line': b'\x1b[01m\x1b[K/home/aliomacc/sti_usv/src/usv_sim/workspace_gz/plugins/ScoringPlugin.cc:268:3:\x1b[m\x1b[K \x1b[01;31m\x1b[Kerror: \x1b[m\x1b[Kinvalid use of \xe2\x80\x98\x1b[01m\x1b[Kthis\x1b[m\x1b[K\xe2\x80\x99 in non-member function\n'}
[17.177737] (workspace_gz) StderrLine: {'line': b'  268 |   \x1b[01;31m\x1b[Kthis\x1b[m\x1b[K->currentTime = _simTime;\n'}
[17.177842] (workspace_gz) StderrLine: {'line': b'      |   \x1b[01;31m\x1b[K^~~~\x1b[m\x1b[K\n'}
[17.177944] (workspace_gz) StderrLine: {'line': b'\x1b[01m\x1b[K/home/aliomacc/sti_usv/src/usv_sim/workspace_gz/plugins/ScoringPlugin.cc:270:7:\x1b[m\x1b[K \x1b[01;31m\x1b[Kerror: \x1b[m\x1b[Kinvalid use of \xe2\x80\x98\x1b[01m\x1b[Kthis\x1b[m\x1b[K\xe2\x80\x99 in non-member function\n'}
[17.178065] (workspace_gz) StderrLine: {'line': b'  270 |   if (\x1b[01;31m\x1b[Kthis\x1b[m\x1b[K->taskState == "running")\n'}
[17.178185] (workspace_gz) StderrLine: {'line': b'      |       \x1b[01;31m\x1b[K^~~~\x1b[m\x1b[K\n'}
[17.178349] (workspace_gz) StderrLine: {'line': b'\x1b[01m\x1b[K/home/aliomacc/sti_usv/src/usv_sim/workspace_gz/plugins/ScoringPlugin.cc:272:5:\x1b[m\x1b[K \x1b[01;31m\x1b[Kerror: \x1b[m\x1b[Kinvalid use of \xe2\x80\x98\x1b[01m\x1b[Kthis\x1b[m\x1b[K\xe2\x80\x99 in non-member function\n'}
[17.178565] (workspace_gz) StderrLine: {'line': b'  272 |     \x1b[01;31m\x1b[Kthis\x1b[m\x1b[K->elapsedTime = this->currentTime - this->runningTime;\n'}
[17.178692] (workspace_gz) StderrLine: {'line': b'      |     \x1b[01;31m\x1b[K^~~~\x1b[m\x1b[K\n'}
[17.178816] (workspace_gz) StderrLine: {'line': b'\x1b[01m\x1b[K/home/aliomacc/sti_usv/src/usv_sim/workspace_gz/plugins/ScoringPlugin.cc:272:25:\x1b[m\x1b[K \x1b[01;31m\x1b[Kerror: \x1b[m\x1b[Kinvalid use of \xe2\x80\x98\x1b[01m\x1b[Kthis\x1b[m\x1b[K\xe2\x80\x99 in non-member function\n'}
[17.179005] (workspace_gz) StderrLine: {'line': b'  272 |     this->elapsedTime = \x1b[01;31m\x1b[Kthis\x1b[m\x1b[K->currentTime - this->runningTime;\n'}
[17.179129] (workspace_gz) StderrLine: {'line': b'      |                         \x1b[01;31m\x1b[K^~~~\x1b[m\x1b[K\n'}
[17.179254] (workspace_gz) StderrLine: {'line': b'\x1b[01m\x1b[K/home/aliomacc/sti_usv/src/usv_sim/workspace_gz/plugins/ScoringPlugin.cc:272:45:\x1b[m\x1b[K \x1b[01;31m\x1b[Kerror: \x1b[m\x1b[Kinvalid use of \xe2\x80\x98\x1b[01m\x1b[Kthis\x1b[m\x1b[K\xe2\x80\x99 in non-member function\n'}
[17.179446] (workspace_gz) StderrLine: {'line': b'  272 |     this->elapsedTime = this->currentTime - \x1b[01;31m\x1b[Kthis\x1b[m\x1b[K->runningTime;\n'}
[17.179673] (workspace_gz) StderrLine: {'line': b'      |                                             \x1b[01;31m\x1b[K^~~~\x1b[m\x1b[K\n'}
[17.179791] (workspace_gz) StderrLine: {'line': b'\x1b[01m\x1b[K/home/aliomacc/sti_usv/src/usv_sim/workspace_gz/plugins/ScoringPlugin.cc:273:5:\x1b[m\x1b[K \x1b[01;31m\x1b[Kerror: \x1b[m\x1b[Kinvalid use of \xe2\x80\x98\x1b[01m\x1b[Kthis\x1b[m\x1b[K\xe2\x80\x99 in non-member function\n'}
[17.179901] (workspace_gz) StderrLine: {'line': b'  273 |     \x1b[01;31m\x1b[Kthis\x1b[m\x1b[K->remainingTime = this->finishTime - this->currentTime;\n'}
[17.180021] (workspace_gz) StderrLine: {'line': b'      |     \x1b[01;31m\x1b[K^~~~\x1b[m\x1b[K\n'}
[17.180135] (workspace_gz) StderrLine: {'line': b'\x1b[01m\x1b[K/home/aliomacc/sti_usv/src/usv_sim/workspace_gz/plugins/ScoringPlugin.cc:273:27:\x1b[m\x1b[K \x1b[01;31m\x1b[Kerror: \x1b[m\x1b[Kinvalid use of \xe2\x80\x98\x1b[01m\x1b[Kthis\x1b[m\x1b[K\xe2\x80\x99 in non-member function\n'}
[17.180246] (workspace_gz) StderrLine: {'line': b'  273 |     this->remainingTime = \x1b[01;31m\x1b[Kthis\x1b[m\x1b[K->finishTime - this->currentTime;\n'}
[17.180467] (workspace_gz) StderrLine: {'line': b'      |                           \x1b[01;31m\x1b[K^~~~\x1b[m\x1b[K\n'}
[17.180646] (workspace_gz) StderrLine: {'line': b'\x1b[01m\x1b[K/home/aliomacc/sti_usv/src/usv_sim/workspace_gz/plugins/ScoringPlugin.cc:273:46:\x1b[m\x1b[K \x1b[01;31m\x1b[Kerror: \x1b[m\x1b[Kinvalid use of \xe2\x80\x98\x1b[01m\x1b[Kthis\x1b[m\x1b[K\xe2\x80\x99 in non-member function\n'}
[17.180772] (workspace_gz) StderrLine: {'line': b'  273 |     this->remainingTime = this->finishTime - \x1b[01;31m\x1b[Kthis\x1b[m\x1b[K->currentTime;\n'}
[17.180890] (workspace_gz) StderrLine: {'line': b'      |                                              \x1b[01;31m\x1b[K^~~~\x1b[m\x1b[K\n'}
[17.181028] (workspace_gz) StderrLine: {'line': b'\x1b[01m\x1b[K/home/aliomacc/sti_usv/src/usv_sim/workspace_gz/plugins/ScoringPlugin.cc:274:5:\x1b[m\x1b[K \x1b[01;31m\x1b[Kerror: \x1b[m\x1b[Kinvalid use of \xe2\x80\x98\x1b[01m\x1b[Kthis\x1b[m\x1b[K\xe2\x80\x99 in non-member function\n'}
[17.181151] (workspace_gz) StderrLine: {'line': b'  274 |     \x1b[01;31m\x1b[Kthis\x1b[m\x1b[K->timedOut = this->remainingTime <= std::chrono::duration<double>(0.0);\n'}
[17.181274] (workspace_gz) StderrLine: {'line': b'      |     \x1b[01;31m\x1b[K^~~~\x1b[m\x1b[K\n'}
[17.181398] (workspace_gz) StderrLine: {'line': b'\x1b[01m\x1b[K/home/aliomacc/sti_usv/src/usv_sim/workspace_gz/plugins/ScoringPlugin.cc:274:22:\x1b[m\x1b[K \x1b[01;31m\x1b[Kerror: \x1b[m\x1b[Kinvalid use of \xe2\x80\x98\x1b[01m\x1b[Kthis\x1b[m\x1b[K\xe2\x80\x99 in non-member function\n'}
[17.181511] (workspace_gz) StderrLine: {'line': b'  274 |     this->timedOut = \x1b[01;31m\x1b[Kthis\x1b[m\x1b[K->remainingTime <= std::chrono::duration<double>(0.0);\n'}
[17.181612] (workspace_gz) StderrLine: {'line': b'      |                      \x1b[01;31m\x1b[K^~~~\x1b[m\x1b[K\n'}
[17.181712] (workspace_gz) StderrLine: {'line': b'\x1b[01m\x1b[K/home/aliomacc/sti_usv/src/usv_sim/workspace_gz/plugins/ScoringPlugin.cc:\x1b[m\x1b[K In member function \xe2\x80\x98\x1b[01m\x1b[Kvoid vrx::ScoringPlugin::UpdateTaskState()\x1b[m\x1b[K\xe2\x80\x99:\n'}
[17.181823] (workspace_gz) StderrLine: {'line': b'\x1b[01m\x1b[K/home/aliomacc/sti_usv/src/usv_sim/workspace_gz/plugins/ScoringPlugin.cc:281:13:\x1b[m\x1b[K \x1b[01;31m\x1b[Kerror: \x1b[m\x1b[K\xe2\x80\x98\x1b[01m\x1b[Kclass vrx::ScoringPlugin\x1b[m\x1b[K\xe2\x80\x99 has no member named \xe2\x80\x98\x1b[01m\x1b[KdataPtr\x1b[m\x1b[K\xe2\x80\x99\n'}
[17.181944] (workspace_gz) StderrLine: {'line': b'  281 |   if (this->\x1b[01;31m\x1b[KdataPtr\x1b[m\x1b[K->taskState == "initial" &&\n'}
[17.182064] (workspace_gz) StderrLine: {'line': b'      |             \x1b[01;31m\x1b[K^~~~~~~\x1b[m\x1b[K\n'}
[17.182180] (workspace_gz) StderrLine: {'line': b'\x1b[01m\x1b[K/home/aliomacc/sti_usv/src/usv_sim/workspace_gz/plugins/ScoringPlugin.cc:282:13:\x1b[m\x1b[K \x1b[01;31m\x1b[Kerror: \x1b[m\x1b[K\xe2\x80\x98\x1b[01m\x1b[Kclass vrx::ScoringPlugin\x1b[m\x1b[K\xe2\x80\x99 has no member named \xe2\x80\x98\x1b[01m\x1b[KdataPtr\x1b[m\x1b[K\xe2\x80\x99\n'}
[17.182305] (workspace_gz) StderrLine: {'line': b'  282 |       this->\x1b[01;31m\x1b[KdataPtr\x1b[m\x1b[K->currentTime >= this->dataPtr->readyTime)\n'}
[17.185536] (workspace_gz) StderrLine: {'line': b'      |             \x1b[01;31m\x1b[K^~~~~~~\x1b[m\x1b[K\n'}
[17.185669] (workspace_gz) StderrLine: {'line': b'\x1b[01m\x1b[K/home/aliomacc/sti_usv/src/usv_sim/workspace_gz/plugins/ScoringPlugin.cc:282:43:\x1b[m\x1b[K \x1b[01;31m\x1b[Kerror: \x1b[m\x1b[K\xe2\x80\x98\x1b[01m\x1b[Kclass vrx::ScoringPlugin\x1b[m\x1b[K\xe2\x80\x99 has no member named \xe2\x80\x98\x1b[01m\x1b[KdataPtr\x1b[m\x1b[K\xe2\x80\x99\n'}
[17.185781] (workspace_gz) StderrLine: {'line': b'  282 |       this->dataPtr->currentTime >= this->\x1b[01;31m\x1b[KdataPtr\x1b[m\x1b[K->readyTime)\n'}
[17.185889] (workspace_gz) StderrLine: {'line': b'      |                                           \x1b[01;31m\x1b[K^~~~~~~\x1b[m\x1b[K\n'}
[17.185992] (workspace_gz) StderrLine: {'line': b'\x1b[01m\x1b[K/home/aliomacc/sti_usv/src/usv_sim/workspace_gz/plugins/ScoringPlugin.cc:284:11:\x1b[m\x1b[K \x1b[01;31m\x1b[Kerror: \x1b[m\x1b[K\xe2\x80\x98\x1b[01m\x1b[Kclass vrx::ScoringPlugin\x1b[m\x1b[K\xe2\x80\x99 has no member named \xe2\x80\x98\x1b[01m\x1b[KdataPtr\x1b[m\x1b[K\xe2\x80\x99\n'}
[17.186098] (workspace_gz) StderrLine: {'line': b'  284 |     this->\x1b[01;31m\x1b[KdataPtr\x1b[m\x1b[K->taskState = "ready";\n'}
[17.186202] (workspace_gz) StderrLine: {'line': b'      |           \x1b[01;31m\x1b[K^~~~~~~\x1b[m\x1b[K\n'}
[17.186304] (workspace_gz) StderrLine: {'line': b'\x1b[01m\x1b[K/home/aliomacc/sti_usv/src/usv_sim/workspace_gz/plugins/ScoringPlugin.cc:290:13:\x1b[m\x1b[K \x1b[01;31m\x1b[Kerror: \x1b[m\x1b[K\xe2\x80\x98\x1b[01m\x1b[Kclass vrx::ScoringPlugin\x1b[m\x1b[K\xe2\x80\x99 has no member named \xe2\x80\x98\x1b[01m\x1b[KdataPtr\x1b[m\x1b[K\xe2\x80\x99\n'}
[17.186400] (workspace_gz) StderrLine: {'line': b'  290 |   if (this->\x1b[01;31m\x1b[KdataPtr\x1b[m\x1b[K->taskState == "ready" &&\n'}
[17.186499] (workspace_gz) StderrLine: {'line': b'      |             \x1b[01;31m\x1b[K^~~~~~~\x1b[m\x1b[K\n'}
[17.186594] (workspace_gz) StderrLine: {'line': b'\x1b[01m\x1b[K/home/aliomacc/sti_usv/src/usv_sim/workspace_gz/plugins/ScoringPlugin.cc:291:13:\x1b[m\x1b[K \x1b[01;31m\x1b[Kerror: \x1b[m\x1b[K\xe2\x80\x98\x1b[01m\x1b[Kclass vrx::ScoringPlugin\x1b[m\x1b[K\xe2\x80\x99 has no member named \xe2\x80\x98\x1b[01m\x1b[KdataPtr\x1b[m\x1b[K\xe2\x80\x99\n'}
[17.186694] (workspace_gz) StderrLine: {'line': b'  291 |       this->\x1b[01;31m\x1b[KdataPtr\x1b[m\x1b[K->currentTime >= this->dataPtr->runningTime)\n'}
[17.186804] (workspace_gz) StderrLine: {'line': b'      |             \x1b[01;31m\x1b[K^~~~~~~\x1b[m\x1b[K\n'}
[17.186904] (workspace_gz) StderrLine: {'line': b'\x1b[01m\x1b[K/home/aliomacc/sti_usv/src/usv_sim/workspace_gz/plugins/ScoringPlugin.cc:291:43:\x1b[m\x1b[K \x1b[01;31m\x1b[Kerror: \x1b[m\x1b[K\xe2\x80\x98\x1b[01m\x1b[Kclass vrx::ScoringPlugin\x1b[m\x1b[K\xe2\x80\x99 has no member named \xe2\x80\x98\x1b[01m\x1b[KdataPtr\x1b[m\x1b[K\xe2\x80\x99\n'}
[17.187005] (workspace_gz) StderrLine: {'line': b'  291 |       this->dataPtr->currentTime >= this->\x1b[01;31m\x1b[KdataPtr\x1b[m\x1b[K->runningTime)\n'}
[17.187106] (workspace_gz) StderrLine: {'line': b'      |                                           \x1b[01;31m\x1b[K^~~~~~~\x1b[m\x1b[K\n'}
[17.187204] (workspace_gz) StderrLine: {'line': b'\x1b[01m\x1b[K/home/aliomacc/sti_usv/src/usv_sim/workspace_gz/plugins/ScoringPlugin.cc:293:11:\x1b[m\x1b[K \x1b[01;31m\x1b[Kerror: \x1b[m\x1b[K\xe2\x80\x98\x1b[01m\x1b[Kclass vrx::ScoringPlugin\x1b[m\x1b[K\xe2\x80\x99 has no member named \xe2\x80\x98\x1b[01m\x1b[KdataPtr\x1b[m\x1b[K\xe2\x80\x99\n'}
[17.187324] (workspace_gz) StderrLine: {'line': b'  293 |     this->\x1b[01;31m\x1b[KdataPtr\x1b[m\x1b[K->taskState = "running";\n'}
[17.187423] (workspace_gz) StderrLine: {'line': b'      |           \x1b[01;31m\x1b[K^~~~~~~\x1b[m\x1b[K\n'}
[17.187533] (workspace_gz) StderrLine: {'line': b'\x1b[01m\x1b[K/home/aliomacc/sti_usv/src/usv_sim/workspace_gz/plugins/ScoringPlugin.cc:298:13:\x1b[m\x1b[K \x1b[01;31m\x1b[Kerror: \x1b[m\x1b[K\xe2\x80\x98\x1b[01m\x1b[Kclass vrx::ScoringPlugin\x1b[m\x1b[K\xe2\x80\x99 has no member named \xe2\x80\x98\x1b[01m\x1b[KdataPtr\x1b[m\x1b[K\xe2\x80\x99\n'}
[17.187631] (workspace_gz) StderrLine: {'line': b'  298 |   if (this->\x1b[01;31m\x1b[KdataPtr\x1b[m\x1b[K->taskState == "running" && this->dataPtr->timedOut)\n'}
[17.187735] (workspace_gz) StderrLine: {'line': b'      |             \x1b[01;31m\x1b[K^~~~~~~\x1b[m\x1b[K\n'}
[17.187839] (workspace_gz) StderrLine: {'line': b'\x1b[01m\x1b[K/home/aliomacc/sti_usv/src/usv_sim/workspace_gz/plugins/ScoringPlugin.cc:298:54:\x1b[m\x1b[K \x1b[01;31m\x1b[Kerror: \x1b[m\x1b[K\xe2\x80\x98\x1b[01m\x1b[Kclass vrx::ScoringPlugin\x1b[m\x1b[K\xe2\x80\x99 has no member named \xe2\x80\x98\x1b[01m\x1b[KdataPtr\x1b[m\x1b[K\xe2\x80\x99\n'}
[17.187943] (workspace_gz) StderrLine: {'line': b'  298 |   if (this->dataPtr->taskState == "running" && this->\x1b[01;31m\x1b[KdataPtr\x1b[m\x1b[K->timedOut)\n'}
[17.188042] (workspace_gz) StderrLine: {'line': b'      |                                                      \x1b[01;31m\x1b[K^~~~~~~\x1b[m\x1b[K\n'}
[17.188141] (workspace_gz) StderrLine: {'line': b'\x1b[01m\x1b[K/home/aliomacc/sti_usv/src/usv_sim/workspace_gz/plugins/ScoringPlugin.cc:300:11:\x1b[m\x1b[K \x1b[01;31m\x1b[Kerror: \x1b[m\x1b[K\xe2\x80\x98\x1b[01m\x1b[Kclass vrx::ScoringPlugin\x1b[m\x1b[K\xe2\x80\x99 has no member named \xe2\x80\x98\x1b[01m\x1b[KdataPtr\x1b[m\x1b[K\xe2\x80\x99\n'}
[17.188253] (workspace_gz) StderrLine: {'line': b'  300 |     this->\x1b[01;31m\x1b[KdataPtr\x1b[m\x1b[K->taskState = "finished";\n'}
[17.188370] (workspace_gz) StderrLine: {'line': b'      |           \x1b[01;31m\x1b[K^~~~~~~\x1b[m\x1b[K\n'}
[17.188473] (workspace_gz) StderrLine: {'line': b'\x1b[01m\x1b[K/home/aliomacc/sti_usv/src/usv_sim/workspace_gz/plugins/ScoringPlugin.cc:305:13:\x1b[m\x1b[K \x1b[01;31m\x1b[Kerror: \x1b[m\x1b[K\xe2\x80\x98\x1b[01m\x1b[Kclass vrx::ScoringPlugin\x1b[m\x1b[K\xe2\x80\x99 has no member named \xe2\x80\x98\x1b[01m\x1b[KdataPtr\x1b[m\x1b[K\xe2\x80\x99\n'}
[17.188571] (workspace_gz) StderrLine: {'line': b'  305 |   if (this->\x1b[01;31m\x1b[KdataPtr\x1b[m\x1b[K->taskState == "finished" &&\n'}
[17.188672] (workspace_gz) StderrLine: {'line': b'      |             \x1b[01;31m\x1b[K^~~~~~~\x1b[m\x1b[K\n'}
[17.188777] (workspace_gz) StderrLine: {'line': b'\x1b[01m\x1b[K/home/aliomacc/sti_usv/src/usv_sim/workspace_gz/plugins/ScoringPlugin.cc:306:13:\x1b[m\x1b[K \x1b[01;31m\x1b[Kerror: \x1b[m\x1b[K\xe2\x80\x98\x1b[01m\x1b[Kclass vrx::ScoringPlugin\x1b[m\x1b[K\xe2\x80\x99 has no member named \xe2\x80\x98\x1b[01m\x1b[KdataPtr\x1b[m\x1b[K\xe2\x80\x99\n'}
[17.188882] (workspace_gz) StderrLine: {'line': b'  306 |       this->\x1b[01;31m\x1b[KdataPtr\x1b[m\x1b[K->currentTime >= this->dataPtr->exitTime)\n'}
[17.188984] (workspace_gz) StderrLine: {'line': b'      |             \x1b[01;31m\x1b[K^~~~~~~\x1b[m\x1b[K\n'}
[17.189084] (workspace_gz) StderrLine: {'line': b'\x1b[01m\x1b[K/home/aliomacc/sti_usv/src/usv_sim/workspace_gz/plugins/ScoringPlugin.cc:306:43:\x1b[m\x1b[K \x1b[01;31m\x1b[Kerror: \x1b[m\x1b[K\xe2\x80\x98\x1b[01m\x1b[Kclass vrx::ScoringPlugin\x1b[m\x1b[K\xe2\x80\x99 has no member named \xe2\x80\x98\x1b[01m\x1b[KdataPtr\x1b[m\x1b[K\xe2\x80\x99\n'}
[17.189199] (workspace_gz) StderrLine: {'line': b'  306 |       this->dataPtr->currentTime >= this->\x1b[01;31m\x1b[KdataPtr\x1b[m\x1b[K->exitTime)\n'}
[17.193381] (workspace_gz) StderrLine: {'line': b'      |                                           \x1b[01;31m\x1b[K^~~~~~~\x1b[m\x1b[K\n'}
[17.193626] (workspace_gz) StderrLine: {'line': b'\x1b[01m\x1b[K/home/aliomacc/sti_usv/src/usv_sim/workspace_gz/plugins/ScoringPlugin.cc:308:11:\x1b[m\x1b[K \x1b[01;31m\x1b[Kerror: \x1b[m\x1b[K\xe2\x80\x98\x1b[01m\x1b[Kclass vrx::ScoringPlugin\x1b[m\x1b[K\xe2\x80\x99 has no member named \xe2\x80\x98\x1b[01m\x1b[KdataPtr\x1b[m\x1b[K\xe2\x80\x99\n'}
[17.193752] (workspace_gz) StderrLine: {'line': b'  308 |     this->\x1b[01;31m\x1b[KdataPtr\x1b[m\x1b[K->Exit();\n'}
[17.193858] (workspace_gz) StderrLine: {'line': b'      |           \x1b[01;31m\x1b[K^~~~~~~\x1b[m\x1b[K\n'}
[17.193959] (workspace_gz) StderrLine: {'line': b'\x1b[01m\x1b[K/home/aliomacc/sti_usv/src/usv_sim/workspace_gz/plugins/ScoringPlugin.cc:\x1b[m\x1b[K At global scope:\n'}
[17.194061] (workspace_gz) StderrLine: {'line': b'\x1b[01m\x1b[K/home/aliomacc/sti_usv/src/usv_sim/workspace_gz/plugins/ScoringPlugin.cc:314:21:\x1b[m\x1b[K \x1b[01;31m\x1b[Kerror: \x1b[m\x1b[K\xe2\x80\x98\x1b[01m\x1b[Kvrx::ScoringPlugin::Implementation\x1b[m\x1b[K\xe2\x80\x99 has not been declared\n'}
[17.194189] (workspace_gz) StderrLine: {'line': b'  314 | void ScoringPlugin::\x1b[01;31m\x1b[KImplementation\x1b[m\x1b[K::UpdateTaskMessage()\n'}
[17.194352] (workspace_gz) StderrLine: {'line': b'      |                     \x1b[01;31m\x1b[K^~~~~~~~~~~~~~\x1b[m\x1b[K\n'}
[17.194583] (workspace_gz) StderrLine: {'line': b'\x1b[01m\x1b[K/home/aliomacc/sti_usv/src/usv_sim/workspace_gz/plugins/ScoringPlugin.cc:\x1b[m\x1b[K In function \xe2\x80\x98\x1b[01m\x1b[Kvoid UpdateTaskMessage()\x1b[m\x1b[K\xe2\x80\x99:\n'}
[17.194724] (workspace_gz) StderrLine: {'line': b'\x1b[01m\x1b[K/home/aliomacc/sti_usv/src/usv_sim/workspace_gz/plugins/ScoringPlugin.cc:316:17:\x1b[m\x1b[K \x1b[01;31m\x1b[Kerror: \x1b[m\x1b[Kinvalid use of \xe2\x80\x98\x1b[01m\x1b[Kthis\x1b[m\x1b[K\xe2\x80\x99 in non-member function\n'}
[17.194847] (workspace_gz) StderrLine: {'line': b'  316 |   auto *param = \x1b[01;31m\x1b[Kthis\x1b[m\x1b[K->taskMsg.mutable_params();\n'}
[17.194973] (workspace_gz) StderrLine: {'line': b'      |                 \x1b[01;31m\x1b[K^~~~\x1b[m\x1b[K\n'}
[17.195094] (workspace_gz) StderrLine: {'line': b'\x1b[01m\x1b[K/home/aliomacc/sti_usv/src/usv_sim/workspace_gz/plugins/ScoringPlugin.cc:318:38:\x1b[m\x1b[K \x1b[01;31m\x1b[Kerror: \x1b[m\x1b[Kinvalid use of \xe2\x80\x98\x1b[01m\x1b[Kthis\x1b[m\x1b[K\xe2\x80\x99 in non-member function\n'}
[17.195215] (workspace_gz) StderrLine: {'line': b'  318 |   (*param)["state"].set_string_value(\x1b[01;31m\x1b[Kthis\x1b[m\x1b[K->taskState);\n'}
[17.195414] (workspace_gz) StderrLine: {'line': b'      |                                      \x1b[01;31m\x1b[K^~~~\x1b[m\x1b[K\n'}
[17.195528] (workspace_gz) StderrLine: {'line': b'\x1b[01m\x1b[K/home/aliomacc/sti_usv/src/usv_sim/workspace_gz/plugins/ScoringPlugin.cc:319:45:\x1b[m\x1b[K \x1b[01;31m\x1b[Kerror: \x1b[m\x1b[Kinvalid use of \xe2\x80\x98\x1b[01m\x1b[Kthis\x1b[m\x1b[K\xe2\x80\x99 in non-member function\n'}
[17.195634] (workspace_gz) StderrLine: {'line': b'  319 |   (*param)["elapsed_time"].set_double_value(\x1b[01;31m\x1b[Kthis\x1b[m\x1b[K->elapsedTime.count());\n'}
[17.195755] (workspace_gz) StderrLine: {'line': b'      |                                             \x1b[01;31m\x1b[K^~~~\x1b[m\x1b[K\n'}
[17.195878] (workspace_gz) StderrLine: {'line': b'\x1b[01m\x1b[K/home/aliomacc/sti_usv/src/usv_sim/workspace_gz/plugins/ScoringPlugin.cc:320:47:\x1b[m\x1b[K \x1b[01;31m\x1b[Kerror: \x1b[m\x1b[Kinvalid use of \xe2\x80\x98\x1b[01m\x1b[Kthis\x1b[m\x1b[K\xe2\x80\x99 in non-member function\n'}
[17.199444] (workspace_gz) StderrLine: {'line': b'  320 |   (*param)["remaining_time"].set_double_value(\x1b[01;31m\x1b[Kthis\x1b[m\x1b[K->remainingTime.count());\n'}
[17.199638] (workspace_gz) StderrLine: {'line': b'      |                                               \x1b[01;31m\x1b[K^~~~\x1b[m\x1b[K\n'}
[17.199747] (workspace_gz) StderrLine: {'line': b'\x1b[01m\x1b[K/home/aliomacc/sti_usv/src/usv_sim/workspace_gz/plugins/ScoringPlugin.cc:321:40:\x1b[m\x1b[K \x1b[01;31m\x1b[Kerror: \x1b[m\x1b[Kinvalid use of \xe2\x80\x98\x1b[01m\x1b[Kthis\x1b[m\x1b[K\xe2\x80\x99 in non-member function\n'}
[17.199847] (workspace_gz) StderrLine: {'line': b'  321 |   (*param)["timed_out"].set_bool_value(\x1b[01;31m\x1b[Kthis\x1b[m\x1b[K->timedOut);\n'}
[17.199965] (workspace_gz) StderrLine: {'line': b'      |                                        \x1b[01;31m\x1b[K^~~~\x1b[m\x1b[K\n'}
[17.200079] (workspace_gz) StderrLine: {'line': b'\x1b[01m\x1b[K/home/aliomacc/sti_usv/src/usv_sim/workspace_gz/plugins/ScoringPlugin.cc:322:44:\x1b[m\x1b[K \x1b[01;31m\x1b[Kerror: \x1b[m\x1b[Kinvalid use of \xe2\x80\x98\x1b[01m\x1b[Kthis\x1b[m\x1b[K\xe2\x80\x99 in non-member function\n'}
[17.200200] (workspace_gz) StderrLine: {'line': b'  322 |   (*param)["num_collisions"].set_int_value(\x1b[01;31m\x1b[Kthis\x1b[m\x1b[K->numCollisions);\n'}
[17.200422] (workspace_gz) StderrLine: {'line': b'      |                                            \x1b[01;31m\x1b[K^~~~\x1b[m\x1b[K\n'}
[17.200539] (workspace_gz) StderrLine: {'line': b'\x1b[01m\x1b[K/home/aliomacc/sti_usv/src/usv_sim/workspace_gz/plugins/ScoringPlugin.cc:323:38:\x1b[m\x1b[K \x1b[01;31m\x1b[Kerror: \x1b[m\x1b[Kinvalid use of \xe2\x80\x98\x1b[01m\x1b[Kthis\x1b[m\x1b[K\xe2\x80\x99 in non-member function\n'}
[17.200652] (workspace_gz) StderrLine: {'line': b'  323 |   (*param)["score"].set_double_value(\x1b[01;31m\x1b[Kthis\x1b[m\x1b[K->score);\n'}
[17.200761] (workspace_gz) StderrLine: {'line': b'      |                                      \x1b[01;31m\x1b[K^~~~\x1b[m\x1b[K\n'}
[17.200887] (workspace_gz) StderrLine: {'line': b'\x1b[01m\x1b[K/home/aliomacc/sti_usv/src/usv_sim/workspace_gz/plugins/ScoringPlugin.cc:\x1b[m\x1b[K At global scope:\n'}
[17.201011] (workspace_gz) StderrLine: {'line': b'\x1b[01m\x1b[K/home/aliomacc/sti_usv/src/usv_sim/workspace_gz/plugins/ScoringPlugin.cc:327:21:\x1b[m\x1b[K \x1b[01;31m\x1b[Kerror: \x1b[m\x1b[K\xe2\x80\x98\x1b[01m\x1b[Kvrx::ScoringPlugin::Implementation\x1b[m\x1b[K\xe2\x80\x99 has not been declared\n'}
[17.201139] (workspace_gz) StderrLine: {'line': b'  327 | void ScoringPlugin::\x1b[01;31m\x1b[KImplementation\x1b[m\x1b[K::PublishStats()\n'}
[17.201264] (workspace_gz) StderrLine: {'line': b'      |                     \x1b[01;31m\x1b[K^~~~~~~~~~~~~~\x1b[m\x1b[K\n'}
[17.201505] (workspace_gz) StderrLine: {'line': b'\x1b[01m\x1b[K/home/aliomacc/sti_usv/src/usv_sim/workspace_gz/plugins/ScoringPlugin.cc:\x1b[m\x1b[K In function \xe2\x80\x98\x1b[01m\x1b[Kvoid PublishStats()\x1b[m\x1b[K\xe2\x80\x99:\n'}
[17.201617] (workspace_gz) StderrLine: {'line': b'\x1b[01m\x1b[K/home/aliomacc/sti_usv/src/usv_sim/workspace_gz/plugins/ScoringPlugin.cc:329:3:\x1b[m\x1b[K \x1b[01;31m\x1b[Kerror: \x1b[m\x1b[Kinvalid use of \xe2\x80\x98\x1b[01m\x1b[Kthis\x1b[m\x1b[K\xe2\x80\x99 in non-member function\n'}
[17.201724] (workspace_gz) StderrLine: {'line': b'  329 |   \x1b[01;31m\x1b[Kthis\x1b[m\x1b[K->UpdateTaskMessage();\n'}
[17.201848] (workspace_gz) StderrLine: {'line': b'      |   \x1b[01;31m\x1b[K^~~~\x1b[m\x1b[K\n'}
[17.201965] (workspace_gz) StderrLine: {'line': b'\x1b[01m\x1b[K/home/aliomacc/sti_usv/src/usv_sim/workspace_gz/plugins/ScoringPlugin.cc:332:7:\x1b[m\x1b[K \x1b[01;31m\x1b[Kerror: \x1b[m\x1b[Kinvalid use of \xe2\x80\x98\x1b[01m\x1b[Kthis\x1b[m\x1b[K\xe2\x80\x99 in non-member function\n'}
[17.202092] (workspace_gz) StderrLine: {'line': b'  332 |   if (\x1b[01;31m\x1b[Kthis\x1b[m\x1b[K->currentTime - this->lastStatsSent >=\n'}
[17.202214] (workspace_gz) StderrLine: {'line': b'      |       \x1b[01;31m\x1b[K^~~~\x1b[m\x1b[K\n'}
[17.205442] (workspace_gz) StderrLine: {'line': b'\x1b[01m\x1b[K/home/aliomacc/sti_usv/src/usv_sim/workspace_gz/plugins/ScoringPlugin.cc:332:27:\x1b[m\x1b[K \x1b[01;31m\x1b[Kerror: \x1b[m\x1b[Kinvalid use of \xe2\x80\x98\x1b[01m\x1b[Kthis\x1b[m\x1b[K\xe2\x80\x99 in non-member function\n'}
[17.205623] (workspace_gz) StderrLine: {'line': b'  332 |   if (this->currentTime - \x1b[01;31m\x1b[Kthis\x1b[m\x1b[K->lastStatsSent >=\n'}
[17.205823] (workspace_gz) StderrLine: {'line': b'      |                           \x1b[01;31m\x1b[K^~~~\x1b[m\x1b[K\n'}
[17.205938] (workspace_gz) StderrLine: {'line': b'\x1b[01m\x1b[K/home/aliomacc/sti_usv/src/usv_sim/workspace_gz/plugins/ScoringPlugin.cc:335:5:\x1b[m\x1b[K \x1b[01;31m\x1b[Kerror: \x1b[m\x1b[Kinvalid use of \xe2\x80\x98\x1b[01m\x1b[Kthis\x1b[m\x1b[K\xe2\x80\x99 in non-member function\n'}
[17.206044] (workspace_gz) StderrLine: {'line': b'  335 |     \x1b[01;31m\x1b[Kthis\x1b[m\x1b[K->taskPub.Publish(this->taskMsg);\n'}
[17.206149] (workspace_gz) StderrLine: {'line': b'      |     \x1b[01;31m\x1b[K^~~~\x1b[m\x1b[K\n'}
[17.206254] (workspace_gz) StderrLine: {'line': b'\x1b[01m\x1b[K/home/aliomacc/sti_usv/src/usv_sim/workspace_gz/plugins/ScoringPlugin.cc:335:27:\x1b[m\x1b[K \x1b[01;31m\x1b[Kerror: \x1b[m\x1b[Kinvalid use of \xe2\x80\x98\x1b[01m\x1b[Kthis\x1b[m\x1b[K\xe2\x80\x99 in non-member function\n'}
[17.206451] (workspace_gz) StderrLine: {'line': b'  335 |     this->taskPub.Publish(\x1b[01;31m\x1b[Kthis\x1b[m\x1b[K->taskMsg);\n'}
[17.206673] (workspace_gz) StderrLine: {'line': b'      |                           \x1b[01;31m\x1b[K^~~~\x1b[m\x1b[K\n'}
[17.206799] (workspace_gz) StderrLine: {'line': b'\x1b[01m\x1b[K/home/aliomacc/sti_usv/src/usv_sim/workspace_gz/plugins/ScoringPlugin.cc:336:5:\x1b[m\x1b[K \x1b[01;31m\x1b[Kerror: \x1b[m\x1b[Kinvalid use of \xe2\x80\x98\x1b[01m\x1b[Kthis\x1b[m\x1b[K\xe2\x80\x99 in non-member function\n'}
[17.206923] (workspace_gz) StderrLine: {'line': b'  336 |     \x1b[01;31m\x1b[Kthis\x1b[m\x1b[K->lastStatsSent = this->currentTime;\n'}
[17.207049] (workspace_gz) StderrLine: {'line': b'      |     \x1b[01;31m\x1b[K^~~~\x1b[m\x1b[K\n'}
[17.207168] (workspace_gz) StderrLine: {'line': b'\x1b[01m\x1b[K/home/aliomacc/sti_usv/src/usv_sim/workspace_gz/plugins/ScoringPlugin.cc:336:27:\x1b[m\x1b[K \x1b[01;31m\x1b[Kerror: \x1b[m\x1b[Kinvalid use of \xe2\x80\x98\x1b[01m\x1b[Kthis\x1b[m\x1b[K\xe2\x80\x99 in non-member function\n'}
[17.207295] (workspace_gz) StderrLine: {'line': b'  336 |     this->lastStatsSent = \x1b[01;31m\x1b[Kthis\x1b[m\x1b[K->currentTime;\n'}
[17.207453] (workspace_gz) StderrLine: {'line': b'      |                           \x1b[01;31m\x1b[K^~~~\x1b[m\x1b[K\n'}
[17.207563] (workspace_gz) StderrLine: {'line': b'\x1b[01m\x1b[K/home/aliomacc/sti_usv/src/usv_sim/workspace_gz/plugins/ScoringPlugin.cc:\x1b[m\x1b[K At global scope:\n'}
[17.207666] (workspace_gz) StderrLine: {'line': b'\x1b[01m\x1b[K/home/aliomacc/sti_usv/src/usv_sim/workspace_gz/plugins/ScoringPlugin.cc:341:21:\x1b[m\x1b[K \x1b[01;31m\x1b[Kerror: \x1b[m\x1b[K\xe2\x80\x98\x1b[01m\x1b[Kvrx::ScoringPlugin::Implementation\x1b[m\x1b[K\xe2\x80\x99 has not been declared\n'}
[17.207784] (workspace_gz) StderrLine: {'line': b'  341 | void ScoringPlugin::\x1b[01;31m\x1b[KImplementation\x1b[m\x1b[K::Exit()\n'}
[17.207888] (workspace_gz) StderrLine: {'line': b'      |                     \x1b[01;31m\x1b[K^~~~~~~~~~~~~~\x1b[m\x1b[K\n'}
[17.207991] (workspace_gz) StderrLine: {'line': b'\x1b[01m\x1b[K/home/aliomacc/sti_usv/src/usv_sim/workspace_gz/plugins/ScoringPlugin.cc:\x1b[m\x1b[K In function \xe2\x80\x98\x1b[01m\x1b[Kvoid Exit()\x1b[m\x1b[K\xe2\x80\x99:\n'}
[17.208099] (workspace_gz) StderrLine: {'line': b'\x1b[01m\x1b[K/home/aliomacc/sti_usv/src/usv_sim/workspace_gz/plugins/ScoringPlugin.cc:343:15:\x1b[m\x1b[K \x1b[01;31m\x1b[Kerror: \x1b[m\x1b[Kinvalid use of \xe2\x80\x98\x1b[01m\x1b[Kthis\x1b[m\x1b[K\xe2\x80\x99 in non-member function\n'}
[17.208201] (workspace_gz) StderrLine: {'line': b'  343 |   bool exit = \x1b[01;31m\x1b[Kthis\x1b[m\x1b[K->perPluginExitOnCompletion;\n'}
[17.208309] (workspace_gz) StderrLine: {'line': b'      |               \x1b[01;31m\x1b[K^~~~\x1b[m\x1b[K\n'}
[17.208438] (workspace_gz) StderrLine: {'line': b'\x1b[01m\x1b[K/home/aliomacc/sti_usv/src/usv_sim/workspace_gz/plugins/ScoringPlugin.cc:355:5:\x1b[m\x1b[K \x1b[01;31m\x1b[Kerror: \x1b[m\x1b[Kinvalid use of \xe2\x80\x98\x1b[01m\x1b[Kthis\x1b[m\x1b[K\xe2\x80\x99 in non-member function\n'}
[17.208547] (workspace_gz) StderrLine: {'line': b'  355 |     \x1b[01;31m\x1b[Kthis\x1b[m\x1b[K->eventManager->Emit<sim::events::Stop>();\n'}
[17.208670] (workspace_gz) StderrLine: {'line': b'      |     \x1b[01;31m\x1b[K^~~~\x1b[m\x1b[K\n'}
[17.208789] (workspace_gz) StderrLine: {'line': b'\x1b[01m\x1b[K/home/aliomacc/sti_usv/src/usv_sim/workspace_gz/plugins/ScoringPlugin.cc:355:47:\x1b[m\x1b[K \x1b[01;31m\x1b[Kerror: \x1b[m\x1b[Kexpected primary-expression before \xe2\x80\x98\x1b[01m\x1b[K>\x1b[m\x1b[K\xe2\x80\x99 token\n'}
[17.212556] (workspace_gz) StderrLine: {'line': b'  355 |     this->eventManager->Emit<sim::events::Stop\x1b[01;31m\x1b[K>\x1b[m\x1b[K();\n'}
[17.212707] (workspace_gz) StderrLine: {'line': b'      |                                               \x1b[01;31m\x1b[K^\x1b[m\x1b[K\n'}
[17.212815] (workspace_gz) StderrLine: {'line': b'\x1b[01m\x1b[K/home/aliomacc/sti_usv/src/usv_sim/workspace_gz/plugins/ScoringPlugin.cc:355:49:\x1b[m\x1b[K \x1b[01;31m\x1b[Kerror: \x1b[m\x1b[Kexpected primary-expression before \xe2\x80\x98\x1b[01m\x1b[K)\x1b[m\x1b[K\xe2\x80\x99 token\n'}
[17.212919] (workspace_gz) StderrLine: {'line': b'  355 |     this->eventManager->Emit<sim::events::Stop>(\x1b[01;31m\x1b[K)\x1b[m\x1b[K;\n'}
[17.213023] (workspace_gz) StderrLine: {'line': b'      |                                                 \x1b[01;31m\x1b[K^\x1b[m\x1b[K\n'}
[17.213119] (workspace_gz) StderrLine: {'line': b'\x1b[01m\x1b[K/home/aliomacc/sti_usv/src/usv_sim/workspace_gz/plugins/ScoringPlugin.cc:\x1b[m\x1b[K In constructor \xe2\x80\x98\x1b[01m\x1b[Kvrx::ScoringPlugin::ScoringPlugin()\x1b[m\x1b[K\xe2\x80\x99:\n'}
[17.213228] (workspace_gz) StderrLine: {'line': b'\x1b[01m\x1b[K/home/aliomacc/sti_usv/src/usv_sim/workspace_gz/plugins/ScoringPlugin.cc:368:15:\x1b[m\x1b[K \x1b[01;31m\x1b[Kerror: \x1b[m\x1b[Kclass \xe2\x80\x98\x1b[01m\x1b[Kvrx::ScoringPlugin\x1b[m\x1b[K\xe2\x80\x99 does not have any field named \xe2\x80\x98\x1b[01m\x1b[KdataPtr\x1b[m\x1b[K\xe2\x80\x99\n'}
[17.213349] (workspace_gz) StderrLine: {'line': b'  368 |   : System(), \x1b[01;31m\x1b[KdataPtr\x1b[m\x1b[K(utils::MakeUniqueImpl<Implementation>())\n'}
[17.213462] (workspace_gz) StderrLine: {'line': b'      |               \x1b[01;31m\x1b[K^~~~~~~\x1b[m\x1b[K\n'}
[17.213565] (workspace_gz) StderrLine: {'line': b'\x1b[01m\x1b[K/home/aliomacc/sti_usv/src/usv_sim/workspace_gz/plugins/ScoringPlugin.cc:368:45:\x1b[m\x1b[K \x1b[01;31m\x1b[Kerror: \x1b[m\x1b[K\xe2\x80\x98\x1b[01m\x1b[KImplementation\x1b[m\x1b[K\xe2\x80\x99 was not declared in this scope\n'}
[17.213679] (workspace_gz) StderrLine: {'line': b'  368 |   : System(), dataPtr(utils::MakeUniqueImpl<\x1b[01;31m\x1b[KImplementation\x1b[m\x1b[K>())\n'}
[17.213783] (workspace_gz) StderrLine: {'line': b'      |                                             \x1b[01;31m\x1b[K^~~~~~~~~~~~~~\x1b[m\x1b[K\n'}
[17.213886] (workspace_gz) StderrLine: {'line': b'\x1b[01m\x1b[K/home/aliomacc/sti_usv/src/usv_sim/workspace_gz/plugins/ScoringPlugin.cc:368:60:\x1b[m\x1b[K \x1b[01;31m\x1b[Kerror: \x1b[m\x1b[Kno matching function for call to \xe2\x80\x98\x1b[01m\x1b[KMakeUniqueImpl<<expression error> >()\x1b[m\x1b[K\xe2\x80\x99\n'}
[17.213992] (workspace_gz) StderrLine: {'line': b'  368 |   : System(), dataPtr(\x1b[01;31m\x1b[Kutils::MakeUniqueImpl<Implementation>()\x1b[m\x1b[K)\n'}
[17.214095] (workspace_gz) StderrLine: {'line': b'      |                       \x1b[01;31m\x1b[K~~~~~~~~~~~~~~~~~~~~~~~~~~~~~~~~~~~~~^~\x1b[m\x1b[K\n'}
[17.214191] (workspace_gz) StderrLine: {'line': b'In file included from \x1b[01m\x1b[K/usr/include/ignition/utils1/gz/utils/ImplPtr.hh:259\x1b[m\x1b[K,\n'}
[17.214295] (workspace_gz) StderrLine: {'line': b'                 from \x1b[01m\x1b[K/usr/include/ignition/sdformat12/sdf/PrintConfig.hh:21\x1b[m\x1b[K,\n'}
[17.214422] (workspace_gz) StderrLine: {'line': b'                 from \x1b[01m\x1b[K/usr/include/ignition/sdformat12/sdf/Param.hh:39\x1b[m\x1b[K,\n'}
[17.214524] (workspace_gz) StderrLine: {'line': b'                 from \x1b[01m\x1b[K/usr/include/ignition/sdformat12/sdf/Element.hh:28\x1b[m\x1b[K,\n'}
[17.214627] (workspace_gz) StderrLine: {'line': b'                 from \x1b[01m\x1b[K/usr/include/ignition/gazebo6/gz/sim/Events.hh:20\x1b[m\x1b[K,\n'}
[17.214727] (workspace_gz) StderrLine: {'line': b'                 from \x1b[01m\x1b[K/home/aliomacc/sti_usv/src/usv_sim/workspace_gz/plugins/ScoringPlugin.cc:25\x1b[m\x1b[K:\n'}
[17.214842] (workspace_gz) StderrLine: {'line': b'\x1b[01m\x1b[K/usr/include/ignition/utils1/gz/utils/detail/ImplPtr.hh:142:22:\x1b[m\x1b[K \x1b[01;36m\x1b[Knote: \x1b[m\x1b[Kcandidate: \xe2\x80\x98\x1b[01m\x1b[Ktemplate<class T, class ... Args> ignition::utils::UniqueImplPtr<T> ignition::utils::MakeUniqueImpl(Args&& ...)\x1b[m\x1b[K\xe2\x80\x99\n'}
[17.214954] (workspace_gz) StderrLine: {'line': b'  142 |     UniqueImplPtr<T> \x1b[01;36m\x1b[KMakeUniqueImpl\x1b[m\x1b[K(Args &&...args)\n'}
[17.215037] (workspace_gz) StderrLine: {'line': b'      |                      \x1b[01;36m\x1b[K^~~~~~~~~~~~~~\x1b[m\x1b[K\n'}
[17.215133] (workspace_gz) StderrLine: {'line': b'\x1b[01m\x1b[K/usr/include/ignition/utils1/gz/utils/detail/ImplPtr.hh:142:22:\x1b[m\x1b[K \x1b[01;36m\x1b[Knote: \x1b[m\x1b[K  template argument deduction/substitution failed:\n'}
[17.215231] (workspace_gz) StderrLine: {'line': b'\x1b[01m\x1b[K/home/aliomacc/sti_usv/src/usv_sim/workspace_gz/plugins/ScoringPlugin.cc:368:60:\x1b[m\x1b[K \x1b[01;31m\x1b[Kerror: \x1b[m\x1b[Ktemplate argument 1 is invalid\n'}
[17.215352] (workspace_gz) StderrLine: {'line': b'  368 |   : System(), dataPtr(\x1b[01;31m\x1b[Kutils::MakeUniqueImpl<Implementation>()\x1b[m\x1b[K)\n'}
[17.215455] (workspace_gz) StderrLine: {'line': b'      |                       \x1b[01;31m\x1b[K~~~~~~~~~~~~~~~~~~~~~~~~~~~~~~~~~~~~~^~\x1b[m\x1b[K\n'}
[17.215554] (workspace_gz) StderrLine: {'line': b'\x1b[01m\x1b[K/home/aliomacc/sti_usv/src/usv_sim/workspace_gz/plugins/ScoringPlugin.cc:\x1b[m\x1b[K In member function \xe2\x80\x98\x1b[01m\x1b[Kvirtual void vrx::ScoringPlugin::Configure(const Entity&, const std::shared_ptr<const sdf::v12::Element>&, ignition::gazebo::v6::EntityComponentManager&, ignition::gazebo::v6::EventManager&)\x1b[m\x1b[K\xe2\x80\x99:\n'}
[17.215658] (workspace_gz) StderrLine: {'line': b'\x1b[01m\x1b[K/home/aliomacc/sti_usv/src/usv_sim/workspace_gz/plugins/ScoringPlugin.cc:378:9:\x1b[m\x1b[K \x1b[01;31m\x1b[Kerror: \x1b[m\x1b[K\xe2\x80\x98\x1b[01m\x1b[Kclass vrx::ScoringPlugin\x1b[m\x1b[K\xe2\x80\x99 has no member named \xe2\x80\x98\x1b[01m\x1b[KdataPtr\x1b[m\x1b[K\xe2\x80\x99\n'}
[17.215762] (workspace_gz) StderrLine: {'line': b'  378 |   this->\x1b[01;31m\x1b[KdataPtr\x1b[m\x1b[K->sdf = _sdf->Clone();\n'}
[17.215862] (workspace_gz) StderrLine: {'line': b'      |         \x1b[01;31m\x1b[K^~~~~~~\x1b[m\x1b[K\n'}
[17.215959] (workspace_gz) StderrLine: {'line': b'\x1b[01m\x1b[K/home/aliomacc/sti_usv/src/usv_sim/workspace_gz/plugins/ScoringPlugin.cc:379:9:\x1b[m\x1b[K \x1b[01;31m\x1b[Kerror: \x1b[m\x1b[K\xe2\x80\x98\x1b[01m\x1b[Kclass vrx::ScoringPlugin\x1b[m\x1b[K\xe2\x80\x99 has no member named \xe2\x80\x98\x1b[01m\x1b[KdataPtr\x1b[m\x1b[K\xe2\x80\x99\n'}
[17.216064] (workspace_gz) StderrLine: {'line': b'  379 |   this->\x1b[01;31m\x1b[KdataPtr\x1b[m\x1b[K->eventManager = &_eventMgr;\n'}
[17.216161] (workspace_gz) StderrLine: {'line': b'      |         \x1b[01;31m\x1b[K^~~~~~~\x1b[m\x1b[K\n'}
[17.216257] (workspace_gz) StderrLine: {'line': b'\x1b[01m\x1b[K/home/aliomacc/sti_usv/src/usv_sim/workspace_gz/plugins/ScoringPlugin.cc:382:14:\x1b[m\x1b[K \x1b[01;31m\x1b[Kerror: \x1b[m\x1b[K\xe2\x80\x98\x1b[01m\x1b[Kclass vrx::ScoringPlugin\x1b[m\x1b[K\xe2\x80\x99 has no member named \xe2\x80\x98\x1b[01m\x1b[KdataPtr\x1b[m\x1b[K\xe2\x80\x99\n'}
[17.219540] (workspace_gz) StderrLine: {'line': b'  382 |   if (!this->\x1b[01;31m\x1b[KdataPtr\x1b[m\x1b[K->ParseSDFParameters())\n'}
[17.219705] (workspace_gz) StderrLine: {'line': b'      |              \x1b[01;31m\x1b[K^~~~~~~\x1b[m\x1b[K\n'}
[17.219816] (workspace_gz) StderrLine: {'line': b'\x1b[01m\x1b[K/home/aliomacc/sti_usv/src/usv_sim/workspace_gz/plugins/ScoringPlugin.cc:388:9:\x1b[m\x1b[K \x1b[01;31m\x1b[Kerror: \x1b[m\x1b[K\xe2\x80\x98\x1b[01m\x1b[Kclass vrx::ScoringPlugin\x1b[m\x1b[K\xe2\x80\x99 has no member named \xe2\x80\x98\x1b[01m\x1b[KdataPtr\x1b[m\x1b[K\xe2\x80\x99\n'}
[17.219926] (workspace_gz) StderrLine: {'line': b'  388 |   this->\x1b[01;31m\x1b[KdataPtr\x1b[m\x1b[K->readyTime =\n'}
[17.220030] (workspace_gz) StderrLine: {'line': b'      |         \x1b[01;31m\x1b[K^~~~~~~\x1b[m\x1b[K\n'}
[17.220138] (workspace_gz) StderrLine: {'line': b'\x1b[01m\x1b[K/home/aliomacc/sti_usv/src/usv_sim/workspace_gz/plugins/ScoringPlugin.cc:389:41:\x1b[m\x1b[K \x1b[01;31m\x1b[Kerror: \x1b[m\x1b[K\xe2\x80\x98\x1b[01m\x1b[Kclass vrx::ScoringPlugin\x1b[m\x1b[K\xe2\x80\x99 has no member named \xe2\x80\x98\x1b[01m\x1b[KdataPtr\x1b[m\x1b[K\xe2\x80\x99\n'}
[17.220252] (workspace_gz) StderrLine: {'line': b'  389 |     std::chrono::duration<double>(this->\x1b[01;31m\x1b[KdataPtr\x1b[m\x1b[K->initialStateDuration);\n'}
[17.220372] (workspace_gz) StderrLine: {'line': b'      |                                         \x1b[01;31m\x1b[K^~~~~~~\x1b[m\x1b[K\n'}
[17.220477] (workspace_gz) StderrLine: {'line': b'\x1b[01m\x1b[K/home/aliomacc/sti_usv/src/usv_sim/workspace_gz/plugins/ScoringPlugin.cc:390:9:\x1b[m\x1b[K \x1b[01;31m\x1b[Kerror: \x1b[m\x1b[K\xe2\x80\x98\x1b[01m\x1b[Kclass vrx::ScoringPlugin\x1b[m\x1b[K\xe2\x80\x99 has no member named \xe2\x80\x98\x1b[01m\x1b[KdataPtr\x1b[m\x1b[K\xe2\x80\x99\n'}
[17.220582] (workspace_gz) StderrLine: {'line': b'  390 |   this->\x1b[01;31m\x1b[KdataPtr\x1b[m\x1b[K->runningTime = this->dataPtr->readyTime +\n'}
[17.220687] (workspace_gz) StderrLine: {'line': b'      |         \x1b[01;31m\x1b[K^~~~~~~\x1b[m\x1b[K\n'}
[17.220790] (workspace_gz) StderrLine: {'line': b'\x1b[01m\x1b[K/home/aliomacc/sti_usv/src/usv_sim/workspace_gz/plugins/ScoringPlugin.cc:390:38:\x1b[m\x1b[K \x1b[01;31m\x1b[Kerror: \x1b[m\x1b[K\xe2\x80\x98\x1b[01m\x1b[Kclass vrx::ScoringPlugin\x1b[m\x1b[K\xe2\x80\x99 has no member named \xe2\x80\x98\x1b[01m\x1b[KdataPtr\x1b[m\x1b[K\xe2\x80\x99\n'}
[17.220891] (workspace_gz) StderrLine: {'line': b'  390 |   this->dataPtr->runningTime = this->\x1b[01;31m\x1b[KdataPtr\x1b[m\x1b[K->readyTime +\n'}
[17.220994] (workspace_gz) StderrLine: {'line': b'      |                                      \x1b[01;31m\x1b[K^~~~~~~\x1b[m\x1b[K\n'}
[17.221096] (workspace_gz) StderrLine: {'line': b'\x1b[01m\x1b[K/home/aliomacc/sti_usv/src/usv_sim/workspace_gz/plugins/ScoringPlugin.cc:391:41:\x1b[m\x1b[K \x1b[01;31m\x1b[Kerror: \x1b[m\x1b[K\xe2\x80\x98\x1b[01m\x1b[Kclass vrx::ScoringPlugin\x1b[m\x1b[K\xe2\x80\x99 has no member named \xe2\x80\x98\x1b[01m\x1b[KdataPtr\x1b[m\x1b[K\xe2\x80\x99\n'}
[17.221202] (workspace_gz) StderrLine: {'line': b'  391 |     std::chrono::duration<double>(this->\x1b[01;31m\x1b[KdataPtr\x1b[m\x1b[K->readyStateDuration);\n'}
[17.221322] (workspace_gz) StderrLine: {'line': b'      |                                         \x1b[01;31m\x1b[K^~~~~~~\x1b[m\x1b[K\n'}
[17.221441] (workspace_gz) StderrLine: {'line': b'\x1b[01m\x1b[K/home/aliomacc/sti_usv/src/usv_sim/workspace_gz/plugins/ScoringPlugin.cc:392:9:\x1b[m\x1b[K \x1b[01;31m\x1b[Kerror: \x1b[m\x1b[K\xe2\x80\x98\x1b[01m\x1b[Kclass vrx::ScoringPlugin\x1b[m\x1b[K\xe2\x80\x99 has no member named \xe2\x80\x98\x1b[01m\x1b[KdataPtr\x1b[m\x1b[K\xe2\x80\x99\n'}
[17.221547] (workspace_gz) StderrLine: {'line': b'  392 |   this->\x1b[01;31m\x1b[KdataPtr\x1b[m\x1b[K->finishTime = this->dataPtr->runningTime +\n'}
[17.221648] (workspace_gz) StderrLine: {'line': b'      |         \x1b[01;31m\x1b[K^~~~~~~\x1b[m\x1b[K\n'}
[17.221752] (workspace_gz) StderrLine: {'line': b'\x1b[01m\x1b[K/home/aliomacc/sti_usv/src/usv_sim/workspace_gz/plugins/ScoringPlugin.cc:392:37:\x1b[m\x1b[K \x1b[01;31m\x1b[Kerror: \x1b[m\x1b[K\xe2\x80\x98\x1b[01m\x1b[Kclass vrx::ScoringPlugin\x1b[m\x1b[K\xe2\x80\x99 has no member named \xe2\x80\x98\x1b[01m\x1b[KdataPtr\x1b[m\x1b[K\xe2\x80\x99\n'}
[17.221868] (workspace_gz) StderrLine: {'line': b'  392 |   this->dataPtr->finishTime = this->\x1b[01;31m\x1b[KdataPtr\x1b[m\x1b[K->runningTime +\n'}
[17.221969] (workspace_gz) StderrLine: {'line': b'      |                                     \x1b[01;31m\x1b[K^~~~~~~\x1b[m\x1b[K\n'}
[17.222072] (workspace_gz) StderrLine: {'line': b'\x1b[01m\x1b[K/home/aliomacc/sti_usv/src/usv_sim/workspace_gz/plugins/ScoringPlugin.cc:393:41:\x1b[m\x1b[K \x1b[01;31m\x1b[Kerror: \x1b[m\x1b[K\xe2\x80\x98\x1b[01m\x1b[Kclass vrx::ScoringPlugin\x1b[m\x1b[K\xe2\x80\x99 has no member named \xe2\x80\x98\x1b[01m\x1b[KdataPtr\x1b[m\x1b[K\xe2\x80\x99\n'}
[17.222186] (workspace_gz) StderrLine: {'line': b'  393 |     std::chrono::duration<double>(this->\x1b[01;31m\x1b[KdataPtr\x1b[m\x1b[K->runningStateDuration);\n'}
[17.225344] (workspace_gz) StderrLine: {'line': b'      |                                         \x1b[01;31m\x1b[K^~~~~~~\x1b[m\x1b[K\n'}
[17.225583] (workspace_gz) StderrLine: {'line': b'\x1b[01m\x1b[K/home/aliomacc/sti_usv/src/usv_sim/workspace_gz/plugins/ScoringPlugin.cc:394:9:\x1b[m\x1b[K \x1b[01;31m\x1b[Kerror: \x1b[m\x1b[K\xe2\x80\x98\x1b[01m\x1b[Kclass vrx::ScoringPlugin\x1b[m\x1b[K\xe2\x80\x99 has no member named \xe2\x80\x98\x1b[01m\x1b[KdataPtr\x1b[m\x1b[K\xe2\x80\x99\n'}
[17.225708] (workspace_gz) StderrLine: {'line': b'  394 |   this->\x1b[01;31m\x1b[KdataPtr\x1b[m\x1b[K->exitTime = this->dataPtr->finishTime +\n'}
[17.225814] (workspace_gz) StderrLine: {'line': b'      |         \x1b[01;31m\x1b[K^~~~~~~\x1b[m\x1b[K\n'}
[17.225914] (workspace_gz) StderrLine: {'line': b'\x1b[01m\x1b[K/home/aliomacc/sti_usv/src/usv_sim/workspace_gz/plugins/ScoringPlugin.cc:394:35:\x1b[m\x1b[K \x1b[01;31m\x1b[Kerror: \x1b[m\x1b[K\xe2\x80\x98\x1b[01m\x1b[Kclass vrx::ScoringPlugin\x1b[m\x1b[K\xe2\x80\x99 has no member named \xe2\x80\x98\x1b[01m\x1b[KdataPtr\x1b[m\x1b[K\xe2\x80\x99\n'}
[17.226021] (workspace_gz) StderrLine: {'line': b'  394 |   this->dataPtr->exitTime = this->\x1b[01;31m\x1b[KdataPtr\x1b[m\x1b[K->finishTime +\n'}
[17.226123] (workspace_gz) StderrLine: {'line': b'      |                                   \x1b[01;31m\x1b[K^~~~~~~\x1b[m\x1b[K\n'}
[17.226225] (workspace_gz) StderrLine: {'line': b'\x1b[01m\x1b[K/home/aliomacc/sti_usv/src/usv_sim/workspace_gz/plugins/ScoringPlugin.cc:395:41:\x1b[m\x1b[K \x1b[01;31m\x1b[Kerror: \x1b[m\x1b[K\xe2\x80\x98\x1b[01m\x1b[Kclass vrx::ScoringPlugin\x1b[m\x1b[K\xe2\x80\x99 has no member named \xe2\x80\x98\x1b[01m\x1b[KdataPtr\x1b[m\x1b[K\xe2\x80\x99\n'}
[17.226363] (workspace_gz) StderrLine: {'line': b'  395 |     std::chrono::duration<double>(this->\x1b[01;31m\x1b[KdataPtr\x1b[m\x1b[K->exitDelay);\n'}
[17.226468] (workspace_gz) StderrLine: {'line': b'      |                                         \x1b[01;31m\x1b[K^~~~~~~\x1b[m\x1b[K\n'}
[17.226551] (workspace_gz) StderrLine: {'line': b'\x1b[01m\x1b[K/home/aliomacc/sti_usv/src/usv_sim/workspace_gz/plugins/ScoringPlugin.cc:398:23:\x1b[m\x1b[K \x1b[01;31m\x1b[Kerror: \x1b[m\x1b[K\xe2\x80\x98\x1b[01m\x1b[Kclass vrx::ScoringPlugin\x1b[m\x1b[K\xe2\x80\x99 has no member named \xe2\x80\x98\x1b[01m\x1b[KdataPtr\x1b[m\x1b[K\xe2\x80\x99\n'}
[17.226635] (-) TimerEvent: {}
[17.226780] (workspace_gz) StderrLine: {'line': b'  398 |   auto *param = this->\x1b[01;31m\x1b[KdataPtr\x1b[m\x1b[K->taskMsg.mutable_params();\n'}
[17.226891] (workspace_gz) StderrLine: {'line': b'      |                       \x1b[01;31m\x1b[K^~~~~~~\x1b[m\x1b[K\n'}
[17.227002] (workspace_gz) StderrLine: {'line': b'\x1b[01m\x1b[K/home/aliomacc/sti_usv/src/usv_sim/workspace_gz/plugins/ScoringPlugin.cc:402:36:\x1b[m\x1b[K \x1b[01;31m\x1b[Kerror: \x1b[m\x1b[K\xe2\x80\x98\x1b[01m\x1b[Kclass vrx::ScoringPlugin\x1b[m\x1b[K\xe2\x80\x99 has no member named \xe2\x80\x98\x1b[01m\x1b[KdataPtr\x1b[m\x1b[K\xe2\x80\x99\n'}
[17.227107] (workspace_gz) StderrLine: {'line': b'  402 |   nameValue.set_string_value(this->\x1b[01;31m\x1b[KdataPtr\x1b[m\x1b[K->taskName);\n'}
[17.227207] (workspace_gz) StderrLine: {'line': b'      |                                    \x1b[01;31m\x1b[K^~~~~~~\x1b[m\x1b[K\n'}
[17.227322] (workspace_gz) StderrLine: {'line': b'\x1b[01m\x1b[K/home/aliomacc/sti_usv/src/usv_sim/workspace_gz/plugins/ScoringPlugin.cc:411:41:\x1b[m\x1b[K \x1b[01;31m\x1b[Kerror: \x1b[m\x1b[K\xe2\x80\x98\x1b[01m\x1b[Kclass vrx::ScoringPlugin\x1b[m\x1b[K\xe2\x80\x99 has no member named \xe2\x80\x98\x1b[01m\x1b[KdataPtr\x1b[m\x1b[K\xe2\x80\x99\n'}
[17.227425] (workspace_gz) StderrLine: {'line': b'  411 |   readyTimeValue.set_double_value(this->\x1b[01;31m\x1b[KdataPtr\x1b[m\x1b[K->readyTime.count());\n'}
[17.227522] (workspace_gz) StderrLine: {'line': b'      |                                         \x1b[01;31m\x1b[K^~~~~~~\x1b[m\x1b[K\n'}
[17.227621] (workspace_gz) StderrLine: {'line': b'\x1b[01m\x1b[K/home/aliomacc/sti_usv/src/usv_sim/workspace_gz/plugins/ScoringPlugin.cc:416:43:\x1b[m\x1b[K \x1b[01;31m\x1b[Kerror: \x1b[m\x1b[K\xe2\x80\x98\x1b[01m\x1b[Kclass vrx::ScoringPlugin\x1b[m\x1b[K\xe2\x80\x99 has no member named \xe2\x80\x98\x1b[01m\x1b[KdataPtr\x1b[m\x1b[K\xe2\x80\x99\n'}
[17.227724] (workspace_gz) StderrLine: {'line': b'  416 |   runningTimeValue.set_double_value(this->\x1b[01;31m\x1b[KdataPtr\x1b[m\x1b[K->runningTime.count());\n'}
[17.227816] (workspace_gz) StderrLine: {'line': b'      |                                           \x1b[01;31m\x1b[K^~~~~~~\x1b[m\x1b[K\n'}
[17.227921] (workspace_gz) StderrLine: {'line': b'\x1b[01m\x1b[K/home/aliomacc/sti_usv/src/usv_sim/workspace_gz/plugins/ScoringPlugin.cc:439:9:\x1b[m\x1b[K \x1b[01;31m\x1b[Kerror: \x1b[m\x1b[K\xe2\x80\x98\x1b[01m\x1b[Kclass vrx::ScoringPlugin\x1b[m\x1b[K\xe2\x80\x99 has no member named \xe2\x80\x98\x1b[01m\x1b[KdataPtr\x1b[m\x1b[K\xe2\x80\x99\n'}
[17.228025] (workspace_gz) StderrLine: {'line': b'  439 |   this->\x1b[01;31m\x1b[KdataPtr\x1b[m\x1b[K->UpdateTaskMessage();\n'}
[17.228126] (workspace_gz) StderrLine: {'line': b'      |         \x1b[01;31m\x1b[K^~~~~~~\x1b[m\x1b[K\n'}
[17.228229] (workspace_gz) StderrLine: {'line': b'\x1b[01m\x1b[K/home/aliomacc/sti_usv/src/usv_sim/workspace_gz/plugins/ScoringPlugin.cc:441:9:\x1b[m\x1b[K \x1b[01;31m\x1b[Kerror: \x1b[m\x1b[K\xe2\x80\x98\x1b[01m\x1b[Kclass vrx::ScoringPlugin\x1b[m\x1b[K\xe2\x80\x99 has no member named \xe2\x80\x98\x1b[01m\x1b[KdataPtr\x1b[m\x1b[K\xe2\x80\x99\n'}
[17.228349] (workspace_gz) StderrLine: {'line': b'  441 |   this->\x1b[01;31m\x1b[KdataPtr\x1b[m\x1b[K->taskPub = this->dataPtr->node.Advertise<msgs::Param>(\n'}
[17.228453] (workspace_gz) StderrLine: {'line': b'      |         \x1b[01;31m\x1b[K^~~~~~~\x1b[m\x1b[K\n'}
[17.228550] (workspace_gz) StderrLine: {'line': b'\x1b[01m\x1b[K/home/aliomacc/sti_usv/src/usv_sim/workspace_gz/plugins/ScoringPlugin.cc:441:34:\x1b[m\x1b[K \x1b[01;31m\x1b[Kerror: \x1b[m\x1b[K\xe2\x80\x98\x1b[01m\x1b[Kclass vrx::ScoringPlugin\x1b[m\x1b[K\xe2\x80\x99 has no member named \xe2\x80\x98\x1b[01m\x1b[KdataPtr\x1b[m\x1b[K\xe2\x80\x99\n'}
[17.228652] (workspace_gz) StderrLine: {'line': b'  441 |   this->dataPtr->taskPub = this->\x1b[01;31m\x1b[KdataPtr\x1b[m\x1b[K->node.Advertise<msgs::Param>(\n'}
[17.228751] (workspace_gz) StderrLine: {'line': b'      |                                  \x1b[01;31m\x1b[K^~~~~~~\x1b[m\x1b[K\n'}
[17.228852] (workspace_gz) StderrLine: {'line': b'\x1b[01m\x1b[K/home/aliomacc/sti_usv/src/usv_sim/workspace_gz/plugins/ScoringPlugin.cc:441:69:\x1b[m\x1b[K \x1b[01;31m\x1b[Kerror: \x1b[m\x1b[Kexpected primary-expression before \xe2\x80\x98\x1b[01m\x1b[K>\x1b[m\x1b[K\xe2\x80\x99 token\n'}
[17.228950] (workspace_gz) StderrLine: {'line': b'  441 |   this->dataPtr->taskPub = this->dataPtr->node.Advertise<msgs::Param\x1b[01;31m\x1b[K>\x1b[m\x1b[K(\n'}
[17.229062] (workspace_gz) StderrLine: {'line': b'      |                                                                     \x1b[01;31m\x1b[K^\x1b[m\x1b[K\n'}
[17.229169] (workspace_gz) StderrLine: {'line': b'\x1b[01m\x1b[K/home/aliomacc/sti_usv/src/usv_sim/workspace_gz/plugins/ScoringPlugin.cc:442:11:\x1b[m\x1b[K \x1b[01;31m\x1b[Kerror: \x1b[m\x1b[K\xe2\x80\x98\x1b[01m\x1b[Kclass vrx::ScoringPlugin\x1b[m\x1b[K\xe2\x80\x99 has no member named \xe2\x80\x98\x1b[01m\x1b[KdataPtr\x1b[m\x1b[K\xe2\x80\x99\n'}
[17.232318] (workspace_gz) StderrLine: {'line': b'  442 |     this->\x1b[01;31m\x1b[KdataPtr\x1b[m\x1b[K->taskInfoTopic);\n'}
[17.232619] (workspace_gz) StderrLine: {'line': b'      |           \x1b[01;31m\x1b[K^~~~~~~\x1b[m\x1b[K\n'}
[17.232760] (workspace_gz) StderrLine: {'line': b'\x1b[01m\x1b[K/home/aliomacc/sti_usv/src/usv_sim/workspace_gz/plugins/ScoringPlugin.cc:444:9:\x1b[m\x1b[K \x1b[01;31m\x1b[Kerror: \x1b[m\x1b[K\xe2\x80\x98\x1b[01m\x1b[Kclass vrx::ScoringPlugin\x1b[m\x1b[K\xe2\x80\x99 has no member named \xe2\x80\x98\x1b[01m\x1b[KdataPtr\x1b[m\x1b[K\xe2\x80\x99\n'}
[17.232873] (workspace_gz) StderrLine: {'line': b'  444 |   this->\x1b[01;31m\x1b[KdataPtr\x1b[m\x1b[K->releasePub = this->dataPtr->node.Advertise<msgs::Empty>(\n'}
[17.232977] (workspace_gz) StderrLine: {'line': b'      |         \x1b[01;31m\x1b[K^~~~~~~\x1b[m\x1b[K\n'}
[17.233067] (workspace_gz) StderrLine: {'line': b'\x1b[01m\x1b[K/home/aliomacc/sti_usv/src/usv_sim/workspace_gz/plugins/ScoringPlugin.cc:444:37:\x1b[m\x1b[K \x1b[01;31m\x1b[Kerror: \x1b[m\x1b[K\xe2\x80\x98\x1b[01m\x1b[Kclass vrx::ScoringPlugin\x1b[m\x1b[K\xe2\x80\x99 has no member named \xe2\x80\x98\x1b[01m\x1b[KdataPtr\x1b[m\x1b[K\xe2\x80\x99\n'}
[17.233186] (workspace_gz) StderrLine: {'line': b'  444 |   this->dataPtr->releasePub = this->\x1b[01;31m\x1b[KdataPtr\x1b[m\x1b[K->node.Advertise<msgs::Empty>(\n'}
[17.233294] (workspace_gz) StderrLine: {'line': b'      |                                     \x1b[01;31m\x1b[K^~~~~~~\x1b[m\x1b[K\n'}
[17.233406] (workspace_gz) StderrLine: {'line': b'\x1b[01m\x1b[K/home/aliomacc/sti_usv/src/usv_sim/workspace_gz/plugins/ScoringPlugin.cc:444:72:\x1b[m\x1b[K \x1b[01;31m\x1b[Kerror: \x1b[m\x1b[Kexpected primary-expression before \xe2\x80\x98\x1b[01m\x1b[K>\x1b[m\x1b[K\xe2\x80\x99 token\n'}
[17.233509] (workspace_gz) StderrLine: {'line': b'  444 | this->dataPtr->releasePub = this->dataPtr->node.Advertise<msgs::Empty\x1b[01;31m\x1b[K>\x1b[m\x1b[K(\n'}
[17.233614] (workspace_gz) StderrLine: {'line': b'      |                                                                      \x1b[01;31m\x1b[K^\x1b[m\x1b[K\n'}
[17.233715] (workspace_gz) StderrLine: {'line': b'\n'}
[17.233818] (workspace_gz) StderrLine: {'line': b'\x1b[01m\x1b[K/home/aliomacc/sti_usv/src/usv_sim/workspace_gz/plugins/ScoringPlugin.cc:445:11:\x1b[m\x1b[K \x1b[01;31m\x1b[Kerror: \x1b[m\x1b[K\xe2\x80\x98\x1b[01m\x1b[Kclass vrx::ScoringPlugin\x1b[m\x1b[K\xe2\x80\x99 has no member named \xe2\x80\x98\x1b[01m\x1b[KdataPtr\x1b[m\x1b[K\xe2\x80\x99\n'}
[17.233922] (workspace_gz) StderrLine: {'line': b'  445 |     this->\x1b[01;31m\x1b[KdataPtr\x1b[m\x1b[K->releaseTopic);\n'}
[17.234024] (workspace_gz) StderrLine: {'line': b'      |           \x1b[01;31m\x1b[K^~~~~~~\x1b[m\x1b[K\n'}
[17.234132] (workspace_gz) StderrLine: {'line': b'\x1b[01m\x1b[K/home/aliomacc/sti_usv/src/usv_sim/workspace_gz/plugins/ScoringPlugin.cc:447:9:\x1b[m\x1b[K \x1b[01;31m\x1b[Kerror: \x1b[m\x1b[K\xe2\x80\x98\x1b[01m\x1b[Kclass vrx::ScoringPlugin\x1b[m\x1b[K\xe2\x80\x99 has no member named \xe2\x80\x98\x1b[01m\x1b[KdataPtr\x1b[m\x1b[K\xe2\x80\x99\n'}
[17.234231] (workspace_gz) StderrLine: {'line': b'  447 |   this->\x1b[01;31m\x1b[KdataPtr\x1b[m\x1b[K->node.Subscribe("/vrx/contacts",\n'}
[17.234345] (workspace_gz) StderrLine: {'line': b'      |         \x1b[01;31m\x1b[K^~~~~~~\x1b[m\x1b[K\n'}
[17.234451] (workspace_gz) StderrLine: {'line': b'\x1b[01m\x1b[K/home/aliomacc/sti_usv/src/usv_sim/workspace_gz/plugins/ScoringPlugin.cc:453:13:\x1b[m\x1b[K \x1b[01;31m\x1b[Kerror: \x1b[m\x1b[K\xe2\x80\x98\x1b[01m\x1b[Kclass vrx::ScoringPlugin\x1b[m\x1b[K\xe2\x80\x99 has no member named \xe2\x80\x98\x1b[01m\x1b[KdataPtr\x1b[m\x1b[K\xe2\x80\x99\n'}
[17.234551] (workspace_gz) StderrLine: {'line': b'  453 |       this->\x1b[01;31m\x1b[KdataPtr\x1b[m\x1b[K->debug = false;\n'}
[17.234651] (workspace_gz) StderrLine: {'line': b'      |             \x1b[01;31m\x1b[K^~~~~~~\x1b[m\x1b[K\n'}
[17.234753] (workspace_gz) StderrLine: {'line': b'\x1b[01m\x1b[K/home/aliomacc/sti_usv/src/usv_sim/workspace_gz/plugins/ScoringPlugin.cc:\x1b[m\x1b[K In member function \xe2\x80\x98\x1b[01m\x1b[Kvirtual void vrx::ScoringPlugin::PreUpdate(const ignition::gazebo::v6::UpdateInfo&, ignition::gazebo::v6::EntityComponentManager&)\x1b[m\x1b[K\xe2\x80\x99:\n'}
[17.234868] (workspace_gz) StderrLine: {'line': b'\x1b[01m\x1b[K/home/aliomacc/sti_usv/src/usv_sim/workspace_gz/plugins/ScoringPlugin.cc:466:3:\x1b[m\x1b[K \x1b[01;31m\x1b[Kerror: \x1b[m\x1b[K\xe2\x80\x98\x1b[01m\x1b[KGZ_PROFILE\x1b[m\x1b[K\xe2\x80\x99 was not declared in this scope; did you mean \xe2\x80\x98\x1b[01m\x1b[KIGN_PROFILE\x1b[m\x1b[K\xe2\x80\x99?\n'}
[17.234974] (workspace_gz) StderrLine: {'line': b'  466 |   \x1b[01;31m\x1b[KGZ_PROFILE\x1b[m\x1b[K("ScoringPlugin::PreUpdate");\n'}
[17.235076] (workspace_gz) StderrLine: {'line': b'      |   \x1b[01;31m\x1b[K^~~~~~~~~~\x1b[m\x1b[K\n'}
[17.235172] (workspace_gz) StderrLine: {'line': b'      |   \x1b[32m\x1b[KIGN_PROFILE\x1b[m\x1b[K\n'}
[17.235267] (workspace_gz) StderrLine: {'line': b'\x1b[01m\x1b[K/home/aliomacc/sti_usv/src/usv_sim/workspace_gz/plugins/ScoringPlugin.cc:468:13:\x1b[m\x1b[K \x1b[01;31m\x1b[Kerror: \x1b[m\x1b[K\xe2\x80\x98\x1b[01m\x1b[Kclass vrx::ScoringPlugin\x1b[m\x1b[K\xe2\x80\x99 has no member named \xe2\x80\x98\x1b[01m\x1b[KdataPtr\x1b[m\x1b[K\xe2\x80\x99\n'}
[17.235386] (workspace_gz) StderrLine: {'line': b'  468 |   if (this->\x1b[01;31m\x1b[KdataPtr\x1b[m\x1b[K->vehicleModel == sim::kNullEntity)\n'}
[17.235489] (workspace_gz) StderrLine: {'line': b'      |             \x1b[01;31m\x1b[K^~~~~~~\x1b[m\x1b[K\n'}
[17.235589] (workspace_gz) StderrLine: {'line': b'\x1b[01m\x1b[K/home/aliomacc/sti_usv/src/usv_sim/workspace_gz/plugins/ScoringPlugin.cc:470:53:\x1b[m\x1b[K \x1b[01;31m\x1b[Kerror: \x1b[m\x1b[K\xe2\x80\x98\x1b[01m\x1b[Kclass vrx::ScoringPlugin\x1b[m\x1b[K\xe2\x80\x99 has no member named \xe2\x80\x98\x1b[01m\x1b[KdataPtr\x1b[m\x1b[K\xe2\x80\x99\n'}
[17.235691] (workspace_gz) StderrLine: {'line': b'  470 |     auto entity = sim::entitiesFromScopedName(this->\x1b[01;31m\x1b[KdataPtr\x1b[m\x1b[K->vehicleName, _ecm);\n'}
[17.235789] (workspace_gz) StderrLine: {'line': b'      |                                                     \x1b[01;31m\x1b[K^~~~~~~\x1b[m\x1b[K\n'}
[17.235889] (workspace_gz) StderrLine: {'line': b'\x1b[01m\x1b[K/home/aliomacc/sti_usv/src/usv_sim/workspace_gz/plugins/ScoringPlugin.cc:472:13:\x1b[m\x1b[K \x1b[01;31m\x1b[Kerror: \x1b[m\x1b[K\xe2\x80\x98\x1b[01m\x1b[Kclass vrx::ScoringPlugin\x1b[m\x1b[K\xe2\x80\x99 has no member named \xe2\x80\x98\x1b[01m\x1b[KdataPtr\x1b[m\x1b[K\xe2\x80\x99\n'}
[17.235989] (workspace_gz) StderrLine: {'line': b'  472 |       this->\x1b[01;31m\x1b[KdataPtr\x1b[m\x1b[K->vehicleModel = *entity.begin();\n'}
[17.236099] (workspace_gz) StderrLine: {'line': b'      |             \x1b[01;31m\x1b[K^~~~~~~\x1b[m\x1b[K\n'}
[17.236195] (workspace_gz) StderrLine: {'line': b'\x1b[01m\x1b[K/home/aliomacc/sti_usv/src/usv_sim/workspace_gz/plugins/ScoringPlugin.cc:475:9:\x1b[m\x1b[K \x1b[01;31m\x1b[Kerror: \x1b[m\x1b[K\xe2\x80\x98\x1b[01m\x1b[Kclass vrx::ScoringPlugin\x1b[m\x1b[K\xe2\x80\x99 has no member named \xe2\x80\x98\x1b[01m\x1b[KdataPtr\x1b[m\x1b[K\xe2\x80\x99\n'}
[17.240372] (workspace_gz) StderrLine: {'line': b'  475 |   this->\x1b[01;31m\x1b[KdataPtr\x1b[m\x1b[K->UpdateTime(_info.simTime);\n'}
[17.240603] (workspace_gz) StderrLine: {'line': b'      |         \x1b[01;31m\x1b[K^~~~~~~\x1b[m\x1b[K\n'}
[17.240724] (workspace_gz) StderrLine: {'line': b'\x1b[01m\x1b[K/home/aliomacc/sti_usv/src/usv_sim/workspace_gz/plugins/ScoringPlugin.cc:477:9:\x1b[m\x1b[K \x1b[01;31m\x1b[Kerror: \x1b[m\x1b[K\xe2\x80\x98\x1b[01m\x1b[Kclass vrx::ScoringPlugin\x1b[m\x1b[K\xe2\x80\x99 has no member named \xe2\x80\x98\x1b[01m\x1b[KdataPtr\x1b[m\x1b[K\xe2\x80\x99\n'}
[17.240833] (workspace_gz) StderrLine: {'line': b'  477 |   this->\x1b[01;31m\x1b[KdataPtr\x1b[m\x1b[K->PublishStats();\n'}
[17.240934] (workspace_gz) StderrLine: {'line': b'      |         \x1b[01;31m\x1b[K^~~~~~~\x1b[m\x1b[K\n'}
[17.241047] (workspace_gz) StderrLine: {'line': b'\x1b[01m\x1b[K/home/aliomacc/sti_usv/src/usv_sim/workspace_gz/plugins/ScoringPlugin.cc:\x1b[m\x1b[K In member function \xe2\x80\x98\x1b[01m\x1b[Kdouble vrx::ScoringPlugin::Score() const\x1b[m\x1b[K\xe2\x80\x99:\n'}
[17.241152] (workspace_gz) StderrLine: {'line': b'\x1b[01m\x1b[K/home/aliomacc/sti_usv/src/usv_sim/workspace_gz/plugins/ScoringPlugin.cc:483:16:\x1b[m\x1b[K \x1b[01;31m\x1b[Kerror: \x1b[m\x1b[K\xe2\x80\x98\x1b[01m\x1b[Kconst class vrx::ScoringPlugin\x1b[m\x1b[K\xe2\x80\x99 has no member named \xe2\x80\x98\x1b[01m\x1b[KdataPtr\x1b[m\x1b[K\xe2\x80\x99\n'}
[17.241270] (workspace_gz) StderrLine: {'line': b'  483 |   return this->\x1b[01;31m\x1b[KdataPtr\x1b[m\x1b[K->score;\n'}
[17.241391] (workspace_gz) StderrLine: {'line': b'      |                \x1b[01;31m\x1b[K^~~~~~~\x1b[m\x1b[K\n'}
[17.241494] (workspace_gz) StderrLine: {'line': b'\x1b[01m\x1b[K/home/aliomacc/sti_usv/src/usv_sim/workspace_gz/plugins/ScoringPlugin.cc:\x1b[m\x1b[K In member function \xe2\x80\x98\x1b[01m\x1b[Kvoid vrx::ScoringPlugin::SetScore(double)\x1b[m\x1b[K\xe2\x80\x99:\n'}
[17.241599] (workspace_gz) StderrLine: {'line': b'\x1b[01m\x1b[K/home/aliomacc/sti_usv/src/usv_sim/workspace_gz/plugins/ScoringPlugin.cc:490:11:\x1b[m\x1b[K \x1b[01;31m\x1b[Kerror: \x1b[m\x1b[K\xe2\x80\x98\x1b[01m\x1b[Kclass vrx::ScoringPlugin\x1b[m\x1b[K\xe2\x80\x99 has no member named \xe2\x80\x98\x1b[01m\x1b[KdataPtr\x1b[m\x1b[K\xe2\x80\x99\n'}
[17.241703] (workspace_gz) StderrLine: {'line': b'  490 |     this->\x1b[01;31m\x1b[KdataPtr\x1b[m\x1b[K->score = _newScore;\n'}
[17.241805] (workspace_gz) StderrLine: {'line': b'      |           \x1b[01;31m\x1b[K^~~~~~~\x1b[m\x1b[K\n'}
[17.241907] (workspace_gz) StderrLine: {'line': b'\x1b[01m\x1b[K/home/aliomacc/sti_usv/src/usv_sim/workspace_gz/plugins/ScoringPlugin.cc:\x1b[m\x1b[K In member function \xe2\x80\x98\x1b[01m\x1b[Kstd::string vrx::ScoringPlugin::TaskName() const\x1b[m\x1b[K\xe2\x80\x99:\n'}
[17.242014] (workspace_gz) StderrLine: {'line': b'\x1b[01m\x1b[K/home/aliomacc/sti_usv/src/usv_sim/workspace_gz/plugins/ScoringPlugin.cc:496:16:\x1b[m\x1b[K \x1b[01;31m\x1b[Kerror: \x1b[m\x1b[K\xe2\x80\x98\x1b[01m\x1b[Kconst class vrx::ScoringPlugin\x1b[m\x1b[K\xe2\x80\x99 has no member named \xe2\x80\x98\x1b[01m\x1b[KdataPtr\x1b[m\x1b[K\xe2\x80\x99\n'}
[17.242119] (workspace_gz) StderrLine: {'line': b'  496 |   return this->\x1b[01;31m\x1b[KdataPtr\x1b[m\x1b[K->taskName;\n'}
[17.242215] (workspace_gz) StderrLine: {'line': b'      |                \x1b[01;31m\x1b[K^~~~~~~\x1b[m\x1b[K\n'}
[17.242325] (workspace_gz) StderrLine: {'line': b'\x1b[01m\x1b[K/home/aliomacc/sti_usv/src/usv_sim/workspace_gz/plugins/ScoringPlugin.cc:\x1b[m\x1b[K In member function \xe2\x80\x98\x1b[01m\x1b[Kstd::string vrx::ScoringPlugin::TaskState() const\x1b[m\x1b[K\xe2\x80\x99:\n'}
[17.242438] (workspace_gz) StderrLine: {'line': b'\x1b[01m\x1b[K/home/aliomacc/sti_usv/src/usv_sim/workspace_gz/plugins/ScoringPlugin.cc:502:16:\x1b[m\x1b[K \x1b[01;31m\x1b[Kerror: \x1b[m\x1b[K\xe2\x80\x98\x1b[01m\x1b[Kconst class vrx::ScoringPlugin\x1b[m\x1b[K\xe2\x80\x99 has no member named \xe2\x80\x98\x1b[01m\x1b[KdataPtr\x1b[m\x1b[K\xe2\x80\x99\n'}
[17.242544] (workspace_gz) StderrLine: {'line': b'  502 |   return this->\x1b[01;31m\x1b[KdataPtr\x1b[m\x1b[K->taskState;\n'}
[17.242649] (workspace_gz) StderrLine: {'line': b'      |                \x1b[01;31m\x1b[K^~~~~~~\x1b[m\x1b[K\n'}
[17.242751] (workspace_gz) StderrLine: {'line': b'\x1b[01m\x1b[K/home/aliomacc/sti_usv/src/usv_sim/workspace_gz/plugins/ScoringPlugin.cc:\x1b[m\x1b[K In member function \xe2\x80\x98\x1b[01m\x1b[Kdouble vrx::ScoringPlugin::RunningStateDuration() const\x1b[m\x1b[K\xe2\x80\x99:\n'}
[17.242857] (workspace_gz) StderrLine: {'line': b'\x1b[01m\x1b[K/home/aliomacc/sti_usv/src/usv_sim/workspace_gz/plugins/ScoringPlugin.cc:508:16:\x1b[m\x1b[K \x1b[01;31m\x1b[Kerror: \x1b[m\x1b[K\xe2\x80\x98\x1b[01m\x1b[Kconst class vrx::ScoringPlugin\x1b[m\x1b[K\xe2\x80\x99 has no member named \xe2\x80\x98\x1b[01m\x1b[KdataPtr\x1b[m\x1b[K\xe2\x80\x99\n'}
[17.242972] (workspace_gz) StderrLine: {'line': b'  508 |   return this->\x1b[01;31m\x1b[KdataPtr\x1b[m\x1b[K->runningStateDuration;\n'}
[17.243071] (workspace_gz) StderrLine: {'line': b'      |                \x1b[01;31m\x1b[K^~~~~~~\x1b[m\x1b[K\n'}
[17.243173] (workspace_gz) StderrLine: {'line': b'\x1b[01m\x1b[K/home/aliomacc/sti_usv/src/usv_sim/workspace_gz/plugins/ScoringPlugin.cc:\x1b[m\x1b[K In member function \xe2\x80\x98\x1b[01m\x1b[Kstd::chrono::duration<double> vrx::ScoringPlugin::ElapsedTime() const\x1b[m\x1b[K\xe2\x80\x99:\n'}
[17.243286] (workspace_gz) StderrLine: {'line': b'\x1b[01m\x1b[K/home/aliomacc/sti_usv/src/usv_sim/workspace_gz/plugins/ScoringPlugin.cc:514:16:\x1b[m\x1b[K \x1b[01;31m\x1b[Kerror: \x1b[m\x1b[K\xe2\x80\x98\x1b[01m\x1b[Kconst class vrx::ScoringPlugin\x1b[m\x1b[K\xe2\x80\x99 has no member named \xe2\x80\x98\x1b[01m\x1b[KdataPtr\x1b[m\x1b[K\xe2\x80\x99\n'}
[17.243406] (workspace_gz) StderrLine: {'line': b'  514 |   return this->\x1b[01;31m\x1b[KdataPtr\x1b[m\x1b[K->elapsedTime;\n'}
[17.243507] (workspace_gz) StderrLine: {'line': b'      |                \x1b[01;31m\x1b[K^~~~~~~\x1b[m\x1b[K\n'}
[17.243608] (workspace_gz) StderrLine: {'line': b'\x1b[01m\x1b[K/home/aliomacc/sti_usv/src/usv_sim/workspace_gz/plugins/ScoringPlugin.cc:\x1b[m\x1b[K In member function \xe2\x80\x98\x1b[01m\x1b[Kstd::chrono::duration<double> vrx::ScoringPlugin::RemainingTime() const\x1b[m\x1b[K\xe2\x80\x99:\n'}
[17.243709] (workspace_gz) StderrLine: {'line': b'\x1b[01m\x1b[K/home/aliomacc/sti_usv/src/usv_sim/workspace_gz/plugins/ScoringPlugin.cc:520:16:\x1b[m\x1b[K \x1b[01;31m\x1b[Kerror: \x1b[m\x1b[K\xe2\x80\x98\x1b[01m\x1b[Kconst class vrx::ScoringPlugin\x1b[m\x1b[K\xe2\x80\x99 has no member named \xe2\x80\x98\x1b[01m\x1b[KdataPtr\x1b[m\x1b[K\xe2\x80\x99\n'}
[17.243814] (workspace_gz) StderrLine: {'line': b'  520 |   return this->\x1b[01;31m\x1b[KdataPtr\x1b[m\x1b[K->remainingTime;\n'}
[17.243903] (workspace_gz) StderrLine: {'line': b'      |                \x1b[01;31m\x1b[K^~~~~~~\x1b[m\x1b[K\n'}
[17.243991] (workspace_gz) StderrLine: {'line': b'\x1b[01m\x1b[K/home/aliomacc/sti_usv/src/usv_sim/workspace_gz/plugins/ScoringPlugin.cc:\x1b[m\x1b[K In member function \xe2\x80\x98\x1b[01m\x1b[Kvoid vrx::ScoringPlugin::SetTimeoutScore(double)\x1b[m\x1b[K\xe2\x80\x99:\n'}
[17.244083] (workspace_gz) StderrLine: {'line': b'\x1b[01m\x1b[K/home/aliomacc/sti_usv/src/usv_sim/workspace_gz/plugins/ScoringPlugin.cc:526:9:\x1b[m\x1b[K \x1b[01;31m\x1b[Kerror: \x1b[m\x1b[K\xe2\x80\x98\x1b[01m\x1b[Kclass vrx::ScoringPlugin\x1b[m\x1b[K\xe2\x80\x99 has no member named \xe2\x80\x98\x1b[01m\x1b[KdataPtr\x1b[m\x1b[K\xe2\x80\x99\n'}
[17.244176] (workspace_gz) StderrLine: {'line': b'  526 |   this->\x1b[01;31m\x1b[KdataPtr\x1b[m\x1b[K->timeoutScore = _timeoutScore;\n'}
[17.244271] (workspace_gz) StderrLine: {'line': b'      |         \x1b[01;31m\x1b[K^~~~~~~\x1b[m\x1b[K\n'}
[17.250559] (workspace_gz) StderrLine: {'line': b'\x1b[01m\x1b[K/home/aliomacc/sti_usv/src/usv_sim/workspace_gz/plugins/ScoringPlugin.cc:\x1b[m\x1b[K In member function \xe2\x80\x98\x1b[01m\x1b[Kdouble vrx::ScoringPlugin::TimeoutScore() const\x1b[m\x1b[K\xe2\x80\x99:\n'}
[17.250711] (workspace_gz) StderrLine: {'line': b'\x1b[01m\x1b[K/home/aliomacc/sti_usv/src/usv_sim/workspace_gz/plugins/ScoringPlugin.cc:532:16:\x1b[m\x1b[K \x1b[01;31m\x1b[Kerror: \x1b[m\x1b[K\xe2\x80\x98\x1b[01m\x1b[Kconst class vrx::ScoringPlugin\x1b[m\x1b[K\xe2\x80\x99 has no member named \xe2\x80\x98\x1b[01m\x1b[KdataPtr\x1b[m\x1b[K\xe2\x80\x99\n'}
[17.250831] (workspace_gz) StderrLine: {'line': b'  532 |   return this->\x1b[01;31m\x1b[KdataPtr\x1b[m\x1b[K->timeoutScore;\n'}
[17.250937] (workspace_gz) StderrLine: {'line': b'      |                \x1b[01;31m\x1b[K^~~~~~~\x1b[m\x1b[K\n'}
[17.251037] (workspace_gz) StderrLine: {'line': b'\x1b[01m\x1b[K/home/aliomacc/sti_usv/src/usv_sim/workspace_gz/plugins/ScoringPlugin.cc:\x1b[m\x1b[K In member function \xe2\x80\x98\x1b[01m\x1b[Kvoid vrx::ScoringPlugin::Finish()\x1b[m\x1b[K\xe2\x80\x99:\n'}
[17.251143] (workspace_gz) StderrLine: {'line': b'\x1b[01m\x1b[K/home/aliomacc/sti_usv/src/usv_sim/workspace_gz/plugins/ScoringPlugin.cc:538:13:\x1b[m\x1b[K \x1b[01;31m\x1b[Kerror: \x1b[m\x1b[K\xe2\x80\x98\x1b[01m\x1b[Kclass vrx::ScoringPlugin\x1b[m\x1b[K\xe2\x80\x99 has no member named \xe2\x80\x98\x1b[01m\x1b[KdataPtr\x1b[m\x1b[K\xe2\x80\x99\n'}
[17.251255] (workspace_gz) StderrLine: {'line': b'  538 |   if (this->\x1b[01;31m\x1b[KdataPtr\x1b[m\x1b[K->taskState == "finished")\n'}
[17.251376] (workspace_gz) StderrLine: {'line': b'      |             \x1b[01;31m\x1b[K^~~~~~~\x1b[m\x1b[K\n'}
[17.251480] (workspace_gz) StderrLine: {'line': b'\x1b[01m\x1b[K/home/aliomacc/sti_usv/src/usv_sim/workspace_gz/plugins/ScoringPlugin.cc:541:9:\x1b[m\x1b[K \x1b[01;31m\x1b[Kerror: \x1b[m\x1b[K\xe2\x80\x98\x1b[01m\x1b[Kclass vrx::ScoringPlugin\x1b[m\x1b[K\xe2\x80\x99 has no member named \xe2\x80\x98\x1b[01m\x1b[KdataPtr\x1b[m\x1b[K\xe2\x80\x99\n'}
[17.251595] (workspace_gz) StderrLine: {'line': b'  541 |   this->\x1b[01;31m\x1b[KdataPtr\x1b[m\x1b[K->taskState = "finished";\n'}
[17.251696] (workspace_gz) StderrLine: {'line': b'      |         \x1b[01;31m\x1b[K^~~~~~~\x1b[m\x1b[K\n'}
[17.251797] (workspace_gz) StderrLine: {'line': b'\x1b[01m\x1b[K/home/aliomacc/sti_usv/src/usv_sim/workspace_gz/plugins/ScoringPlugin.cc:542:9:\x1b[m\x1b[K \x1b[01;31m\x1b[Kerror: \x1b[m\x1b[K\xe2\x80\x98\x1b[01m\x1b[Kclass vrx::ScoringPlugin\x1b[m\x1b[K\xe2\x80\x99 has no member named \xe2\x80\x98\x1b[01m\x1b[KdataPtr\x1b[m\x1b[K\xe2\x80\x99\n'}
[17.251898] (workspace_gz) StderrLine: {'line': b'  542 |   this->\x1b[01;31m\x1b[KdataPtr\x1b[m\x1b[K->exitTime = this->dataPtr->currentTime +\n'}
[17.251995] (workspace_gz) StderrLine: {'line': b'      |         \x1b[01;31m\x1b[K^~~~~~~\x1b[m\x1b[K\n'}
[17.252096] (workspace_gz) StderrLine: {'line': b'\x1b[01m\x1b[K/home/aliomacc/sti_usv/src/usv_sim/workspace_gz/plugins/ScoringPlugin.cc:542:35:\x1b[m\x1b[K \x1b[01;31m\x1b[Kerror: \x1b[m\x1b[K\xe2\x80\x98\x1b[01m\x1b[Kclass vrx::ScoringPlugin\x1b[m\x1b[K\xe2\x80\x99 has no member named \xe2\x80\x98\x1b[01m\x1b[KdataPtr\x1b[m\x1b[K\xe2\x80\x99\n'}
[17.252195] (workspace_gz) StderrLine: {'line': b'  542 |   this->dataPtr->exitTime = this->\x1b[01;31m\x1b[KdataPtr\x1b[m\x1b[K->currentTime +\n'}
[17.252303] (workspace_gz) StderrLine: {'line': b'      |                                   \x1b[01;31m\x1b[K^~~~~~~\x1b[m\x1b[K\n'}
[17.252417] (workspace_gz) StderrLine: {'line': b'\x1b[01m\x1b[K/home/aliomacc/sti_usv/src/usv_sim/workspace_gz/plugins/ScoringPlugin.cc:543:41:\x1b[m\x1b[K \x1b[01;31m\x1b[Kerror: \x1b[m\x1b[K\xe2\x80\x98\x1b[01m\x1b[Kclass vrx::ScoringPlugin\x1b[m\x1b[K\xe2\x80\x99 has no member named \xe2\x80\x98\x1b[01m\x1b[KdataPtr\x1b[m\x1b[K\xe2\x80\x99\n'}
[17.252521] (workspace_gz) StderrLine: {'line': b'  543 |     std::chrono::duration<double>(this->\x1b[01;31m\x1b[KdataPtr\x1b[m\x1b[K->exitDelay);\n'}
[17.252623] (workspace_gz) StderrLine: {'line': b'      |                                         \x1b[01;31m\x1b[K^~~~~~~\x1b[m\x1b[K\n'}
[17.252724] (workspace_gz) StderrLine: {'line': b'\x1b[01m\x1b[K/home/aliomacc/sti_usv/src/usv_sim/workspace_gz/plugins/ScoringPlugin.cc:\x1b[m\x1b[K In member function \xe2\x80\x98\x1b[01m\x1b[Kstd::string vrx::ScoringPlugin::VehicleName() const\x1b[m\x1b[K\xe2\x80\x99:\n'}
[17.252827] (workspace_gz) StderrLine: {'line': b'\x1b[01m\x1b[K/home/aliomacc/sti_usv/src/usv_sim/workspace_gz/plugins/ScoringPlugin.cc:550:16:\x1b[m\x1b[K \x1b[01;31m\x1b[Kerror: \x1b[m\x1b[K\xe2\x80\x98\x1b[01m\x1b[Kconst class vrx::ScoringPlugin\x1b[m\x1b[K\xe2\x80\x99 has no member named \xe2\x80\x98\x1b[01m\x1b[KdataPtr\x1b[m\x1b[K\xe2\x80\x99\n'}
[17.252932] (workspace_gz) StderrLine: {'line': b'  550 |   return this->\x1b[01;31m\x1b[KdataPtr\x1b[m\x1b[K->vehicleName;\n'}
[17.253032] (workspace_gz) StderrLine: {'line': b'      |                \x1b[01;31m\x1b[K^~~~~~~\x1b[m\x1b[K\n'}
[17.253133] (workspace_gz) StderrLine: {'line': b'\x1b[01m\x1b[K/home/aliomacc/sti_usv/src/usv_sim/workspace_gz/plugins/ScoringPlugin.cc:\x1b[m\x1b[K At global scope:\n'}
[17.253236] (workspace_gz) StderrLine: {'line': b'\x1b[01m\x1b[K/home/aliomacc/sti_usv/src/usv_sim/workspace_gz/plugins/ScoringPlugin.cc:554:11:\x1b[m\x1b[K \x1b[01;31m\x1b[Kerror: \x1b[m\x1b[K\xe2\x80\x98\x1b[01m\x1b[Ksim\x1b[m\x1b[K\xe2\x80\x99 in namespace \xe2\x80\x98\x1b[01m\x1b[Kignition\x1b[m\x1b[K\xe2\x80\x99 does not name a type\n'}
[17.260385] (workspace_gz) StderrLine: {'line': b'  554 | ignition::\x1b[01;31m\x1b[Ksim\x1b[m\x1b[K::Entity ScoringPlugin::VehicleEntity() const\n'}
[17.260553] (workspace_gz) StderrLine: {'line': b'      |           \x1b[01;31m\x1b[K^~~\x1b[m\x1b[K\n'}
[17.260662] (workspace_gz) StderrLine: {'line': b'\x1b[01m\x1b[K/home/aliomacc/sti_usv/src/usv_sim/workspace_gz/plugins/ScoringPlugin.cc:\x1b[m\x1b[K In member function \xe2\x80\x98\x1b[01m\x1b[Kuint16_t vrx::ScoringPlugin::NumCollisions() const\x1b[m\x1b[K\xe2\x80\x99:\n'}
[17.260765] (workspace_gz) StderrLine: {'line': b'\x1b[01m\x1b[K/home/aliomacc/sti_usv/src/usv_sim/workspace_gz/plugins/ScoringPlugin.cc:562:16:\x1b[m\x1b[K \x1b[01;31m\x1b[Kerror: \x1b[m\x1b[K\xe2\x80\x98\x1b[01m\x1b[Kconst class vrx::ScoringPlugin\x1b[m\x1b[K\xe2\x80\x99 has no member named \xe2\x80\x98\x1b[01m\x1b[KdataPtr\x1b[m\x1b[K\xe2\x80\x99\n'}
[17.260866] (workspace_gz) StderrLine: {'line': b'  562 |   return this->\x1b[01;31m\x1b[KdataPtr\x1b[m\x1b[K->numCollisions;\n'}
[17.260964] (workspace_gz) StderrLine: {'line': b'      |                \x1b[01;31m\x1b[K^~~~~~~\x1b[m\x1b[K\n'}
[17.261075] (workspace_gz) StderrLine: {'line': b'\x1b[01m\x1b[K/home/aliomacc/sti_usv/src/usv_sim/workspace_gz/plugins/ScoringPlugin.cc:\x1b[m\x1b[K In member function \xe2\x80\x98\x1b[01m\x1b[Kvirtual void vrx::ScoringPlugin::OnReady()\x1b[m\x1b[K\xe2\x80\x99:\n'}
[17.261182] (workspace_gz) StderrLine: {'line': b'\x1b[01m\x1b[K/home/aliomacc/sti_usv/src/usv_sim/workspace_gz/plugins/ScoringPlugin.cc:568:14:\x1b[m\x1b[K \x1b[01;31m\x1b[Kerror: \x1b[m\x1b[K\xe2\x80\x98\x1b[01m\x1b[Kclass vrx::ScoringPlugin\x1b[m\x1b[K\xe2\x80\x99 has no member named \xe2\x80\x98\x1b[01m\x1b[KdataPtr\x1b[m\x1b[K\xe2\x80\x99\n'}
[17.261293] (workspace_gz) StderrLine: {'line': b'  568 |   if (!this->\x1b[01;31m\x1b[KdataPtr\x1b[m\x1b[K->silent)\n'}
[17.261407] (workspace_gz) StderrLine: {'line': b'      |              \x1b[01;31m\x1b[K^~~~~~~\x1b[m\x1b[K\n'}
[17.261508] (workspace_gz) StderrLine: {'line': b'\x1b[01m\x1b[K/home/aliomacc/sti_usv/src/usv_sim/workspace_gz/plugins/ScoringPlugin.cc:\x1b[m\x1b[K In member function \xe2\x80\x98\x1b[01m\x1b[Kvirtual void vrx::ScoringPlugin::OnRunning()\x1b[m\x1b[K\xe2\x80\x99:\n'}
[17.261620] (workspace_gz) StderrLine: {'line': b'\x1b[01m\x1b[K/home/aliomacc/sti_usv/src/usv_sim/workspace_gz/plugins/ScoringPlugin.cc:578:14:\x1b[m\x1b[K \x1b[01;31m\x1b[Kerror: \x1b[m\x1b[K\xe2\x80\x98\x1b[01m\x1b[Kclass vrx::ScoringPlugin\x1b[m\x1b[K\xe2\x80\x99 has no member named \xe2\x80\x98\x1b[01m\x1b[KdataPtr\x1b[m\x1b[K\xe2\x80\x99\n'}
[17.261725] (workspace_gz) StderrLine: {'line': b'  578 |   if (!this->\x1b[01;31m\x1b[KdataPtr\x1b[m\x1b[K->silent)\n'}
[17.261823] (workspace_gz) StderrLine: {'line': b'      |              \x1b[01;31m\x1b[K^~~~~~~\x1b[m\x1b[K\n'}
[17.261921] (workspace_gz) StderrLine: {'line': b'\x1b[01m\x1b[K/home/aliomacc/sti_usv/src/usv_sim/workspace_gz/plugins/ScoringPlugin.cc:\x1b[m\x1b[K In member function \xe2\x80\x98\x1b[01m\x1b[Kvirtual void vrx::ScoringPlugin::OnFinished()\x1b[m\x1b[K\xe2\x80\x99:\n'}
[17.262021] (workspace_gz) StderrLine: {'line': b'\x1b[01m\x1b[K/home/aliomacc/sti_usv/src/usv_sim/workspace_gz/plugins/ScoringPlugin.cc:588:14:\x1b[m\x1b[K \x1b[01;31m\x1b[Kerror: \x1b[m\x1b[K\xe2\x80\x98\x1b[01m\x1b[Kclass vrx::ScoringPlugin\x1b[m\x1b[K\xe2\x80\x99 has no member named \xe2\x80\x98\x1b[01m\x1b[KdataPtr\x1b[m\x1b[K\xe2\x80\x99\n'}
[17.262123] (workspace_gz) StderrLine: {'line': b'  588 |   if (!this->\x1b[01;31m\x1b[KdataPtr\x1b[m\x1b[K->silent)\n'}
[17.262224] (workspace_gz) StderrLine: {'line': b'      |              \x1b[01;31m\x1b[K^~~~~~~\x1b[m\x1b[K\n'}
[17.262337] (workspace_gz) StderrLine: {'line': b'\x1b[01m\x1b[K/home/aliomacc/sti_usv/src/usv_sim/workspace_gz/plugins/ScoringPlugin.cc:591:20:\x1b[m\x1b[K \x1b[01;31m\x1b[Kerror: \x1b[m\x1b[K\xe2\x80\x98\x1b[01m\x1b[Kclass vrx::ScoringPlugin\x1b[m\x1b[K\xe2\x80\x99 has no member named \xe2\x80\x98\x1b[01m\x1b[KdataPtr\x1b[m\x1b[K\xe2\x80\x99\n'}
[17.262454] (workspace_gz) StderrLine: {'line': b'  591 |           << this->\x1b[01;31m\x1b[KdataPtr\x1b[m\x1b[K->currentTime.count()  << std::endl;\n'}
[17.262556] (workspace_gz) StderrLine: {'line': b'      |                    \x1b[01;31m\x1b[K^~~~~~~\x1b[m\x1b[K\n'}
[17.262659] (workspace_gz) StderrLine: {'line': b'\x1b[01m\x1b[K/home/aliomacc/sti_usv/src/usv_sim/workspace_gz/plugins/ScoringPlugin.cc:596:13:\x1b[m\x1b[K \x1b[01;31m\x1b[Kerror: \x1b[m\x1b[K\xe2\x80\x98\x1b[01m\x1b[Kclass vrx::ScoringPlugin\x1b[m\x1b[K\xe2\x80\x99 has no member named \xe2\x80\x98\x1b[01m\x1b[KdataPtr\x1b[m\x1b[K\xe2\x80\x99\n'}
[17.262763] (workspace_gz) StderrLine: {'line': b'  596 |   if (this->\x1b[01;31m\x1b[KdataPtr\x1b[m\x1b[K->timedOut && this->dataPtr->timeoutScore > 0.0)\n'}
[17.262853] (workspace_gz) StderrLine: {'line': b'      |             \x1b[01;31m\x1b[K^~~~~~~\x1b[m\x1b[K\n'}
[17.262943] (workspace_gz) StderrLine: {'line': b'\x1b[01m\x1b[K/home/aliomacc/sti_usv/src/usv_sim/workspace_gz/plugins/ScoringPlugin.cc:596:40:\x1b[m\x1b[K \x1b[01;31m\x1b[Kerror: \x1b[m\x1b[K\xe2\x80\x98\x1b[01m\x1b[Kclass vrx::ScoringPlugin\x1b[m\x1b[K\xe2\x80\x99 has no member named \xe2\x80\x98\x1b[01m\x1b[KdataPtr\x1b[m\x1b[K\xe2\x80\x99\n'}
[17.263040] (workspace_gz) StderrLine: {'line': b'  596 |   if (this->dataPtr->timedOut && this->\x1b[01;31m\x1b[KdataPtr\x1b[m\x1b[K->timeoutScore > 0.0)\n'}
[17.263139] (workspace_gz) StderrLine: {'line': b'      |                                        \x1b[01;31m\x1b[K^~~~~~~\x1b[m\x1b[K\n'}
[17.263239] (workspace_gz) StderrLine: {'line': b'\x1b[01m\x1b[K/home/aliomacc/sti_usv/src/usv_sim/workspace_gz/plugins/ScoringPlugin.cc:598:11:\x1b[m\x1b[K \x1b[01;31m\x1b[Kerror: \x1b[m\x1b[K\xe2\x80\x98\x1b[01m\x1b[Kclass vrx::ScoringPlugin\x1b[m\x1b[K\xe2\x80\x99 has no member named \xe2\x80\x98\x1b[01m\x1b[KdataPtr\x1b[m\x1b[K\xe2\x80\x99\n'}
[17.263855] (workspace_gz) StderrLine: {'line': b'  598 |     this->\x1b[01;31m\x1b[KdataPtr\x1b[m\x1b[K->score = this->dataPtr->timeoutScore;\n'}
[17.263975] (workspace_gz) StderrLine: {'line': b'      |           \x1b[01;31m\x1b[K^~~~~~~\x1b[m\x1b[K\n'}
[17.264080] (workspace_gz) StderrLine: {'line': b'\x1b[01m\x1b[K/home/aliomacc/sti_usv/src/usv_sim/workspace_gz/plugins/ScoringPlugin.cc:598:34:\x1b[m\x1b[K \x1b[01;31m\x1b[Kerror: \x1b[m\x1b[K\xe2\x80\x98\x1b[01m\x1b[Kclass vrx::ScoringPlugin\x1b[m\x1b[K\xe2\x80\x99 has no member named \xe2\x80\x98\x1b[01m\x1b[KdataPtr\x1b[m\x1b[K\xe2\x80\x99\n'}
[17.264185] (workspace_gz) StderrLine: {'line': b'  598 |     this->dataPtr->score = this->\x1b[01;31m\x1b[KdataPtr\x1b[m\x1b[K->timeoutScore;\n'}
[17.264296] (workspace_gz) StderrLine: {'line': b'      |                                  \x1b[01;31m\x1b[K^~~~~~~\x1b[m\x1b[K\n'}
[17.264409] (workspace_gz) StderrLine: {'line': b'\x1b[01m\x1b[K/home/aliomacc/sti_usv/src/usv_sim/workspace_gz/plugins/ScoringPlugin.cc:600:9:\x1b[m\x1b[K \x1b[01;31m\x1b[Kerror: \x1b[m\x1b[K\xe2\x80\x98\x1b[01m\x1b[Kclass vrx::ScoringPlugin\x1b[m\x1b[K\xe2\x80\x99 has no member named \xe2\x80\x98\x1b[01m\x1b[KdataPtr\x1b[m\x1b[K\xe2\x80\x99\n'}
[17.264514] (workspace_gz) StderrLine: {'line': b'  600 |   this->\x1b[01;31m\x1b[KdataPtr\x1b[m\x1b[K->UpdateTaskMessage();\n'}
[17.264615] (workspace_gz) StderrLine: {'line': b'      |         \x1b[01;31m\x1b[K^~~~~~~\x1b[m\x1b[K\n'}
[17.264715] (workspace_gz) StderrLine: {'line': b'\x1b[01m\x1b[K/home/aliomacc/sti_usv/src/usv_sim/workspace_gz/plugins/ScoringPlugin.cc:601:9:\x1b[m\x1b[K \x1b[01;31m\x1b[Kerror: \x1b[m\x1b[K\xe2\x80\x98\x1b[01m\x1b[Kclass vrx::ScoringPlugin\x1b[m\x1b[K\xe2\x80\x99 has no member named \xe2\x80\x98\x1b[01m\x1b[KdataPtr\x1b[m\x1b[K\xe2\x80\x99\n'}
[17.264836] (workspace_gz) StderrLine: {'line': b'  601 |   this->\x1b[01;31m\x1b[KdataPtr\x1b[m\x1b[K->taskPub.Publish(this->dataPtr->taskMsg);\n'}
[17.264936] (workspace_gz) StderrLine: {'line': b'      |         \x1b[01;31m\x1b[K^~~~~~~\x1b[m\x1b[K\n'}
[17.265042] (workspace_gz) StderrLine: {'line': b'\x1b[01m\x1b[K/home/aliomacc/sti_usv/src/usv_sim/workspace_gz/plugins/ScoringPlugin.cc:601:40:\x1b[m\x1b[K \x1b[01;31m\x1b[Kerror: \x1b[m\x1b[K\xe2\x80\x98\x1b[01m\x1b[Kclass vrx::ScoringPlugin\x1b[m\x1b[K\xe2\x80\x99 has no member named \xe2\x80\x98\x1b[01m\x1b[KdataPtr\x1b[m\x1b[K\xe2\x80\x99\n'}
[17.265145] (workspace_gz) StderrLine: {'line': b'  601 |   this->dataPtr->taskPub.Publish(this->\x1b[01;31m\x1b[KdataPtr\x1b[m\x1b[K->taskMsg);\n'}
[17.265244] (workspace_gz) StderrLine: {'line': b'      |                                        \x1b[01;31m\x1b[K^~~~~~~\x1b[m\x1b[K\n'}
[17.265360] (workspace_gz) StderrLine: {'line': b'\x1b[01m\x1b[K/home/aliomacc/sti_usv/src/usv_sim/workspace_gz/plugins/ScoringPlugin.cc:\x1b[m\x1b[K In member function \xe2\x80\x98\x1b[01m\x1b[Kvoid vrx::ScoringPlugin::OnContacts(const ignition::msgs::Contacts&)\x1b[m\x1b[K\xe2\x80\x99:\n'}
[17.265467] (workspace_gz) StderrLine: {'line': b'\x1b[01m\x1b[K/home/aliomacc/sti_usv/src/usv_sim/workspace_gz/plugins/ScoringPlugin.cc:623:14:\x1b[m\x1b[K \x1b[01;31m\x1b[Kerror: \x1b[m\x1b[K\xe2\x80\x98\x1b[01m\x1b[Kclass vrx::ScoringPlugin\x1b[m\x1b[K\xe2\x80\x99 has no member named \xe2\x80\x98\x1b[01m\x1b[KdataPtr\x1b[m\x1b[K\xe2\x80\x99\n'}
[17.265579] (workspace_gz) StderrLine: {'line': b'  623 |       (this->\x1b[01;31m\x1b[KdataPtr\x1b[m\x1b[K->currentTime - this->dataPtr->lastCollisionTime).count() >\n'}
[17.265681] (workspace_gz) StderrLine: {'line': b'      |              \x1b[01;31m\x1b[K^~~~~~~\x1b[m\x1b[K\n'}
[17.265775] (workspace_gz) StderrLine: {'line': b'\x1b[01m\x1b[K/home/aliomacc/sti_usv/src/usv_sim/workspace_gz/plugins/ScoringPlugin.cc:623:43:\x1b[m\x1b[K \x1b[01;31m\x1b[Kerror: \x1b[m\x1b[K\xe2\x80\x98\x1b[01m\x1b[Kclass vrx::ScoringPlugin\x1b[m\x1b[K\xe2\x80\x99 has no member named \xe2\x80\x98\x1b[01m\x1b[KdataPtr\x1b[m\x1b[K\xe2\x80\x99\n'}
[17.265866] (workspace_gz) StderrLine: {'line': b'  623 |       (this->dataPtr->currentTime - this->\x1b[01;31m\x1b[KdataPtr\x1b[m\x1b[K->lastCollisionTime).count() >\n'}
[17.265965] (workspace_gz) StderrLine: {'line': b'      |                                           \x1b[01;31m\x1b[K^~~~~~~\x1b[m\x1b[K\n'}
[17.266065] (workspace_gz) StderrLine: {'line': b'\x1b[01m\x1b[K/home/aliomacc/sti_usv/src/usv_sim/workspace_gz/plugins/ScoringPlugin.cc:624:13:\x1b[m\x1b[K \x1b[01;31m\x1b[Kerror: \x1b[m\x1b[K\xe2\x80\x98\x1b[01m\x1b[Kclass vrx::ScoringPlugin\x1b[m\x1b[K\xe2\x80\x99 has no member named \xe2\x80\x98\x1b[01m\x1b[KdataPtr\x1b[m\x1b[K\xe2\x80\x99\n'}
[17.266168] (workspace_gz) StderrLine: {'line': b'  624 |       this->\x1b[01;31m\x1b[KdataPtr\x1b[m\x1b[K->collisionBuffer;\n'}
[17.266271] (workspace_gz) StderrLine: {'line': b'      |             \x1b[01;31m\x1b[K^~~~~~~\x1b[m\x1b[K\n'}
[17.266393] (workspace_gz) StderrLine: {'line': b'\x1b[01m\x1b[K/home/aliomacc/sti_usv/src/usv_sim/workspace_gz/plugins/ScoringPlugin.cc:628:15:\x1b[m\x1b[K \x1b[01;31m\x1b[Kerror: \x1b[m\x1b[K\xe2\x80\x98\x1b[01m\x1b[Kclass vrx::ScoringPlugin\x1b[m\x1b[K\xe2\x80\x99 has no member named \xe2\x80\x98\x1b[01m\x1b[KdataPtr\x1b[m\x1b[K\xe2\x80\x99\n'}
[17.266502] (workspace_gz) StderrLine: {'line': b'  628 |       ++this->\x1b[01;31m\x1b[KdataPtr\x1b[m\x1b[K->numCollisions;\n'}
[17.266601] (workspace_gz) StderrLine: {'line': b'      |               \x1b[01;31m\x1b[K^~~~~~~\x1b[m\x1b[K\n'}
[17.266700] (workspace_gz) StderrLine: {'line': b'\x1b[01m\x1b[K/home/aliomacc/sti_usv/src/usv_sim/workspace_gz/plugins/ScoringPlugin.cc:629:18:\x1b[m\x1b[K \x1b[01;31m\x1b[Kerror: \x1b[m\x1b[K\xe2\x80\x98\x1b[01m\x1b[Kclass vrx::ScoringPlugin\x1b[m\x1b[K\xe2\x80\x99 has no member named \xe2\x80\x98\x1b[01m\x1b[KdataPtr\x1b[m\x1b[K\xe2\x80\x99\n'}
[17.266798] (workspace_gz) StderrLine: {'line': b'  629 |       if (!this->\x1b[01;31m\x1b[KdataPtr\x1b[m\x1b[K->silent)\n'}
[17.266898] (workspace_gz) StderrLine: {'line': b'      |                  \x1b[01;31m\x1b[K^~~~~~~\x1b[m\x1b[K\n'}
[17.267009] (workspace_gz) StderrLine: {'line': b'\x1b[01m\x1b[K/home/aliomacc/sti_usv/src/usv_sim/workspace_gz/plugins/ScoringPlugin.cc:631:32:\x1b[m\x1b[K \x1b[01;31m\x1b[Kerror: \x1b[m\x1b[K\xe2\x80\x98\x1b[01m\x1b[Kclass vrx::ScoringPlugin\x1b[m\x1b[K\xe2\x80\x99 has no member named \xe2\x80\x98\x1b[01m\x1b[KdataPtr\x1b[m\x1b[K\xe2\x80\x99\n'}
[17.267111] (workspace_gz) StderrLine: {'line': b'  631 |         igndbg << "[" << this->\x1b[01;31m\x1b[KdataPtr\x1b[m\x1b[K->numCollisions\n'}
[17.267210] (workspace_gz) StderrLine: {'line': b'      |                                \x1b[01;31m\x1b[K^~~~~~~\x1b[m\x1b[K\n'}
[17.272455] (workspace_gz) StderrLine: {'line': b'\x1b[01m\x1b[K/home/aliomacc/sti_usv/src/usv_sim/workspace_gz/plugins/ScoringPlugin.cc:638:13:\x1b[m\x1b[K \x1b[01;31m\x1b[Kerror: \x1b[m\x1b[K\xe2\x80\x98\x1b[01m\x1b[Kclass vrx::ScoringPlugin\x1b[m\x1b[K\xe2\x80\x99 has no member named \xe2\x80\x98\x1b[01m\x1b[KdataPtr\x1b[m\x1b[K\xe2\x80\x99\n'}
[17.272664] (workspace_gz) StderrLine: {'line': b'  638 |       this->\x1b[01;31m\x1b[KdataPtr\x1b[m\x1b[K->lastCollisionTime = this->dataPtr->currentTime;\n'}
[17.272778] (workspace_gz) StderrLine: {'line': b'      |             \x1b[01;31m\x1b[K^~~~~~~\x1b[m\x1b[K\n'}
[17.272884] (workspace_gz) StderrLine: {'line': b'\x1b[01m\x1b[K/home/aliomacc/sti_usv/src/usv_sim/workspace_gz/plugins/ScoringPlugin.cc:638:48:\x1b[m\x1b[K \x1b[01;31m\x1b[Kerror: \x1b[m\x1b[K\xe2\x80\x98\x1b[01m\x1b[Kclass vrx::ScoringPlugin\x1b[m\x1b[K\xe2\x80\x99 has no member named \xe2\x80\x98\x1b[01m\x1b[KdataPtr\x1b[m\x1b[K\xe2\x80\x99\n'}
[17.272991] (workspace_gz) StderrLine: {'line': b'  638 |       this->dataPtr->lastCollisionTime = this->\x1b[01;31m\x1b[KdataPtr\x1b[m\x1b[K->currentTime;\n'}
[17.273094] (workspace_gz) StderrLine: {'line': b'      |                                                \x1b[01;31m\x1b[K^~~~~~~\x1b[m\x1b[K\n'}
[17.273199] (workspace_gz) StderrLine: {'line': b'\x1b[01m\x1b[K/home/aliomacc/sti_usv/src/usv_sim/workspace_gz/plugins/ScoringPlugin.cc:640:13:\x1b[m\x1b[K \x1b[01;31m\x1b[Kerror: \x1b[m\x1b[K\xe2\x80\x98\x1b[01m\x1b[Kclass vrx::ScoringPlugin\x1b[m\x1b[K\xe2\x80\x99 has no member named \xe2\x80\x98\x1b[01m\x1b[KdataPtr\x1b[m\x1b[K\xe2\x80\x99\n'}
[17.273318] (workspace_gz) StderrLine: {'line': b'  640 |       this->\x1b[01;31m\x1b[KdataPtr\x1b[m\x1b[K->collisionList.push_back(\n'}
[17.273447] (workspace_gz) StderrLine: {'line': b'      |             \x1b[01;31m\x1b[K^~~~~~~\x1b[m\x1b[K\n'}
[17.273551] (workspace_gz) StderrLine: {'line': b'\x1b[01m\x1b[K/home/aliomacc/sti_usv/src/usv_sim/workspace_gz/plugins/ScoringPlugin.cc:643:13:\x1b[m\x1b[K \x1b[01;31m\x1b[Kerror: \x1b[m\x1b[K\xe2\x80\x98\x1b[01m\x1b[Kclass vrx::ScoringPlugin\x1b[m\x1b[K\xe2\x80\x99 has no member named \xe2\x80\x98\x1b[01m\x1b[KdataPtr\x1b[m\x1b[K\xe2\x80\x99\n'}
[17.273665] (workspace_gz) StderrLine: {'line': b'  643 |       this->\x1b[01;31m\x1b[KdataPtr\x1b[m\x1b[K->collisionTimestamps.push_back(\n'}
[17.273776] (workspace_gz) StderrLine: {'line': b'      |             \x1b[01;31m\x1b[K^~~~~~~\x1b[m\x1b[K\n'}
[17.273875] (workspace_gz) StderrLine: {'line': b'\x1b[01m\x1b[K/home/aliomacc/sti_usv/src/usv_sim/workspace_gz/plugins/ScoringPlugin.cc:644:15:\x1b[m\x1b[K \x1b[01;31m\x1b[Kerror: \x1b[m\x1b[K\xe2\x80\x98\x1b[01m\x1b[Kclass vrx::ScoringPlugin\x1b[m\x1b[K\xe2\x80\x99 has no member named \xe2\x80\x98\x1b[01m\x1b[KdataPtr\x1b[m\x1b[K\xe2\x80\x99\n'}
[17.273973] (workspace_gz) StderrLine: {'line': b'  644 |         this->\x1b[01;31m\x1b[KdataPtr\x1b[m\x1b[K->currentTime.count());\n'}
[17.274071] (workspace_gz) StderrLine: {'line': b'      |               \x1b[01;31m\x1b[K^~~~~~~\x1b[m\x1b[K\n'}
[17.274173] (workspace_gz) StderrLine: {'line': b'\x1b[01m\x1b[K/home/aliomacc/sti_usv/src/usv_sim/workspace_gz/plugins/ScoringPlugin.cc:\x1b[m\x1b[K In member function \xe2\x80\x98\x1b[01m\x1b[Kvirtual void vrx::ScoringPlugin::ReleaseVehicle()\x1b[m\x1b[K\xe2\x80\x99:\n'}
[17.274273] (workspace_gz) StderrLine: {'line': b'\x1b[01m\x1b[K/home/aliomacc/sti_usv/src/usv_sim/workspace_gz/plugins/ScoringPlugin.cc:656:9:\x1b[m\x1b[K \x1b[01;31m\x1b[Kerror: \x1b[m\x1b[K\xe2\x80\x98\x1b[01m\x1b[Kclass vrx::ScoringPlugin\x1b[m\x1b[K\xe2\x80\x99 has no member named \xe2\x80\x98\x1b[01m\x1b[KdataPtr\x1b[m\x1b[K\xe2\x80\x99\n'}
[17.274403] (workspace_gz) StderrLine: {'line': b'  656 |   this->\x1b[01;31m\x1b[KdataPtr\x1b[m\x1b[K->releasePub.Publish(msg);\n'}
[17.274510] (workspace_gz) StderrLine: {'line': b'      |         \x1b[01;31m\x1b[K^~~~~~~\x1b[m\x1b[K\n'}
[17.274603] (workspace_gz) StderrLine: {'line': b'\x1b[01m\x1b[K/home/aliomacc/sti_usv/src/usv_sim/workspace_gz/plugins/ScoringPlugin.cc:\x1b[m\x1b[K At global scope:\n'}
[17.274695] (workspace_gz) StderrLine: {'line': b'\x1b[01m\x1b[K/home/aliomacc/sti_usv/src/usv_sim/workspace_gz/plugins/ScoringPlugin.cc:664:1:\x1b[m\x1b[K \x1b[01;31m\x1b[Kerror: \x1b[m\x1b[Kexpected constructor, destructor, or type conversion before \xe2\x80\x98\x1b[01m\x1b[KGZ_ADD_PLUGIN_ALIAS\x1b[m\x1b[K\xe2\x80\x99\n'}
[17.274798] (workspace_gz) StderrLine: {'line': b'  664 | \x1b[01;31m\x1b[KGZ_ADD_PLUGIN_ALIAS\x1b[m\x1b[K(vrx::ScoringPlugin,\n'}
[17.274892] (workspace_gz) StderrLine: {'line': b'      | \x1b[01;31m\x1b[K^~~~~~~~~~~~~~~~~~~\x1b[m\x1b[K\n'}
[17.328354] (-) TimerEvent: {}
[17.428705] (-) TimerEvent: {}
[17.522354] (workspace_gz) StderrLine: {'line': b'\x1b[01m\x1b[K/home/aliomacc/sti_usv/src/usv_sim/workspace_gz/plugins/WaveVisual.cc:\x1b[m\x1b[K In member function \xe2\x80\x98\x1b[01m\x1b[Kvirtual void vrx::WaveVisual::Configure(const Entity&, const std::shared_ptr<const sdf::v12::Element>&, ignition::gazebo::v6::EntityComponentManager&, ignition::gazebo::v6::EventManager&)\x1b[m\x1b[K\xe2\x80\x99:\n'}
[17.522626] (workspace_gz) StderrLine: {'line': b'\x1b[01m\x1b[K/home/aliomacc/sti_usv/src/usv_sim/workspace_gz/plugins/WaveVisual.cc:138:3:\x1b[m\x1b[K \x1b[01;31m\x1b[Kerror: \x1b[m\x1b[K\xe2\x80\x98\x1b[01m\x1b[KGZ_PROFILE\x1b[m\x1b[K\xe2\x80\x99 was not declared in this scope; did you mean \xe2\x80\x98\x1b[01m\x1b[KIGN_PROFILE\x1b[m\x1b[K\xe2\x80\x99?\n'}
[17.522760] (workspace_gz) StderrLine: {'line': b'  138 |   \x1b[01;31m\x1b[KGZ_PROFILE\x1b[m\x1b[K("WaveVisual::Configure");\n'}
[17.522874] (workspace_gz) StderrLine: {'line': b'      |   \x1b[01;31m\x1b[K^~~~~~~~~~\x1b[m\x1b[K\n'}
[17.522975] (workspace_gz) StderrLine: {'line': b'      |   \x1b[32m\x1b[KIGN_PROFILE\x1b[m\x1b[K\n'}
[17.528819] (-) TimerEvent: {}
[17.573645] (workspace_gz) StderrLine: {'line': b'\x1b[01m\x1b[K/home/aliomacc/sti_usv/src/usv_sim/workspace_gz/plugins/WaveVisual.cc:\x1b[m\x1b[K In member function \xe2\x80\x98\x1b[01m\x1b[Kvirtual void vrx::WaveVisual::PreUpdate(const ignition::gazebo::v6::UpdateInfo&, ignition::gazebo::v6::EntityComponentManager&)\x1b[m\x1b[K\xe2\x80\x99:\n'}
[17.573982] (workspace_gz) StderrLine: {'line': b'\x1b[01m\x1b[K/home/aliomacc/sti_usv/src/usv_sim/workspace_gz/plugins/WaveVisual.cc:238:3:\x1b[m\x1b[K \x1b[01;31m\x1b[Kerror: \x1b[m\x1b[K\xe2\x80\x98\x1b[01m\x1b[KGZ_PROFILE\x1b[m\x1b[K\xe2\x80\x99 was not declared in this scope; did you mean \xe2\x80\x98\x1b[01m\x1b[KIGN_PROFILE\x1b[m\x1b[K\xe2\x80\x99?\n'}
[17.574149] (workspace_gz) StderrLine: {'line': b'  238 |   \x1b[01;31m\x1b[KGZ_PROFILE\x1b[m\x1b[K("WaveVisual::PreUpdate");\n'}
[17.574255] (workspace_gz) StderrLine: {'line': b'      |   \x1b[01;31m\x1b[K^~~~~~~~~~\x1b[m\x1b[K\n'}
[17.574386] (workspace_gz) StderrLine: {'line': b'      |   \x1b[32m\x1b[KIGN_PROFILE\x1b[m\x1b[K\n'}
[17.600871] (workspace_gz) StderrLine: {'line': b'In file included from \x1b[01m\x1b[K/usr/include/ignition/rendering6/gz/rendering/Node.hh:22\x1b[m\x1b[K,\n'}
[17.601257] (workspace_gz) StderrLine: {'line': b'                 from \x1b[01m\x1b[K/usr/include/ignition/rendering6/gz/rendering/Storage.hh:24\x1b[m\x1b[K,\n'}
[17.601427] (workspace_gz) StderrLine: {'line': b'                 from \x1b[01m\x1b[K/usr/include/ignition/rendering6/gz/rendering/Scene.hh:34\x1b[m\x1b[K,\n'}
[17.601542] (workspace_gz) StderrLine: {'line': b'                 from \x1b[01m\x1b[K/home/aliomacc/sti_usv/src/usv_sim/workspace_gz/plugins/WaveVisual.cc:29\x1b[m\x1b[K:\n'}
[17.601667] (workspace_gz) StderrLine: {'line': b'/usr/include/c++/11/variant: In instantiation of \xe2\x80\x98\x1b[01m\x1b[Kconstexpr std::add_pointer_t<_Tp> std::get_if(std::variant<_Types ...>*) [with _Tp = long unsigned int; _Types = {std::monostate, int, float, double, std::__cxx11::basic_string<char, std::char_traits<char>, std::allocator<char> >, bool, unsigned int}; std::add_pointer_t<_Tp> = long unsigned int*]\x1b[m\x1b[K\xe2\x80\x99:\n'}
[17.601782] (workspace_gz) StderrLine: {'line': b'\x1b[01m\x1b[K/home/aliomacc/sti_usv/src/usv_sim/workspace_gz/plugins/WaveVisual.cc:272:54:\x1b[m\x1b[K   required from here\n'}
[17.601898] (workspace_gz) StderrLine: {'line': b'\x1b[01m\x1b[K/usr/include/c++/11/variant:1185:42:\x1b[m\x1b[K \x1b[01;31m\x1b[Kerror: \x1b[m\x1b[Kstatic assertion failed: T must occur exactly once in alternatives\n'}
[17.602007] (workspace_gz) StderrLine: {'line': b' 1185 |       static_assert(\x1b[01;31m\x1b[K__detail::__variant::__exactly_once<_Tp, _Types...>\x1b[m\x1b[K,\n'}
[17.602113] (workspace_gz) StderrLine: {'line': b'      |                     \x1b[01;31m\x1b[K~~~~~~~~~~~~~~~~~~~~~^~~~~~~~~~~~~~~~~~~~~~~~~~~~~~\x1b[m\x1b[K\n'}
[17.602219] (workspace_gz) StderrLine: {'line': b'\x1b[01m\x1b[K/usr/include/c++/11/variant:1185:42:\x1b[m\x1b[K \x1b[01;36m\x1b[Knote: \x1b[m\x1b[K\xe2\x80\x98\x1b[01m\x1b[Kstd::__detail::__variant::__exactly_once<long unsigned int, std::monostate, int, float, double, std::__cxx11::basic_string<char, std::char_traits<char>, std::allocator<char> >, bool, unsigned int>\x1b[m\x1b[K\xe2\x80\x99 evaluates to false\n'}
[17.603314] (workspace_gz) StderrLine: {'line': b'/usr/include/c++/11/variant: In instantiation of \xe2\x80\x98\x1b[01m\x1b[Kstruct std::variant_alternative<1, std::variant<unsigned int> >\x1b[m\x1b[K\xe2\x80\x99:\n'}
[17.607491] (workspace_gz) StderrLine: {'line': b'\x1b[01m\x1b[K/usr/include/c++/11/variant:103:12:\x1b[m\x1b[K   recursively required from \xe2\x80\x98\x1b[01m\x1b[Kstruct std::variant_alternative<6, std::variant<int, float, double, std::__cxx11::basic_string<char, std::char_traits<char>, std::allocator<char> >, bool, unsigned int> >\x1b[m\x1b[K\xe2\x80\x99\n'}
[17.607687] (workspace_gz) StderrLine: {'line': b'\x1b[01m\x1b[K/usr/include/c++/11/variant:103:12:\x1b[m\x1b[K   required from \xe2\x80\x98\x1b[01m\x1b[Kstruct std::variant_alternative<7, std::variant<std::monostate, int, float, double, std::__cxx11::basic_string<char, std::char_traits<char>, std::allocator<char> >, bool, unsigned int> >\x1b[m\x1b[K\xe2\x80\x99\n'}
[17.607809] (workspace_gz) StderrLine: {'line': b'\x1b[01m\x1b[K/usr/include/c++/11/variant:1170:5:\x1b[m\x1b[K   required by substitution of \xe2\x80\x98\x1b[01m\x1b[Ktemplate<long unsigned int _Np, class ... _Types> constexpr std::add_pointer_t<const typename std::variant_alternative<_Np, std::variant<_Types ...> >::type> std::get_if(const std::variant<_Types ...>*) [with long unsigned int _Np = 7; _Types = {std::monostate, int, float, double, std::__cxx11::basic_string<char, std::char_traits<char>, std::allocator<char> >, bool, unsigned int}]\x1b[m\x1b[K\xe2\x80\x99\n'}
[17.607943] (workspace_gz) StderrLine: {'line': b'\x1b[01m\x1b[K/usr/include/c++/11/variant:1188:76:\x1b[m\x1b[K   required from \xe2\x80\x98\x1b[01m\x1b[Kconstexpr std::add_pointer_t<_Tp> std::get_if(std::variant<_Types ...>*) [with _Tp = long unsigned int; _Types = {std::monostate, int, float, double, std::__cxx11::basic_string<char, std::char_traits<char>, std::allocator<char> >, bool, unsigned int}; std::add_pointer_t<_Tp> = long unsigned int*]\x1b[m\x1b[K\xe2\x80\x99\n'}
[17.608065] (workspace_gz) StderrLine: {'line': b'\x1b[01m\x1b[K/home/aliomacc/sti_usv/src/usv_sim/workspace_gz/plugins/WaveVisual.cc:272:54:\x1b[m\x1b[K   required from here\n'}
[17.608169] (workspace_gz) StderrLine: {'line': b'\x1b[01m\x1b[K/usr/include/c++/11/variant:103:12:\x1b[m\x1b[K \x1b[01;31m\x1b[Kerror: \x1b[m\x1b[Kinvalid use of incomplete type \xe2\x80\x98\x1b[01m\x1b[Kstruct std::variant_alternative<0, std::variant<> >\x1b[m\x1b[K\xe2\x80\x99\n'}
[17.608295] (workspace_gz) StderrLine: {'line': b'  103 |     struct \x1b[01;31m\x1b[Kvariant_alternative<_Np, variant<_First, _Rest...>>\x1b[m\x1b[K\n'}
[17.608414] (workspace_gz) StderrLine: {'line': b'      |            \x1b[01;31m\x1b[K^~~~~~~~~~~~~~~~~~~~~~~~~~~~~~~~~~~~~~~~~~~~~~~~~~~\x1b[m\x1b[K\n'}
[17.608522] (workspace_gz) StderrLine: {'line': b'\x1b[01m\x1b[K/usr/include/c++/11/variant:100:12:\x1b[m\x1b[K \x1b[01;36m\x1b[Knote: \x1b[m\x1b[Kdeclaration of \xe2\x80\x98\x1b[01m\x1b[Kstruct std::variant_alternative<0, std::variant<> >\x1b[m\x1b[K\xe2\x80\x99\n'}
[17.608630] (workspace_gz) StderrLine: {'line': b'  100 |     struct \x1b[01;36m\x1b[Kvariant_alternative\x1b[m\x1b[K;\n'}
[17.608734] (workspace_gz) StderrLine: {'line': b'      |            \x1b[01;36m\x1b[K^~~~~~~~~~~~~~~~~~~\x1b[m\x1b[K\n'}
[17.608836] (workspace_gz) StderrLine: {'line': b'/usr/include/c++/11/variant: In instantiation of \xe2\x80\x98\x1b[01m\x1b[Kconstexpr std::add_pointer_t<_Tp> std::get_if(std::variant<_Types ...>*) [with _Tp = long unsigned int; _Types = {std::monostate, int, float, double, std::__cxx11::basic_string<char, std::char_traits<char>, std::allocator<char> >, bool, unsigned int}; std::add_pointer_t<_Tp> = long unsigned int*]\x1b[m\x1b[K\xe2\x80\x99:\n'}
[17.608944] (workspace_gz) StderrLine: {'line': b'\x1b[01m\x1b[K/home/aliomacc/sti_usv/src/usv_sim/workspace_gz/plugins/WaveVisual.cc:272:54:\x1b[m\x1b[K   required from here\n'}
[17.609050] (workspace_gz) StderrLine: {'line': b'\x1b[01m\x1b[K/usr/include/c++/11/variant:1188:76:\x1b[m\x1b[K \x1b[01;31m\x1b[Kerror: \x1b[m\x1b[Kno matching function for call to \xe2\x80\x98\x1b[01m\x1b[Kget_if<std::__detail::__variant::__index_of_v<long unsigned int, std::monostate, int, float, double, std::__cxx11::basic_string<char, std::char_traits<char>, std::allocator<char> >, bool, unsigned int> >(std::variant<std::monostate, int, float, double, std::__cxx11::basic_string<char, std::char_traits<char>, std::allocator<char> >, bool, unsigned int>*&)\x1b[m\x1b[K\xe2\x80\x99\n'}
[17.609177] (workspace_gz) StderrLine: {'line': b' 1188 |       return \x1b[01;31m\x1b[Kstd::get_if<__detail::__variant::__index_of_v<_Tp, _Types...>>(\x1b[m\x1b[K\n'}
[17.609276] (workspace_gz) StderrLine: {'line': b'      |              \x1b[01;31m\x1b[K~~~~~~~~~~~~~~~~~~~~~~~~~~~~~~~~~~~~~~~~~~~~~~~~~~~~~~~~~~~~~~^\x1b[m\x1b[K\n'}
[17.609398] (workspace_gz) StderrLine: {'line': b' 1189 | \x1b[01;31m\x1b[K          __ptr)\x1b[m\x1b[K;\n'}
[17.609511] (workspace_gz) StderrLine: {'line': b'      |           \x1b[01;31m\x1b[K~~~~~~\x1b[m\x1b[K                                                            \n'}
[17.609616] (workspace_gz) StderrLine: {'line': b'\x1b[01m\x1b[K/usr/include/c++/11/variant:1156:5:\x1b[m\x1b[K \x1b[01;36m\x1b[Knote: \x1b[m\x1b[Kcandidate: \xe2\x80\x98\x1b[01m\x1b[Ktemplate<long unsigned int _Np, class ... _Types> constexpr std::add_pointer_t<typename std::variant_alternative<_Np, std::variant<_Types ...> >::type> std::get_if(std::variant<_Types ...>*)\x1b[m\x1b[K\xe2\x80\x99\n'}
[17.609725] (workspace_gz) StderrLine: {'line': b' 1156 |     \x1b[01;36m\x1b[Kget_if\x1b[m\x1b[K(variant<_Types...>* __ptr) noexcept\n'}
[17.609826] (workspace_gz) StderrLine: {'line': b'      |     \x1b[01;36m\x1b[K^~~~~~\x1b[m\x1b[K\n'}
[17.609939] (workspace_gz) StderrLine: {'line': b'\x1b[01m\x1b[K/usr/include/c++/11/variant:1156:5:\x1b[m\x1b[K \x1b[01;36m\x1b[Knote: \x1b[m\x1b[K  template argument deduction/substitution failed:\n'}
[17.610044] (workspace_gz) StderrLine: {'line': b'/usr/include/c++/11/variant: In substitution of \xe2\x80\x98\x1b[01m\x1b[Ktemplate<long unsigned int _Np, class ... _Types> constexpr std::add_pointer_t<typename std::variant_alternative<_Np, std::variant<_Types ...> >::type> std::get_if(std::variant<_Types ...>*) [with long unsigned int _Np = 7; _Types = {std::monostate, int, float, double, std::__cxx11::basic_string<char, std::char_traits<char>, std::allocator<char> >, bool, unsigned int}]\x1b[m\x1b[K\xe2\x80\x99:\n'}
[17.610155] (workspace_gz) StderrLine: {'line': b'\x1b[01m\x1b[K/usr/include/c++/11/variant:1188:76:\x1b[m\x1b[K   required from \xe2\x80\x98\x1b[01m\x1b[Kconstexpr std::add_pointer_t<_Tp> std::get_if(std::variant<_Types ...>*) [with _Tp = long unsigned int; _Types = {std::monostate, int, float, double, std::__cxx11::basic_string<char, std::char_traits<char>, std::allocator<char> >, bool, unsigned int}; std::add_pointer_t<_Tp> = long unsigned int*]\x1b[m\x1b[K\xe2\x80\x99\n'}
[17.610272] (workspace_gz) StderrLine: {'line': b'\x1b[01m\x1b[K/home/aliomacc/sti_usv/src/usv_sim/workspace_gz/plugins/WaveVisual.cc:272:54:\x1b[m\x1b[K   required from here\n'}
[17.610431] (workspace_gz) StderrLine: {'line': b'\x1b[01m\x1b[K/usr/include/c++/11/variant:1156:5:\x1b[m\x1b[K \x1b[01;31m\x1b[Kerror: \x1b[m\x1b[Kno type named \xe2\x80\x98\x1b[01m\x1b[Ktype\x1b[m\x1b[K\xe2\x80\x99 in \xe2\x80\x98\x1b[01m\x1b[Kstruct std::variant_alternative<7, std::variant<std::monostate, int, float, double, std::__cxx11::basic_string<char, std::char_traits<char>, std::allocator<char> >, bool, unsigned int> >\x1b[m\x1b[K\xe2\x80\x99\n'}
[17.610540] (workspace_gz) StderrLine: {'line': b'/usr/include/c++/11/variant: In instantiation of \xe2\x80\x98\x1b[01m\x1b[Kconstexpr std::add_pointer_t<_Tp> std::get_if(std::variant<_Types ...>*) [with _Tp = long unsigned int; _Types = {std::monostate, int, float, double, std::__cxx11::basic_string<char, std::char_traits<char>, std::allocator<char> >, bool, unsigned int}; std::add_pointer_t<_Tp> = long unsigned int*]\x1b[m\x1b[K\xe2\x80\x99:\n'}
[17.610644] (workspace_gz) StderrLine: {'line': b'\x1b[01m\x1b[K/home/aliomacc/sti_usv/src/usv_sim/workspace_gz/plugins/WaveVisual.cc:272:54:\x1b[m\x1b[K   required from here\n'}
[17.610749] (workspace_gz) StderrLine: {'line': b'\x1b[01m\x1b[K/usr/include/c++/11/variant:1170:5:\x1b[m\x1b[K \x1b[01;36m\x1b[Knote: \x1b[m\x1b[Kcandidate: \xe2\x80\x98\x1b[01m\x1b[Ktemplate<long unsigned int _Np, class ... _Types> constexpr std::add_pointer_t<const typename std::variant_alternative<_Np, std::variant<_Types ...> >::type> std::get_if(const std::variant<_Types ...>*)\x1b[m\x1b[K\xe2\x80\x99\n'}
[17.610859] (workspace_gz) StderrLine: {'line': b' 1170 |     \x1b[01;36m\x1b[Kget_if\x1b[m\x1b[K(const variant<_Types...>* __ptr) noexcept\n'}
[17.610966] (workspace_gz) StderrLine: {'line': b'      |     \x1b[01;36m\x1b[K^~~~~~\x1b[m\x1b[K\n'}
[17.611071] (workspace_gz) StderrLine: {'line': b'\x1b[01m\x1b[K/usr/include/c++/11/variant:1170:5:\x1b[m\x1b[K \x1b[01;36m\x1b[Knote: \x1b[m\x1b[K  substitution of deduced template arguments resulted in errors seen above\n'}
[17.611172] (workspace_gz) StderrLine: {'line': b'\x1b[01m\x1b[K/usr/include/c++/11/variant:1183:5:\x1b[m\x1b[K \x1b[01;36m\x1b[Knote: \x1b[m\x1b[Kcandidate: \xe2\x80\x98\x1b[01m\x1b[Ktemplate<class _Tp, class ... _Types> constexpr std::add_pointer_t<_Tp> std::get_if(std::variant<_Types ...>*)\x1b[m\x1b[K\xe2\x80\x99\n'}
[17.611277] (workspace_gz) StderrLine: {'line': b' 1183 |     \x1b[01;36m\x1b[Kget_if\x1b[m\x1b[K(variant<_Types...>* __ptr) noexcept\n'}
[17.615594] (workspace_gz) StderrLine: {'line': b'      |     \x1b[01;36m\x1b[K^~~~~~\x1b[m\x1b[K\n'}
[17.615731] (workspace_gz) StderrLine: {'line': b'\x1b[01m\x1b[K/usr/include/c++/11/variant:1183:5:\x1b[m\x1b[K \x1b[01;36m\x1b[Knote: \x1b[m\x1b[K  template argument deduction/substitution failed:\n'}
[17.615848] (workspace_gz) StderrLine: {'line': b'\x1b[01m\x1b[K/usr/include/c++/11/variant:1188:76:\x1b[m\x1b[K \x1b[01;31m\x1b[Kerror: \x1b[m\x1b[Ktype/value mismatch at argument 1 in template parameter list for \xe2\x80\x98\x1b[01m\x1b[Ktemplate<class _Tp, class ... _Types> constexpr std::add_pointer_t<_Tp> std::get_if(std::variant<_Types ...>*)\x1b[m\x1b[K\xe2\x80\x99\n'}
[17.615980] (workspace_gz) StderrLine: {'line': b' 1188 |       return \x1b[01;31m\x1b[Kstd::get_if<__detail::__variant::__index_of_v<_Tp, _Types...>>(\x1b[m\x1b[K\n'}
[17.616086] (workspace_gz) StderrLine: {'line': b'      |              \x1b[01;31m\x1b[K~~~~~~~~~~~~~~~~~~~~~~~~~~~~~~~~~~~~~~~~~~~~~~~~~~~~~~~~~~~~~~^\x1b[m\x1b[K\n'}
[17.616191] (workspace_gz) StderrLine: {'line': b' 1189 | \x1b[01;31m\x1b[K          __ptr)\x1b[m\x1b[K;\n'}
[17.616320] (workspace_gz) StderrLine: {'line': b'      |           \x1b[01;31m\x1b[K~~~~~~\x1b[m\x1b[K                                                            \n'}
[17.616437] (workspace_gz) StderrLine: {'line': b'\x1b[01m\x1b[K/usr/include/c++/11/variant:1188:76:\x1b[m\x1b[K \x1b[01;36m\x1b[Knote: \x1b[m\x1b[K  expected a type, got \xe2\x80\x98\x1b[01m\x1b[Kstd::__detail::__variant::__index_of_v<long unsigned int, std::monostate, int, float, double, std::__cxx11::basic_string<char, std::char_traits<char>, std::allocator<char> >, bool, unsigned int>\x1b[m\x1b[K\xe2\x80\x99\n'}
[17.623505] (workspace_gz) StderrLine: {'line': b'\x1b[01m\x1b[K/home/aliomacc/sti_usv/src/usv_sim/workspace_gz/plugins/WaveVisual.cc:\x1b[m\x1b[K At global scope:\n'}
[17.623810] (workspace_gz) StderrLine: {'line': b'\x1b[01m\x1b[K/home/aliomacc/sti_usv/src/usv_sim/workspace_gz/plugins/WaveVisual.cc:448:1:\x1b[m\x1b[K \x1b[01;31m\x1b[Kerror: \x1b[m\x1b[Kexpected constructor, destructor, or type conversion before \xe2\x80\x98\x1b[01m\x1b[KGZ_ADD_PLUGIN_ALIAS\x1b[m\x1b[K\xe2\x80\x99\n'}
[17.623947] (workspace_gz) StderrLine: {'line': b'  448 | \x1b[01;31m\x1b[KGZ_ADD_PLUGIN_ALIAS\x1b[m\x1b[K(WaveVisual, "vrx::WaveVisual")\n'}
[17.624039] (workspace_gz) StderrLine: {'line': b'      | \x1b[01;31m\x1b[K^~~~~~~~~~~~~~~~~~~\x1b[m\x1b[K\n'}
[17.628929] (-) TimerEvent: {}
[17.729270] (-) TimerEvent: {}
[17.829635] (-) TimerEvent: {}
[17.930177] (-) TimerEvent: {}
[18.034372] (-) TimerEvent: {}
[18.134781] (-) TimerEvent: {}
[18.235243] (-) TimerEvent: {}
[18.335721] (-) TimerEvent: {}
[18.436070] (-) TimerEvent: {}
[18.536435] (-) TimerEvent: {}
[18.560346] (workspace_gz) StderrLine: {'line': b'In file included from \x1b[01m\x1b[K/home/aliomacc/sti_usv/src/usv_sim/workspace_gz/plugins/USVWind.cc:16\x1b[m\x1b[K:\n'}
[18.560600] (workspace_gz) StderrLine: {'line': b'\x1b[01m\x1b[K/home/aliomacc/sti_usv/src/usv_sim/workspace_gz/plugins/USVWind.hh:92:35:\x1b[m\x1b[K \x1b[01;31m\x1b[Kerror: \x1b[m\x1b[K\xe2\x80\x98\x1b[01m\x1b[KdataPtr\x1b[m\x1b[K\xe2\x80\x99 has not been declared\n'}
[18.560702] (workspace_gz) StderrLine: {'line': b'   92 |          GZ_UTILS_UNIQUE_IMPL_PTR(\x1b[01;31m\x1b[KdataPtr\x1b[m\x1b[K);\n'}
[18.560789] (workspace_gz) StderrLine: {'line': b'      |                                   \x1b[01;31m\x1b[K^~~~~~~\x1b[m\x1b[K\n'}
[18.560878] (workspace_gz) StderrLine: {'line': b'\x1b[01m\x1b[K/home/aliomacc/sti_usv/src/usv_sim/workspace_gz/plugins/USVWind.hh:92:10:\x1b[m\x1b[K \x1b[01;31m\x1b[Kerror: \x1b[m\x1b[KISO C++ forbids declaration of \xe2\x80\x98\x1b[01m\x1b[KGZ_UTILS_UNIQUE_IMPL_PTR\x1b[m\x1b[K\xe2\x80\x99 with no type [\x1b[01;31m\x1b[K\x1b]8;;https://gcc.gnu.org/onlinedocs/gcc/Warning-Options.html#index-fpermissive\x07-fpermissive\x1b]8;;\x07\x1b[m\x1b[K]\n'}
[18.560976] (workspace_gz) StderrLine: {'line': b'   92 |          \x1b[01;31m\x1b[KGZ_UTILS_UNIQUE_IMPL_PTR\x1b[m\x1b[K(dataPtr);\n'}
[18.561064] (workspace_gz) StderrLine: {'line': b'      |          \x1b[01;31m\x1b[K^~~~~~~~~~~~~~~~~~~~~~~~\x1b[m\x1b[K\n'}
[18.561170] (workspace_gz) StderrLine: {'line': b'\x1b[01m\x1b[K/home/aliomacc/sti_usv/src/usv_sim/workspace_gz/plugins/USVWind.cc:32:1:\x1b[m\x1b[K \x1b[01;31m\x1b[Kerror: \x1b[m\x1b[Kqualified name does not name a class before \xe2\x80\x98\x1b[01m\x1b[K{\x1b[m\x1b[K\xe2\x80\x99 token\n'}
[18.561264] (workspace_gz) StderrLine: {'line': b'   32 | \x1b[01;31m\x1b[K{\x1b[m\x1b[K\n'}
[18.561372] (workspace_gz) StderrLine: {'line': b'      | \x1b[01;31m\x1b[K^\x1b[m\x1b[K\n'}
[18.561468] (workspace_gz) StderrLine: {'line': b'\x1b[01m\x1b[K/home/aliomacc/sti_usv/src/usv_sim/workspace_gz/plugins/USVWind.cc:\x1b[m\x1b[K In constructor \xe2\x80\x98\x1b[01m\x1b[Kvrx::USVWind::USVWind()\x1b[m\x1b[K\xe2\x80\x99:\n'}
[18.561563] (workspace_gz) StderrLine: {'line': b'\x1b[01m\x1b[K/home/aliomacc/sti_usv/src/usv_sim/workspace_gz/plugins/USVWind.cc:110:22:\x1b[m\x1b[K \x1b[01;31m\x1b[Kerror: \x1b[m\x1b[Kclass \xe2\x80\x98\x1b[01m\x1b[Kvrx::USVWind\x1b[m\x1b[K\xe2\x80\x99 does not have any field named \xe2\x80\x98\x1b[01m\x1b[KdataPtr\x1b[m\x1b[K\xe2\x80\x99\n'}
[18.561664] (workspace_gz) StderrLine: {'line': b'  110 | USVWind::USVWind() : \x1b[01;31m\x1b[KdataPtr\x1b[m\x1b[K(utils::MakeUniqueImpl<Implementation>())\n'}
[18.561755] (workspace_gz) StderrLine: {'line': b'      |                      \x1b[01;31m\x1b[K^~~~~~~\x1b[m\x1b[K\n'}
[18.579914] (workspace_gz) StderrLine: {'line': b'\x1b[01m\x1b[K/home/aliomacc/sti_usv/src/usv_sim/workspace_gz/plugins/USVWind.cc:110:52:\x1b[m\x1b[K \x1b[01;31m\x1b[Kerror: \x1b[m\x1b[K\xe2\x80\x98\x1b[01m\x1b[KImplementation\x1b[m\x1b[K\xe2\x80\x99 was not declared in this scope\n'}
[18.580324] (workspace_gz) StderrLine: {'line': b'  110 | USVWind::USVWind() : dataPtr(utils::MakeUniqueImpl<\x1b[01;31m\x1b[KImplementation\x1b[m\x1b[K>())\n'}
[18.580486] (workspace_gz) StderrLine: {'line': b'      |                                                    \x1b[01;31m\x1b[K^~~~~~~~~~~~~~\x1b[m\x1b[K\n'}
[18.580593] (workspace_gz) StderrLine: {'line': b'\x1b[01m\x1b[K/home/aliomacc/sti_usv/src/usv_sim/workspace_gz/plugins/USVWind.cc:110:67:\x1b[m\x1b[K \x1b[01;31m\x1b[Kerror: \x1b[m\x1b[Kno matching function for call to \xe2\x80\x98\x1b[01m\x1b[KMakeUniqueImpl<<expression error> >()\x1b[m\x1b[K\xe2\x80\x99\n'}
[18.580701] (workspace_gz) StderrLine: {'line': b'  110 | USVWind::USVWind() : dataPtr(\x1b[01;31m\x1b[Kutils::MakeUniqueImpl<Implementation>()\x1b[m\x1b[K)\n'}
[18.580803] (workspace_gz) StderrLine: {'line': b'      |                              \x1b[01;31m\x1b[K~~~~~~~~~~~~~~~~~~~~~~~~~~~~~~~~~~~~~^~\x1b[m\x1b[K\n'}
[18.580906] (workspace_gz) StderrLine: {'line': b'In file included from \x1b[01m\x1b[K/usr/include/ignition/utils1/gz/utils/ImplPtr.hh:259\x1b[m\x1b[K,\n'}
[18.581006] (workspace_gz) StderrLine: {'line': b'                 from \x1b[01m\x1b[K/usr/include/ignition/sdformat12/sdf/Actor.hh:24\x1b[m\x1b[K,\n'}
[18.581106] (workspace_gz) StderrLine: {'line': b'                 from \x1b[01m\x1b[K/usr/include/ignition/sdformat12/sdformat.hh:23\x1b[m\x1b[K,\n'}
[18.581208] (workspace_gz) StderrLine: {'line': b'                 from \x1b[01m\x1b[K/usr/include/ignition/sdformat12/sdf/sdf.hh:23\x1b[m\x1b[K,\n'}
[18.581333] (workspace_gz) StderrLine: {'line': b'                 from \x1b[01m\x1b[K/home/aliomacc/sti_usv/src/usv_sim/workspace_gz/plugins/USVWind.cc:6\x1b[m\x1b[K:\n'}
[18.581448] (workspace_gz) StderrLine: {'line': b'\x1b[01m\x1b[K/usr/include/ignition/utils1/gz/utils/detail/ImplPtr.hh:142:22:\x1b[m\x1b[K \x1b[01;36m\x1b[Knote: \x1b[m\x1b[Kcandidate: \xe2\x80\x98\x1b[01m\x1b[Ktemplate<class T, class ... Args> ignition::utils::UniqueImplPtr<T> ignition::utils::MakeUniqueImpl(Args&& ...)\x1b[m\x1b[K\xe2\x80\x99\n'}
[18.581551] (workspace_gz) StderrLine: {'line': b'  142 |     UniqueImplPtr<T> \x1b[01;36m\x1b[KMakeUniqueImpl\x1b[m\x1b[K(Args &&...args)\n'}
[18.581632] (workspace_gz) StderrLine: {'line': b'      |                      \x1b[01;36m\x1b[K^~~~~~~~~~~~~~\x1b[m\x1b[K\n'}
[18.581708] (workspace_gz) StderrLine: {'line': b'\x1b[01m\x1b[K/usr/include/ignition/utils1/gz/utils/detail/ImplPtr.hh:142:22:\x1b[m\x1b[K \x1b[01;36m\x1b[Knote: \x1b[m\x1b[K  template argument deduction/substitution failed:\n'}
[18.581790] (workspace_gz) StderrLine: {'line': b'\x1b[01m\x1b[K/home/aliomacc/sti_usv/src/usv_sim/workspace_gz/plugins/USVWind.cc:110:67:\x1b[m\x1b[K \x1b[01;31m\x1b[Kerror: \x1b[m\x1b[Ktemplate argument 1 is invalid\n'}
[18.581871] (workspace_gz) StderrLine: {'line': b'  110 | USVWind::USVWind() : dataPtr(\x1b[01;31m\x1b[Kutils::MakeUniqueImpl<Implementation>()\x1b[m\x1b[K)\n'}
[18.581953] (workspace_gz) StderrLine: {'line': b'      |                              \x1b[01;31m\x1b[K~~~~~~~~~~~~~~~~~~~~~~~~~~~~~~~~~~~~~^~\x1b[m\x1b[K\n'}
[18.590345] (workspace_gz) StderrLine: {'line': b'\x1b[01m\x1b[K/home/aliomacc/sti_usv/src/usv_sim/workspace_gz/plugins/USVWind.cc:\x1b[m\x1b[K In member function \xe2\x80\x98\x1b[01m\x1b[Kvirtual void vrx::USVWind::Configure(const Entity&, const std::shared_ptr<const sdf::v12::Element>&, ignition::gazebo::v6::EntityComponentManager&, ignition::gazebo::v6::EventManager&)\x1b[m\x1b[K\xe2\x80\x99:\n'}
[18.590692] (workspace_gz) StderrLine: {'line': b'\x1b[01m\x1b[K/home/aliomacc/sti_usv/src/usv_sim/workspace_gz/plugins/USVWind.cc:159:13:\x1b[m\x1b[K \x1b[01;31m\x1b[Kerror: \x1b[m\x1b[K\xe2\x80\x98\x1b[01m\x1b[Kclass vrx::USVWind\x1b[m\x1b[K\xe2\x80\x99 has no member named \xe2\x80\x98\x1b[01m\x1b[KdataPtr\x1b[m\x1b[K\xe2\x80\x99\n'}
[18.590847] (workspace_gz) StderrLine: {'line': b'  159 |       this->\x1b[01;31m\x1b[KdataPtr\x1b[m\x1b[K->windObjs.push_back(obj);\n'}
[18.590970] (workspace_gz) StderrLine: {'line': b'      |             \x1b[01;31m\x1b[K^~~~~~~\x1b[m\x1b[K\n'}
[18.591093] (workspace_gz) StderrLine: {'line': b'\x1b[01m\x1b[K/home/aliomacc/sti_usv/src/usv_sim/workspace_gz/plugins/USVWind.cc:168:11:\x1b[m\x1b[K \x1b[01;31m\x1b[Kerror: \x1b[m\x1b[K\xe2\x80\x98\x1b[01m\x1b[Kclass vrx::USVWind\x1b[m\x1b[K\xe2\x80\x99 has no member named \xe2\x80\x98\x1b[01m\x1b[KdataPtr\x1b[m\x1b[K\xe2\x80\x99\n'}
[18.591221] (workspace_gz) StderrLine: {'line': b'  168 |     this->\x1b[01;31m\x1b[KdataPtr\x1b[m\x1b[K->windDirection.X(cos(windAngle * M_PI / 180));\n'}
[18.591411] (workspace_gz) StderrLine: {'line': b'      |           \x1b[01;31m\x1b[K^~~~~~~\x1b[m\x1b[K\n'}
[18.591521] (workspace_gz) StderrLine: {'line': b'\x1b[01m\x1b[K/home/aliomacc/sti_usv/src/usv_sim/workspace_gz/plugins/USVWind.cc:169:11:\x1b[m\x1b[K \x1b[01;31m\x1b[Kerror: \x1b[m\x1b[K\xe2\x80\x98\x1b[01m\x1b[Kclass vrx::USVWind\x1b[m\x1b[K\xe2\x80\x99 has no member named \xe2\x80\x98\x1b[01m\x1b[KdataPtr\x1b[m\x1b[K\xe2\x80\x99\n'}
[18.591626] (workspace_gz) StderrLine: {'line': b'  169 |     this->\x1b[01;31m\x1b[KdataPtr\x1b[m\x1b[K->windDirection.Y(sin(windAngle * M_PI / 180));\n'}
[18.591741] (workspace_gz) StderrLine: {'line': b'      |           \x1b[01;31m\x1b[K^~~~~~~\x1b[m\x1b[K\n'}
[18.591848] (workspace_gz) StderrLine: {'line': b'\x1b[01m\x1b[K/home/aliomacc/sti_usv/src/usv_sim/workspace_gz/plugins/USVWind.cc:170:11:\x1b[m\x1b[K \x1b[01;31m\x1b[Kerror: \x1b[m\x1b[K\xe2\x80\x98\x1b[01m\x1b[Kclass vrx::USVWind\x1b[m\x1b[K\xe2\x80\x99 has no member named \xe2\x80\x98\x1b[01m\x1b[KdataPtr\x1b[m\x1b[K\xe2\x80\x99\n'}
[18.591956] (workspace_gz) StderrLine: {'line': b'  170 |     this->\x1b[01;31m\x1b[KdataPtr\x1b[m\x1b[K->windDirection.Z(0);\n'}
[18.592059] (workspace_gz) StderrLine: {'line': b'      |           \x1b[01;31m\x1b[K^~~~~~~\x1b[m\x1b[K\n'}
[18.592160] (workspace_gz) StderrLine: {'line': b'\x1b[01m\x1b[K/home/aliomacc/sti_usv/src/usv_sim/workspace_gz/plugins/USVWind.cc:171:11:\x1b[m\x1b[K \x1b[01;31m\x1b[Kerror: \x1b[m\x1b[K\xe2\x80\x98\x1b[01m\x1b[Kclass vrx::USVWind\x1b[m\x1b[K\xe2\x80\x99 has no member named \xe2\x80\x98\x1b[01m\x1b[KdataPtr\x1b[m\x1b[K\xe2\x80\x99\n'}
[18.592267] (workspace_gz) StderrLine: {'line': b'  171 |     this->\x1b[01;31m\x1b[KdataPtr\x1b[m\x1b[K->windDirMsg.set_data(windAngle);\n'}
[18.595599] (workspace_gz) StderrLine: {'line': b'      |           \x1b[01;31m\x1b[K^~~~~~~\x1b[m\x1b[K\n'}
[18.595761] (workspace_gz) StderrLine: {'line': b'\x1b[01m\x1b[K/home/aliomacc/sti_usv/src/usv_sim/workspace_gz/plugins/USVWind.cc:174:54:\x1b[m\x1b[K \x1b[01;31m\x1b[Kerror: \x1b[m\x1b[K\xe2\x80\x98\x1b[01m\x1b[Kclass vrx::USVWind\x1b[m\x1b[K\xe2\x80\x99 has no member named \xe2\x80\x98\x1b[01m\x1b[KdataPtr\x1b[m\x1b[K\xe2\x80\x99\n'}
[18.595876] (workspace_gz) StderrLine: {'line': b'  174 |   ignmsg << "Wind direction unit vector = " << this->\x1b[01;31m\x1b[KdataPtr\x1b[m\x1b[K->windDirection\n'}
[18.595978] (workspace_gz) StderrLine: {'line': b'      |                                                      \x1b[01;31m\x1b[K^~~~~~~\x1b[m\x1b[K\n'}
[18.596082] (workspace_gz) StderrLine: {'line': b'\x1b[01m\x1b[K/home/aliomacc/sti_usv/src/usv_sim/workspace_gz/plugins/USVWind.cc:179:11:\x1b[m\x1b[K \x1b[01;31m\x1b[Kerror: \x1b[m\x1b[K\xe2\x80\x98\x1b[01m\x1b[Kclass vrx::USVWind\x1b[m\x1b[K\xe2\x80\x99 has no member named \xe2\x80\x98\x1b[01m\x1b[KdataPtr\x1b[m\x1b[K\xe2\x80\x99\n'}
[18.596190] (workspace_gz) StderrLine: {'line': b'  179 |     this->\x1b[01;31m\x1b[KdataPtr\x1b[m\x1b[K->windMeanVelocity =\n'}
[18.596309] (workspace_gz) StderrLine: {'line': b'      |           \x1b[01;31m\x1b[K^~~~~~~\x1b[m\x1b[K\n'}
[18.596415] (workspace_gz) StderrLine: {'line': b'\x1b[01m\x1b[K/home/aliomacc/sti_usv/src/usv_sim/workspace_gz/plugins/USVWind.cc:183:46:\x1b[m\x1b[K \x1b[01;31m\x1b[Kerror: \x1b[m\x1b[K\xe2\x80\x98\x1b[01m\x1b[Kclass vrx::USVWind\x1b[m\x1b[K\xe2\x80\x99 has no member named \xe2\x80\x98\x1b[01m\x1b[KdataPtr\x1b[m\x1b[K\xe2\x80\x99\n'}
[18.596521] (workspace_gz) StderrLine: {'line': b'  183 |   ignmsg << "Wind mean velocity = " << this->\x1b[01;31m\x1b[KdataPtr\x1b[m\x1b[K->windMeanVelocity\n'}
[18.596618] (workspace_gz) StderrLine: {'line': b'      |                                              \x1b[01;31m\x1b[K^~~~~~~\x1b[m\x1b[K\n'}
[18.596715] (workspace_gz) StderrLine: {'line': b'\x1b[01m\x1b[K/home/aliomacc/sti_usv/src/usv_sim/workspace_gz/plugins/USVWind.cc:188:11:\x1b[m\x1b[K \x1b[01;31m\x1b[Kerror: \x1b[m\x1b[K\xe2\x80\x98\x1b[01m\x1b[Kclass vrx::USVWind\x1b[m\x1b[K\xe2\x80\x99 has no member named \xe2\x80\x98\x1b[01m\x1b[KdataPtr\x1b[m\x1b[K\xe2\x80\x99\n'}
[18.596812] (workspace_gz) StderrLine: {'line': b'  188 |     this->\x1b[01;31m\x1b[KdataPtr\x1b[m\x1b[K->gainConstant =\n'}
[18.596906] (workspace_gz) StderrLine: {'line': b'      |           \x1b[01;31m\x1b[K^~~~~~~\x1b[m\x1b[K\n'}
[18.597000] (workspace_gz) StderrLine: {'line': b'\x1b[01m\x1b[K/home/aliomacc/sti_usv/src/usv_sim/workspace_gz/plugins/USVWind.cc:192:51:\x1b[m\x1b[K \x1b[01;31m\x1b[Kerror: \x1b[m\x1b[K\xe2\x80\x98\x1b[01m\x1b[Kclass vrx::USVWind\x1b[m\x1b[K\xe2\x80\x99 has no member named \xe2\x80\x98\x1b[01m\x1b[KdataPtr\x1b[m\x1b[K\xe2\x80\x99\n'}
[18.597097] (workspace_gz) StderrLine: {'line': b'  192 |   ignmsg << "var wind gain constants = " << this->\x1b[01;31m\x1b[KdataPtr\x1b[m\x1b[K->gainConstant\n'}
[18.597194] (workspace_gz) StderrLine: {'line': b'      |                                                   \x1b[01;31m\x1b[K^~~~~~~\x1b[m\x1b[K\n'}
[18.597297] (workspace_gz) StderrLine: {'line': b'\x1b[01m\x1b[K/home/aliomacc/sti_usv/src/usv_sim/workspace_gz/plugins/USVWind.cc:197:11:\x1b[m\x1b[K \x1b[01;31m\x1b[Kerror: \x1b[m\x1b[K\xe2\x80\x98\x1b[01m\x1b[Kclass vrx::USVWind\x1b[m\x1b[K\xe2\x80\x99 has no member named \xe2\x80\x98\x1b[01m\x1b[KdataPtr\x1b[m\x1b[K\xe2\x80\x99\n'}
[18.597402] (workspace_gz) StderrLine: {'line': b'  197 |     this->\x1b[01;31m\x1b[KdataPtr\x1b[m\x1b[K->timeConstant =\n'}
[18.597481] (workspace_gz) StderrLine: {'line': b'      |           \x1b[01;31m\x1b[K^~~~~~~\x1b[m\x1b[K\n'}
[18.597557] (workspace_gz) StderrLine: {'line': b'\x1b[01m\x1b[K/home/aliomacc/sti_usv/src/usv_sim/workspace_gz/plugins/USVWind.cc:201:51:\x1b[m\x1b[K \x1b[01;31m\x1b[Kerror: \x1b[m\x1b[K\xe2\x80\x98\x1b[01m\x1b[Kclass vrx::USVWind\x1b[m\x1b[K\xe2\x80\x99 has no member named \xe2\x80\x98\x1b[01m\x1b[KdataPtr\x1b[m\x1b[K\xe2\x80\x99\n'}
[18.597634] (workspace_gz) StderrLine: {'line': b'  201 |   ignmsg << "var wind time constants = " << this->\x1b[01;31m\x1b[KdataPtr\x1b[m\x1b[K->timeConstant\n'}
[18.597711] (workspace_gz) StderrLine: {'line': b'      |                                                   \x1b[01;31m\x1b[K^~~~~~~\x1b[m\x1b[K\n'}
[18.597786] (workspace_gz) StderrLine: {'line': b'\x1b[01m\x1b[K/home/aliomacc/sti_usv/src/usv_sim/workspace_gz/plugins/USVWind.cc:206:11:\x1b[m\x1b[K \x1b[01;31m\x1b[Kerror: \x1b[m\x1b[K\xe2\x80\x98\x1b[01m\x1b[Kclass vrx::USVWind\x1b[m\x1b[K\xe2\x80\x99 has no member named \xe2\x80\x98\x1b[01m\x1b[KdataPtr\x1b[m\x1b[K\xe2\x80\x99\n'}
[18.597870] (workspace_gz) StderrLine: {'line': b'  206 |     this->\x1b[01;31m\x1b[KdataPtr\x1b[m\x1b[K->updateRate =\n'}
[18.597948] (workspace_gz) StderrLine: {'line': b'      |           \x1b[01;31m\x1b[K^~~~~~~\x1b[m\x1b[K\n'}
[18.598022] (workspace_gz) StderrLine: {'line': b'\x1b[01m\x1b[K/home/aliomacc/sti_usv/src/usv_sim/workspace_gz/plugins/USVWind.cc:210:40:\x1b[m\x1b[K \x1b[01;31m\x1b[Kerror: \x1b[m\x1b[K\xe2\x80\x98\x1b[01m\x1b[Kclass vrx::USVWind\x1b[m\x1b[K\xe2\x80\x99 has no member named \xe2\x80\x98\x1b[01m\x1b[KdataPtr\x1b[m\x1b[K\xe2\x80\x99\n'}
[18.598104] (workspace_gz) StderrLine: {'line': b'  210 |   ignmsg << "update rate  = " << this->\x1b[01;31m\x1b[KdataPtr\x1b[m\x1b[K->updateRate << std::endl;\n'}
[18.598183] (workspace_gz) StderrLine: {'line': b'      |                                        \x1b[01;31m\x1b[K^~~~~~~\x1b[m\x1b[K\n'}
[18.598261] (workspace_gz) StderrLine: {'line': b'\x1b[01m\x1b[K/home/aliomacc/sti_usv/src/usv_sim/workspace_gz/plugins/USVWind.cc:214:11:\x1b[m\x1b[K \x1b[01;31m\x1b[Kerror: \x1b[m\x1b[K\xe2\x80\x98\x1b[01m\x1b[Kclass vrx::USVWind\x1b[m\x1b[K\xe2\x80\x99 has no member named \xe2\x80\x98\x1b[01m\x1b[KdataPtr\x1b[m\x1b[K\xe2\x80\x99\n'}
[18.598356] (workspace_gz) StderrLine: {'line': b'  214 |     this->\x1b[01;31m\x1b[KdataPtr\x1b[m\x1b[K->topicWindSpeed =\n'}
[18.598445] (workspace_gz) StderrLine: {'line': b'      |           \x1b[01;31m\x1b[K^~~~~~~\x1b[m\x1b[K\n'}
[18.598530] (workspace_gz) StderrLine: {'line': b'\x1b[01m\x1b[K/home/aliomacc/sti_usv/src/usv_sim/workspace_gz/plugins/USVWind.cc:218:45:\x1b[m\x1b[K \x1b[01;31m\x1b[Kerror: \x1b[m\x1b[K\xe2\x80\x98\x1b[01m\x1b[Kclass vrx::USVWind\x1b[m\x1b[K\xe2\x80\x99 has no member named \xe2\x80\x98\x1b[01m\x1b[KdataPtr\x1b[m\x1b[K\xe2\x80\x99\n'}
[18.598621] (workspace_gz) StderrLine: {'line': b'  218 |   ignmsg << "topic wind speed  = " << this->\x1b[01;31m\x1b[KdataPtr\x1b[m\x1b[K->topicWindSpeed << std::endl;\n'}
[18.598708] (workspace_gz) StderrLine: {'line': b'      |                                             \x1b[01;31m\x1b[K^~~~~~~\x1b[m\x1b[K\n'}
[18.598793] (workspace_gz) StderrLine: {'line': b'\x1b[01m\x1b[K/home/aliomacc/sti_usv/src/usv_sim/workspace_gz/plugins/USVWind.cc:222:11:\x1b[m\x1b[K \x1b[01;31m\x1b[Kerror: \x1b[m\x1b[K\xe2\x80\x98\x1b[01m\x1b[Kclass vrx::USVWind\x1b[m\x1b[K\xe2\x80\x99 has no member named \xe2\x80\x98\x1b[01m\x1b[KdataPtr\x1b[m\x1b[K\xe2\x80\x99\n'}
[18.598879] (workspace_gz) StderrLine: {'line': b'  222 |     this->\x1b[01;31m\x1b[KdataPtr\x1b[m\x1b[K->topicWindDirection =\n'}
[18.598962] (workspace_gz) StderrLine: {'line': b'      |           \x1b[01;31m\x1b[K^~~~~~~\x1b[m\x1b[K\n'}
[18.599046] (workspace_gz) StderrLine: {'line': b'\x1b[01m\x1b[K/home/aliomacc/sti_usv/src/usv_sim/workspace_gz/plugins/USVWind.cc:227:13:\x1b[m\x1b[K \x1b[01;31m\x1b[Kerror: \x1b[m\x1b[K\xe2\x80\x98\x1b[01m\x1b[Kclass vrx::USVWind\x1b[m\x1b[K\xe2\x80\x99 has no member named \xe2\x80\x98\x1b[01m\x1b[KdataPtr\x1b[m\x1b[K\xe2\x80\x99\n'}
[18.599134] (workspace_gz) StderrLine: {'line': b'  227 |       this->\x1b[01;31m\x1b[KdataPtr\x1b[m\x1b[K->topicWindDirection << std::endl;\n'}
[18.599220] (workspace_gz) StderrLine: {'line': b'      |             \x1b[01;31m\x1b[K^~~~~~~\x1b[m\x1b[K\n'}
[18.602422] (workspace_gz) StderrLine: {'line': b'\x1b[01m\x1b[K/home/aliomacc/sti_usv/src/usv_sim/workspace_gz/plugins/USVWind.cc:238:9:\x1b[m\x1b[K \x1b[01;31m\x1b[Kerror: \x1b[m\x1b[K\xe2\x80\x98\x1b[01m\x1b[Kclass vrx::USVWind\x1b[m\x1b[K\xe2\x80\x99 has no member named \xe2\x80\x98\x1b[01m\x1b[KdataPtr\x1b[m\x1b[K\xe2\x80\x99\n'}
[18.602601] (workspace_gz) StderrLine: {'line': b'  238 |   this->\x1b[01;31m\x1b[KdataPtr\x1b[m\x1b[K->randGenerator.reset(new std::mt19937(seed));\n'}
[18.602694] (workspace_gz) StderrLine: {'line': b'      |         \x1b[01;31m\x1b[K^~~~~~~\x1b[m\x1b[K\n'}
[18.602775] (workspace_gz) StderrLine: {'line': b'\x1b[01m\x1b[K/home/aliomacc/sti_usv/src/usv_sim/workspace_gz/plugins/USVWind.cc:241:9:\x1b[m\x1b[K \x1b[01;31m\x1b[Kerror: \x1b[m\x1b[K\xe2\x80\x98\x1b[01m\x1b[Kclass vrx::USVWind\x1b[m\x1b[K\xe2\x80\x99 has no member named \xe2\x80\x98\x1b[01m\x1b[KdataPtr\x1b[m\x1b[K\xe2\x80\x99\n'}
[18.602854] (workspace_gz) StderrLine: {'line': b'  241 |   this->\x1b[01;31m\x1b[KdataPtr\x1b[m\x1b[K->filterGain = this->dataPtr->gainConstant *\n'}
[18.602932] (workspace_gz) StderrLine: {'line': b'      |         \x1b[01;31m\x1b[K^~~~~~~\x1b[m\x1b[K\n'}
[18.603008] (workspace_gz) StderrLine: {'line': b'\x1b[01m\x1b[K/home/aliomacc/sti_usv/src/usv_sim/workspace_gz/plugins/USVWind.cc:241:37:\x1b[m\x1b[K \x1b[01;31m\x1b[Kerror: \x1b[m\x1b[K\xe2\x80\x98\x1b[01m\x1b[Kclass vrx::USVWind\x1b[m\x1b[K\xe2\x80\x99 has no member named \xe2\x80\x98\x1b[01m\x1b[KdataPtr\x1b[m\x1b[K\xe2\x80\x99\n'}
[18.603101] (workspace_gz) StderrLine: {'line': b'  241 |   this->dataPtr->filterGain = this->\x1b[01;31m\x1b[KdataPtr\x1b[m\x1b[K->gainConstant *\n'}
[18.603187] (workspace_gz) StderrLine: {'line': b'      |                                     \x1b[01;31m\x1b[K^~~~~~~\x1b[m\x1b[K\n'}
[18.603273] (workspace_gz) StderrLine: {'line': b'\x1b[01m\x1b[K/home/aliomacc/sti_usv/src/usv_sim/workspace_gz/plugins/USVWind.cc:242:24:\x1b[m\x1b[K \x1b[01;31m\x1b[Kerror: \x1b[m\x1b[K\xe2\x80\x98\x1b[01m\x1b[Kclass vrx::USVWind\x1b[m\x1b[K\xe2\x80\x99 has no member named \xe2\x80\x98\x1b[01m\x1b[KdataPtr\x1b[m\x1b[K\xe2\x80\x99\n'}
[18.603377] (workspace_gz) StderrLine: {'line': b'  242 |       sqrt(2.0 * this->\x1b[01;31m\x1b[KdataPtr\x1b[m\x1b[K->timeConstant);\n'}
[18.603464] (workspace_gz) StderrLine: {'line': b'      |                        \x1b[01;31m\x1b[K^~~~~~~\x1b[m\x1b[K\n'}
[18.603549] (workspace_gz) StderrLine: {'line': b'\x1b[01m\x1b[K/home/aliomacc/sti_usv/src/usv_sim/workspace_gz/plugins/USVWind.cc:243:48:\x1b[m\x1b[K \x1b[01;31m\x1b[Kerror: \x1b[m\x1b[K\xe2\x80\x98\x1b[01m\x1b[Kclass vrx::USVWind\x1b[m\x1b[K\xe2\x80\x99 has no member named \xe2\x80\x98\x1b[01m\x1b[KdataPtr\x1b[m\x1b[K\xe2\x80\x99\n'}
[18.603636] (workspace_gz) StderrLine: {'line': b'  243 |   ignmsg << "Var wind filter gain = " << this->\x1b[01;31m\x1b[KdataPtr\x1b[m\x1b[K->filterGain << std::endl;\n'}
[18.603722] (workspace_gz) StderrLine: {'line': b'      |                                                \x1b[01;31m\x1b[K^~~~~~~\x1b[m\x1b[K\n'}
[18.603808] (workspace_gz) StderrLine: {'line': b'\x1b[01m\x1b[K/home/aliomacc/sti_usv/src/usv_sim/workspace_gz/plugins/USVWind.cc:247:28:\x1b[m\x1b[K \x1b[01;31m\x1b[Kerror: \x1b[m\x1b[K\xe2\x80\x98\x1b[01m\x1b[Kclass vrx::USVWind\x1b[m\x1b[K\xe2\x80\x99 has no member named \xe2\x80\x98\x1b[01m\x1b[KdataPtr\x1b[m\x1b[K\xe2\x80\x99\n'}
[18.603895] (workspace_gz) StderrLine: {'line': b'  247 |   opts.SetMsgsPerSec(this->\x1b[01;31m\x1b[KdataPtr\x1b[m\x1b[K->updateRate);\n'}
[18.603979] (workspace_gz) StderrLine: {'line': b'      |                            \x1b[01;31m\x1b[K^~~~~~~\x1b[m\x1b[K\n'}
[18.604063] (workspace_gz) StderrLine: {'line': b'\x1b[01m\x1b[K/home/aliomacc/sti_usv/src/usv_sim/workspace_gz/plugins/USVWind.cc:249:9:\x1b[m\x1b[K \x1b[01;31m\x1b[Kerror: \x1b[m\x1b[K\xe2\x80\x98\x1b[01m\x1b[Kclass vrx::USVWind\x1b[m\x1b[K\xe2\x80\x99 has no member named \xe2\x80\x98\x1b[01m\x1b[KdataPtr\x1b[m\x1b[K\xe2\x80\x99\n'}
[18.604157] (workspace_gz) StderrLine: {'line': b'  249 |   this->\x1b[01;31m\x1b[KdataPtr\x1b[m\x1b[K->windSpeedPub = this->dataPtr->node.Advertise<msgs::Float>(\n'}
[18.604242] (workspace_gz) StderrLine: {'line': b'      |         \x1b[01;31m\x1b[K^~~~~~~\x1b[m\x1b[K\n'}
[18.604342] (workspace_gz) StderrLine: {'line': b'\x1b[01m\x1b[K/home/aliomacc/sti_usv/src/usv_sim/workspace_gz/plugins/USVWind.cc:249:39:\x1b[m\x1b[K \x1b[01;31m\x1b[Kerror: \x1b[m\x1b[K\xe2\x80\x98\x1b[01m\x1b[Kclass vrx::USVWind\x1b[m\x1b[K\xe2\x80\x99 has no member named \xe2\x80\x98\x1b[01m\x1b[KdataPtr\x1b[m\x1b[K\xe2\x80\x99\n'}
[18.604430] (workspace_gz) StderrLine: {'line': b'  249 |   this->dataPtr->windSpeedPub = this->\x1b[01;31m\x1b[KdataPtr\x1b[m\x1b[K->node.Advertise<msgs::Float>(\n'}
[18.604516] (workspace_gz) StderrLine: {'line': b'      |                                       \x1b[01;31m\x1b[K^~~~~~~\x1b[m\x1b[K\n'}
[18.604598] (workspace_gz) StderrLine: {'line': b'\x1b[01m\x1b[K/home/aliomacc/sti_usv/src/usv_sim/workspace_gz/plugins/USVWind.cc:249:74:\x1b[m\x1b[K \x1b[01;31m\x1b[Kerror: \x1b[m\x1b[Kexpected primary-expression before \xe2\x80\x98\x1b[01m\x1b[K>\x1b[m\x1b[K\xe2\x80\x99 token\n'}
[18.604686] (workspace_gz) StderrLine: {'line': b'  249 |   this->dataPtr->windSpeedPub = this->dataPtr->node.Advertise<msgs::Float\x1b[01;31m\x1b[K>\x1b[m\x1b[K(\n'}
[18.604771] (workspace_gz) StderrLine: {'line': b'      |                                                                          \x1b[01;31m\x1b[K^\x1b[m\x1b[K\n'}
[18.604867] (workspace_gz) StderrLine: {'line': b'\x1b[01m\x1b[K/home/aliomacc/sti_usv/src/usv_sim/workspace_gz/plugins/USVWind.cc:250:13:\x1b[m\x1b[K \x1b[01;31m\x1b[Kerror: \x1b[m\x1b[K\xe2\x80\x98\x1b[01m\x1b[Kclass vrx::USVWind\x1b[m\x1b[K\xe2\x80\x99 has no member named \xe2\x80\x98\x1b[01m\x1b[KdataPtr\x1b[m\x1b[K\xe2\x80\x99\n'}
[18.604954] (workspace_gz) StderrLine: {'line': b'  250 |       this->\x1b[01;31m\x1b[KdataPtr\x1b[m\x1b[K->topicWindSpeed, opts);\n'}
[18.605039] (workspace_gz) StderrLine: {'line': b'      |             \x1b[01;31m\x1b[K^~~~~~~\x1b[m\x1b[K\n'}
[18.605123] (workspace_gz) StderrLine: {'line': b'\x1b[01m\x1b[K/home/aliomacc/sti_usv/src/usv_sim/workspace_gz/plugins/USVWind.cc:252:9:\x1b[m\x1b[K \x1b[01;31m\x1b[Kerror: \x1b[m\x1b[K\xe2\x80\x98\x1b[01m\x1b[Kclass vrx::USVWind\x1b[m\x1b[K\xe2\x80\x99 has no member named \xe2\x80\x98\x1b[01m\x1b[KdataPtr\x1b[m\x1b[K\xe2\x80\x99\n'}
[18.605211] (workspace_gz) StderrLine: {'line': b'  252 |   this->\x1b[01;31m\x1b[KdataPtr\x1b[m\x1b[K->windDirectionPub = this->dataPtr->node.Advertise<msgs::Float>(\n'}
[18.609398] (workspace_gz) StderrLine: {'line': b'      |         \x1b[01;31m\x1b[K^~~~~~~\x1b[m\x1b[K\n'}
[18.609627] (workspace_gz) StderrLine: {'line': b'\x1b[01m\x1b[K/home/aliomacc/sti_usv/src/usv_sim/workspace_gz/plugins/USVWind.cc:252:43:\x1b[m\x1b[K \x1b[01;31m\x1b[Kerror: \x1b[m\x1b[K\xe2\x80\x98\x1b[01m\x1b[Kclass vrx::USVWind\x1b[m\x1b[K\xe2\x80\x99 has no member named \xe2\x80\x98\x1b[01m\x1b[KdataPtr\x1b[m\x1b[K\xe2\x80\x99\n'}
[18.609743] (workspace_gz) StderrLine: {'line': b'  252 |   this->dataPtr->windDirectionPub = this->\x1b[01;31m\x1b[KdataPtr\x1b[m\x1b[K->node.Advertise<msgs::Float>(\n'}
[18.609841] (workspace_gz) StderrLine: {'line': b'      |                                           \x1b[01;31m\x1b[K^~~~~~~\x1b[m\x1b[K\n'}
[18.609957] (workspace_gz) StderrLine: {'line': b'\x1b[01m\x1b[K/home/aliomacc/sti_usv/src/usv_sim/workspace_gz/plugins/USVWind.cc:252:78:\x1b[m\x1b[K \x1b[01;31m\x1b[Kerror: \x1b[m\x1b[Kexpected primary-expression before \xe2\x80\x98\x1b[01m\x1b[K>\x1b[m\x1b[K\xe2\x80\x99 token\n'}
[18.610076] (workspace_gz) StderrLine: {'line': b'  252 |   this->dataPtr->windDirectionPub = this->dataPtr->node.Advertise<msgs::Float\x1b[01;31m\x1b[K>\x1b[m\x1b[K(\n'}
[18.610189] (workspace_gz) StderrLine: {'line': b'      |                                                                              \x1b[01;31m\x1b[K^\x1b[m\x1b[K\n'}
[18.610310] (workspace_gz) StderrLine: {'line': b'\x1b[01m\x1b[K/home/aliomacc/sti_usv/src/usv_sim/workspace_gz/plugins/USVWind.cc:253:13:\x1b[m\x1b[K \x1b[01;31m\x1b[Kerror: \x1b[m\x1b[K\xe2\x80\x98\x1b[01m\x1b[Kclass vrx::USVWind\x1b[m\x1b[K\xe2\x80\x99 has no member named \xe2\x80\x98\x1b[01m\x1b[KdataPtr\x1b[m\x1b[K\xe2\x80\x99\n'}
[18.610515] (workspace_gz) StderrLine: {'line': b'  253 |       this->\x1b[01;31m\x1b[KdataPtr\x1b[m\x1b[K->topicWindDirection, opts);\n'}
[18.610618] (workspace_gz) StderrLine: {'line': b'      |             \x1b[01;31m\x1b[K^~~~~~~\x1b[m\x1b[K\n'}
[18.610718] (workspace_gz) StderrLine: {'line': b'\x1b[01m\x1b[K/home/aliomacc/sti_usv/src/usv_sim/workspace_gz/plugins/USVWind.cc:\x1b[m\x1b[K In member function \xe2\x80\x98\x1b[01m\x1b[Kvirtual void vrx::USVWind::PreUpdate(const ignition::gazebo::v6::UpdateInfo&, ignition::gazebo::v6::EntityComponentManager&)\x1b[m\x1b[K\xe2\x80\x99:\n'}
[18.610827] (workspace_gz) StderrLine: {'line': b'\x1b[01m\x1b[K/home/aliomacc/sti_usv/src/usv_sim/workspace_gz/plugins/USVWind.cc:261:3:\x1b[m\x1b[K \x1b[01;31m\x1b[Kerror: \x1b[m\x1b[K\xe2\x80\x98\x1b[01m\x1b[KGZ_PROFILE\x1b[m\x1b[K\xe2\x80\x99 was not declared in this scope; did you mean \xe2\x80\x98\x1b[01m\x1b[KIGN_PROFILE\x1b[m\x1b[K\xe2\x80\x99?\n'}
[18.610930] (workspace_gz) StderrLine: {'line': b'  261 |   \x1b[01;31m\x1b[KGZ_PROFILE\x1b[m\x1b[K("USVWind::PreUpdate");\n'}
[18.611032] (workspace_gz) StderrLine: {'line': b'      |   \x1b[01;31m\x1b[K^~~~~~~~~~\x1b[m\x1b[K\n'}
[18.611147] (workspace_gz) StderrLine: {'line': b'      |   \x1b[32m\x1b[KIGN_PROFILE\x1b[m\x1b[K\n'}
[18.616604] (workspace_gz) StderrLine: {'line': b'\x1b[01m\x1b[K/home/aliomacc/sti_usv/src/usv_sim/workspace_gz/plugins/USVWind.cc:265:13:\x1b[m\x1b[K \x1b[01;31m\x1b[Kerror: \x1b[m\x1b[K\xe2\x80\x98\x1b[01m\x1b[Kclass vrx::USVWind\x1b[m\x1b[K\xe2\x80\x99 has no member named \xe2\x80\x98\x1b[01m\x1b[KdataPtr\x1b[m\x1b[K\xe2\x80\x99\n'}
[18.617061] (workspace_gz) StderrLine: {'line': b'  265 |   if (this->\x1b[01;31m\x1b[KdataPtr\x1b[m\x1b[K->previousTime == std::chrono::duration<double>(0))\n'}
[18.617174] (workspace_gz) StderrLine: {'line': b'      |             \x1b[01;31m\x1b[K^~~~~~~\x1b[m\x1b[K\n'}
[18.617268] (workspace_gz) StderrLine: {'line': b'\x1b[01m\x1b[K/home/aliomacc/sti_usv/src/usv_sim/workspace_gz/plugins/USVWind.cc:267:11:\x1b[m\x1b[K \x1b[01;31m\x1b[Kerror: \x1b[m\x1b[K\xe2\x80\x98\x1b[01m\x1b[Kclass vrx::USVWind\x1b[m\x1b[K\xe2\x80\x99 has no member named \xe2\x80\x98\x1b[01m\x1b[KdataPtr\x1b[m\x1b[K\xe2\x80\x99\n'}
[18.617374] (workspace_gz) StderrLine: {'line': b'  267 |     this->\x1b[01;31m\x1b[KdataPtr\x1b[m\x1b[K->previousTime = time - std::chrono::duration<double>(0.001);\n'}
[18.617467] (workspace_gz) StderrLine: {'line': b'      |           \x1b[01;31m\x1b[K^~~~~~~\x1b[m\x1b[K\n'}
[18.617556] (workspace_gz) StderrLine: {'line': b'\x1b[01m\x1b[K/home/aliomacc/sti_usv/src/usv_sim/workspace_gz/plugins/USVWind.cc:270:14:\x1b[m\x1b[K \x1b[01;31m\x1b[Kerror: \x1b[m\x1b[K\xe2\x80\x98\x1b[01m\x1b[Kclass vrx::USVWind\x1b[m\x1b[K\xe2\x80\x99 has no member named \xe2\x80\x98\x1b[01m\x1b[KdataPtr\x1b[m\x1b[K\xe2\x80\x99\n'}
[18.617657] (workspace_gz) StderrLine: {'line': b'  270 |   if (!this->\x1b[01;31m\x1b[KdataPtr\x1b[m\x1b[K->windObjsInit)\n'}
[18.617758] (workspace_gz) StderrLine: {'line': b'      |              \x1b[01;31m\x1b[K^~~~~~~\x1b[m\x1b[K\n'}
[18.617850] (workspace_gz) StderrLine: {'line': b'\x1b[01m\x1b[K/home/aliomacc/sti_usv/src/usv_sim/workspace_gz/plugins/USVWind.cc:272:26:\x1b[m\x1b[K \x1b[01;31m\x1b[Kerror: \x1b[m\x1b[K\xe2\x80\x98\x1b[01m\x1b[Kclass vrx::USVWind\x1b[m\x1b[K\xe2\x80\x99 has no member named \xe2\x80\x98\x1b[01m\x1b[KdataPtr\x1b[m\x1b[K\xe2\x80\x99\n'}
[18.617943] (workspace_gz) StderrLine: {'line': b'  272 |     for (auto &i : this->\x1b[01;31m\x1b[KdataPtr\x1b[m\x1b[K->windObjs)\n'}
[18.618032] (workspace_gz) StderrLine: {'line': b'      |                          \x1b[01;31m\x1b[K^~~~~~~\x1b[m\x1b[K\n'}
[18.618115] (workspace_gz) StderrLine: {'line': b'\x1b[01m\x1b[K/home/aliomacc/sti_usv/src/usv_sim/workspace_gz/plugins/USVWind.cc:283:21:\x1b[m\x1b[K \x1b[01;31m\x1b[Kerror: \x1b[m\x1b[K\xe2\x80\x98\x1b[01m\x1b[Kclass vrx::USVWind\x1b[m\x1b[K\xe2\x80\x99 has no member named \xe2\x80\x98\x1b[01m\x1b[KdataPtr\x1b[m\x1b[K\xe2\x80\x99\n'}
[18.618214] (workspace_gz) StderrLine: {'line': b'  283 |             ++this->\x1b[01;31m\x1b[KdataPtr\x1b[m\x1b[K->windObjsInitCount;\n'}
[18.618320] (workspace_gz) StderrLine: {'line': b'      |                     \x1b[01;31m\x1b[K^~~~~~~\x1b[m\x1b[K\n'}
[18.618416] (workspace_gz) StderrLine: {'line': b'\x1b[01m\x1b[K/home/aliomacc/sti_usv/src/usv_sim/workspace_gz/plugins/USVWind.cc:295:15:\x1b[m\x1b[K \x1b[01;31m\x1b[Kerror: \x1b[m\x1b[K\xe2\x80\x98\x1b[01m\x1b[Kclass vrx::USVWind\x1b[m\x1b[K\xe2\x80\x99 has no member named \xe2\x80\x98\x1b[01m\x1b[KdataPtr\x1b[m\x1b[K\xe2\x80\x99\n'}
[18.618517] (workspace_gz) StderrLine: {'line': b'  295 |     if (this->\x1b[01;31m\x1b[KdataPtr\x1b[m\x1b[K->windObjsInitCount == this->dataPtr->windObjs.size())\n'}
[18.618609] (workspace_gz) StderrLine: {'line': b'      |               \x1b[01;31m\x1b[K^~~~~~~\x1b[m\x1b[K\n'}
[18.618697] (workspace_gz) StderrLine: {'line': b'\x1b[01m\x1b[K/home/aliomacc/sti_usv/src/usv_sim/workspace_gz/plugins/USVWind.cc:295:51:\x1b[m\x1b[K \x1b[01;31m\x1b[Kerror: \x1b[m\x1b[K\xe2\x80\x98\x1b[01m\x1b[Kclass vrx::USVWind\x1b[m\x1b[K\xe2\x80\x99 has no member named \xe2\x80\x98\x1b[01m\x1b[KdataPtr\x1b[m\x1b[K\xe2\x80\x99\n'}
[18.618804] (workspace_gz) StderrLine: {'line': b'  295 |     if (this->dataPtr->windObjsInitCount == this->\x1b[01;31m\x1b[KdataPtr\x1b[m\x1b[K->windObjs.size())\n'}
[18.618894] (workspace_gz) StderrLine: {'line': b'      |                                                   \x1b[01;31m\x1b[K^~~~~~~\x1b[m\x1b[K\n'}
[18.618986] (workspace_gz) StderrLine: {'line': b'\x1b[01m\x1b[K/home/aliomacc/sti_usv/src/usv_sim/workspace_gz/plugins/USVWind.cc:297:13:\x1b[m\x1b[K \x1b[01;31m\x1b[Kerror: \x1b[m\x1b[K\xe2\x80\x98\x1b[01m\x1b[Kclass vrx::USVWind\x1b[m\x1b[K\xe2\x80\x99 has no member named \xe2\x80\x98\x1b[01m\x1b[KdataPtr\x1b[m\x1b[K\xe2\x80\x99\n'}
[18.619075] (workspace_gz) StderrLine: {'line': b'  297 |       this->\x1b[01;31m\x1b[KdataPtr\x1b[m\x1b[K->windObjsInit = true;\n'}
[18.619158] (workspace_gz) StderrLine: {'line': b'      |             \x1b[01;31m\x1b[K^~~~~~~\x1b[m\x1b[K\n'}
[18.619236] (workspace_gz) StderrLine: {'line': b'\x1b[01m\x1b[K/home/aliomacc/sti_usv/src/usv_sim/workspace_gz/plugins/USVWind.cc:301:26:\x1b[m\x1b[K \x1b[01;31m\x1b[Kerror: \x1b[m\x1b[K\xe2\x80\x98\x1b[01m\x1b[Kclass vrx::USVWind\x1b[m\x1b[K\xe2\x80\x99 has no member named \xe2\x80\x98\x1b[01m\x1b[KdataPtr\x1b[m\x1b[K\xe2\x80\x99\n'}
[18.619334] (workspace_gz) StderrLine: {'line': b'  301 |   auto dT = time - this->\x1b[01;31m\x1b[KdataPtr\x1b[m\x1b[K->previousTime;\n'}
[18.619428] (workspace_gz) StderrLine: {'line': b'      |                          \x1b[01;31m\x1b[K^~~~~~~\x1b[m\x1b[K\n'}
[18.619514] (workspace_gz) StderrLine: {'line': b'\x1b[01m\x1b[K/home/aliomacc/sti_usv/src/usv_sim/workspace_gz/plugins/USVWind.cc:304:35:\x1b[m\x1b[K \x1b[01;31m\x1b[Kerror: \x1b[m\x1b[K\xe2\x80\x98\x1b[01m\x1b[Kclass vrx::USVWind\x1b[m\x1b[K\xe2\x80\x99 has no member named \xe2\x80\x98\x1b[01m\x1b[KdataPtr\x1b[m\x1b[K\xe2\x80\x99\n'}
[18.619604] (workspace_gz) StderrLine: {'line': b'  304 |   double randomDist = dist(*this->\x1b[01;31m\x1b[KdataPtr\x1b[m\x1b[K->randGenerator);\n'}
[18.619705] (workspace_gz) StderrLine: {'line': b'      |                                   \x1b[01;31m\x1b[K^~~~~~~\x1b[m\x1b[K\n'}
[18.619804] (workspace_gz) StderrLine: {'line': b'\x1b[01m\x1b[K/home/aliomacc/sti_usv/src/usv_sim/workspace_gz/plugins/USVWind.cc:307:9:\x1b[m\x1b[K \x1b[01;31m\x1b[Kerror: \x1b[m\x1b[K\xe2\x80\x98\x1b[01m\x1b[Kclass vrx::USVWind\x1b[m\x1b[K\xe2\x80\x99 has no member named \xe2\x80\x98\x1b[01m\x1b[KdataPtr\x1b[m\x1b[K\xe2\x80\x99\n'}
[18.619901] (workspace_gz) StderrLine: {'line': b'  307 |   this->\x1b[01;31m\x1b[KdataPtr\x1b[m\x1b[K->varVel += 1.0 / this->dataPtr->timeConstant *\n'}
[18.619998] (workspace_gz) StderrLine: {'line': b'      |         \x1b[01;31m\x1b[K^~~~~~~\x1b[m\x1b[K\n'}
[18.620093] (workspace_gz) StderrLine: {'line': b'\x1b[01m\x1b[K/home/aliomacc/sti_usv/src/usv_sim/workspace_gz/plugins/USVWind.cc:307:40:\x1b[m\x1b[K \x1b[01;31m\x1b[Kerror: \x1b[m\x1b[K\xe2\x80\x98\x1b[01m\x1b[Kclass vrx::USVWind\x1b[m\x1b[K\xe2\x80\x99 has no member named \xe2\x80\x98\x1b[01m\x1b[KdataPtr\x1b[m\x1b[K\xe2\x80\x99\n'}
[18.620195] (workspace_gz) StderrLine: {'line': b'  307 |   this->dataPtr->varVel += 1.0 / this->\x1b[01;31m\x1b[KdataPtr\x1b[m\x1b[K->timeConstant *\n'}
[18.625372] (workspace_gz) StderrLine: {'line': b'      |                                        \x1b[01;31m\x1b[K^~~~~~~\x1b[m\x1b[K\n'}
[18.625618] (workspace_gz) StderrLine: {'line': b'\x1b[01m\x1b[K/home/aliomacc/sti_usv/src/usv_sim/workspace_gz/plugins/USVWind.cc:308:42:\x1b[m\x1b[K \x1b[01;31m\x1b[Kerror: \x1b[m\x1b[K\xe2\x80\x98\x1b[01m\x1b[Kclass vrx::USVWind\x1b[m\x1b[K\xe2\x80\x99 has no member named \xe2\x80\x98\x1b[01m\x1b[KdataPtr\x1b[m\x1b[K\xe2\x80\x99\n'}
[18.625748] (workspace_gz) StderrLine: {'line': b'  308 |                            (-1.0 * this->\x1b[01;31m\x1b[KdataPtr\x1b[m\x1b[K->varVel +\n'}
[18.625859] (workspace_gz) StderrLine: {'line': b'      |                                          \x1b[01;31m\x1b[K^~~~~~~\x1b[m\x1b[K\n'}
[18.625969] (workspace_gz) StderrLine: {'line': b'\x1b[01m\x1b[K/home/aliomacc/sti_usv/src/usv_sim/workspace_gz/plugins/USVWind.cc:309:34:\x1b[m\x1b[K \x1b[01;31m\x1b[Kerror: \x1b[m\x1b[K\xe2\x80\x98\x1b[01m\x1b[Kclass vrx::USVWind\x1b[m\x1b[K\xe2\x80\x99 has no member named \xe2\x80\x98\x1b[01m\x1b[KdataPtr\x1b[m\x1b[K\xe2\x80\x99\n'}
[18.626092] (workspace_gz) StderrLine: {'line': b'  309 |                            this->\x1b[01;31m\x1b[KdataPtr\x1b[m\x1b[K->filterGain / sqrt(dT.count()) *\n'}
[18.626204] (workspace_gz) StderrLine: {'line': b'      |                                  \x1b[01;31m\x1b[K^~~~~~~\x1b[m\x1b[K\n'}
[18.626321] (workspace_gz) StderrLine: {'line': b'\x1b[01m\x1b[K/home/aliomacc/sti_usv/src/usv_sim/workspace_gz/plugins/USVWind.cc:312:27:\x1b[m\x1b[K \x1b[01;31m\x1b[Kerror: \x1b[m\x1b[K\xe2\x80\x98\x1b[01m\x1b[Kclass vrx::USVWind\x1b[m\x1b[K\xe2\x80\x99 has no member named \xe2\x80\x98\x1b[01m\x1b[KdataPtr\x1b[m\x1b[K\xe2\x80\x99\n'}
[18.626448] (workspace_gz) StderrLine: {'line': b'  312 |   double velocity = this->\x1b[01;31m\x1b[KdataPtr\x1b[m\x1b[K->varVel + this->dataPtr->windMeanVelocity;\n'}
[18.626555] (workspace_gz) StderrLine: {'line': b'      |                           \x1b[01;31m\x1b[K^~~~~~~\x1b[m\x1b[K\n'}
[18.626660] (workspace_gz) StderrLine: {'line': b'\x1b[01m\x1b[K/home/aliomacc/sti_usv/src/usv_sim/workspace_gz/plugins/USVWind.cc:312:51:\x1b[m\x1b[K \x1b[01;31m\x1b[Kerror: \x1b[m\x1b[K\xe2\x80\x98\x1b[01m\x1b[Kclass vrx::USVWind\x1b[m\x1b[K\xe2\x80\x99 has no member named \xe2\x80\x98\x1b[01m\x1b[KdataPtr\x1b[m\x1b[K\xe2\x80\x99\n'}
[18.626769] (workspace_gz) StderrLine: {'line': b'  312 |   double velocity = this->dataPtr->varVel + this->\x1b[01;31m\x1b[KdataPtr\x1b[m\x1b[K->windMeanVelocity;\n'}
[18.626876] (workspace_gz) StderrLine: {'line': b'      |                                                   \x1b[01;31m\x1b[K^~~~~~~\x1b[m\x1b[K\n'}
[18.626987] (workspace_gz) StderrLine: {'line': b'\x1b[01m\x1b[K/home/aliomacc/sti_usv/src/usv_sim/workspace_gz/plugins/USVWind.cc:315:9:\x1b[m\x1b[K \x1b[01;31m\x1b[Kerror: \x1b[m\x1b[K\xe2\x80\x98\x1b[01m\x1b[Kclass vrx::USVWind\x1b[m\x1b[K\xe2\x80\x99 has no member named \xe2\x80\x98\x1b[01m\x1b[KdataPtr\x1b[m\x1b[K\xe2\x80\x99\n'}
[18.627099] (workspace_gz) StderrLine: {'line': b'  315 |   this->\x1b[01;31m\x1b[KdataPtr\x1b[m\x1b[K->windSpeedPub.Publish(windVelMsg);\n'}
[18.627214] (workspace_gz) StderrLine: {'line': b'      |         \x1b[01;31m\x1b[K^~~~~~~\x1b[m\x1b[K\n'}
[18.627333] (workspace_gz) StderrLine: {'line': b'\x1b[01m\x1b[K/home/aliomacc/sti_usv/src/usv_sim/workspace_gz/plugins/USVWind.cc:316:9:\x1b[m\x1b[K \x1b[01;31m\x1b[Kerror: \x1b[m\x1b[K\xe2\x80\x98\x1b[01m\x1b[Kclass vrx::USVWind\x1b[m\x1b[K\xe2\x80\x99 has no member named \xe2\x80\x98\x1b[01m\x1b[KdataPtr\x1b[m\x1b[K\xe2\x80\x99\n'}
[18.627458] (workspace_gz) StderrLine: {'line': b'  316 |   this->\x1b[01;31m\x1b[KdataPtr\x1b[m\x1b[K->windDirectionPub.Publish(this->dataPtr->windDirMsg);\n'}
[18.627565] (workspace_gz) StderrLine: {'line': b'      |         \x1b[01;31m\x1b[K^~~~~~~\x1b[m\x1b[K\n'}
[18.627669] (workspace_gz) StderrLine: {'line': b'\x1b[01m\x1b[K/home/aliomacc/sti_usv/src/usv_sim/workspace_gz/plugins/USVWind.cc:316:49:\x1b[m\x1b[K \x1b[01;31m\x1b[Kerror: \x1b[m\x1b[K\xe2\x80\x98\x1b[01m\x1b[Kclass vrx::USVWind\x1b[m\x1b[K\xe2\x80\x99 has no member named \xe2\x80\x98\x1b[01m\x1b[KdataPtr\x1b[m\x1b[K\xe2\x80\x99\n'}
[18.627776] (workspace_gz) StderrLine: {'line': b'  316 |   this->dataPtr->windDirectionPub.Publish(this->\x1b[01;31m\x1b[KdataPtr\x1b[m\x1b[K->windDirMsg);\n'}
[18.627879] (workspace_gz) StderrLine: {'line': b'      |                                                 \x1b[01;31m\x1b[K^~~~~~~\x1b[m\x1b[K\n'}
[18.627979] (workspace_gz) StderrLine: {'line': b'\x1b[01m\x1b[K/home/aliomacc/sti_usv/src/usv_sim/workspace_gz/plugins/USVWind.cc:317:30:\x1b[m\x1b[K \x1b[01;31m\x1b[Kerror: \x1b[m\x1b[K\xe2\x80\x98\x1b[01m\x1b[Kclass vrx::USVWind\x1b[m\x1b[K\xe2\x80\x99 has no member named \xe2\x80\x98\x1b[01m\x1b[KdataPtr\x1b[m\x1b[K\xe2\x80\x99\n'}
[18.628085] (workspace_gz) StderrLine: {'line': b'  317 |   for (auto &windObj : this->\x1b[01;31m\x1b[KdataPtr\x1b[m\x1b[K->windObjs)\n'}
[18.628198] (workspace_gz) StderrLine: {'line': b'      |                              \x1b[01;31m\x1b[K^~~~~~~\x1b[m\x1b[K\n'}
[18.631382] (workspace_gz) StderrLine: {'line': b'\x1b[01m\x1b[K/home/aliomacc/sti_usv/src/usv_sim/workspace_gz/plugins/USVWind.cc:330:15:\x1b[m\x1b[K \x1b[01;31m\x1b[Kerror: \x1b[m\x1b[K\xe2\x80\x98\x1b[01m\x1b[Kclass vrx::USVWind\x1b[m\x1b[K\xe2\x80\x99 has no member named \xe2\x80\x98\x1b[01m\x1b[KdataPtr\x1b[m\x1b[K\xe2\x80\x99\n'}
[18.631614] (workspace_gz) StderrLine: {'line': b'  330 |         this->\x1b[01;31m\x1b[KdataPtr\x1b[m\x1b[K->windDirection * velocity - worldVel;\n'}
[18.631737] (workspace_gz) StderrLine: {'line': b'      |               \x1b[01;31m\x1b[K^~~~~~~\x1b[m\x1b[K\n'}
[18.631849] (workspace_gz) StderrLine: {'line': b'\x1b[01m\x1b[K/home/aliomacc/sti_usv/src/usv_sim/workspace_gz/plugins/USVWind.cc:357:9:\x1b[m\x1b[K \x1b[01;31m\x1b[Kerror: \x1b[m\x1b[K\xe2\x80\x98\x1b[01m\x1b[Kclass vrx::USVWind\x1b[m\x1b[K\xe2\x80\x99 has no member named \xe2\x80\x98\x1b[01m\x1b[KdataPtr\x1b[m\x1b[K\xe2\x80\x99\n'}
[18.631961] (workspace_gz) StderrLine: {'line': b'  357 |   this->\x1b[01;31m\x1b[KdataPtr\x1b[m\x1b[K->previousTime = time;\n'}
[18.632071] (workspace_gz) StderrLine: {'line': b'      |         \x1b[01;31m\x1b[K^~~~~~~\x1b[m\x1b[K\n'}
[18.632180] (workspace_gz) StderrLine: {'line': b'\x1b[01m\x1b[K/home/aliomacc/sti_usv/src/usv_sim/workspace_gz/plugins/USVWind.cc:\x1b[m\x1b[K At global scope:\n'}
[18.632296] (workspace_gz) StderrLine: {'line': b'\x1b[01m\x1b[K/home/aliomacc/sti_usv/src/usv_sim/workspace_gz/plugins/USVWind.cc:364:1:\x1b[m\x1b[K \x1b[01;31m\x1b[Kerror: \x1b[m\x1b[Kexpected constructor, destructor, or type conversion before \xe2\x80\x98\x1b[01m\x1b[KGZ_ADD_PLUGIN_ALIAS\x1b[m\x1b[K\xe2\x80\x99\n'}
[18.632420] (workspace_gz) StderrLine: {'line': b'  364 | \x1b[01;31m\x1b[KGZ_ADD_PLUGIN_ALIAS\x1b[m\x1b[K(vrx::USVWind,\n'}
[18.632530] (workspace_gz) StderrLine: {'line': b'      | \x1b[01;31m\x1b[K^~~~~~~~~~~~~~~~~~~\x1b[m\x1b[K\n'}
[18.636573] (-) TimerEvent: {}
[18.736924] (-) TimerEvent: {}
[18.840354] (-) TimerEvent: {}
[18.940744] (-) TimerEvent: {}
[19.041124] (-) TimerEvent: {}
[19.056966] (workspace_gz) StderrLine: {'line': b'gmake[2]: *** [CMakeFiles/ScoringPlugin.dir/build.make:76: CMakeFiles/ScoringPlugin.dir/plugins/ScoringPlugin.cc.o] Error 1\n'}
[19.057404] (workspace_gz) StderrLine: {'line': b'gmake[1]: *** [CMakeFiles/Makefile2:179: CMakeFiles/ScoringPlugin.dir/all] Error 2\n'}
[19.086628] (workspace_gz) StdoutLine: {'line': b'[ 57%] \x1b[32mBuilding CXX object CMakeFiles/StationkeepingScoringPlugin.dir/plugins/WaypointMarkers.cc.o\x1b[0m\n'}
[19.141240] (-) TimerEvent: {}
[19.241713] (-) TimerEvent: {}
[19.256125] (workspace_gz) StderrLine: {'line': b'gmake[2]: *** [CMakeFiles/Surface.dir/build.make:76: CMakeFiles/Surface.dir/plugins/Surface.cc.o] Error 1\n'}
[19.256419] (workspace_gz) StderrLine: {'line': b'gmake[1]: *** [CMakeFiles/Makefile2:283: CMakeFiles/Surface.dir/all] Error 2\n'}
[19.305724] (workspace_gz) StderrLine: {'line': b'gmake[2]: *** [CMakeFiles/PolyhedraBuoyancyDrag.dir/build.make:76: CMakeFiles/PolyhedraBuoyancyDrag.dir/plugins/PolyhedraBuoyancyDrag.cc.o] Error 1\n'}
[19.305953] (workspace_gz) StderrLine: {'line': b'gmake[1]: *** [CMakeFiles/Makefile2:361: CMakeFiles/PolyhedraBuoyancyDrag.dir/all] Error 2\n'}
[19.341825] (-) TimerEvent: {}
[19.391844] (workspace_gz) StderrLine: {'line': b'gmake[2]: *** [CMakeFiles/StationkeepingScoringPlugin.dir/build.make:76: CMakeFiles/StationkeepingScoringPlugin.dir/plugins/StationkeepingScoringPlugin.cc.o] Error 1\n'}
[19.392069] (workspace_gz) StderrLine: {'line': b'gmake[2]: *** Bitmemi\xc5\x9f i\xc5\x9fler i\xc3\xa7in bekliyor....\n'}
[19.441935] (-) TimerEvent: {}
[19.493356] (workspace_gz) StderrLine: {'line': b'gmake[2]: *** [CMakeFiles/WayfindingScoringPlugin.dir/build.make:76: CMakeFiles/WayfindingScoringPlugin.dir/plugins/WayfindingScoringPlugin.cc.o] Error 1\n'}
[19.493546] (workspace_gz) StderrLine: {'line': b'gmake[2]: *** Bitmemi\xc5\x9f i\xc5\x9fler i\xc3\xa7in bekliyor....\n'}
[19.542047] (-) TimerEvent: {}
[19.642366] (-) TimerEvent: {}
[19.742702] (-) TimerEvent: {}
[19.843018] (-) TimerEvent: {}
[19.943375] (-) TimerEvent: {}
[20.043771] (-) TimerEvent: {}
[20.144114] (-) TimerEvent: {}
[20.244457] (-) TimerEvent: {}
[20.246469] (workspace_gz) StderrLine: {'line': b'gmake[2]: *** [CMakeFiles/WaveVisual.dir/build.make:76: CMakeFiles/WaveVisual.dir/plugins/WaveVisual.cc.o] Error 1\n'}
[20.246737] (workspace_gz) StderrLine: {'line': b'gmake[1]: *** [CMakeFiles/Makefile2:335: CMakeFiles/WaveVisual.dir/all] Error 2\n'}
[20.322627] (workspace_gz) StderrLine: {'line': b'gmake[2]: *** [CMakeFiles/USVWind.dir/build.make:76: CMakeFiles/USVWind.dir/plugins/USVWind.cc.o] Error 1\n'}
[20.322810] (workspace_gz) StderrLine: {'line': b'gmake[1]: *** [CMakeFiles/Makefile2:309: CMakeFiles/USVWind.dir/all] Error 2\n'}
[20.344582] (-) TimerEvent: {}
[20.444833] (-) TimerEvent: {}
[20.545133] (-) TimerEvent: {}
[20.645400] (-) TimerEvent: {}
[20.745684] (-) TimerEvent: {}
[20.845968] (-) TimerEvent: {}
[20.946261] (-) TimerEvent: {}
[21.046553] (-) TimerEvent: {}
[21.146836] (-) TimerEvent: {}
[21.247117] (-) TimerEvent: {}
[21.347400] (-) TimerEvent: {}
[21.447683] (-) TimerEvent: {}
[21.547962] (-) TimerEvent: {}
[21.648250] (-) TimerEvent: {}
[21.748555] (-) TimerEvent: {}
[21.848808] (-) TimerEvent: {}
[21.949101] (-) TimerEvent: {}
[22.049386] (-) TimerEvent: {}
[22.149679] (-) TimerEvent: {}
[22.249973] (-) TimerEvent: {}
[22.350259] (-) TimerEvent: {}
[22.450555] (-) TimerEvent: {}
[22.550853] (-) TimerEvent: {}
[22.651141] (-) TimerEvent: {}
[22.751430] (-) TimerEvent: {}
[22.851757] (-) TimerEvent: {}
[22.952088] (-) TimerEvent: {}
[23.052390] (-) TimerEvent: {}
[23.152728] (-) TimerEvent: {}
[23.253038] (-) TimerEvent: {}
[23.353347] (-) TimerEvent: {}
[23.453624] (-) TimerEvent: {}
[23.553914] (-) TimerEvent: {}
[23.654189] (-) TimerEvent: {}
[23.754471] (-) TimerEvent: {}
[23.854709] (-) TimerEvent: {}
[23.954977] (-) TimerEvent: {}
[24.055252] (-) TimerEvent: {}
[24.155513] (-) TimerEvent: {}
[24.255823] (-) TimerEvent: {}
[24.356111] (-) TimerEvent: {}
[24.456454] (-) TimerEvent: {}
[24.531736] (workspace_gz) StderrLine: {'line': b'gmake[1]: *** [CMakeFiles/Makefile2:231: CMakeFiles/WayfindingScoringPlugin.dir/all] Error 2\n'}
[24.556547] (-) TimerEvent: {}
[24.656771] (-) TimerEvent: {}
[24.757032] (-) TimerEvent: {}
[24.857294] (-) TimerEvent: {}
[24.957550] (-) TimerEvent: {}
[25.057814] (-) TimerEvent: {}
[25.158079] (-) TimerEvent: {}
[25.258342] (-) TimerEvent: {}
[25.358597] (-) TimerEvent: {}
[25.458869] (-) TimerEvent: {}
[25.559140] (-) TimerEvent: {}
[25.631460] (workspace_gz) StderrLine: {'line': b'gmake[1]: *** [CMakeFiles/Makefile2:205: CMakeFiles/StationkeepingScoringPlugin.dir/all] Error 2\n'}
[25.631723] (workspace_gz) StderrLine: {'line': b'gmake: *** [Makefile:146: all] Error 2\n'}
[25.634116] (workspace_gz) CommandEnded: {'returncode': 2}
[25.642814] (workspace_gz) JobEnded: {'identifier': 'workspace_gz', 'rc': 2}
[25.658974] (-) EventReactorShutdown: {}
