[0.000000] (-) TimerEvent: {}
[0.001106] (workspace_gz) JobQueued: {'identifier': 'workspace_gz', 'dependencies': OrderedDict()}
[0.002360] (workspace_nav) JobQueued: {'identifier': 'workspace_nav', 'dependencies': OrderedDict()}
[0.002798] (workspace_ros) JobQueued: {'identifier': 'workspace_ros', 'dependencies': OrderedDict()}
[0.003192] (workspace_gz) JobStarted: {'identifier': 'workspace_gz'}
[0.037262] (workspace_nav) JobStarted: {'identifier': 'workspace_nav'}
[0.062520] (workspace_ros) JobStarted: {'identifier': 'workspace_ros'}
[0.079555] (workspace_gz) JobProgress: {'identifier': 'workspace_gz', 'progress': 'cmake'}
[0.081948] (workspace_gz) Command: {'cmd': ['/usr/bin/cmake', '/home/aliomac/garp-test/workspace_gz', '-DCMAKE_INSTALL_PREFIX=/home/aliomac/garp-test/install/workspace_gz'], 'cwd': '/home/aliomac/garp-test/build/workspace_gz', 'env': OrderedDict({'GZ_SIM_SYSTEM_PLUGIN_PATH': '/home/aliomac/vrx_ws/install/lib', 'GJS_DEBUG_TOPICS': 'JS ERROR;JS LOG', 'XDG_ACTIVATION_TOKEN': 'gnome-shell/Terminator/2481-1-aliomac-Nitro-AN515-55_TIME693242', 'LESSOPEN': '| /usr/bin/lesspipe %s', 'GZ_SIM_RESOURCE_PATH': '/home/aliomac/vrx_ws/install/share/vrx_gz/models/tmp:/home/aliomac/vrx_ws/install/share/vrx_gz/models:/home/aliomac/vrx_ws/install/share/vrx_gz/worlds/2023_phase2:/home/aliomac/vrx_ws/install/share/vrx_gz/worlds/2023_practice:/home/aliomac/vrx_ws/install/share/vrx_gz/worlds:/home/aliomac/vrx_ws/install/share/wamv_description/models:/home/aliomac/vrx_ws/install/share/vrx_gazebo/models:/home/aliomac/vrx_ws/install/share/:/opt/ros/jazzy/share', 'USER': 'aliomac', 'GZ_CONFIG_PATH': '/opt/ros/jazzy/opt/gz_sim_vendor/share/gz:/opt/ros/jazzy/opt/sdformat_vendor/share/gz:/opt/ros/jazzy/opt/gz_gui_vendor/share/gz:/opt/ros/jazzy/opt/gz_transport_vendor/share/gz:/opt/ros/jazzy/opt/gz_rendering_vendor/share/gz:/opt/ros/jazzy/opt/gz_plugin_vendor/share/gz:/opt/ros/jazzy/opt/gz_fuel_tools_vendor/share/gz:/opt/ros/jazzy/opt/gz_msgs_vendor/share/gz:/opt/ros/jazzy/opt/gz_common_vendor/share/gz', 'XDG_SESSION_TYPE': 'wayland', 'CLUTTER_DISABLE_MIPMAPPED_TEXT': '1', 'SHLVL': '1', 'LD_LIBRARY_PATH': '/home/aliomac/garp-test/install/workspace_gz/lib:/home/aliomac/vrx_ws/install/lib:/home/aliomac/thesis_USV_gazebo/install/lib:/opt/ros/jazzy/opt/gz_sim_vendor/lib:/opt/ros/jazzy/opt/gz_sensors_vendor/lib:/opt/ros/jazzy/opt/gz_physics_vendor/lib:/opt/ros/jazzy/opt/sdformat_vendor/lib:/opt/ros/jazzy/opt/rviz_ogre_vendor/lib:/opt/ros/jazzy/lib/x86_64-linux-gnu:/opt/ros/jazzy/opt/gz_gui_vendor/lib:/opt/ros/jazzy/opt/gz_transport_vendor/lib:/opt/ros/jazzy/opt/gz_rendering_vendor/lib:/opt/ros/jazzy/opt/gz_plugin_vendor/lib:/opt/ros/jazzy/opt/gz_fuel_tools_vendor/lib:/opt/ros/jazzy/opt/gz_msgs_vendor/lib:/opt/ros/jazzy/opt/gz_common_vendor/lib:/opt/ros/jazzy/opt/gz_math_vendor/lib:/opt/ros/jazzy/opt/gz_utils_vendor/lib:/opt/ros/jazzy/opt/gz_tools_vendor/lib:/opt/ros/jazzy/opt/gz_ogre_next_vendor/lib:/opt/ros/jazzy/opt/gz_dartsim_vendor/lib:/opt/ros/jazzy/opt/gz_cmake_vendor/lib:/opt/ros/jazzy/lib', 'HOME': '/home/aliomac', 'OLDPWD': '/home/aliomac', 'DESKTOP_SESSION': 'ubuntu', 'GIO_LAUNCHED_DESKTOP_FILE': '/usr/share/applications/terminator.desktop', 'ROS_PYTHON_VERSION': '3', 'GNOME_SHELL_SESSION_MODE': 'ubuntu', 'GTK_MODULES': 'gail:atk-bridge', 'MANAGERPID': '2198', 'SYSTEMD_EXEC_PID': '2481', 'GSM_SKIP_SSH_AGENT_WORKAROUND': 'true', 'DBUS_SESSION_BUS_ADDRESS': 'unix:path=/run/user/1000/bus', 'COLORTERM': 'truecolor', 'TERMINATOR_DBUS_NAME': 'net.tenshu.Terminator25ef4b219e3b005583550f2b0f9f990c3', 'GIO_LAUNCHED_DESKTOP_FILE_PID': '7984', 'DEBUGINFOD_URLS': 'https://debuginfod.ubuntu.com', 'IM_CONFIG_PHASE': '1', 'WAYLAND_DISPLAY': 'wayland-0', 'COLCON_PREFIX_PATH': '/home/aliomac/garp-test/install:/home/aliomac/vrx_ws/install:/home/aliomac/thesis_USV_gazebo/install', 'ROS_DISTRO': 'jazzy', 'LOGNAME': 'aliomac', 'JOURNAL_STREAM': '9:20790', '_': '/usr/bin/colcon', 'ROS_VERSION': '2', 'MEMORY_PRESSURE_WATCH': '/sys/fs/cgroup/user.slice/user-1000.slice/user@1000.service/session.slice/org.gnome.Shell@wayland.service/memory.pressure', 'XDG_SESSION_CLASS': 'user', 'USERNAME': 'aliomac', 'TERM': 'xterm-256color', 'GNOME_DESKTOP_SESSION_ID': 'this-is-deprecated', 'PATH': '/home/aliomac/.opencode/bin:/home/aliomac/.local/bin:/opt/ros/jazzy/opt/gz_msgs_vendor/bin:/opt/ros/jazzy/opt/gz_tools_vendor/bin:/opt/ros/jazzy/opt/gz_ogre_next_vendor/bin:/opt/ros/jazzy/bin:/home/aliomac/.local/bin:/usr/local/sbin:/usr/local/bin:/usr/sbin:/usr/bin:/sbin:/bin:/usr/games:/usr/local/games:/snap/bin:/snap/bin', 'SESSION_MANAGER': 'local/aliomac-Nitro-AN515-55:@/tmp/.ICE-unix/2442,unix/aliomac-Nitro-AN515-55:/tmp/.ICE-unix/2442', 'INVOCATION_ID': '9615740d914f443fadb2fde0e12e93b1', 'XDG_MENU_PREFIX': 'gnome-', 'GNOME_SETUP_DISPLAY': ':1', 'XDG_RUNTIME_DIR': '/run/user/1000', 'DISPLAY': ':0', 'TERMINATOR_DBUS_PATH': '/net/tenshu/Terminator2', 'LANG': 'en_US.UTF-8', 'XDG_CURRENT_DESKTOP': 'ubuntu:GNOME', 'XMODIFIERS': '@im=ibus', 'XDG_SESSION_DESKTOP': 'ubuntu', 'XAUTHORITY': '/run/user/1000/.mutter-Xwaylandauth.7RB4J3', 'LS_COLORS': 'rs=0:di=01;34:ln=01;36:mh=00:pi=40;33:so=01;35:do=01;35:bd=40;33;01:cd=40;33;01:or=40;31;01:mi=00:su=37;41:sg=30;43:ca=00:tw=30;42:ow=34;42:st=37;44:ex=01;32:*.tar=01;31:*.tgz=01;31:*.arc=01;31:*.arj=01;31:*.taz=01;31:*.lha=01;31:*.lz4=01;31:*.lzh=01;31:*.lzma=01;31:*.tlz=01;31:*.txz=01;31:*.tzo=01;31:*.t7z=01;31:*.zip=01;31:*.z=01;31:*.dz=01;31:*.gz=01;31:*.lrz=01;31:*.lz=01;31:*.lzo=01;31:*.xz=01;31:*.zst=01;31:*.tzst=01;31:*.bz2=01;31:*.bz=01;31:*.tbz=01;31:*.tbz2=01;31:*.tz=01;31:*.deb=01;31:*.rpm=01;31:*.jar=01;31:*.war=01;31:*.ear=01;31:*.sar=01;31:*.rar=01;31:*.alz=01;31:*.ace=01;31:*.zoo=01;31:*.cpio=01;31:*.7z=01;31:*.rz=01;31:*.cab=01;31:*.wim=01;31:*.swm=01;31:*.dwm=01;31:*.esd=01;31:*.avif=01;35:*.jpg=01;35:*.jpeg=01;35:*.mjpg=01;35:*.mjpeg=01;35:*.gif=01;35:*.bmp=01;35:*.pbm=01;35:*.pgm=01;35:*.ppm=01;35:*.tga=01;35:*.xbm=01;35:*.xpm=01;35:*.tif=01;35:*.tiff=01;35:*.png=01;35:*.svg=01;35:*.svgz=01;35:*.mng=01;35:*.pcx=01;35:*.mov=01;35:*.mpg=01;35:*.mpeg=01;35:*.m2v=01;35:*.mkv=01;35:*.webm=01;35:*.webp=01;35:*.ogm=01;35:*.mp4=01;35:*.m4v=01;35:*.mp4v=01;35:*.vob=01;35:*.qt=01;35:*.nuv=01;35:*.wmv=01;35:*.asf=01;35:*.rm=01;35:*.rmvb=01;35:*.flc=01;35:*.avi=01;35:*.fli=01;35:*.flv=01;35:*.gl=01;35:*.dl=01;35:*.xcf=01;35:*.xwd=01;35:*.yuv=01;35:*.cgm=01;35:*.emf=01;35:*.ogv=01;35:*.ogx=01;35:*.aac=00;36:*.au=00;36:*.flac=00;36:*.m4a=00;36:*.mid=00;36:*.midi=00;36:*.mka=00;36:*.mp3=00;36:*.mpc=00;36:*.ogg=00;36:*.ra=00;36:*.wav=00;36:*.oga=00;36:*.opus=00;36:*.spx=00;36:*.xspf=00;36:*~=00;90:*#=00;90:*.bak=00;90:*.crdownload=00;90:*.dpkg-dist=00;90:*.dpkg-new=00;90:*.dpkg-old=00;90:*.dpkg-tmp=00;90:*.old=00;90:*.orig=00;90:*.part=00;90:*.rej=00;90:*.rpmnew=00;90:*.rpmorig=00;90:*.rpmsave=00;90:*.swp=00;90:*.tmp=00;90:*.ucf-dist=00;90:*.ucf-new=00;90:*.ucf-old=00;90:', 'SSH_AUTH_SOCK': '/run/user/1000/keyring/ssh', 'AMENT_PREFIX_PATH': '/home/aliomac/garp-test/install/workspace_ros:/home/aliomac/garp-test/install/workspace_nav:/home/aliomac/garp-test/install/workspace_gz:/home/aliomac/vrx_ws/install:/home/aliomac/thesis_USV_gazebo/install:/opt/ros/jazzy', 'SHELL': '/bin/bash', 'TERMINATOR_UUID': 'urn:uuid:3a556479-da8d-4c0a-83d8-49c231a78392', 'QT_ACCESSIBILITY': '1', 'GDMSESSION': 'ubuntu', 'LESSCLOSE': '/usr/bin/lesspipe %s %s', 'GJS_DEBUG_OUTPUT': 'stderr', 'ROS_AUTOMATIC_DISCOVERY_RANGE': 'SUBNET', 'QT_IM_MODULE': 'ibus', 'PWD': '/home/aliomac/garp-test/build/workspace_gz', 'LC_ALL': 'en_US.UTF-8', 'XDG_CONFIG_DIRS': '/etc/xdg/xdg-ubuntu:/etc/xdg', 'XDG_DATA_DIRS': '/usr/share/ubuntu:/usr/share/gnome:/usr/local/share/:/usr/share/:/var/lib/snapd/desktop', 'PYTHONPATH': '/home/aliomac/garp-test/build/workspace_ros:/home/aliomac/garp-test/install/workspace_ros/lib/python3.12/site-packages:/home/aliomac/garp-test/build/workspace_nav:/home/aliomac/garp-test/install/workspace_nav/lib/python3.12/site-packages:/home/aliomac/vrx_ws/install/lib/python3.12/site-packages:/home/aliomac/thesis_USV_gazebo/build/ros_gz_bridge_custom:/home/aliomac/thesis_USV_gazebo/build/autopilot:/home/aliomac/thesis_USV_gazebo/install/lib/python3.12/site-packages:/opt/ros/jazzy/lib/python3.12/site-packages', 'COLCON': '1', 'MEMORY_PRESSURE_WRITE': 'c29tZSAyMDAwMDAgMjAwMDAwMAA=', 'VTE_VERSION': '7600', 'CMAKE_PREFIX_PATH': '/home/aliomac/garp-test/install/workspace_gz:/home/aliomac/vrx_ws/install:/home/aliomac/thesis_USV_gazebo/install:/opt/ros/jazzy/opt/gz_sim_vendor:/opt/ros/jazzy/opt/gz_sensors_vendor:/opt/ros/jazzy/opt/gz_physics_vendor:/opt/ros/jazzy/opt/sdformat_vendor:/opt/ros/jazzy/opt/gz_gui_vendor:/opt/ros/jazzy/opt/gz_transport_vendor:/opt/ros/jazzy/opt/gz_rendering_vendor:/opt/ros/jazzy/opt/gz_plugin_vendor:/opt/ros/jazzy/opt/gz_fuel_tools_vendor:/opt/ros/jazzy/opt/gz_msgs_vendor:/opt/ros/jazzy/opt/gz_common_vendor:/opt/ros/jazzy/opt/gz_math_vendor:/opt/ros/jazzy/opt/gz_utils_vendor:/opt/ros/jazzy/opt/gz_tools_vendor:/opt/ros/jazzy/opt/gz_ogre_next_vendor:/opt/ros/jazzy/opt/gz_dartsim_vendor:/opt/ros/jazzy/opt/gz_cmake_vendor:/home/aliomac/garp-test/install/workspace_ros:/home/aliomac/garp-test/install/workspace_nav:/opt/ros/jazzy'}), 'shell': False}
[0.099562] (-) TimerEvent: {}
[0.200159] (-) TimerEvent: {}
[0.301006] (-) TimerEvent: {}
[0.402276] (-) TimerEvent: {}
[0.502988] (-) TimerEvent: {}
[0.603704] (-) TimerEvent: {}
[0.690186] (workspace_gz) StdoutLine: {'line': b'-- Found ament_cmake: 2.5.5 (/opt/ros/jazzy/share/ament_cmake/cmake)\n'}
[0.691338] (workspace_gz) StdoutLine: {'line': b'-- Override CMake install command with custom implementation using symlinks instead of copying resources\n'}
[0.698824] (workspace_gz) StdoutLine: {'line': b'-- Looking for gz-sim8 -- found version 8.10.0\n'}
[0.703982] (-) TimerEvent: {}
[0.722599] (workspace_gz) StdoutLine: {'line': b'-- Searching for dependencies of gz-sim8\n'}
[0.723280] (workspace_gz) StdoutLine: {'line': b'-- Looking for sdformat14 -- found version 14.8.0\n'}
[0.723540] (workspace_gz) StdoutLine: {'line': b'-- Searching for dependencies of sdformat14\n'}
[0.741535] (workspace_gz) StdoutLine: {'line': b"-- Checking for module 'tinyxml2'\n"}
[0.783987] (workspace_gz) StdoutLine: {'line': b'--   Found tinyxml2, version 10.0.0\n'}
[0.804122] (-) TimerEvent: {}
[0.848577] (workspace_gz) StdoutLine: {'line': b'-- Looking for gz-math7 -- found version 7.5.2\n'}
[0.848985] (workspace_gz) StdoutLine: {'line': b'-- Searching for dependencies of gz-math7\n'}
[0.849652] (workspace_gz) StdoutLine: {'line': b'-- Looking for gz-utils2 -- found version 2.2.1\n'}
[0.850005] (workspace_gz) StdoutLine: {'line': b'-- Searching for dependencies of gz-utils2\n'}
[0.864248] (workspace_gz) StdoutLine: {'line': b'-- Looking for gz-utils2 -- found version 2.2.1\n'}
[0.865599] (workspace_gz) StdoutLine: {'line': b'-- Searching for dependencies of gz-utils2\n'}
[0.866231] (workspace_gz) StdoutLine: {'line': b'-- Searching for <gz-utils2> component [cli]\n'}
[0.867457] (workspace_gz) StdoutLine: {'line': b'-- Looking for gz-utils2-cli -- found version 2.2.1\n'}
[0.867704] (workspace_gz) StdoutLine: {'line': b'-- Searching for dependencies of gz-utils2-cli\n'}
[0.871104] (workspace_gz) StdoutLine: {'line': b'-- Looking for gz-plugin2 -- found version 2.0.4\n'}
[0.871522] (workspace_gz) StdoutLine: {'line': b'-- Searching for dependencies of gz-plugin2\n'}
[0.872080] (workspace_gz) StdoutLine: {'line': b'-- Looking for gz-utils2 -- found version 2.2.1\n'}
[0.874599] (workspace_gz) StdoutLine: {'line': b'-- Searching for <gz-plugin2> component [loader]\n'}
[0.876008] (workspace_gz) StdoutLine: {'line': b'-- Looking for gz-plugin2-loader -- found version 2.0.4\n'}
[0.877699] (workspace_gz) StdoutLine: {'line': b'-- Searching for dependencies of gz-plugin2-loader\n'}
[0.879745] (workspace_gz) StdoutLine: {'line': b'-- Searching for <gz-plugin2> component [register]\n'}
[0.880838] (workspace_gz) StdoutLine: {'line': b'-- Looking for gz-plugin2-register -- found version 2.0.4\n'}
[0.881954] (workspace_gz) StdoutLine: {'line': b'-- Searching for dependencies of gz-plugin2-register\n'}
[0.883625] (workspace_gz) StdoutLine: {'line': b'-- Looking for gz-transport13 -- found version 13.5.0\n'}
[0.884038] (workspace_gz) StdoutLine: {'line': b'-- Searching for dependencies of gz-transport13\n'}
[0.904284] (-) TimerEvent: {}
[0.978878] (workspace_gz) StdoutLine: {'line': b'-- Config-file not installed for ZeroMQ -- checking for pkg-config\n'}
[0.987894] (workspace_gz) StdoutLine: {'line': b"-- Checking for module 'libzmq >= 4'\n"}
[1.004598] (-) TimerEvent: {}
[1.037932] (workspace_gz) StdoutLine: {'line': b'--   Found libzmq, version 4.3.5\n'}
[1.104675] (-) TimerEvent: {}
[1.146919] (workspace_gz) StdoutLine: {'line': b"-- Checking for module 'uuid'\n"}
[1.176033] (workspace_gz) StdoutLine: {'line': b'--   Found uuid, version 2.39.3\n'}
[1.204795] (-) TimerEvent: {}
[1.245080] (workspace_gz) StdoutLine: {'line': b'-- Looking for gz-utils2 -- found version 2.2.1\n'}
[1.246147] (workspace_gz) StdoutLine: {'line': b'-- Looking for gz-msgs10 -- found version 10.3.2\n'}
[1.246514] (workspace_gz) StdoutLine: {'line': b'-- Searching for dependencies of gz-msgs10\n'}
[1.295016] (workspace_gz) StdoutLine: {'line': b'-- Looking for gz-utils2 -- found version 2.2.1\n'}
[1.297666] (workspace_gz) StdoutLine: {'line': b'-- Looking for gz-math7 -- found version 7.5.2\n'}
[1.305045] (-) TimerEvent: {}
[1.324160] (workspace_gz) StdoutLine: {'line': b'-- Searching for <gz-transport13> component [log]\n'}
[1.326111] (workspace_gz) StdoutLine: {'line': b'-- Looking for gz-transport13-log -- found version 13.5.0\n'}
[1.326758] (workspace_gz) StdoutLine: {'line': b'-- Searching for dependencies of gz-transport13-log\n'}
[1.328314] (workspace_gz) StdoutLine: {'line': b'-- Searching for <gz-transport13> component [parameters]\n'}
[1.330785] (workspace_gz) StdoutLine: {'line': b'-- Looking for gz-transport13-parameters -- found version 13.5.0\n'}
[1.331293] (workspace_gz) StdoutLine: {'line': b'-- Searching for dependencies of gz-transport13-parameters\n'}
[1.335530] (workspace_gz) StdoutLine: {'line': b'-- Looking for gz-msgs10 -- found version 10.3.2\n'}
[1.336389] (workspace_gz) StdoutLine: {'line': b'-- Looking for gz-common5 -- found version 5.7.1\n'}
[1.336834] (workspace_gz) StdoutLine: {'line': b'-- Searching for dependencies of gz-common5\n'}
[1.337868] (workspace_gz) StdoutLine: {'line': b'-- Looking for gz-utils2 -- found version 2.2.1\n'}
[1.340068] (workspace_gz) StdoutLine: {'line': b'-- Looking for dlfcn.h - found\n'}
[1.343017] (workspace_gz) StdoutLine: {'line': b'-- Looking for libdl - found\n'}
[1.356184] (workspace_gz) StdoutLine: {'line': b'-- Searching for <gz-common5> component [av]\n'}
[1.357766] (workspace_gz) StdoutLine: {'line': b'-- Looking for gz-common5-av -- found version 5.7.1\n'}
[1.358440] (workspace_gz) StdoutLine: {'line': b'-- Searching for dependencies of gz-common5-av\n'}
[1.370215] (workspace_gz) StdoutLine: {'line': b"-- Checking for module 'libswscale'\n"}
[1.405195] (-) TimerEvent: {}
[1.408067] (workspace_gz) StdoutLine: {'line': b'--   Found libswscale, version 7.5.100\n'}
[1.502210] (workspace_gz) StdoutLine: {'line': b"-- Checking for module 'libavdevice >= 56.4.100'\n"}
[1.505284] (-) TimerEvent: {}
[1.530021] (workspace_gz) StdoutLine: {'line': b'--   Found libavdevice, version 60.3.100\n'}
[1.605548] (-) TimerEvent: {}
[1.639790] (workspace_gz) StdoutLine: {'line': b"-- Checking for module 'libavformat'\n"}
[1.669547] (workspace_gz) StdoutLine: {'line': b'--   Found libavformat, version 60.16.100\n'}
[1.706367] (-) TimerEvent: {}
[1.775257] (workspace_gz) StdoutLine: {'line': b"-- Checking for module 'libavcodec'\n"}
[1.806564] (-) TimerEvent: {}
[1.814643] (workspace_gz) StdoutLine: {'line': b'--   Found libavcodec, version 60.31.102\n'}
[1.906696] (-) TimerEvent: {}
[1.920919] (workspace_gz) StdoutLine: {'line': b"-- Checking for module 'libavutil'\n"}
[1.966359] (workspace_gz) StdoutLine: {'line': b'--   Found libavutil, version 58.29.100\n'}
[2.006829] (-) TimerEvent: {}
[2.063556] (workspace_gz) StdoutLine: {'line': b'-- Searching for <gz-common5> component [events]\n'}
[2.065896] (workspace_gz) StdoutLine: {'line': b'-- Looking for gz-common5-events -- found version 5.7.1\n'}
[2.066660] (workspace_gz) StdoutLine: {'line': b'-- Searching for dependencies of gz-common5-events\n'}
[2.069100] (workspace_gz) StdoutLine: {'line': b'-- Looking for gz-math7 -- found version 7.5.2\n'}
[2.072645] (workspace_gz) StdoutLine: {'line': b'-- Searching for <gz-common5> component [graphics]\n'}
[2.073043] (workspace_gz) StdoutLine: {'line': b'-- Looking for gz-common5-graphics -- found version 5.7.1\n'}
[2.073320] (workspace_gz) StdoutLine: {'line': b'-- Searching for dependencies of gz-common5-graphics\n'}
[2.073684] (workspace_gz) StdoutLine: {'line': b'-- Looking for gz-math7 -- found version 7.5.2\n'}
[2.082151] (workspace_gz) StdoutLine: {'line': b'-- Searching for <gz-common5> component [io]\n'}
[2.083182] (workspace_gz) StdoutLine: {'line': b'-- Looking for gz-common5-io -- found version 5.7.1\n'}
[2.083614] (workspace_gz) StdoutLine: {'line': b'-- Searching for dependencies of gz-common5-io\n'}
[2.085293] (workspace_gz) StdoutLine: {'line': b'-- Searching for <gz-common5> component [profiler]\n'}
[2.087866] (workspace_gz) StdoutLine: {'line': b'-- Looking for gz-common5-profiler -- found version 5.7.1\n'}
[2.088725] (workspace_gz) StdoutLine: {'line': b'-- Searching for dependencies of gz-common5-profiler\n'}
[2.093452] (workspace_gz) StdoutLine: {'line': b'-- Looking for gz-fuel_tools9 -- found version 9.1.1\n'}
[2.094347] (workspace_gz) StdoutLine: {'line': b'-- Searching for dependencies of gz-fuel_tools9\n'}
[2.106961] (-) TimerEvent: {}
[2.205750] (workspace_gz) StdoutLine: {'line': b"-- Checking for module 'jsoncpp'\n"}
[2.207133] (-) TimerEvent: {}
[2.241054] (workspace_gz) StdoutLine: {'line': b'--   Found jsoncpp, version 1.9.5\n'}
[2.307230] (-) TimerEvent: {}
[2.360570] (workspace_gz) StdoutLine: {'line': b"-- Checking for module 'yaml-0.1'\n"}
[2.395290] (workspace_gz) StdoutLine: {'line': b'--   Found yaml-0.1, version 0.2.5\n'}
[2.407326] (-) TimerEvent: {}
[2.478948] (workspace_gz) StdoutLine: {'line': b"-- Checking for module 'libzip'\n"}
[2.507483] (-) TimerEvent: {}
[2.510578] (workspace_gz) StdoutLine: {'line': b'--   Found libzip, version 1.7.3\n'}
[2.585555] (workspace_gz) StdoutLine: {'line': b'-- Looking for gz-utils2 -- found version 2.2.1\n'}
[2.586087] (workspace_gz) StdoutLine: {'line': b'-- Looking for gz-common5 -- found version 5.7.1\n'}
[2.586391] (workspace_gz) StdoutLine: {'line': b'-- Searching for dependencies of gz-common5\n'}
[2.587007] (workspace_gz) StdoutLine: {'line': b'-- Looking for gz-utils2 -- found version 2.2.1\n'}
[2.587666] (workspace_gz) StdoutLine: {'line': b'-- Looking for dlfcn.h - found\n'}
[2.587983] (workspace_gz) StdoutLine: {'line': b'-- Looking for libdl - found\n'}
[2.604400] (workspace_gz) StdoutLine: {'line': b'-- Searching for <gz-common5> component [testing]\n'}
[2.604808] (workspace_gz) StdoutLine: {'line': b'-- Looking for gz-common5-testing -- found version 5.7.1\n'}
[2.605087] (workspace_gz) StdoutLine: {'line': b'-- Searching for dependencies of gz-common5-testing\n'}
[2.607570] (workspace_gz) StdoutLine: {'line': b'-- Looking for gz-math7 -- found version 7.5.2\n'}
[2.607887] (-) TimerEvent: {}
[2.608929] (workspace_gz) StdoutLine: {'line': b'-- Looking for gz-msgs10 -- found version 10.3.2\n'}
[2.611024] (workspace_gz) StdoutLine: {'line': b'-- Looking for gz-gui8 -- found version 8.4.0\n'}
[2.612037] (workspace_gz) StdoutLine: {'line': b'-- Searching for dependencies of gz-gui8\n'}
[2.672599] (workspace_gz) StdoutLine: {'line': b'-- Looking for gz-utils2 -- found version 2.2.1\n'}
[2.673878] (workspace_gz) StdoutLine: {'line': b'-- Looking for gz-math7 -- found version 7.5.2\n'}
[2.674798] (workspace_gz) StdoutLine: {'line': b'-- Looking for gz-common5 -- found version 5.7.1\n'}
[2.676679] (workspace_gz) StdoutLine: {'line': b'-- Looking for gz-plugin2 -- found version 2.0.4\n'}
[2.677151] (workspace_gz) StdoutLine: {'line': b'-- Looking for gz-transport13 -- found version 13.5.0\n'}
[2.678550] (workspace_gz) StdoutLine: {'line': b'-- Looking for gz-rendering8 -- found version 8.2.3\n'}
[2.679762] (workspace_gz) StdoutLine: {'line': b'-- Searching for dependencies of gz-rendering8\n'}
[2.680130] (workspace_gz) StdoutLine: {'line': b'-- Looking for gz-math7 -- found version 7.5.2\n'}
[2.680424] (workspace_gz) StdoutLine: {'line': b'-- Searching for dependencies of gz-math7\n'}
[2.681022] (workspace_gz) StdoutLine: {'line': b'-- Looking for gz-utils2 -- found version 2.2.1\n'}
[2.681337] (workspace_gz) StdoutLine: {'line': b'-- Searching for <gz-math7> component [eigen3]\n'}
[2.683232] (workspace_gz) StdoutLine: {'line': b'-- Looking for gz-math7-eigen3 -- found version 7.5.2\n'}
[2.683535] (workspace_gz) StdoutLine: {'line': b'-- Searching for dependencies of gz-math7-eigen3\n'}
[2.687990] (workspace_gz) StdoutLine: {'line': b'-- Looking for gz-common5 -- found version 5.7.1\n'}
[2.688394] (workspace_gz) StdoutLine: {'line': b'-- Searching for dependencies of gz-common5\n'}
[2.688814] (workspace_gz) StdoutLine: {'line': b'-- Looking for gz-utils2 -- found version 2.2.1\n'}
[2.689062] (workspace_gz) StdoutLine: {'line': b'-- Looking for dlfcn.h - found\n'}
[2.689301] (workspace_gz) StdoutLine: {'line': b'-- Looking for libdl - found\n'}
[2.703173] (workspace_gz) StdoutLine: {'line': b'-- Searching for <gz-common5> component [graphics]\n'}
[2.703556] (workspace_gz) StdoutLine: {'line': b'-- Searching for <gz-common5> component [events]\n'}
[2.703726] (workspace_gz) StdoutLine: {'line': b'-- Searching for <gz-common5> component [geospatial]\n'}
[2.704399] (workspace_gz) StdoutLine: {'line': b'-- Looking for gz-common5-geospatial -- found version 5.7.1\n'}
[2.704901] (workspace_gz) StdoutLine: {'line': b'-- Searching for dependencies of gz-common5-geospatial\n'}
[2.705822] (workspace_gz) StdoutLine: {'line': b'-- Looking for gz-math7 -- found version 7.5.2\n'}
[2.706704] (workspace_gz) StdoutLine: {'line': b'-- Looking for gz-common5 -- found version 5.7.1\n'}
[2.708005] (-) TimerEvent: {}
[2.709606] (workspace_gz) StdoutLine: {'line': b'-- Looking for gz-plugin2 -- found version 2.0.4\n'}
[2.710124] (workspace_gz) StdoutLine: {'line': b'-- Searching for dependencies of gz-plugin2\n'}
[2.710868] (workspace_gz) StdoutLine: {'line': b'-- Looking for gz-utils2 -- found version 2.2.1\n'}
[2.712998] (workspace_gz) StdoutLine: {'line': b'-- Searching for <gz-plugin2> component [all]\n'}
[2.714738] (workspace_gz) StdoutLine: {'line': b'-- Looking for all libraries of gz-plugin2 -- found version 2.0.4\n'}
[2.720606] (workspace_gz) StdoutLine: {'line': b'-- Looking for gz-plugin2 -- found version 2.0.4\n'}
[2.720935] (workspace_gz) StdoutLine: {'line': b'-- Looking for gz-utils2 -- found version 2.2.1\n'}
[2.730202] (workspace_gz) StdoutLine: {'line': b'-- Looking for gz-msgs10 -- found version 10.3.2\n'}
[2.784838] (workspace_gz) StdoutLine: {'line': b'-- Looking for gz-physics7 -- found version 7.6.0\n'}
[2.785292] (workspace_gz) StdoutLine: {'line': b'-- Searching for dependencies of gz-physics7\n'}
[2.785722] (workspace_gz) StdoutLine: {'line': b'-- Looking for gz-common5 -- found version 5.7.1\n'}
[2.786365] (workspace_gz) StdoutLine: {'line': b'-- Looking for gz-math7 -- found version 7.5.2\n'}
[2.787435] (workspace_gz) StdoutLine: {'line': b'-- Looking for gz-plugin2 -- found version 2.0.4\n'}
[2.788509] (workspace_gz) StdoutLine: {'line': b'-- Looking for gz-utils2 -- found version 2.2.1\n'}
[2.791453] (workspace_gz) StdoutLine: {'line': b'-- Searching for <gz-physics7> component [heightmap]\n'}
[2.792589] (workspace_gz) StdoutLine: {'line': b'-- Looking for gz-physics7-heightmap -- found version 7.6.0\n'}
[2.792875] (workspace_gz) StdoutLine: {'line': b'-- Searching for dependencies of gz-physics7-heightmap\n'}
[2.793354] (workspace_gz) StdoutLine: {'line': b'-- Looking for gz-common5 -- found version 5.7.1\n'}
[2.794428] (workspace_gz) StdoutLine: {'line': b'-- Searching for <gz-physics7> component [mesh]\n'}
[2.795860] (workspace_gz) StdoutLine: {'line': b'-- Looking for gz-physics7-mesh -- found version 7.6.0\n'}
[2.796264] (workspace_gz) StdoutLine: {'line': b'-- Searching for dependencies of gz-physics7-mesh\n'}
[2.797172] (workspace_gz) StdoutLine: {'line': b'-- Looking for gz-common5 -- found version 5.7.1\n'}
[2.799659] (workspace_gz) StdoutLine: {'line': b'-- Searching for <gz-physics7> component [sdf]\n'}
[2.801334] (workspace_gz) StdoutLine: {'line': b'-- Looking for gz-physics7-sdf -- found version 7.6.0\n'}
[2.801675] (workspace_gz) StdoutLine: {'line': b'-- Searching for dependencies of gz-physics7-sdf\n'}
[2.802399] (workspace_gz) StdoutLine: {'line': b'-- Looking for sdformat14 -- found version 14.8.0\n'}
[2.805628] (workspace_gz) StdoutLine: {'line': b'-- Looking for gz-sensors8 -- found version 8.2.2\n'}
[2.808384] (-) TimerEvent: {}
[2.808998] (workspace_gz) StdoutLine: {'line': b'-- Searching for dependencies of gz-sensors8\n'}
[2.859580] (workspace_gz) StdoutLine: {'line': b'-- Looking for gz-math7 -- found version 7.5.2\n'}
[2.860406] (workspace_gz) StdoutLine: {'line': b'-- Looking for gz-common5 -- found version 5.7.1\n'}
[2.861150] (workspace_gz) StdoutLine: {'line': b'-- Looking for gz-transport13 -- found version 13.5.0\n'}
[2.862594] (workspace_gz) StdoutLine: {'line': b'-- Looking for gz-rendering8 -- found version 8.2.3\n'}
[2.863413] (workspace_gz) StdoutLine: {'line': b'-- Looking for gz-msgs10 -- found version 10.3.2\n'}
[2.864625] (workspace_gz) StdoutLine: {'line': b'-- Looking for sdformat14 -- found version 14.8.0\n'}
[2.866341] (workspace_gz) StdoutLine: {'line': b'-- Searching for <gz-sensors8> component [air_pressure]\n'}
[2.868213] (workspace_gz) StdoutLine: {'line': b'-- Looking for gz-sensors8-air_pressure -- found version 8.2.2\n'}
[2.868553] (workspace_gz) StdoutLine: {'line': b'-- Searching for dependencies of gz-sensors8-air_pressure\n'}
[2.869601] (workspace_gz) StdoutLine: {'line': b'-- Searching for <gz-sensors8> component [air_speed]\n'}
[2.871335] (workspace_gz) StdoutLine: {'line': b'-- Looking for gz-sensors8-air_speed -- found version 8.2.2\n'}
[2.871655] (workspace_gz) StdoutLine: {'line': b'-- Searching for dependencies of gz-sensors8-air_speed\n'}
[2.873427] (workspace_gz) StdoutLine: {'line': b'-- Searching for <gz-sensors8> component [altimeter]\n'}
[2.874185] (workspace_gz) StdoutLine: {'line': b'-- Looking for gz-sensors8-altimeter -- found version 8.2.2\n'}
[2.874554] (workspace_gz) StdoutLine: {'line': b'-- Searching for dependencies of gz-sensors8-altimeter\n'}
[2.875969] (workspace_gz) StdoutLine: {'line': b'-- Searching for <gz-sensors8> component [imu]\n'}
[2.877578] (workspace_gz) StdoutLine: {'line': b'-- Looking for gz-sensors8-imu -- found version 8.2.2\n'}
[2.877936] (workspace_gz) StdoutLine: {'line': b'-- Searching for dependencies of gz-sensors8-imu\n'}
[2.879560] (workspace_gz) StdoutLine: {'line': b'-- Searching for <gz-sensors8> component [force_torque]\n'}
[2.880842] (workspace_gz) StdoutLine: {'line': b'-- Looking for gz-sensors8-force_torque -- found version 8.2.2\n'}
[2.881333] (workspace_gz) StdoutLine: {'line': b'-- Searching for dependencies of gz-sensors8-force_torque\n'}
[2.883564] (workspace_gz) StdoutLine: {'line': b'-- Searching for <gz-sensors8> component [logical_camera]\n'}
[2.884837] (workspace_gz) StdoutLine: {'line': b'-- Looking for gz-sensors8-logical_camera -- found version 8.2.2\n'}
[2.885410] (workspace_gz) StdoutLine: {'line': b'-- Searching for dependencies of gz-sensors8-logical_camera\n'}
[2.890202] (workspace_gz) StdoutLine: {'line': b'-- Searching for <gz-sensors8> component [magnetometer]\n'}
[2.891753] (workspace_gz) StdoutLine: {'line': b'-- Looking for gz-sensors8-magnetometer -- found version 8.2.2\n'}
[2.893461] (workspace_gz) StdoutLine: {'line': b'-- Searching for dependencies of gz-sensors8-magnetometer\n'}
[2.893934] (workspace_gz) StdoutLine: {'line': b'-- Searching for <gz-sensors8> component [navsat]\n'}
[2.894799] (workspace_gz) StdoutLine: {'line': b'-- Looking for gz-sensors8-navsat -- found version 8.2.2\n'}
[2.895500] (workspace_gz) StdoutLine: {'line': b'-- Searching for dependencies of gz-sensors8-navsat\n'}
[2.899575] (workspace_gz) StdoutLine: {'line': b'-- Searching for <gz-sensors8> component [dvl]\n'}
[2.900243] (workspace_gz) StdoutLine: {'line': b'-- Looking for gz-sensors8-dvl -- found version 8.2.2\n'}
[2.900722] (workspace_gz) StdoutLine: {'line': b'-- Searching for dependencies of gz-sensors8-dvl\n'}
[2.901565] (workspace_gz) StdoutLine: {'line': b'-- Looking for gz-sensors8 -- found version 8.2.2\n'}
[2.902236] (workspace_gz) StdoutLine: {'line': b'-- Searching for dependencies of gz-sensors8\n'}
[2.908527] (-) TimerEvent: {}
[2.943273] (workspace_gz) StdoutLine: {'line': b'-- Looking for gz-math7 -- found version 7.5.2\n'}
[2.945926] (workspace_gz) StdoutLine: {'line': b'-- Looking for gz-common5 -- found version 5.7.1\n'}
[2.946285] (workspace_gz) StdoutLine: {'line': b'-- Looking for gz-transport13 -- found version 13.5.0\n'}
[2.948073] (workspace_gz) StdoutLine: {'line': b'-- Looking for gz-rendering8 -- found version 8.2.3\n'}
[2.948349] (workspace_gz) StdoutLine: {'line': b'-- Looking for gz-msgs10 -- found version 10.3.2\n'}
[2.949371] (workspace_gz) StdoutLine: {'line': b'-- Looking for sdformat14 -- found version 14.8.0\n'}
[2.949701] (workspace_gz) StdoutLine: {'line': b'-- Searching for <gz-sensors8> component [rendering]\n'}
[2.951582] (workspace_gz) StdoutLine: {'line': b'-- Looking for gz-sensors8-rendering -- found version 8.2.2\n'}
[2.951895] (workspace_gz) StdoutLine: {'line': b'-- Searching for dependencies of gz-sensors8-rendering\n'}
[2.952937] (workspace_gz) StdoutLine: {'line': b'-- Searching for <gz-sensors8> component [rendering]\n'}
[2.953224] (workspace_gz) StdoutLine: {'line': b'-- Searching for <gz-sensors8> component [lidar]\n'}
[2.954681] (workspace_gz) StdoutLine: {'line': b'-- Looking for gz-sensors8-lidar -- found version 8.2.2\n'}
[2.955063] (workspace_gz) StdoutLine: {'line': b'-- Searching for dependencies of gz-sensors8-lidar\n'}
[2.955844] (workspace_gz) StdoutLine: {'line': b'-- Looking for gz-sensors8 -- found version 8.2.2\n'}
[2.957828] (workspace_gz) StdoutLine: {'line': b'-- Searching for <gz-sensors8> component [gpu_lidar]\n'}
[2.959277] (workspace_gz) StdoutLine: {'line': b'-- Looking for gz-sensors8-gpu_lidar -- found version 8.2.2\n'}
[2.959750] (workspace_gz) StdoutLine: {'line': b'-- Searching for dependencies of gz-sensors8-gpu_lidar\n'}
[2.960973] (workspace_gz) StdoutLine: {'line': b'-- Looking for gz-sensors8 -- found version 8.2.2\n'}
[2.965236] (workspace_gz) StdoutLine: {'line': b'-- Searching for <gz-sensors8> component [camera]\n'}
[2.970141] (workspace_gz) StdoutLine: {'line': b'-- Looking for gz-sensors8-camera -- found version 8.2.2\n'}
[2.970542] (workspace_gz) StdoutLine: {'line': b'-- Searching for dependencies of gz-sensors8-camera\n'}
[2.970739] (workspace_gz) StdoutLine: {'line': b'-- Looking for gz-sensors8 -- found version 8.2.2\n'}
[2.972759] (workspace_gz) StdoutLine: {'line': b'-- Searching for <gz-sensors8> component [boundingbox_camera]\n'}
[2.976179] (workspace_gz) StdoutLine: {'line': b'-- Looking for gz-sensors8-boundingbox_camera -- found version 8.2.2\n'}
[2.976813] (workspace_gz) StdoutLine: {'line': b'-- Searching for dependencies of gz-sensors8-boundingbox_camera\n'}
[2.978756] (workspace_gz) StdoutLine: {'line': b'-- Searching for <gz-sensors8> component [segmentation_camera]\n'}
[2.980554] (workspace_gz) StdoutLine: {'line': b'-- Looking for gz-sensors8-segmentation_camera -- found version 8.2.2\n'}
[2.983402] (workspace_gz) StdoutLine: {'line': b'-- Searching for dependencies of gz-sensors8-segmentation_camera\n'}
[2.983748] (workspace_gz) StdoutLine: {'line': b'-- Searching for <gz-sensors8> component [depth_camera]\n'}
[2.984966] (workspace_gz) StdoutLine: {'line': b'-- Looking for gz-sensors8-depth_camera -- found version 8.2.2\n'}
[2.985301] (workspace_gz) StdoutLine: {'line': b'-- Searching for dependencies of gz-sensors8-depth_camera\n'}
[2.986587] (workspace_gz) StdoutLine: {'line': b'-- Looking for gz-sensors8 -- found version 8.2.2\n'}
[2.992422] (workspace_gz) StdoutLine: {'line': b'-- Searching for <gz-sensors8> component [rgbd_camera]\n'}
[2.992932] (workspace_gz) StdoutLine: {'line': b'-- Looking for gz-sensors8-rgbd_camera -- found version 8.2.2\n'}
[2.993295] (workspace_gz) StdoutLine: {'line': b'-- Searching for dependencies of gz-sensors8-rgbd_camera\n'}
[2.993570] (workspace_gz) StdoutLine: {'line': b'-- Looking for gz-sensors8 -- found version 8.2.2\n'}
[2.998188] (workspace_gz) StdoutLine: {'line': b'-- Searching for <gz-sensors8> component [thermal_camera]\n'}
[3.002364] (workspace_gz) StdoutLine: {'line': b'-- Looking for gz-sensors8-thermal_camera -- found version 8.2.2\n'}
[3.002806] (workspace_gz) StdoutLine: {'line': b'-- Searching for dependencies of gz-sensors8-thermal_camera\n'}
[3.002997] (workspace_gz) StdoutLine: {'line': b'-- Looking for gz-sensors8 -- found version 8.2.2\n'}
[3.005389] (workspace_gz) StdoutLine: {'line': b'-- Searching for <gz-sensors8> component [wide_angle_camera]\n'}
[3.008330] (workspace_gz) StdoutLine: {'line': b'-- Looking for gz-sensors8-wide_angle_camera -- found version 8.2.2\n'}
[3.008689] (-) TimerEvent: {}
[3.010612] (workspace_gz) StdoutLine: {'line': b'-- Searching for dependencies of gz-sensors8-wide_angle_camera\n'}
[3.011384] (workspace_gz) StdoutLine: {'line': b'-- Looking for gz-rendering8 -- found version 8.2.3\n'}
[3.013106] (workspace_gz) StdoutLine: {'line': b'-- Looking for gz-math7 -- found version 7.5.2\n'}
[3.017726] (workspace_gz) StdoutLine: {'line': b'-- Looking for gz-utils2 -- found version 2.2.1\n'}
[3.089226] (workspace_gz) StdoutLine: {'line': b'-- Looking for gz-common5 -- found version 5.7.1\n'}
[3.090525] (workspace_gz) StdoutLine: {'line': b'-- Looking for gz-math7 -- found version 7.5.2\n'}
[3.091387] (workspace_gz) StdoutLine: {'line': b'-- Looking for gz-transport13 -- found version 13.5.0\n'}
[3.092313] (workspace_gz) StdoutLine: {'line': b'-- Looking for gz-plugin2 -- found version 2.0.4\n'}
[3.093250] (workspace_gz) StdoutLine: {'line': b'-- Looking for gz-rendering8 -- found version 8.2.3\n'}
[3.094850] (workspace_gz) StdoutLine: {'line': b'-- Looking for gz-sensors8 -- found version 8.2.2\n'}
[3.095921] (workspace_gz) StdoutLine: {'line': b'-- Looking for gz-utils2 -- found version 2.2.1\n'}
[3.097537] (workspace_gz) StdoutLine: {'line': b'-- Looking for sdformat14 -- found version 14.8.0\n'}
[3.100822] (workspace_gz) StdoutLine: {'line': b'-- Found std_msgs: 5.3.6 (/opt/ros/jazzy/share/std_msgs/cmake)\n'}
[3.108993] (-) TimerEvent: {}
[3.134565] (workspace_nav) Command: {'cmd': ['/usr/bin/python3', '-W', 'ignore:setup.py install is deprecated', '-W', 'ignore:easy_install command is deprecated', 'setup.py', 'develop', '--uninstall', '--editable', '--build-directory', '/home/aliomac/garp-test/build/workspace_nav/build'], 'cwd': '/home/aliomac/garp-test/build/workspace_nav', 'env': {'GZ_SIM_SYSTEM_PLUGIN_PATH': '/home/aliomac/vrx_ws/install/lib', 'GJS_DEBUG_TOPICS': 'JS ERROR;JS LOG', 'XDG_ACTIVATION_TOKEN': 'gnome-shell/Terminator/2481-1-aliomac-Nitro-AN515-55_TIME693242', 'LESSOPEN': '| /usr/bin/lesspipe %s', 'GZ_SIM_RESOURCE_PATH': '/home/aliomac/vrx_ws/install/share/vrx_gz/models/tmp:/home/aliomac/vrx_ws/install/share/vrx_gz/models:/home/aliomac/vrx_ws/install/share/vrx_gz/worlds/2023_phase2:/home/aliomac/vrx_ws/install/share/vrx_gz/worlds/2023_practice:/home/aliomac/vrx_ws/install/share/vrx_gz/worlds:/home/aliomac/vrx_ws/install/share/wamv_description/models:/home/aliomac/vrx_ws/install/share/vrx_gazebo/models:/home/aliomac/vrx_ws/install/share/:/opt/ros/jazzy/share', 'USER': 'aliomac', 'GZ_CONFIG_PATH': '/opt/ros/jazzy/opt/gz_sim_vendor/share/gz:/opt/ros/jazzy/opt/sdformat_vendor/share/gz:/opt/ros/jazzy/opt/gz_gui_vendor/share/gz:/opt/ros/jazzy/opt/gz_transport_vendor/share/gz:/opt/ros/jazzy/opt/gz_rendering_vendor/share/gz:/opt/ros/jazzy/opt/gz_plugin_vendor/share/gz:/opt/ros/jazzy/opt/gz_fuel_tools_vendor/share/gz:/opt/ros/jazzy/opt/gz_msgs_vendor/share/gz:/opt/ros/jazzy/opt/gz_common_vendor/share/gz', 'XDG_SESSION_TYPE': 'wayland', 'CLUTTER_DISABLE_MIPMAPPED_TEXT': '1', 'SHLVL': '1', 'LD_LIBRARY_PATH': '/home/aliomac/garp-test/install/workspace_gz/lib:/home/aliomac/vrx_ws/install/lib:/home/aliomac/thesis_USV_gazebo/install/lib:/opt/ros/jazzy/opt/gz_sim_vendor/lib:/opt/ros/jazzy/opt/gz_sensors_vendor/lib:/opt/ros/jazzy/opt/gz_physics_vendor/lib:/opt/ros/jazzy/opt/sdformat_vendor/lib:/opt/ros/jazzy/opt/rviz_ogre_vendor/lib:/opt/ros/jazzy/lib/x86_64-linux-gnu:/opt/ros/jazzy/opt/gz_gui_vendor/lib:/opt/ros/jazzy/opt/gz_transport_vendor/lib:/opt/ros/jazzy/opt/gz_rendering_vendor/lib:/opt/ros/jazzy/opt/gz_plugin_vendor/lib:/opt/ros/jazzy/opt/gz_fuel_tools_vendor/lib:/opt/ros/jazzy/opt/gz_msgs_vendor/lib:/opt/ros/jazzy/opt/gz_common_vendor/lib:/opt/ros/jazzy/opt/gz_math_vendor/lib:/opt/ros/jazzy/opt/gz_utils_vendor/lib:/opt/ros/jazzy/opt/gz_tools_vendor/lib:/opt/ros/jazzy/opt/gz_ogre_next_vendor/lib:/opt/ros/jazzy/opt/gz_dartsim_vendor/lib:/opt/ros/jazzy/opt/gz_cmake_vendor/lib:/opt/ros/jazzy/lib', 'HOME': '/home/aliomac', 'OLDPWD': '/home/aliomac', 'DESKTOP_SESSION': 'ubuntu', 'GIO_LAUNCHED_DESKTOP_FILE': '/usr/share/applications/terminator.desktop', 'ROS_PYTHON_VERSION': '3', 'GNOME_SHELL_SESSION_MODE': 'ubuntu', 'GTK_MODULES': 'gail:atk-bridge', 'MANAGERPID': '2198', 'SYSTEMD_EXEC_PID': '2481', 'GSM_SKIP_SSH_AGENT_WORKAROUND': 'true', 'DBUS_SESSION_BUS_ADDRESS': 'unix:path=/run/user/1000/bus', 'COLORTERM': 'truecolor', 'TERMINATOR_DBUS_NAME': 'net.tenshu.Terminator25ef4b219e3b005583550f2b0f9f990c3', 'GIO_LAUNCHED_DESKTOP_FILE_PID': '7984', 'DEBUGINFOD_URLS': 'https://debuginfod.ubuntu.com', 'IM_CONFIG_PHASE': '1', 'WAYLAND_DISPLAY': 'wayland-0', 'COLCON_PREFIX_PATH': '/home/aliomac/garp-test/install:/home/aliomac/vrx_ws/install:/home/aliomac/thesis_USV_gazebo/install', 'ROS_DISTRO': 'jazzy', 'LOGNAME': 'aliomac', 'JOURNAL_STREAM': '9:20790', '_': '/usr/bin/colcon', 'ROS_VERSION': '2', 'MEMORY_PRESSURE_WATCH': '/sys/fs/cgroup/user.slice/user-1000.slice/user@1000.service/session.slice/org.gnome.Shell@wayland.service/memory.pressure', 'XDG_SESSION_CLASS': 'user', 'USERNAME': 'aliomac', 'TERM': 'xterm-256color', 'GNOME_DESKTOP_SESSION_ID': 'this-is-deprecated', 'PATH': '/home/aliomac/.opencode/bin:/home/aliomac/.local/bin:/opt/ros/jazzy/opt/gz_msgs_vendor/bin:/opt/ros/jazzy/opt/gz_tools_vendor/bin:/opt/ros/jazzy/opt/gz_ogre_next_vendor/bin:/opt/ros/jazzy/bin:/home/aliomac/.local/bin:/usr/local/sbin:/usr/local/bin:/usr/sbin:/usr/bin:/sbin:/bin:/usr/games:/usr/local/games:/snap/bin:/snap/bin', 'SESSION_MANAGER': 'local/aliomac-Nitro-AN515-55:@/tmp/.ICE-unix/2442,unix/aliomac-Nitro-AN515-55:/tmp/.ICE-unix/2442', 'INVOCATION_ID': '9615740d914f443fadb2fde0e12e93b1', 'XDG_MENU_PREFIX': 'gnome-', 'GNOME_SETUP_DISPLAY': ':1', 'XDG_RUNTIME_DIR': '/run/user/1000', 'DISPLAY': ':0', 'TERMINATOR_DBUS_PATH': '/net/tenshu/Terminator2', 'LANG': 'en_US.UTF-8', 'XDG_CURRENT_DESKTOP': 'ubuntu:GNOME', 'XMODIFIERS': '@im=ibus', 'XDG_SESSION_DESKTOP': 'ubuntu', 'XAUTHORITY': '/run/user/1000/.mutter-Xwaylandauth.7RB4J3', 'LS_COLORS': 'rs=0:di=01;34:ln=01;36:mh=00:pi=40;33:so=01;35:do=01;35:bd=40;33;01:cd=40;33;01:or=40;31;01:mi=00:su=37;41:sg=30;43:ca=00:tw=30;42:ow=34;42:st=37;44:ex=01;32:*.tar=01;31:*.tgz=01;31:*.arc=01;31:*.arj=01;31:*.taz=01;31:*.lha=01;31:*.lz4=01;31:*.lzh=01;31:*.lzma=01;31:*.tlz=01;31:*.txz=01;31:*.tzo=01;31:*.t7z=01;31:*.zip=01;31:*.z=01;31:*.dz=01;31:*.gz=01;31:*.lrz=01;31:*.lz=01;31:*.lzo=01;31:*.xz=01;31:*.zst=01;31:*.tzst=01;31:*.bz2=01;31:*.bz=01;31:*.tbz=01;31:*.tbz2=01;31:*.tz=01;31:*.deb=01;31:*.rpm=01;31:*.jar=01;31:*.war=01;31:*.ear=01;31:*.sar=01;31:*.rar=01;31:*.alz=01;31:*.ace=01;31:*.zoo=01;31:*.cpio=01;31:*.7z=01;31:*.rz=01;31:*.cab=01;31:*.wim=01;31:*.swm=01;31:*.dwm=01;31:*.esd=01;31:*.avif=01;35:*.jpg=01;35:*.jpeg=01;35:*.mjpg=01;35:*.mjpeg=01;35:*.gif=01;35:*.bmp=01;35:*.pbm=01;35:*.pgm=01;35:*.ppm=01;35:*.tga=01;35:*.xbm=01;35:*.xpm=01;35:*.tif=01;35:*.tiff=01;35:*.png=01;35:*.svg=01;35:*.svgz=01;35:*.mng=01;35:*.pcx=01;35:*.mov=01;35:*.mpg=01;35:*.mpeg=01;35:*.m2v=01;35:*.mkv=01;35:*.webm=01;35:*.webp=01;35:*.ogm=01;35:*.mp4=01;35:*.m4v=01;35:*.mp4v=01;35:*.vob=01;35:*.qt=01;35:*.nuv=01;35:*.wmv=01;35:*.asf=01;35:*.rm=01;35:*.rmvb=01;35:*.flc=01;35:*.avi=01;35:*.fli=01;35:*.flv=01;35:*.gl=01;35:*.dl=01;35:*.xcf=01;35:*.xwd=01;35:*.yuv=01;35:*.cgm=01;35:*.emf=01;35:*.ogv=01;35:*.ogx=01;35:*.aac=00;36:*.au=00;36:*.flac=00;36:*.m4a=00;36:*.mid=00;36:*.midi=00;36:*.mka=00;36:*.mp3=00;36:*.mpc=00;36:*.ogg=00;36:*.ra=00;36:*.wav=00;36:*.oga=00;36:*.opus=00;36:*.spx=00;36:*.xspf=00;36:*~=00;90:*#=00;90:*.bak=00;90:*.crdownload=00;90:*.dpkg-dist=00;90:*.dpkg-new=00;90:*.dpkg-old=00;90:*.dpkg-tmp=00;90:*.old=00;90:*.orig=00;90:*.part=00;90:*.rej=00;90:*.rpmnew=00;90:*.rpmorig=00;90:*.rpmsave=00;90:*.swp=00;90:*.tmp=00;90:*.ucf-dist=00;90:*.ucf-new=00;90:*.ucf-old=00;90:', 'SSH_AUTH_SOCK': '/run/user/1000/keyring/ssh', 'AMENT_PREFIX_PATH': '/home/aliomac/garp-test/install/workspace_ros:/home/aliomac/garp-test/install/workspace_nav:/home/aliomac/garp-test/install/workspace_gz:/home/aliomac/vrx_ws/install:/home/aliomac/thesis_USV_gazebo/install:/opt/ros/jazzy', 'SHELL': '/bin/bash', 'TERMINATOR_UUID': 'urn:uuid:3a556479-da8d-4c0a-83d8-49c231a78392', 'QT_ACCESSIBILITY': '1', 'GDMSESSION': 'ubuntu', 'LESSCLOSE': '/usr/bin/lesspipe %s %s', 'GJS_DEBUG_OUTPUT': 'stderr', 'ROS_AUTOMATIC_DISCOVERY_RANGE': 'SUBNET', 'QT_IM_MODULE': 'ibus', 'PWD': '/home/aliomac/garp-test/build/workspace_nav', 'LC_ALL': 'en_US.UTF-8', 'XDG_CONFIG_DIRS': '/etc/xdg/xdg-ubuntu:/etc/xdg', 'XDG_DATA_DIRS': '/usr/share/ubuntu:/usr/share/gnome:/usr/local/share/:/usr/share/:/var/lib/snapd/desktop', 'PYTHONPATH': '/home/aliomac/garp-test/build/workspace_nav/prefix_override:/usr/lib/python3/dist-packages/colcon_core/task/python/colcon_distutils_commands:/home/aliomac/garp-test/install/workspace_nav/lib/python3.12/site-packages:/home/aliomac/garp-test/build/workspace_ros:/home/aliomac/garp-test/install/workspace_ros/lib/python3.12/site-packages:/home/aliomac/garp-test/build/workspace_nav:/home/aliomac/garp-test/install/workspace_nav/lib/python3.12/site-packages:/home/aliomac/vrx_ws/install/lib/python3.12/site-packages:/home/aliomac/thesis_USV_gazebo/build/ros_gz_bridge_custom:/home/aliomac/thesis_USV_gazebo/build/autopilot:/home/aliomac/thesis_USV_gazebo/install/lib/python3.12/site-packages:/opt/ros/jazzy/lib/python3.12/site-packages', 'COLCON': '1', 'MEMORY_PRESSURE_WRITE': 'c29tZSAyMDAwMDAgMjAwMDAwMAA=', 'VTE_VERSION': '7600', 'CMAKE_PREFIX_PATH': '/home/aliomac/garp-test/install/workspace_gz:/home/aliomac/vrx_ws/install:/home/aliomac/thesis_USV_gazebo/install:/opt/ros/jazzy/opt/gz_sim_vendor:/opt/ros/jazzy/opt/gz_sensors_vendor:/opt/ros/jazzy/opt/gz_physics_vendor:/opt/ros/jazzy/opt/sdformat_vendor:/opt/ros/jazzy/opt/gz_gui_vendor:/opt/ros/jazzy/opt/gz_transport_vendor:/opt/ros/jazzy/opt/gz_rendering_vendor:/opt/ros/jazzy/opt/gz_plugin_vendor:/opt/ros/jazzy/opt/gz_fuel_tools_vendor:/opt/ros/jazzy/opt/gz_msgs_vendor:/opt/ros/jazzy/opt/gz_common_vendor:/opt/ros/jazzy/opt/gz_math_vendor:/opt/ros/jazzy/opt/gz_utils_vendor:/opt/ros/jazzy/opt/gz_tools_vendor:/opt/ros/jazzy/opt/gz_ogre_next_vendor:/opt/ros/jazzy/opt/gz_dartsim_vendor:/opt/ros/jazzy/opt/gz_cmake_vendor'}, 'shell': False}
[3.154871] (workspace_ros) Command: {'cmd': ['/usr/bin/python3', '-W', 'ignore:setup.py install is deprecated', '-W', 'ignore:easy_install command is deprecated', 'setup.py', 'develop', '--uninstall', '--editable', '--build-directory', '/home/aliomac/garp-test/build/workspace_ros/build'], 'cwd': '/home/aliomac/garp-test/build/workspace_ros', 'env': {'GZ_SIM_SYSTEM_PLUGIN_PATH': '/home/aliomac/vrx_ws/install/lib', 'GJS_DEBUG_TOPICS': 'JS ERROR;JS LOG', 'XDG_ACTIVATION_TOKEN': 'gnome-shell/Terminator/2481-1-aliomac-Nitro-AN515-55_TIME693242', 'LESSOPEN': '| /usr/bin/lesspipe %s', 'GZ_SIM_RESOURCE_PATH': '/home/aliomac/vrx_ws/install/share/vrx_gz/models/tmp:/home/aliomac/vrx_ws/install/share/vrx_gz/models:/home/aliomac/vrx_ws/install/share/vrx_gz/worlds/2023_phase2:/home/aliomac/vrx_ws/install/share/vrx_gz/worlds/2023_practice:/home/aliomac/vrx_ws/install/share/vrx_gz/worlds:/home/aliomac/vrx_ws/install/share/wamv_description/models:/home/aliomac/vrx_ws/install/share/vrx_gazebo/models:/home/aliomac/vrx_ws/install/share/:/opt/ros/jazzy/share', 'USER': 'aliomac', 'GZ_CONFIG_PATH': '/opt/ros/jazzy/opt/gz_sim_vendor/share/gz:/opt/ros/jazzy/opt/sdformat_vendor/share/gz:/opt/ros/jazzy/opt/gz_gui_vendor/share/gz:/opt/ros/jazzy/opt/gz_transport_vendor/share/gz:/opt/ros/jazzy/opt/gz_rendering_vendor/share/gz:/opt/ros/jazzy/opt/gz_plugin_vendor/share/gz:/opt/ros/jazzy/opt/gz_fuel_tools_vendor/share/gz:/opt/ros/jazzy/opt/gz_msgs_vendor/share/gz:/opt/ros/jazzy/opt/gz_common_vendor/share/gz', 'XDG_SESSION_TYPE': 'wayland', 'CLUTTER_DISABLE_MIPMAPPED_TEXT': '1', 'SHLVL': '1', 'LD_LIBRARY_PATH': '/home/aliomac/garp-test/install/workspace_gz/lib:/home/aliomac/vrx_ws/install/lib:/home/aliomac/thesis_USV_gazebo/install/lib:/opt/ros/jazzy/opt/gz_sim_vendor/lib:/opt/ros/jazzy/opt/gz_sensors_vendor/lib:/opt/ros/jazzy/opt/gz_physics_vendor/lib:/opt/ros/jazzy/opt/sdformat_vendor/lib:/opt/ros/jazzy/opt/rviz_ogre_vendor/lib:/opt/ros/jazzy/lib/x86_64-linux-gnu:/opt/ros/jazzy/opt/gz_gui_vendor/lib:/opt/ros/jazzy/opt/gz_transport_vendor/lib:/opt/ros/jazzy/opt/gz_rendering_vendor/lib:/opt/ros/jazzy/opt/gz_plugin_vendor/lib:/opt/ros/jazzy/opt/gz_fuel_tools_vendor/lib:/opt/ros/jazzy/opt/gz_msgs_vendor/lib:/opt/ros/jazzy/opt/gz_common_vendor/lib:/opt/ros/jazzy/opt/gz_math_vendor/lib:/opt/ros/jazzy/opt/gz_utils_vendor/lib:/opt/ros/jazzy/opt/gz_tools_vendor/lib:/opt/ros/jazzy/opt/gz_ogre_next_vendor/lib:/opt/ros/jazzy/opt/gz_dartsim_vendor/lib:/opt/ros/jazzy/opt/gz_cmake_vendor/lib:/opt/ros/jazzy/lib', 'HOME': '/home/aliomac', 'OLDPWD': '/home/aliomac', 'DESKTOP_SESSION': 'ubuntu', 'GIO_LAUNCHED_DESKTOP_FILE': '/usr/share/applications/terminator.desktop', 'ROS_PYTHON_VERSION': '3', 'GNOME_SHELL_SESSION_MODE': 'ubuntu', 'GTK_MODULES': 'gail:atk-bridge', 'MANAGERPID': '2198', 'SYSTEMD_EXEC_PID': '2481', 'GSM_SKIP_SSH_AGENT_WORKAROUND': 'true', 'DBUS_SESSION_BUS_ADDRESS': 'unix:path=/run/user/1000/bus', 'COLORTERM': 'truecolor', 'TERMINATOR_DBUS_NAME': 'net.tenshu.Terminator25ef4b219e3b005583550f2b0f9f990c3', 'GIO_LAUNCHED_DESKTOP_FILE_PID': '7984', 'DEBUGINFOD_URLS': 'https://debuginfod.ubuntu.com', 'IM_CONFIG_PHASE': '1', 'WAYLAND_DISPLAY': 'wayland-0', 'COLCON_PREFIX_PATH': '/home/aliomac/garp-test/install:/home/aliomac/vrx_ws/install:/home/aliomac/thesis_USV_gazebo/install', 'ROS_DISTRO': 'jazzy', 'LOGNAME': 'aliomac', 'JOURNAL_STREAM': '9:20790', '_': '/usr/bin/colcon', 'ROS_VERSION': '2', 'MEMORY_PRESSURE_WATCH': '/sys/fs/cgroup/user.slice/user-1000.slice/user@1000.service/session.slice/org.gnome.Shell@wayland.service/memory.pressure', 'XDG_SESSION_CLASS': 'user', 'USERNAME': 'aliomac', 'TERM': 'xterm-256color', 'GNOME_DESKTOP_SESSION_ID': 'this-is-deprecated', 'PATH': '/home/aliomac/.opencode/bin:/home/aliomac/.local/bin:/opt/ros/jazzy/opt/gz_msgs_vendor/bin:/opt/ros/jazzy/opt/gz_tools_vendor/bin:/opt/ros/jazzy/opt/gz_ogre_next_vendor/bin:/opt/ros/jazzy/bin:/home/aliomac/.local/bin:/usr/local/sbin:/usr/local/bin:/usr/sbin:/usr/bin:/sbin:/bin:/usr/games:/usr/local/games:/snap/bin:/snap/bin', 'SESSION_MANAGER': 'local/aliomac-Nitro-AN515-55:@/tmp/.ICE-unix/2442,unix/aliomac-Nitro-AN515-55:/tmp/.ICE-unix/2442', 'INVOCATION_ID': '9615740d914f443fadb2fde0e12e93b1', 'XDG_MENU_PREFIX': 'gnome-', 'GNOME_SETUP_DISPLAY': ':1', 'XDG_RUNTIME_DIR': '/run/user/1000', 'DISPLAY': ':0', 'TERMINATOR_DBUS_PATH': '/net/tenshu/Terminator2', 'LANG': 'en_US.UTF-8', 'XDG_CURRENT_DESKTOP': 'ubuntu:GNOME', 'XMODIFIERS': '@im=ibus', 'XDG_SESSION_DESKTOP': 'ubuntu', 'XAUTHORITY': '/run/user/1000/.mutter-Xwaylandauth.7RB4J3', 'LS_COLORS': 'rs=0:di=01;34:ln=01;36:mh=00:pi=40;33:so=01;35:do=01;35:bd=40;33;01:cd=40;33;01:or=40;31;01:mi=00:su=37;41:sg=30;43:ca=00:tw=30;42:ow=34;42:st=37;44:ex=01;32:*.tar=01;31:*.tgz=01;31:*.arc=01;31:*.arj=01;31:*.taz=01;31:*.lha=01;31:*.lz4=01;31:*.lzh=01;31:*.lzma=01;31:*.tlz=01;31:*.txz=01;31:*.tzo=01;31:*.t7z=01;31:*.zip=01;31:*.z=01;31:*.dz=01;31:*.gz=01;31:*.lrz=01;31:*.lz=01;31:*.lzo=01;31:*.xz=01;31:*.zst=01;31:*.tzst=01;31:*.bz2=01;31:*.bz=01;31:*.tbz=01;31:*.tbz2=01;31:*.tz=01;31:*.deb=01;31:*.rpm=01;31:*.jar=01;31:*.war=01;31:*.ear=01;31:*.sar=01;31:*.rar=01;31:*.alz=01;31:*.ace=01;31:*.zoo=01;31:*.cpio=01;31:*.7z=01;31:*.rz=01;31:*.cab=01;31:*.wim=01;31:*.swm=01;31:*.dwm=01;31:*.esd=01;31:*.avif=01;35:*.jpg=01;35:*.jpeg=01;35:*.mjpg=01;35:*.mjpeg=01;35:*.gif=01;35:*.bmp=01;35:*.pbm=01;35:*.pgm=01;35:*.ppm=01;35:*.tga=01;35:*.xbm=01;35:*.xpm=01;35:*.tif=01;35:*.tiff=01;35:*.png=01;35:*.svg=01;35:*.svgz=01;35:*.mng=01;35:*.pcx=01;35:*.mov=01;35:*.mpg=01;35:*.mpeg=01;35:*.m2v=01;35:*.mkv=01;35:*.webm=01;35:*.webp=01;35:*.ogm=01;35:*.mp4=01;35:*.m4v=01;35:*.mp4v=01;35:*.vob=01;35:*.qt=01;35:*.nuv=01;35:*.wmv=01;35:*.asf=01;35:*.rm=01;35:*.rmvb=01;35:*.flc=01;35:*.avi=01;35:*.fli=01;35:*.flv=01;35:*.gl=01;35:*.dl=01;35:*.xcf=01;35:*.xwd=01;35:*.yuv=01;35:*.cgm=01;35:*.emf=01;35:*.ogv=01;35:*.ogx=01;35:*.aac=00;36:*.au=00;36:*.flac=00;36:*.m4a=00;36:*.mid=00;36:*.midi=00;36:*.mka=00;36:*.mp3=00;36:*.mpc=00;36:*.ogg=00;36:*.ra=00;36:*.wav=00;36:*.oga=00;36:*.opus=00;36:*.spx=00;36:*.xspf=00;36:*~=00;90:*#=00;90:*.bak=00;90:*.crdownload=00;90:*.dpkg-dist=00;90:*.dpkg-new=00;90:*.dpkg-old=00;90:*.dpkg-tmp=00;90:*.old=00;90:*.orig=00;90:*.part=00;90:*.rej=00;90:*.rpmnew=00;90:*.rpmorig=00;90:*.rpmsave=00;90:*.swp=00;90:*.tmp=00;90:*.ucf-dist=00;90:*.ucf-new=00;90:*.ucf-old=00;90:', 'SSH_AUTH_SOCK': '/run/user/1000/keyring/ssh', 'AMENT_PREFIX_PATH': '/home/aliomac/garp-test/install/workspace_ros:/home/aliomac/garp-test/install/workspace_nav:/home/aliomac/garp-test/install/workspace_gz:/home/aliomac/vrx_ws/install:/home/aliomac/thesis_USV_gazebo/install:/opt/ros/jazzy', 'SHELL': '/bin/bash', 'TERMINATOR_UUID': 'urn:uuid:3a556479-da8d-4c0a-83d8-49c231a78392', 'QT_ACCESSIBILITY': '1', 'GDMSESSION': 'ubuntu', 'LESSCLOSE': '/usr/bin/lesspipe %s %s', 'GJS_DEBUG_OUTPUT': 'stderr', 'ROS_AUTOMATIC_DISCOVERY_RANGE': 'SUBNET', 'QT_IM_MODULE': 'ibus', 'PWD': '/home/aliomac/garp-test/build/workspace_ros', 'LC_ALL': 'en_US.UTF-8', 'XDG_CONFIG_DIRS': '/etc/xdg/xdg-ubuntu:/etc/xdg', 'XDG_DATA_DIRS': '/usr/share/ubuntu:/usr/share/gnome:/usr/local/share/:/usr/share/:/var/lib/snapd/desktop', 'PYTHONPATH': '/home/aliomac/garp-test/build/workspace_ros/prefix_override:/usr/lib/python3/dist-packages/colcon_core/task/python/colcon_distutils_commands:/home/aliomac/garp-test/install/workspace_ros/lib/python3.12/site-packages:/home/aliomac/garp-test/build/workspace_ros:/home/aliomac/garp-test/install/workspace_ros/lib/python3.12/site-packages:/home/aliomac/garp-test/build/workspace_nav:/home/aliomac/garp-test/install/workspace_nav/lib/python3.12/site-packages:/home/aliomac/vrx_ws/install/lib/python3.12/site-packages:/home/aliomac/thesis_USV_gazebo/build/ros_gz_bridge_custom:/home/aliomac/thesis_USV_gazebo/build/autopilot:/home/aliomac/thesis_USV_gazebo/install/lib/python3.12/site-packages:/opt/ros/jazzy/lib/python3.12/site-packages', 'COLCON': '1', 'MEMORY_PRESSURE_WRITE': 'c29tZSAyMDAwMDAgMjAwMDAwMAA=', 'VTE_VERSION': '7600', 'CMAKE_PREFIX_PATH': '/home/aliomac/garp-test/install/workspace_gz:/home/aliomac/vrx_ws/install:/home/aliomac/thesis_USV_gazebo/install:/opt/ros/jazzy/opt/gz_sim_vendor:/opt/ros/jazzy/opt/gz_sensors_vendor:/opt/ros/jazzy/opt/gz_physics_vendor:/opt/ros/jazzy/opt/sdformat_vendor:/opt/ros/jazzy/opt/gz_gui_vendor:/opt/ros/jazzy/opt/gz_transport_vendor:/opt/ros/jazzy/opt/gz_rendering_vendor:/opt/ros/jazzy/opt/gz_plugin_vendor:/opt/ros/jazzy/opt/gz_fuel_tools_vendor:/opt/ros/jazzy/opt/gz_msgs_vendor:/opt/ros/jazzy/opt/gz_common_vendor:/opt/ros/jazzy/opt/gz_math_vendor:/opt/ros/jazzy/opt/gz_utils_vendor:/opt/ros/jazzy/opt/gz_tools_vendor:/opt/ros/jazzy/opt/gz_ogre_next_vendor:/opt/ros/jazzy/opt/gz_dartsim_vendor:/opt/ros/jazzy/opt/gz_cmake_vendor'}, 'shell': False}
[3.176499] (workspace_gz) StdoutLine: {'line': b'-- Found rosidl_generator_c: 4.6.7 (/opt/ros/jazzy/share/rosidl_generator_c/cmake)\n'}
[3.194749] (workspace_gz) StdoutLine: {'line': b'-- Found rosidl_generator_cpp: 4.6.7 (/opt/ros/jazzy/share/rosidl_generator_cpp/cmake)\n'}
[3.209113] (-) TimerEvent: {}
[3.234686] (workspace_gz) StdoutLine: {'line': b'-- Using all available rosidl_typesupport_c: rosidl_typesupport_fastrtps_c;rosidl_typesupport_introspection_c\n'}
[3.275350] (workspace_gz) StdoutLine: {'line': b'-- Using all available rosidl_typesupport_cpp: rosidl_typesupport_fastrtps_cpp;rosidl_typesupport_introspection_cpp\n'}
[3.309311] (-) TimerEvent: {}
[3.354996] (workspace_gz) StdoutLine: {'line': b'-- Looking for gz-msgs10 -- found version 10.3.2\n'}
[3.355931] (workspace_gz) StdoutLine: {'line': b'-- Looking for gz-fuel_tools9 -- found version 9.1.1\n'}
[3.409571] (-) TimerEvent: {}
[3.510808] (-) TimerEvent: {}
[3.584824] (workspace_gz) StdoutLine: {'line': b'-- Configuring done (3.5s)\n'}
[3.610915] (-) TimerEvent: {}
[3.711426] (-) TimerEvent: {}
[3.813545] (-) TimerEvent: {}
[3.864623] (workspace_nav) StdoutLine: {'line': b'running develop\n'}
[3.868213] (workspace_ros) StdoutLine: {'line': b'running develop\n'}
[3.910073] (workspace_gz) StdoutLine: {'line': b'-- Generating done (0.3s)\n'}
[3.913666] (-) TimerEvent: {}
[3.991741] (workspace_gz) StdoutLine: {'line': b'-- Build files have been written to: /home/aliomac/garp-test/build/workspace_gz\n'}
[4.014052] (-) TimerEvent: {}
[4.027303] (workspace_gz) CommandEnded: {'returncode': 0}
[4.028935] (workspace_gz) JobProgress: {'identifier': 'workspace_gz', 'progress': 'build'}
[4.031799] (workspace_gz) Command: {'cmd': ['/usr/bin/cmake', '--build', '/home/aliomac/garp-test/build/workspace_gz', '--', '-j8', '-l8'], 'cwd': '/home/aliomac/garp-test/build/workspace_gz', 'env': OrderedDict({'GZ_SIM_SYSTEM_PLUGIN_PATH': '/home/aliomac/vrx_ws/install/lib', 'GJS_DEBUG_TOPICS': 'JS ERROR;JS LOG', 'XDG_ACTIVATION_TOKEN': 'gnome-shell/Terminator/2481-1-aliomac-Nitro-AN515-55_TIME693242', 'LESSOPEN': '| /usr/bin/lesspipe %s', 'GZ_SIM_RESOURCE_PATH': '/home/aliomac/vrx_ws/install/share/vrx_gz/models/tmp:/home/aliomac/vrx_ws/install/share/vrx_gz/models:/home/aliomac/vrx_ws/install/share/vrx_gz/worlds/2023_phase2:/home/aliomac/vrx_ws/install/share/vrx_gz/worlds/2023_practice:/home/aliomac/vrx_ws/install/share/vrx_gz/worlds:/home/aliomac/vrx_ws/install/share/wamv_description/models:/home/aliomac/vrx_ws/install/share/vrx_gazebo/models:/home/aliomac/vrx_ws/install/share/:/opt/ros/jazzy/share', 'USER': 'aliomac', 'GZ_CONFIG_PATH': '/opt/ros/jazzy/opt/gz_sim_vendor/share/gz:/opt/ros/jazzy/opt/sdformat_vendor/share/gz:/opt/ros/jazzy/opt/gz_gui_vendor/share/gz:/opt/ros/jazzy/opt/gz_transport_vendor/share/gz:/opt/ros/jazzy/opt/gz_rendering_vendor/share/gz:/opt/ros/jazzy/opt/gz_plugin_vendor/share/gz:/opt/ros/jazzy/opt/gz_fuel_tools_vendor/share/gz:/opt/ros/jazzy/opt/gz_msgs_vendor/share/gz:/opt/ros/jazzy/opt/gz_common_vendor/share/gz', 'XDG_SESSION_TYPE': 'wayland', 'CLUTTER_DISABLE_MIPMAPPED_TEXT': '1', 'SHLVL': '1', 'LD_LIBRARY_PATH': '/home/aliomac/garp-test/install/workspace_gz/lib:/home/aliomac/vrx_ws/install/lib:/home/aliomac/thesis_USV_gazebo/install/lib:/opt/ros/jazzy/opt/gz_sim_vendor/lib:/opt/ros/jazzy/opt/gz_sensors_vendor/lib:/opt/ros/jazzy/opt/gz_physics_vendor/lib:/opt/ros/jazzy/opt/sdformat_vendor/lib:/opt/ros/jazzy/opt/rviz_ogre_vendor/lib:/opt/ros/jazzy/lib/x86_64-linux-gnu:/opt/ros/jazzy/opt/gz_gui_vendor/lib:/opt/ros/jazzy/opt/gz_transport_vendor/lib:/opt/ros/jazzy/opt/gz_rendering_vendor/lib:/opt/ros/jazzy/opt/gz_plugin_vendor/lib:/opt/ros/jazzy/opt/gz_fuel_tools_vendor/lib:/opt/ros/jazzy/opt/gz_msgs_vendor/lib:/opt/ros/jazzy/opt/gz_common_vendor/lib:/opt/ros/jazzy/opt/gz_math_vendor/lib:/opt/ros/jazzy/opt/gz_utils_vendor/lib:/opt/ros/jazzy/opt/gz_tools_vendor/lib:/opt/ros/jazzy/opt/gz_ogre_next_vendor/lib:/opt/ros/jazzy/opt/gz_dartsim_vendor/lib:/opt/ros/jazzy/opt/gz_cmake_vendor/lib:/opt/ros/jazzy/lib', 'HOME': '/home/aliomac', 'OLDPWD': '/home/aliomac', 'DESKTOP_SESSION': 'ubuntu', 'GIO_LAUNCHED_DESKTOP_FILE': '/usr/share/applications/terminator.desktop', 'ROS_PYTHON_VERSION': '3', 'GNOME_SHELL_SESSION_MODE': 'ubuntu', 'GTK_MODULES': 'gail:atk-bridge', 'MANAGERPID': '2198', 'SYSTEMD_EXEC_PID': '2481', 'GSM_SKIP_SSH_AGENT_WORKAROUND': 'true', 'DBUS_SESSION_BUS_ADDRESS': 'unix:path=/run/user/1000/bus', 'COLORTERM': 'truecolor', 'TERMINATOR_DBUS_NAME': 'net.tenshu.Terminator25ef4b219e3b005583550f2b0f9f990c3', 'GIO_LAUNCHED_DESKTOP_FILE_PID': '7984', 'DEBUGINFOD_URLS': 'https://debuginfod.ubuntu.com', 'IM_CONFIG_PHASE': '1', 'WAYLAND_DISPLAY': 'wayland-0', 'COLCON_PREFIX_PATH': '/home/aliomac/garp-test/install:/home/aliomac/vrx_ws/install:/home/aliomac/thesis_USV_gazebo/install', 'ROS_DISTRO': 'jazzy', 'LOGNAME': 'aliomac', 'JOURNAL_STREAM': '9:20790', '_': '/usr/bin/colcon', 'ROS_VERSION': '2', 'MEMORY_PRESSURE_WATCH': '/sys/fs/cgroup/user.slice/user-1000.slice/user@1000.service/session.slice/org.gnome.Shell@wayland.service/memory.pressure', 'XDG_SESSION_CLASS': 'user', 'USERNAME': 'aliomac', 'TERM': 'xterm-256color', 'GNOME_DESKTOP_SESSION_ID': 'this-is-deprecated', 'PATH': '/home/aliomac/.opencode/bin:/home/aliomac/.local/bin:/opt/ros/jazzy/opt/gz_msgs_vendor/bin:/opt/ros/jazzy/opt/gz_tools_vendor/bin:/opt/ros/jazzy/opt/gz_ogre_next_vendor/bin:/opt/ros/jazzy/bin:/home/aliomac/.local/bin:/usr/local/sbin:/usr/local/bin:/usr/sbin:/usr/bin:/sbin:/bin:/usr/games:/usr/local/games:/snap/bin:/snap/bin', 'SESSION_MANAGER': 'local/aliomac-Nitro-AN515-55:@/tmp/.ICE-unix/2442,unix/aliomac-Nitro-AN515-55:/tmp/.ICE-unix/2442', 'INVOCATION_ID': '9615740d914f443fadb2fde0e12e93b1', 'XDG_MENU_PREFIX': 'gnome-', 'GNOME_SETUP_DISPLAY': ':1', 'XDG_RUNTIME_DIR': '/run/user/1000', 'DISPLAY': ':0', 'TERMINATOR_DBUS_PATH': '/net/tenshu/Terminator2', 'LANG': 'en_US.UTF-8', 'XDG_CURRENT_DESKTOP': 'ubuntu:GNOME', 'XMODIFIERS': '@im=ibus', 'XDG_SESSION_DESKTOP': 'ubuntu', 'XAUTHORITY': '/run/user/1000/.mutter-Xwaylandauth.7RB4J3', 'LS_COLORS': 'rs=0:di=01;34:ln=01;36:mh=00:pi=40;33:so=01;35:do=01;35:bd=40;33;01:cd=40;33;01:or=40;31;01:mi=00:su=37;41:sg=30;43:ca=00:tw=30;42:ow=34;42:st=37;44:ex=01;32:*.tar=01;31:*.tgz=01;31:*.arc=01;31:*.arj=01;31:*.taz=01;31:*.lha=01;31:*.lz4=01;31:*.lzh=01;31:*.lzma=01;31:*.tlz=01;31:*.txz=01;31:*.tzo=01;31:*.t7z=01;31:*.zip=01;31:*.z=01;31:*.dz=01;31:*.gz=01;31:*.lrz=01;31:*.lz=01;31:*.lzo=01;31:*.xz=01;31:*.zst=01;31:*.tzst=01;31:*.bz2=01;31:*.bz=01;31:*.tbz=01;31:*.tbz2=01;31:*.tz=01;31:*.deb=01;31:*.rpm=01;31:*.jar=01;31:*.war=01;31:*.ear=01;31:*.sar=01;31:*.rar=01;31:*.alz=01;31:*.ace=01;31:*.zoo=01;31:*.cpio=01;31:*.7z=01;31:*.rz=01;31:*.cab=01;31:*.wim=01;31:*.swm=01;31:*.dwm=01;31:*.esd=01;31:*.avif=01;35:*.jpg=01;35:*.jpeg=01;35:*.mjpg=01;35:*.mjpeg=01;35:*.gif=01;35:*.bmp=01;35:*.pbm=01;35:*.pgm=01;35:*.ppm=01;35:*.tga=01;35:*.xbm=01;35:*.xpm=01;35:*.tif=01;35:*.tiff=01;35:*.png=01;35:*.svg=01;35:*.svgz=01;35:*.mng=01;35:*.pcx=01;35:*.mov=01;35:*.mpg=01;35:*.mpeg=01;35:*.m2v=01;35:*.mkv=01;35:*.webm=01;35:*.webp=01;35:*.ogm=01;35:*.mp4=01;35:*.m4v=01;35:*.mp4v=01;35:*.vob=01;35:*.qt=01;35:*.nuv=01;35:*.wmv=01;35:*.asf=01;35:*.rm=01;35:*.rmvb=01;35:*.flc=01;35:*.avi=01;35:*.fli=01;35:*.flv=01;35:*.gl=01;35:*.dl=01;35:*.xcf=01;35:*.xwd=01;35:*.yuv=01;35:*.cgm=01;35:*.emf=01;35:*.ogv=01;35:*.ogx=01;35:*.aac=00;36:*.au=00;36:*.flac=00;36:*.m4a=00;36:*.mid=00;36:*.midi=00;36:*.mka=00;36:*.mp3=00;36:*.mpc=00;36:*.ogg=00;36:*.ra=00;36:*.wav=00;36:*.oga=00;36:*.opus=00;36:*.spx=00;36:*.xspf=00;36:*~=00;90:*#=00;90:*.bak=00;90:*.crdownload=00;90:*.dpkg-dist=00;90:*.dpkg-new=00;90:*.dpkg-old=00;90:*.dpkg-tmp=00;90:*.old=00;90:*.orig=00;90:*.part=00;90:*.rej=00;90:*.rpmnew=00;90:*.rpmorig=00;90:*.rpmsave=00;90:*.swp=00;90:*.tmp=00;90:*.ucf-dist=00;90:*.ucf-new=00;90:*.ucf-old=00;90:', 'SSH_AUTH_SOCK': '/run/user/1000/keyring/ssh', 'AMENT_PREFIX_PATH': '/home/aliomac/garp-test/install/workspace_ros:/home/aliomac/garp-test/install/workspace_nav:/home/aliomac/garp-test/install/workspace_gz:/home/aliomac/vrx_ws/install:/home/aliomac/thesis_USV_gazebo/install:/opt/ros/jazzy', 'SHELL': '/bin/bash', 'TERMINATOR_UUID': 'urn:uuid:3a556479-da8d-4c0a-83d8-49c231a78392', 'QT_ACCESSIBILITY': '1', 'GDMSESSION': 'ubuntu', 'LESSCLOSE': '/usr/bin/lesspipe %s %s', 'GJS_DEBUG_OUTPUT': 'stderr', 'ROS_AUTOMATIC_DISCOVERY_RANGE': 'SUBNET', 'QT_IM_MODULE': 'ibus', 'PWD': '/home/aliomac/garp-test/build/workspace_gz', 'LC_ALL': 'en_US.UTF-8', 'XDG_CONFIG_DIRS': '/etc/xdg/xdg-ubuntu:/etc/xdg', 'XDG_DATA_DIRS': '/usr/share/ubuntu:/usr/share/gnome:/usr/local/share/:/usr/share/:/var/lib/snapd/desktop', 'PYTHONPATH': '/home/aliomac/garp-test/build/workspace_ros:/home/aliomac/garp-test/install/workspace_ros/lib/python3.12/site-packages:/home/aliomac/garp-test/build/workspace_nav:/home/aliomac/garp-test/install/workspace_nav/lib/python3.12/site-packages:/home/aliomac/vrx_ws/install/lib/python3.12/site-packages:/home/aliomac/thesis_USV_gazebo/build/ros_gz_bridge_custom:/home/aliomac/thesis_USV_gazebo/build/autopilot:/home/aliomac/thesis_USV_gazebo/install/lib/python3.12/site-packages:/opt/ros/jazzy/lib/python3.12/site-packages', 'COLCON': '1', 'MEMORY_PRESSURE_WRITE': 'c29tZSAyMDAwMDAgMjAwMDAwMAA=', 'VTE_VERSION': '7600', 'CMAKE_PREFIX_PATH': '/home/aliomac/garp-test/install/workspace_gz:/home/aliomac/vrx_ws/install:/home/aliomac/thesis_USV_gazebo/install:/opt/ros/jazzy/opt/gz_sim_vendor:/opt/ros/jazzy/opt/gz_sensors_vendor:/opt/ros/jazzy/opt/gz_physics_vendor:/opt/ros/jazzy/opt/sdformat_vendor:/opt/ros/jazzy/opt/gz_gui_vendor:/opt/ros/jazzy/opt/gz_transport_vendor:/opt/ros/jazzy/opt/gz_rendering_vendor:/opt/ros/jazzy/opt/gz_plugin_vendor:/opt/ros/jazzy/opt/gz_fuel_tools_vendor:/opt/ros/jazzy/opt/gz_msgs_vendor:/opt/ros/jazzy/opt/gz_common_vendor:/opt/ros/jazzy/opt/gz_math_vendor:/opt/ros/jazzy/opt/gz_utils_vendor:/opt/ros/jazzy/opt/gz_tools_vendor:/opt/ros/jazzy/opt/gz_ogre_next_vendor:/opt/ros/jazzy/opt/gz_dartsim_vendor:/opt/ros/jazzy/opt/gz_cmake_vendor:/home/aliomac/garp-test/install/workspace_ros:/home/aliomac/garp-test/install/workspace_nav:/opt/ros/jazzy'}), 'shell': False}
[4.114157] (-) TimerEvent: {}
[4.172414] (workspace_gz) StdoutLine: {'line': b'[  4%] Built target Waves\n'}
[4.214277] (-) TimerEvent: {}
[4.236386] (workspace_gz) StdoutLine: {'line': b'[  8%] Built target ScoringPlugin\n'}
[4.297606] (workspace_gz) StdoutLine: {'line': b'[ 16%] Built target PolyhedraBuoyancyDrag\n'}
[4.314368] (-) TimerEvent: {}
[4.355276] (workspace_gz) StdoutLine: {'line': b'[ 20%] Built target LightBuoyPlugin\n'}
[4.407125] (workspace_ros) StdoutLine: {'line': b'Removing /home/aliomac/garp-test/install/workspace_ros/lib/python3.12/site-packages/workspace-ros.egg-link (link to .)\n'}
[4.411190] (workspace_gz) StdoutLine: {'line': b'[ 25%] Built target NavigationScoringPlugin\n'}
[4.414647] (-) TimerEvent: {}
[4.449669] (workspace_nav) StdoutLine: {'line': b'Removing /home/aliomac/garp-test/install/workspace_nav/lib/python3.12/site-packages/workspace-nav.egg-link (link to .)\n'}
[4.477609] (workspace_gz) StdoutLine: {'line': b'[ 29%] Built target GymkhanaScoringPlugin\n'}
[4.514828] (-) TimerEvent: {}
[4.551492] (workspace_ros) CommandEnded: {'returncode': 0}
[4.556615] (workspace_ros) Command: {'cmd': ['/usr/bin/python3', '-W', 'ignore:setup.py install is deprecated', '-W', 'ignore:easy_install command is deprecated', 'setup.py', 'egg_info', '--egg-base', '../build/workspace_ros', 'build', '--build-base', '/home/aliomac/garp-test/build/workspace_ros/build', 'install', '--record', '/home/aliomac/garp-test/build/workspace_ros/install.log', '--single-version-externally-managed', 'install_data', '--force'], 'cwd': '/home/aliomac/garp-test/workspace_ros', 'env': {'GZ_SIM_SYSTEM_PLUGIN_PATH': '/home/aliomac/vrx_ws/install/lib', 'GJS_DEBUG_TOPICS': 'JS ERROR;JS LOG', 'XDG_ACTIVATION_TOKEN': 'gnome-shell/Terminator/2481-1-aliomac-Nitro-AN515-55_TIME693242', 'LESSOPEN': '| /usr/bin/lesspipe %s', 'GZ_SIM_RESOURCE_PATH': '/home/aliomac/vrx_ws/install/share/vrx_gz/models/tmp:/home/aliomac/vrx_ws/install/share/vrx_gz/models:/home/aliomac/vrx_ws/install/share/vrx_gz/worlds/2023_phase2:/home/aliomac/vrx_ws/install/share/vrx_gz/worlds/2023_practice:/home/aliomac/vrx_ws/install/share/vrx_gz/worlds:/home/aliomac/vrx_ws/install/share/wamv_description/models:/home/aliomac/vrx_ws/install/share/vrx_gazebo/models:/home/aliomac/vrx_ws/install/share/:/opt/ros/jazzy/share', 'USER': 'aliomac', 'GZ_CONFIG_PATH': '/opt/ros/jazzy/opt/gz_sim_vendor/share/gz:/opt/ros/jazzy/opt/sdformat_vendor/share/gz:/opt/ros/jazzy/opt/gz_gui_vendor/share/gz:/opt/ros/jazzy/opt/gz_transport_vendor/share/gz:/opt/ros/jazzy/opt/gz_rendering_vendor/share/gz:/opt/ros/jazzy/opt/gz_plugin_vendor/share/gz:/opt/ros/jazzy/opt/gz_fuel_tools_vendor/share/gz:/opt/ros/jazzy/opt/gz_msgs_vendor/share/gz:/opt/ros/jazzy/opt/gz_common_vendor/share/gz', 'XDG_SESSION_TYPE': 'wayland', 'CLUTTER_DISABLE_MIPMAPPED_TEXT': '1', 'SHLVL': '1', 'LD_LIBRARY_PATH': '/home/aliomac/garp-test/install/workspace_gz/lib:/home/aliomac/vrx_ws/install/lib:/home/aliomac/thesis_USV_gazebo/install/lib:/opt/ros/jazzy/opt/gz_sim_vendor/lib:/opt/ros/jazzy/opt/gz_sensors_vendor/lib:/opt/ros/jazzy/opt/gz_physics_vendor/lib:/opt/ros/jazzy/opt/sdformat_vendor/lib:/opt/ros/jazzy/opt/rviz_ogre_vendor/lib:/opt/ros/jazzy/lib/x86_64-linux-gnu:/opt/ros/jazzy/opt/gz_gui_vendor/lib:/opt/ros/jazzy/opt/gz_transport_vendor/lib:/opt/ros/jazzy/opt/gz_rendering_vendor/lib:/opt/ros/jazzy/opt/gz_plugin_vendor/lib:/opt/ros/jazzy/opt/gz_fuel_tools_vendor/lib:/opt/ros/jazzy/opt/gz_msgs_vendor/lib:/opt/ros/jazzy/opt/gz_common_vendor/lib:/opt/ros/jazzy/opt/gz_math_vendor/lib:/opt/ros/jazzy/opt/gz_utils_vendor/lib:/opt/ros/jazzy/opt/gz_tools_vendor/lib:/opt/ros/jazzy/opt/gz_ogre_next_vendor/lib:/opt/ros/jazzy/opt/gz_dartsim_vendor/lib:/opt/ros/jazzy/opt/gz_cmake_vendor/lib:/opt/ros/jazzy/lib', 'HOME': '/home/aliomac', 'OLDPWD': '/home/aliomac', 'DESKTOP_SESSION': 'ubuntu', 'GIO_LAUNCHED_DESKTOP_FILE': '/usr/share/applications/terminator.desktop', 'ROS_PYTHON_VERSION': '3', 'GNOME_SHELL_SESSION_MODE': 'ubuntu', 'GTK_MODULES': 'gail:atk-bridge', 'MANAGERPID': '2198', 'SYSTEMD_EXEC_PID': '2481', 'GSM_SKIP_SSH_AGENT_WORKAROUND': 'true', 'DBUS_SESSION_BUS_ADDRESS': 'unix:path=/run/user/1000/bus', 'COLORTERM': 'truecolor', 'TERMINATOR_DBUS_NAME': 'net.tenshu.Terminator25ef4b219e3b005583550f2b0f9f990c3', 'GIO_LAUNCHED_DESKTOP_FILE_PID': '7984', 'DEBUGINFOD_URLS': 'https://debuginfod.ubuntu.com', 'IM_CONFIG_PHASE': '1', 'WAYLAND_DISPLAY': 'wayland-0', 'COLCON_PREFIX_PATH': '/home/aliomac/garp-test/install:/home/aliomac/vrx_ws/install:/home/aliomac/thesis_USV_gazebo/install', 'ROS_DISTRO': 'jazzy', 'LOGNAME': 'aliomac', 'JOURNAL_STREAM': '9:20790', '_': '/usr/bin/colcon', 'ROS_VERSION': '2', 'MEMORY_PRESSURE_WATCH': '/sys/fs/cgroup/user.slice/user-1000.slice/user@1000.service/session.slice/org.gnome.Shell@wayland.service/memory.pressure', 'XDG_SESSION_CLASS': 'user', 'USERNAME': 'aliomac', 'TERM': 'xterm-256color', 'GNOME_DESKTOP_SESSION_ID': 'this-is-deprecated', 'PATH': '/home/aliomac/.opencode/bin:/home/aliomac/.local/bin:/opt/ros/jazzy/opt/gz_msgs_vendor/bin:/opt/ros/jazzy/opt/gz_tools_vendor/bin:/opt/ros/jazzy/opt/gz_ogre_next_vendor/bin:/opt/ros/jazzy/bin:/home/aliomac/.local/bin:/usr/local/sbin:/usr/local/bin:/usr/sbin:/usr/bin:/sbin:/bin:/usr/games:/usr/local/games:/snap/bin:/snap/bin', 'SESSION_MANAGER': 'local/aliomac-Nitro-AN515-55:@/tmp/.ICE-unix/2442,unix/aliomac-Nitro-AN515-55:/tmp/.ICE-unix/2442', 'INVOCATION_ID': '9615740d914f443fadb2fde0e12e93b1', 'XDG_MENU_PREFIX': 'gnome-', 'GNOME_SETUP_DISPLAY': ':1', 'XDG_RUNTIME_DIR': '/run/user/1000', 'DISPLAY': ':0', 'TERMINATOR_DBUS_PATH': '/net/tenshu/Terminator2', 'LANG': 'en_US.UTF-8', 'XDG_CURRENT_DESKTOP': 'ubuntu:GNOME', 'XMODIFIERS': '@im=ibus', 'XDG_SESSION_DESKTOP': 'ubuntu', 'XAUTHORITY': '/run/user/1000/.mutter-Xwaylandauth.7RB4J3', 'LS_COLORS': 'rs=0:di=01;34:ln=01;36:mh=00:pi=40;33:so=01;35:do=01;35:bd=40;33;01:cd=40;33;01:or=40;31;01:mi=00:su=37;41:sg=30;43:ca=00:tw=30;42:ow=34;42:st=37;44:ex=01;32:*.tar=01;31:*.tgz=01;31:*.arc=01;31:*.arj=01;31:*.taz=01;31:*.lha=01;31:*.lz4=01;31:*.lzh=01;31:*.lzma=01;31:*.tlz=01;31:*.txz=01;31:*.tzo=01;31:*.t7z=01;31:*.zip=01;31:*.z=01;31:*.dz=01;31:*.gz=01;31:*.lrz=01;31:*.lz=01;31:*.lzo=01;31:*.xz=01;31:*.zst=01;31:*.tzst=01;31:*.bz2=01;31:*.bz=01;31:*.tbz=01;31:*.tbz2=01;31:*.tz=01;31:*.deb=01;31:*.rpm=01;31:*.jar=01;31:*.war=01;31:*.ear=01;31:*.sar=01;31:*.rar=01;31:*.alz=01;31:*.ace=01;31:*.zoo=01;31:*.cpio=01;31:*.7z=01;31:*.rz=01;31:*.cab=01;31:*.wim=01;31:*.swm=01;31:*.dwm=01;31:*.esd=01;31:*.avif=01;35:*.jpg=01;35:*.jpeg=01;35:*.mjpg=01;35:*.mjpeg=01;35:*.gif=01;35:*.bmp=01;35:*.pbm=01;35:*.pgm=01;35:*.ppm=01;35:*.tga=01;35:*.xbm=01;35:*.xpm=01;35:*.tif=01;35:*.tiff=01;35:*.png=01;35:*.svg=01;35:*.svgz=01;35:*.mng=01;35:*.pcx=01;35:*.mov=01;35:*.mpg=01;35:*.mpeg=01;35:*.m2v=01;35:*.mkv=01;35:*.webm=01;35:*.webp=01;35:*.ogm=01;35:*.mp4=01;35:*.m4v=01;35:*.mp4v=01;35:*.vob=01;35:*.qt=01;35:*.nuv=01;35:*.wmv=01;35:*.asf=01;35:*.rm=01;35:*.rmvb=01;35:*.flc=01;35:*.avi=01;35:*.fli=01;35:*.flv=01;35:*.gl=01;35:*.dl=01;35:*.xcf=01;35:*.xwd=01;35:*.yuv=01;35:*.cgm=01;35:*.emf=01;35:*.ogv=01;35:*.ogx=01;35:*.aac=00;36:*.au=00;36:*.flac=00;36:*.m4a=00;36:*.mid=00;36:*.midi=00;36:*.mka=00;36:*.mp3=00;36:*.mpc=00;36:*.ogg=00;36:*.ra=00;36:*.wav=00;36:*.oga=00;36:*.opus=00;36:*.spx=00;36:*.xspf=00;36:*~=00;90:*#=00;90:*.bak=00;90:*.crdownload=00;90:*.dpkg-dist=00;90:*.dpkg-new=00;90:*.dpkg-old=00;90:*.dpkg-tmp=00;90:*.old=00;90:*.orig=00;90:*.part=00;90:*.rej=00;90:*.rpmnew=00;90:*.rpmorig=00;90:*.rpmsave=00;90:*.swp=00;90:*.tmp=00;90:*.ucf-dist=00;90:*.ucf-new=00;90:*.ucf-old=00;90:', 'SSH_AUTH_SOCK': '/run/user/1000/keyring/ssh', 'AMENT_PREFIX_PATH': '/home/aliomac/garp-test/install/workspace_ros:/home/aliomac/garp-test/install/workspace_nav:/home/aliomac/garp-test/install/workspace_gz:/home/aliomac/vrx_ws/install:/home/aliomac/thesis_USV_gazebo/install:/opt/ros/jazzy', 'SHELL': '/bin/bash', 'TERMINATOR_UUID': 'urn:uuid:3a556479-da8d-4c0a-83d8-49c231a78392', 'QT_ACCESSIBILITY': '1', 'GDMSESSION': 'ubuntu', 'LESSCLOSE': '/usr/bin/lesspipe %s %s', 'GJS_DEBUG_OUTPUT': 'stderr', 'ROS_AUTOMATIC_DISCOVERY_RANGE': 'SUBNET', 'QT_IM_MODULE': 'ibus', 'PWD': '/home/aliomac/garp-test/build/workspace_ros', 'LC_ALL': 'en_US.UTF-8', 'XDG_CONFIG_DIRS': '/etc/xdg/xdg-ubuntu:/etc/xdg', 'XDG_DATA_DIRS': '/usr/share/ubuntu:/usr/share/gnome:/usr/local/share/:/usr/share/:/var/lib/snapd/desktop', 'PYTHONPATH': '/home/aliomac/garp-test/build/workspace_ros/prefix_override:/usr/lib/python3/dist-packages/colcon_core/task/python/colcon_distutils_commands:/home/aliomac/garp-test/install/workspace_ros/lib/python3.12/site-packages:/home/aliomac/garp-test/build/workspace_ros:/home/aliomac/garp-test/install/workspace_ros/lib/python3.12/site-packages:/home/aliomac/garp-test/build/workspace_nav:/home/aliomac/garp-test/install/workspace_nav/lib/python3.12/site-packages:/home/aliomac/vrx_ws/install/lib/python3.12/site-packages:/home/aliomac/thesis_USV_gazebo/build/ros_gz_bridge_custom:/home/aliomac/thesis_USV_gazebo/build/autopilot:/home/aliomac/thesis_USV_gazebo/install/lib/python3.12/site-packages:/opt/ros/jazzy/lib/python3.12/site-packages', 'COLCON': '1', 'MEMORY_PRESSURE_WRITE': 'c29tZSAyMDAwMDAgMjAwMDAwMAA=', 'VTE_VERSION': '7600', 'CMAKE_PREFIX_PATH': '/home/aliomac/garp-test/install/workspace_gz:/home/aliomac/vrx_ws/install:/home/aliomac/thesis_USV_gazebo/install:/opt/ros/jazzy/opt/gz_sim_vendor:/opt/ros/jazzy/opt/gz_sensors_vendor:/opt/ros/jazzy/opt/gz_physics_vendor:/opt/ros/jazzy/opt/sdformat_vendor:/opt/ros/jazzy/opt/gz_gui_vendor:/opt/ros/jazzy/opt/gz_transport_vendor:/opt/ros/jazzy/opt/gz_rendering_vendor:/opt/ros/jazzy/opt/gz_plugin_vendor:/opt/ros/jazzy/opt/gz_fuel_tools_vendor:/opt/ros/jazzy/opt/gz_msgs_vendor:/opt/ros/jazzy/opt/gz_common_vendor:/opt/ros/jazzy/opt/gz_math_vendor:/opt/ros/jazzy/opt/gz_utils_vendor:/opt/ros/jazzy/opt/gz_tools_vendor:/opt/ros/jazzy/opt/gz_ogre_next_vendor:/opt/ros/jazzy/opt/gz_dartsim_vendor:/opt/ros/jazzy/opt/gz_cmake_vendor'}, 'shell': False}
[4.576302] (workspace_gz) StdoutLine: {'line': b'[ 33%] Built target PerceptionScoringPlugin\n'}
[4.584002] (workspace_nav) CommandEnded: {'returncode': 0}
[4.587491] (workspace_nav) Command: {'cmd': ['/usr/bin/python3', '-W', 'ignore:setup.py install is deprecated', '-W', 'ignore:easy_install command is deprecated', 'setup.py', 'egg_info', '--egg-base', '../build/workspace_nav', 'build', '--build-base', '/home/aliomac/garp-test/build/workspace_nav/build', 'install', '--record', '/home/aliomac/garp-test/build/workspace_nav/install.log', '--single-version-externally-managed', 'install_data', '--force'], 'cwd': '/home/aliomac/garp-test/workspace_nav', 'env': {'GZ_SIM_SYSTEM_PLUGIN_PATH': '/home/aliomac/vrx_ws/install/lib', 'GJS_DEBUG_TOPICS': 'JS ERROR;JS LOG', 'XDG_ACTIVATION_TOKEN': 'gnome-shell/Terminator/2481-1-aliomac-Nitro-AN515-55_TIME693242', 'LESSOPEN': '| /usr/bin/lesspipe %s', 'GZ_SIM_RESOURCE_PATH': '/home/aliomac/vrx_ws/install/share/vrx_gz/models/tmp:/home/aliomac/vrx_ws/install/share/vrx_gz/models:/home/aliomac/vrx_ws/install/share/vrx_gz/worlds/2023_phase2:/home/aliomac/vrx_ws/install/share/vrx_gz/worlds/2023_practice:/home/aliomac/vrx_ws/install/share/vrx_gz/worlds:/home/aliomac/vrx_ws/install/share/wamv_description/models:/home/aliomac/vrx_ws/install/share/vrx_gazebo/models:/home/aliomac/vrx_ws/install/share/:/opt/ros/jazzy/share', 'USER': 'aliomac', 'GZ_CONFIG_PATH': '/opt/ros/jazzy/opt/gz_sim_vendor/share/gz:/opt/ros/jazzy/opt/sdformat_vendor/share/gz:/opt/ros/jazzy/opt/gz_gui_vendor/share/gz:/opt/ros/jazzy/opt/gz_transport_vendor/share/gz:/opt/ros/jazzy/opt/gz_rendering_vendor/share/gz:/opt/ros/jazzy/opt/gz_plugin_vendor/share/gz:/opt/ros/jazzy/opt/gz_fuel_tools_vendor/share/gz:/opt/ros/jazzy/opt/gz_msgs_vendor/share/gz:/opt/ros/jazzy/opt/gz_common_vendor/share/gz', 'XDG_SESSION_TYPE': 'wayland', 'CLUTTER_DISABLE_MIPMAPPED_TEXT': '1', 'SHLVL': '1', 'LD_LIBRARY_PATH': '/home/aliomac/garp-test/install/workspace_gz/lib:/home/aliomac/vrx_ws/install/lib:/home/aliomac/thesis_USV_gazebo/install/lib:/opt/ros/jazzy/opt/gz_sim_vendor/lib:/opt/ros/jazzy/opt/gz_sensors_vendor/lib:/opt/ros/jazzy/opt/gz_physics_vendor/lib:/opt/ros/jazzy/opt/sdformat_vendor/lib:/opt/ros/jazzy/opt/rviz_ogre_vendor/lib:/opt/ros/jazzy/lib/x86_64-linux-gnu:/opt/ros/jazzy/opt/gz_gui_vendor/lib:/opt/ros/jazzy/opt/gz_transport_vendor/lib:/opt/ros/jazzy/opt/gz_rendering_vendor/lib:/opt/ros/jazzy/opt/gz_plugin_vendor/lib:/opt/ros/jazzy/opt/gz_fuel_tools_vendor/lib:/opt/ros/jazzy/opt/gz_msgs_vendor/lib:/opt/ros/jazzy/opt/gz_common_vendor/lib:/opt/ros/jazzy/opt/gz_math_vendor/lib:/opt/ros/jazzy/opt/gz_utils_vendor/lib:/opt/ros/jazzy/opt/gz_tools_vendor/lib:/opt/ros/jazzy/opt/gz_ogre_next_vendor/lib:/opt/ros/jazzy/opt/gz_dartsim_vendor/lib:/opt/ros/jazzy/opt/gz_cmake_vendor/lib:/opt/ros/jazzy/lib', 'HOME': '/home/aliomac', 'OLDPWD': '/home/aliomac', 'DESKTOP_SESSION': 'ubuntu', 'GIO_LAUNCHED_DESKTOP_FILE': '/usr/share/applications/terminator.desktop', 'ROS_PYTHON_VERSION': '3', 'GNOME_SHELL_SESSION_MODE': 'ubuntu', 'GTK_MODULES': 'gail:atk-bridge', 'MANAGERPID': '2198', 'SYSTEMD_EXEC_PID': '2481', 'GSM_SKIP_SSH_AGENT_WORKAROUND': 'true', 'DBUS_SESSION_BUS_ADDRESS': 'unix:path=/run/user/1000/bus', 'COLORTERM': 'truecolor', 'TERMINATOR_DBUS_NAME': 'net.tenshu.Terminator25ef4b219e3b005583550f2b0f9f990c3', 'GIO_LAUNCHED_DESKTOP_FILE_PID': '7984', 'DEBUGINFOD_URLS': 'https://debuginfod.ubuntu.com', 'IM_CONFIG_PHASE': '1', 'WAYLAND_DISPLAY': 'wayland-0', 'COLCON_PREFIX_PATH': '/home/aliomac/garp-test/install:/home/aliomac/vrx_ws/install:/home/aliomac/thesis_USV_gazebo/install', 'ROS_DISTRO': 'jazzy', 'LOGNAME': 'aliomac', 'JOURNAL_STREAM': '9:20790', '_': '/usr/bin/colcon', 'ROS_VERSION': '2', 'MEMORY_PRESSURE_WATCH': '/sys/fs/cgroup/user.slice/user-1000.slice/user@1000.service/session.slice/org.gnome.Shell@wayland.service/memory.pressure', 'XDG_SESSION_CLASS': 'user', 'USERNAME': 'aliomac', 'TERM': 'xterm-256color', 'GNOME_DESKTOP_SESSION_ID': 'this-is-deprecated', 'PATH': '/home/aliomac/.opencode/bin:/home/aliomac/.local/bin:/opt/ros/jazzy/opt/gz_msgs_vendor/bin:/opt/ros/jazzy/opt/gz_tools_vendor/bin:/opt/ros/jazzy/opt/gz_ogre_next_vendor/bin:/opt/ros/jazzy/bin:/home/aliomac/.local/bin:/usr/local/sbin:/usr/local/bin:/usr/sbin:/usr/bin:/sbin:/bin:/usr/games:/usr/local/games:/snap/bin:/snap/bin', 'SESSION_MANAGER': 'local/aliomac-Nitro-AN515-55:@/tmp/.ICE-unix/2442,unix/aliomac-Nitro-AN515-55:/tmp/.ICE-unix/2442', 'INVOCATION_ID': '9615740d914f443fadb2fde0e12e93b1', 'XDG_MENU_PREFIX': 'gnome-', 'GNOME_SETUP_DISPLAY': ':1', 'XDG_RUNTIME_DIR': '/run/user/1000', 'DISPLAY': ':0', 'TERMINATOR_DBUS_PATH': '/net/tenshu/Terminator2', 'LANG': 'en_US.UTF-8', 'XDG_CURRENT_DESKTOP': 'ubuntu:GNOME', 'XMODIFIERS': '@im=ibus', 'XDG_SESSION_DESKTOP': 'ubuntu', 'XAUTHORITY': '/run/user/1000/.mutter-Xwaylandauth.7RB4J3', 'LS_COLORS': 'rs=0:di=01;34:ln=01;36:mh=00:pi=40;33:so=01;35:do=01;35:bd=40;33;01:cd=40;33;01:or=40;31;01:mi=00:su=37;41:sg=30;43:ca=00:tw=30;42:ow=34;42:st=37;44:ex=01;32:*.tar=01;31:*.tgz=01;31:*.arc=01;31:*.arj=01;31:*.taz=01;31:*.lha=01;31:*.lz4=01;31:*.lzh=01;31:*.lzma=01;31:*.tlz=01;31:*.txz=01;31:*.tzo=01;31:*.t7z=01;31:*.zip=01;31:*.z=01;31:*.dz=01;31:*.gz=01;31:*.lrz=01;31:*.lz=01;31:*.lzo=01;31:*.xz=01;31:*.zst=01;31:*.tzst=01;31:*.bz2=01;31:*.bz=01;31:*.tbz=01;31:*.tbz2=01;31:*.tz=01;31:*.deb=01;31:*.rpm=01;31:*.jar=01;31:*.war=01;31:*.ear=01;31:*.sar=01;31:*.rar=01;31:*.alz=01;31:*.ace=01;31:*.zoo=01;31:*.cpio=01;31:*.7z=01;31:*.rz=01;31:*.cab=01;31:*.wim=01;31:*.swm=01;31:*.dwm=01;31:*.esd=01;31:*.avif=01;35:*.jpg=01;35:*.jpeg=01;35:*.mjpg=01;35:*.mjpeg=01;35:*.gif=01;35:*.bmp=01;35:*.pbm=01;35:*.pgm=01;35:*.ppm=01;35:*.tga=01;35:*.xbm=01;35:*.xpm=01;35:*.tif=01;35:*.tiff=01;35:*.png=01;35:*.svg=01;35:*.svgz=01;35:*.mng=01;35:*.pcx=01;35:*.mov=01;35:*.mpg=01;35:*.mpeg=01;35:*.m2v=01;35:*.mkv=01;35:*.webm=01;35:*.webp=01;35:*.ogm=01;35:*.mp4=01;35:*.m4v=01;35:*.mp4v=01;35:*.vob=01;35:*.qt=01;35:*.nuv=01;35:*.wmv=01;35:*.asf=01;35:*.rm=01;35:*.rmvb=01;35:*.flc=01;35:*.avi=01;35:*.fli=01;35:*.flv=01;35:*.gl=01;35:*.dl=01;35:*.xcf=01;35:*.xwd=01;35:*.yuv=01;35:*.cgm=01;35:*.emf=01;35:*.ogv=01;35:*.ogx=01;35:*.aac=00;36:*.au=00;36:*.flac=00;36:*.m4a=00;36:*.mid=00;36:*.midi=00;36:*.mka=00;36:*.mp3=00;36:*.mpc=00;36:*.ogg=00;36:*.ra=00;36:*.wav=00;36:*.oga=00;36:*.opus=00;36:*.spx=00;36:*.xspf=00;36:*~=00;90:*#=00;90:*.bak=00;90:*.crdownload=00;90:*.dpkg-dist=00;90:*.dpkg-new=00;90:*.dpkg-old=00;90:*.dpkg-tmp=00;90:*.old=00;90:*.orig=00;90:*.part=00;90:*.rej=00;90:*.rpmnew=00;90:*.rpmorig=00;90:*.rpmsave=00;90:*.swp=00;90:*.tmp=00;90:*.ucf-dist=00;90:*.ucf-new=00;90:*.ucf-old=00;90:', 'SSH_AUTH_SOCK': '/run/user/1000/keyring/ssh', 'AMENT_PREFIX_PATH': '/home/aliomac/garp-test/install/workspace_ros:/home/aliomac/garp-test/install/workspace_nav:/home/aliomac/garp-test/install/workspace_gz:/home/aliomac/vrx_ws/install:/home/aliomac/thesis_USV_gazebo/install:/opt/ros/jazzy', 'SHELL': '/bin/bash', 'TERMINATOR_UUID': 'urn:uuid:3a556479-da8d-4c0a-83d8-49c231a78392', 'QT_ACCESSIBILITY': '1', 'GDMSESSION': 'ubuntu', 'LESSCLOSE': '/usr/bin/lesspipe %s %s', 'GJS_DEBUG_OUTPUT': 'stderr', 'ROS_AUTOMATIC_DISCOVERY_RANGE': 'SUBNET', 'QT_IM_MODULE': 'ibus', 'PWD': '/home/aliomac/garp-test/build/workspace_nav', 'LC_ALL': 'en_US.UTF-8', 'XDG_CONFIG_DIRS': '/etc/xdg/xdg-ubuntu:/etc/xdg', 'XDG_DATA_DIRS': '/usr/share/ubuntu:/usr/share/gnome:/usr/local/share/:/usr/share/:/var/lib/snapd/desktop', 'PYTHONPATH': '/home/aliomac/garp-test/build/workspace_nav/prefix_override:/usr/lib/python3/dist-packages/colcon_core/task/python/colcon_distutils_commands:/home/aliomac/garp-test/install/workspace_nav/lib/python3.12/site-packages:/home/aliomac/garp-test/build/workspace_ros:/home/aliomac/garp-test/install/workspace_ros/lib/python3.12/site-packages:/home/aliomac/garp-test/build/workspace_nav:/home/aliomac/garp-test/install/workspace_nav/lib/python3.12/site-packages:/home/aliomac/vrx_ws/install/lib/python3.12/site-packages:/home/aliomac/thesis_USV_gazebo/build/ros_gz_bridge_custom:/home/aliomac/thesis_USV_gazebo/build/autopilot:/home/aliomac/thesis_USV_gazebo/install/lib/python3.12/site-packages:/opt/ros/jazzy/lib/python3.12/site-packages', 'COLCON': '1', 'MEMORY_PRESSURE_WRITE': 'c29tZSAyMDAwMDAgMjAwMDAwMAA=', 'VTE_VERSION': '7600', 'CMAKE_PREFIX_PATH': '/home/aliomac/garp-test/install/workspace_gz:/home/aliomac/vrx_ws/install:/home/aliomac/thesis_USV_gazebo/install:/opt/ros/jazzy/opt/gz_sim_vendor:/opt/ros/jazzy/opt/gz_sensors_vendor:/opt/ros/jazzy/opt/gz_physics_vendor:/opt/ros/jazzy/opt/sdformat_vendor:/opt/ros/jazzy/opt/gz_gui_vendor:/opt/ros/jazzy/opt/gz_transport_vendor:/opt/ros/jazzy/opt/gz_rendering_vendor:/opt/ros/jazzy/opt/gz_plugin_vendor:/opt/ros/jazzy/opt/gz_fuel_tools_vendor:/opt/ros/jazzy/opt/gz_msgs_vendor:/opt/ros/jazzy/opt/gz_common_vendor:/opt/ros/jazzy/opt/gz_math_vendor:/opt/ros/jazzy/opt/gz_utils_vendor:/opt/ros/jazzy/opt/gz_tools_vendor:/opt/ros/jazzy/opt/gz_ogre_next_vendor:/opt/ros/jazzy/opt/gz_dartsim_vendor:/opt/ros/jazzy/opt/gz_cmake_vendor'}, 'shell': False}
[4.614947] (-) TimerEvent: {}
[4.643817] (workspace_gz) StdoutLine: {'line': b'[ 37%] Built target PlacardPlugin\n'}
[4.702864] (workspace_gz) StdoutLine: {'line': b'[ 41%] Built target PublisherPlugin\n'}
[4.715076] (-) TimerEvent: {}
[4.769679] (workspace_gz) StdoutLine: {'line': b'[ 45%] Built target ScanDockScoringPlugin\n'}
[4.815281] (-) TimerEvent: {}
[4.832730] (workspace_gz) StdoutLine: {'line': b'[ 50%] Built target SimpleHydrodynamics\n'}
[4.893372] (workspace_gz) StdoutLine: {'line': b'[ 54%] Built target Surface\n'}
[4.915407] (-) TimerEvent: {}
[4.966250] (workspace_gz) StdoutLine: {'line': b'[ 58%] Built target USVWind\n'}
[5.016494] (-) TimerEvent: {}
[5.095412] (workspace_gz) StdoutLine: {'line': b'[ 62%] Built target WaveVisual\n'}
[5.120424] (-) TimerEvent: {}
[5.207880] (workspace_gz) StdoutLine: {'line': b'[ 66%] Built target WildlifeScoringPlugin\n'}
[5.220711] (-) TimerEvent: {}
[5.313758] (workspace_gz) StdoutLine: {'line': b'[ 70%] Built target BallShooterPlugin\n'}
[5.320903] (-) TimerEvent: {}
[5.401758] (workspace_gz) StdoutLine: {'line': b'[ 75%] Built target AcousticPingerPlugin\n'}
[5.420990] (-) TimerEvent: {}
[5.438834] (workspace_ros) StdoutLine: {'line': b'running egg_info\n'}
[5.495834] (workspace_gz) StdoutLine: {'line': b'[ 81%] Built target AcousticTrackingScoringPlugin\n'}
[5.506527] (workspace_ros) StdoutLine: {'line': b'writing ../build/workspace_ros/workspace_ros.egg-info/PKG-INFO\n'}
[5.507587] (workspace_ros) StdoutLine: {'line': b'writing dependency_links to ../build/workspace_ros/workspace_ros.egg-info/dependency_links.txt\n'}
[5.507939] (workspace_ros) StdoutLine: {'line': b'writing entry points to ../build/workspace_ros/workspace_ros.egg-info/entry_points.txt\n'}
[5.508555] (workspace_ros) StdoutLine: {'line': b'writing requirements to ../build/workspace_ros/workspace_ros.egg-info/requires.txt\n'}
[5.509085] (workspace_ros) StdoutLine: {'line': b'writing top-level names to ../build/workspace_ros/workspace_ros.egg-info/top_level.txt\n'}
[5.521552] (-) TimerEvent: {}
[5.560515] (workspace_nav) StdoutLine: {'line': b'running egg_info\n'}
[5.625528] (-) TimerEvent: {}
[5.688951] (workspace_gz) StdoutLine: {'line': b'[ 87%] Built target AcousticPerceptionScoringPlugin\n'}
[5.726418] (workspace_ros) StdoutLine: {'line': b"reading manifest file '../build/workspace_ros/workspace_ros.egg-info/SOURCES.txt'\n"}
[5.727685] (-) TimerEvent: {}
[5.732661] (workspace_ros) StdoutLine: {'line': b"writing manifest file '../build/workspace_ros/workspace_ros.egg-info/SOURCES.txt'\n"}
[5.733049] (workspace_nav) StdoutLine: {'line': b'writing ../build/workspace_nav/workspace_nav.egg-info/PKG-INFO\n'}
[5.733251] (workspace_ros) StdoutLine: {'line': b'running build\n'}
[5.733430] (workspace_ros) StdoutLine: {'line': b'running build_py\n'}
[5.733640] (workspace_nav) StdoutLine: {'line': b'writing dependency_links to ../build/workspace_nav/workspace_nav.egg-info/dependency_links.txt\n'}
[5.733829] (workspace_ros) StdoutLine: {'line': b'running install\n'}
[5.745588] (workspace_nav) StdoutLine: {'line': b'writing entry points to ../build/workspace_nav/workspace_nav.egg-info/entry_points.txt\n'}
[5.745898] (workspace_nav) StdoutLine: {'line': b'writing requirements to ../build/workspace_nav/workspace_nav.egg-info/requires.txt\n'}
[5.746076] (workspace_nav) StdoutLine: {'line': b'writing top-level names to ../build/workspace_nav/workspace_nav.egg-info/top_level.txt\n'}
[5.793553] (workspace_ros) StdoutLine: {'line': b'running install_lib\n'}
[5.815347] (workspace_gz) StdoutLine: {'line': b'[ 93%] Built target WayfindingScoringPlugin\n'}
[5.831546] (-) TimerEvent: {}
[5.885736] (workspace_nav) StdoutLine: {'line': b"reading manifest file '../build/workspace_nav/workspace_nav.egg-info/SOURCES.txt'\n"}
[5.888434] (workspace_nav) StdoutLine: {'line': b"writing manifest file '../build/workspace_nav/workspace_nav.egg-info/SOURCES.txt'\n"}
[5.889648] (workspace_nav) StdoutLine: {'line': b'running build\n'}
[5.890515] (workspace_nav) StdoutLine: {'line': b'running build_py\n'}
[5.891038] (workspace_nav) StdoutLine: {'line': b'copying scripts/parkour_navigation.py -> /home/aliomac/garp-test/build/workspace_nav/build/lib/scripts\n'}
[5.891902] (workspace_nav) StdoutLine: {'line': b'copying scripts/mola_parkur_aigasyon.py -> /home/aliomac/garp-test/build/workspace_nav/build/lib/scripts\n'}
[5.892679] (workspace_nav) StdoutLine: {'line': b'running install\n'}
[5.913700] (workspace_nav) StdoutLine: {'line': b'running install_lib\n'}
[5.931741] (-) TimerEvent: {}
[5.959132] (workspace_gz) StdoutLine: {'line': b'[100%] Built target StationkeepingScoringPlugin\n'}
[5.985118] (workspace_nav) StdoutLine: {'line': b'creating /home/aliomac/garp-test/install/workspace_nav/lib/python3.12/site-packages/scripts\n'}
[5.985851] (workspace_nav) StdoutLine: {'line': b'copying /home/aliomac/garp-test/build/workspace_nav/build/lib/scripts/parkour_navigation.py -> /home/aliomac/garp-test/install/workspace_nav/lib/python3.12/site-packages/scripts\n'}
[5.986550] (workspace_nav) StdoutLine: {'line': b'copying /home/aliomac/garp-test/build/workspace_nav/build/lib/scripts/__init__.py -> /home/aliomac/garp-test/install/workspace_nav/lib/python3.12/site-packages/scripts\n'}
[5.987096] (workspace_nav) StdoutLine: {'line': b'copying /home/aliomac/garp-test/build/workspace_nav/build/lib/scripts/mola_parkur_aigasyon.py -> /home/aliomac/garp-test/install/workspace_nav/lib/python3.12/site-packages/scripts\n'}
[5.988014] (workspace_ros) StdoutLine: {'line': b'creating /home/aliomac/garp-test/install/workspace_ros/lib/python3.12/site-packages/scripts\n'}
[5.988307] (workspace_ros) StdoutLine: {'line': b'copying /home/aliomac/garp-test/build/workspace_ros/build/lib/scripts/gps_covariance_repub.py -> /home/aliomac/garp-test/install/workspace_ros/lib/python3.12/site-packages/scripts\n'}
[5.988632] (workspace_ros) StdoutLine: {'line': b'copying /home/aliomac/garp-test/build/workspace_ros/build/lib/scripts/lidar_processor.py -> /home/aliomac/garp-test/install/workspace_ros/lib/python3.12/site-packages/scripts\n'}
[5.989036] (workspace_ros) StdoutLine: {'line': b'copying /home/aliomac/garp-test/build/workspace_ros/build/lib/scripts/wasd_teleop.py -> /home/aliomac/garp-test/install/workspace_ros/lib/python3.12/site-packages/scripts\n'}
[5.989434] (workspace_ros) StdoutLine: {'line': b'copying /home/aliomac/garp-test/build/workspace_ros/build/lib/scripts/imu_covariance_repub.py -> /home/aliomac/garp-test/install/workspace_ros/lib/python3.12/site-packages/scripts\n'}
[5.989797] (workspace_ros) StdoutLine: {'line': b'copying /home/aliomac/garp-test/build/workspace_ros/build/lib/scripts/__init__.py -> /home/aliomac/garp-test/install/workspace_ros/lib/python3.12/site-packages/scripts\n'}
[5.990310] (workspace_ros) StdoutLine: {'line': b'copying /home/aliomac/garp-test/build/workspace_ros/build/lib/scripts/converter.py -> /home/aliomac/garp-test/install/workspace_ros/lib/python3.12/site-packages/scripts\n'}
[5.993911] (workspace_ros) StdoutLine: {'line': b'copying /home/aliomac/garp-test/build/workspace_ros/build/lib/scripts/static_transform_publisher.py -> /home/aliomac/garp-test/install/workspace_ros/lib/python3.12/site-packages/scripts\n'}
[5.997350] (workspace_nav) StdoutLine: {'line': b'byte-compiling /home/aliomac/garp-test/install/workspace_nav/lib/python3.12/site-packages/scripts/parkour_navigation.py to parkour_navigation.cpython-312.pyc\n'}
[5.997824] (workspace_nav) StdoutLine: {'line': b'byte-compiling /home/aliomac/garp-test/install/workspace_nav/lib/python3.12/site-packages/scripts/__init__.py to __init__.cpython-312.pyc\n'}
[6.000291] (workspace_nav) StdoutLine: {'line': b'byte-compiling /home/aliomac/garp-test/install/workspace_nav/lib/python3.12/site-packages/scripts/mola_parkur_aigasyon.py to mola_parkur_aigasyon.cpython-312.pyc\n'}
[6.000807] (workspace_nav) StderrLine: {'line': b'  File "/home/aliomac/garp-test/install/workspace_nav/lib/python3.12/site-packages/scripts/parkour_navigation.py", line 263\n'}
[6.003389] (workspace_nav) StderrLine: {'line': b"    = '__main__':\n"}
[6.004175] (workspace_nav) StderrLine: {'line': b'    ^\n'}
[6.004574] (workspace_nav) StderrLine: {'line': b'SyntaxError: invalid syntax\n'}
[6.004949] (workspace_nav) StderrLine: {'line': b'\n'}
[6.007829] (workspace_ros) StdoutLine: {'line': b'byte-compiling /home/aliomac/garp-test/install/workspace_ros/lib/python3.12/site-packages/scripts/gps_covariance_repub.py to gps_covariance_repub.cpython-312.pyc\n'}
[6.008516] (workspace_nav) StdoutLine: {'line': b'running install_data\n'}
[6.008842] (workspace_nav) StdoutLine: {'line': b'copying resource/workspace_nav -> /home/aliomac/garp-test/install/workspace_nav/share/ament_index/resource_index/packages\n'}
[6.009120] (workspace_nav) StdoutLine: {'line': b'copying package.xml -> /home/aliomac/garp-test/install/workspace_nav/share/workspace_nav\n'}
[6.009421] (workspace_nav) StdoutLine: {'line': b'copying config/map.yaml -> /home/aliomac/garp-test/install/workspace_nav/share/workspace_nav/config\n'}
[6.009697] (workspace_nav) StdoutLine: {'line': b'copying config/parkour_nav.yaml -> /home/aliomac/garp-test/install/workspace_nav/share/workspace_nav/config\n'}
[6.010000] (workspace_nav) StdoutLine: {'line': b'copying config/nav2_params.yaml -> /home/aliomac/garp-test/install/workspace_nav/share/workspace_nav/config\n'}
[6.010560] (workspace_nav) StdoutLine: {'line': b'copying launch/nav2.launch.py -> /home/aliomac/garp-test/install/workspace_nav/share/workspace_nav/launch\n'}
[6.011119] (workspace_nav) StdoutLine: {'line': b'copying launch/parkour_nav.launch.py -> /home/aliomac/garp-test/install/workspace_nav/share/workspace_nav/launch\n'}
[6.011736] (workspace_nav) StdoutLine: {'line': b'copying scripts/parkour_navigation.py -> /home/aliomac/garp-test/install/workspace_nav/share/workspace_nav/scripts\n'}
[6.013067] (workspace_nav) StdoutLine: {'line': b'copying scripts/__init__.py -> /home/aliomac/garp-test/install/workspace_nav/share/workspace_nav/scripts\n'}
[6.013248] (workspace_nav) StdoutLine: {'line': b'copying scripts/mola_parkur_aigasyon.py -> /home/aliomac/garp-test/install/workspace_nav/share/workspace_nav/scripts\n'}
[6.013413] (workspace_nav) StdoutLine: {'line': b'copying map/map.pgm -> /home/aliomac/garp-test/install/workspace_nav/share/workspace_nav/map\n'}
[6.016558] (workspace_nav) StdoutLine: {'line': b'running install_egg_info\n'}
[6.016841] (workspace_gz) CommandEnded: {'returncode': 0}
[6.017417] (workspace_ros) StdoutLine: {'line': b'byte-compiling /home/aliomac/garp-test/install/workspace_ros/lib/python3.12/site-packages/scripts/lidar_processor.py to lidar_processor.cpython-312.pyc\n'}
[6.017644] (workspace_gz) JobProgress: {'identifier': 'workspace_gz', 'progress': 'install'}
[6.033522] (workspace_ros) StdoutLine: {'line': b'byte-compiling /home/aliomac/garp-test/install/workspace_ros/lib/python3.12/site-packages/scripts/wasd_teleop.py to wasd_teleop.cpython-312.pyc\n'}
[6.033985] (-) TimerEvent: {}
[6.037625] (workspace_ros) StdoutLine: {'line': b'byte-compiling /home/aliomac/garp-test/install/workspace_ros/lib/python3.12/site-packages/scripts/imu_covariance_repub.py to imu_covariance_repub.cpython-312.pyc\n'}
[6.043239] (workspace_ros) StdoutLine: {'line': b'byte-compiling /home/aliomac/garp-test/install/workspace_ros/lib/python3.12/site-packages/scripts/__init__.py to __init__.cpython-312.pyc\n'}
[6.043623] (workspace_ros) StdoutLine: {'line': b'byte-compiling /home/aliomac/garp-test/install/workspace_ros/lib/python3.12/site-packages/scripts/converter.py to converter.cpython-312.pyc\n'}
[6.045261] (workspace_ros) StdoutLine: {'line': b'byte-compiling /home/aliomac/garp-test/install/workspace_ros/lib/python3.12/site-packages/scripts/static_transform_publisher.py to static_transform_publisher.cpython-312.pyc\n'}
[6.058175] (workspace_ros) StdoutLine: {'line': b'running install_data\n'}
[6.058685] (workspace_ros) StdoutLine: {'line': b'copying resource/workspace_ros -> /home/aliomac/garp-test/install/workspace_ros/share/ament_index/resource_index/packages\n'}
[6.061936] (workspace_ros) StdoutLine: {'line': b'copying package.xml -> /home/aliomac/garp-test/install/workspace_ros/share/workspace_ros\n'}
[6.062456] (workspace_ros) StdoutLine: {'line': b'copying config/ekf.yaml -> /home/aliomac/garp-test/install/workspace_ros/share/workspace_ros/config\n'}
[6.072588] (workspace_ros) StdoutLine: {'line': b'copying config/kiss_icp.yaml -> /home/aliomac/garp-test/install/workspace_ros/share/workspace_ros/config\n'}
[6.072883] (workspace_ros) StdoutLine: {'line': b'copying config/lidar_filter.yaml -> /home/aliomac/garp-test/install/workspace_ros/share/workspace_ros/config\n'}
[6.073043] (workspace_gz) Command: {'cmd': ['/usr/bin/cmake', '--install', '/home/aliomac/garp-test/build/workspace_gz'], 'cwd': '/home/aliomac/garp-test/build/workspace_gz', 'env': OrderedDict({'GZ_SIM_SYSTEM_PLUGIN_PATH': '/home/aliomac/vrx_ws/install/lib', 'GJS_DEBUG_TOPICS': 'JS ERROR;JS LOG', 'XDG_ACTIVATION_TOKEN': 'gnome-shell/Terminator/2481-1-aliomac-Nitro-AN515-55_TIME693242', 'LESSOPEN': '| /usr/bin/lesspipe %s', 'GZ_SIM_RESOURCE_PATH': '/home/aliomac/vrx_ws/install/share/vrx_gz/models/tmp:/home/aliomac/vrx_ws/install/share/vrx_gz/models:/home/aliomac/vrx_ws/install/share/vrx_gz/worlds/2023_phase2:/home/aliomac/vrx_ws/install/share/vrx_gz/worlds/2023_practice:/home/aliomac/vrx_ws/install/share/vrx_gz/worlds:/home/aliomac/vrx_ws/install/share/wamv_description/models:/home/aliomac/vrx_ws/install/share/vrx_gazebo/models:/home/aliomac/vrx_ws/install/share/:/opt/ros/jazzy/share', 'USER': 'aliomac', 'GZ_CONFIG_PATH': '/opt/ros/jazzy/opt/gz_sim_vendor/share/gz:/opt/ros/jazzy/opt/sdformat_vendor/share/gz:/opt/ros/jazzy/opt/gz_gui_vendor/share/gz:/opt/ros/jazzy/opt/gz_transport_vendor/share/gz:/opt/ros/jazzy/opt/gz_rendering_vendor/share/gz:/opt/ros/jazzy/opt/gz_plugin_vendor/share/gz:/opt/ros/jazzy/opt/gz_fuel_tools_vendor/share/gz:/opt/ros/jazzy/opt/gz_msgs_vendor/share/gz:/opt/ros/jazzy/opt/gz_common_vendor/share/gz', 'XDG_SESSION_TYPE': 'wayland', 'CLUTTER_DISABLE_MIPMAPPED_TEXT': '1', 'SHLVL': '1', 'LD_LIBRARY_PATH': '/home/aliomac/garp-test/install/workspace_gz/lib:/home/aliomac/vrx_ws/install/lib:/home/aliomac/thesis_USV_gazebo/install/lib:/opt/ros/jazzy/opt/gz_sim_vendor/lib:/opt/ros/jazzy/opt/gz_sensors_vendor/lib:/opt/ros/jazzy/opt/gz_physics_vendor/lib:/opt/ros/jazzy/opt/sdformat_vendor/lib:/opt/ros/jazzy/opt/rviz_ogre_vendor/lib:/opt/ros/jazzy/lib/x86_64-linux-gnu:/opt/ros/jazzy/opt/gz_gui_vendor/lib:/opt/ros/jazzy/opt/gz_transport_vendor/lib:/opt/ros/jazzy/opt/gz_rendering_vendor/lib:/opt/ros/jazzy/opt/gz_plugin_vendor/lib:/opt/ros/jazzy/opt/gz_fuel_tools_vendor/lib:/opt/ros/jazzy/opt/gz_msgs_vendor/lib:/opt/ros/jazzy/opt/gz_common_vendor/lib:/opt/ros/jazzy/opt/gz_math_vendor/lib:/opt/ros/jazzy/opt/gz_utils_vendor/lib:/opt/ros/jazzy/opt/gz_tools_vendor/lib:/opt/ros/jazzy/opt/gz_ogre_next_vendor/lib:/opt/ros/jazzy/opt/gz_dartsim_vendor/lib:/opt/ros/jazzy/opt/gz_cmake_vendor/lib:/opt/ros/jazzy/lib', 'HOME': '/home/aliomac', 'OLDPWD': '/home/aliomac', 'DESKTOP_SESSION': 'ubuntu', 'GIO_LAUNCHED_DESKTOP_FILE': '/usr/share/applications/terminator.desktop', 'ROS_PYTHON_VERSION': '3', 'GNOME_SHELL_SESSION_MODE': 'ubuntu', 'GTK_MODULES': 'gail:atk-bridge', 'MANAGERPID': '2198', 'SYSTEMD_EXEC_PID': '2481', 'GSM_SKIP_SSH_AGENT_WORKAROUND': 'true', 'DBUS_SESSION_BUS_ADDRESS': 'unix:path=/run/user/1000/bus', 'COLORTERM': 'truecolor', 'TERMINATOR_DBUS_NAME': 'net.tenshu.Terminator25ef4b219e3b005583550f2b0f9f990c3', 'GIO_LAUNCHED_DESKTOP_FILE_PID': '7984', 'DEBUGINFOD_URLS': 'https://debuginfod.ubuntu.com', 'IM_CONFIG_PHASE': '1', 'WAYLAND_DISPLAY': 'wayland-0', 'COLCON_PREFIX_PATH': '/home/aliomac/garp-test/install:/home/aliomac/vrx_ws/install:/home/aliomac/thesis_USV_gazebo/install', 'ROS_DISTRO': 'jazzy', 'LOGNAME': 'aliomac', 'JOURNAL_STREAM': '9:20790', '_': '/usr/bin/colcon', 'ROS_VERSION': '2', 'MEMORY_PRESSURE_WATCH': '/sys/fs/cgroup/user.slice/user-1000.slice/user@1000.service/session.slice/org.gnome.Shell@wayland.service/memory.pressure', 'XDG_SESSION_CLASS': 'user', 'USERNAME': 'aliomac', 'TERM': 'xterm-256color', 'GNOME_DESKTOP_SESSION_ID': 'this-is-deprecated', 'PATH': '/home/aliomac/.opencode/bin:/home/aliomac/.local/bin:/opt/ros/jazzy/opt/gz_msgs_vendor/bin:/opt/ros/jazzy/opt/gz_tools_vendor/bin:/opt/ros/jazzy/opt/gz_ogre_next_vendor/bin:/opt/ros/jazzy/bin:/home/aliomac/.local/bin:/usr/local/sbin:/usr/local/bin:/usr/sbin:/usr/bin:/sbin:/bin:/usr/games:/usr/local/games:/snap/bin:/snap/bin', 'SESSION_MANAGER': 'local/aliomac-Nitro-AN515-55:@/tmp/.ICE-unix/2442,unix/aliomac-Nitro-AN515-55:/tmp/.ICE-unix/2442', 'INVOCATION_ID': '9615740d914f443fadb2fde0e12e93b1', 'XDG_MENU_PREFIX': 'gnome-', 'GNOME_SETUP_DISPLAY': ':1', 'XDG_RUNTIME_DIR': '/run/user/1000', 'DISPLAY': ':0', 'TERMINATOR_DBUS_PATH': '/net/tenshu/Terminator2', 'LANG': 'en_US.UTF-8', 'XDG_CURRENT_DESKTOP': 'ubuntu:GNOME', 'XMODIFIERS': '@im=ibus', 'XDG_SESSION_DESKTOP': 'ubuntu', 'XAUTHORITY': '/run/user/1000/.mutter-Xwaylandauth.7RB4J3', 'LS_COLORS': 'rs=0:di=01;34:ln=01;36:mh=00:pi=40;33:so=01;35:do=01;35:bd=40;33;01:cd=40;33;01:or=40;31;01:mi=00:su=37;41:sg=30;43:ca=00:tw=30;42:ow=34;42:st=37;44:ex=01;32:*.tar=01;31:*.tgz=01;31:*.arc=01;31:*.arj=01;31:*.taz=01;31:*.lha=01;31:*.lz4=01;31:*.lzh=01;31:*.lzma=01;31:*.tlz=01;31:*.txz=01;31:*.tzo=01;31:*.t7z=01;31:*.zip=01;31:*.z=01;31:*.dz=01;31:*.gz=01;31:*.lrz=01;31:*.lz=01;31:*.lzo=01;31:*.xz=01;31:*.zst=01;31:*.tzst=01;31:*.bz2=01;31:*.bz=01;31:*.tbz=01;31:*.tbz2=01;31:*.tz=01;31:*.deb=01;31:*.rpm=01;31:*.jar=01;31:*.war=01;31:*.ear=01;31:*.sar=01;31:*.rar=01;31:*.alz=01;31:*.ace=01;31:*.zoo=01;31:*.cpio=01;31:*.7z=01;31:*.rz=01;31:*.cab=01;31:*.wim=01;31:*.swm=01;31:*.dwm=01;31:*.esd=01;31:*.avif=01;35:*.jpg=01;35:*.jpeg=01;35:*.mjpg=01;35:*.mjpeg=01;35:*.gif=01;35:*.bmp=01;35:*.pbm=01;35:*.pgm=01;35:*.ppm=01;35:*.tga=01;35:*.xbm=01;35:*.xpm=01;35:*.tif=01;35:*.tiff=01;35:*.png=01;35:*.svg=01;35:*.svgz=01;35:*.mng=01;35:*.pcx=01;35:*.mov=01;35:*.mpg=01;35:*.mpeg=01;35:*.m2v=01;35:*.mkv=01;35:*.webm=01;35:*.webp=01;35:*.ogm=01;35:*.mp4=01;35:*.m4v=01;35:*.mp4v=01;35:*.vob=01;35:*.qt=01;35:*.nuv=01;35:*.wmv=01;35:*.asf=01;35:*.rm=01;35:*.rmvb=01;35:*.flc=01;35:*.avi=01;35:*.fli=01;35:*.flv=01;35:*.gl=01;35:*.dl=01;35:*.xcf=01;35:*.xwd=01;35:*.yuv=01;35:*.cgm=01;35:*.emf=01;35:*.ogv=01;35:*.ogx=01;35:*.aac=00;36:*.au=00;36:*.flac=00;36:*.m4a=00;36:*.mid=00;36:*.midi=00;36:*.mka=00;36:*.mp3=00;36:*.mpc=00;36:*.ogg=00;36:*.ra=00;36:*.wav=00;36:*.oga=00;36:*.opus=00;36:*.spx=00;36:*.xspf=00;36:*~=00;90:*#=00;90:*.bak=00;90:*.crdownload=00;90:*.dpkg-dist=00;90:*.dpkg-new=00;90:*.dpkg-old=00;90:*.dpkg-tmp=00;90:*.old=00;90:*.orig=00;90:*.part=00;90:*.rej=00;90:*.rpmnew=00;90:*.rpmorig=00;90:*.rpmsave=00;90:*.swp=00;90:*.tmp=00;90:*.ucf-dist=00;90:*.ucf-new=00;90:*.ucf-old=00;90:', 'SSH_AUTH_SOCK': '/run/user/1000/keyring/ssh', 'AMENT_PREFIX_PATH': '/home/aliomac/garp-test/install/workspace_ros:/home/aliomac/garp-test/install/workspace_nav:/home/aliomac/garp-test/install/workspace_gz:/home/aliomac/vrx_ws/install:/home/aliomac/thesis_USV_gazebo/install:/opt/ros/jazzy', 'SHELL': '/bin/bash', 'TERMINATOR_UUID': 'urn:uuid:3a556479-da8d-4c0a-83d8-49c231a78392', 'QT_ACCESSIBILITY': '1', 'GDMSESSION': 'ubuntu', 'LESSCLOSE': '/usr/bin/lesspipe %s %s', 'GJS_DEBUG_OUTPUT': 'stderr', 'ROS_AUTOMATIC_DISCOVERY_RANGE': 'SUBNET', 'QT_IM_MODULE': 'ibus', 'PWD': '/home/aliomac/garp-test/build/workspace_gz', 'LC_ALL': 'en_US.UTF-8', 'XDG_CONFIG_DIRS': '/etc/xdg/xdg-ubuntu:/etc/xdg', 'XDG_DATA_DIRS': '/usr/share/ubuntu:/usr/share/gnome:/usr/local/share/:/usr/share/:/var/lib/snapd/desktop', 'PYTHONPATH': '/home/aliomac/garp-test/build/workspace_ros:/home/aliomac/garp-test/install/workspace_ros/lib/python3.12/site-packages:/home/aliomac/garp-test/build/workspace_nav:/home/aliomac/garp-test/install/workspace_nav/lib/python3.12/site-packages:/home/aliomac/vrx_ws/install/lib/python3.12/site-packages:/home/aliomac/thesis_USV_gazebo/build/ros_gz_bridge_custom:/home/aliomac/thesis_USV_gazebo/build/autopilot:/home/aliomac/thesis_USV_gazebo/install/lib/python3.12/site-packages:/opt/ros/jazzy/lib/python3.12/site-packages', 'COLCON': '1', 'MEMORY_PRESSURE_WRITE': 'c29tZSAyMDAwMDAgMjAwMDAwMAA=', 'VTE_VERSION': '7600', 'CMAKE_PREFIX_PATH': '/home/aliomac/garp-test/install/workspace_gz:/home/aliomac/vrx_ws/install:/home/aliomac/thesis_USV_gazebo/install:/opt/ros/jazzy/opt/gz_sim_vendor:/opt/ros/jazzy/opt/gz_sensors_vendor:/opt/ros/jazzy/opt/gz_physics_vendor:/opt/ros/jazzy/opt/sdformat_vendor:/opt/ros/jazzy/opt/gz_gui_vendor:/opt/ros/jazzy/opt/gz_transport_vendor:/opt/ros/jazzy/opt/gz_rendering_vendor:/opt/ros/jazzy/opt/gz_plugin_vendor:/opt/ros/jazzy/opt/gz_fuel_tools_vendor:/opt/ros/jazzy/opt/gz_msgs_vendor:/opt/ros/jazzy/opt/gz_common_vendor:/opt/ros/jazzy/opt/gz_math_vendor:/opt/ros/jazzy/opt/gz_utils_vendor:/opt/ros/jazzy/opt/gz_tools_vendor:/opt/ros/jazzy/opt/gz_ogre_next_vendor:/opt/ros/jazzy/opt/gz_dartsim_vendor:/opt/ros/jazzy/opt/gz_cmake_vendor:/home/aliomac/garp-test/install/workspace_ros:/home/aliomac/garp-test/install/workspace_nav:/opt/ros/jazzy'}), 'shell': False}
[6.075978] (workspace_ros) StdoutLine: {'line': b'copying config/static_transform.yaml -> /home/aliomac/garp-test/install/workspace_ros/share/workspace_ros/config\n'}
[6.076422] (workspace_ros) StdoutLine: {'line': b'copying config/lidar_rviz.rviz -> /home/aliomac/garp-test/install/workspace_ros/share/workspace_ros/config\n'}
[6.076699] (workspace_ros) StdoutLine: {'line': b'copying config/navsat.yaml -> /home/aliomac/garp-test/install/workspace_ros/share/workspace_ros/config\n'}
[6.076940] (workspace_ros) StdoutLine: {'line': b'copying launch/localization.launch.py -> /home/aliomac/garp-test/install/workspace_ros/share/workspace_ros/launch\n'}
[6.077244] (workspace_ros) StdoutLine: {'line': b'copying launch/mola_slam.launch.py -> /home/aliomac/garp-test/install/workspace_ros/share/workspace_ros/launch\n'}
[6.077461] (workspace_ros) StdoutLine: {'line': b'copying launch/lidar_filter.launch.py -> /home/aliomac/garp-test/install/workspace_ros/share/workspace_ros/launch\n'}
[6.077714] (workspace_ros) StdoutLine: {'line': b'copying launch/kiss_icp.launch.py -> /home/aliomac/garp-test/install/workspace_ros/share/workspace_ros/launch\n'}
[6.078191] (workspace_ros) StdoutLine: {'line': b'copying scripts/gps_covariance_repub.py -> /home/aliomac/garp-test/install/workspace_ros/share/workspace_ros/scripts\n'}
[6.078635] (workspace_ros) StdoutLine: {'line': b'copying scripts/lidar_processor.py -> /home/aliomac/garp-test/install/workspace_ros/share/workspace_ros/scripts\n'}
[6.078810] (workspace_ros) StdoutLine: {'line': b'copying scripts/wasd_teleop.py -> /home/aliomac/garp-test/install/workspace_ros/share/workspace_ros/scripts\n'}
[6.078980] (workspace_ros) StdoutLine: {'line': b'copying scripts/imu_covariance_repub.py -> /home/aliomac/garp-test/install/workspace_ros/share/workspace_ros/scripts\n'}
[6.079141] (workspace_ros) StdoutLine: {'line': b'copying scripts/__init__.py -> /home/aliomac/garp-test/install/workspace_ros/share/workspace_ros/scripts\n'}
[6.086909] (workspace_nav) StdoutLine: {'line': b'Copying ../build/workspace_nav/workspace_nav.egg-info to /home/aliomac/garp-test/install/workspace_nav/lib/python3.12/site-packages/workspace_nav-0.0.0-py3.12.egg-info\n'}
[6.087662] (workspace_ros) StdoutLine: {'line': b'copying scripts/converter.py -> /home/aliomac/garp-test/install/workspace_ros/share/workspace_ros/scripts\n'}
[6.088334] (workspace_ros) StdoutLine: {'line': b'copying scripts/static_transform_publisher.py -> /home/aliomac/garp-test/install/workspace_ros/share/workspace_ros/scripts\n'}
[6.088738] (workspace_ros) StdoutLine: {'line': b'copying YOLOv11/YOLOv11.pt -> /home/aliomac/garp-test/install/workspace_ros/share/workspace_ros/YOLOv11\n'}
[6.091528] (workspace_nav) StdoutLine: {'line': b'running install_scripts\n'}
[6.142640] (workspace_gz) StdoutLine: {'line': b'-- Install configuration: ""\n'}
[6.143037] (-) TimerEvent: {}
[6.143403] (workspace_gz) StdoutLine: {'line': b'-- Execute custom install script\n'}
[6.144675] (workspace_gz) StdoutLine: {'line': b'-- Up-to-date symlink: /home/aliomac/garp-test/install/workspace_gz/lib/libWaves.so\n'}
[6.145963] (workspace_gz) StdoutLine: {'line': b'-- Up-to-date symlink: /home/aliomac/garp-test/install/workspace_gz/lib/libPolyhedraBuoyancyDrag.so\n'}
[6.149344] (workspace_gz) StdoutLine: {'line': b'-- Up-to-date symlink: /home/aliomac/garp-test/install/workspace_gz/lib/libScoringPlugin.so\n'}
[6.156517] (workspace_gz) StdoutLine: {'line': b'-- Up-to-date symlink: /home/aliomac/garp-test/install/workspace_gz/lib/libStationkeepingScoringPlugin.so\n'}
[6.156868] (workspace_gz) StdoutLine: {'line': b'-- Up-to-date symlink: /home/aliomac/garp-test/install/workspace_gz/lib/libWayfindingScoringPlugin.so\n'}
[6.157078] (workspace_gz) StdoutLine: {'line': b'-- Up-to-date symlink: /home/aliomac/garp-test/install/workspace_gz/lib/libAcousticPerceptionScoringPlugin.so\n'}
[6.157244] (workspace_gz) StdoutLine: {'line': b'-- Up-to-date symlink: /home/aliomac/garp-test/install/workspace_gz/lib/libAcousticTrackingScoringPlugin.so\n'}
[6.159533] (workspace_gz) StdoutLine: {'line': b'-- Up-to-date symlink: /home/aliomac/garp-test/install/workspace_gz/lib/libAcousticPingerPlugin.so\n'}
[6.159844] (workspace_gz) StdoutLine: {'line': b'-- Up-to-date symlink: /home/aliomac/garp-test/install/workspace_gz/lib/libBallShooterPlugin.so\n'}
[6.160187] (workspace_gz) StdoutLine: {'line': b'-- Up-to-date symlink: /home/aliomac/garp-test/install/workspace_gz/lib/libLightBuoyPlugin.so\n'}
[6.162078] (workspace_gz) StdoutLine: {'line': b'-- Up-to-date symlink: /home/aliomac/garp-test/install/workspace_gz/lib/libNavigationScoringPlugin.so\n'}
[6.168069] (workspace_ros) StdoutLine: {'line': b'running install_egg_info\n'}
[6.168332] (workspace_gz) StdoutLine: {'line': b'-- Up-to-date symlink: /home/aliomac/garp-test/install/workspace_gz/lib/libGymkhanaScoringPlugin.so\n'}
[6.168528] (workspace_gz) StdoutLine: {'line': b'-- Up-to-date symlink: /home/aliomac/garp-test/install/workspace_gz/lib/libPerceptionScoringPlugin.so\n'}
[6.168694] (workspace_gz) StdoutLine: {'line': b'-- Up-to-date symlink: /home/aliomac/garp-test/install/workspace_gz/lib/libPlacardPlugin.so\n'}
[6.169384] (workspace_gz) StdoutLine: {'line': b'-- Up-to-date symlink: /home/aliomac/garp-test/install/workspace_gz/lib/libPublisherPlugin.so\n'}
[6.170086] (workspace_gz) StdoutLine: {'line': b'-- Up-to-date symlink: /home/aliomac/garp-test/install/workspace_gz/lib/libScanDockScoringPlugin.so\n'}
[6.178699] (workspace_gz) StdoutLine: {'line': b'-- Up-to-date symlink: /home/aliomac/garp-test/install/workspace_gz/lib/libSimpleHydrodynamics.so\n'}
[6.180237] (workspace_gz) StdoutLine: {'line': b'-- Up-to-date symlink: /home/aliomac/garp-test/install/workspace_gz/lib/libSurface.so\n'}
[6.180490] (workspace_gz) StdoutLine: {'line': b'-- Up-to-date symlink: /home/aliomac/garp-test/install/workspace_gz/lib/libUSVWind.so\n'}
[6.180667] (workspace_gz) StdoutLine: {'line': b'-- Up-to-date symlink: /home/aliomac/garp-test/install/workspace_gz/lib/libWaveVisual.so\n'}
[6.183954] (workspace_gz) StdoutLine: {'line': b'-- Up-to-date symlink: /home/aliomac/garp-test/install/workspace_gz/lib/libWildlifeScoringPlugin.so\n'}
[6.184388] (workspace_gz) StdoutLine: {'line': b'-- Up-to-date symlink: /home/aliomac/garp-test/install/workspace_gz/share/workspace_gz//description/roboboat/roboboat.xacro\n'}
[6.195939] (workspace_gz) StdoutLine: {'line': b'-- Up-to-date symlink: /home/aliomac/garp-test/install/workspace_gz/share/workspace_gz//launch/simulation.launch.py\n'}
[6.200617] (workspace_gz) StdoutLine: {'line': b'-- Up-to-date symlink: /home/aliomac/garp-test/install/workspace_gz/share/workspace_gz//models/buoys/marker_buoy_black/materials/textures/MarkerBuoy_Base_Color.png\n'}
[6.202455] (workspace_gz) StdoutLine: {'line': b'-- Up-to-date symlink: /home/aliomac/garp-test/install/workspace_gz/share/workspace_gz//models/buoys/marker_buoy_black/materials/textures/MarkerBuoy_Roughness.png\n'}
[6.212539] (workspace_gz) StdoutLine: {'line': b'-- Up-to-date symlink: /home/aliomac/garp-test/install/workspace_gz/share/workspace_gz//models/buoys/marker_buoy_black/meshes/marker_buoy.dae\n'}
[6.212881] (workspace_gz) StdoutLine: {'line': b'-- Up-to-date symlink: /home/aliomac/garp-test/install/workspace_gz/share/workspace_gz//models/buoys/marker_buoy_black/model.config\n'}
[6.213080] (workspace_gz) StdoutLine: {'line': b'-- Up-to-date symlink: /home/aliomac/garp-test/install/workspace_gz/share/workspace_gz//models/buoys/marker_buoy_black/model.sdf\n'}
[6.213236] (workspace_gz) StdoutLine: {'line': b'-- Up-to-date symlink: /home/aliomac/garp-test/install/workspace_gz/share/workspace_gz//models/buoys/marker_buoy_green/materials/textures/MarkerBuoy_Base_Color.png\n'}
[6.213389] (workspace_gz) StdoutLine: {'line': b'-- Up-to-date symlink: /home/aliomac/garp-test/install/workspace_gz/share/workspace_gz//models/buoys/marker_buoy_green/materials/textures/MarkerBuoy_Roughness.png\n'}
[6.213556] (workspace_gz) StdoutLine: {'line': b'-- Up-to-date symlink: /home/aliomac/garp-test/install/workspace_gz/share/workspace_gz//models/buoys/marker_buoy_green/meshes/marker_buoy.dae\n'}
[6.215071] (workspace_gz) StdoutLine: {'line': b'-- Up-to-date symlink: /home/aliomac/garp-test/install/workspace_gz/share/workspace_gz//models/buoys/marker_buoy_green/model.config\n'}
[6.215294] (workspace_gz) StdoutLine: {'line': b'-- Up-to-date symlink: /home/aliomac/garp-test/install/workspace_gz/share/workspace_gz//models/buoys/marker_buoy_green/model.sdf\n'}
[6.215439] (workspace_gz) StdoutLine: {'line': b'-- Up-to-date symlink: /home/aliomac/garp-test/install/workspace_gz/share/workspace_gz//models/buoys/marker_buoy_orange/materials/textures/MarkerBuoy_Base_Color.png\n'}
[6.215594] (workspace_gz) StdoutLine: {'line': b'-- Up-to-date symlink: /home/aliomac/garp-test/install/workspace_gz/share/workspace_gz//models/buoys/marker_buoy_orange/materials/textures/MarkerBuoy_Roughness.png\n'}
[6.216309] (workspace_gz) StdoutLine: {'line': b'-- Up-to-date symlink: /home/aliomac/garp-test/install/workspace_gz/share/workspace_gz//models/buoys/marker_buoy_orange/meshes/marker_buoy.dae\n'}
[6.216507] (workspace_gz) StdoutLine: {'line': b'-- Up-to-date symlink: /home/aliomac/garp-test/install/workspace_gz/share/workspace_gz//models/buoys/marker_buoy_orange/model.config\n'}
[6.216721] (workspace_gz) StdoutLine: {'line': b'-- Up-to-date symlink: /home/aliomac/garp-test/install/workspace_gz/share/workspace_gz//models/buoys/marker_buoy_orange/model.sdf\n'}
[6.217211] (workspace_gz) StdoutLine: {'line': b'-- Up-to-date symlink: /home/aliomac/garp-test/install/workspace_gz/share/workspace_gz//models/buoys/marker_buoy_red/materials/textures/MarkerBuoy_Base_Color.png\n'}
[6.223114] (workspace_gz) StdoutLine: {'line': b'-- Up-to-date symlink: /home/aliomac/garp-test/install/workspace_gz/share/workspace_gz//models/buoys/marker_buoy_red/materials/textures/MarkerBuoy_Roughness.png\n'}
[6.223376] (workspace_gz) StdoutLine: {'line': b'-- Up-to-date symlink: /home/aliomac/garp-test/install/workspace_gz/share/workspace_gz//models/buoys/marker_buoy_red/meshes/marker_buoy.dae\n'}
[6.224098] (workspace_gz) StdoutLine: {'line': b'-- Up-to-date symlink: /home/aliomac/garp-test/install/workspace_gz/share/workspace_gz//models/buoys/marker_buoy_red/model.config\n'}
[6.224359] (workspace_gz) StdoutLine: {'line': b'-- Up-to-date symlink: /home/aliomac/garp-test/install/workspace_gz/share/workspace_gz//models/buoys/marker_buoy_red/model.sdf\n'}
[6.225255] (workspace_gz) StdoutLine: {'line': b'-- Up-to-date symlink: /home/aliomac/garp-test/install/workspace_gz/share/workspace_gz//models/buoys/marker_buoy_yellow/materials/textures/MarkerBuoy_Base_Color.png\n'}
[6.234332] (workspace_gz) StdoutLine: {'line': b'-- Up-to-date symlink: /home/aliomac/garp-test/install/workspace_gz/share/workspace_gz//models/buoys/marker_buoy_yellow/materials/textures/MarkerBuoy_Roughness.png\n'}
[6.234621] (workspace_gz) StdoutLine: {'line': b'-- Up-to-date symlink: /home/aliomac/garp-test/install/workspace_gz/share/workspace_gz//models/buoys/marker_buoy_yellow/meshes/marker_buoy.dae\n'}
[6.234787] (workspace_gz) StdoutLine: {'line': b'-- Up-to-date symlink: /home/aliomac/garp-test/install/workspace_gz/share/workspace_gz//models/buoys/marker_buoy_yellow/model.config\n'}
[6.234940] (workspace_gz) StdoutLine: {'line': b'-- Up-to-date symlink: /home/aliomac/garp-test/install/workspace_gz/share/workspace_gz//models/buoys/marker_buoy_yellow/model.sdf\n'}
[6.235115] (workspace_gz) StdoutLine: {'line': b'-- Up-to-date symlink: /home/aliomac/garp-test/install/workspace_gz/share/workspace_gz//models/buoys/round_buoy_orange/materials/textures/RoundBarrierBuoy_Base_Color.png\n'}
[6.237355] (workspace_gz) StdoutLine: {'line': b'-- Up-to-date symlink: /home/aliomac/garp-test/install/workspace_gz/share/workspace_gz//models/buoys/round_buoy_orange/materials/textures/RoundBarrierBuoy_Roughness.png\n'}
[6.237578] (workspace_gz) StdoutLine: {'line': b'-- Up-to-date symlink: /home/aliomac/garp-test/install/workspace_gz/share/workspace_gz//models/buoys/round_buoy_orange/meshes/round_buoy.dae\n'}
[6.242511] (workspace_gz) StdoutLine: {'line': b'-- Up-to-date symlink: /home/aliomac/garp-test/install/workspace_gz/share/workspace_gz//models/buoys/round_buoy_orange/model.config\n'}
[6.242780] (workspace_gz) StdoutLine: {'line': b'-- Up-to-date symlink: /home/aliomac/garp-test/install/workspace_gz/share/workspace_gz//models/buoys/round_buoy_orange/model.sdf\n'}
[6.244958] (-) TimerEvent: {}
[6.246329] (workspace_gz) StdoutLine: {'line': b'-- Up-to-date symlink: /home/aliomac/garp-test/install/workspace_gz/share/workspace_gz//models/roboboat/materials/textures/roboboat_albedo.png\n'}
[6.248149] (workspace_gz) StdoutLine: {'line': b'-- Up-to-date symlink: /home/aliomac/garp-test/install/workspace_gz/share/workspace_gz//models/roboboat/materials/textures/roboboat_metalness.png\n'}
[6.250375] (workspace_gz) StdoutLine: {'line': b'-- Up-to-date symlink: /home/aliomac/garp-test/install/workspace_gz/share/workspace_gz//models/roboboat/materials/textures/roboboat_normal.png\n'}
[6.252173] (workspace_gz) StdoutLine: {'line': b'-- Up-to-date symlink: /home/aliomac/garp-test/install/workspace_gz/share/workspace_gz//models/roboboat/materials/textures/roboboat_roughness.png\n'}
[6.255757] (workspace_gz) StdoutLine: {'line': b'-- Up-to-date symlink: /home/aliomac/garp-test/install/workspace_gz/share/workspace_gz//models/roboboat/materials/textures/thruster_albedo.png\n'}
[6.258316] (workspace_gz) StdoutLine: {'line': b'-- Up-to-date symlink: /home/aliomac/garp-test/install/workspace_gz/share/workspace_gz//models/roboboat/materials/textures/thruster_roughness.png\n'}
[6.258602] (workspace_gz) StdoutLine: {'line': b'-- Up-to-date symlink: /home/aliomac/garp-test/install/workspace_gz/share/workspace_gz//models/roboboat/meshes/housing.dae\n'}
[6.258778] (workspace_gz) StdoutLine: {'line': b'-- Up-to-date symlink: /home/aliomac/garp-test/install/workspace_gz/share/workspace_gz//models/roboboat/meshes/mount.dae\n'}
[6.258936] (workspace_gz) StdoutLine: {'line': b'-- Up-to-date symlink: /home/aliomac/garp-test/install/workspace_gz/share/workspace_gz//models/roboboat/meshes/prop.dae\n'}
[6.259104] (workspace_gz) StdoutLine: {'line': b'-- Up-to-date symlink: /home/aliomac/garp-test/install/workspace_gz/share/workspace_gz//models/roboboat/meshes/roboboat.dae\n'}
[6.259253] (workspace_gz) StdoutLine: {'line': b'-- Up-to-date symlink: /home/aliomac/garp-test/install/workspace_gz/share/workspace_gz//models/roboboat/sensors/camera/materials/textures/camera.png\n'}
[6.259402] (workspace_gz) StdoutLine: {'line': b'-- Up-to-date symlink: /home/aliomac/garp-test/install/workspace_gz/share/workspace_gz//models/roboboat/sensors/camera/materials/textures/camera_albedo.png\n'}
[6.260323] (workspace_gz) StdoutLine: {'line': b'-- Up-to-date symlink: /home/aliomac/garp-test/install/workspace_gz/share/workspace_gz//models/roboboat/sensors/camera/materials/textures/camera_metalness.png\n'}
[6.261085] (workspace_gz) StdoutLine: {'line': b'-- Up-to-date symlink: /home/aliomac/garp-test/install/workspace_gz/share/workspace_gz//models/roboboat/sensors/camera/materials/textures/camera_normal.png\n'}
[6.261271] (workspace_gz) StdoutLine: {'line': b'-- Up-to-date symlink: /home/aliomac/garp-test/install/workspace_gz/share/workspace_gz//models/roboboat/sensors/camera/materials/textures/camera_roughness.png\n'}
[6.270124] (workspace_gz) StdoutLine: {'line': b'-- Up-to-date symlink: /home/aliomac/garp-test/install/workspace_gz/share/workspace_gz//models/roboboat/sensors/camera/meshes/camera.dae\n'}
[6.270415] (workspace_gz) StdoutLine: {'line': b'-- Up-to-date symlink: /home/aliomac/garp-test/install/workspace_gz/share/workspace_gz//models/roboboat/sensors/camera/meshes/camera_albedo.png\n'}
[6.270590] (workspace_gz) StdoutLine: {'line': b'-- Up-to-date symlink: /home/aliomac/garp-test/install/workspace_gz/share/workspace_gz//models/roboboat/sensors/camera_post/materials/textures/post_albedo.png\n'}
[6.270732] (workspace_gz) StdoutLine: {'line': b'-- Up-to-date symlink: /home/aliomac/garp-test/install/workspace_gz/share/workspace_gz//models/roboboat/sensors/camera_post/meshes/post.dae\n'}
[6.270874] (workspace_gz) StdoutLine: {'line': b'-- Up-to-date symlink: /home/aliomac/garp-test/install/workspace_gz/share/workspace_gz//models/roboboat/sensors/camera_post/meshes/post_albedo.jpg\n'}
[6.271014] (workspace_gz) StdoutLine: {'line': b'-- Up-to-date symlink: /home/aliomac/garp-test/install/workspace_gz/share/workspace_gz//models/roboboat/sensors/drybox/materials/textures/drybox_albedo.png\n'}
[6.275437] (workspace_gz) StdoutLine: {'line': b'-- Up-to-date symlink: /home/aliomac/garp-test/install/workspace_gz/share/workspace_gz//models/roboboat/sensors/drybox/materials/textures/drybox_roughness.png\n'}
[6.275719] (workspace_gz) StdoutLine: {'line': b'-- Up-to-date symlink: /home/aliomac/garp-test/install/workspace_gz/share/workspace_gz//models/roboboat/sensors/drybox/meshes/drybox.dae\n'}
[6.279929] (workspace_gz) StdoutLine: {'line': b'-- Up-to-date symlink: /home/aliomac/garp-test/install/workspace_gz/share/workspace_gz//models/roboboat/sensors/gps/materials/textures/gps_albedo.png\n'}
[6.281615] (workspace_gz) StdoutLine: {'line': b'-- Up-to-date symlink: /home/aliomac/garp-test/install/workspace_gz/share/workspace_gz//models/roboboat/sensors/gps/meshes/gps.dae\n'}
[6.282266] (workspace_gz) StdoutLine: {'line': b'-- Up-to-date symlink: /home/aliomac/garp-test/install/workspace_gz/share/workspace_gz//models/roboboat/sensors/gps/meshes/gps_albedo.png\n'}
[6.282806] (workspace_gz) StdoutLine: {'line': b'-- Up-to-date symlink: /home/aliomac/garp-test/install/workspace_gz/share/workspace_gz//models/roboboat/sensors/lidar/materials/textures/lidar.png\n'}
[6.283630] (workspace_gz) StdoutLine: {'line': b'-- Up-to-date symlink: /home/aliomac/garp-test/install/workspace_gz/share/workspace_gz//models/roboboat/sensors/lidar/materials/textures/lidar_albedo.png\n'}
[6.284253] (workspace_gz) StdoutLine: {'line': b'-- Up-to-date symlink: /home/aliomac/garp-test/install/workspace_gz/share/workspace_gz//models/roboboat/sensors/lidar/materials/textures/lidar_metalness.png\n'}
[6.288377] (workspace_gz) StdoutLine: {'line': b'-- Up-to-date symlink: /home/aliomac/garp-test/install/workspace_gz/share/workspace_gz//models/roboboat/sensors/lidar/materials/textures/lidar_normal.png\n'}
[6.288669] (workspace_gz) StdoutLine: {'line': b'-- Up-to-date symlink: /home/aliomac/garp-test/install/workspace_gz/share/workspace_gz//models/roboboat/sensors/lidar/materials/textures/lidar_roughness.png\n'}
[6.288818] (workspace_gz) StdoutLine: {'line': b'-- Up-to-date symlink: /home/aliomac/garp-test/install/workspace_gz/share/workspace_gz//models/roboboat/sensors/lidar/meshes/lidar.dae\n'}
[6.288958] (workspace_gz) StdoutLine: {'line': b'-- Up-to-date symlink: /home/aliomac/garp-test/install/workspace_gz/share/workspace_gz//models/roboboat/sensors/lidar/meshes/lidar_albedo.png\n'}
[6.290217] (workspace_gz) StdoutLine: {'line': b'-- Up-to-date symlink: /home/aliomac/garp-test/install/workspace_gz/share/workspace_gz//models/roboboat/sensors/lidar_post/materials/textures/post_albedo.png\n'}
[6.295366] (workspace_gz) StdoutLine: {'line': b'-- Up-to-date symlink: /home/aliomac/garp-test/install/workspace_gz/share/workspace_gz//models/roboboat/sensors/lidar_post/meshes/post.dae\n'}
[6.298143] (workspace_gz) StdoutLine: {'line': b'-- Up-to-date symlink: /home/aliomac/garp-test/install/workspace_gz/share/workspace_gz//models/roboboat/sensors/lidar_post/meshes/post_albedo.jpg\n'}
[6.303521] (workspace_gz) StdoutLine: {'line': b'-- Up-to-date symlink: /home/aliomac/garp-test/install/workspace_gz/share/workspace_gz//models/waves/materials/programs/GerstnerWaves_fs_330.glsl\n'}
[6.304712] (workspace_gz) StdoutLine: {'line': b'-- Up-to-date symlink: /home/aliomac/garp-test/install/workspace_gz/share/workspace_gz//models/waves/materials/programs/GerstnerWaves_vs_330.glsl\n'}
[6.307953] (workspace_gz) StdoutLine: {'line': b'-- Up-to-date symlink: /home/aliomac/garp-test/install/workspace_gz/share/workspace_gz//models/waves/materials/textures/skybox_lowres.dds\n'}
[6.308238] (workspace_gz) StdoutLine: {'line': b'-- Up-to-date symlink: /home/aliomac/garp-test/install/workspace_gz/share/workspace_gz//models/waves/materials/textures/wave_normals.dds\n'}
[6.308392] (workspace_gz) StdoutLine: {'line': b'-- Up-to-date symlink: /home/aliomac/garp-test/install/workspace_gz/share/workspace_gz//models/waves/meshes/waterlow.dae\n'}
[6.309015] (workspace_gz) StdoutLine: {'line': b'-- Up-to-date symlink: /home/aliomac/garp-test/install/workspace_gz/share/workspace_gz//models/waves/model.config\n'}
[6.311953] (workspace_gz) StdoutLine: {'line': b'-- Up-to-date symlink: /home/aliomac/garp-test/install/workspace_gz/share/workspace_gz//models/waves/model.sdf\n'}
[6.316088] (workspace_gz) StdoutLine: {'line': b'-- Up-to-date symlink: /home/aliomac/garp-test/install/workspace_gz/share/workspace_gz//worlds/world.sdf\n'}
[6.316369] (workspace_gz) StdoutLine: {'line': b'-- Up-to-date symlink: /home/aliomac/garp-test/install/workspace_gz/share/workspace_gz/environment/library_path.sh\n'}
[6.316529] (workspace_gz) StdoutLine: {'line': b'-- Up-to-date symlink: /home/aliomac/garp-test/install/workspace_gz/share/workspace_gz/environment/library_path.dsv\n'}
[6.316663] (workspace_gz) StdoutLine: {'line': b'-- Up-to-date symlink: /home/aliomac/garp-test/install/workspace_gz/share/ament_index/resource_index/package_run_dependencies/workspace_gz\n'}
[6.317241] (workspace_gz) StdoutLine: {'line': b'-- Up-to-date symlink: /home/aliomac/garp-test/install/workspace_gz/share/ament_index/resource_index/parent_prefix_path/workspace_gz\n'}
[6.317478] (workspace_gz) StdoutLine: {'line': b'-- Up-to-date symlink: /home/aliomac/garp-test/install/workspace_gz/share/workspace_gz/environment/ament_prefix_path.sh\n'}
[6.320420] (workspace_gz) StdoutLine: {'line': b'-- Up-to-date symlink: /home/aliomac/garp-test/install/workspace_gz/share/workspace_gz/environment/ament_prefix_path.dsv\n'}
[6.320690] (workspace_gz) StdoutLine: {'line': b'-- Up-to-date symlink: /home/aliomac/garp-test/install/workspace_gz/share/workspace_gz/environment/path.sh\n'}
[6.320909] (workspace_gz) StdoutLine: {'line': b'-- Up-to-date symlink: /home/aliomac/garp-test/install/workspace_gz/share/workspace_gz/environment/path.dsv\n'}
[6.326301] (workspace_gz) StdoutLine: {'line': b'-- Up-to-date symlink: /home/aliomac/garp-test/install/workspace_gz/share/workspace_gz/local_setup.bash\n'}
[6.326614] (workspace_gz) StdoutLine: {'line': b'-- Up-to-date symlink: /home/aliomac/garp-test/install/workspace_gz/share/workspace_gz/local_setup.sh\n'}
[6.327331] (workspace_gz) StdoutLine: {'line': b'-- Up-to-date symlink: /home/aliomac/garp-test/install/workspace_gz/share/workspace_gz/local_setup.zsh\n'}
[6.327557] (workspace_gz) StdoutLine: {'line': b'-- Up-to-date symlink: /home/aliomac/garp-test/install/workspace_gz/share/workspace_gz/local_setup.dsv\n'}
[6.329483] (workspace_gz) StdoutLine: {'line': b'-- Symlinking: /home/aliomac/garp-test/install/workspace_gz/share/workspace_gz/package.dsv\n'}
[6.345023] (-) TimerEvent: {}
[6.387045] (workspace_gz) StdoutLine: {'line': b'-- Up-to-date symlink: /home/aliomac/garp-test/install/workspace_gz/share/ament_index/resource_index/packages/workspace_gz\n'}
[6.387345] (workspace_gz) StdoutLine: {'line': b'-- Up-to-date symlink: /home/aliomac/garp-test/install/workspace_gz/share/workspace_gz/cmake/ament_cmake_export_libraries-extras.cmake\n'}
[6.387537] (workspace_gz) StdoutLine: {'line': b'-- Up-to-date symlink: /home/aliomac/garp-test/install/workspace_gz/share/workspace_gz/cmake/ament_cmake_export_dependencies-extras.cmake\n'}
[6.388697] (workspace_gz) StdoutLine: {'line': b'-- Up-to-date symlink: /home/aliomac/garp-test/install/workspace_gz/share/workspace_gz/cmake/workspace_gzConfig.cmake\n'}
[6.388962] (workspace_gz) StdoutLine: {'line': b'-- Up-to-date symlink: /home/aliomac/garp-test/install/workspace_gz/share/workspace_gz/cmake/workspace_gzConfig-version.cmake\n'}
[6.396606] (workspace_gz) StdoutLine: {'line': b'-- Up-to-date symlink: /home/aliomac/garp-test/install/workspace_gz/share/workspace_gz/package.xml\n'}
[6.406059] (workspace_gz) CommandEnded: {'returncode': 0}
[6.437495] (workspace_ros) StdoutLine: {'line': b'Copying ../build/workspace_ros/workspace_ros.egg-info to /home/aliomac/garp-test/install/workspace_ros/lib/python3.12/site-packages/workspace_ros-0.0.0-py3.12.egg-info\n'}
[6.454259] (-) TimerEvent: {}
[6.454666] (workspace_ros) StdoutLine: {'line': b'running install_scripts\n'}
[6.518443] (workspace_nav) StdoutLine: {'line': b'Installing parkour_navigation script to /home/aliomac/garp-test/install/workspace_nav/lib/workspace_nav\n'}
[6.518850] (workspace_nav) StdoutLine: {'line': b"writing list of installed files to '/home/aliomac/garp-test/build/workspace_nav/install.log'\n"}
[6.526705] (workspace_gz) JobEnded: {'identifier': 'workspace_gz', 'rc': 0}
[6.557621] (-) TimerEvent: {}
[6.660578] (workspace_nav) CommandEnded: {'returncode': 0}
[6.661807] (-) TimerEvent: {}
[6.682655] (workspace_nav) JobEnded: {'identifier': 'workspace_nav', 'rc': 0}
[6.762080] (-) TimerEvent: {}
[6.867597] (-) TimerEvent: {}
[6.968016] (-) TimerEvent: {}
[7.069166] (-) TimerEvent: {}
[7.169499] (-) TimerEvent: {}
[7.282025] (workspace_ros) StdoutLine: {'line': b'Installing converter script to /home/aliomac/garp-test/install/workspace_ros/lib/workspace_ros\n'}
[7.282328] (-) TimerEvent: {}
[7.282511] (workspace_ros) StdoutLine: {'line': b'Installing gps_covariance_repub script to /home/aliomac/garp-test/install/workspace_ros/lib/workspace_ros\n'}
[7.282696] (workspace_ros) StdoutLine: {'line': b'Installing imu_covariance_repub script to /home/aliomac/garp-test/install/workspace_ros/lib/workspace_ros\n'}
[7.282845] (workspace_ros) StdoutLine: {'line': b'Installing lidar_processor script to /home/aliomac/garp-test/install/workspace_ros/lib/workspace_ros\n'}
[7.282987] (workspace_ros) StdoutLine: {'line': b'Installing static_transform_publisher script to /home/aliomac/garp-test/install/workspace_ros/lib/workspace_ros\n'}
[7.283144] (workspace_ros) StdoutLine: {'line': b'Installing wasd_teleop script to /home/aliomac/garp-test/install/workspace_ros/lib/workspace_ros\n'}
[7.283313] (workspace_ros) StdoutLine: {'line': b"writing list of installed files to '/home/aliomac/garp-test/build/workspace_ros/install.log'\n"}
[7.377111] (workspace_ros) CommandEnded: {'returncode': 0}
[7.382818] (-) TimerEvent: {}
[7.391810] (workspace_ros) JobEnded: {'identifier': 'workspace_ros', 'rc': 0}
[7.394658] (-) EventReactorShutdown: {}
