-- The C compiler identification is GNU 11.4.0
-- The CXX compiler identification is GNU 11.4.0
-- Detecting C compiler ABI info
-- Detecting C compiler ABI info - done
-- Check for working C compiler: /usr/bin/cc - skipped
-- Detecting C compile features
-- Detecting C compile features - done
-- Detecting CXX compiler ABI info
-- Detecting CXX compiler ABI info - done
-- Check for working CXX compiler: /usr/bin/c++ - skipped
-- Detecting CXX compile features
-- Detecting CXX compile features - done
-- Found ament_cmake: 1.3.12 (/opt/ros/humble/share/ament_cmake/cmake)
-- Found Python3: /usr/bin/python3 (found version "3.10.12") found components: Interpreter 
-- Override CMake install command with custom implementation using symlinks instead of copying resources
-- Looking for ignition-gazebo6 -- found version 6.17.1
-- Searching for dependencies of ignition-gazebo6
-- Looking for sdformat12 -- found version 12.9.0
-- Searching for dependencies of sdformat12
-- Checking for module 'tinyxml2'
--   Found tinyxml2, version 9.0.0
-- Looking for ignition-math6 -- found version 6.15.1
-- Searching for dependencies of ignition-math6
-- Looking for ignition-utils1 -- found version 1.5.1
-- Searching for dependencies of ignition-utils1
-- Looking for ignition-plugin1 -- found version 1.4.0
-- Searching for dependencies of ignition-plugin1
-- Searching for <ignition-plugin1> component [loader]
-- Looking for ignition-plugin1-loader -- found version 1.4.0
-- Searching for dependencies of ignition-plugin1-loader
-- Searching for <ignition-plugin1> component [register]
-- Looking for ignition-plugin1-register -- found version 1.4.0
-- Searching for dependencies of ignition-plugin1-register
-- Looking for ignition-transport11 -- found version 11.4.2
-- Searching for dependencies of ignition-transport11
-- Found Protobuf: /usr/lib/x86_64-linux-gnu/libprotobuf.so (found version "3.12.4") 
-- Config-file not installed for ZeroMQ -- checking for pkg-config
-- Checking for module 'libzmq >= 4'
--   Found libzmq , version 4.3.4
-- Found ZeroMQ: TRUE (Required is at least version "4") 
-- Checking for module 'uuid'
--   Found uuid, version 2.37.2
-- Found UUID: TRUE  
-- Looking for ignition-utils1 -- found version 1.5.1
-- Searching for dependencies of ignition-utils1
-- Searching for <ignition-utils1> component [cli]
-- Looking for ignition-utils1-cli -- found version 1.5.1
-- Searching for dependencies of ignition-utils1-cli
-- Looking for ignition-msgs8 -- found version 8.7.0
-- Searching for dependencies of ignition-msgs8
-- Found Protobuf: /usr/lib/x86_64-linux-gnu/libprotobuf.so (found suitable version "3.12.4", minimum required is "3") 
-- Looking for ignition-math6 -- found version 6.15.1
-- Searching for <ignition-transport11> component [log]
-- Looking for ignition-transport11-log -- found version 11.4.2
-- Searching for dependencies of ignition-transport11-log
-- Searching for <ignition-transport11> component [parameters]
-- Looking for ignition-transport11-parameters -- found version 11.4.2
-- Searching for dependencies of ignition-transport11-parameters
-- Looking for ignition-msgs8 -- found version 8.7.0
-- Looking for ignition-common4 -- found version 4.8.0
-- Searching for dependencies of ignition-common4
-- Looking for dlfcn.h - found
-- Looking for libdl - found
-- Found DL: TRUE  
-- Searching for <ignition-common4> component [profiler]
-- Looking for ignition-common4-profiler -- found version 4.8.0
-- Searching for dependencies of ignition-common4-profiler
-- Searching for <ignition-common4> component [events]
-- Looking for ignition-common4-events -- found version 4.8.0
-- Searching for dependencies of ignition-common4-events
-- Looking for ignition-math6 -- found version 6.15.1
-- Searching for <ignition-common4> component [av]
-- Looking for ignition-common4-av -- found version 4.8.0
-- Searching for dependencies of ignition-common4-av
-- Checking for module 'libswscale'
--   Found libswscale, version 5.9.100
-- Found SWSCALE: TRUE  
-- Checking for module 'libavdevice >= 56.4.100'
--   Found libavdevice , version 58.13.100
-- Found AVDEVICE: TRUE (Required is at least version "56.4.100") 
-- Checking for module 'libavformat'
--   Found libavformat, version 58.76.100
-- Found AVFORMAT: TRUE  
-- Checking for module 'libavcodec'
--   Found libavcodec, version 58.134.100
-- Found AVCODEC: TRUE  
-- Checking for module 'libavutil'
--   Found libavutil, version 56.70.100
-- Found AVUTIL: TRUE  
-- Looking for ignition-fuel_tools7 -- found version 7.3.1
-- Searching for dependencies of ignition-fuel_tools7
-- Found CURL: /usr/lib/x86_64-linux-gnu/libcurl.so (found version "7.81.0")  
-- Checking for module 'jsoncpp'
--   Found jsoncpp, version 1.9.5
-- Found JSONCPP: TRUE  
-- Checking for module 'libzip'
--   Found libzip, version 1.7.3
-- Found ZIP: TRUE  
-- Looking for ignition-common4 -- found version 4.8.0
-- Looking for ignition-math6 -- found version 6.15.1
-- Looking for ignition-msgs8 -- found version 8.7.0
-- Looking for ignition-gui6 -- found version 6.9.0
-- Searching for dependencies of ignition-gui6
-- Found Protobuf: /usr/lib/x86_64-linux-gnu/libprotobuf.so (found version "3.12.4") 
-- Looking for ignition-math6 -- found version 6.15.1
-- Looking for ignition-common4 -- found version 4.8.0
-- Looking for ignition-plugin1 -- found version 1.4.0
-- Looking for ignition-transport11 -- found version 11.4.2
-- Looking for ignition-rendering6 -- found version 6.6.4
-- Searching for dependencies of ignition-rendering6
-- Looking for ignition-math6 -- found version 6.15.1
-- Searching for dependencies of ignition-math6
-- Searching for <ignition-math6> component [eigen3]
-- Looking for ignition-math6-eigen3 -- found version 6.15.1
-- Searching for dependencies of ignition-math6-eigen3
-- Looking for ignition-common4 -- found version 4.8.0
-- Searching for dependencies of ignition-common4
-- Looking for dlfcn.h - found
-- Looking for libdl - found
-- Searching for <ignition-common4> component [graphics]
-- Looking for ignition-common4-graphics -- found version 4.8.0
-- Searching for dependencies of ignition-common4-graphics
-- Looking for ignition-math6 -- found version 6.15.1
-- Looking for ignition-utils1 -- found version 1.5.1
-- Searching for <ignition-common4> component [events]
-- Looking for ignition-plugin1 -- found version 1.4.0
-- Searching for dependencies of ignition-plugin1
-- Searching for <ignition-plugin1> component [all]
-- Looking for all libraries of ignition-plugin1 -- found version 1.4.0
-- Looking for ignition-plugin1 -- found version 1.4.0
-- Looking for ignition-msgs8 -- found version 8.7.0
-- Looking for ignition-physics5 -- found version 5.4.0
-- Searching for dependencies of ignition-physics5
-- Looking for ignition-math6 -- found version 6.15.1
-- Looking for ignition-plugin1 -- found version 1.4.0
-- Looking for ignition-utils1 -- found version 1.5.1
-- Searching for <ignition-physics5> component [heightmap]
-- Looking for ignition-physics5-heightmap -- found version 5.4.0
-- Searching for dependencies of ignition-physics5-heightmap
-- Looking for ignition-common4 -- found version 4.8.0
-- Searching for <ignition-physics5> component [mesh]
-- Looking for ignition-physics5-mesh -- found version 5.4.0
-- Searching for dependencies of ignition-physics5-mesh
-- Looking for ignition-common4 -- found version 4.8.0
-- Searching for <ignition-physics5> component [sdf]
-- Looking for ignition-physics5-sdf -- found version 5.4.0
-- Searching for dependencies of ignition-physics5-sdf
-- Looking for sdformat12 -- found version 12.9.0
-- Looking for ignition-sensors6 -- found version 6.9.0
-- Searching for dependencies of ignition-sensors6
-- Looking for ignition-math6 -- found version 6.15.1
-- Looking for ignition-common4 -- found version 4.8.0
-- Looking for ignition-transport11 -- found version 11.4.2
-- Looking for ignition-rendering6 -- found version 6.6.4
-- Looking for ignition-msgs8 -- found version 8.7.0
-- Looking for sdformat12 -- found version 12.9.0
-- Searching for <ignition-sensors6> component [air_pressure]
-- Looking for ignition-sensors6-air_pressure -- found version 6.9.0
-- Searching for dependencies of ignition-sensors6-air_pressure
-- Searching for <ignition-sensors6> component [altimeter]
-- Looking for ignition-sensors6-altimeter -- found version 6.9.0
-- Searching for dependencies of ignition-sensors6-altimeter
-- Searching for <ignition-sensors6> component [imu]
-- Looking for ignition-sensors6-imu -- found version 6.9.0
-- Searching for dependencies of ignition-sensors6-imu
-- Searching for <ignition-sensors6> component [force_torque]
-- Looking for ignition-sensors6-force_torque -- found version 6.9.0
-- Searching for dependencies of ignition-sensors6-force_torque
-- Searching for <ignition-sensors6> component [logical_camera]
-- Looking for ignition-sensors6-logical_camera -- found version 6.9.0
-- Searching for dependencies of ignition-sensors6-logical_camera
-- Searching for <ignition-sensors6> component [magnetometer]
-- Looking for ignition-sensors6-magnetometer -- found version 6.9.0
-- Searching for dependencies of ignition-sensors6-magnetometer
-- Searching for <ignition-sensors6> component [navsat]
-- Looking for ignition-sensors6-navsat -- found version 6.9.0
-- Searching for dependencies of ignition-sensors6-navsat
-- Searching for <ignition-sensors6> component [rendering]
-- Looking for ignition-sensors6-rendering -- found version 6.9.0
-- Searching for dependencies of ignition-sensors6-rendering
-- Searching for <ignition-sensors6> component [lidar]
-- Looking for ignition-sensors6-lidar -- found version 6.9.0
-- Searching for dependencies of ignition-sensors6-lidar
-- Looking for ignition-sensors6 -- found version 6.9.0
-- Searching for <ignition-sensors6> component [gpu_lidar]
-- Looking for ignition-sensors6-gpu_lidar -- found version 6.9.0
-- Searching for dependencies of ignition-sensors6-gpu_lidar
-- Looking for ignition-sensors6 -- found version 6.9.0
-- Searching for <ignition-sensors6> component [camera]
-- Looking for ignition-sensors6-camera -- found version 6.9.0
-- Searching for dependencies of ignition-sensors6-camera
-- Looking for ignition-sensors6 -- found version 6.9.0
-- Searching for <ignition-sensors6> component [boundingbox_camera]
-- Looking for ignition-sensors6-boundingbox_camera -- found version 6.9.0
-- Searching for dependencies of ignition-sensors6-boundingbox_camera
-- Searching for <ignition-sensors6> component [segmentation_camera]
-- Looking for ignition-sensors6-segmentation_camera -- found version 6.9.0
-- Searching for dependencies of ignition-sensors6-segmentation_camera
-- Searching for <ignition-sensors6> component [depth_camera]
-- Looking for ignition-sensors6-depth_camera -- found version 6.9.0
-- Searching for dependencies of ignition-sensors6-depth_camera
-- Looking for ignition-sensors6 -- found version 6.9.0
-- Searching for <ignition-sensors6> component [rgbd_camera]
-- Looking for ignition-sensors6-rgbd_camera -- found version 6.9.0
-- Searching for dependencies of ignition-sensors6-rgbd_camera
-- Looking for ignition-sensors6 -- found version 6.9.0
-- Searching for <ignition-sensors6> component [thermal_camera]
-- Looking for ignition-sensors6-thermal_camera -- found version 6.9.0
-- Searching for dependencies of ignition-sensors6-thermal_camera
-- Looking for ignition-sensors6 -- found version 6.9.0
-- Looking for ignition-rendering6 -- found version 6.6.4
-- Looking for ignition-math6 -- found version 6.15.1
-- Looking for ignition-utils1 -- found version 1.5.1
-- Looking for ignition-common4 -- found version 4.8.0
-- Looking for ignition-math6 -- found version 6.15.1
-- Looking for ignition-transport11 -- found version 11.4.2
-- Looking for ignition-plugin1 -- found version 1.4.0
-- Looking for ignition-rendering6 -- found version 6.6.4
-- Looking for ignition-sensors6 -- found version 6.9.0
-- Looking for ignition-utils1 -- found version 1.5.1
-- Looking for ignition-msgs8 -- found version 8.7.0
-- Looking for sdformat12 -- found version 12.9.0
-- Configuring done
-- Generating done
-- Build files have been written to: /home/aliomacc/sti_usv/build/workspace_gz
[  4%] [32mBuilding CXX object CMakeFiles/Waves.dir/plugins/Wavefield.cc.o[0m
[  9%] [32m[1mLinking CXX shared library libWaves.so[0m
[  9%] Built target Waves
[ 14%] [32mBuilding CXX object CMakeFiles/StationkeepingScoringPlugin.dir/plugins/StationkeepingScoringPlugin.cc.o[0m
[ 23%] [32mBuilding CXX object CMakeFiles/ScoringPlugin.dir/plugins/ScoringPlugin.cc.o[0m
[ 23%] [32mBuilding CXX object CMakeFiles/WayfindingScoringPlugin.dir/plugins/WayfindingScoringPlugin.cc.o[0m
[ 28%] [32mBuilding CXX object CMakeFiles/USVWind.dir/plugins/USVWind.cc.o[0m
[ 33%] [32mBuilding CXX object CMakeFiles/Surface.dir/plugins/Surface.cc.o[0m
[ 42%] [32mBuilding CXX object CMakeFiles/WaveVisual.dir/plugins/WaveVisual.cc.o[0m
[ 42%] [32mBuilding CXX object CMakeFiles/PolyhedraBuoyancyDrag.dir/plugins/PolyhedraBuoyancyDrag.cc.o[0m
[ 47%] [32mBuilding CXX object CMakeFiles/SimpleHydrodynamics.dir/plugins/SimpleHydrodynamics.cc.o[0m
[01m[K/home/aliomacc/sti_usv/src/usv_sim/workspace_gz/plugins/SimpleHydrodynamics.cc:[m[K In member function ‘[01m[Kvirtual void vrx::SimpleHydrodynamics::PreUpdate(const ignition::gazebo::v6::UpdateInfo&, ignition::gazebo::v6::EntityComponentManager&)[m[K’:
[01m[K/home/aliomacc/sti_usv/src/usv_sim/workspace_gz/plugins/SimpleHydrodynamics.cc:192:3:[m[K [01;31m[Kerror: [m[K‘[01m[KGZ_PROFILE[m[K’ was not declared in this scope; did you mean ‘[01m[KIGN_PROFILE[m[K’?
  192 |   [01;31m[KGZ_PROFILE[m[K("SimpleHydrodynamics::PreUpdate");
      |   [01;31m[K^~~~~~~~~~[m[K
      |   [32m[KIGN_PROFILE[m[K
[01m[K/home/aliomacc/sti_usv/src/usv_sim/workspace_gz/plugins/SimpleHydrodynamics.cc:[m[K At global scope:
[01m[K/home/aliomacc/sti_usv/src/usv_sim/workspace_gz/plugins/SimpleHydrodynamics.cc:292:1:[m[K [01;31m[Kerror: [m[Kexpected constructor, destructor, or type conversion before ‘[01m[KGZ_ADD_PLUGIN_ALIAS[m[K’
  292 | [01;31m[KGZ_ADD_PLUGIN_ALIAS[m[K(vrx::SimpleHydrodynamics,
      | [01;31m[K^~~~~~~~~~~~~~~~~~~[m[K
In file included from [01m[K/home/aliomacc/sti_usv/src/usv_sim/workspace_gz/plugins/StationkeepingScoringPlugin.hh:22[m[K,
                 from [01m[K/home/aliomacc/sti_usv/src/usv_sim/workspace_gz/plugins/StationkeepingScoringPlugin.cc:26[m[K:
[01m[K/home/aliomacc/sti_usv/src/usv_sim/workspace_gz/plugins/ScoringPlugin.hh:217:30:[m[K [01;31m[Kerror: [m[K‘[01m[KdataPtr[m[K’ has not been declared
  217 |     GZ_UTILS_UNIQUE_IMPL_PTR([01;31m[KdataPtr[m[K)
      |                              [01;31m[K^~~~~~~[m[K
[01m[K/home/aliomacc/sti_usv/src/usv_sim/workspace_gz/plugins/ScoringPlugin.hh:217:5:[m[K [01;31m[Kerror: [m[KISO C++ forbids declaration of ‘[01m[KGZ_UTILS_UNIQUE_IMPL_PTR[m[K’ with no type [[01;31m[K]8;;https://gcc.gnu.org/onlinedocs/gcc/Warning-Options.html#index-fpermissive-fpermissive]8;;[m[K]
  217 |     [01;31m[KGZ_UTILS_UNIQUE_IMPL_PTR[m[K(dataPtr)
      |     [01;31m[K^~~~~~~~~~~~~~~~~~~~~~~~[m[K
[01m[K/home/aliomacc/sti_usv/src/usv_sim/workspace_gz/plugins/ScoringPlugin.hh:217:37:[m[K [01;31m[Kerror: [m[Kexpected ‘[01m[K;[m[K’ at end of member declaration
  217 |     GZ_UTILS_UNIQUE_IMPL_PTR(dataPtr[01;31m[K)[m[K
      |                                     [01;31m[K^[m[K
      |                                      [32m[K;[m[K
In file included from [01m[K/home/aliomacc/sti_usv/src/usv_sim/workspace_gz/plugins/StationkeepingScoringPlugin.cc:26[m[K:
[01m[K/home/aliomacc/sti_usv/src/usv_sim/workspace_gz/plugins/StationkeepingScoringPlugin.hh:65:30:[m[K [01;31m[Kerror: [m[K‘[01m[KdataPtr[m[K’ has not been declared
   65 |     GZ_UTILS_UNIQUE_IMPL_PTR([01;31m[KdataPtr[m[K)
      |                              [01;31m[K^~~~~~~[m[K
[01m[K/home/aliomacc/sti_usv/src/usv_sim/workspace_gz/plugins/StationkeepingScoringPlugin.hh:65:5:[m[K [01;31m[Kerror: [m[KISO C++ forbids declaration of ‘[01m[KGZ_UTILS_UNIQUE_IMPL_PTR[m[K’ with no type [[01;31m[K]8;;https://gcc.gnu.org/onlinedocs/gcc/Warning-Options.html#index-fpermissive-fpermissive]8;;[m[K]
   65 |     [01;31m[KGZ_UTILS_UNIQUE_IMPL_PTR[m[K(dataPtr)
      |     [01;31m[K^~~~~~~~~~~~~~~~~~~~~~~~[m[K
[01m[K/home/aliomacc/sti_usv/src/usv_sim/workspace_gz/plugins/StationkeepingScoringPlugin.hh:65:37:[m[K [01;31m[Kerror: [m[Kexpected ‘[01m[K;[m[K’ at end of member declaration
   65 |     GZ_UTILS_UNIQUE_IMPL_PTR(dataPtr[01;31m[K)[m[K
      |                                     [01;31m[K^[m[K
      |                                      [32m[K;[m[K
[01m[K/home/aliomacc/sti_usv/src/usv_sim/workspace_gz/plugins/StationkeepingScoringPlugin.cc:34:1:[m[K [01;31m[Kerror: [m[Kqualified name does not name a class before ‘[01m[K{[m[K’ token
   34 | [01;31m[K{[m[K
      | [01;31m[K^[m[K
[01m[K/home/aliomacc/sti_usv/src/usv_sim/workspace_gz/plugins/StationkeepingScoringPlugin.cc:[m[K In constructor ‘[01m[Kvrx::StationkeepingScoringPlugin::StationkeepingScoringPlugin()[m[K’:
[01m[K/home/aliomacc/sti_usv/src/usv_sim/workspace_gz/plugins/StationkeepingScoringPlugin.cc:105:3:[m[K [01;31m[Kerror: [m[Kclass ‘[01m[Kvrx::StationkeepingScoringPlugin[m[K’ does not have any field named ‘[01m[KdataPtr[m[K’
  105 |   [01;31m[KdataPtr[m[K(utils::MakeUniqueImpl<Implementation>())
      |   [01;31m[K^~~~~~~[m[K
[01m[K/home/aliomacc/sti_usv/src/usv_sim/workspace_gz/plugins/StationkeepingScoringPlugin.cc:105:33:[m[K [01;31m[Kerror: [m[K‘[01m[KImplementation[m[K’ was not declared in this scope
  105 |   dataPtr(utils::MakeUniqueImpl<[01;31m[KImplementation[m[K>())
      |                                 [01;31m[K^~~~~~~~~~~~~~[m[K
[01m[K/home/aliomacc/sti_usv/src/usv_sim/workspace_gz/plugins/StationkeepingScoringPlugin.cc:105:48:[m[K [01;31m[Kerror: [m[Kno matching function for call to ‘[01m[KMakeUniqueImpl<<expression error> >()[m[K’
  105 |   dataPtr([01;31m[Kutils::MakeUniqueImpl<Implementation>()[m[K)
      |           [01;31m[K~~~~~~~~~~~~~~~~~~~~~~~~~~~~~~~~~~~~~^~[m[K
In file included from [01m[K/usr/include/ignition/utils1/gz/utils/ImplPtr.hh:259[m[K,
                 from [01m[K/usr/include/ignition/sdformat12/sdf/Sensor.hh:23[m[K,
                 from [01m[K/usr/include/ignition/gazebo6/gz/sim/components/Serialization.hh:35[m[K,
                 from [01m[K/usr/include/ignition/gazebo6/gz/sim/components/Name.hh:23[m[K,
                 from [01m[K/home/aliomacc/sti_usv/src/usv_sim/workspace_gz/plugins/StationkeepingScoringPlugin.cc:18[m[K:
[01m[K/usr/include/ignition/utils1/gz/utils/detail/ImplPtr.hh:142:22:[m[K [01;36m[Knote: [m[Kcandidate: ‘[01m[Ktemplate<class T, class ... Args> ignition::utils::UniqueImplPtr<T> ignition::utils::MakeUniqueImpl(Args&& ...)[m[K’
  142 |     UniqueImplPtr<T> [01;36m[KMakeUniqueImpl[m[K(Args &&...args)
      |                      [01;36m[K^~~~~~~~~~~~~~[m[K
[01m[K/usr/include/ignition/utils1/gz/utils/detail/ImplPtr.hh:142:22:[m[K [01;36m[Knote: [m[K  template argument deduction/substitution failed:
[01m[K/home/aliomacc/sti_usv/src/usv_sim/workspace_gz/plugins/StationkeepingScoringPlugin.cc:105:48:[m[K [01;31m[Kerror: [m[Ktemplate argument 1 is invalid
  105 |   dataPtr([01;31m[Kutils::MakeUniqueImpl<Implementation>()[m[K)
      |           [01;31m[K~~~~~~~~~~~~~~~~~~~~~~~~~~~~~~~~~~~~~^~[m[K
[01m[K/home/aliomacc/sti_usv/src/usv_sim/workspace_gz/plugins/StationkeepingScoringPlugin.cc:[m[K In member function ‘[01m[Kvirtual void vrx::StationkeepingScoringPlugin::Configure(const Entity&, const std::shared_ptr<const sdf::v12::Element>&, ignition::gazebo::v6::EntityComponentManager&, ignition::gazebo::v6::EventManager&)[m[K’:
[01m[K/home/aliomacc/sti_usv/src/usv_sim/workspace_gz/plugins/StationkeepingScoringPlugin.cc:121:9:[m[K [01;31m[Kerror: [m[K‘[01m[Kclass vrx::StationkeepingScoringPlugin[m[K’ has no member named ‘[01m[KdataPtr[m[K’
  121 |   this->[01;31m[KdataPtr[m[K->sc = world.SphericalCoordinates(_ecm).value();
      |         [01;31m[K^~~~~~~[m[K
[01m[K/home/aliomacc/sti_usv/src/usv_sim/workspace_gz/plugins/StationkeepingScoringPlugin.cc:142:11:[m[K [01;31m[Kerror: [m[K‘[01m[Kclass vrx::StationkeepingScoringPlugin[m[K’ has no member named ‘[01m[KdataPtr[m[K’
  142 |     this->[01;31m[KdataPtr[m[K->goalLat = latlonyaw.X();
      |           [01;31m[K^~~~~~~[m[K
[01m[K/home/aliomacc/sti_usv/src/usv_sim/workspace_gz/plugins/StationkeepingScoringPlugin.cc:143:11:[m[K [01;31m[Kerror: [m[K‘[01m[Kclass vrx::StationkeepingScoringPlugin[m[K’ has no member named ‘[01m[KdataPtr[m[K’
  143 |     this->[01;31m[KdataPtr[m[K->goalLon = latlonyaw.Y();
      |           [01;31m[K^~~~~~~[m[K
[01m[K/home/aliomacc/sti_usv/src/usv_sim/workspace_gz/plugins/StationkeepingScoringPlugin.cc:147:32:[m[K [01;31m[Kerror: [m[K‘[01m[Kclass vrx::StationkeepingScoringPlugin[m[K’ has no member named ‘[01m[KdataPtr[m[K’
  147 |     math::Vector3d scVec(this->[01;31m[KdataPtr[m[K->goalLat, this->dataPtr->goalLon, 0.0);
      |                                [01;31m[K^~~~~~~[m[K
[01m[K/home/aliomacc/sti_usv/src/usv_sim/workspace_gz/plugins/StationkeepingScoringPlugin.cc:147:56:[m[K [01;31m[Kerror: [m[K‘[01m[Kclass vrx::StationkeepingScoringPlugin[m[K’ has no member named ‘[01m[KdataPtr[m[K’
  147 |     math::Vector3d scVec(this->dataPtr->goalLat, this->[01;31m[KdataPtr[m[K->goalLon, 0.0);
      |                                                        [01;31m[K^~~~~~~[m[K
[01m[K/home/aliomacc/sti_usv/src/usv_sim/workspace_gz/plugins/StationkeepingScoringPlugin.cc:149:13:[m[K [01;31m[Kerror: [m[K‘[01m[Kclass vrx::StationkeepingScoringPlugin[m[K’ has no member named ‘[01m[KdataPtr[m[K’
  149 |       this->[01;31m[KdataPtr[m[K->sc.LocalFromSphericalPosition(scVec);
      |             [01;31m[K^~~~~~~[m[K
[01m[K/home/aliomacc/sti_usv/src/usv_sim/workspace_gz/plugins/StationkeepingScoringPlugin.cc:152:11:[m[K [01;31m[Kerror: [m[K‘[01m[Kclass vrx::StationkeepingScoringPlugin[m[K’ has no member named ‘[01m[KdataPtr[m[K’
  152 |     this->[01;31m[KdataPtr[m[K->goalX = cartVec.X();
      |           [01;31m[K^~~~~~~[m[K
[01m[K/home/aliomacc/sti_usv/src/usv_sim/workspace_gz/plugins/StationkeepingScoringPlugin.cc:153:11:[m[K [01;31m[Kerror: [m[K‘[01m[Kclass vrx::StationkeepingScoringPlugin[m[K’ has no member named ‘[01m[KdataPtr[m[K’
  153 |     this->[01;31m[KdataPtr[m[K->goalY = cartVec.Y();
      |           [01;31m[K^~~~~~~[m[K
[01m[K/home/aliomacc/sti_usv/src/usv_sim/workspace_gz/plugins/StationkeepingScoringPlugin.cc:154:11:[m[K [01;31m[Kerror: [m[K‘[01m[Kclass vrx::StationkeepingScoringPlugin[m[K’ has no member named ‘[01m[KdataPtr[m[K’
  154 |     this->[01;31m[KdataPtr[m[K->goalYaw = latlonyaw.Z();
      |           [01;31m[K^~~~~~~[m[K
[01m[K/home/aliomacc/sti_usv/src/usv_sim/workspace_gz/plugins/StationkeepingScoringPlugin.cc:161:11:[m[K [01;31m[Kerror: [m[K‘[01m[Kclass vrx::StationkeepingScoringPlugin[m[K’ has no member named ‘[01m[KdataPtr[m[K’
  161 |     this->[01;31m[KdataPtr[m[K->goalX = xyz.X();
      |           [01;31m[K^~~~~~~[m[K
[01m[K/home/aliomacc/sti_usv/src/usv_sim/workspace_gz/plugins/StationkeepingScoringPlugin.cc:162:11:[m[K [01;31m[Kerror: [m[K‘[01m[Kclass vrx::StationkeepingScoringPlugin[m[K’ has no member named ‘[01m[KdataPtr[m[K’
  162 |     this->[01;31m[KdataPtr[m[K->goalY = xyz.Y();
      |           [01;31m[K^~~~~~~[m[K
[01m[K/home/aliomacc/sti_usv/src/usv_sim/workspace_gz/plugins/StationkeepingScoringPlugin.cc:166:34:[m[K [01;31m[Kerror: [m[K‘[01m[Kclass vrx::StationkeepingScoringPlugin[m[K’ has no member named ‘[01m[KdataPtr[m[K’
  166 |     math::Vector3d cartVec(this->[01;31m[KdataPtr[m[K->goalX, this->dataPtr->goalY, xyz.Z());
      |                                  [01;31m[K^~~~~~~[m[K
[01m[K/home/aliomacc/sti_usv/src/usv_sim/workspace_gz/plugins/StationkeepingScoringPlugin.cc:166:56:[m[K [01;31m[Kerror: [m[K‘[01m[Kclass vrx::StationkeepingScoringPlugin[m[K’ has no member named ‘[01m[KdataPtr[m[K’
  166 |     math::Vector3d cartVec(this->dataPtr->goalX, this->[01;31m[KdataPtr[m[K->goalY, xyz.Z());
      |                                                        [01;31m[K^~~~~~~[m[K
[01m[K/home/aliomacc/sti_usv/src/usv_sim/workspace_gz/plugins/StationkeepingScoringPlugin.cc:170:24:[m[K [01;31m[Kerror: [m[K‘[01m[Kclass vrx::StationkeepingScoringPlugin[m[K’ has no member named ‘[01m[KdataPtr[m[K’
  170 |     auto scVec = this->[01;31m[KdataPtr[m[K->sc.PositionTransform(cartVec, in, out);
      |                        [01;31m[K^~~~~~~[m[K
[01m[K/home/aliomacc/sti_usv/src/usv_sim/workspace_gz/plugins/StationkeepingScoringPlugin.cc:171:13:[m[K [01;31m[Kerror: [m[K‘[01m[KGZ_RTOD[m[K’ was not declared in this scope; did you mean ‘[01m[KIGN_RTOD[m[K’?
  171 |     scVec.X([01;31m[KGZ_RTOD[m[K(scVec.X()));
      |             [01;31m[K^~~~~~~[m[K
      |             [32m[KIGN_RTOD[m[K
[01m[K/home/aliomacc/sti_usv/src/usv_sim/workspace_gz/plugins/StationkeepingScoringPlugin.cc:175:11:[m[K [01;31m[Kerror: [m[K‘[01m[Kclass vrx::StationkeepingScoringPlugin[m[K’ has no member named ‘[01m[KdataPtr[m[K’
  175 |     this->[01;31m[KdataPtr[m[K->goalLat = scVec.X();
      |           [01;31m[K^~~~~~~[m[K
[01m[K/home/aliomacc/sti_usv/src/usv_sim/workspace_gz/plugins/StationkeepingScoringPlugin.cc:176:11:[m[K [01;31m[Kerror: [m[K‘[01m[Kclass vrx::StationkeepingScoringPlugin[m[K’ has no member named ‘[01m[KdataPtr[m[K’
  176 |     this->[01;31m[KdataPtr[m[K->goalLon = scVec.Y();
      |           [01;31m[K^~~~~~~[m[K
[01m[K/home/aliomacc/sti_usv/src/usv_sim/workspace_gz/plugins/StationkeepingScoringPlugin.cc:177:11:[m[K [01;31m[Kerror: [m[K‘[01m[Kclass vrx::StationkeepingScoringPlugin[m[K’ has no member named ‘[01m[KdataPtr[m[K’
  177 |     this->[01;31m[KdataPtr[m[K->goalYaw = scVec.Z();
      |           [01;31m[K^~~~~~~[m[K
[01m[K/home/aliomacc/sti_usv/src/usv_sim/workspace_gz/plugins/StationkeepingScoringPlugin.cc:181:63:[m[K [01;31m[Kerror: [m[K‘[01m[Kclass vrx::StationkeepingScoringPlugin[m[K’ has no member named ‘[01m[KdataPtr[m[K’
  181 |   ignmsg << "Stationkeeping Goal, Spherical: Lat = " << this->[01;31m[KdataPtr[m[K->goalLat
      |                                                               [01;31m[K^~~~~~~[m[K
[01m[K/home/aliomacc/sti_usv/src/usv_sim/workspace_gz/plugins/StationkeepingScoringPlugin.cc:182:32:[m[K [01;31m[Kerror: [m[K‘[01m[Kclass vrx::StationkeepingScoringPlugin[m[K’ has no member named ‘[01m[KdataPtr[m[K’
  182 |          << " Lon = " << this->[01;31m[KdataPtr[m[K->goalLon << std::endl;
      |                                [01;31m[K^~~~~~~[m[K
[01m[K/home/aliomacc/sti_usv/src/usv_sim/workspace_gz/plugins/StationkeepingScoringPlugin.cc:183:57:[m[K [01;31m[Kerror: [m[K‘[01m[Kclass vrx::StationkeepingScoringPlugin[m[K’ has no member named ‘[01m[KdataPtr[m[K’
  183 |   ignmsg << "Stationkeeping Goal, Local: X = " << this->[01;31m[KdataPtr[m[K->goalX
      |                                                         [01;31m[K^~~~~~~[m[K
[01m[K/home/aliomacc/sti_usv/src/usv_sim/workspace_gz/plugins/StationkeepingScoringPlugin.cc:184:30:[m[K [01;31m[Kerror: [m[K‘[01m[Kclass vrx::StationkeepingScoringPlugin[m[K’ has no member named ‘[01m[KdataPtr[m[K’
  184 |          << " Y = " << this->[01;31m[KdataPtr[m[K->goalY << " Yaw = "
      |                              [01;31m[K^~~~~~~[m[K
[01m[K/home/aliomacc/sti_usv/src/usv_sim/workspace_gz/plugins/StationkeepingScoringPlugin.cc:185:19:[m[K [01;31m[Kerror: [m[K‘[01m[Kclass vrx::StationkeepingScoringPlugin[m[K’ has no member named ‘[01m[KdataPtr[m[K’
  185 |          << this->[01;31m[KdataPtr[m[K->goalYaw << std::endl;
      |                   [01;31m[K^~~~~~~[m[K
[01m[K/home/aliomacc/sti_usv/src/usv_sim/workspace_gz/plugins/StationkeepingScoringPlugin.cc:188:27:[m[K [01;31m[Kerror: [m[K‘[01m[Kclass vrx::StationkeepingScoringPlugin[m[K’ has no member named ‘[01m[KdataPtr[m[K’
  188 |   math::Pose3d pose(this->[01;31m[KdataPtr[m[K->goalLat, this->dataPtr->goalLon,
      |                           [01;31m[K^~~~~~~[m[K
[01m[K/home/aliomacc/sti_usv/src/usv_sim/workspace_gz/plugins/StationkeepingScoringPlugin.cc:188:51:[m[K [01;31m[Kerror: [m[K‘[01m[Kclass vrx::StationkeepingScoringPlugin[m[K’ has no member named ‘[01m[KdataPtr[m[K’
  188 |   math::Pose3d pose(this->dataPtr->goalLat, this->[01;31m[KdataPtr[m[K->goalLon,
      |                                                   [01;31m[K^~~~~~~[m[K
[01m[K/home/aliomacc/sti_usv/src/usv_sim/workspace_gz/plugins/StationkeepingScoringPlugin.cc:189:20:[m[K [01;31m[Kerror: [m[K‘[01m[Kclass vrx::StationkeepingScoringPlugin[m[K’ has no member named ‘[01m[KdataPtr[m[K’
  189 |     0, 0, 0, this->[01;31m[KdataPtr[m[K->goalYaw);
      |                    [01;31m[K^~~~~~~[m[K
[01m[K/home/aliomacc/sti_usv/src/usv_sim/workspace_gz/plugins/StationkeepingScoringPlugin.cc:190:19:[m[K [01;31m[Kerror: [m[K‘[01m[Kclass vrx::StationkeepingScoringPlugin[m[K’ has no member named ‘[01m[KdataPtr[m[K’
  190 |   msgs::Set(this->[01;31m[KdataPtr[m[K->goalMsg.mutable_position(), pose.Pos());
      |                   [01;31m[K^~~~~~~[m[K
[01m[K/home/aliomacc/sti_usv/src/usv_sim/workspace_gz/plugins/StationkeepingScoringPlugin.cc:191:19:[m[K [01;31m[Kerror: [m[K‘[01m[Kclass vrx::StationkeepingScoringPlugin[m[K’ has no member named ‘[01m[KdataPtr[m[K’
  191 |   msgs::Set(this->[01;31m[KdataPtr[m[K->goalMsg.mutable_orientation(), pose.Rot());
      |                   [01;31m[K^~~~~~~[m[K
[01m[K/home/aliomacc/sti_usv/src/usv_sim/workspace_gz/plugins/StationkeepingScoringPlugin.cc:198:11:[m[K [01;31m[Kerror: [m[K‘[01m[Kclass vrx::StationkeepingScoringPlugin[m[K’ has no member named ‘[01m[KdataPtr[m[K’
  198 |     this->[01;31m[KdataPtr[m[K->goalTopic = _sdf->Get<std::string>("goal_topic");
      |           [01;31m[K^~~~~~~[m[K
[01m[K/home/aliomacc/sti_usv/src/usv_sim/workspace_gz/plugins/StationkeepingScoringPlugin.cc:200:9:[m[K [01;31m[Kerror: [m[K‘[01m[Kclass vrx::StationkeepingScoringPlugin[m[K’ has no member named ‘[01m[KdataPtr[m[K’
  200 |   this->[01;31m[KdataPtr[m[K->goalPub = this->dataPtr->node.Advertise<msgs::Pose>(
      |         [01;31m[K^~~~~~~[m[K
[01m[K/home/aliomacc/sti_usv/src/usv_sim/workspace_gz/plugins/StationkeepingScoringPlugin.cc:200:34:[m[K [01;31m[Kerror: [m[K‘[01m[Kclass vrx::StationkeepingScoringPlugin[m[K’ has no member named ‘[01m[KdataPtr[m[K’
  200 |   this->dataPtr->goalPub = this->[01;31m[KdataPtr[m[K->node.Advertise<msgs::Pose>(
      |                                  [01;31m[K^~~~~~~[m[K
[01m[K/home/aliomacc/sti_usv/src/usv_sim/workspace_gz/plugins/StationkeepingScoringPlugin.cc:200:68:[m[K [01;31m[Kerror: [m[Kexpected primary-expression before ‘[01m[K>[m[K’ token
  200 |   this->dataPtr->goalPub = this->dataPtr->node.Advertise<msgs::Pose[01;31m[K>[m[K(
      |                                                                    [01;31m[K^[m[K
[01m[K/home/aliomacc/sti_usv/src/usv_sim/workspace_gz/plugins/StationkeepingScoringPlugin.cc:201:11:[m[K [01;31m[Kerror: [m[K‘[01m[Kclass vrx::StationkeepingScoringPlugin[m[K’ has no member named ‘[01m[KdataPtr[m[K’
  201 |     this->[01;31m[KdataPtr[m[K->goalTopic, opts);
      |           [01;31m[K^~~~~~~[m[K
[01m[K/home/aliomacc/sti_usv/src/usv_sim/workspace_gz/plugins/StationkeepingScoringPlugin.cc:205:11:[m[K [01;31m[Kerror: [m[K‘[01m[Kclass vrx::StationkeepingScoringPlugin[m[K’ has no member named ‘[01m[KdataPtr[m[K’
  205 |     this->[01;31m[KdataPtr[m[K->poseErrorTopic = _sdf->Get<std::string>("pose_error_topic");
      |           [01;31m[K^~~~~~~[m[K
[01m[K/home/aliomacc/sti_usv/src/usv_sim/workspace_gz/plugins/StationkeepingScoringPlugin.cc:207:9:[m[K [01;31m[Kerror: [m[K‘[01m[Kclass vrx::StationkeepingScoringPlugin[m[K’ has no member named ‘[01m[KdataPtr[m[K’
  207 |   this->[01;31m[KdataPtr[m[K->poseErrorPub = this->dataPtr->node.Advertise<msgs::Float>(
      |         [01;31m[K^~~~~~~[m[K
[01m[K/home/aliomacc/sti_usv/src/usv_sim/workspace_gz/plugins/StationkeepingScoringPlugin.cc:207:39:[m[K [01;31m[Kerror: [m[K‘[01m[Kclass vrx::StationkeepingScoringPlugin[m[K’ has no member named ‘[01m[KdataPtr[m[K’
  207 |   this->dataPtr->poseErrorPub = this->[01;31m[KdataPtr[m[K->node.Advertise<msgs::Float>(
      |                                       [01;31m[K^~~~~~~[m[K
[01m[K/home/aliomacc/sti_usv/src/usv_sim/workspace_gz/plugins/StationkeepingScoringPlugin.cc:207:74:[m[K [01;31m[Kerror: [m[Kexpected primary-expression before ‘[01m[K>[m[K’ token
  207 |   this->dataPtr->poseErrorPub = this->dataPtr->node.Advertise<msgs::Float[01;31m[K>[m[K(
      |                                                                          [01;31m[K^[m[K
[01m[K/home/aliomacc/sti_usv/src/usv_sim/workspace_gz/plugins/StationkeepingScoringPlugin.cc:208:11:[m[K [01;31m[Kerror: [m[K‘[01m[Kclass vrx::StationkeepingScoringPlugin[m[K’ has no member named ‘[01m[KdataPtr[m[K’
  208 |     this->[01;31m[KdataPtr[m[K->poseErrorTopic, opts);
      |           [01;31m[K^~~~~~~[m[K
[01m[K/home/aliomacc/sti_usv/src/usv_sim/workspace_gz/plugins/StationkeepingScoringPlugin.cc:212:11:[m[K [01;31m[Kerror: [m[K‘[01m[Kclass vrx::StationkeepingScoringPlugin[m[K’ has no member named ‘[01m[KdataPtr[m[K’
  212 |     this->[01;31m[KdataPtr[m[K->meanErrorTopic = _sdf->Get<std::string>("mean_error_topic");
      |           [01;31m[K^~~~~~~[m[K
[01m[K/home/aliomacc/sti_usv/src/usv_sim/workspace_gz/plugins/StationkeepingScoringPlugin.cc:214:9:[m[K [01;31m[Kerror: [m[K‘[01m[Kclass vrx::StationkeepingScoringPlugin[m[K’ has no member named ‘[01m[KdataPtr[m[K’
  214 |   this->[01;31m[KdataPtr[m[K->meanErrorPub = this->dataPtr->node.Advertise<msgs::Float>(
      |         [01;31m[K^~~~~~~[m[K
[01m[K/home/aliomacc/sti_usv/src/usv_sim/workspace_gz/plugins/StationkeepingScoringPlugin.cc:214:39:[m[K [01;31m[Kerror: [m[K‘[01m[Kclass vrx::StationkeepingScoringPlugin[m[K’ has no member named ‘[01m[KdataPtr[m[K’
  214 |   this->dataPtr->meanErrorPub = this->[01;31m[KdataPtr[m[K->node.Advertise<msgs::Float>(
      |                                       [01;31m[K^~~~~~~[m[K
[01m[K/home/aliomacc/sti_usv/src/usv_sim/workspace_gz/plugins/StationkeepingScoringPlugin.cc:214:74:[m[K [01;31m[Kerror: [m[Kexpected primary-expression before ‘[01m[K>[m[K’ token
  214 |   this->dataPtr->meanErrorPub = this->dataPtr->node.Advertise<msgs::Float[01;31m[K>[m[K(
      |                                                                          [01;31m[K^[m[K
[01m[K/home/aliomacc/sti_usv/src/usv_sim/workspace_gz/plugins/StationkeepingScoringPlugin.cc:215:11:[m[K [01;31m[Kerror: [m[K‘[01m[Kclass vrx::StationkeepingScoringPlugin[m[K’ has no member named ‘[01m[KdataPtr[m[K’
  215 |     this->[01;31m[KdataPtr[m[K->meanErrorTopic, opts);
      |           [01;31m[K^~~~~~~[m[K
[01m[K/home/aliomacc/sti_usv/src/usv_sim/workspace_gz/plugins/StationkeepingScoringPlugin.cc:218:11:[m[K [01;31m[Kerror: [m[K‘[01m[Kclass vrx::StationkeepingScoringPlugin[m[K’ has no member named ‘[01m[KdataPtr[m[K’
  218 |     this->[01;31m[KdataPtr[m[K->headErrorOn = _sdf->Get<bool>("head_error_on");
      |           [01;31m[K^~~~~~~[m[K
[01m[K/home/aliomacc/sti_usv/src/usv_sim/workspace_gz/plugins/StationkeepingScoringPlugin.cc:222:11:[m[K [01;31m[Kerror: [m[K‘[01m[Kclass vrx::StationkeepingScoringPlugin[m[K’ has no member named ‘[01m[KdataPtr[m[K’
  222 |     this->[01;31m[KdataPtr[m[K->waypointMarkers.Load(_sdf->Clone()->GetElement("markers"));
      |           [01;31m[K^~~~~~~[m[K
[01m[K/home/aliomacc/sti_usv/src/usv_sim/workspace_gz/plugins/StationkeepingScoringPlugin.cc:223:16:[m[K [01;31m[Kerror: [m[K‘[01m[Kclass vrx::StationkeepingScoringPlugin[m[K’ has no member named ‘[01m[KdataPtr[m[K’
  223 |     if (!this->[01;31m[KdataPtr[m[K->waypointMarkers.DrawMarker(0,
      |                [01;31m[K^~~~~~~[m[K
[01m[K/home/aliomacc/sti_usv/src/usv_sim/workspace_gz/plugins/StationkeepingScoringPlugin.cc:224:18:[m[K [01;31m[Kerror: [m[K‘[01m[Kclass vrx::StationkeepingScoringPlugin[m[K’ has no member named ‘[01m[KdataPtr[m[K’
  224 |            this->[01;31m[KdataPtr[m[K->goalX, this->dataPtr->goalY, this->dataPtr->goalYaw))
      |                  [01;31m[K^~~~~~~[m[K
[01m[K/home/aliomacc/sti_usv/src/usv_sim/workspace_gz/plugins/StationkeepingScoringPlugin.cc:224:40:[m[K [01;31m[Kerror: [m[K‘[01m[Kclass vrx::StationkeepingScoringPlugin[m[K’ has no member named ‘[01m[KdataPtr[m[K’
  224 |            this->dataPtr->goalX, this->[01;31m[KdataPtr[m[K->goalY, this->dataPtr->goalYaw))
      |                                        [01;31m[K^~~~~~~[m[K
[01m[K/home/aliomacc/sti_usv/src/usv_sim/workspace_gz/plugins/StationkeepingScoringPlugin.cc:224:62:[m[K [01;31m[Kerror: [m[K‘[01m[Kclass vrx::StationkeepingScoringPlugin[m[K’ has no member named ‘[01m[KdataPtr[m[K’
  224 |            this->dataPtr->goalX, this->dataPtr->goalY, this->[01;31m[KdataPtr[m[K->goalYaw))
      |                                                              [01;31m[K^~~~~~~[m[K
[01m[K/home/aliomacc/sti_usv/src/usv_sim/workspace_gz/plugins/StationkeepingScoringPlugin.cc:[m[K In member function ‘[01m[Kvirtual void vrx::StationkeepingScoringPlugin::PreUpdate(const ignition::gazebo::v6::UpdateInfo&, ignition::gazebo::v6::EntityComponentManager&)[m[K’:
[01m[K/home/aliomacc/sti_usv/src/usv_sim/workspace_gz/plugins/StationkeepingScoringPlugin.cc:246:11:[m[K [01;31m[Kerror: [m[K‘[01m[Kclass vrx::StationkeepingScoringPlugin[m[K’ has no member named ‘[01m[KdataPtr[m[K’
  246 |     this->[01;31m[KdataPtr[m[K->goalPub.Publish(this->dataPtr->goalMsg);
      |           [01;31m[K^~~~~~~[m[K
[01m[K/home/aliomacc/sti_usv/src/usv_sim/workspace_gz/plugins/StationkeepingScoringPlugin.cc:246:42:[m[K [01;31m[Kerror: [m[K‘[01m[Kclass vrx::StationkeepingScoringPlugin[m[K’ has no member named ‘[01m[KdataPtr[m[K’
  246 |     this->dataPtr->goalPub.Publish(this->[01;31m[KdataPtr[m[K->goalMsg);
      |                                          [01;31m[K^~~~~~~[m[K
[01m[K/home/aliomacc/sti_usv/src/usv_sim/workspace_gz/plugins/StationkeepingScoringPlugin.cc:249:14:[m[K [01;31m[Kerror: [m[K‘[01m[Kclass vrx::StationkeepingScoringPlugin[m[K’ has no member named ‘[01m[KdataPtr[m[K’
  249 |   if (!this->[01;31m[KdataPtr[m[K->vehicleEntity)
      |              [01;31m[K^~~~~~~[m[K
[01m[K/home/aliomacc/sti_usv/src/usv_sim/workspace_gz/plugins/StationkeepingScoringPlugin.cc:254:13:[m[K [01;31m[Kerror: [m[K‘[01m[Kclass vrx::StationkeepingScoringPlugin[m[K’ has no member named ‘[01m[KdataPtr[m[K’
  254 |       this->[01;31m[KdataPtr[m[K->vehicleEntity = entity;
      |             [01;31m[K^~~~~~~[m[K
[01m[K/home/aliomacc/sti_usv/src/usv_sim/workspace_gz/plugins/StationkeepingScoringPlugin.cc:264:11:[m[K [01;31m[Kerror: [m[K‘[01m[Kclass vrx::StationkeepingScoringPlugin[m[K’ has no member named ‘[01m[KdataPtr[m[K’
  264 |     this->[01;31m[KdataPtr[m[K->vehicleEntity)->Data();
      |           [01;31m[K^~~~~~~[m[K
[01m[K/home/aliomacc/sti_usv/src/usv_sim/workspace_gz/plugins/StationkeepingScoringPlugin.cc:266:21:[m[K [01;31m[Kerror: [m[K‘[01m[Kclass vrx::StationkeepingScoringPlugin[m[K’ has no member named ‘[01m[KdataPtr[m[K’
  266 |   double dx = this->[01;31m[KdataPtr[m[K->goalX - vehiclePose.Pos().X();
      |                     [01;31m[K^~~~~~~[m[K
[01m[K/home/aliomacc/sti_usv/src/usv_sim/workspace_gz/plugins/StationkeepingScoringPlugin.cc:267:21:[m[K [01;31m[Kerror: [m[K‘[01m[Kclass vrx::StationkeepingScoringPlugin[m[K’ has no member named ‘[01m[KdataPtr[m[K’
  267 |   double dy = this->[01;31m[KdataPtr[m[K->goalY - vehiclePose.Pos().Y();
      |                     [01;31m[K^~~~~~~[m[K
[01m[K/home/aliomacc/sti_usv/src/usv_sim/workspace_gz/plugins/StationkeepingScoringPlugin.cc:269:27:[m[K [01;31m[Kerror: [m[K‘[01m[Kclass vrx::StationkeepingScoringPlugin[m[K’ has no member named ‘[01m[KdataPtr[m[K’
  269 |   double dhdg = abs(this->[01;31m[KdataPtr[m[K->goalYaw - currentHeading);
      |                           [01;31m[K^~~~~~~[m[K
[01m[K/home/aliomacc/sti_usv/src/usv_sim/workspace_gz/plugins/StationkeepingScoringPlugin.cc:272:13:[m[K [01;31m[Kerror: [m[K‘[01m[Kclass vrx::StationkeepingScoringPlugin[m[K’ has no member named ‘[01m[KdataPtr[m[K’
  272 |   if (this->[01;31m[KdataPtr[m[K->headErrorOn)
      |             [01;31m[K^~~~~~~[m[K
[01m[K/home/aliomacc/sti_usv/src/usv_sim/workspace_gz/plugins/StationkeepingScoringPlugin.cc:275:11:[m[K [01;31m[Kerror: [m[K‘[01m[Kclass vrx::StationkeepingScoringPlugin[m[K’ has no member named ‘[01m[KdataPtr[m[K’
  275 |     this->[01;31m[KdataPtr[m[K->poseError = dist + (pow(k, dist) * headError);
      |           [01;31m[K^~~~~~~[m[K
[01m[K/home/aliomacc/sti_usv/src/usv_sim/workspace_gz/plugins/StationkeepingScoringPlugin.cc:278:11:[m[K [01;31m[Kerror: [m[K‘[01m[Kclass vrx::StationkeepingScoringPlugin[m[K’ has no member named ‘[01m[KdataPtr[m[K’
  278 |     this->[01;31m[KdataPtr[m[K->poseError = dist;
      |           [01;31m[K^~~~~~~[m[K
[01m[K/home/aliomacc/sti_usv/src/usv_sim/workspace_gz/plugins/StationkeepingScoringPlugin.cc:280:9:[m[K [01;31m[Kerror: [m[K‘[01m[Kclass vrx::StationkeepingScoringPlugin[m[K’ has no member named ‘[01m[KdataPtr[m[K’
  280 |   this->[01;31m[KdataPtr[m[K->totalPoseError += this->dataPtr->poseError;
      |         [01;31m[K^~~~~~~[m[K
[01m[K/home/aliomacc/sti_usv/src/usv_sim/workspace_gz/plugins/StationkeepingScoringPlugin.cc:280:42:[m[K [01;31m[Kerror: [m[K‘[01m[Kclass vrx::StationkeepingScoringPlugin[m[K’ has no member named ‘[01m[KdataPtr[m[K’
  280 |   this->dataPtr->totalPoseError += this->[01;31m[KdataPtr[m[K->poseError;
      |                                          [01;31m[K^~~~~~~[m[K
[01m[K/home/aliomacc/sti_usv/src/usv_sim/workspace_gz/plugins/StationkeepingScoringPlugin.cc:281:9:[m[K [01;31m[Kerror: [m[K‘[01m[Kclass vrx::StationkeepingScoringPlugin[m[K’ has no member named ‘[01m[KdataPtr[m[K’
  281 |   this->[01;31m[KdataPtr[m[K->sampleCount++;
      |         [01;31m[K^~~~~~~[m[K
[01m[K/home/aliomacc/sti_usv/src/usv_sim/workspace_gz/plugins/StationkeepingScoringPlugin.cc:283:9:[m[K [01;31m[Kerror: [m[K‘[01m[Kclass vrx::StationkeepingScoringPlugin[m[K’ has no member named ‘[01m[KdataPtr[m[K’
  283 |   this->[01;31m[KdataPtr[m[K->meanError =
      |         [01;31m[K^~~~~~~[m[K
[01m[K/home/aliomacc/sti_usv/src/usv_sim/workspace_gz/plugins/StationkeepingScoringPlugin.cc:284:11:[m[K [01;31m[Kerror: [m[K‘[01m[Kclass vrx::StationkeepingScoringPlugin[m[K’ has no member named ‘[01m[KdataPtr[m[K’
  284 |     this->[01;31m[KdataPtr[m[K->totalPoseError / this->dataPtr->sampleCount;
      |           [01;31m[K^~~~~~~[m[K
[01m[K/home/aliomacc/sti_usv/src/usv_sim/workspace_gz/plugins/StationkeepingScoringPlugin.cc:284:43:[m[K [01;31m[Kerror: [m[K‘[01m[Kclass vrx::StationkeepingScoringPlugin[m[K’ has no member named ‘[01m[KdataPtr[m[K’
  284 |     this->dataPtr->totalPoseError / this->[01;31m[KdataPtr[m[K->sampleCount;
      |                                           [01;31m[K^~~~~~~[m[K
[01m[K/home/aliomacc/sti_usv/src/usv_sim/workspace_gz/plugins/StationkeepingScoringPlugin.cc:286:31:[m[K [01;31m[Kerror: [m[K‘[01m[Kclass vrx::StationkeepingScoringPlugin[m[K’ has no member named ‘[01m[KdataPtr[m[K’
  286 |   poseErrorMsg.set_data(this->[01;31m[KdataPtr[m[K->poseError);
      |                               [01;31m[K^~~~~~~[m[K
[01m[K/home/aliomacc/sti_usv/src/usv_sim/workspace_gz/plugins/StationkeepingScoringPlugin.cc:287:31:[m[K [01;31m[Kerror: [m[K‘[01m[Kclass vrx::StationkeepingScoringPlugin[m[K’ has no member named ‘[01m[KdataPtr[m[K’
  287 |   meanErrorMsg.set_data(this->[01;31m[KdataPtr[m[K->meanError);
      |                               [01;31m[K^~~~~~~[m[K
[01m[K/home/aliomacc/sti_usv/src/usv_sim/workspace_gz/plugins/StationkeepingScoringPlugin.cc:289:9:[m[K [01;31m[Kerror: [m[K‘[01m[Kclass vrx::StationkeepingScoringPlugin[m[K’ has no member named ‘[01m[KdataPtr[m[K’
  289 |   this->[01;31m[KdataPtr[m[K->poseErrorPub.Publish(poseErrorMsg);
      |         [01;31m[K^~~~~~~[m[K
[01m[K/home/aliomacc/sti_usv/src/usv_sim/workspace_gz/plugins/StationkeepingScoringPlugin.cc:290:9:[m[K [01;31m[Kerror: [m[K‘[01m[Kclass vrx::StationkeepingScoringPlugin[m[K’ has no member named ‘[01m[KdataPtr[m[K’
  290 |   this->[01;31m[KdataPtr[m[K->meanErrorPub.Publish(meanErrorMsg);
      |         [01;31m[K^~~~~~~[m[K
[01m[K/home/aliomacc/sti_usv/src/usv_sim/workspace_gz/plugins/StationkeepingScoringPlugin.cc:291:9:[m[K [01;31m[Kerror: [m[K‘[01m[Kclass vrx::StationkeepingScoringPlugin[m[K’ has no member named ‘[01m[KdataPtr[m[K’
  291 |   this->[01;31m[KdataPtr[m[K->goalPub.Publish(this->dataPtr->goalMsg);
      |         [01;31m[K^~~~~~~[m[K
[01m[K/home/aliomacc/sti_usv/src/usv_sim/workspace_gz/plugins/StationkeepingScoringPlugin.cc:291:40:[m[K [01;31m[Kerror: [m[K‘[01m[Kclass vrx::StationkeepingScoringPlugin[m[K’ has no member named ‘[01m[KdataPtr[m[K’
  291 |   this->dataPtr->goalPub.Publish(this->[01;31m[KdataPtr[m[K->goalMsg);
      |                                        [01;31m[K^~~~~~~[m[K
[01m[K/home/aliomacc/sti_usv/src/usv_sim/workspace_gz/plugins/StationkeepingScoringPlugin.cc:292:33:[m[K [01;31m[Kerror: [m[K‘[01m[Kclass vrx::StationkeepingScoringPlugin[m[K’ has no member named ‘[01m[KdataPtr[m[K’
  292 |   ScoringPlugin::SetScore(this->[01;31m[KdataPtr[m[K->meanError);
      |                                 [01;31m[K^~~~~~~[m[K
[01m[K/home/aliomacc/sti_usv/src/usv_sim/workspace_gz/plugins/StationkeepingScoringPlugin.cc:[m[K At global scope:
[01m[K/home/aliomacc/sti_usv/src/usv_sim/workspace_gz/plugins/StationkeepingScoringPlugin.cc:300:66:[m[K [01;31m[Kerror: [m[Kexpected constructor, destructor, or type conversion at end of input
  300 |               vrx::StationkeepingScoringPlugin::ISystemPreUpdate)
      |                                                                  [01;31m[K^[m[K
gmake[2]: *** [CMakeFiles/SimpleHydrodynamics.dir/build.make:76: CMakeFiles/SimpleHydrodynamics.dir/plugins/SimpleHydrodynamics.cc.o] Error 1
gmake[1]: *** [CMakeFiles/Makefile2:257: CMakeFiles/SimpleHydrodynamics.dir/all] Error 2
gmake[1]: *** Bitmemiş işler için bekliyor....
[ 52%] [32mBuilding CXX object CMakeFiles/WayfindingScoringPlugin.dir/plugins/WaypointMarkers.cc.o[0m
In file included from [01m[K/home/aliomacc/sti_usv/src/usv_sim/workspace_gz/plugins/WayfindingScoringPlugin.hh:31[m[K,
                 from [01m[K/home/aliomacc/sti_usv/src/usv_sim/workspace_gz/plugins/WayfindingScoringPlugin.cc:34[m[K:
[01m[K/home/aliomacc/sti_usv/src/usv_sim/workspace_gz/plugins/ScoringPlugin.hh:217:30:[m[K [01;31m[Kerror: [m[K‘[01m[KdataPtr[m[K’ has not been declared
  217 |     GZ_UTILS_UNIQUE_IMPL_PTR([01;31m[KdataPtr[m[K)
      |                              [01;31m[K^~~~~~~[m[K
[01m[K/home/aliomacc/sti_usv/src/usv_sim/workspace_gz/plugins/ScoringPlugin.hh:217:5:[m[K [01;31m[Kerror: [m[KISO C++ forbids declaration of ‘[01m[KGZ_UTILS_UNIQUE_IMPL_PTR[m[K’ with no type [[01;31m[K]8;;https://gcc.gnu.org/onlinedocs/gcc/Warning-Options.html#index-fpermissive-fpermissive]8;;[m[K]
  217 |     [01;31m[KGZ_UTILS_UNIQUE_IMPL_PTR[m[K(dataPtr)
      |     [01;31m[K^~~~~~~~~~~~~~~~~~~~~~~~[m[K
[01m[K/home/aliomacc/sti_usv/src/usv_sim/workspace_gz/plugins/ScoringPlugin.hh:217:37:[m[K [01;31m[Kerror: [m[Kexpected ‘[01m[K;[m[K’ at end of member declaration
  217 |     GZ_UTILS_UNIQUE_IMPL_PTR(dataPtr[01;31m[K)[m[K
      |                                     [01;31m[K^[m[K
      |                                      [32m[K;[m[K
In file included from [01m[K/home/aliomacc/sti_usv/src/usv_sim/workspace_gz/plugins/WayfindingScoringPlugin.cc:34[m[K:
[01m[K/home/aliomacc/sti_usv/src/usv_sim/workspace_gz/plugins/WayfindingScoringPlugin.hh:83:28:[m[K [01;31m[Kerror: [m[K‘[01m[KdataPtr[m[K’ has not been declared
   83 |   GZ_UTILS_UNIQUE_IMPL_PTR([01;31m[KdataPtr[m[K)
      |                            [01;31m[K^~~~~~~[m[K
[01m[K/home/aliomacc/sti_usv/src/usv_sim/workspace_gz/plugins/WayfindingScoringPlugin.hh:83:3:[m[K [01;31m[Kerror: [m[KISO C++ forbids declaration of ‘[01m[KGZ_UTILS_UNIQUE_IMPL_PTR[m[K’ with no type [[01;31m[K]8;;https://gcc.gnu.org/onlinedocs/gcc/Warning-Options.html#index-fpermissive-fpermissive]8;;[m[K]
   83 |   [01;31m[KGZ_UTILS_UNIQUE_IMPL_PTR[m[K(dataPtr)
      |   [01;31m[K^~~~~~~~~~~~~~~~~~~~~~~~[m[K
[01m[K/home/aliomacc/sti_usv/src/usv_sim/workspace_gz/plugins/WayfindingScoringPlugin.hh:83:35:[m[K [01;31m[Kerror: [m[Kexpected ‘[01m[K;[m[K’ at end of member declaration
   83 |   GZ_UTILS_UNIQUE_IMPL_PTR(dataPtr[01;31m[K)[m[K
      |                                   [01;31m[K^[m[K
      |                                    [32m[K;[m[K
[01m[K/home/aliomacc/sti_usv/src/usv_sim/workspace_gz/plugins/WayfindingScoringPlugin.cc:42:1:[m[K [01;31m[Kerror: [m[Kqualified name does not name a class before ‘[01m[K{[m[K’ token
   42 | [01;31m[K{[m[K
      | [01;31m[K^[m[K
[01m[K/home/aliomacc/sti_usv/src/usv_sim/workspace_gz/plugins/WayfindingScoringPlugin.cc:[m[K In constructor ‘[01m[Kvrx::WayfindingScoringPlugin::WayfindingScoringPlugin()[m[K’:
[01m[K/home/aliomacc/sti_usv/src/usv_sim/workspace_gz/plugins/WayfindingScoringPlugin.cc:100:5:[m[K [01;31m[Kerror: [m[Kclass ‘[01m[Kvrx::WayfindingScoringPlugin[m[K’ does not have any field named ‘[01m[KdataPtr[m[K’
  100 |     [01;31m[KdataPtr[m[K(utils::MakeUniqueImpl<Implementation>())
      |     [01;31m[K^~~~~~~[m[K
In file included from [01m[K/home/aliomacc/sti_usv/src/usv_sim/workspace_gz/plugins/Surface.cc:33[m[K:
[01m[K/home/aliomacc/sti_usv/src/usv_sim/workspace_gz/plugins/Surface.hh:161:30:[m[K [01;31m[Kerror: [m[K‘[01m[KdataPtr[m[K’ has not been declared
  161 |     GZ_UTILS_UNIQUE_IMPL_PTR([01;31m[KdataPtr[m[K)
      |                              [01;31m[K^~~~~~~[m[K
[01m[K/home/aliomacc/sti_usv/src/usv_sim/workspace_gz/plugins/Surface.hh:161:5:[m[K [01;31m[Kerror: [m[KISO C++ forbids declaration of ‘[01m[KGZ_UTILS_UNIQUE_IMPL_PTR[m[K’ with no type [[01;31m[K]8;;https://gcc.gnu.org/onlinedocs/gcc/Warning-Options.html#index-fpermissive-fpermissive]8;;[m[K]
  161 |     [01;31m[KGZ_UTILS_UNIQUE_IMPL_PTR[m[K(dataPtr)
      |     [01;31m[K^~~~~~~~~~~~~~~~~~~~~~~~[m[K
[01m[K/home/aliomacc/sti_usv/src/usv_sim/workspace_gz/plugins/Surface.hh:161:37:[m[K [01;31m[Kerror: [m[Kexpected ‘[01m[K;[m[K’ at end of member declaration
  161 |     GZ_UTILS_UNIQUE_IMPL_PTR(dataPtr[01;31m[K)[m[K
      |                                     [01;31m[K^[m[K
      |                                      [32m[K;[m[K
[01m[K/home/aliomacc/sti_usv/src/usv_sim/workspace_gz/plugins/Surface.cc:41:1:[m[K [01;31m[Kerror: [m[Kqualified name does not name a class before ‘[01m[K{[m[K’ token
   41 | [01;31m[K{[m[K
      | [01;31m[K^[m[K
[01m[K/home/aliomacc/sti_usv/src/usv_sim/workspace_gz/plugins/Surface.cc:84:15:[m[K [01;31m[Kerror: [m[K‘[01m[Kvrx::Surface::Implementation[m[K’ has not been declared
   84 | void Surface::[01;31m[KImplementation[m[K::ParsePoints(
      |               [01;31m[K^~~~~~~~~~~~~~[m[K
[01m[K/home/aliomacc/sti_usv/src/usv_sim/workspace_gz/plugins/WayfindingScoringPlugin.cc:100:35:[m[K [01;31m[Kerror: [m[K‘[01m[KImplementation[m[K’ was not declared in this scope
  100 |     dataPtr(utils::MakeUniqueImpl<[01;31m[KImplementation[m[K>())
      |                                   [01;31m[K^~~~~~~~~~~~~~[m[K
[01m[K/home/aliomacc/sti_usv/src/usv_sim/workspace_gz/plugins/WayfindingScoringPlugin.cc:100:50:[m[K [01;31m[Kerror: [m[Kno matching function for call to ‘[01m[KMakeUniqueImpl<<expression error> >()[m[K’
  100 |     dataPtr([01;31m[Kutils::MakeUniqueImpl<Implementation>()[m[K)
      |             [01;31m[K~~~~~~~~~~~~~~~~~~~~~~~~~~~~~~~~~~~~~^~[m[K
In file included from [01m[K/usr/include/ignition/utils1/gz/utils/ImplPtr.hh:259[m[K,
                 from [01m[K/usr/include/ignition/sdformat12/sdf/Sensor.hh:23[m[K,
                 from [01m[K/usr/include/ignition/gazebo6/gz/sim/components/Serialization.hh:35[m[K,
                 from [01m[K/usr/include/ignition/gazebo6/gz/sim/components/Name.hh:23[m[K,
                 from [01m[K/home/aliomacc/sti_usv/src/usv_sim/workspace_gz/plugins/WayfindingScoringPlugin.cc:22[m[K:
[01m[K/usr/include/ignition/utils1/gz/utils/detail/ImplPtr.hh:142:22:[m[K [01;36m[Knote: [m[Kcandidate: ‘[01m[Ktemplate<class T, class ... Args> ignition::utils::UniqueImplPtr<T> ignition::utils::MakeUniqueImpl(Args&& ...)[m[K’
  142 |     UniqueImplPtr<T> [01;36m[KMakeUniqueImpl[m[K(Args &&...args)
      |                      [01;36m[K^~~~~~~~~~~~~~[m[K
[01m[K/usr/include/ignition/utils1/gz/utils/detail/ImplPtr.hh:142:22:[m[K [01;36m[Knote: [m[K  template argument deduction/substitution failed:
[01m[K/home/aliomacc/sti_usv/src/usv_sim/workspace_gz/plugins/WayfindingScoringPlugin.cc:100:50:[m[K [01;31m[Kerror: [m[Ktemplate argument 1 is invalid
  100 |     dataPtr([01;31m[Kutils::MakeUniqueImpl<Implementation>()[m[K)
      |             [01;31m[K~~~~~~~~~~~~~~~~~~~~~~~~~~~~~~~~~~~~~^~[m[K
[01m[K/home/aliomacc/sti_usv/src/usv_sim/workspace_gz/plugins/Surface.cc:[m[K In function ‘[01m[Kvoid ParsePoints(const std::shared_ptr<const sdf::v12::Element>&)[m[K’:
[01m[K/home/aliomacc/sti_usv/src/usv_sim/workspace_gz/plugins/Surface.cc:104:5:[m[K [01;31m[Kerror: [m[Kinvalid use of ‘[01m[Kthis[m[K’ in non-member function
  104 |     [01;31m[Kthis[m[K->points.push_back(point);
      |     [01;31m[K^~~~[m[K
[01m[K/home/aliomacc/sti_usv/src/usv_sim/workspace_gz/plugins/Surface.cc:[m[K At global scope:
[01m[K/home/aliomacc/sti_usv/src/usv_sim/workspace_gz/plugins/Surface.cc:112:15:[m[K [01;31m[Kerror: [m[K‘[01m[Kvrx::Surface::Implementation[m[K’ has not been declared
  112 | void Surface::[01;31m[KImplementation[m[K::OnWavefield(const msgs::Param &_msg)
      |               [01;31m[K^~~~~~~~~~~~~~[m[K
[01m[K/home/aliomacc/sti_usv/src/usv_sim/workspace_gz/plugins/Surface.cc:[m[K In function ‘[01m[Kvoid OnWavefield(const ignition::msgs::Param&)[m[K’:
[01m[K/home/aliomacc/sti_usv/src/usv_sim/workspace_gz/plugins/Surface.cc:114:36:[m[K [01;31m[Kerror: [m[Kinvalid use of ‘[01m[Kthis[m[K’ in non-member function
  114 |   std::lock_guard<std::mutex> lock([01;31m[Kthis[m[K->mutex);
      |                                    [01;31m[K^~~~[m[K
[01m[K/home/aliomacc/sti_usv/src/usv_sim/workspace_gz/plugins/Surface.cc:115:3:[m[K [01;31m[Kerror: [m[Kinvalid use of ‘[01m[Kthis[m[K’ in non-member function
  115 |   [01;31m[Kthis[m[K->wavefield.Load(_msg);
      |   [01;31m[K^~~~[m[K
[01m[K/home/aliomacc/sti_usv/src/usv_sim/workspace_gz/plugins/Surface.cc:[m[K In constructor ‘[01m[Kvrx::Surface::Surface()[m[K’:
[01m[K/home/aliomacc/sti_usv/src/usv_sim/workspace_gz/plugins/Surface.cc:120:15:[m[K [01;31m[Kerror: [m[Kclass ‘[01m[Kvrx::Surface[m[K’ does not have any field named ‘[01m[KdataPtr[m[K’
  120 |   : System(), [01;31m[KdataPtr[m[K(utils::MakeUniqueImpl<Implementation>())
      |               [01;31m[K^~~~~~~[m[K
[01m[K/home/aliomacc/sti_usv/src/usv_sim/workspace_gz/plugins/WayfindingScoringPlugin.cc:[m[K In member function ‘[01m[Kvirtual void vrx::WayfindingScoringPlugin::Configure(const Entity&, const std::shared_ptr<const sdf::v12::Element>&, ignition::gazebo::v6::EntityComponentManager&, ignition::gazebo::v6::EventManager&)[m[K’:
[01m[K/home/aliomacc/sti_usv/src/usv_sim/workspace_gz/plugins/WayfindingScoringPlugin.cc:118:9:[m[K [01;31m[Kerror: [m[K‘[01m[Kclass vrx::WayfindingScoringPlugin[m[K’ has no member named ‘[01m[KdataPtr[m[K’
  118 |   this->[01;31m[KdataPtr[m[K->sdf = _sdf->Clone();
      |         [01;31m[K^~~~~~~[m[K
[01m[K/home/aliomacc/sti_usv/src/usv_sim/workspace_gz/plugins/WayfindingScoringPlugin.cc:123:9:[m[K [01;31m[Kerror: [m[K‘[01m[Kclass vrx::WayfindingScoringPlugin[m[K’ has no member named ‘[01m[KdataPtr[m[K’
  123 |   this->[01;31m[KdataPtr[m[K->sc = world.SphericalCoordinates(_ecm).value();
      |         [01;31m[K^~~~~~~[m[K
[01m[K/home/aliomacc/sti_usv/src/usv_sim/workspace_gz/plugins/Surface.cc:120:45:[m[K [01;31m[Kerror: [m[K‘[01m[KImplementation[m[K’ was not declared in this scope
  120 |   : System(), dataPtr(utils::MakeUniqueImpl<[01;31m[KImplementation[m[K>())
      |                                             [01;31m[K^~~~~~~~~~~~~~[m[K
[01m[K/home/aliomacc/sti_usv/src/usv_sim/workspace_gz/plugins/Surface.cc:120:60:[m[K [01;31m[Kerror: [m[Kno matching function for call to ‘[01m[KMakeUniqueImpl<<expression error> >()[m[K’
  120 |   : System(), dataPtr([01;31m[Kutils::MakeUniqueImpl<Implementation>()[m[K)
      |                       [01;31m[K~~~~~~~~~~~~~~~~~~~~~~~~~~~~~~~~~~~~~^~[m[K
In file included from [01m[K/usr/include/ignition/utils1/gz/utils/ImplPtr.hh:259[m[K,
                 from [01m[K/usr/include/ignition/sdformat12/sdf/Actor.hh:24[m[K,
                 from [01m[K/usr/include/ignition/sdformat12/sdformat.hh:23[m[K,
                 from [01m[K/usr/include/ignition/sdformat12/sdf/sdf.hh:23[m[K,
                 from [01m[K/home/aliomacc/sti_usv/src/usv_sim/workspace_gz/plugins/Surface.cc:24[m[K:
[01m[K/usr/include/ignition/utils1/gz/utils/detail/ImplPtr.hh:142:22:[m[K [01;36m[Knote: [m[Kcandidate: ‘[01m[Ktemplate<class T, class ... Args> ignition::utils::UniqueImplPtr<T> ignition::utils::MakeUniqueImpl(Args&& ...)[m[K’
  142 |     UniqueImplPtr<T> [01;36m[KMakeUniqueImpl[m[K(Args &&...args)
      |                      [01;36m[K^~~~~~~~~~~~~~[m[K
[01m[K/usr/include/ignition/utils1/gz/utils/detail/ImplPtr.hh:142:22:[m[K [01;36m[Knote: [m[K  template argument deduction/substitution failed:
[01m[K/home/aliomacc/sti_usv/src/usv_sim/workspace_gz/plugins/Surface.cc:120:60:[m[K [01;31m[Kerror: [m[Ktemplate argument 1 is invalid
  120 |   : System(), dataPtr([01;31m[Kutils::MakeUniqueImpl<Implementation>()[m[K)
      |                       [01;31m[K~~~~~~~~~~~~~~~~~~~~~~~~~~~~~~~~~~~~~^~[m[K
[01m[K/home/aliomacc/sti_usv/src/usv_sim/workspace_gz/plugins/Surface.cc:[m[K In member function ‘[01m[Kvirtual void vrx::Surface::Configure(const Entity&, const std::shared_ptr<const sdf::v12::Element>&, ignition::gazebo::v6::EntityComponentManager&, ignition::gazebo::v6::EventManager&)[m[K’:
[01m[K/home/aliomacc/sti_usv/src/usv_sim/workspace_gz/plugins/Surface.cc:139:9:[m[K [01;31m[Kerror: [m[K‘[01m[Kclass vrx::Surface[m[K’ has no member named ‘[01m[KdataPtr[m[K’
  139 |   this->[01;31m[KdataPtr[m[K->link = sim::Link(model.LinkByName(_ecm, linkName));
      |         [01;31m[K^~~~~~~[m[K
[01m[K/home/aliomacc/sti_usv/src/usv_sim/workspace_gz/plugins/Surface.cc:140:14:[m[K [01;31m[Kerror: [m[K‘[01m[Kclass vrx::Surface[m[K’ has no member named ‘[01m[KdataPtr[m[K’
  140 |   if (!this->[01;31m[KdataPtr[m[K->link.Valid(_ecm))
      |              [01;31m[K^~~~~~~[m[K
[01m[K/home/aliomacc/sti_usv/src/usv_sim/workspace_gz/plugins/Surface.cc:153:11:[m[K [01;31m[Kerror: [m[K‘[01m[Kclass vrx::Surface[m[K’ has no member named ‘[01m[KdataPtr[m[K’
  153 |     this->[01;31m[KdataPtr[m[K->hullLength = _sdf->Get<double>("hull_length");
      |           [01;31m[K^~~~~~~[m[K
[01m[K/home/aliomacc/sti_usv/src/usv_sim/workspace_gz/plugins/Surface.cc:158:11:[m[K [01;31m[Kerror: [m[K‘[01m[Kclass vrx::Surface[m[K’ has no member named ‘[01m[KdataPtr[m[K’
  158 |     this->[01;31m[KdataPtr[m[K->hullRadius = _sdf->Get<double>("hull_radius");
      |           [01;31m[K^~~~~~~[m[K
[01m[K/home/aliomacc/sti_usv/src/usv_sim/workspace_gz/plugins/Surface.cc:163:11:[m[K [01;31m[Kerror: [m[K‘[01m[Kclass vrx::Surface[m[K’ has no member named ‘[01m[KdataPtr[m[K’
  163 |     this->[01;31m[KdataPtr[m[K->fluidLevel = _sdf->Get<double>("fluid_level");
      |           [01;31m[K^~~~~~~[m[K
[01m[K/home/aliomacc/sti_usv/src/usv_sim/workspace_gz/plugins/Surface.cc:168:11:[m[K [01;31m[Kerror: [m[K‘[01m[Kclass vrx::Surface[m[K’ has no member named ‘[01m[KdataPtr[m[K’
  168 |     this->[01;31m[KdataPtr[m[K->fluidDensity = _sdf->Get<double>("fluid_density");
      |           [01;31m[K^~~~~~~[m[K
[01m[K/home/aliomacc/sti_usv/src/usv_sim/workspace_gz/plugins/Surface.cc:172:9:[m[K [01;31m[Kerror: [m[K‘[01m[Kclass vrx::Surface[m[K’ has no member named ‘[01m[KdataPtr[m[K’
  172 |   this->[01;31m[KdataPtr[m[K->ParsePoints(_sdf);
      |         [01;31m[K^~~~~~~[m[K
[01m[K/home/aliomacc/sti_usv/src/usv_sim/workspace_gz/plugins/WayfindingScoringPlugin.cc:126:14:[m[K [01;31m[Kerror: [m[K‘[01m[Kclass vrx::WayfindingScoringPlugin[m[K’ has no member named ‘[01m[KdataPtr[m[K’
  126 |   if (!this->[01;31m[KdataPtr[m[K->sdf->HasElement("waypoints"))
      |              [01;31m[K^~~~~~~[m[K
[01m[K/home/aliomacc/sti_usv/src/usv_sim/workspace_gz/plugins/WayfindingScoringPlugin.cc:131:30:[m[K [01;31m[Kerror: [m[K‘[01m[Kclass vrx::WayfindingScoringPlugin[m[K’ has no member named ‘[01m[KdataPtr[m[K’
  131 |   auto waypointsElem = this->[01;31m[KdataPtr[m[K->sdf->GetElement("waypoints");
      |                              [01;31m[K^~~~~~~[m[K
[01m[K/home/aliomacc/sti_usv/src/usv_sim/workspace_gz/plugins/Surface.cc:183:9:[m[K [01;31m[Kerror: [m[K‘[01m[Kclass vrx::Surface[m[K’ has no member named ‘[01m[KdataPtr[m[K’
  183 |   this->[01;31m[KdataPtr[m[K->gravity = *gravityOpt;
      |         [01;31m[K^~~~~~~[m[K
[01m[K/home/aliomacc/sti_usv/src/usv_sim/workspace_gz/plugins/Surface.cc:186:9:[m[K [01;31m[Kerror: [m[K‘[01m[Kclass vrx::Surface[m[K’ has no member named ‘[01m[KdataPtr[m[K’
  186 |   this->[01;31m[KdataPtr[m[K->wavefield.Load(_sdf);
      |         [01;31m[K^~~~~~~[m[K
[01m[K/home/aliomacc/sti_usv/src/usv_sim/workspace_gz/plugins/WayfindingScoringPlugin.cc:143:64:[m[K [01;31m[Kerror: [m[Kexpected primary-expression before ‘[01m[K>[m[K’ token
  143 |     math::Vector3d latlonyaw = waypointElem->Get<math::Vector3d[01;31m[K>[m[K("pose");
      |                                                                [01;31m[K^[m[K
[01m[K/home/aliomacc/sti_usv/src/usv_sim/workspace_gz/plugins/WayfindingScoringPlugin.cc:150:13:[m[K [01;31m[Kerror: [m[K‘[01m[Kclass vrx::WayfindingScoringPlugin[m[K’ has no member named ‘[01m[KdataPtr[m[K’
  150 |       this->[01;31m[KdataPtr[m[K->sc.LocalFromSphericalPosition(scVec);
      |             [01;31m[K^~~~~~~[m[K
[01m[K/home/aliomacc/sti_usv/src/usv_sim/workspace_gz/plugins/Surface.cc:191:45:[m[K [01;31m[Kerror: [m[K‘[01m[Kclass vrx::Surface[m[K’ has no member named ‘[01m[KdataPtr[m[K’
  191 |   igndbg << "  <vehicle_length>: " << this->[01;31m[KdataPtr[m[K->hullLength << std::endl;
      |                                             [01;31m[K^~~~~~~[m[K
[01m[K/home/aliomacc/sti_usv/src/usv_sim/workspace_gz/plugins/WayfindingScoringPlugin.cc:156:21:[m[K [01;31m[Kerror: [m[K‘[01m[Kclass vrx::WayfindingScoringPlugin[m[K’ has no member named ‘[01m[KdataPtr[m[K’
  156 |     msgs::Set(this->[01;31m[KdataPtr[m[K->waypointsMessage.add_pose(),pose);
      |                     [01;31m[K^~~~~~~[m[K
[01m[K/home/aliomacc/sti_usv/src/usv_sim/workspace_gz/plugins/Surface.cc:192:42:[m[K [01;31m[Kerror: [m[K‘[01m[Kclass vrx::Surface[m[K’ has no member named ‘[01m[KdataPtr[m[K’
  192 |   igndbg << "  <hull_radius>: " << this->[01;31m[KdataPtr[m[K->hullRadius << std::endl;
      |                                          [01;31m[K^~~~~~~[m[K
[01m[K/home/aliomacc/sti_usv/src/usv_sim/workspace_gz/plugins/WayfindingScoringPlugin.cc:159:11:[m[K [01;31m[Kerror: [m[K‘[01m[Kclass vrx::WayfindingScoringPlugin[m[K’ has no member named ‘[01m[KdataPtr[m[K’
  159 |     this->[01;31m[KdataPtr[m[K->sphericalWaypoints.push_back(latlonyaw);
      |           [01;31m[K^~~~~~~[m[K
[01m[K/home/aliomacc/sti_usv/src/usv_sim/workspace_gz/plugins/WayfindingScoringPlugin.cc:160:11:[m[K [01;31m[Kerror: [m[K‘[01m[Kclass vrx::WayfindingScoringPlugin[m[K’ has no member named ‘[01m[KdataPtr[m[K’
  160 |     this->[01;31m[KdataPtr[m[K->localWaypoints.push_back(cartVec);
      |           [01;31m[K^~~~~~~[m[K
[01m[K/home/aliomacc/sti_usv/src/usv_sim/workspace_gz/plugins/Surface.cc:193:42:[m[K [01;31m[Kerror: [m[K‘[01m[Kclass vrx::Surface[m[K’ has no member named ‘[01m[KdataPtr[m[K’
  193 |   igndbg << "  <fluid_level>: " << this->[01;31m[KdataPtr[m[K->fluidLevel << std::endl;
      |                                          [01;31m[K^~~~~~~[m[K
[01m[K/home/aliomacc/sti_usv/src/usv_sim/workspace_gz/plugins/Surface.cc:194:44:[m[K [01;31m[Kerror: [m[K‘[01m[Kclass vrx::Surface[m[K’ has no member named ‘[01m[KdataPtr[m[K’
  194 |   igndbg << "  <fluid_density>: " << this->[01;31m[KdataPtr[m[K->fluidDensity << std::endl;
      |                                            [01;31m[K^~~~~~~[m[K
[01m[K/home/aliomacc/sti_usv/src/usv_sim/workspace_gz/plugins/Surface.cc:196:30:[m[K [01;31m[Kerror: [m[K‘[01m[Kclass vrx::Surface[m[K’ has no member named ‘[01m[KdataPtr[m[K’
  196 |   for (const auto &p : this->[01;31m[KdataPtr[m[K->points)
      |                              [01;31m[K^~~~~~~[m[K
[01m[K/home/aliomacc/sti_usv/src/usv_sim/workspace_gz/plugins/Surface.cc:200:9:[m[K [01;31m[Kerror: [m[K‘[01m[Kclass vrx::Surface[m[K’ has no member named ‘[01m[KdataPtr[m[K’
  200 |   this->[01;31m[KdataPtr[m[K->node.Subscribe(this->dataPtr->wavefield.Topic(),
      |         [01;31m[K^~~~~~~[m[K
[01m[K/home/aliomacc/sti_usv/src/usv_sim/workspace_gz/plugins/Surface.cc:200:39:[m[K [01;31m[Kerror: [m[K‘[01m[Kclass vrx::Surface[m[K’ has no member named ‘[01m[KdataPtr[m[K’
  200 |   this->dataPtr->node.Subscribe(this->[01;31m[KdataPtr[m[K->wavefield.Topic(),
      |                                       [01;31m[K^~~~~~~[m[K
[01m[K/home/aliomacc/sti_usv/src/usv_sim/workspace_gz/plugins/Surface.cc:201:15:[m[K [01;31m[Kerror: [m[K‘[01m[Kvrx::Surface::Implementation[m[K’ has not been declared
  201 |     &Surface::[01;31m[KImplementation[m[K::OnWavefield, this->dataPtr.get());
      |               [01;31m[K^~~~~~~~~~~~~~[m[K
[01m[K/home/aliomacc/sti_usv/src/usv_sim/workspace_gz/plugins/Surface.cc:201:50:[m[K [01;31m[Kerror: [m[K‘[01m[Kclass vrx::Surface[m[K’ has no member named ‘[01m[KdataPtr[m[K’
  201 |     &Surface::Implementation::OnWavefield, this->[01;31m[KdataPtr[m[K.get());
      |                                                  [01;31m[K^~~~~~~[m[K
[01m[K/home/aliomacc/sti_usv/src/usv_sim/workspace_gz/plugins/WayfindingScoringPlugin.cc:176:13:[m[K [01;31m[Kerror: [m[K‘[01m[Kclass vrx::WayfindingScoringPlugin[m[K’ has no member named ‘[01m[KdataPtr[m[K’
  176 |   if (this->[01;31m[KdataPtr[m[K->sdf->HasElement("waypoints_topic"))
      |             [01;31m[K^~~~~~~[m[K
[01m[K/home/aliomacc/sti_usv/src/usv_sim/workspace_gz/plugins/WayfindingScoringPlugin.cc:178:11:[m[K [01;31m[Kerror: [m[K‘[01m[Kclass vrx::WayfindingScoringPlugin[m[K’ has no member named ‘[01m[KdataPtr[m[K’
  178 |     this->[01;31m[KdataPtr[m[K->waypointsTopic =
      |           [01;31m[K^~~~~~~[m[K
[01m[K/home/aliomacc/sti_usv/src/usv_sim/workspace_gz/plugins/WayfindingScoringPlugin.cc:179:13:[m[K [01;31m[Kerror: [m[K‘[01m[Kclass vrx::WayfindingScoringPlugin[m[K’ has no member named ‘[01m[KdataPtr[m[K’
  179 |       this->[01;31m[KdataPtr[m[K->sdf->Get<std::string>("waypoints_topic");
      |             [01;31m[K^~~~~~~[m[K
[01m[K/home/aliomacc/sti_usv/src/usv_sim/workspace_gz/plugins/WayfindingScoringPlugin.cc:179:42:[m[K [01;31m[Kerror: [m[Kexpected primary-expression before ‘[01m[K>[m[K’ token
  179 |       this->dataPtr->sdf->Get<std::string[01;31m[K>[m[K("waypoints_topic");
      |                                          [01;31m[K^[m[K
[01m[K/home/aliomacc/sti_usv/src/usv_sim/workspace_gz/plugins/WayfindingScoringPlugin.cc:182:9:[m[K [01;31m[Kerror: [m[K‘[01m[Kclass vrx::WayfindingScoringPlugin[m[K’ has no member named ‘[01m[KdataPtr[m[K’
  182 |   this->[01;31m[KdataPtr[m[K->waypointsPub = this->dataPtr->node.Advertise<msgs::Pose_V>(
      |         [01;31m[K^~~~~~~[m[K
[01m[K/home/aliomacc/sti_usv/src/usv_sim/workspace_gz/plugins/WayfindingScoringPlugin.cc:182:39:[m[K [01;31m[Kerror: [m[K‘[01m[Kclass vrx::WayfindingScoringPlugin[m[K’ has no member named ‘[01m[KdataPtr[m[K’
  182 |   this->dataPtr->waypointsPub = this->[01;31m[KdataPtr[m[K->node.Advertise<msgs::Pose_V>(
      |                                       [01;31m[K^~~~~~~[m[K
[01m[K/home/aliomacc/sti_usv/src/usv_sim/workspace_gz/plugins/WayfindingScoringPlugin.cc:182:75:[m[K [01;31m[Kerror: [m[Kexpected primary-expression before ‘[01m[K>[m[K’ token
  182 |   this->dataPtr->waypointsPub = this->dataPtr->node.Advertise<msgs::Pose_V[01;31m[K>[m[K(
      |                                                                           [01;31m[K^[m[K
[01m[K/home/aliomacc/sti_usv/src/usv_sim/workspace_gz/plugins/WayfindingScoringPlugin.cc:183:11:[m[K [01;31m[Kerror: [m[K‘[01m[Kclass vrx::WayfindingScoringPlugin[m[K’ has no member named ‘[01m[KdataPtr[m[K’
  183 |     this->[01;31m[KdataPtr[m[K->waypointsTopic, opts);
      |           [01;31m[K^~~~~~~[m[K
[01m[K/home/aliomacc/sti_usv/src/usv_sim/workspace_gz/plugins/WayfindingScoringPlugin.cc:186:11:[m[K [01;31m[Kerror: [m[K‘[01m[Kclass vrx::WayfindingScoringPlugin[m[K’ has no member named ‘[01m[KdataPtr[m[K’
  186 |     this->[01;31m[KdataPtr[m[K->minErrorsTopic = _sdf->Get<std::string>("min_errors_topic");
      |           [01;31m[K^~~~~~~[m[K
[01m[K/home/aliomacc/sti_usv/src/usv_sim/workspace_gz/plugins/WayfindingScoringPlugin.cc:188:9:[m[K [01;31m[Kerror: [m[K‘[01m[Kclass vrx::WayfindingScoringPlugin[m[K’ has no member named ‘[01m[KdataPtr[m[K’
  188 |   this->[01;31m[KdataPtr[m[K->minErrorsPub = this->dataPtr->node.Advertise<msgs::Float_V>(
      |         [01;31m[K^~~~~~~[m[K
[01m[K/home/aliomacc/sti_usv/src/usv_sim/workspace_gz/plugins/WayfindingScoringPlugin.cc:188:39:[m[K [01;31m[Kerror: [m[K‘[01m[Kclass vrx::WayfindingScoringPlugin[m[K’ has no member named ‘[01m[KdataPtr[m[K’
  188 |   this->dataPtr->minErrorsPub = this->[01;31m[KdataPtr[m[K->node.Advertise<msgs::Float_V>(
      |                                       [01;31m[K^~~~~~~[m[K
[01m[K/home/aliomacc/sti_usv/src/usv_sim/workspace_gz/plugins/WayfindingScoringPlugin.cc:188:76:[m[K [01;31m[Kerror: [m[Kexpected primary-expression before ‘[01m[K>[m[K’ token
  188 |   this->dataPtr->minErrorsPub = this->dataPtr->node.Advertise<msgs::Float_V[01;31m[K>[m[K(
      |                                                                            [01;31m[K^[m[K
[01m[K/home/aliomacc/sti_usv/src/usv_sim/workspace_gz/plugins/WayfindingScoringPlugin.cc:189:11:[m[K [01;31m[Kerror: [m[K‘[01m[Kclass vrx::WayfindingScoringPlugin[m[K’ has no member named ‘[01m[KdataPtr[m[K’
  189 |     this->[01;31m[KdataPtr[m[K->minErrorsTopic, opts);
      |           [01;31m[K^~~~~~~[m[K
[01m[K/home/aliomacc/sti_usv/src/usv_sim/workspace_gz/plugins/WayfindingScoringPlugin.cc:192:11:[m[K [01;31m[Kerror: [m[K‘[01m[Kclass vrx::WayfindingScoringPlugin[m[K’ has no member named ‘[01m[KdataPtr[m[K’
  192 |     this->[01;31m[KdataPtr[m[K->meanErrorTopic = _sdf->Get<std::string>("mean_error_topic");
      |           [01;31m[K^~~~~~~[m[K
[01m[K/home/aliomacc/sti_usv/src/usv_sim/workspace_gz/plugins/WayfindingScoringPlugin.cc:194:9:[m[K [01;31m[Kerror: [m[K‘[01m[Kclass vrx::WayfindingScoringPlugin[m[K’ has no member named ‘[01m[KdataPtr[m[K’
  194 |   this->[01;31m[KdataPtr[m[K->meanErrorPub = this->dataPtr->node.Advertise<msgs::Float>(
      |         [01;31m[K^~~~~~~[m[K
[01m[K/home/aliomacc/sti_usv/src/usv_sim/workspace_gz/plugins/WayfindingScoringPlugin.cc:194:39:[m[K [01;31m[Kerror: [m[K‘[01m[Kclass vrx::WayfindingScoringPlugin[m[K’ has no member named ‘[01m[KdataPtr[m[K’
  194 |   this->dataPtr->meanErrorPub = this->[01;31m[KdataPtr[m[K->node.Advertise<msgs::Float>(
      |                                       [01;31m[K^~~~~~~[m[K
[01m[K/home/aliomacc/sti_usv/src/usv_sim/workspace_gz/plugins/WayfindingScoringPlugin.cc:194:74:[m[K [01;31m[Kerror: [m[Kexpected primary-expression before ‘[01m[K>[m[K’ token
  194 |   this->dataPtr->meanErrorPub = this->dataPtr->node.Advertise<msgs::Float[01;31m[K>[m[K(
      |                                                                          [01;31m[K^[m[K
[01m[K/home/aliomacc/sti_usv/src/usv_sim/workspace_gz/plugins/WayfindingScoringPlugin.cc:195:11:[m[K [01;31m[Kerror: [m[K‘[01m[Kclass vrx::WayfindingScoringPlugin[m[K’ has no member named ‘[01m[KdataPtr[m[K’
  195 |     this->[01;31m[KdataPtr[m[K->meanErrorTopic, opts);
      |           [01;31m[K^~~~~~~[m[K
[01m[K/home/aliomacc/sti_usv/src/usv_sim/workspace_gz/plugins/WayfindingScoringPlugin.cc:199:11:[m[K [01;31m[Kerror: [m[K‘[01m[Kclass vrx::WayfindingScoringPlugin[m[K’ has no member named ‘[01m[KdataPtr[m[K’
  199 |     this->[01;31m[KdataPtr[m[K->waypointMarkers.Load(
      |           [01;31m[K^~~~~~~[m[K
[01m[K/home/aliomacc/sti_usv/src/usv_sim/workspace_gz/plugins/WayfindingScoringPlugin.cc:200:13:[m[K [01;31m[Kerror: [m[K‘[01m[Kclass vrx::WayfindingScoringPlugin[m[K’ has no member named ‘[01m[KdataPtr[m[K’
  200 |       this->[01;31m[KdataPtr[m[K->sdf->GetElement("markers"));
      |             [01;31m[K^~~~~~~[m[K
[01m[K/home/aliomacc/sti_usv/src/usv_sim/workspace_gz/plugins/WayfindingScoringPlugin.cc:202:38:[m[K [01;31m[Kerror: [m[K‘[01m[Kclass vrx::WayfindingScoringPlugin[m[K’ has no member named ‘[01m[KdataPtr[m[K’
  202 |     for (const auto waypoint : this->[01;31m[KdataPtr[m[K->localWaypoints)
      |                                      [01;31m[K^~~~~~~[m[K
[01m[K/home/aliomacc/sti_usv/src/usv_sim/workspace_gz/plugins/WayfindingScoringPlugin.cc:204:18:[m[K [01;31m[Kerror: [m[K‘[01m[Kclass vrx::WayfindingScoringPlugin[m[K’ has no member named ‘[01m[KdataPtr[m[K’
  204 |       if (!this->[01;31m[KdataPtr[m[K->waypointMarkers.DrawMarker(markerId, waypoint.X(),
      |                  [01;31m[K^~~~~~~[m[K
[01m[K/home/aliomacc/sti_usv/src/usv_sim/workspace_gz/plugins/WayfindingScoringPlugin.cc:[m[K In member function ‘[01m[Kvirtual void vrx::WayfindingScoringPlugin::PreUpdate(const ignition::gazebo::v6::UpdateInfo&, ignition::gazebo::v6::EntityComponentManager&)[m[K’:
[01m[K/home/aliomacc/sti_usv/src/usv_sim/workspace_gz/plugins/WayfindingScoringPlugin.cc:228:11:[m[K [01;31m[Kerror: [m[K‘[01m[Kclass vrx::WayfindingScoringPlugin[m[K’ has no member named ‘[01m[KdataPtr[m[K’
  228 |     this->[01;31m[KdataPtr[m[K->waypointsPub.Publish(this->dataPtr->waypointsMessage);
      |           [01;31m[K^~~~~~~[m[K
[01m[K/home/aliomacc/sti_usv/src/usv_sim/workspace_gz/plugins/WayfindingScoringPlugin.cc:228:47:[m[K [01;31m[Kerror: [m[K‘[01m[Kclass vrx::WayfindingScoringPlugin[m[K’ has no member named ‘[01m[KdataPtr[m[K’
  228 |     this->dataPtr->waypointsPub.Publish(this->[01;31m[KdataPtr[m[K->waypointsMessage);
      |                                               [01;31m[K^~~~~~~[m[K
[01m[K/home/aliomacc/sti_usv/src/usv_sim/workspace_gz/plugins/WayfindingScoringPlugin.cc:236:14:[m[K [01;31m[Kerror: [m[K‘[01m[Kclass vrx::WayfindingScoringPlugin[m[K’ has no member named ‘[01m[KdataPtr[m[K’
  236 |   if (!this->[01;31m[KdataPtr[m[K->vehicleEntity)
      |              [01;31m[K^~~~~~~[m[K
[01m[K/home/aliomacc/sti_usv/src/usv_sim/workspace_gz/plugins/Surface.cc:[m[K In member function ‘[01m[Kvirtual void vrx::Surface::PreUpdate(const ignition::gazebo::v6::UpdateInfo&, ignition::gazebo::v6::EntityComponentManager&)[m[K’:
[01m[K/home/aliomacc/sti_usv/src/usv_sim/workspace_gz/plugins/Surface.cc:208:3:[m[K [01;31m[Kerror: [m[K‘[01m[KGZ_PROFILE[m[K’ was not declared in this scope; did you mean ‘[01m[KIGN_PROFILE[m[K’?
  208 |   [01;31m[KGZ_PROFILE[m[K("Surface::PreUpdate");
      |   [01;31m[K^~~~~~~~~~[m[K
      |   [32m[KIGN_PROFILE[m[K
[01m[K/home/aliomacc/sti_usv/src/usv_sim/workspace_gz/plugins/WayfindingScoringPlugin.cc:241:13:[m[K [01;31m[Kerror: [m[K‘[01m[Kclass vrx::WayfindingScoringPlugin[m[K’ has no member named ‘[01m[KdataPtr[m[K’
  241 |       this->[01;31m[KdataPtr[m[K->vehicleEntity = entity;
      |             [01;31m[K^~~~~~~[m[K
[01m[K/home/aliomacc/sti_usv/src/usv_sim/workspace_gz/plugins/WayfindingScoringPlugin.cc:248:11:[m[K [01;31m[Kerror: [m[K‘[01m[Kclass vrx::WayfindingScoringPlugin[m[K’ has no member named ‘[01m[KdataPtr[m[K’
  248 |     this->[01;31m[KdataPtr[m[K->vehicleEntity)->Data();
      |           [01;31m[K^~~~~~~[m[K
[01m[K/home/aliomacc/sti_usv/src/usv_sim/workspace_gz/plugins/Surface.cc:214:28:[m[K [01;31m[Kerror: [m[K‘[01m[Kclass vrx::Surface[m[K’ has no member named ‘[01m[KdataPtr[m[K’
  214 |   const auto kPose = this->[01;31m[KdataPtr[m[K->link.WorldPose(_ecm);
      |                            [01;31m[K^~~~~~~[m[K
[01m[K/home/aliomacc/sti_usv/src/usv_sim/workspace_gz/plugins/Surface.cc:218:19:[m[K [01;31m[Kerror: [m[K‘[01m[Kclass vrx::Surface[m[K’ has no member named ‘[01m[KdataPtr[m[K’
  218 |       _ecm, this->[01;31m[KdataPtr[m[K->link.Entity(), true);
      |                   [01;31m[K^~~~~~~[m[K
[01m[K/home/aliomacc/sti_usv/src/usv_sim/workspace_gz/plugins/WayfindingScoringPlugin.cc:254:34:[m[K [01;31m[Kerror: [m[K‘[01m[Kclass vrx::WayfindingScoringPlugin[m[K’ has no member named ‘[01m[KdataPtr[m[K’
  254 |   for (unsigned i = 0; i < this->[01;31m[KdataPtr[m[K->localWaypoints.size(); ++i)
      |                                  [01;31m[K^~~~~~~[m[K
[01m[K/home/aliomacc/sti_usv/src/usv_sim/workspace_gz/plugins/WayfindingScoringPlugin.cc:256:37:[m[K [01;31m[Kerror: [m[K‘[01m[Kclass vrx::WayfindingScoringPlugin[m[K’ has no member named ‘[01m[KdataPtr[m[K’
  256 |     const math::Vector3d wp = this->[01;31m[KdataPtr[m[K->localWaypoints[i];
      |                                     [01;31m[K^~~~~~~[m[K
[01m[K/home/aliomacc/sti_usv/src/usv_sim/workspace_gz/plugins/Surface.cc:221:21:[m[K [01;31m[Kerror: [m[K‘[01m[Kclass vrx::Surface[m[K’ has no member named ‘[01m[KdataPtr[m[K’
  221 |            << this->[01;31m[KdataPtr[m[K->link.Entity() << "]" << std::endl;
      |                     [01;31m[K^~~~~~~[m[K
[01m[K/home/aliomacc/sti_usv/src/usv_sim/workspace_gz/plugins/Surface.cc:227:42:[m[K [01;31m[Kerror: [m[K‘[01m[Kclass vrx::Surface[m[K’ has no member named ‘[01m[KdataPtr[m[K’
  227 |   std::lock_guard<std::mutex> lock(this->[01;31m[KdataPtr[m[K->mutex);
      |                                          [01;31m[K^~~~~~~[m[K
[01m[K/home/aliomacc/sti_usv/src/usv_sim/workspace_gz/plugins/Surface.cc:229:33:[m[K [01;31m[Kerror: [m[K‘[01m[Kclass vrx::Surface[m[K’ has no member named ‘[01m[KdataPtr[m[K’
  229 |   for (auto const &bpnt : this->[01;31m[KdataPtr[m[K->points)
      |                                 [01;31m[K^~~~~~~[m[K
[01m[K/home/aliomacc/sti_usv/src/usv_sim/workspace_gz/plugins/WayfindingScoringPlugin.cc:266:20:[m[K [01;31m[Kerror: [m[K‘[01m[Kclass vrx::WayfindingScoringPlugin[m[K’ has no member named ‘[01m[KdataPtr[m[K’
  266 |     if (i == this->[01;31m[KdataPtr[m[K->minErrors.size())
      |                    [01;31m[K^~~~~~~[m[K
[01m[K/home/aliomacc/sti_usv/src/usv_sim/workspace_gz/plugins/WayfindingScoringPlugin.cc:267:13:[m[K [01;31m[Kerror: [m[K‘[01m[Kclass vrx::WayfindingScoringPlugin[m[K’ has no member named ‘[01m[KdataPtr[m[K’
  267 |       this->[01;31m[KdataPtr[m[K->minErrors.push_back(poseError);
      |             [01;31m[K^~~~~~~[m[K
[01m[K/home/aliomacc/sti_usv/src/usv_sim/workspace_gz/plugins/WayfindingScoringPlugin.cc:270:27:[m[K [01;31m[Kerror: [m[K‘[01m[Kclass vrx::WayfindingScoringPlugin[m[K’ has no member named ‘[01m[KdataPtr[m[K’
  270 |     if (poseError < this->[01;31m[KdataPtr[m[K->minErrors.at(i))
      |                           [01;31m[K^~~~~~~[m[K
[01m[K/home/aliomacc/sti_usv/src/usv_sim/workspace_gz/plugins/WayfindingScoringPlugin.cc:271:13:[m[K [01;31m[Kerror: [m[K‘[01m[Kclass vrx::WayfindingScoringPlugin[m[K’ has no member named ‘[01m[KdataPtr[m[K’
  271 |       this->[01;31m[KdataPtr[m[K->minErrors.at(i) = poseError;
      |             [01;31m[K^~~~~~~[m[K
[01m[K/home/aliomacc/sti_usv/src/usv_sim/workspace_gz/plugins/WayfindingScoringPlugin.cc:274:32:[m[K [01;31m[Kerror: [m[K‘[01m[Kclass vrx::WayfindingScoringPlugin[m[K’ has no member named ‘[01m[KdataPtr[m[K’
  274 |     currentTotalError += this->[01;31m[KdataPtr[m[K->minErrors.at(i);
      |                                [01;31m[K^~~~~~~[m[K
[01m[K/home/aliomacc/sti_usv/src/usv_sim/workspace_gz/plugins/WayfindingScoringPlugin.cc:277:9:[m[K [01;31m[Kerror: [m[K‘[01m[Kclass vrx::WayfindingScoringPlugin[m[K’ has no member named ‘[01m[KdataPtr[m[K’
  277 |   this->[01;31m[KdataPtr[m[K->meanError =
      |         [01;31m[K^~~~~~~[m[K
[01m[K/home/aliomacc/sti_usv/src/usv_sim/workspace_gz/plugins/WayfindingScoringPlugin.cc:278:31:[m[K [01;31m[Kerror: [m[K‘[01m[Kclass vrx::WayfindingScoringPlugin[m[K’ has no member named ‘[01m[KdataPtr[m[K’
  278 |     currentTotalError / this->[01;31m[KdataPtr[m[K->localWaypoints.size();
      |                               [01;31m[K^~~~~~~[m[K
[01m[K/home/aliomacc/sti_usv/src/usv_sim/workspace_gz/plugins/WayfindingScoringPlugin.cc:284:31:[m[K [01;31m[Kerror: [m[K‘[01m[Kclass vrx::WayfindingScoringPlugin[m[K’ has no member named ‘[01m[KdataPtr[m[K’
  284 |   meanErrorMsg.set_data(this->[01;31m[KdataPtr[m[K->meanError);
      |                               [01;31m[K^~~~~~~[m[K
[01m[K/home/aliomacc/sti_usv/src/usv_sim/workspace_gz/plugins/WayfindingScoringPlugin.cc:285:34:[m[K [01;31m[Kerror: [m[K‘[01m[Kclass vrx::WayfindingScoringPlugin[m[K’ has no member named ‘[01m[KdataPtr[m[K’
  285 |   for (unsigned i = 0; i < this->[01;31m[KdataPtr[m[K->minErrors.size(); ++i)
      |                                  [01;31m[K^~~~~~~[m[K
[01m[K/home/aliomacc/sti_usv/src/usv_sim/workspace_gz/plugins/WayfindingScoringPlugin.cc:286:33:[m[K [01;31m[Kerror: [m[K‘[01m[Kclass vrx::WayfindingScoringPlugin[m[K’ has no member named ‘[01m[KdataPtr[m[K’
  286 |     minErrorsMsg.add_data(this->[01;31m[KdataPtr[m[K->minErrors.at(i));
      |                                 [01;31m[K^~~~~~~[m[K
[01m[K/home/aliomacc/sti_usv/src/usv_sim/workspace_gz/plugins/WayfindingScoringPlugin.cc:289:9:[m[K [01;31m[Kerror: [m[K‘[01m[Kclass vrx::WayfindingScoringPlugin[m[K’ has no member named ‘[01m[KdataPtr[m[K’
  289 |   this->[01;31m[KdataPtr[m[K->minErrorsPub.Publish(minErrorsMsg);
      |         [01;31m[K^~~~~~~[m[K
[01m[K/home/aliomacc/sti_usv/src/usv_sim/workspace_gz/plugins/WayfindingScoringPlugin.cc:290:9:[m[K [01;31m[Kerror: [m[K‘[01m[Kclass vrx::WayfindingScoringPlugin[m[K’ has no member named ‘[01m[KdataPtr[m[K’
  290 |   this->[01;31m[KdataPtr[m[K->meanErrorPub.Publish(meanErrorMsg);
      |         [01;31m[K^~~~~~~[m[K
[01m[K/home/aliomacc/sti_usv/src/usv_sim/workspace_gz/plugins/WayfindingScoringPlugin.cc:292:33:[m[K [01;31m[Kerror: [m[K‘[01m[Kclass vrx::WayfindingScoringPlugin[m[K’ has no member named ‘[01m[KdataPtr[m[K’
  292 |   ScoringPlugin::SetScore(this->[01;31m[KdataPtr[m[K->meanError);
      |                                 [01;31m[K^~~~~~~[m[K
[01m[K/home/aliomacc/sti_usv/src/usv_sim/workspace_gz/plugins/WayfindingScoringPlugin.cc:[m[K At global scope:
[01m[K/home/aliomacc/sti_usv/src/usv_sim/workspace_gz/plugins/WayfindingScoringPlugin.cc:300:1:[m[K [01;31m[Kerror: [m[Kexpected constructor, destructor, or type conversion before ‘[01m[KGZ_ADD_PLUGIN_ALIAS[m[K’
  300 | [01;31m[KGZ_ADD_PLUGIN_ALIAS[m[K(vrx::WayfindingScoringPlugin,
      | [01;31m[K^~~~~~~~~~~~~~~~~~~[m[K
[01m[K/home/aliomacc/sti_usv/src/usv_sim/workspace_gz/plugins/Surface.cc:244:26:[m[K [01;31m[Kerror: [m[K‘[01m[Kclass vrx::Surface[m[K’ has no member named ‘[01m[KdataPtr[m[K’
  244 |     double depth = this->[01;31m[KdataPtr[m[K->wavefield.ComputeDepthSimply(point, simTime);
      |                          [01;31m[K^~~~~~~[m[K
[01m[K/home/aliomacc/sti_usv/src/usv_sim/workspace_gz/plugins/Surface.cc:250:28:[m[K [01;31m[Kerror: [m[K‘[01m[Kclass vrx::Surface[m[K’ has no member named ‘[01m[KdataPtr[m[K’
  250 |     double deltaZ = (this->[01;31m[KdataPtr[m[K->fluidLevel + dz) - kDdz;
      |                            [01;31m[K^~~~~~~[m[K
[01m[K/home/aliomacc/sti_usv/src/usv_sim/workspace_gz/plugins/Surface.cc:253:37:[m[K [01;31m[Kerror: [m[K‘[01m[Kclass vrx::Surface[m[K’ has no member named ‘[01m[KdataPtr[m[K’
  253 |     deltaZ = std::min(deltaZ, this->[01;31m[KdataPtr[m[K->hullRadius);
      |                                     [01;31m[K^~~~~~~[m[K
[01m[K/home/aliomacc/sti_usv/src/usv_sim/workspace_gz/plugins/Surface.cc:256:33:[m[K [01;31m[Kerror: [m[K‘[01m[Kclass vrx::Surface[m[K’ has no member named ‘[01m[KdataPtr[m[K’
  256 |       this->CircleSegment(this->[01;31m[KdataPtr[m[K->hullRadius, deltaZ) *
      |                                 [01;31m[K^~~~~~~[m[K
[01m[K/home/aliomacc/sti_usv/src/usv_sim/workspace_gz/plugins/Surface.cc:257:15:[m[K [01;31m[Kerror: [m[K‘[01m[Kclass vrx::Surface[m[K’ has no member named ‘[01m[KdataPtr[m[K’
  257 |         this->[01;31m[KdataPtr[m[K->hullLength / this->dataPtr->points.size() *
      |               [01;31m[K^~~~~~~[m[K
[01m[K/home/aliomacc/sti_usv/src/usv_sim/workspace_gz/plugins/Surface.cc:257:43:[m[K [01;31m[Kerror: [m[K‘[01m[Kclass vrx::Surface[m[K’ has no member named ‘[01m[KdataPtr[m[K’
  257 |         this->dataPtr->hullLength / this->[01;31m[KdataPtr[m[K->points.size() *
      |                                           [01;31m[K^~~~~~~[m[K
[01m[K/home/aliomacc/sti_usv/src/usv_sim/workspace_gz/plugins/Surface.cc:258:18:[m[K [01;31m[Kerror: [m[K‘[01m[Kclass vrx::Surface[m[K’ has no member named ‘[01m[KdataPtr[m[K’
  258 |           -this->[01;31m[KdataPtr[m[K->gravity.Z() * this->dataPtr->fluidDensity;
      |                  [01;31m[K^~~~~~~[m[K
[01m[K/home/aliomacc/sti_usv/src/usv_sim/workspace_gz/plugins/Surface.cc:258:47:[m[K [01;31m[Kerror: [m[K‘[01m[Kclass vrx::Surface[m[K’ has no member named ‘[01m[KdataPtr[m[K’
  258 |           -this->dataPtr->gravity.Z() * this->[01;31m[KdataPtr[m[K->fluidDensity;
      |                                               [01;31m[K^~~~~~~[m[K
[01m[K/home/aliomacc/sti_usv/src/usv_sim/workspace_gz/plugins/Surface.cc:262:11:[m[K [01;31m[Kerror: [m[K‘[01m[Kclass vrx::Surface[m[K’ has no member named ‘[01m[KdataPtr[m[K’
  262 |     this->[01;31m[KdataPtr[m[K->link.AddWorldForce(_ecm,
      |           [01;31m[K^~~~~~~[m[K
[01m[K/home/aliomacc/sti_usv/src/usv_sim/workspace_gz/plugins/Surface.cc:[m[K In member function ‘[01m[Kignition::math::v6::Vector3d vrx::Surface::Gravity() const[m[K’:
[01m[K/home/aliomacc/sti_usv/src/usv_sim/workspace_gz/plugins/Surface.cc:283:16:[m[K [01;31m[Kerror: [m[K‘[01m[Kconst class vrx::Surface[m[K’ has no member named ‘[01m[KdataPtr[m[K’
  283 |   return this->[01;31m[KdataPtr[m[K->gravity;
      |                [01;31m[K^~~~~~~[m[K
[01m[K/home/aliomacc/sti_usv/src/usv_sim/workspace_gz/plugins/Surface.cc:[m[K In member function ‘[01m[Kdouble vrx::Surface::HullLength() const[m[K’:
[01m[K/home/aliomacc/sti_usv/src/usv_sim/workspace_gz/plugins/Surface.cc:289:16:[m[K [01;31m[Kerror: [m[K‘[01m[Kconst class vrx::Surface[m[K’ has no member named ‘[01m[KdataPtr[m[K’
  289 |   return this->[01;31m[KdataPtr[m[K->hullLength;
      |                [01;31m[K^~~~~~~[m[K
[01m[K/home/aliomacc/sti_usv/src/usv_sim/workspace_gz/plugins/Surface.cc:[m[K In member function ‘[01m[Kdouble vrx::Surface::HullRadius() const[m[K’:
[01m[K/home/aliomacc/sti_usv/src/usv_sim/workspace_gz/plugins/Surface.cc:295:16:[m[K [01;31m[Kerror: [m[K‘[01m[Kconst class vrx::Surface[m[K’ has no member named ‘[01m[KdataPtr[m[K’
  295 |   return this->[01;31m[KdataPtr[m[K->hullRadius;
      |                [01;31m[K^~~~~~~[m[K
[01m[K/home/aliomacc/sti_usv/src/usv_sim/workspace_gz/plugins/Surface.cc:[m[K In member function ‘[01m[Kdouble vrx::Surface::FluidDensity() const[m[K’:
[01m[K/home/aliomacc/sti_usv/src/usv_sim/workspace_gz/plugins/Surface.cc:301:16:[m[K [01;31m[Kerror: [m[K‘[01m[Kconst class vrx::Surface[m[K’ has no member named ‘[01m[KdataPtr[m[K’
  301 |   return this->[01;31m[KdataPtr[m[K->fluidDensity;
      |                [01;31m[K^~~~~~~[m[K
[01m[K/home/aliomacc/sti_usv/src/usv_sim/workspace_gz/plugins/Surface.cc:[m[K At global scope:
[01m[K/home/aliomacc/sti_usv/src/usv_sim/workspace_gz/plugins/Surface.cc:316:1:[m[K [01;31m[Kerror: [m[Kexpected constructor, destructor, or type conversion before ‘[01m[KGZ_ADD_PLUGIN_ALIAS[m[K’
  316 | [01;31m[KGZ_ADD_PLUGIN_ALIAS[m[K(vrx::Surface,
      | [01;31m[K^~~~~~~~~~~~~~~~~~~[m[K
In file included from [01m[K/home/aliomacc/sti_usv/src/usv_sim/workspace_gz/plugins/PolyhedraBuoyancyDrag.cc:34[m[K:
[01m[K/home/aliomacc/sti_usv/src/usv_sim/workspace_gz/plugins/PolyhedraBuoyancyDrag.hh:131:30:[m[K [01;31m[Kerror: [m[K‘[01m[KdataPtr[m[K’ has not been declared
  131 |     GZ_UTILS_UNIQUE_IMPL_PTR([01;31m[KdataPtr[m[K)
      |                              [01;31m[K^~~~~~~[m[K
[01m[K/home/aliomacc/sti_usv/src/usv_sim/workspace_gz/plugins/PolyhedraBuoyancyDrag.hh:131:5:[m[K [01;31m[Kerror: [m[KISO C++ forbids declaration of ‘[01m[KGZ_UTILS_UNIQUE_IMPL_PTR[m[K’ with no type [[01;31m[K]8;;https://gcc.gnu.org/onlinedocs/gcc/Warning-Options.html#index-fpermissive-fpermissive]8;;[m[K]
  131 |     [01;31m[KGZ_UTILS_UNIQUE_IMPL_PTR[m[K(dataPtr)
      |     [01;31m[K^~~~~~~~~~~~~~~~~~~~~~~~[m[K
[01m[K/home/aliomacc/sti_usv/src/usv_sim/workspace_gz/plugins/PolyhedraBuoyancyDrag.hh:131:37:[m[K [01;31m[Kerror: [m[Kexpected ‘[01m[K;[m[K’ at end of member declaration
  131 |     GZ_UTILS_UNIQUE_IMPL_PTR(dataPtr[01;31m[K)[m[K
      |                                     [01;31m[K^[m[K
      |                                      [32m[K;[m[K
[01m[K/home/aliomacc/sti_usv/src/usv_sim/workspace_gz/plugins/PolyhedraBuoyancyDrag.cc:158:1:[m[K [01;31m[Kerror: [m[Kqualified name does not name a class before ‘[01m[K{[m[K’ token
  158 | [01;31m[K{[m[K
      | [01;31m[K^[m[K
[01m[K/home/aliomacc/sti_usv/src/usv_sim/workspace_gz/plugins/PolyhedraBuoyancyDrag.cc:195:29:[m[K [01;31m[Kerror: [m[K‘[01m[Kvrx::PolyhedraBuoyancyDrag::Implementation[m[K’ has not been declared
  195 | void PolyhedraBuoyancyDrag::[01;31m[KImplementation[m[K::OnWavefield(const msgs::Param &_msg)
      |                             [01;31m[K^~~~~~~~~~~~~~[m[K
[01m[K/home/aliomacc/sti_usv/src/usv_sim/workspace_gz/plugins/PolyhedraBuoyancyDrag.cc:[m[K In function ‘[01m[Kvoid OnWavefield(const ignition::msgs::Param&)[m[K’:
[01m[K/home/aliomacc/sti_usv/src/usv_sim/workspace_gz/plugins/PolyhedraBuoyancyDrag.cc:197:36:[m[K [01;31m[Kerror: [m[Kinvalid use of ‘[01m[Kthis[m[K’ in non-member function
  197 |   std::lock_guard<std::mutex> lock([01;31m[Kthis[m[K->mutex);
      |                                    [01;31m[K^~~~[m[K
[01m[K/home/aliomacc/sti_usv/src/usv_sim/workspace_gz/plugins/PolyhedraBuoyancyDrag.cc:198:3:[m[K [01;31m[Kerror: [m[Kinvalid use of ‘[01m[Kthis[m[K’ in non-member function
  198 |   [01;31m[Kthis[m[K->wavefield.Load(_msg);
      |   [01;31m[K^~~~[m[K
[01m[K/home/aliomacc/sti_usv/src/usv_sim/workspace_gz/plugins/PolyhedraBuoyancyDrag.cc:[m[K In constructor ‘[01m[Kvrx::PolyhedraBuoyancyDrag::PolyhedraBuoyancyDrag()[m[K’:
[01m[K/home/aliomacc/sti_usv/src/usv_sim/workspace_gz/plugins/PolyhedraBuoyancyDrag.cc:203:15:[m[K [01;31m[Kerror: [m[Kclass ‘[01m[Kvrx::PolyhedraBuoyancyDrag[m[K’ does not have any field named ‘[01m[KdataPtr[m[K’
  203 |   : System(), [01;31m[KdataPtr[m[K(utils::MakeUniqueImpl<Implementation>())
      |               [01;31m[K^~~~~~~[m[K
[01m[K/home/aliomacc/sti_usv/src/usv_sim/workspace_gz/plugins/PolyhedraBuoyancyDrag.cc:203:45:[m[K [01;31m[Kerror: [m[K‘[01m[KImplementation[m[K’ was not declared in this scope
  203 |   : System(), dataPtr(utils::MakeUniqueImpl<[01;31m[KImplementation[m[K>())
      |                                             [01;31m[K^~~~~~~~~~~~~~[m[K
[01m[K/home/aliomacc/sti_usv/src/usv_sim/workspace_gz/plugins/PolyhedraBuoyancyDrag.cc:203:60:[m[K [01;31m[Kerror: [m[Kno matching function for call to ‘[01m[KMakeUniqueImpl<<expression error> >()[m[K’
  203 |   : System(), dataPtr([01;31m[Kutils::MakeUniqueImpl<Implementation>()[m[K)
      |                       [01;31m[K~~~~~~~~~~~~~~~~~~~~~~~~~~~~~~~~~~~~~^~[m[K
In file included from [01m[K/usr/include/ignition/utils1/gz/utils/ImplPtr.hh:259[m[K,
                 from [01m[K/usr/include/ignition/sdformat12/sdf/Sensor.hh:23[m[K,
                 from [01m[K/usr/include/ignition/gazebo6/gz/sim/components/Serialization.hh:35[m[K,
                 from [01m[K/usr/include/ignition/gazebo6/gz/sim/components/Inertial.hh:24[m[K,
                 from [01m[K/home/aliomacc/sti_usv/src/usv_sim/workspace_gz/plugins/PolyhedraBuoyancyDrag.cc:23[m[K:
[01m[K/usr/include/ignition/utils1/gz/utils/detail/ImplPtr.hh:142:22:[m[K [01;36m[Knote: [m[Kcandidate: ‘[01m[Ktemplate<class T, class ... Args> ignition::utils::UniqueImplPtr<T> ignition::utils::MakeUniqueImpl(Args&& ...)[m[K’
  142 |     UniqueImplPtr<T> [01;36m[KMakeUniqueImpl[m[K(Args &&...args)
      |                      [01;36m[K^~~~~~~~~~~~~~[m[K
[01m[K/usr/include/ignition/utils1/gz/utils/detail/ImplPtr.hh:142:22:[m[K [01;36m[Knote: [m[K  template argument deduction/substitution failed:
[01m[K/home/aliomacc/sti_usv/src/usv_sim/workspace_gz/plugins/PolyhedraBuoyancyDrag.cc:203:60:[m[K [01;31m[Kerror: [m[Ktemplate argument 1 is invalid
  203 |   : System(), dataPtr([01;31m[Kutils::MakeUniqueImpl<Implementation>()[m[K)
      |                       [01;31m[K~~~~~~~~~~~~~~~~~~~~~~~~~~~~~~~~~~~~~^~[m[K
[01m[K/home/aliomacc/sti_usv/src/usv_sim/workspace_gz/plugins/PolyhedraBuoyancyDrag.cc:[m[K In member function ‘[01m[Kvirtual void vrx::PolyhedraBuoyancyDrag::Configure(const Entity&, const std::shared_ptr<const sdf::v12::Element>&, ignition::gazebo::v6::EntityComponentManager&, ignition::gazebo::v6::EventManager&)[m[K’:
[01m[K/home/aliomacc/sti_usv/src/usv_sim/workspace_gz/plugins/PolyhedraBuoyancyDrag.cc:214:9:[m[K [01;31m[Kerror: [m[K‘[01m[Kclass vrx::PolyhedraBuoyancyDrag[m[K’ has no member named ‘[01m[KdataPtr[m[K’
  214 |   this->[01;31m[KdataPtr[m[K->wavefield.Load(_sdf);
      |         [01;31m[K^~~~~~~[m[K
[01m[K/home/aliomacc/sti_usv/src/usv_sim/workspace_gz/plugins/PolyhedraBuoyancyDrag.cc:218:11:[m[K [01;31m[Kerror: [m[K‘[01m[Kclass vrx::PolyhedraBuoyancyDrag[m[K’ has no member named ‘[01m[KdataPtr[m[K’
  218 |     this->[01;31m[KdataPtr[m[K->fluidDensity = _sdf->Get<double>("fluid_density");
      |           [01;31m[K^~~~~~~[m[K
[01m[K/home/aliomacc/sti_usv/src/usv_sim/workspace_gz/plugins/PolyhedraBuoyancyDrag.cc:222:11:[m[K [01;31m[Kerror: [m[K‘[01m[Kclass vrx::PolyhedraBuoyancyDrag[m[K’ has no member named ‘[01m[KdataPtr[m[K’
  222 |     this->[01;31m[KdataPtr[m[K->fluidLevel = _sdf->Get<double>("fluid_level");
      |           [01;31m[K^~~~~~~[m[K
[01m[K/home/aliomacc/sti_usv/src/usv_sim/workspace_gz/plugins/PolyhedraBuoyancyDrag.cc:226:11:[m[K [01;31m[Kerror: [m[K‘[01m[Kclass vrx::PolyhedraBuoyancyDrag[m[K’ has no member named ‘[01m[KdataPtr[m[K’
  226 |     this->[01;31m[KdataPtr[m[K->linearDrag = _sdf->Get<double>("linear_drag");
      |           [01;31m[K^~~~~~~[m[K
[01m[K/home/aliomacc/sti_usv/src/usv_sim/workspace_gz/plugins/PolyhedraBuoyancyDrag.cc:230:11:[m[K [01;31m[Kerror: [m[K‘[01m[Kclass vrx::PolyhedraBuoyancyDrag[m[K’ has no member named ‘[01m[KdataPtr[m[K’
  230 |     this->[01;31m[KdataPtr[m[K->angularDrag = _sdf->Get<double>("angular_drag");
      |           [01;31m[K^~~~~~~[m[K
[01m[K/home/aliomacc/sti_usv/src/usv_sim/workspace_gz/plugins/PolyhedraBuoyancyDrag.cc:245:30:[m[K [01;31m[Kerror: [m[K‘[01m[Kclass vrx::PolyhedraBuoyancyDrag[m[K’ has no member named ‘[01m[KdataPtr[m[K’
  245 |       buoyObj.height = this->[01;31m[KdataPtr[m[K->fluidLevel;
      |                              [01;31m[K^~~~~~~[m[K
[01m[K/home/aliomacc/sti_usv/src/usv_sim/workspace_gz/plugins/PolyhedraBuoyancyDrag.cc:249:13:[m[K [01;31m[Kerror: [m[K‘[01m[Kclass vrx::PolyhedraBuoyancyDrag[m[K’ has no member named ‘[01m[KdataPtr[m[K’
  249 |       this->[01;31m[KdataPtr[m[K->buoyancyObjects.push_back(std::move(buoyObj));
      |             [01;31m[K^~~~~~~[m[K
[01m[K/home/aliomacc/sti_usv/src/usv_sim/workspace_gz/plugins/PolyhedraBuoyancyDrag.cc:262:9:[m[K [01;31m[Kerror: [m[K‘[01m[Kclass vrx::PolyhedraBuoyancyDrag[m[K’ has no member named ‘[01m[KdataPtr[m[K’
  262 |   this->[01;31m[KdataPtr[m[K->gravity = *gravityOpt;
      |         [01;31m[K^~~~~~~[m[K
[01m[K/home/aliomacc/sti_usv/src/usv_sim/workspace_gz/plugins/PolyhedraBuoyancyDrag.cc:265:9:[m[K [01;31m[Kerror: [m[K‘[01m[Kclass vrx::PolyhedraBuoyancyDrag[m[K’ has no member named ‘[01m[KdataPtr[m[K’
  265 |   this->[01;31m[KdataPtr[m[K->node.Subscribe(this->dataPtr->wavefield.Topic(),
      |         [01;31m[K^~~~~~~[m[K
[01m[K/home/aliomacc/sti_usv/src/usv_sim/workspace_gz/plugins/PolyhedraBuoyancyDrag.cc:265:39:[m[K [01;31m[Kerror: [m[K‘[01m[Kclass vrx::PolyhedraBuoyancyDrag[m[K’ has no member named ‘[01m[KdataPtr[m[K’
  265 |   this->dataPtr->node.Subscribe(this->[01;31m[KdataPtr[m[K->wavefield.Topic(),
      |                                       [01;31m[K^~~~~~~[m[K
[01m[K/home/aliomacc/sti_usv/src/usv_sim/workspace_gz/plugins/PolyhedraBuoyancyDrag.cc:266:29:[m[K [01;31m[Kerror: [m[K‘[01m[Kvrx::PolyhedraBuoyancyDrag::Implementation[m[K’ has not been declared
  266 |     &PolyhedraBuoyancyDrag::[01;31m[KImplementation[m[K::OnWavefield, this->dataPtr.get());
      |                             [01;31m[K^~~~~~~~~~~~~~[m[K
[01m[K/home/aliomacc/sti_usv/src/usv_sim/workspace_gz/plugins/PolyhedraBuoyancyDrag.cc:266:64:[m[K [01;31m[Kerror: [m[K‘[01m[Kclass vrx::PolyhedraBuoyancyDrag[m[K’ has no member named ‘[01m[KdataPtr[m[K’
  266 |     &PolyhedraBuoyancyDrag::Implementation::OnWavefield, this->[01;31m[KdataPtr[m[K.get());
      |                                                                [01;31m[K^~~~~~~[m[K
[01m[K/home/aliomacc/sti_usv/src/usv_sim/workspace_gz/plugins/PolyhedraBuoyancyDrag.cc:[m[K In member function ‘[01m[Kvirtual void vrx::PolyhedraBuoyancyDrag::PreUpdate(const ignition::gazebo::v6::UpdateInfo&, ignition::gazebo::v6::EntityComponentManager&)[m[K’:
[01m[K/home/aliomacc/sti_usv/src/usv_sim/workspace_gz/plugins/PolyhedraBuoyancyDrag.cc:273:3:[m[K [01;31m[Kerror: [m[K‘[01m[KGZ_PROFILE[m[K’ was not declared in this scope; did you mean ‘[01m[KIGN_PROFILE[m[K’?
  273 |   [01;31m[KGZ_PROFILE[m[K("PolyhedraBuoyancyDrag::PreUpdate");
      |   [01;31m[K^~~~~~~~~~[m[K
      |   [32m[KIGN_PROFILE[m[K
[01m[K/home/aliomacc/sti_usv/src/usv_sim/workspace_gz/plugins/PolyhedraBuoyancyDrag.cc:278:42:[m[K [01;31m[Kerror: [m[K‘[01m[Kclass vrx::PolyhedraBuoyancyDrag[m[K’ has no member named ‘[01m[KdataPtr[m[K’
  278 |   std::lock_guard<std::mutex> lock(this->[01;31m[KdataPtr[m[K->mutex);
      |                                          [01;31m[K^~~~~~~[m[K
[01m[K/home/aliomacc/sti_usv/src/usv_sim/workspace_gz/plugins/PolyhedraBuoyancyDrag.cc:283:13:[m[K [01;31m[Kerror: [m[K‘[01m[Kclass vrx::PolyhedraBuoyancyDrag[m[K’ has no member named ‘[01m[KdataPtr[m[K’
  283 |   if (this->[01;31m[KdataPtr[m[K->wavefield.Active())
      |             [01;31m[K^~~~~~~[m[K
[01m[K/home/aliomacc/sti_usv/src/usv_sim/workspace_gz/plugins/PolyhedraBuoyancyDrag.cc:286:26:[m[K [01;31m[Kerror: [m[K‘[01m[Kclass vrx::PolyhedraBuoyancyDrag[m[K’ has no member named ‘[01m[KdataPtr[m[K’
  286 |     dt = simTime - this->[01;31m[KdataPtr[m[K->lastSimTime;
      |                          [01;31m[K^~~~~~~[m[K
[01m[K/home/aliomacc/sti_usv/src/usv_sim/workspace_gz/plugins/PolyhedraBuoyancyDrag.cc:287:11:[m[K [01;31m[Kerror: [m[K‘[01m[Kclass vrx::PolyhedraBuoyancyDrag[m[K’ has no member named ‘[01m[KdataPtr[m[K’
  287 |     this->[01;31m[KdataPtr[m[K->lastSimTime = simTime;
      |           [01;31m[K^~~~~~~[m[K
[01m[K/home/aliomacc/sti_usv/src/usv_sim/workspace_gz/plugins/PolyhedraBuoyancyDrag.cc:290:34:[m[K [01;31m[Kerror: [m[K‘[01m[Kclass vrx::PolyhedraBuoyancyDrag[m[K’ has no member named ‘[01m[KdataPtr[m[K’
  290 |   for (auto &buoyancyObj : this->[01;31m[KdataPtr[m[K->buoyancyObjects)
      |                                  [01;31m[K^~~~~~~[m[K
[01m[K/home/aliomacc/sti_usv/src/usv_sim/workspace_gz/plugins/PolyhedraBuoyancyDrag.cc:306:15:[m[K [01;31m[Kerror: [m[K‘[01m[Kclass vrx::PolyhedraBuoyancyDrag[m[K’ has no member named ‘[01m[KdataPtr[m[K’
  306 |     if (this->[01;31m[KdataPtr[m[K->wavefield.Active())
      |               [01;31m[K^~~~~~~[m[K
[01m[K/home/aliomacc/sti_usv/src/usv_sim/workspace_gz/plugins/PolyhedraBuoyancyDrag.cc:310:33:[m[K [01;31m[Kerror: [m[K‘[01m[Kclass vrx::PolyhedraBuoyancyDrag[m[K’ has no member named ‘[01m[KdataPtr[m[K’
  310 |       double waveHeight = this->[01;31m[KdataPtr[m[K->wavefield.ComputeDepthSimply(
      |                                 [01;31m[K^~~~~~~[m[K
[01m[K/home/aliomacc/sti_usv/src/usv_sim/workspace_gz/plugins/PolyhedraBuoyancyDrag.cc:317:34:[m[K [01;31m[Kerror: [m[K‘[01m[Kclass vrx::PolyhedraBuoyancyDrag[m[K’ has no member named ‘[01m[KdataPtr[m[K’
  317 |       buoyancyObj.height + this->[01;31m[KdataPtr[m[K->fluidLevel);
      |                                  [01;31m[K^~~~~~~[m[K
[01m[K/home/aliomacc/sti_usv/src/usv_sim/workspace_gz/plugins/PolyhedraBuoyancyDrag.cc:323:40:[m[K [01;31m[Kerror: [m[K‘[01m[Kclass vrx::PolyhedraBuoyancyDrag[m[K’ has no member named ‘[01m[KdataPtr[m[K’
  323 |       math::Vector3d buoyancy = -this->[01;31m[KdataPtr[m[K->fluidDensity *
      |                                        [01;31m[K^~~~~~~[m[K
[01m[K/home/aliomacc/sti_usv/src/usv_sim/workspace_gz/plugins/PolyhedraBuoyancyDrag.cc:324:40:[m[K [01;31m[Kerror: [m[K‘[01m[Kclass vrx::PolyhedraBuoyancyDrag[m[K’ has no member named ‘[01m[KdataPtr[m[K’
  324 |         submergedVolume.volume * this->[01;31m[KdataPtr[m[K->gravity;
      |                                        [01;31m[K^~~~~~~[m[K
[01m[K/home/aliomacc/sti_usv/src/usv_sim/workspace_gz/plugins/PolyhedraBuoyancyDrag.cc:341:15:[m[K [01;31m[Kerror: [m[K‘[01m[Kclass vrx::PolyhedraBuoyancyDrag[m[K’ has no member named ‘[01m[KdataPtr[m[K’
  341 |         this->[01;31m[KdataPtr[m[K->linearDrag * partialMass * relVel;
      |               [01;31m[K^~~~~~~[m[K
[01m[K/home/aliomacc/sti_usv/src/usv_sim/workspace_gz/plugins/PolyhedraBuoyancyDrag.cc:368:57:[m[K [01;31m[Kerror: [m[K‘[01m[Kclass vrx::PolyhedraBuoyancyDrag[m[K’ has no member named ‘[01m[KdataPtr[m[K’
  368 |       math::Vector3d dragTorque = (-partialMass * this->[01;31m[KdataPtr[m[K->angularDrag *
      |                                                         [01;31m[K^~~~~~~[m[K
[01m[K/home/aliomacc/sti_usv/src/usv_sim/workspace_gz/plugins/PolyhedraBuoyancyDrag.cc:[m[K At global scope:
[01m[K/home/aliomacc/sti_usv/src/usv_sim/workspace_gz/plugins/PolyhedraBuoyancyDrag.cc:384:1:[m[K [01;31m[Kerror: [m[Kexpected constructor, destructor, or type conversion before ‘[01m[KGZ_ADD_PLUGIN_ALIAS[m[K’
  384 | [01;31m[KGZ_ADD_PLUGIN_ALIAS[m[K(vrx::PolyhedraBuoyancyDrag,
      | [01;31m[K^~~~~~~~~~~~~~~~~~~[m[K
In file included from [01m[K/home/aliomacc/sti_usv/src/usv_sim/workspace_gz/plugins/ScoringPlugin.cc:32[m[K:
[01m[K/home/aliomacc/sti_usv/src/usv_sim/workspace_gz/plugins/ScoringPlugin.hh:217:30:[m[K [01;31m[Kerror: [m[K‘[01m[KdataPtr[m[K’ has not been declared
  217 |     GZ_UTILS_UNIQUE_IMPL_PTR([01;31m[KdataPtr[m[K)
      |                              [01;31m[K^~~~~~~[m[K
[01m[K/home/aliomacc/sti_usv/src/usv_sim/workspace_gz/plugins/ScoringPlugin.hh:217:5:[m[K [01;31m[Kerror: [m[KISO C++ forbids declaration of ‘[01m[KGZ_UTILS_UNIQUE_IMPL_PTR[m[K’ with no type [[01;31m[K]8;;https://gcc.gnu.org/onlinedocs/gcc/Warning-Options.html#index-fpermissive-fpermissive]8;;[m[K]
  217 |     [01;31m[KGZ_UTILS_UNIQUE_IMPL_PTR[m[K(dataPtr)
      |     [01;31m[K^~~~~~~~~~~~~~~~~~~~~~~~[m[K
[01m[K/home/aliomacc/sti_usv/src/usv_sim/workspace_gz/plugins/ScoringPlugin.hh:217:37:[m[K [01;31m[Kerror: [m[Kexpected ‘[01m[K;[m[K’ at end of member declaration
  217 |     GZ_UTILS_UNIQUE_IMPL_PTR(dataPtr[01;31m[K)[m[K
      |                                     [01;31m[K^[m[K
      |                                      [32m[K;[m[K
[01m[K/home/aliomacc/sti_usv/src/usv_sim/workspace_gz/plugins/ScoringPlugin.cc:39:1:[m[K [01;31m[Kerror: [m[Kqualified name does not name a class before ‘[01m[K{[m[K’ token
   39 | [01;31m[K{[m[K
      | [01;31m[K^[m[K
[01m[K/home/aliomacc/sti_usv/src/usv_sim/workspace_gz/plugins/ScoringPlugin.cc:176:21:[m[K [01;31m[Kerror: [m[K‘[01m[Kvrx::ScoringPlugin::Implementation[m[K’ has not been declared
  176 | bool ScoringPlugin::[01;31m[KImplementation[m[K::ParseSDFParameters()
      |                     [01;31m[K^~~~~~~~~~~~~~[m[K
[01m[K/home/aliomacc/sti_usv/src/usv_sim/workspace_gz/plugins/ScoringPlugin.cc:[m[K In function ‘[01m[Kbool ParseSDFParameters()[m[K’:
[01m[K/home/aliomacc/sti_usv/src/usv_sim/workspace_gz/plugins/ScoringPlugin.cc:179:8:[m[K [01;31m[Kerror: [m[Kinvalid use of ‘[01m[Kthis[m[K’ in non-member function
  179 |   if (![01;31m[Kthis[m[K->sdf->HasElement("vehicle"))
      |        [01;31m[K^~~~[m[K
[01m[K/home/aliomacc/sti_usv/src/usv_sim/workspace_gz/plugins/ScoringPlugin.cc:184:3:[m[K [01;31m[Kerror: [m[Kinvalid use of ‘[01m[Kthis[m[K’ in non-member function
  184 |   [01;31m[Kthis[m[K->vehicleName = this->sdf->Get<std::string>("vehicle");
      |   [01;31m[K^~~~[m[K
[01m[K/home/aliomacc/sti_usv/src/usv_sim/workspace_gz/plugins/ScoringPlugin.cc:184:23:[m[K [01;31m[Kerror: [m[Kinvalid use of ‘[01m[Kthis[m[K’ in non-member function
  184 |   this->vehicleName = [01;31m[Kthis[m[K->sdf->Get<std::string>("vehicle");
      |                       [01;31m[K^~~~[m[K
[01m[K/home/aliomacc/sti_usv/src/usv_sim/workspace_gz/plugins/ScoringPlugin.cc:184:49:[m[K [01;31m[Kerror: [m[Kexpected primary-expression before ‘[01m[K>[m[K’ token
  184 |   this->vehicleName = this->sdf->Get<std::string[01;31m[K>[m[K("vehicle");
      |                                                 [01;31m[K^[m[K
[01m[K/home/aliomacc/sti_usv/src/usv_sim/workspace_gz/plugins/ScoringPlugin.cc:187:8:[m[K [01;31m[Kerror: [m[Kinvalid use of ‘[01m[Kthis[m[K’ in non-member function
  187 |   if (![01;31m[Kthis[m[K->sdf->HasElement("task_name"))
      |        [01;31m[K^~~~[m[K
[01m[K/home/aliomacc/sti_usv/src/usv_sim/workspace_gz/plugins/ScoringPlugin.cc:192:3:[m[K [01;31m[Kerror: [m[Kinvalid use of ‘[01m[Kthis[m[K’ in non-member function
  192 |   [01;31m[Kthis[m[K->taskName = this->sdf->Get<std::string>("task_name");
      |   [01;31m[K^~~~[m[K
[01m[K/home/aliomacc/sti_usv/src/usv_sim/workspace_gz/plugins/ScoringPlugin.cc:192:20:[m[K [01;31m[Kerror: [m[Kinvalid use of ‘[01m[Kthis[m[K’ in non-member function
  192 |   this->taskName = [01;31m[Kthis[m[K->sdf->Get<std::string>("task_name");
      |                    [01;31m[K^~~~[m[K
[01m[K/home/aliomacc/sti_usv/src/usv_sim/workspace_gz/plugins/ScoringPlugin.cc:192:46:[m[K [01;31m[Kerror: [m[Kexpected primary-expression before ‘[01m[K>[m[K’ token
  192 |   this->taskName = this->sdf->Get<std::string[01;31m[K>[m[K("task_name");
      |                                              [01;31m[K^[m[K
[01m[K/home/aliomacc/sti_usv/src/usv_sim/workspace_gz/plugins/ScoringPlugin.cc:195:7:[m[K [01;31m[Kerror: [m[Kinvalid use of ‘[01m[Kthis[m[K’ in non-member function
  195 |   if ([01;31m[Kthis[m[K->sdf->HasElement("task_info_topic"))
      |       [01;31m[K^~~~[m[K
[01m[K/home/aliomacc/sti_usv/src/usv_sim/workspace_gz/plugins/ScoringPlugin.cc:196:5:[m[K [01;31m[Kerror: [m[Kinvalid use of ‘[01m[Kthis[m[K’ in non-member function
  196 |     [01;31m[Kthis[m[K->taskInfoTopic = this->sdf->Get<std::string>("task_info_topic");
      |     [01;31m[K^~~~[m[K
[01m[K/home/aliomacc/sti_usv/src/usv_sim/workspace_gz/plugins/ScoringPlugin.cc:196:27:[m[K [01;31m[Kerror: [m[Kinvalid use of ‘[01m[Kthis[m[K’ in non-member function
  196 |     this->taskInfoTopic = [01;31m[Kthis[m[K->sdf->Get<std::string>("task_info_topic");
      |                           [01;31m[K^~~~[m[K
[01m[K/home/aliomacc/sti_usv/src/usv_sim/workspace_gz/plugins/ScoringPlugin.cc:196:53:[m[K [01;31m[Kerror: [m[Kexpected primary-expression before ‘[01m[K>[m[K’ token
  196 |     this->taskInfoTopic = this->sdf->Get<std::string[01;31m[K>[m[K("task_info_topic");
      |                                                     [01;31m[K^[m[K
[01m[K/home/aliomacc/sti_usv/src/usv_sim/workspace_gz/plugins/ScoringPlugin.cc:199:7:[m[K [01;31m[Kerror: [m[Kinvalid use of ‘[01m[Kthis[m[K’ in non-member function
  199 |   if ([01;31m[Kthis[m[K->sdf->HasElement("per_plugin_exit_on_completion"))
      |       [01;31m[K^~~~[m[K
[01m[K/home/aliomacc/sti_usv/src/usv_sim/workspace_gz/plugins/ScoringPlugin.cc:201:5:[m[K [01;31m[Kerror: [m[Kinvalid use of ‘[01m[Kthis[m[K’ in non-member function
  201 |     [01;31m[Kthis[m[K->perPluginExitOnCompletion = this->sdf->Get<bool>(
      |     [01;31m[K^~~~[m[K
[01m[K/home/aliomacc/sti_usv/src/usv_sim/workspace_gz/plugins/ScoringPlugin.cc:201:39:[m[K [01;31m[Kerror: [m[Kinvalid use of ‘[01m[Kthis[m[K’ in non-member function
  201 |     this->perPluginExitOnCompletion = [01;31m[Kthis[m[K->sdf->Get<bool>(
      |                                       [01;31m[K^~~~[m[K
[01m[K/home/aliomacc/sti_usv/src/usv_sim/workspace_gz/plugins/ScoringPlugin.cc:201:54:[m[K [01;31m[Kerror: [m[Kexpected primary-expression before ‘[01m[Kbool[m[K’
  201 |     this->perPluginExitOnCompletion = this->sdf->Get<[01;31m[Kbool[m[K>(
      |                                                      [01;31m[K^~~~[m[K
[01m[K/home/aliomacc/sti_usv/src/usv_sim/workspace_gz/plugins/ScoringPlugin.cc:206:7:[m[K [01;31m[Kerror: [m[Kinvalid use of ‘[01m[Kthis[m[K’ in non-member function
  206 |   if ([01;31m[Kthis[m[K->sdf->HasElement("exit_delay"))
      |       [01;31m[K^~~~[m[K
[01m[K/home/aliomacc/sti_usv/src/usv_sim/workspace_gz/plugins/ScoringPlugin.cc:207:5:[m[K [01;31m[Kerror: [m[Kinvalid use of ‘[01m[Kthis[m[K’ in non-member function
  207 |     [01;31m[Kthis[m[K->exitDelay = this->sdf->Get<double>("exit_delay");
      |     [01;31m[K^~~~[m[K
[01m[K/home/aliomacc/sti_usv/src/usv_sim/workspace_gz/plugins/ScoringPlugin.cc:207:23:[m[K [01;31m[Kerror: [m[Kinvalid use of ‘[01m[Kthis[m[K’ in non-member function
  207 |     this->exitDelay = [01;31m[Kthis[m[K->sdf->Get<double>("exit_delay");
      |                       [01;31m[K^~~~[m[K
[01m[K/home/aliomacc/sti_usv/src/usv_sim/workspace_gz/plugins/ScoringPlugin.cc:207:38:[m[K [01;31m[Kerror: [m[Kexpected primary-expression before ‘[01m[Kdouble[m[K’
  207 |     this->exitDelay = this->sdf->Get<[01;31m[Kdouble[m[K>("exit_delay");
      |                                      [01;31m[K^~~~~~[m[K
[01m[K/home/aliomacc/sti_usv/src/usv_sim/workspace_gz/plugins/ScoringPlugin.cc:210:7:[m[K [01;31m[Kerror: [m[Kinvalid use of ‘[01m[Kthis[m[K’ in non-member function
  210 |   if ([01;31m[Kthis[m[K->sdf->HasElement("initial_state_duration"))
      |       [01;31m[K^~~~[m[K
[01m[K/home/aliomacc/sti_usv/src/usv_sim/workspace_gz/plugins/ScoringPlugin.cc:212:20:[m[K [01;31m[Kerror: [m[Kinvalid use of ‘[01m[Kthis[m[K’ in non-member function
  212 |     double value = [01;31m[Kthis[m[K->sdf->Get<double>("initial_state_duration");
      |                    [01;31m[K^~~~[m[K
[01m[K/home/aliomacc/sti_usv/src/usv_sim/workspace_gz/plugins/ScoringPlugin.cc:212:35:[m[K [01;31m[Kerror: [m[Kexpected primary-expression before ‘[01m[Kdouble[m[K’
  212 |     double value = this->sdf->Get<[01;31m[Kdouble[m[K>("initial_state_duration");
      |                                   [01;31m[K^~~~~~[m[K
[01m[K/home/aliomacc/sti_usv/src/usv_sim/workspace_gz/plugins/ScoringPlugin.cc:219:5:[m[K [01;31m[Kerror: [m[Kinvalid use of ‘[01m[Kthis[m[K’ in non-member function
  219 |     [01;31m[Kthis[m[K->initialStateDuration = value;
      |     [01;31m[K^~~~[m[K
[01m[K/home/aliomacc/sti_usv/src/usv_sim/workspace_gz/plugins/ScoringPlugin.cc:223:7:[m[K [01;31m[Kerror: [m[Kinvalid use of ‘[01m[Kthis[m[K’ in non-member function
  223 |   if ([01;31m[Kthis[m[K->sdf->HasElement("ready_state_duration"))
      |       [01;31m[K^~~~[m[K
[01m[K/home/aliomacc/sti_usv/src/usv_sim/workspace_gz/plugins/ScoringPlugin.cc:225:20:[m[K [01;31m[Kerror: [m[Kinvalid use of ‘[01m[Kthis[m[K’ in non-member function
  225 |     double value = [01;31m[Kthis[m[K->sdf->Get<double>("ready_state_duration");
      |                    [01;31m[K^~~~[m[K
[01m[K/home/aliomacc/sti_usv/src/usv_sim/workspace_gz/plugins/ScoringPlugin.cc:225:35:[m[K [01;31m[Kerror: [m[Kexpected primary-expression before ‘[01m[Kdouble[m[K’
  225 |     double value = this->sdf->Get<[01;31m[Kdouble[m[K>("ready_state_duration");
      |                                   [01;31m[K^~~~~~[m[K
[01m[K/home/aliomacc/sti_usv/src/usv_sim/workspace_gz/plugins/ScoringPlugin.cc:233:5:[m[K [01;31m[Kerror: [m[Kinvalid use of ‘[01m[Kthis[m[K’ in non-member function
  233 |     [01;31m[Kthis[m[K->readyStateDuration = value;
      |     [01;31m[K^~~~[m[K
[01m[K/home/aliomacc/sti_usv/src/usv_sim/workspace_gz/plugins/ScoringPlugin.cc:237:7:[m[K [01;31m[Kerror: [m[Kinvalid use of ‘[01m[Kthis[m[K’ in non-member function
  237 |   if ([01;31m[Kthis[m[K->sdf->HasElement("running_state_duration"))
      |       [01;31m[K^~~~[m[K
[01m[K/home/aliomacc/sti_usv/src/usv_sim/workspace_gz/plugins/ScoringPlugin.cc:239:20:[m[K [01;31m[Kerror: [m[Kinvalid use of ‘[01m[Kthis[m[K’ in non-member function
  239 |     double value = [01;31m[Kthis[m[K->sdf->Get<double>("running_state_duration");
      |                    [01;31m[K^~~~[m[K
[01m[K/home/aliomacc/sti_usv/src/usv_sim/workspace_gz/plugins/ScoringPlugin.cc:239:35:[m[K [01;31m[Kerror: [m[Kexpected primary-expression before ‘[01m[Kdouble[m[K’
  239 |     double value = this->sdf->Get<[01;31m[Kdouble[m[K>("running_state_duration");
      |                                   [01;31m[K^~~~~~[m[K
[01m[K/home/aliomacc/sti_usv/src/usv_sim/workspace_gz/plugins/ScoringPlugin.cc:246:5:[m[K [01;31m[Kerror: [m[Kinvalid use of ‘[01m[Kthis[m[K’ in non-member function
  246 |     [01;31m[Kthis[m[K->runningStateDuration = value;
      |     [01;31m[K^~~~[m[K
[01m[K/home/aliomacc/sti_usv/src/usv_sim/workspace_gz/plugins/ScoringPlugin.cc:250:7:[m[K [01;31m[Kerror: [m[Kinvalid use of ‘[01m[Kthis[m[K’ in non-member function
  250 |   if ([01;31m[Kthis[m[K->sdf->HasElement("release_topic"))
      |       [01;31m[K^~~~[m[K
[01m[K/home/aliomacc/sti_usv/src/usv_sim/workspace_gz/plugins/ScoringPlugin.cc:252:5:[m[K [01;31m[Kerror: [m[Kinvalid use of ‘[01m[Kthis[m[K’ in non-member function
  252 |     [01;31m[Kthis[m[K->releaseTopic = this->sdf->Get<std::string>("release_topic");
      |     [01;31m[K^~~~[m[K
[01m[K/home/aliomacc/sti_usv/src/usv_sim/workspace_gz/plugins/ScoringPlugin.cc:252:26:[m[K [01;31m[Kerror: [m[Kinvalid use of ‘[01m[Kthis[m[K’ in non-member function
  252 |     this->releaseTopic = [01;31m[Kthis[m[K->sdf->Get<std::string>("release_topic");
      |                          [01;31m[K^~~~[m[K
[01m[K/home/aliomacc/sti_usv/src/usv_sim/workspace_gz/plugins/ScoringPlugin.cc:252:52:[m[K [01;31m[Kerror: [m[Kexpected primary-expression before ‘[01m[K>[m[K’ token
  252 |     this->releaseTopic = this->sdf->Get<std::string[01;31m[K>[m[K("release_topic");
      |                                                    [01;31m[K^[m[K
[01m[K/home/aliomacc/sti_usv/src/usv_sim/workspace_gz/plugins/ScoringPlugin.cc:256:7:[m[K [01;31m[Kerror: [m[Kinvalid use of ‘[01m[Kthis[m[K’ in non-member function
  256 |   if ([01;31m[Kthis[m[K->sdf->HasElement("silent"))
      |       [01;31m[K^~~~[m[K
[01m[K/home/aliomacc/sti_usv/src/usv_sim/workspace_gz/plugins/ScoringPlugin.cc:258:5:[m[K [01;31m[Kerror: [m[Kinvalid use of ‘[01m[Kthis[m[K’ in non-member function
  258 |     [01;31m[Kthis[m[K->silent = this->sdf->Get<bool>("silent");
      |     [01;31m[K^~~~[m[K
[01m[K/home/aliomacc/sti_usv/src/usv_sim/workspace_gz/plugins/ScoringPlugin.cc:258:20:[m[K [01;31m[Kerror: [m[Kinvalid use of ‘[01m[Kthis[m[K’ in non-member function
  258 |     this->silent = [01;31m[Kthis[m[K->sdf->Get<bool>("silent");
      |                    [01;31m[K^~~~[m[K
[01m[K/home/aliomacc/sti_usv/src/usv_sim/workspace_gz/plugins/ScoringPlugin.cc:258:35:[m[K [01;31m[Kerror: [m[Kexpected primary-expression before ‘[01m[Kbool[m[K’
  258 |     this->silent = this->sdf->Get<[01;31m[Kbool[m[K>("silent");
      |                                   [01;31m[K^~~~[m[K
[01m[K/home/aliomacc/sti_usv/src/usv_sim/workspace_gz/plugins/ScoringPlugin.cc:[m[K At global scope:
[01m[K/home/aliomacc/sti_usv/src/usv_sim/workspace_gz/plugins/ScoringPlugin.cc:265:21:[m[K [01;31m[Kerror: [m[K‘[01m[Kvrx::ScoringPlugin::Implementation[m[K’ has not been declared
  265 | void ScoringPlugin::[01;31m[KImplementation[m[K::UpdateTime(
      |                     [01;31m[K^~~~~~~~~~~~~~[m[K
[01m[K/home/aliomacc/sti_usv/src/usv_sim/workspace_gz/plugins/ScoringPlugin.cc:[m[K In function ‘[01m[Kvoid UpdateTime(std::chrono::duration<double>)[m[K’:
[01m[K/home/aliomacc/sti_usv/src/usv_sim/workspace_gz/plugins/ScoringPlugin.cc:268:3:[m[K [01;31m[Kerror: [m[Kinvalid use of ‘[01m[Kthis[m[K’ in non-member function
  268 |   [01;31m[Kthis[m[K->currentTime = _simTime;
      |   [01;31m[K^~~~[m[K
[01m[K/home/aliomacc/sti_usv/src/usv_sim/workspace_gz/plugins/ScoringPlugin.cc:270:7:[m[K [01;31m[Kerror: [m[Kinvalid use of ‘[01m[Kthis[m[K’ in non-member function
  270 |   if ([01;31m[Kthis[m[K->taskState == "running")
      |       [01;31m[K^~~~[m[K
[01m[K/home/aliomacc/sti_usv/src/usv_sim/workspace_gz/plugins/ScoringPlugin.cc:272:5:[m[K [01;31m[Kerror: [m[Kinvalid use of ‘[01m[Kthis[m[K’ in non-member function
  272 |     [01;31m[Kthis[m[K->elapsedTime = this->currentTime - this->runningTime;
      |     [01;31m[K^~~~[m[K
[01m[K/home/aliomacc/sti_usv/src/usv_sim/workspace_gz/plugins/ScoringPlugin.cc:272:25:[m[K [01;31m[Kerror: [m[Kinvalid use of ‘[01m[Kthis[m[K’ in non-member function
  272 |     this->elapsedTime = [01;31m[Kthis[m[K->currentTime - this->runningTime;
      |                         [01;31m[K^~~~[m[K
[01m[K/home/aliomacc/sti_usv/src/usv_sim/workspace_gz/plugins/ScoringPlugin.cc:272:45:[m[K [01;31m[Kerror: [m[Kinvalid use of ‘[01m[Kthis[m[K’ in non-member function
  272 |     this->elapsedTime = this->currentTime - [01;31m[Kthis[m[K->runningTime;
      |                                             [01;31m[K^~~~[m[K
[01m[K/home/aliomacc/sti_usv/src/usv_sim/workspace_gz/plugins/ScoringPlugin.cc:273:5:[m[K [01;31m[Kerror: [m[Kinvalid use of ‘[01m[Kthis[m[K’ in non-member function
  273 |     [01;31m[Kthis[m[K->remainingTime = this->finishTime - this->currentTime;
      |     [01;31m[K^~~~[m[K
[01m[K/home/aliomacc/sti_usv/src/usv_sim/workspace_gz/plugins/ScoringPlugin.cc:273:27:[m[K [01;31m[Kerror: [m[Kinvalid use of ‘[01m[Kthis[m[K’ in non-member function
  273 |     this->remainingTime = [01;31m[Kthis[m[K->finishTime - this->currentTime;
      |                           [01;31m[K^~~~[m[K
[01m[K/home/aliomacc/sti_usv/src/usv_sim/workspace_gz/plugins/ScoringPlugin.cc:273:46:[m[K [01;31m[Kerror: [m[Kinvalid use of ‘[01m[Kthis[m[K’ in non-member function
  273 |     this->remainingTime = this->finishTime - [01;31m[Kthis[m[K->currentTime;
      |                                              [01;31m[K^~~~[m[K
[01m[K/home/aliomacc/sti_usv/src/usv_sim/workspace_gz/plugins/ScoringPlugin.cc:274:5:[m[K [01;31m[Kerror: [m[Kinvalid use of ‘[01m[Kthis[m[K’ in non-member function
  274 |     [01;31m[Kthis[m[K->timedOut = this->remainingTime <= std::chrono::duration<double>(0.0);
      |     [01;31m[K^~~~[m[K
[01m[K/home/aliomacc/sti_usv/src/usv_sim/workspace_gz/plugins/ScoringPlugin.cc:274:22:[m[K [01;31m[Kerror: [m[Kinvalid use of ‘[01m[Kthis[m[K’ in non-member function
  274 |     this->timedOut = [01;31m[Kthis[m[K->remainingTime <= std::chrono::duration<double>(0.0);
      |                      [01;31m[K^~~~[m[K
[01m[K/home/aliomacc/sti_usv/src/usv_sim/workspace_gz/plugins/ScoringPlugin.cc:[m[K In member function ‘[01m[Kvoid vrx::ScoringPlugin::UpdateTaskState()[m[K’:
[01m[K/home/aliomacc/sti_usv/src/usv_sim/workspace_gz/plugins/ScoringPlugin.cc:281:13:[m[K [01;31m[Kerror: [m[K‘[01m[Kclass vrx::ScoringPlugin[m[K’ has no member named ‘[01m[KdataPtr[m[K’
  281 |   if (this->[01;31m[KdataPtr[m[K->taskState == "initial" &&
      |             [01;31m[K^~~~~~~[m[K
[01m[K/home/aliomacc/sti_usv/src/usv_sim/workspace_gz/plugins/ScoringPlugin.cc:282:13:[m[K [01;31m[Kerror: [m[K‘[01m[Kclass vrx::ScoringPlugin[m[K’ has no member named ‘[01m[KdataPtr[m[K’
  282 |       this->[01;31m[KdataPtr[m[K->currentTime >= this->dataPtr->readyTime)
      |             [01;31m[K^~~~~~~[m[K
[01m[K/home/aliomacc/sti_usv/src/usv_sim/workspace_gz/plugins/ScoringPlugin.cc:282:43:[m[K [01;31m[Kerror: [m[K‘[01m[Kclass vrx::ScoringPlugin[m[K’ has no member named ‘[01m[KdataPtr[m[K’
  282 |       this->dataPtr->currentTime >= this->[01;31m[KdataPtr[m[K->readyTime)
      |                                           [01;31m[K^~~~~~~[m[K
[01m[K/home/aliomacc/sti_usv/src/usv_sim/workspace_gz/plugins/ScoringPlugin.cc:284:11:[m[K [01;31m[Kerror: [m[K‘[01m[Kclass vrx::ScoringPlugin[m[K’ has no member named ‘[01m[KdataPtr[m[K’
  284 |     this->[01;31m[KdataPtr[m[K->taskState = "ready";
      |           [01;31m[K^~~~~~~[m[K
[01m[K/home/aliomacc/sti_usv/src/usv_sim/workspace_gz/plugins/ScoringPlugin.cc:290:13:[m[K [01;31m[Kerror: [m[K‘[01m[Kclass vrx::ScoringPlugin[m[K’ has no member named ‘[01m[KdataPtr[m[K’
  290 |   if (this->[01;31m[KdataPtr[m[K->taskState == "ready" &&
      |             [01;31m[K^~~~~~~[m[K
[01m[K/home/aliomacc/sti_usv/src/usv_sim/workspace_gz/plugins/ScoringPlugin.cc:291:13:[m[K [01;31m[Kerror: [m[K‘[01m[Kclass vrx::ScoringPlugin[m[K’ has no member named ‘[01m[KdataPtr[m[K’
  291 |       this->[01;31m[KdataPtr[m[K->currentTime >= this->dataPtr->runningTime)
      |             [01;31m[K^~~~~~~[m[K
[01m[K/home/aliomacc/sti_usv/src/usv_sim/workspace_gz/plugins/ScoringPlugin.cc:291:43:[m[K [01;31m[Kerror: [m[K‘[01m[Kclass vrx::ScoringPlugin[m[K’ has no member named ‘[01m[KdataPtr[m[K’
  291 |       this->dataPtr->currentTime >= this->[01;31m[KdataPtr[m[K->runningTime)
      |                                           [01;31m[K^~~~~~~[m[K
[01m[K/home/aliomacc/sti_usv/src/usv_sim/workspace_gz/plugins/ScoringPlugin.cc:293:11:[m[K [01;31m[Kerror: [m[K‘[01m[Kclass vrx::ScoringPlugin[m[K’ has no member named ‘[01m[KdataPtr[m[K’
  293 |     this->[01;31m[KdataPtr[m[K->taskState = "running";
      |           [01;31m[K^~~~~~~[m[K
[01m[K/home/aliomacc/sti_usv/src/usv_sim/workspace_gz/plugins/ScoringPlugin.cc:298:13:[m[K [01;31m[Kerror: [m[K‘[01m[Kclass vrx::ScoringPlugin[m[K’ has no member named ‘[01m[KdataPtr[m[K’
  298 |   if (this->[01;31m[KdataPtr[m[K->taskState == "running" && this->dataPtr->timedOut)
      |             [01;31m[K^~~~~~~[m[K
[01m[K/home/aliomacc/sti_usv/src/usv_sim/workspace_gz/plugins/ScoringPlugin.cc:298:54:[m[K [01;31m[Kerror: [m[K‘[01m[Kclass vrx::ScoringPlugin[m[K’ has no member named ‘[01m[KdataPtr[m[K’
  298 |   if (this->dataPtr->taskState == "running" && this->[01;31m[KdataPtr[m[K->timedOut)
      |                                                      [01;31m[K^~~~~~~[m[K
[01m[K/home/aliomacc/sti_usv/src/usv_sim/workspace_gz/plugins/ScoringPlugin.cc:300:11:[m[K [01;31m[Kerror: [m[K‘[01m[Kclass vrx::ScoringPlugin[m[K’ has no member named ‘[01m[KdataPtr[m[K’
  300 |     this->[01;31m[KdataPtr[m[K->taskState = "finished";
      |           [01;31m[K^~~~~~~[m[K
[01m[K/home/aliomacc/sti_usv/src/usv_sim/workspace_gz/plugins/ScoringPlugin.cc:305:13:[m[K [01;31m[Kerror: [m[K‘[01m[Kclass vrx::ScoringPlugin[m[K’ has no member named ‘[01m[KdataPtr[m[K’
  305 |   if (this->[01;31m[KdataPtr[m[K->taskState == "finished" &&
      |             [01;31m[K^~~~~~~[m[K
[01m[K/home/aliomacc/sti_usv/src/usv_sim/workspace_gz/plugins/ScoringPlugin.cc:306:13:[m[K [01;31m[Kerror: [m[K‘[01m[Kclass vrx::ScoringPlugin[m[K’ has no member named ‘[01m[KdataPtr[m[K’
  306 |       this->[01;31m[KdataPtr[m[K->currentTime >= this->dataPtr->exitTime)
      |             [01;31m[K^~~~~~~[m[K
[01m[K/home/aliomacc/sti_usv/src/usv_sim/workspace_gz/plugins/ScoringPlugin.cc:306:43:[m[K [01;31m[Kerror: [m[K‘[01m[Kclass vrx::ScoringPlugin[m[K’ has no member named ‘[01m[KdataPtr[m[K’
  306 |       this->dataPtr->currentTime >= this->[01;31m[KdataPtr[m[K->exitTime)
      |                                           [01;31m[K^~~~~~~[m[K
[01m[K/home/aliomacc/sti_usv/src/usv_sim/workspace_gz/plugins/ScoringPlugin.cc:308:11:[m[K [01;31m[Kerror: [m[K‘[01m[Kclass vrx::ScoringPlugin[m[K’ has no member named ‘[01m[KdataPtr[m[K’
  308 |     this->[01;31m[KdataPtr[m[K->Exit();
      |           [01;31m[K^~~~~~~[m[K
[01m[K/home/aliomacc/sti_usv/src/usv_sim/workspace_gz/plugins/ScoringPlugin.cc:[m[K At global scope:
[01m[K/home/aliomacc/sti_usv/src/usv_sim/workspace_gz/plugins/ScoringPlugin.cc:314:21:[m[K [01;31m[Kerror: [m[K‘[01m[Kvrx::ScoringPlugin::Implementation[m[K’ has not been declared
  314 | void ScoringPlugin::[01;31m[KImplementation[m[K::UpdateTaskMessage()
      |                     [01;31m[K^~~~~~~~~~~~~~[m[K
[01m[K/home/aliomacc/sti_usv/src/usv_sim/workspace_gz/plugins/ScoringPlugin.cc:[m[K In function ‘[01m[Kvoid UpdateTaskMessage()[m[K’:
[01m[K/home/aliomacc/sti_usv/src/usv_sim/workspace_gz/plugins/ScoringPlugin.cc:316:17:[m[K [01;31m[Kerror: [m[Kinvalid use of ‘[01m[Kthis[m[K’ in non-member function
  316 |   auto *param = [01;31m[Kthis[m[K->taskMsg.mutable_params();
      |                 [01;31m[K^~~~[m[K
[01m[K/home/aliomacc/sti_usv/src/usv_sim/workspace_gz/plugins/ScoringPlugin.cc:318:38:[m[K [01;31m[Kerror: [m[Kinvalid use of ‘[01m[Kthis[m[K’ in non-member function
  318 |   (*param)["state"].set_string_value([01;31m[Kthis[m[K->taskState);
      |                                      [01;31m[K^~~~[m[K
[01m[K/home/aliomacc/sti_usv/src/usv_sim/workspace_gz/plugins/ScoringPlugin.cc:319:45:[m[K [01;31m[Kerror: [m[Kinvalid use of ‘[01m[Kthis[m[K’ in non-member function
  319 |   (*param)["elapsed_time"].set_double_value([01;31m[Kthis[m[K->elapsedTime.count());
      |                                             [01;31m[K^~~~[m[K
[01m[K/home/aliomacc/sti_usv/src/usv_sim/workspace_gz/plugins/ScoringPlugin.cc:320:47:[m[K [01;31m[Kerror: [m[Kinvalid use of ‘[01m[Kthis[m[K’ in non-member function
  320 |   (*param)["remaining_time"].set_double_value([01;31m[Kthis[m[K->remainingTime.count());
      |                                               [01;31m[K^~~~[m[K
[01m[K/home/aliomacc/sti_usv/src/usv_sim/workspace_gz/plugins/ScoringPlugin.cc:321:40:[m[K [01;31m[Kerror: [m[Kinvalid use of ‘[01m[Kthis[m[K’ in non-member function
  321 |   (*param)["timed_out"].set_bool_value([01;31m[Kthis[m[K->timedOut);
      |                                        [01;31m[K^~~~[m[K
[01m[K/home/aliomacc/sti_usv/src/usv_sim/workspace_gz/plugins/ScoringPlugin.cc:322:44:[m[K [01;31m[Kerror: [m[Kinvalid use of ‘[01m[Kthis[m[K’ in non-member function
  322 |   (*param)["num_collisions"].set_int_value([01;31m[Kthis[m[K->numCollisions);
      |                                            [01;31m[K^~~~[m[K
[01m[K/home/aliomacc/sti_usv/src/usv_sim/workspace_gz/plugins/ScoringPlugin.cc:323:38:[m[K [01;31m[Kerror: [m[Kinvalid use of ‘[01m[Kthis[m[K’ in non-member function
  323 |   (*param)["score"].set_double_value([01;31m[Kthis[m[K->score);
      |                                      [01;31m[K^~~~[m[K
[01m[K/home/aliomacc/sti_usv/src/usv_sim/workspace_gz/plugins/ScoringPlugin.cc:[m[K At global scope:
[01m[K/home/aliomacc/sti_usv/src/usv_sim/workspace_gz/plugins/ScoringPlugin.cc:327:21:[m[K [01;31m[Kerror: [m[K‘[01m[Kvrx::ScoringPlugin::Implementation[m[K’ has not been declared
  327 | void ScoringPlugin::[01;31m[KImplementation[m[K::PublishStats()
      |                     [01;31m[K^~~~~~~~~~~~~~[m[K
[01m[K/home/aliomacc/sti_usv/src/usv_sim/workspace_gz/plugins/ScoringPlugin.cc:[m[K In function ‘[01m[Kvoid PublishStats()[m[K’:
[01m[K/home/aliomacc/sti_usv/src/usv_sim/workspace_gz/plugins/ScoringPlugin.cc:329:3:[m[K [01;31m[Kerror: [m[Kinvalid use of ‘[01m[Kthis[m[K’ in non-member function
  329 |   [01;31m[Kthis[m[K->UpdateTaskMessage();
      |   [01;31m[K^~~~[m[K
[01m[K/home/aliomacc/sti_usv/src/usv_sim/workspace_gz/plugins/ScoringPlugin.cc:332:7:[m[K [01;31m[Kerror: [m[Kinvalid use of ‘[01m[Kthis[m[K’ in non-member function
  332 |   if ([01;31m[Kthis[m[K->currentTime - this->lastStatsSent >=
      |       [01;31m[K^~~~[m[K
[01m[K/home/aliomacc/sti_usv/src/usv_sim/workspace_gz/plugins/ScoringPlugin.cc:332:27:[m[K [01;31m[Kerror: [m[Kinvalid use of ‘[01m[Kthis[m[K’ in non-member function
  332 |   if (this->currentTime - [01;31m[Kthis[m[K->lastStatsSent >=
      |                           [01;31m[K^~~~[m[K
[01m[K/home/aliomacc/sti_usv/src/usv_sim/workspace_gz/plugins/ScoringPlugin.cc:335:5:[m[K [01;31m[Kerror: [m[Kinvalid use of ‘[01m[Kthis[m[K’ in non-member function
  335 |     [01;31m[Kthis[m[K->taskPub.Publish(this->taskMsg);
      |     [01;31m[K^~~~[m[K
[01m[K/home/aliomacc/sti_usv/src/usv_sim/workspace_gz/plugins/ScoringPlugin.cc:335:27:[m[K [01;31m[Kerror: [m[Kinvalid use of ‘[01m[Kthis[m[K’ in non-member function
  335 |     this->taskPub.Publish([01;31m[Kthis[m[K->taskMsg);
      |                           [01;31m[K^~~~[m[K
[01m[K/home/aliomacc/sti_usv/src/usv_sim/workspace_gz/plugins/ScoringPlugin.cc:336:5:[m[K [01;31m[Kerror: [m[Kinvalid use of ‘[01m[Kthis[m[K’ in non-member function
  336 |     [01;31m[Kthis[m[K->lastStatsSent = this->currentTime;
      |     [01;31m[K^~~~[m[K
[01m[K/home/aliomacc/sti_usv/src/usv_sim/workspace_gz/plugins/ScoringPlugin.cc:336:27:[m[K [01;31m[Kerror: [m[Kinvalid use of ‘[01m[Kthis[m[K’ in non-member function
  336 |     this->lastStatsSent = [01;31m[Kthis[m[K->currentTime;
      |                           [01;31m[K^~~~[m[K
[01m[K/home/aliomacc/sti_usv/src/usv_sim/workspace_gz/plugins/ScoringPlugin.cc:[m[K At global scope:
[01m[K/home/aliomacc/sti_usv/src/usv_sim/workspace_gz/plugins/ScoringPlugin.cc:341:21:[m[K [01;31m[Kerror: [m[K‘[01m[Kvrx::ScoringPlugin::Implementation[m[K’ has not been declared
  341 | void ScoringPlugin::[01;31m[KImplementation[m[K::Exit()
      |                     [01;31m[K^~~~~~~~~~~~~~[m[K
[01m[K/home/aliomacc/sti_usv/src/usv_sim/workspace_gz/plugins/ScoringPlugin.cc:[m[K In function ‘[01m[Kvoid Exit()[m[K’:
[01m[K/home/aliomacc/sti_usv/src/usv_sim/workspace_gz/plugins/ScoringPlugin.cc:343:15:[m[K [01;31m[Kerror: [m[Kinvalid use of ‘[01m[Kthis[m[K’ in non-member function
  343 |   bool exit = [01;31m[Kthis[m[K->perPluginExitOnCompletion;
      |               [01;31m[K^~~~[m[K
[01m[K/home/aliomacc/sti_usv/src/usv_sim/workspace_gz/plugins/ScoringPlugin.cc:355:5:[m[K [01;31m[Kerror: [m[Kinvalid use of ‘[01m[Kthis[m[K’ in non-member function
  355 |     [01;31m[Kthis[m[K->eventManager->Emit<sim::events::Stop>();
      |     [01;31m[K^~~~[m[K
[01m[K/home/aliomacc/sti_usv/src/usv_sim/workspace_gz/plugins/ScoringPlugin.cc:355:47:[m[K [01;31m[Kerror: [m[Kexpected primary-expression before ‘[01m[K>[m[K’ token
  355 |     this->eventManager->Emit<sim::events::Stop[01;31m[K>[m[K();
      |                                               [01;31m[K^[m[K
[01m[K/home/aliomacc/sti_usv/src/usv_sim/workspace_gz/plugins/ScoringPlugin.cc:355:49:[m[K [01;31m[Kerror: [m[Kexpected primary-expression before ‘[01m[K)[m[K’ token
  355 |     this->eventManager->Emit<sim::events::Stop>([01;31m[K)[m[K;
      |                                                 [01;31m[K^[m[K
[01m[K/home/aliomacc/sti_usv/src/usv_sim/workspace_gz/plugins/ScoringPlugin.cc:[m[K In constructor ‘[01m[Kvrx::ScoringPlugin::ScoringPlugin()[m[K’:
[01m[K/home/aliomacc/sti_usv/src/usv_sim/workspace_gz/plugins/ScoringPlugin.cc:368:15:[m[K [01;31m[Kerror: [m[Kclass ‘[01m[Kvrx::ScoringPlugin[m[K’ does not have any field named ‘[01m[KdataPtr[m[K’
  368 |   : System(), [01;31m[KdataPtr[m[K(utils::MakeUniqueImpl<Implementation>())
      |               [01;31m[K^~~~~~~[m[K
[01m[K/home/aliomacc/sti_usv/src/usv_sim/workspace_gz/plugins/ScoringPlugin.cc:368:45:[m[K [01;31m[Kerror: [m[K‘[01m[KImplementation[m[K’ was not declared in this scope
  368 |   : System(), dataPtr(utils::MakeUniqueImpl<[01;31m[KImplementation[m[K>())
      |                                             [01;31m[K^~~~~~~~~~~~~~[m[K
[01m[K/home/aliomacc/sti_usv/src/usv_sim/workspace_gz/plugins/ScoringPlugin.cc:368:60:[m[K [01;31m[Kerror: [m[Kno matching function for call to ‘[01m[KMakeUniqueImpl<<expression error> >()[m[K’
  368 |   : System(), dataPtr([01;31m[Kutils::MakeUniqueImpl<Implementation>()[m[K)
      |                       [01;31m[K~~~~~~~~~~~~~~~~~~~~~~~~~~~~~~~~~~~~~^~[m[K
In file included from [01m[K/usr/include/ignition/utils1/gz/utils/ImplPtr.hh:259[m[K,
                 from [01m[K/usr/include/ignition/sdformat12/sdf/PrintConfig.hh:21[m[K,
                 from [01m[K/usr/include/ignition/sdformat12/sdf/Param.hh:39[m[K,
                 from [01m[K/usr/include/ignition/sdformat12/sdf/Element.hh:28[m[K,
                 from [01m[K/usr/include/ignition/gazebo6/gz/sim/Events.hh:20[m[K,
                 from [01m[K/home/aliomacc/sti_usv/src/usv_sim/workspace_gz/plugins/ScoringPlugin.cc:25[m[K:
[01m[K/usr/include/ignition/utils1/gz/utils/detail/ImplPtr.hh:142:22:[m[K [01;36m[Knote: [m[Kcandidate: ‘[01m[Ktemplate<class T, class ... Args> ignition::utils::UniqueImplPtr<T> ignition::utils::MakeUniqueImpl(Args&& ...)[m[K’
  142 |     UniqueImplPtr<T> [01;36m[KMakeUniqueImpl[m[K(Args &&...args)
      |                      [01;36m[K^~~~~~~~~~~~~~[m[K
[01m[K/usr/include/ignition/utils1/gz/utils/detail/ImplPtr.hh:142:22:[m[K [01;36m[Knote: [m[K  template argument deduction/substitution failed:
[01m[K/home/aliomacc/sti_usv/src/usv_sim/workspace_gz/plugins/ScoringPlugin.cc:368:60:[m[K [01;31m[Kerror: [m[Ktemplate argument 1 is invalid
  368 |   : System(), dataPtr([01;31m[Kutils::MakeUniqueImpl<Implementation>()[m[K)
      |                       [01;31m[K~~~~~~~~~~~~~~~~~~~~~~~~~~~~~~~~~~~~~^~[m[K
[01m[K/home/aliomacc/sti_usv/src/usv_sim/workspace_gz/plugins/ScoringPlugin.cc:[m[K In member function ‘[01m[Kvirtual void vrx::ScoringPlugin::Configure(const Entity&, const std::shared_ptr<const sdf::v12::Element>&, ignition::gazebo::v6::EntityComponentManager&, ignition::gazebo::v6::EventManager&)[m[K’:
[01m[K/home/aliomacc/sti_usv/src/usv_sim/workspace_gz/plugins/ScoringPlugin.cc:378:9:[m[K [01;31m[Kerror: [m[K‘[01m[Kclass vrx::ScoringPlugin[m[K’ has no member named ‘[01m[KdataPtr[m[K’
  378 |   this->[01;31m[KdataPtr[m[K->sdf = _sdf->Clone();
      |         [01;31m[K^~~~~~~[m[K
[01m[K/home/aliomacc/sti_usv/src/usv_sim/workspace_gz/plugins/ScoringPlugin.cc:379:9:[m[K [01;31m[Kerror: [m[K‘[01m[Kclass vrx::ScoringPlugin[m[K’ has no member named ‘[01m[KdataPtr[m[K’
  379 |   this->[01;31m[KdataPtr[m[K->eventManager = &_eventMgr;
      |         [01;31m[K^~~~~~~[m[K
[01m[K/home/aliomacc/sti_usv/src/usv_sim/workspace_gz/plugins/ScoringPlugin.cc:382:14:[m[K [01;31m[Kerror: [m[K‘[01m[Kclass vrx::ScoringPlugin[m[K’ has no member named ‘[01m[KdataPtr[m[K’
  382 |   if (!this->[01;31m[KdataPtr[m[K->ParseSDFParameters())
      |              [01;31m[K^~~~~~~[m[K
[01m[K/home/aliomacc/sti_usv/src/usv_sim/workspace_gz/plugins/ScoringPlugin.cc:388:9:[m[K [01;31m[Kerror: [m[K‘[01m[Kclass vrx::ScoringPlugin[m[K’ has no member named ‘[01m[KdataPtr[m[K’
  388 |   this->[01;31m[KdataPtr[m[K->readyTime =
      |         [01;31m[K^~~~~~~[m[K
[01m[K/home/aliomacc/sti_usv/src/usv_sim/workspace_gz/plugins/ScoringPlugin.cc:389:41:[m[K [01;31m[Kerror: [m[K‘[01m[Kclass vrx::ScoringPlugin[m[K’ has no member named ‘[01m[KdataPtr[m[K’
  389 |     std::chrono::duration<double>(this->[01;31m[KdataPtr[m[K->initialStateDuration);
      |                                         [01;31m[K^~~~~~~[m[K
[01m[K/home/aliomacc/sti_usv/src/usv_sim/workspace_gz/plugins/ScoringPlugin.cc:390:9:[m[K [01;31m[Kerror: [m[K‘[01m[Kclass vrx::ScoringPlugin[m[K’ has no member named ‘[01m[KdataPtr[m[K’
  390 |   this->[01;31m[KdataPtr[m[K->runningTime = this->dataPtr->readyTime +
      |         [01;31m[K^~~~~~~[m[K
[01m[K/home/aliomacc/sti_usv/src/usv_sim/workspace_gz/plugins/ScoringPlugin.cc:390:38:[m[K [01;31m[Kerror: [m[K‘[01m[Kclass vrx::ScoringPlugin[m[K’ has no member named ‘[01m[KdataPtr[m[K’
  390 |   this->dataPtr->runningTime = this->[01;31m[KdataPtr[m[K->readyTime +
      |                                      [01;31m[K^~~~~~~[m[K
[01m[K/home/aliomacc/sti_usv/src/usv_sim/workspace_gz/plugins/ScoringPlugin.cc:391:41:[m[K [01;31m[Kerror: [m[K‘[01m[Kclass vrx::ScoringPlugin[m[K’ has no member named ‘[01m[KdataPtr[m[K’
  391 |     std::chrono::duration<double>(this->[01;31m[KdataPtr[m[K->readyStateDuration);
      |                                         [01;31m[K^~~~~~~[m[K
[01m[K/home/aliomacc/sti_usv/src/usv_sim/workspace_gz/plugins/ScoringPlugin.cc:392:9:[m[K [01;31m[Kerror: [m[K‘[01m[Kclass vrx::ScoringPlugin[m[K’ has no member named ‘[01m[KdataPtr[m[K’
  392 |   this->[01;31m[KdataPtr[m[K->finishTime = this->dataPtr->runningTime +
      |         [01;31m[K^~~~~~~[m[K
[01m[K/home/aliomacc/sti_usv/src/usv_sim/workspace_gz/plugins/ScoringPlugin.cc:392:37:[m[K [01;31m[Kerror: [m[K‘[01m[Kclass vrx::ScoringPlugin[m[K’ has no member named ‘[01m[KdataPtr[m[K’
  392 |   this->dataPtr->finishTime = this->[01;31m[KdataPtr[m[K->runningTime +
      |                                     [01;31m[K^~~~~~~[m[K
[01m[K/home/aliomacc/sti_usv/src/usv_sim/workspace_gz/plugins/ScoringPlugin.cc:393:41:[m[K [01;31m[Kerror: [m[K‘[01m[Kclass vrx::ScoringPlugin[m[K’ has no member named ‘[01m[KdataPtr[m[K’
  393 |     std::chrono::duration<double>(this->[01;31m[KdataPtr[m[K->runningStateDuration);
      |                                         [01;31m[K^~~~~~~[m[K
[01m[K/home/aliomacc/sti_usv/src/usv_sim/workspace_gz/plugins/ScoringPlugin.cc:394:9:[m[K [01;31m[Kerror: [m[K‘[01m[Kclass vrx::ScoringPlugin[m[K’ has no member named ‘[01m[KdataPtr[m[K’
  394 |   this->[01;31m[KdataPtr[m[K->exitTime = this->dataPtr->finishTime +
      |         [01;31m[K^~~~~~~[m[K
[01m[K/home/aliomacc/sti_usv/src/usv_sim/workspace_gz/plugins/ScoringPlugin.cc:394:35:[m[K [01;31m[Kerror: [m[K‘[01m[Kclass vrx::ScoringPlugin[m[K’ has no member named ‘[01m[KdataPtr[m[K’
  394 |   this->dataPtr->exitTime = this->[01;31m[KdataPtr[m[K->finishTime +
      |                                   [01;31m[K^~~~~~~[m[K
[01m[K/home/aliomacc/sti_usv/src/usv_sim/workspace_gz/plugins/ScoringPlugin.cc:395:41:[m[K [01;31m[Kerror: [m[K‘[01m[Kclass vrx::ScoringPlugin[m[K’ has no member named ‘[01m[KdataPtr[m[K’
  395 |     std::chrono::duration<double>(this->[01;31m[KdataPtr[m[K->exitDelay);
      |                                         [01;31m[K^~~~~~~[m[K
[01m[K/home/aliomacc/sti_usv/src/usv_sim/workspace_gz/plugins/ScoringPlugin.cc:398:23:[m[K [01;31m[Kerror: [m[K‘[01m[Kclass vrx::ScoringPlugin[m[K’ has no member named ‘[01m[KdataPtr[m[K’
  398 |   auto *param = this->[01;31m[KdataPtr[m[K->taskMsg.mutable_params();
      |                       [01;31m[K^~~~~~~[m[K
[01m[K/home/aliomacc/sti_usv/src/usv_sim/workspace_gz/plugins/ScoringPlugin.cc:402:36:[m[K [01;31m[Kerror: [m[K‘[01m[Kclass vrx::ScoringPlugin[m[K’ has no member named ‘[01m[KdataPtr[m[K’
  402 |   nameValue.set_string_value(this->[01;31m[KdataPtr[m[K->taskName);
      |                                    [01;31m[K^~~~~~~[m[K
[01m[K/home/aliomacc/sti_usv/src/usv_sim/workspace_gz/plugins/ScoringPlugin.cc:411:41:[m[K [01;31m[Kerror: [m[K‘[01m[Kclass vrx::ScoringPlugin[m[K’ has no member named ‘[01m[KdataPtr[m[K’
  411 |   readyTimeValue.set_double_value(this->[01;31m[KdataPtr[m[K->readyTime.count());
      |                                         [01;31m[K^~~~~~~[m[K
[01m[K/home/aliomacc/sti_usv/src/usv_sim/workspace_gz/plugins/ScoringPlugin.cc:416:43:[m[K [01;31m[Kerror: [m[K‘[01m[Kclass vrx::ScoringPlugin[m[K’ has no member named ‘[01m[KdataPtr[m[K’
  416 |   runningTimeValue.set_double_value(this->[01;31m[KdataPtr[m[K->runningTime.count());
      |                                           [01;31m[K^~~~~~~[m[K
[01m[K/home/aliomacc/sti_usv/src/usv_sim/workspace_gz/plugins/ScoringPlugin.cc:439:9:[m[K [01;31m[Kerror: [m[K‘[01m[Kclass vrx::ScoringPlugin[m[K’ has no member named ‘[01m[KdataPtr[m[K’
  439 |   this->[01;31m[KdataPtr[m[K->UpdateTaskMessage();
      |         [01;31m[K^~~~~~~[m[K
[01m[K/home/aliomacc/sti_usv/src/usv_sim/workspace_gz/plugins/ScoringPlugin.cc:441:9:[m[K [01;31m[Kerror: [m[K‘[01m[Kclass vrx::ScoringPlugin[m[K’ has no member named ‘[01m[KdataPtr[m[K’
  441 |   this->[01;31m[KdataPtr[m[K->taskPub = this->dataPtr->node.Advertise<msgs::Param>(
      |         [01;31m[K^~~~~~~[m[K
[01m[K/home/aliomacc/sti_usv/src/usv_sim/workspace_gz/plugins/ScoringPlugin.cc:441:34:[m[K [01;31m[Kerror: [m[K‘[01m[Kclass vrx::ScoringPlugin[m[K’ has no member named ‘[01m[KdataPtr[m[K’
  441 |   this->dataPtr->taskPub = this->[01;31m[KdataPtr[m[K->node.Advertise<msgs::Param>(
      |                                  [01;31m[K^~~~~~~[m[K
[01m[K/home/aliomacc/sti_usv/src/usv_sim/workspace_gz/plugins/ScoringPlugin.cc:441:69:[m[K [01;31m[Kerror: [m[Kexpected primary-expression before ‘[01m[K>[m[K’ token
  441 |   this->dataPtr->taskPub = this->dataPtr->node.Advertise<msgs::Param[01;31m[K>[m[K(
      |                                                                     [01;31m[K^[m[K
[01m[K/home/aliomacc/sti_usv/src/usv_sim/workspace_gz/plugins/ScoringPlugin.cc:442:11:[m[K [01;31m[Kerror: [m[K‘[01m[Kclass vrx::ScoringPlugin[m[K’ has no member named ‘[01m[KdataPtr[m[K’
  442 |     this->[01;31m[KdataPtr[m[K->taskInfoTopic);
      |           [01;31m[K^~~~~~~[m[K
[01m[K/home/aliomacc/sti_usv/src/usv_sim/workspace_gz/plugins/ScoringPlugin.cc:444:9:[m[K [01;31m[Kerror: [m[K‘[01m[Kclass vrx::ScoringPlugin[m[K’ has no member named ‘[01m[KdataPtr[m[K’
  444 |   this->[01;31m[KdataPtr[m[K->releasePub = this->dataPtr->node.Advertise<msgs::Empty>(
      |         [01;31m[K^~~~~~~[m[K
[01m[K/home/aliomacc/sti_usv/src/usv_sim/workspace_gz/plugins/ScoringPlugin.cc:444:37:[m[K [01;31m[Kerror: [m[K‘[01m[Kclass vrx::ScoringPlugin[m[K’ has no member named ‘[01m[KdataPtr[m[K’
  444 |   this->dataPtr->releasePub = this->[01;31m[KdataPtr[m[K->node.Advertise<msgs::Empty>(
      |                                     [01;31m[K^~~~~~~[m[K
[01m[K/home/aliomacc/sti_usv/src/usv_sim/workspace_gz/plugins/ScoringPlugin.cc:444:72:[m[K [01;31m[Kerror: [m[Kexpected primary-expression before ‘[01m[K>[m[K’ token
  444 | this->dataPtr->releasePub = this->dataPtr->node.Advertise<msgs::Empty[01;31m[K>[m[K(
      |                                                                      [01;31m[K^[m[K

[01m[K/home/aliomacc/sti_usv/src/usv_sim/workspace_gz/plugins/ScoringPlugin.cc:445:11:[m[K [01;31m[Kerror: [m[K‘[01m[Kclass vrx::ScoringPlugin[m[K’ has no member named ‘[01m[KdataPtr[m[K’
  445 |     this->[01;31m[KdataPtr[m[K->releaseTopic);
      |           [01;31m[K^~~~~~~[m[K
[01m[K/home/aliomacc/sti_usv/src/usv_sim/workspace_gz/plugins/ScoringPlugin.cc:447:9:[m[K [01;31m[Kerror: [m[K‘[01m[Kclass vrx::ScoringPlugin[m[K’ has no member named ‘[01m[KdataPtr[m[K’
  447 |   this->[01;31m[KdataPtr[m[K->node.Subscribe("/vrx/contacts",
      |         [01;31m[K^~~~~~~[m[K
[01m[K/home/aliomacc/sti_usv/src/usv_sim/workspace_gz/plugins/ScoringPlugin.cc:453:13:[m[K [01;31m[Kerror: [m[K‘[01m[Kclass vrx::ScoringPlugin[m[K’ has no member named ‘[01m[KdataPtr[m[K’
  453 |       this->[01;31m[KdataPtr[m[K->debug = false;
      |             [01;31m[K^~~~~~~[m[K
[01m[K/home/aliomacc/sti_usv/src/usv_sim/workspace_gz/plugins/ScoringPlugin.cc:[m[K In member function ‘[01m[Kvirtual void vrx::ScoringPlugin::PreUpdate(const ignition::gazebo::v6::UpdateInfo&, ignition::gazebo::v6::EntityComponentManager&)[m[K’:
[01m[K/home/aliomacc/sti_usv/src/usv_sim/workspace_gz/plugins/ScoringPlugin.cc:466:3:[m[K [01;31m[Kerror: [m[K‘[01m[KGZ_PROFILE[m[K’ was not declared in this scope; did you mean ‘[01m[KIGN_PROFILE[m[K’?
  466 |   [01;31m[KGZ_PROFILE[m[K("ScoringPlugin::PreUpdate");
      |   [01;31m[K^~~~~~~~~~[m[K
      |   [32m[KIGN_PROFILE[m[K
[01m[K/home/aliomacc/sti_usv/src/usv_sim/workspace_gz/plugins/ScoringPlugin.cc:468:13:[m[K [01;31m[Kerror: [m[K‘[01m[Kclass vrx::ScoringPlugin[m[K’ has no member named ‘[01m[KdataPtr[m[K’
  468 |   if (this->[01;31m[KdataPtr[m[K->vehicleModel == sim::kNullEntity)
      |             [01;31m[K^~~~~~~[m[K
[01m[K/home/aliomacc/sti_usv/src/usv_sim/workspace_gz/plugins/ScoringPlugin.cc:470:53:[m[K [01;31m[Kerror: [m[K‘[01m[Kclass vrx::ScoringPlugin[m[K’ has no member named ‘[01m[KdataPtr[m[K’
  470 |     auto entity = sim::entitiesFromScopedName(this->[01;31m[KdataPtr[m[K->vehicleName, _ecm);
      |                                                     [01;31m[K^~~~~~~[m[K
[01m[K/home/aliomacc/sti_usv/src/usv_sim/workspace_gz/plugins/ScoringPlugin.cc:472:13:[m[K [01;31m[Kerror: [m[K‘[01m[Kclass vrx::ScoringPlugin[m[K’ has no member named ‘[01m[KdataPtr[m[K’
  472 |       this->[01;31m[KdataPtr[m[K->vehicleModel = *entity.begin();
      |             [01;31m[K^~~~~~~[m[K
[01m[K/home/aliomacc/sti_usv/src/usv_sim/workspace_gz/plugins/ScoringPlugin.cc:475:9:[m[K [01;31m[Kerror: [m[K‘[01m[Kclass vrx::ScoringPlugin[m[K’ has no member named ‘[01m[KdataPtr[m[K’
  475 |   this->[01;31m[KdataPtr[m[K->UpdateTime(_info.simTime);
      |         [01;31m[K^~~~~~~[m[K
[01m[K/home/aliomacc/sti_usv/src/usv_sim/workspace_gz/plugins/ScoringPlugin.cc:477:9:[m[K [01;31m[Kerror: [m[K‘[01m[Kclass vrx::ScoringPlugin[m[K’ has no member named ‘[01m[KdataPtr[m[K’
  477 |   this->[01;31m[KdataPtr[m[K->PublishStats();
      |         [01;31m[K^~~~~~~[m[K
[01m[K/home/aliomacc/sti_usv/src/usv_sim/workspace_gz/plugins/ScoringPlugin.cc:[m[K In member function ‘[01m[Kdouble vrx::ScoringPlugin::Score() const[m[K’:
[01m[K/home/aliomacc/sti_usv/src/usv_sim/workspace_gz/plugins/ScoringPlugin.cc:483:16:[m[K [01;31m[Kerror: [m[K‘[01m[Kconst class vrx::ScoringPlugin[m[K’ has no member named ‘[01m[KdataPtr[m[K’
  483 |   return this->[01;31m[KdataPtr[m[K->score;
      |                [01;31m[K^~~~~~~[m[K
[01m[K/home/aliomacc/sti_usv/src/usv_sim/workspace_gz/plugins/ScoringPlugin.cc:[m[K In member function ‘[01m[Kvoid vrx::ScoringPlugin::SetScore(double)[m[K’:
[01m[K/home/aliomacc/sti_usv/src/usv_sim/workspace_gz/plugins/ScoringPlugin.cc:490:11:[m[K [01;31m[Kerror: [m[K‘[01m[Kclass vrx::ScoringPlugin[m[K’ has no member named ‘[01m[KdataPtr[m[K’
  490 |     this->[01;31m[KdataPtr[m[K->score = _newScore;
      |           [01;31m[K^~~~~~~[m[K
[01m[K/home/aliomacc/sti_usv/src/usv_sim/workspace_gz/plugins/ScoringPlugin.cc:[m[K In member function ‘[01m[Kstd::string vrx::ScoringPlugin::TaskName() const[m[K’:
[01m[K/home/aliomacc/sti_usv/src/usv_sim/workspace_gz/plugins/ScoringPlugin.cc:496:16:[m[K [01;31m[Kerror: [m[K‘[01m[Kconst class vrx::ScoringPlugin[m[K’ has no member named ‘[01m[KdataPtr[m[K’
  496 |   return this->[01;31m[KdataPtr[m[K->taskName;
      |                [01;31m[K^~~~~~~[m[K
[01m[K/home/aliomacc/sti_usv/src/usv_sim/workspace_gz/plugins/ScoringPlugin.cc:[m[K In member function ‘[01m[Kstd::string vrx::ScoringPlugin::TaskState() const[m[K’:
[01m[K/home/aliomacc/sti_usv/src/usv_sim/workspace_gz/plugins/ScoringPlugin.cc:502:16:[m[K [01;31m[Kerror: [m[K‘[01m[Kconst class vrx::ScoringPlugin[m[K’ has no member named ‘[01m[KdataPtr[m[K’
  502 |   return this->[01;31m[KdataPtr[m[K->taskState;
      |                [01;31m[K^~~~~~~[m[K
[01m[K/home/aliomacc/sti_usv/src/usv_sim/workspace_gz/plugins/ScoringPlugin.cc:[m[K In member function ‘[01m[Kdouble vrx::ScoringPlugin::RunningStateDuration() const[m[K’:
[01m[K/home/aliomacc/sti_usv/src/usv_sim/workspace_gz/plugins/ScoringPlugin.cc:508:16:[m[K [01;31m[Kerror: [m[K‘[01m[Kconst class vrx::ScoringPlugin[m[K’ has no member named ‘[01m[KdataPtr[m[K’
  508 |   return this->[01;31m[KdataPtr[m[K->runningStateDuration;
      |                [01;31m[K^~~~~~~[m[K
[01m[K/home/aliomacc/sti_usv/src/usv_sim/workspace_gz/plugins/ScoringPlugin.cc:[m[K In member function ‘[01m[Kstd::chrono::duration<double> vrx::ScoringPlugin::ElapsedTime() const[m[K’:
[01m[K/home/aliomacc/sti_usv/src/usv_sim/workspace_gz/plugins/ScoringPlugin.cc:514:16:[m[K [01;31m[Kerror: [m[K‘[01m[Kconst class vrx::ScoringPlugin[m[K’ has no member named ‘[01m[KdataPtr[m[K’
  514 |   return this->[01;31m[KdataPtr[m[K->elapsedTime;
      |                [01;31m[K^~~~~~~[m[K
[01m[K/home/aliomacc/sti_usv/src/usv_sim/workspace_gz/plugins/ScoringPlugin.cc:[m[K In member function ‘[01m[Kstd::chrono::duration<double> vrx::ScoringPlugin::RemainingTime() const[m[K’:
[01m[K/home/aliomacc/sti_usv/src/usv_sim/workspace_gz/plugins/ScoringPlugin.cc:520:16:[m[K [01;31m[Kerror: [m[K‘[01m[Kconst class vrx::ScoringPlugin[m[K’ has no member named ‘[01m[KdataPtr[m[K’
  520 |   return this->[01;31m[KdataPtr[m[K->remainingTime;
      |                [01;31m[K^~~~~~~[m[K
[01m[K/home/aliomacc/sti_usv/src/usv_sim/workspace_gz/plugins/ScoringPlugin.cc:[m[K In member function ‘[01m[Kvoid vrx::ScoringPlugin::SetTimeoutScore(double)[m[K’:
[01m[K/home/aliomacc/sti_usv/src/usv_sim/workspace_gz/plugins/ScoringPlugin.cc:526:9:[m[K [01;31m[Kerror: [m[K‘[01m[Kclass vrx::ScoringPlugin[m[K’ has no member named ‘[01m[KdataPtr[m[K’
  526 |   this->[01;31m[KdataPtr[m[K->timeoutScore = _timeoutScore;
      |         [01;31m[K^~~~~~~[m[K
[01m[K/home/aliomacc/sti_usv/src/usv_sim/workspace_gz/plugins/ScoringPlugin.cc:[m[K In member function ‘[01m[Kdouble vrx::ScoringPlugin::TimeoutScore() const[m[K’:
[01m[K/home/aliomacc/sti_usv/src/usv_sim/workspace_gz/plugins/ScoringPlugin.cc:532:16:[m[K [01;31m[Kerror: [m[K‘[01m[Kconst class vrx::ScoringPlugin[m[K’ has no member named ‘[01m[KdataPtr[m[K’
  532 |   return this->[01;31m[KdataPtr[m[K->timeoutScore;
      |                [01;31m[K^~~~~~~[m[K
[01m[K/home/aliomacc/sti_usv/src/usv_sim/workspace_gz/plugins/ScoringPlugin.cc:[m[K In member function ‘[01m[Kvoid vrx::ScoringPlugin::Finish()[m[K’:
[01m[K/home/aliomacc/sti_usv/src/usv_sim/workspace_gz/plugins/ScoringPlugin.cc:538:13:[m[K [01;31m[Kerror: [m[K‘[01m[Kclass vrx::ScoringPlugin[m[K’ has no member named ‘[01m[KdataPtr[m[K’
  538 |   if (this->[01;31m[KdataPtr[m[K->taskState == "finished")
      |             [01;31m[K^~~~~~~[m[K
[01m[K/home/aliomacc/sti_usv/src/usv_sim/workspace_gz/plugins/ScoringPlugin.cc:541:9:[m[K [01;31m[Kerror: [m[K‘[01m[Kclass vrx::ScoringPlugin[m[K’ has no member named ‘[01m[KdataPtr[m[K’
  541 |   this->[01;31m[KdataPtr[m[K->taskState = "finished";
      |         [01;31m[K^~~~~~~[m[K
[01m[K/home/aliomacc/sti_usv/src/usv_sim/workspace_gz/plugins/ScoringPlugin.cc:542:9:[m[K [01;31m[Kerror: [m[K‘[01m[Kclass vrx::ScoringPlugin[m[K’ has no member named ‘[01m[KdataPtr[m[K’
  542 |   this->[01;31m[KdataPtr[m[K->exitTime = this->dataPtr->currentTime +
      |         [01;31m[K^~~~~~~[m[K
[01m[K/home/aliomacc/sti_usv/src/usv_sim/workspace_gz/plugins/ScoringPlugin.cc:542:35:[m[K [01;31m[Kerror: [m[K‘[01m[Kclass vrx::ScoringPlugin[m[K’ has no member named ‘[01m[KdataPtr[m[K’
  542 |   this->dataPtr->exitTime = this->[01;31m[KdataPtr[m[K->currentTime +
      |                                   [01;31m[K^~~~~~~[m[K
[01m[K/home/aliomacc/sti_usv/src/usv_sim/workspace_gz/plugins/ScoringPlugin.cc:543:41:[m[K [01;31m[Kerror: [m[K‘[01m[Kclass vrx::ScoringPlugin[m[K’ has no member named ‘[01m[KdataPtr[m[K’
  543 |     std::chrono::duration<double>(this->[01;31m[KdataPtr[m[K->exitDelay);
      |                                         [01;31m[K^~~~~~~[m[K
[01m[K/home/aliomacc/sti_usv/src/usv_sim/workspace_gz/plugins/ScoringPlugin.cc:[m[K In member function ‘[01m[Kstd::string vrx::ScoringPlugin::VehicleName() const[m[K’:
[01m[K/home/aliomacc/sti_usv/src/usv_sim/workspace_gz/plugins/ScoringPlugin.cc:550:16:[m[K [01;31m[Kerror: [m[K‘[01m[Kconst class vrx::ScoringPlugin[m[K’ has no member named ‘[01m[KdataPtr[m[K’
  550 |   return this->[01;31m[KdataPtr[m[K->vehicleName;
      |                [01;31m[K^~~~~~~[m[K
[01m[K/home/aliomacc/sti_usv/src/usv_sim/workspace_gz/plugins/ScoringPlugin.cc:[m[K At global scope:
[01m[K/home/aliomacc/sti_usv/src/usv_sim/workspace_gz/plugins/ScoringPlugin.cc:554:11:[m[K [01;31m[Kerror: [m[K‘[01m[Ksim[m[K’ in namespace ‘[01m[Kignition[m[K’ does not name a type
  554 | ignition::[01;31m[Ksim[m[K::Entity ScoringPlugin::VehicleEntity() const
      |           [01;31m[K^~~[m[K
[01m[K/home/aliomacc/sti_usv/src/usv_sim/workspace_gz/plugins/ScoringPlugin.cc:[m[K In member function ‘[01m[Kuint16_t vrx::ScoringPlugin::NumCollisions() const[m[K’:
[01m[K/home/aliomacc/sti_usv/src/usv_sim/workspace_gz/plugins/ScoringPlugin.cc:562:16:[m[K [01;31m[Kerror: [m[K‘[01m[Kconst class vrx::ScoringPlugin[m[K’ has no member named ‘[01m[KdataPtr[m[K’
  562 |   return this->[01;31m[KdataPtr[m[K->numCollisions;
      |                [01;31m[K^~~~~~~[m[K
[01m[K/home/aliomacc/sti_usv/src/usv_sim/workspace_gz/plugins/ScoringPlugin.cc:[m[K In member function ‘[01m[Kvirtual void vrx::ScoringPlugin::OnReady()[m[K’:
[01m[K/home/aliomacc/sti_usv/src/usv_sim/workspace_gz/plugins/ScoringPlugin.cc:568:14:[m[K [01;31m[Kerror: [m[K‘[01m[Kclass vrx::ScoringPlugin[m[K’ has no member named ‘[01m[KdataPtr[m[K’
  568 |   if (!this->[01;31m[KdataPtr[m[K->silent)
      |              [01;31m[K^~~~~~~[m[K
[01m[K/home/aliomacc/sti_usv/src/usv_sim/workspace_gz/plugins/ScoringPlugin.cc:[m[K In member function ‘[01m[Kvirtual void vrx::ScoringPlugin::OnRunning()[m[K’:
[01m[K/home/aliomacc/sti_usv/src/usv_sim/workspace_gz/plugins/ScoringPlugin.cc:578:14:[m[K [01;31m[Kerror: [m[K‘[01m[Kclass vrx::ScoringPlugin[m[K’ has no member named ‘[01m[KdataPtr[m[K’
  578 |   if (!this->[01;31m[KdataPtr[m[K->silent)
      |              [01;31m[K^~~~~~~[m[K
[01m[K/home/aliomacc/sti_usv/src/usv_sim/workspace_gz/plugins/ScoringPlugin.cc:[m[K In member function ‘[01m[Kvirtual void vrx::ScoringPlugin::OnFinished()[m[K’:
[01m[K/home/aliomacc/sti_usv/src/usv_sim/workspace_gz/plugins/ScoringPlugin.cc:588:14:[m[K [01;31m[Kerror: [m[K‘[01m[Kclass vrx::ScoringPlugin[m[K’ has no member named ‘[01m[KdataPtr[m[K’
  588 |   if (!this->[01;31m[KdataPtr[m[K->silent)
      |              [01;31m[K^~~~~~~[m[K
[01m[K/home/aliomacc/sti_usv/src/usv_sim/workspace_gz/plugins/ScoringPlugin.cc:591:20:[m[K [01;31m[Kerror: [m[K‘[01m[Kclass vrx::ScoringPlugin[m[K’ has no member named ‘[01m[KdataPtr[m[K’
  591 |           << this->[01;31m[KdataPtr[m[K->currentTime.count()  << std::endl;
      |                    [01;31m[K^~~~~~~[m[K
[01m[K/home/aliomacc/sti_usv/src/usv_sim/workspace_gz/plugins/ScoringPlugin.cc:596:13:[m[K [01;31m[Kerror: [m[K‘[01m[Kclass vrx::ScoringPlugin[m[K’ has no member named ‘[01m[KdataPtr[m[K’
  596 |   if (this->[01;31m[KdataPtr[m[K->timedOut && this->dataPtr->timeoutScore > 0.0)
      |             [01;31m[K^~~~~~~[m[K
[01m[K/home/aliomacc/sti_usv/src/usv_sim/workspace_gz/plugins/ScoringPlugin.cc:596:40:[m[K [01;31m[Kerror: [m[K‘[01m[Kclass vrx::ScoringPlugin[m[K’ has no member named ‘[01m[KdataPtr[m[K’
  596 |   if (this->dataPtr->timedOut && this->[01;31m[KdataPtr[m[K->timeoutScore > 0.0)
      |                                        [01;31m[K^~~~~~~[m[K
[01m[K/home/aliomacc/sti_usv/src/usv_sim/workspace_gz/plugins/ScoringPlugin.cc:598:11:[m[K [01;31m[Kerror: [m[K‘[01m[Kclass vrx::ScoringPlugin[m[K’ has no member named ‘[01m[KdataPtr[m[K’
  598 |     this->[01;31m[KdataPtr[m[K->score = this->dataPtr->timeoutScore;
      |           [01;31m[K^~~~~~~[m[K
[01m[K/home/aliomacc/sti_usv/src/usv_sim/workspace_gz/plugins/ScoringPlugin.cc:598:34:[m[K [01;31m[Kerror: [m[K‘[01m[Kclass vrx::ScoringPlugin[m[K’ has no member named ‘[01m[KdataPtr[m[K’
  598 |     this->dataPtr->score = this->[01;31m[KdataPtr[m[K->timeoutScore;
      |                                  [01;31m[K^~~~~~~[m[K
[01m[K/home/aliomacc/sti_usv/src/usv_sim/workspace_gz/plugins/ScoringPlugin.cc:600:9:[m[K [01;31m[Kerror: [m[K‘[01m[Kclass vrx::ScoringPlugin[m[K’ has no member named ‘[01m[KdataPtr[m[K’
  600 |   this->[01;31m[KdataPtr[m[K->UpdateTaskMessage();
      |         [01;31m[K^~~~~~~[m[K
[01m[K/home/aliomacc/sti_usv/src/usv_sim/workspace_gz/plugins/ScoringPlugin.cc:601:9:[m[K [01;31m[Kerror: [m[K‘[01m[Kclass vrx::ScoringPlugin[m[K’ has no member named ‘[01m[KdataPtr[m[K’
  601 |   this->[01;31m[KdataPtr[m[K->taskPub.Publish(this->dataPtr->taskMsg);
      |         [01;31m[K^~~~~~~[m[K
[01m[K/home/aliomacc/sti_usv/src/usv_sim/workspace_gz/plugins/ScoringPlugin.cc:601:40:[m[K [01;31m[Kerror: [m[K‘[01m[Kclass vrx::ScoringPlugin[m[K’ has no member named ‘[01m[KdataPtr[m[K’
  601 |   this->dataPtr->taskPub.Publish(this->[01;31m[KdataPtr[m[K->taskMsg);
      |                                        [01;31m[K^~~~~~~[m[K
[01m[K/home/aliomacc/sti_usv/src/usv_sim/workspace_gz/plugins/ScoringPlugin.cc:[m[K In member function ‘[01m[Kvoid vrx::ScoringPlugin::OnContacts(const ignition::msgs::Contacts&)[m[K’:
[01m[K/home/aliomacc/sti_usv/src/usv_sim/workspace_gz/plugins/ScoringPlugin.cc:623:14:[m[K [01;31m[Kerror: [m[K‘[01m[Kclass vrx::ScoringPlugin[m[K’ has no member named ‘[01m[KdataPtr[m[K’
  623 |       (this->[01;31m[KdataPtr[m[K->currentTime - this->dataPtr->lastCollisionTime).count() >
      |              [01;31m[K^~~~~~~[m[K
[01m[K/home/aliomacc/sti_usv/src/usv_sim/workspace_gz/plugins/ScoringPlugin.cc:623:43:[m[K [01;31m[Kerror: [m[K‘[01m[Kclass vrx::ScoringPlugin[m[K’ has no member named ‘[01m[KdataPtr[m[K’
  623 |       (this->dataPtr->currentTime - this->[01;31m[KdataPtr[m[K->lastCollisionTime).count() >
      |                                           [01;31m[K^~~~~~~[m[K
[01m[K/home/aliomacc/sti_usv/src/usv_sim/workspace_gz/plugins/ScoringPlugin.cc:624:13:[m[K [01;31m[Kerror: [m[K‘[01m[Kclass vrx::ScoringPlugin[m[K’ has no member named ‘[01m[KdataPtr[m[K’
  624 |       this->[01;31m[KdataPtr[m[K->collisionBuffer;
      |             [01;31m[K^~~~~~~[m[K
[01m[K/home/aliomacc/sti_usv/src/usv_sim/workspace_gz/plugins/ScoringPlugin.cc:628:15:[m[K [01;31m[Kerror: [m[K‘[01m[Kclass vrx::ScoringPlugin[m[K’ has no member named ‘[01m[KdataPtr[m[K’
  628 |       ++this->[01;31m[KdataPtr[m[K->numCollisions;
      |               [01;31m[K^~~~~~~[m[K
[01m[K/home/aliomacc/sti_usv/src/usv_sim/workspace_gz/plugins/ScoringPlugin.cc:629:18:[m[K [01;31m[Kerror: [m[K‘[01m[Kclass vrx::ScoringPlugin[m[K’ has no member named ‘[01m[KdataPtr[m[K’
  629 |       if (!this->[01;31m[KdataPtr[m[K->silent)
      |                  [01;31m[K^~~~~~~[m[K
[01m[K/home/aliomacc/sti_usv/src/usv_sim/workspace_gz/plugins/ScoringPlugin.cc:631:32:[m[K [01;31m[Kerror: [m[K‘[01m[Kclass vrx::ScoringPlugin[m[K’ has no member named ‘[01m[KdataPtr[m[K’
  631 |         igndbg << "[" << this->[01;31m[KdataPtr[m[K->numCollisions
      |                                [01;31m[K^~~~~~~[m[K
[01m[K/home/aliomacc/sti_usv/src/usv_sim/workspace_gz/plugins/ScoringPlugin.cc:638:13:[m[K [01;31m[Kerror: [m[K‘[01m[Kclass vrx::ScoringPlugin[m[K’ has no member named ‘[01m[KdataPtr[m[K’
  638 |       this->[01;31m[KdataPtr[m[K->lastCollisionTime = this->dataPtr->currentTime;
      |             [01;31m[K^~~~~~~[m[K
[01m[K/home/aliomacc/sti_usv/src/usv_sim/workspace_gz/plugins/ScoringPlugin.cc:638:48:[m[K [01;31m[Kerror: [m[K‘[01m[Kclass vrx::ScoringPlugin[m[K’ has no member named ‘[01m[KdataPtr[m[K’
  638 |       this->dataPtr->lastCollisionTime = this->[01;31m[KdataPtr[m[K->currentTime;
      |                                                [01;31m[K^~~~~~~[m[K
[01m[K/home/aliomacc/sti_usv/src/usv_sim/workspace_gz/plugins/ScoringPlugin.cc:640:13:[m[K [01;31m[Kerror: [m[K‘[01m[Kclass vrx::ScoringPlugin[m[K’ has no member named ‘[01m[KdataPtr[m[K’
  640 |       this->[01;31m[KdataPtr[m[K->collisionList.push_back(
      |             [01;31m[K^~~~~~~[m[K
[01m[K/home/aliomacc/sti_usv/src/usv_sim/workspace_gz/plugins/ScoringPlugin.cc:643:13:[m[K [01;31m[Kerror: [m[K‘[01m[Kclass vrx::ScoringPlugin[m[K’ has no member named ‘[01m[KdataPtr[m[K’
  643 |       this->[01;31m[KdataPtr[m[K->collisionTimestamps.push_back(
      |             [01;31m[K^~~~~~~[m[K
[01m[K/home/aliomacc/sti_usv/src/usv_sim/workspace_gz/plugins/ScoringPlugin.cc:644:15:[m[K [01;31m[Kerror: [m[K‘[01m[Kclass vrx::ScoringPlugin[m[K’ has no member named ‘[01m[KdataPtr[m[K’
  644 |         this->[01;31m[KdataPtr[m[K->currentTime.count());
      |               [01;31m[K^~~~~~~[m[K
[01m[K/home/aliomacc/sti_usv/src/usv_sim/workspace_gz/plugins/ScoringPlugin.cc:[m[K In member function ‘[01m[Kvirtual void vrx::ScoringPlugin::ReleaseVehicle()[m[K’:
[01m[K/home/aliomacc/sti_usv/src/usv_sim/workspace_gz/plugins/ScoringPlugin.cc:656:9:[m[K [01;31m[Kerror: [m[K‘[01m[Kclass vrx::ScoringPlugin[m[K’ has no member named ‘[01m[KdataPtr[m[K’
  656 |   this->[01;31m[KdataPtr[m[K->releasePub.Publish(msg);
      |         [01;31m[K^~~~~~~[m[K
[01m[K/home/aliomacc/sti_usv/src/usv_sim/workspace_gz/plugins/ScoringPlugin.cc:[m[K At global scope:
[01m[K/home/aliomacc/sti_usv/src/usv_sim/workspace_gz/plugins/ScoringPlugin.cc:664:1:[m[K [01;31m[Kerror: [m[Kexpected constructor, destructor, or type conversion before ‘[01m[KGZ_ADD_PLUGIN_ALIAS[m[K’
  664 | [01;31m[KGZ_ADD_PLUGIN_ALIAS[m[K(vrx::ScoringPlugin,
      | [01;31m[K^~~~~~~~~~~~~~~~~~~[m[K
[01m[K/home/aliomacc/sti_usv/src/usv_sim/workspace_gz/plugins/WaveVisual.cc:[m[K In member function ‘[01m[Kvirtual void vrx::WaveVisual::Configure(const Entity&, const std::shared_ptr<const sdf::v12::Element>&, ignition::gazebo::v6::EntityComponentManager&, ignition::gazebo::v6::EventManager&)[m[K’:
[01m[K/home/aliomacc/sti_usv/src/usv_sim/workspace_gz/plugins/WaveVisual.cc:138:3:[m[K [01;31m[Kerror: [m[K‘[01m[KGZ_PROFILE[m[K’ was not declared in this scope; did you mean ‘[01m[KIGN_PROFILE[m[K’?
  138 |   [01;31m[KGZ_PROFILE[m[K("WaveVisual::Configure");
      |   [01;31m[K^~~~~~~~~~[m[K
      |   [32m[KIGN_PROFILE[m[K
[01m[K/home/aliomacc/sti_usv/src/usv_sim/workspace_gz/plugins/WaveVisual.cc:[m[K In member function ‘[01m[Kvirtual void vrx::WaveVisual::PreUpdate(const ignition::gazebo::v6::UpdateInfo&, ignition::gazebo::v6::EntityComponentManager&)[m[K’:
[01m[K/home/aliomacc/sti_usv/src/usv_sim/workspace_gz/plugins/WaveVisual.cc:238:3:[m[K [01;31m[Kerror: [m[K‘[01m[KGZ_PROFILE[m[K’ was not declared in this scope; did you mean ‘[01m[KIGN_PROFILE[m[K’?
  238 |   [01;31m[KGZ_PROFILE[m[K("WaveVisual::PreUpdate");
      |   [01;31m[K^~~~~~~~~~[m[K
      |   [32m[KIGN_PROFILE[m[K
In file included from [01m[K/usr/include/ignition/rendering6/gz/rendering/Node.hh:22[m[K,
                 from [01m[K/usr/include/ignition/rendering6/gz/rendering/Storage.hh:24[m[K,
                 from [01m[K/usr/include/ignition/rendering6/gz/rendering/Scene.hh:34[m[K,
                 from [01m[K/home/aliomacc/sti_usv/src/usv_sim/workspace_gz/plugins/WaveVisual.cc:29[m[K:
/usr/include/c++/11/variant: In instantiation of ‘[01m[Kconstexpr std::add_pointer_t<_Tp> std::get_if(std::variant<_Types ...>*) [with _Tp = long unsigned int; _Types = {std::monostate, int, float, double, std::__cxx11::basic_string<char, std::char_traits<char>, std::allocator<char> >, bool, unsigned int}; std::add_pointer_t<_Tp> = long unsigned int*][m[K’:
[01m[K/home/aliomacc/sti_usv/src/usv_sim/workspace_gz/plugins/WaveVisual.cc:272:54:[m[K   required from here
[01m[K/usr/include/c++/11/variant:1185:42:[m[K [01;31m[Kerror: [m[Kstatic assertion failed: T must occur exactly once in alternatives
 1185 |       static_assert([01;31m[K__detail::__variant::__exactly_once<_Tp, _Types...>[m[K,
      |                     [01;31m[K~~~~~~~~~~~~~~~~~~~~~^~~~~~~~~~~~~~~~~~~~~~~~~~~~~~[m[K
[01m[K/usr/include/c++/11/variant:1185:42:[m[K [01;36m[Knote: [m[K‘[01m[Kstd::__detail::__variant::__exactly_once<long unsigned int, std::monostate, int, float, double, std::__cxx11::basic_string<char, std::char_traits<char>, std::allocator<char> >, bool, unsigned int>[m[K’ evaluates to false
/usr/include/c++/11/variant: In instantiation of ‘[01m[Kstruct std::variant_alternative<1, std::variant<unsigned int> >[m[K’:
[01m[K/usr/include/c++/11/variant:103:12:[m[K   recursively required from ‘[01m[Kstruct std::variant_alternative<6, std::variant<int, float, double, std::__cxx11::basic_string<char, std::char_traits<char>, std::allocator<char> >, bool, unsigned int> >[m[K’
[01m[K/usr/include/c++/11/variant:103:12:[m[K   required from ‘[01m[Kstruct std::variant_alternative<7, std::variant<std::monostate, int, float, double, std::__cxx11::basic_string<char, std::char_traits<char>, std::allocator<char> >, bool, unsigned int> >[m[K’
[01m[K/usr/include/c++/11/variant:1170:5:[m[K   required by substitution of ‘[01m[Ktemplate<long unsigned int _Np, class ... _Types> constexpr std::add_pointer_t<const typename std::variant_alternative<_Np, std::variant<_Types ...> >::type> std::get_if(const std::variant<_Types ...>*) [with long unsigned int _Np = 7; _Types = {std::monostate, int, float, double, std::__cxx11::basic_string<char, std::char_traits<char>, std::allocator<char> >, bool, unsigned int}][m[K’
[01m[K/usr/include/c++/11/variant:1188:76:[m[K   required from ‘[01m[Kconstexpr std::add_pointer_t<_Tp> std::get_if(std::variant<_Types ...>*) [with _Tp = long unsigned int; _Types = {std::monostate, int, float, double, std::__cxx11::basic_string<char, std::char_traits<char>, std::allocator<char> >, bool, unsigned int}; std::add_pointer_t<_Tp> = long unsigned int*][m[K’
[01m[K/home/aliomacc/sti_usv/src/usv_sim/workspace_gz/plugins/WaveVisual.cc:272:54:[m[K   required from here
[01m[K/usr/include/c++/11/variant:103:12:[m[K [01;31m[Kerror: [m[Kinvalid use of incomplete type ‘[01m[Kstruct std::variant_alternative<0, std::variant<> >[m[K’
  103 |     struct [01;31m[Kvariant_alternative<_Np, variant<_First, _Rest...>>[m[K
      |            [01;31m[K^~~~~~~~~~~~~~~~~~~~~~~~~~~~~~~~~~~~~~~~~~~~~~~~~~~[m[K
[01m[K/usr/include/c++/11/variant:100:12:[m[K [01;36m[Knote: [m[Kdeclaration of ‘[01m[Kstruct std::variant_alternative<0, std::variant<> >[m[K’
  100 |     struct [01;36m[Kvariant_alternative[m[K;
      |            [01;36m[K^~~~~~~~~~~~~~~~~~~[m[K
/usr/include/c++/11/variant: In instantiation of ‘[01m[Kconstexpr std::add_pointer_t<_Tp> std::get_if(std::variant<_Types ...>*) [with _Tp = long unsigned int; _Types = {std::monostate, int, float, double, std::__cxx11::basic_string<char, std::char_traits<char>, std::allocator<char> >, bool, unsigned int}; std::add_pointer_t<_Tp> = long unsigned int*][m[K’:
[01m[K/home/aliomacc/sti_usv/src/usv_sim/workspace_gz/plugins/WaveVisual.cc:272:54:[m[K   required from here
[01m[K/usr/include/c++/11/variant:1188:76:[m[K [01;31m[Kerror: [m[Kno matching function for call to ‘[01m[Kget_if<std::__detail::__variant::__index_of_v<long unsigned int, std::monostate, int, float, double, std::__cxx11::basic_string<char, std::char_traits<char>, std::allocator<char> >, bool, unsigned int> >(std::variant<std::monostate, int, float, double, std::__cxx11::basic_string<char, std::char_traits<char>, std::allocator<char> >, bool, unsigned int>*&)[m[K’
 1188 |       return [01;31m[Kstd::get_if<__detail::__variant::__index_of_v<_Tp, _Types...>>([m[K
      |              [01;31m[K~~~~~~~~~~~~~~~~~~~~~~~~~~~~~~~~~~~~~~~~~~~~~~~~~~~~~~~~~~~~~~^[m[K
 1189 | [01;31m[K          __ptr)[m[K;
      |           [01;31m[K~~~~~~[m[K                                                            
[01m[K/usr/include/c++/11/variant:1156:5:[m[K [01;36m[Knote: [m[Kcandidate: ‘[01m[Ktemplate<long unsigned int _Np, class ... _Types> constexpr std::add_pointer_t<typename std::variant_alternative<_Np, std::variant<_Types ...> >::type> std::get_if(std::variant<_Types ...>*)[m[K’
 1156 |     [01;36m[Kget_if[m[K(variant<_Types...>* __ptr) noexcept
      |     [01;36m[K^~~~~~[m[K
[01m[K/usr/include/c++/11/variant:1156:5:[m[K [01;36m[Knote: [m[K  template argument deduction/substitution failed:
/usr/include/c++/11/variant: In substitution of ‘[01m[Ktemplate<long unsigned int _Np, class ... _Types> constexpr std::add_pointer_t<typename std::variant_alternative<_Np, std::variant<_Types ...> >::type> std::get_if(std::variant<_Types ...>*) [with long unsigned int _Np = 7; _Types = {std::monostate, int, float, double, std::__cxx11::basic_string<char, std::char_traits<char>, std::allocator<char> >, bool, unsigned int}][m[K’:
[01m[K/usr/include/c++/11/variant:1188:76:[m[K   required from ‘[01m[Kconstexpr std::add_pointer_t<_Tp> std::get_if(std::variant<_Types ...>*) [with _Tp = long unsigned int; _Types = {std::monostate, int, float, double, std::__cxx11::basic_string<char, std::char_traits<char>, std::allocator<char> >, bool, unsigned int}; std::add_pointer_t<_Tp> = long unsigned int*][m[K’
[01m[K/home/aliomacc/sti_usv/src/usv_sim/workspace_gz/plugins/WaveVisual.cc:272:54:[m[K   required from here
[01m[K/usr/include/c++/11/variant:1156:5:[m[K [01;31m[Kerror: [m[Kno type named ‘[01m[Ktype[m[K’ in ‘[01m[Kstruct std::variant_alternative<7, std::variant<std::monostate, int, float, double, std::__cxx11::basic_string<char, std::char_traits<char>, std::allocator<char> >, bool, unsigned int> >[m[K’
/usr/include/c++/11/variant: In instantiation of ‘[01m[Kconstexpr std::add_pointer_t<_Tp> std::get_if(std::variant<_Types ...>*) [with _Tp = long unsigned int; _Types = {std::monostate, int, float, double, std::__cxx11::basic_string<char, std::char_traits<char>, std::allocator<char> >, bool, unsigned int}; std::add_pointer_t<_Tp> = long unsigned int*][m[K’:
[01m[K/home/aliomacc/sti_usv/src/usv_sim/workspace_gz/plugins/WaveVisual.cc:272:54:[m[K   required from here
[01m[K/usr/include/c++/11/variant:1170:5:[m[K [01;36m[Knote: [m[Kcandidate: ‘[01m[Ktemplate<long unsigned int _Np, class ... _Types> constexpr std::add_pointer_t<const typename std::variant_alternative<_Np, std::variant<_Types ...> >::type> std::get_if(const std::variant<_Types ...>*)[m[K’
 1170 |     [01;36m[Kget_if[m[K(const variant<_Types...>* __ptr) noexcept
      |     [01;36m[K^~~~~~[m[K
[01m[K/usr/include/c++/11/variant:1170:5:[m[K [01;36m[Knote: [m[K  substitution of deduced template arguments resulted in errors seen above
[01m[K/usr/include/c++/11/variant:1183:5:[m[K [01;36m[Knote: [m[Kcandidate: ‘[01m[Ktemplate<class _Tp, class ... _Types> constexpr std::add_pointer_t<_Tp> std::get_if(std::variant<_Types ...>*)[m[K’
 1183 |     [01;36m[Kget_if[m[K(variant<_Types...>* __ptr) noexcept
      |     [01;36m[K^~~~~~[m[K
[01m[K/usr/include/c++/11/variant:1183:5:[m[K [01;36m[Knote: [m[K  template argument deduction/substitution failed:
[01m[K/usr/include/c++/11/variant:1188:76:[m[K [01;31m[Kerror: [m[Ktype/value mismatch at argument 1 in template parameter list for ‘[01m[Ktemplate<class _Tp, class ... _Types> constexpr std::add_pointer_t<_Tp> std::get_if(std::variant<_Types ...>*)[m[K’
 1188 |       return [01;31m[Kstd::get_if<__detail::__variant::__index_of_v<_Tp, _Types...>>([m[K
      |              [01;31m[K~~~~~~~~~~~~~~~~~~~~~~~~~~~~~~~~~~~~~~~~~~~~~~~~~~~~~~~~~~~~~~^[m[K
 1189 | [01;31m[K          __ptr)[m[K;
      |           [01;31m[K~~~~~~[m[K                                                            
[01m[K/usr/include/c++/11/variant:1188:76:[m[K [01;36m[Knote: [m[K  expected a type, got ‘[01m[Kstd::__detail::__variant::__index_of_v<long unsigned int, std::monostate, int, float, double, std::__cxx11::basic_string<char, std::char_traits<char>, std::allocator<char> >, bool, unsigned int>[m[K’
[01m[K/home/aliomacc/sti_usv/src/usv_sim/workspace_gz/plugins/WaveVisual.cc:[m[K At global scope:
[01m[K/home/aliomacc/sti_usv/src/usv_sim/workspace_gz/plugins/WaveVisual.cc:448:1:[m[K [01;31m[Kerror: [m[Kexpected constructor, destructor, or type conversion before ‘[01m[KGZ_ADD_PLUGIN_ALIAS[m[K’
  448 | [01;31m[KGZ_ADD_PLUGIN_ALIAS[m[K(WaveVisual, "vrx::WaveVisual")
      | [01;31m[K^~~~~~~~~~~~~~~~~~~[m[K
In file included from [01m[K/home/aliomacc/sti_usv/src/usv_sim/workspace_gz/plugins/USVWind.cc:16[m[K:
[01m[K/home/aliomacc/sti_usv/src/usv_sim/workspace_gz/plugins/USVWind.hh:92:35:[m[K [01;31m[Kerror: [m[K‘[01m[KdataPtr[m[K’ has not been declared
   92 |          GZ_UTILS_UNIQUE_IMPL_PTR([01;31m[KdataPtr[m[K);
      |                                   [01;31m[K^~~~~~~[m[K
[01m[K/home/aliomacc/sti_usv/src/usv_sim/workspace_gz/plugins/USVWind.hh:92:10:[m[K [01;31m[Kerror: [m[KISO C++ forbids declaration of ‘[01m[KGZ_UTILS_UNIQUE_IMPL_PTR[m[K’ with no type [[01;31m[K]8;;https://gcc.gnu.org/onlinedocs/gcc/Warning-Options.html#index-fpermissive-fpermissive]8;;[m[K]
   92 |          [01;31m[KGZ_UTILS_UNIQUE_IMPL_PTR[m[K(dataPtr);
      |          [01;31m[K^~~~~~~~~~~~~~~~~~~~~~~~[m[K
[01m[K/home/aliomacc/sti_usv/src/usv_sim/workspace_gz/plugins/USVWind.cc:32:1:[m[K [01;31m[Kerror: [m[Kqualified name does not name a class before ‘[01m[K{[m[K’ token
   32 | [01;31m[K{[m[K
      | [01;31m[K^[m[K
[01m[K/home/aliomacc/sti_usv/src/usv_sim/workspace_gz/plugins/USVWind.cc:[m[K In constructor ‘[01m[Kvrx::USVWind::USVWind()[m[K’:
[01m[K/home/aliomacc/sti_usv/src/usv_sim/workspace_gz/plugins/USVWind.cc:110:22:[m[K [01;31m[Kerror: [m[Kclass ‘[01m[Kvrx::USVWind[m[K’ does not have any field named ‘[01m[KdataPtr[m[K’
  110 | USVWind::USVWind() : [01;31m[KdataPtr[m[K(utils::MakeUniqueImpl<Implementation>())
      |                      [01;31m[K^~~~~~~[m[K
[01m[K/home/aliomacc/sti_usv/src/usv_sim/workspace_gz/plugins/USVWind.cc:110:52:[m[K [01;31m[Kerror: [m[K‘[01m[KImplementation[m[K’ was not declared in this scope
  110 | USVWind::USVWind() : dataPtr(utils::MakeUniqueImpl<[01;31m[KImplementation[m[K>())
      |                                                    [01;31m[K^~~~~~~~~~~~~~[m[K
[01m[K/home/aliomacc/sti_usv/src/usv_sim/workspace_gz/plugins/USVWind.cc:110:67:[m[K [01;31m[Kerror: [m[Kno matching function for call to ‘[01m[KMakeUniqueImpl<<expression error> >()[m[K’
  110 | USVWind::USVWind() : dataPtr([01;31m[Kutils::MakeUniqueImpl<Implementation>()[m[K)
      |                              [01;31m[K~~~~~~~~~~~~~~~~~~~~~~~~~~~~~~~~~~~~~^~[m[K
In file included from [01m[K/usr/include/ignition/utils1/gz/utils/ImplPtr.hh:259[m[K,
                 from [01m[K/usr/include/ignition/sdformat12/sdf/Actor.hh:24[m[K,
                 from [01m[K/usr/include/ignition/sdformat12/sdformat.hh:23[m[K,
                 from [01m[K/usr/include/ignition/sdformat12/sdf/sdf.hh:23[m[K,
                 from [01m[K/home/aliomacc/sti_usv/src/usv_sim/workspace_gz/plugins/USVWind.cc:6[m[K:
[01m[K/usr/include/ignition/utils1/gz/utils/detail/ImplPtr.hh:142:22:[m[K [01;36m[Knote: [m[Kcandidate: ‘[01m[Ktemplate<class T, class ... Args> ignition::utils::UniqueImplPtr<T> ignition::utils::MakeUniqueImpl(Args&& ...)[m[K’
  142 |     UniqueImplPtr<T> [01;36m[KMakeUniqueImpl[m[K(Args &&...args)
      |                      [01;36m[K^~~~~~~~~~~~~~[m[K
[01m[K/usr/include/ignition/utils1/gz/utils/detail/ImplPtr.hh:142:22:[m[K [01;36m[Knote: [m[K  template argument deduction/substitution failed:
[01m[K/home/aliomacc/sti_usv/src/usv_sim/workspace_gz/plugins/USVWind.cc:110:67:[m[K [01;31m[Kerror: [m[Ktemplate argument 1 is invalid
  110 | USVWind::USVWind() : dataPtr([01;31m[Kutils::MakeUniqueImpl<Implementation>()[m[K)
      |                              [01;31m[K~~~~~~~~~~~~~~~~~~~~~~~~~~~~~~~~~~~~~^~[m[K
[01m[K/home/aliomacc/sti_usv/src/usv_sim/workspace_gz/plugins/USVWind.cc:[m[K In member function ‘[01m[Kvirtual void vrx::USVWind::Configure(const Entity&, const std::shared_ptr<const sdf::v12::Element>&, ignition::gazebo::v6::EntityComponentManager&, ignition::gazebo::v6::EventManager&)[m[K’:
[01m[K/home/aliomacc/sti_usv/src/usv_sim/workspace_gz/plugins/USVWind.cc:159:13:[m[K [01;31m[Kerror: [m[K‘[01m[Kclass vrx::USVWind[m[K’ has no member named ‘[01m[KdataPtr[m[K’
  159 |       this->[01;31m[KdataPtr[m[K->windObjs.push_back(obj);
      |             [01;31m[K^~~~~~~[m[K
[01m[K/home/aliomacc/sti_usv/src/usv_sim/workspace_gz/plugins/USVWind.cc:168:11:[m[K [01;31m[Kerror: [m[K‘[01m[Kclass vrx::USVWind[m[K’ has no member named ‘[01m[KdataPtr[m[K’
  168 |     this->[01;31m[KdataPtr[m[K->windDirection.X(cos(windAngle * M_PI / 180));
      |           [01;31m[K^~~~~~~[m[K
[01m[K/home/aliomacc/sti_usv/src/usv_sim/workspace_gz/plugins/USVWind.cc:169:11:[m[K [01;31m[Kerror: [m[K‘[01m[Kclass vrx::USVWind[m[K’ has no member named ‘[01m[KdataPtr[m[K’
  169 |     this->[01;31m[KdataPtr[m[K->windDirection.Y(sin(windAngle * M_PI / 180));
      |           [01;31m[K^~~~~~~[m[K
[01m[K/home/aliomacc/sti_usv/src/usv_sim/workspace_gz/plugins/USVWind.cc:170:11:[m[K [01;31m[Kerror: [m[K‘[01m[Kclass vrx::USVWind[m[K’ has no member named ‘[01m[KdataPtr[m[K’
  170 |     this->[01;31m[KdataPtr[m[K->windDirection.Z(0);
      |           [01;31m[K^~~~~~~[m[K
[01m[K/home/aliomacc/sti_usv/src/usv_sim/workspace_gz/plugins/USVWind.cc:171:11:[m[K [01;31m[Kerror: [m[K‘[01m[Kclass vrx::USVWind[m[K’ has no member named ‘[01m[KdataPtr[m[K’
  171 |     this->[01;31m[KdataPtr[m[K->windDirMsg.set_data(windAngle);
      |           [01;31m[K^~~~~~~[m[K
[01m[K/home/aliomacc/sti_usv/src/usv_sim/workspace_gz/plugins/USVWind.cc:174:54:[m[K [01;31m[Kerror: [m[K‘[01m[Kclass vrx::USVWind[m[K’ has no member named ‘[01m[KdataPtr[m[K’
  174 |   ignmsg << "Wind direction unit vector = " << this->[01;31m[KdataPtr[m[K->windDirection
      |                                                      [01;31m[K^~~~~~~[m[K
[01m[K/home/aliomacc/sti_usv/src/usv_sim/workspace_gz/plugins/USVWind.cc:179:11:[m[K [01;31m[Kerror: [m[K‘[01m[Kclass vrx::USVWind[m[K’ has no member named ‘[01m[KdataPtr[m[K’
  179 |     this->[01;31m[KdataPtr[m[K->windMeanVelocity =
      |           [01;31m[K^~~~~~~[m[K
[01m[K/home/aliomacc/sti_usv/src/usv_sim/workspace_gz/plugins/USVWind.cc:183:46:[m[K [01;31m[Kerror: [m[K‘[01m[Kclass vrx::USVWind[m[K’ has no member named ‘[01m[KdataPtr[m[K’
  183 |   ignmsg << "Wind mean velocity = " << this->[01;31m[KdataPtr[m[K->windMeanVelocity
      |                                              [01;31m[K^~~~~~~[m[K
[01m[K/home/aliomacc/sti_usv/src/usv_sim/workspace_gz/plugins/USVWind.cc:188:11:[m[K [01;31m[Kerror: [m[K‘[01m[Kclass vrx::USVWind[m[K’ has no member named ‘[01m[KdataPtr[m[K’
  188 |     this->[01;31m[KdataPtr[m[K->gainConstant =
      |           [01;31m[K^~~~~~~[m[K
[01m[K/home/aliomacc/sti_usv/src/usv_sim/workspace_gz/plugins/USVWind.cc:192:51:[m[K [01;31m[Kerror: [m[K‘[01m[Kclass vrx::USVWind[m[K’ has no member named ‘[01m[KdataPtr[m[K’
  192 |   ignmsg << "var wind gain constants = " << this->[01;31m[KdataPtr[m[K->gainConstant
      |                                                   [01;31m[K^~~~~~~[m[K
[01m[K/home/aliomacc/sti_usv/src/usv_sim/workspace_gz/plugins/USVWind.cc:197:11:[m[K [01;31m[Kerror: [m[K‘[01m[Kclass vrx::USVWind[m[K’ has no member named ‘[01m[KdataPtr[m[K’
  197 |     this->[01;31m[KdataPtr[m[K->timeConstant =
      |           [01;31m[K^~~~~~~[m[K
[01m[K/home/aliomacc/sti_usv/src/usv_sim/workspace_gz/plugins/USVWind.cc:201:51:[m[K [01;31m[Kerror: [m[K‘[01m[Kclass vrx::USVWind[m[K’ has no member named ‘[01m[KdataPtr[m[K’
  201 |   ignmsg << "var wind time constants = " << this->[01;31m[KdataPtr[m[K->timeConstant
      |                                                   [01;31m[K^~~~~~~[m[K
[01m[K/home/aliomacc/sti_usv/src/usv_sim/workspace_gz/plugins/USVWind.cc:206:11:[m[K [01;31m[Kerror: [m[K‘[01m[Kclass vrx::USVWind[m[K’ has no member named ‘[01m[KdataPtr[m[K’
  206 |     this->[01;31m[KdataPtr[m[K->updateRate =
      |           [01;31m[K^~~~~~~[m[K
[01m[K/home/aliomacc/sti_usv/src/usv_sim/workspace_gz/plugins/USVWind.cc:210:40:[m[K [01;31m[Kerror: [m[K‘[01m[Kclass vrx::USVWind[m[K’ has no member named ‘[01m[KdataPtr[m[K’
  210 |   ignmsg << "update rate  = " << this->[01;31m[KdataPtr[m[K->updateRate << std::endl;
      |                                        [01;31m[K^~~~~~~[m[K
[01m[K/home/aliomacc/sti_usv/src/usv_sim/workspace_gz/plugins/USVWind.cc:214:11:[m[K [01;31m[Kerror: [m[K‘[01m[Kclass vrx::USVWind[m[K’ has no member named ‘[01m[KdataPtr[m[K’
  214 |     this->[01;31m[KdataPtr[m[K->topicWindSpeed =
      |           [01;31m[K^~~~~~~[m[K
[01m[K/home/aliomacc/sti_usv/src/usv_sim/workspace_gz/plugins/USVWind.cc:218:45:[m[K [01;31m[Kerror: [m[K‘[01m[Kclass vrx::USVWind[m[K’ has no member named ‘[01m[KdataPtr[m[K’
  218 |   ignmsg << "topic wind speed  = " << this->[01;31m[KdataPtr[m[K->topicWindSpeed << std::endl;
      |                                             [01;31m[K^~~~~~~[m[K
[01m[K/home/aliomacc/sti_usv/src/usv_sim/workspace_gz/plugins/USVWind.cc:222:11:[m[K [01;31m[Kerror: [m[K‘[01m[Kclass vrx::USVWind[m[K’ has no member named ‘[01m[KdataPtr[m[K’
  222 |     this->[01;31m[KdataPtr[m[K->topicWindDirection =
      |           [01;31m[K^~~~~~~[m[K
[01m[K/home/aliomacc/sti_usv/src/usv_sim/workspace_gz/plugins/USVWind.cc:227:13:[m[K [01;31m[Kerror: [m[K‘[01m[Kclass vrx::USVWind[m[K’ has no member named ‘[01m[KdataPtr[m[K’
  227 |       this->[01;31m[KdataPtr[m[K->topicWindDirection << std::endl;
      |             [01;31m[K^~~~~~~[m[K
[01m[K/home/aliomacc/sti_usv/src/usv_sim/workspace_gz/plugins/USVWind.cc:238:9:[m[K [01;31m[Kerror: [m[K‘[01m[Kclass vrx::USVWind[m[K’ has no member named ‘[01m[KdataPtr[m[K’
  238 |   this->[01;31m[KdataPtr[m[K->randGenerator.reset(new std::mt19937(seed));
      |         [01;31m[K^~~~~~~[m[K
[01m[K/home/aliomacc/sti_usv/src/usv_sim/workspace_gz/plugins/USVWind.cc:241:9:[m[K [01;31m[Kerror: [m[K‘[01m[Kclass vrx::USVWind[m[K’ has no member named ‘[01m[KdataPtr[m[K’
  241 |   this->[01;31m[KdataPtr[m[K->filterGain = this->dataPtr->gainConstant *
      |         [01;31m[K^~~~~~~[m[K
[01m[K/home/aliomacc/sti_usv/src/usv_sim/workspace_gz/plugins/USVWind.cc:241:37:[m[K [01;31m[Kerror: [m[K‘[01m[Kclass vrx::USVWind[m[K’ has no member named ‘[01m[KdataPtr[m[K’
  241 |   this->dataPtr->filterGain = this->[01;31m[KdataPtr[m[K->gainConstant *
      |                                     [01;31m[K^~~~~~~[m[K
[01m[K/home/aliomacc/sti_usv/src/usv_sim/workspace_gz/plugins/USVWind.cc:242:24:[m[K [01;31m[Kerror: [m[K‘[01m[Kclass vrx::USVWind[m[K’ has no member named ‘[01m[KdataPtr[m[K’
  242 |       sqrt(2.0 * this->[01;31m[KdataPtr[m[K->timeConstant);
      |                        [01;31m[K^~~~~~~[m[K
[01m[K/home/aliomacc/sti_usv/src/usv_sim/workspace_gz/plugins/USVWind.cc:243:48:[m[K [01;31m[Kerror: [m[K‘[01m[Kclass vrx::USVWind[m[K’ has no member named ‘[01m[KdataPtr[m[K’
  243 |   ignmsg << "Var wind filter gain = " << this->[01;31m[KdataPtr[m[K->filterGain << std::endl;
      |                                                [01;31m[K^~~~~~~[m[K
[01m[K/home/aliomacc/sti_usv/src/usv_sim/workspace_gz/plugins/USVWind.cc:247:28:[m[K [01;31m[Kerror: [m[K‘[01m[Kclass vrx::USVWind[m[K’ has no member named ‘[01m[KdataPtr[m[K’
  247 |   opts.SetMsgsPerSec(this->[01;31m[KdataPtr[m[K->updateRate);
      |                            [01;31m[K^~~~~~~[m[K
[01m[K/home/aliomacc/sti_usv/src/usv_sim/workspace_gz/plugins/USVWind.cc:249:9:[m[K [01;31m[Kerror: [m[K‘[01m[Kclass vrx::USVWind[m[K’ has no member named ‘[01m[KdataPtr[m[K’
  249 |   this->[01;31m[KdataPtr[m[K->windSpeedPub = this->dataPtr->node.Advertise<msgs::Float>(
      |         [01;31m[K^~~~~~~[m[K
[01m[K/home/aliomacc/sti_usv/src/usv_sim/workspace_gz/plugins/USVWind.cc:249:39:[m[K [01;31m[Kerror: [m[K‘[01m[Kclass vrx::USVWind[m[K’ has no member named ‘[01m[KdataPtr[m[K’
  249 |   this->dataPtr->windSpeedPub = this->[01;31m[KdataPtr[m[K->node.Advertise<msgs::Float>(
      |                                       [01;31m[K^~~~~~~[m[K
[01m[K/home/aliomacc/sti_usv/src/usv_sim/workspace_gz/plugins/USVWind.cc:249:74:[m[K [01;31m[Kerror: [m[Kexpected primary-expression before ‘[01m[K>[m[K’ token
  249 |   this->dataPtr->windSpeedPub = this->dataPtr->node.Advertise<msgs::Float[01;31m[K>[m[K(
      |                                                                          [01;31m[K^[m[K
[01m[K/home/aliomacc/sti_usv/src/usv_sim/workspace_gz/plugins/USVWind.cc:250:13:[m[K [01;31m[Kerror: [m[K‘[01m[Kclass vrx::USVWind[m[K’ has no member named ‘[01m[KdataPtr[m[K’
  250 |       this->[01;31m[KdataPtr[m[K->topicWindSpeed, opts);
      |             [01;31m[K^~~~~~~[m[K
[01m[K/home/aliomacc/sti_usv/src/usv_sim/workspace_gz/plugins/USVWind.cc:252:9:[m[K [01;31m[Kerror: [m[K‘[01m[Kclass vrx::USVWind[m[K’ has no member named ‘[01m[KdataPtr[m[K’
  252 |   this->[01;31m[KdataPtr[m[K->windDirectionPub = this->dataPtr->node.Advertise<msgs::Float>(
      |         [01;31m[K^~~~~~~[m[K
[01m[K/home/aliomacc/sti_usv/src/usv_sim/workspace_gz/plugins/USVWind.cc:252:43:[m[K [01;31m[Kerror: [m[K‘[01m[Kclass vrx::USVWind[m[K’ has no member named ‘[01m[KdataPtr[m[K’
  252 |   this->dataPtr->windDirectionPub = this->[01;31m[KdataPtr[m[K->node.Advertise<msgs::Float>(
      |                                           [01;31m[K^~~~~~~[m[K
[01m[K/home/aliomacc/sti_usv/src/usv_sim/workspace_gz/plugins/USVWind.cc:252:78:[m[K [01;31m[Kerror: [m[Kexpected primary-expression before ‘[01m[K>[m[K’ token
  252 |   this->dataPtr->windDirectionPub = this->dataPtr->node.Advertise<msgs::Float[01;31m[K>[m[K(
      |                                                                              [01;31m[K^[m[K
[01m[K/home/aliomacc/sti_usv/src/usv_sim/workspace_gz/plugins/USVWind.cc:253:13:[m[K [01;31m[Kerror: [m[K‘[01m[Kclass vrx::USVWind[m[K’ has no member named ‘[01m[KdataPtr[m[K’
  253 |       this->[01;31m[KdataPtr[m[K->topicWindDirection, opts);
      |             [01;31m[K^~~~~~~[m[K
[01m[K/home/aliomacc/sti_usv/src/usv_sim/workspace_gz/plugins/USVWind.cc:[m[K In member function ‘[01m[Kvirtual void vrx::USVWind::PreUpdate(const ignition::gazebo::v6::UpdateInfo&, ignition::gazebo::v6::EntityComponentManager&)[m[K’:
[01m[K/home/aliomacc/sti_usv/src/usv_sim/workspace_gz/plugins/USVWind.cc:261:3:[m[K [01;31m[Kerror: [m[K‘[01m[KGZ_PROFILE[m[K’ was not declared in this scope; did you mean ‘[01m[KIGN_PROFILE[m[K’?
  261 |   [01;31m[KGZ_PROFILE[m[K("USVWind::PreUpdate");
      |   [01;31m[K^~~~~~~~~~[m[K
      |   [32m[KIGN_PROFILE[m[K
[01m[K/home/aliomacc/sti_usv/src/usv_sim/workspace_gz/plugins/USVWind.cc:265:13:[m[K [01;31m[Kerror: [m[K‘[01m[Kclass vrx::USVWind[m[K’ has no member named ‘[01m[KdataPtr[m[K’
  265 |   if (this->[01;31m[KdataPtr[m[K->previousTime == std::chrono::duration<double>(0))
      |             [01;31m[K^~~~~~~[m[K
[01m[K/home/aliomacc/sti_usv/src/usv_sim/workspace_gz/plugins/USVWind.cc:267:11:[m[K [01;31m[Kerror: [m[K‘[01m[Kclass vrx::USVWind[m[K’ has no member named ‘[01m[KdataPtr[m[K’
  267 |     this->[01;31m[KdataPtr[m[K->previousTime = time - std::chrono::duration<double>(0.001);
      |           [01;31m[K^~~~~~~[m[K
[01m[K/home/aliomacc/sti_usv/src/usv_sim/workspace_gz/plugins/USVWind.cc:270:14:[m[K [01;31m[Kerror: [m[K‘[01m[Kclass vrx::USVWind[m[K’ has no member named ‘[01m[KdataPtr[m[K’
  270 |   if (!this->[01;31m[KdataPtr[m[K->windObjsInit)
      |              [01;31m[K^~~~~~~[m[K
[01m[K/home/aliomacc/sti_usv/src/usv_sim/workspace_gz/plugins/USVWind.cc:272:26:[m[K [01;31m[Kerror: [m[K‘[01m[Kclass vrx::USVWind[m[K’ has no member named ‘[01m[KdataPtr[m[K’
  272 |     for (auto &i : this->[01;31m[KdataPtr[m[K->windObjs)
      |                          [01;31m[K^~~~~~~[m[K
[01m[K/home/aliomacc/sti_usv/src/usv_sim/workspace_gz/plugins/USVWind.cc:283:21:[m[K [01;31m[Kerror: [m[K‘[01m[Kclass vrx::USVWind[m[K’ has no member named ‘[01m[KdataPtr[m[K’
  283 |             ++this->[01;31m[KdataPtr[m[K->windObjsInitCount;
      |                     [01;31m[K^~~~~~~[m[K
[01m[K/home/aliomacc/sti_usv/src/usv_sim/workspace_gz/plugins/USVWind.cc:295:15:[m[K [01;31m[Kerror: [m[K‘[01m[Kclass vrx::USVWind[m[K’ has no member named ‘[01m[KdataPtr[m[K’
  295 |     if (this->[01;31m[KdataPtr[m[K->windObjsInitCount == this->dataPtr->windObjs.size())
      |               [01;31m[K^~~~~~~[m[K
[01m[K/home/aliomacc/sti_usv/src/usv_sim/workspace_gz/plugins/USVWind.cc:295:51:[m[K [01;31m[Kerror: [m[K‘[01m[Kclass vrx::USVWind[m[K’ has no member named ‘[01m[KdataPtr[m[K’
  295 |     if (this->dataPtr->windObjsInitCount == this->[01;31m[KdataPtr[m[K->windObjs.size())
      |                                                   [01;31m[K^~~~~~~[m[K
[01m[K/home/aliomacc/sti_usv/src/usv_sim/workspace_gz/plugins/USVWind.cc:297:13:[m[K [01;31m[Kerror: [m[K‘[01m[Kclass vrx::USVWind[m[K’ has no member named ‘[01m[KdataPtr[m[K’
  297 |       this->[01;31m[KdataPtr[m[K->windObjsInit = true;
      |             [01;31m[K^~~~~~~[m[K
[01m[K/home/aliomacc/sti_usv/src/usv_sim/workspace_gz/plugins/USVWind.cc:301:26:[m[K [01;31m[Kerror: [m[K‘[01m[Kclass vrx::USVWind[m[K’ has no member named ‘[01m[KdataPtr[m[K’
  301 |   auto dT = time - this->[01;31m[KdataPtr[m[K->previousTime;
      |                          [01;31m[K^~~~~~~[m[K
[01m[K/home/aliomacc/sti_usv/src/usv_sim/workspace_gz/plugins/USVWind.cc:304:35:[m[K [01;31m[Kerror: [m[K‘[01m[Kclass vrx::USVWind[m[K’ has no member named ‘[01m[KdataPtr[m[K’
  304 |   double randomDist = dist(*this->[01;31m[KdataPtr[m[K->randGenerator);
      |                                   [01;31m[K^~~~~~~[m[K
[01m[K/home/aliomacc/sti_usv/src/usv_sim/workspace_gz/plugins/USVWind.cc:307:9:[m[K [01;31m[Kerror: [m[K‘[01m[Kclass vrx::USVWind[m[K’ has no member named ‘[01m[KdataPtr[m[K’
  307 |   this->[01;31m[KdataPtr[m[K->varVel += 1.0 / this->dataPtr->timeConstant *
      |         [01;31m[K^~~~~~~[m[K
[01m[K/home/aliomacc/sti_usv/src/usv_sim/workspace_gz/plugins/USVWind.cc:307:40:[m[K [01;31m[Kerror: [m[K‘[01m[Kclass vrx::USVWind[m[K’ has no member named ‘[01m[KdataPtr[m[K’
  307 |   this->dataPtr->varVel += 1.0 / this->[01;31m[KdataPtr[m[K->timeConstant *
      |                                        [01;31m[K^~~~~~~[m[K
[01m[K/home/aliomacc/sti_usv/src/usv_sim/workspace_gz/plugins/USVWind.cc:308:42:[m[K [01;31m[Kerror: [m[K‘[01m[Kclass vrx::USVWind[m[K’ has no member named ‘[01m[KdataPtr[m[K’
  308 |                            (-1.0 * this->[01;31m[KdataPtr[m[K->varVel +
      |                                          [01;31m[K^~~~~~~[m[K
[01m[K/home/aliomacc/sti_usv/src/usv_sim/workspace_gz/plugins/USVWind.cc:309:34:[m[K [01;31m[Kerror: [m[K‘[01m[Kclass vrx::USVWind[m[K’ has no member named ‘[01m[KdataPtr[m[K’
  309 |                            this->[01;31m[KdataPtr[m[K->filterGain / sqrt(dT.count()) *
      |                                  [01;31m[K^~~~~~~[m[K
[01m[K/home/aliomacc/sti_usv/src/usv_sim/workspace_gz/plugins/USVWind.cc:312:27:[m[K [01;31m[Kerror: [m[K‘[01m[Kclass vrx::USVWind[m[K’ has no member named ‘[01m[KdataPtr[m[K’
  312 |   double velocity = this->[01;31m[KdataPtr[m[K->varVel + this->dataPtr->windMeanVelocity;
      |                           [01;31m[K^~~~~~~[m[K
[01m[K/home/aliomacc/sti_usv/src/usv_sim/workspace_gz/plugins/USVWind.cc:312:51:[m[K [01;31m[Kerror: [m[K‘[01m[Kclass vrx::USVWind[m[K’ has no member named ‘[01m[KdataPtr[m[K’
  312 |   double velocity = this->dataPtr->varVel + this->[01;31m[KdataPtr[m[K->windMeanVelocity;
      |                                                   [01;31m[K^~~~~~~[m[K
[01m[K/home/aliomacc/sti_usv/src/usv_sim/workspace_gz/plugins/USVWind.cc:315:9:[m[K [01;31m[Kerror: [m[K‘[01m[Kclass vrx::USVWind[m[K’ has no member named ‘[01m[KdataPtr[m[K’
  315 |   this->[01;31m[KdataPtr[m[K->windSpeedPub.Publish(windVelMsg);
      |         [01;31m[K^~~~~~~[m[K
[01m[K/home/aliomacc/sti_usv/src/usv_sim/workspace_gz/plugins/USVWind.cc:316:9:[m[K [01;31m[Kerror: [m[K‘[01m[Kclass vrx::USVWind[m[K’ has no member named ‘[01m[KdataPtr[m[K’
  316 |   this->[01;31m[KdataPtr[m[K->windDirectionPub.Publish(this->dataPtr->windDirMsg);
      |         [01;31m[K^~~~~~~[m[K
[01m[K/home/aliomacc/sti_usv/src/usv_sim/workspace_gz/plugins/USVWind.cc:316:49:[m[K [01;31m[Kerror: [m[K‘[01m[Kclass vrx::USVWind[m[K’ has no member named ‘[01m[KdataPtr[m[K’
  316 |   this->dataPtr->windDirectionPub.Publish(this->[01;31m[KdataPtr[m[K->windDirMsg);
      |                                                 [01;31m[K^~~~~~~[m[K
[01m[K/home/aliomacc/sti_usv/src/usv_sim/workspace_gz/plugins/USVWind.cc:317:30:[m[K [01;31m[Kerror: [m[K‘[01m[Kclass vrx::USVWind[m[K’ has no member named ‘[01m[KdataPtr[m[K’
  317 |   for (auto &windObj : this->[01;31m[KdataPtr[m[K->windObjs)
      |                              [01;31m[K^~~~~~~[m[K
[01m[K/home/aliomacc/sti_usv/src/usv_sim/workspace_gz/plugins/USVWind.cc:330:15:[m[K [01;31m[Kerror: [m[K‘[01m[Kclass vrx::USVWind[m[K’ has no member named ‘[01m[KdataPtr[m[K’
  330 |         this->[01;31m[KdataPtr[m[K->windDirection * velocity - worldVel;
      |               [01;31m[K^~~~~~~[m[K
[01m[K/home/aliomacc/sti_usv/src/usv_sim/workspace_gz/plugins/USVWind.cc:357:9:[m[K [01;31m[Kerror: [m[K‘[01m[Kclass vrx::USVWind[m[K’ has no member named ‘[01m[KdataPtr[m[K’
  357 |   this->[01;31m[KdataPtr[m[K->previousTime = time;
      |         [01;31m[K^~~~~~~[m[K
[01m[K/home/aliomacc/sti_usv/src/usv_sim/workspace_gz/plugins/USVWind.cc:[m[K At global scope:
[01m[K/home/aliomacc/sti_usv/src/usv_sim/workspace_gz/plugins/USVWind.cc:364:1:[m[K [01;31m[Kerror: [m[Kexpected constructor, destructor, or type conversion before ‘[01m[KGZ_ADD_PLUGIN_ALIAS[m[K’
  364 | [01;31m[KGZ_ADD_PLUGIN_ALIAS[m[K(vrx::USVWind,
      | [01;31m[K^~~~~~~~~~~~~~~~~~~[m[K
gmake[2]: *** [CMakeFiles/ScoringPlugin.dir/build.make:76: CMakeFiles/ScoringPlugin.dir/plugins/ScoringPlugin.cc.o] Error 1
gmake[1]: *** [CMakeFiles/Makefile2:179: CMakeFiles/ScoringPlugin.dir/all] Error 2
[ 57%] [32mBuilding CXX object CMakeFiles/StationkeepingScoringPlugin.dir/plugins/WaypointMarkers.cc.o[0m
gmake[2]: *** [CMakeFiles/Surface.dir/build.make:76: CMakeFiles/Surface.dir/plugins/Surface.cc.o] Error 1
gmake[1]: *** [CMakeFiles/Makefile2:283: CMakeFiles/Surface.dir/all] Error 2
gmake[2]: *** [CMakeFiles/PolyhedraBuoyancyDrag.dir/build.make:76: CMakeFiles/PolyhedraBuoyancyDrag.dir/plugins/PolyhedraBuoyancyDrag.cc.o] Error 1
gmake[1]: *** [CMakeFiles/Makefile2:361: CMakeFiles/PolyhedraBuoyancyDrag.dir/all] Error 2
gmake[2]: *** [CMakeFiles/StationkeepingScoringPlugin.dir/build.make:76: CMakeFiles/StationkeepingScoringPlugin.dir/plugins/StationkeepingScoringPlugin.cc.o] Error 1
gmake[2]: *** Bitmemiş işler için bekliyor....
gmake[2]: *** [CMakeFiles/WayfindingScoringPlugin.dir/build.make:76: CMakeFiles/WayfindingScoringPlugin.dir/plugins/WayfindingScoringPlugin.cc.o] Error 1
gmake[2]: *** Bitmemiş işler için bekliyor....
gmake[2]: *** [CMakeFiles/WaveVisual.dir/build.make:76: CMakeFiles/WaveVisual.dir/plugins/WaveVisual.cc.o] Error 1
gmake[1]: *** [CMakeFiles/Makefile2:335: CMakeFiles/WaveVisual.dir/all] Error 2
gmake[2]: *** [CMakeFiles/USVWind.dir/build.make:76: CMakeFiles/USVWind.dir/plugins/USVWind.cc.o] Error 1
gmake[1]: *** [CMakeFiles/Makefile2:309: CMakeFiles/USVWind.dir/all] Error 2
gmake[1]: *** [CMakeFiles/Makefile2:231: CMakeFiles/WayfindingScoringPlugin.dir/all] Error 2
gmake[1]: *** [CMakeFiles/Makefile2:205: CMakeFiles/StationkeepingScoringPlugin.dir/all] Error 2
gmake: *** [Makefile:146: all] Error 2
