[0.010s] Invoking command in '/home/aliomacc/sti_usv/build/workspace_gz': CMAKE_PREFIX_PATH=${CMAKE_PREFIX_PATH}:/home/aliomacc/ros2_ws/install/actions_py:/home/aliomacc/ros2_ws/install/lifecycle_py:/opt/ros/humble /usr/bin/cmake /home/aliomacc/sti_usv/src/usv_sim/workspace_gz -DAMENT_CMAKE_SYMLINK_INSTALL=1 -DCMAKE_INSTALL_PREFIX=/home/aliomacc/sti_usv/install/workspace_gz
[0.064s] -- The C compiler identification is GNU 11.4.0
[0.130s] -- The CXX compiler identification is GNU 11.4.0
[0.138s] -- Detecting C compiler ABI info
[0.197s] -- Detecting C compiler ABI info - done
[0.205s] -- Check for working C compiler: /usr/bin/cc - skipped
[0.205s] -- Detecting C compile features
[0.205s] -- Detecting C compile features - done
[0.208s] -- Detecting CXX compiler ABI info
[0.275s] -- Detecting CXX compiler ABI info - done
[0.284s] -- Check for working CXX compiler: /usr/bin/c++ - skipped
[0.284s] -- Detecting CXX compile features
[0.285s] -- Detecting CXX compile features - done
[0.288s] -- Found ament_cmake: 1.3.12 (/opt/ros/humble/share/ament_cmake/cmake)
[0.431s] -- Found Python3: /usr/bin/python3 (found version "3.10.12") found components: Interpreter 
[0.490s] -- Override CMake install command with custom implementation using symlinks instead of copying resources
[0.525s] -- Looking for ignition-gazebo6 -- found version 6.17.1
[0.531s] -- Searching for dependencies of ignition-gazebo6
[0.533s] -- Looking for sdformat12 -- found version 12.9.0
[0.534s] -- Searching for dependencies of sdformat12
[0.538s] -- Checking for module 'tinyxml2'
[0.547s] --   Found tinyxml2, version 9.0.0
[0.573s] -- Looking for ignition-math6 -- found version 6.15.1
[0.573s] -- Searching for dependencies of ignition-math6
[0.576s] -- Looking for ignition-utils1 -- found version 1.5.1
[0.577s] -- Searching for dependencies of ignition-utils1
[0.580s] -- Looking for ignition-plugin1 -- found version 1.4.0
[0.580s] -- Searching for dependencies of ignition-plugin1
[0.581s] -- Searching for <ignition-plugin1> component [loader]
[0.583s] -- Looking for ignition-plugin1-loader -- found version 1.4.0
[0.584s] -- Searching for dependencies of ignition-plugin1-loader
[0.584s] -- Searching for <ignition-plugin1> component [register]
[0.587s] -- Looking for ignition-plugin1-register -- found version 1.4.0
[0.587s] -- Searching for dependencies of ignition-plugin1-register
[0.590s] -- Looking for ignition-transport11 -- found version 11.4.2
[0.590s] -- Searching for dependencies of ignition-transport11
[0.741s] -- Found Protobuf: /usr/lib/x86_64-linux-gnu/libprotobuf.so (found version "3.12.4") 
[0.752s] -- Config-file not installed for ZeroMQ -- checking for pkg-config
[0.756s] -- Checking for module 'libzmq >= 4'
[0.766s] --   Found libzmq , version 4.3.4
[0.791s] -- Found ZeroMQ: TRUE (Required is at least version "4") 
[0.795s] -- Checking for module 'uuid'
[0.804s] --   Found uuid, version 2.37.2
[0.827s] -- Found UUID: TRUE  
[0.827s] -- Looking for ignition-utils1 -- found version 1.5.1
[0.828s] -- Searching for dependencies of ignition-utils1
[0.828s] -- Searching for <ignition-utils1> component [cli]
[0.830s] -- Looking for ignition-utils1-cli -- found version 1.5.1
[0.831s] -- Searching for dependencies of ignition-utils1-cli
[0.834s] -- Looking for ignition-msgs8 -- found version 8.7.0
[0.834s] -- Searching for dependencies of ignition-msgs8
[0.851s] -- Found Protobuf: /usr/lib/x86_64-linux-gnu/libprotobuf.so (found suitable version "3.12.4", minimum required is "3") 
[0.851s] -- Looking for ignition-math6 -- found version 6.15.1
[0.862s] -- Searching for <ignition-transport11> component [log]
[0.864s] -- Looking for ignition-transport11-log -- found version 11.4.2
[0.865s] -- Searching for dependencies of ignition-transport11-log
[0.865s] -- Searching for <ignition-transport11> component [parameters]
[0.867s] -- Looking for ignition-transport11-parameters -- found version 11.4.2
[0.868s] -- Searching for dependencies of ignition-transport11-parameters
[0.869s] -- Looking for ignition-msgs8 -- found version 8.7.0
[0.871s] -- Looking for ignition-common4 -- found version 4.8.0
[0.872s] -- Searching for dependencies of ignition-common4
[0.872s] -- Looking for dlfcn.h - found
[0.873s] -- Looking for libdl - found
[0.874s] -- Found DL: TRUE  
[0.881s] -- Searching for <ignition-common4> component [profiler]
[0.884s] -- Looking for ignition-common4-profiler -- found version 4.8.0
[0.884s] -- Searching for dependencies of ignition-common4-profiler
[0.884s] -- Searching for <ignition-common4> component [events]
[0.887s] -- Looking for ignition-common4-events -- found version 4.8.0
[0.888s] -- Searching for dependencies of ignition-common4-events
[0.888s] -- Looking for ignition-math6 -- found version 6.15.1
[0.889s] -- Searching for <ignition-common4> component [av]
[0.891s] -- Looking for ignition-common4-av -- found version 4.8.0
[0.892s] -- Searching for dependencies of ignition-common4-av
[0.896s] -- Checking for module 'libswscale'
[0.906s] --   Found libswscale, version 5.9.100
[0.930s] -- Found SWSCALE: TRUE  
[0.935s] -- Checking for module 'libavdevice >= 56.4.100'
[0.945s] --   Found libavdevice , version 58.13.100
[0.973s] -- Found AVDEVICE: TRUE (Required is at least version "56.4.100") 
[0.978s] -- Checking for module 'libavformat'
[0.988s] --   Found libavformat, version 58.76.100
[1.016s] -- Found AVFORMAT: TRUE  
[1.020s] -- Checking for module 'libavcodec'
[1.031s] --   Found libavcodec, version 58.134.100
[1.058s] -- Found AVCODEC: TRUE  
[1.063s] -- Checking for module 'libavutil'
[1.073s] --   Found libavutil, version 56.70.100
[1.099s] -- Found AVUTIL: TRUE  
[1.102s] -- Looking for ignition-fuel_tools7 -- found version 7.3.1
[1.102s] -- Searching for dependencies of ignition-fuel_tools7
[1.200s] -- Found CURL: /usr/lib/x86_64-linux-gnu/libcurl.so (found version "7.81.0")  
[1.211s] -- Checking for module 'jsoncpp'
[1.231s] --   Found jsoncpp, version 1.9.5
[1.280s] -- Found JSONCPP: TRUE  
[1.289s] -- Checking for module 'libzip'
[1.307s] --   Found libzip, version 1.7.3
[1.352s] -- Found ZIP: TRUE  
[1.353s] -- Looking for ignition-common4 -- found version 4.8.0
[1.353s] -- Looking for ignition-math6 -- found version 6.15.1
[1.354s] -- Looking for ignition-msgs8 -- found version 8.7.0
[1.359s] -- Looking for ignition-gui6 -- found version 6.9.0
[1.359s] -- Searching for dependencies of ignition-gui6
[1.382s] -- Found Protobuf: /usr/lib/x86_64-linux-gnu/libprotobuf.so (found version "3.12.4") 
[1.394s] -- Looking for ignition-math6 -- found version 6.15.1
[1.395s] -- Looking for ignition-common4 -- found version 4.8.0
[1.395s] -- Looking for ignition-plugin1 -- found version 1.4.0
[1.396s] -- Looking for ignition-transport11 -- found version 11.4.2
[1.399s] -- Looking for ignition-rendering6 -- found version 6.6.4
[1.399s] -- Searching for dependencies of ignition-rendering6
[1.400s] -- Looking for ignition-math6 -- found version 6.15.1
[1.400s] -- Searching for dependencies of ignition-math6
[1.400s] -- Searching for <ignition-math6> component [eigen3]
[1.404s] -- Looking for ignition-math6-eigen3 -- found version 6.15.1
[1.404s] -- Searching for dependencies of ignition-math6-eigen3
[1.414s] -- Looking for ignition-common4 -- found version 4.8.0
[1.414s] -- Searching for dependencies of ignition-common4
[1.414s] -- Looking for dlfcn.h - found
[1.415s] -- Looking for libdl - found
[1.426s] -- Searching for <ignition-common4> component [graphics]
[1.429s] -- Looking for ignition-common4-graphics -- found version 4.8.0
[1.430s] -- Searching for dependencies of ignition-common4-graphics
[1.430s] -- Looking for ignition-math6 -- found version 6.15.1
[1.431s] -- Looking for ignition-utils1 -- found version 1.5.1
[1.431s] -- Searching for <ignition-common4> component [events]
[1.432s] -- Looking for ignition-plugin1 -- found version 1.4.0
[1.433s] -- Searching for dependencies of ignition-plugin1
[1.433s] -- Searching for <ignition-plugin1> component [all]
[1.437s] -- Looking for all libraries of ignition-plugin1 -- found version 1.4.0
[1.437s] -- Looking for ignition-plugin1 -- found version 1.4.0
[1.440s] -- Looking for ignition-msgs8 -- found version 8.7.0
[1.467s] -- Looking for ignition-physics5 -- found version 5.4.0
[1.468s] -- Searching for dependencies of ignition-physics5
[1.468s] -- Looking for ignition-math6 -- found version 6.15.1
[1.468s] -- Looking for ignition-plugin1 -- found version 1.4.0
[1.469s] -- Looking for ignition-utils1 -- found version 1.5.1
[1.470s] -- Searching for <ignition-physics5> component [heightmap]
[1.473s] -- Looking for ignition-physics5-heightmap -- found version 5.4.0
[1.474s] -- Searching for dependencies of ignition-physics5-heightmap
[1.475s] -- Looking for ignition-common4 -- found version 4.8.0
[1.475s] -- Searching for <ignition-physics5> component [mesh]
[1.478s] -- Looking for ignition-physics5-mesh -- found version 5.4.0
[1.479s] -- Searching for dependencies of ignition-physics5-mesh
[1.479s] -- Looking for ignition-common4 -- found version 4.8.0
[1.479s] -- Searching for <ignition-physics5> component [sdf]
[1.483s] -- Looking for ignition-physics5-sdf -- found version 5.4.0
[1.484s] -- Searching for dependencies of ignition-physics5-sdf
[1.484s] -- Looking for sdformat12 -- found version 12.9.0
[1.488s] -- Looking for ignition-sensors6 -- found version 6.9.0
[1.488s] -- Searching for dependencies of ignition-sensors6
[1.511s] -- Looking for ignition-math6 -- found version 6.15.1
[1.511s] -- Looking for ignition-common4 -- found version 4.8.0
[1.511s] -- Looking for ignition-transport11 -- found version 11.4.2
[1.512s] -- Looking for ignition-rendering6 -- found version 6.6.4
[1.512s] -- Looking for ignition-msgs8 -- found version 8.7.0
[1.513s] -- Looking for sdformat12 -- found version 12.9.0
[1.514s] -- Searching for <ignition-sensors6> component [air_pressure]
[1.518s] -- Looking for ignition-sensors6-air_pressure -- found version 6.9.0
[1.518s] -- Searching for dependencies of ignition-sensors6-air_pressure
[1.519s] -- Searching for <ignition-sensors6> component [altimeter]
[1.522s] -- Looking for ignition-sensors6-altimeter -- found version 6.9.0
[1.522s] -- Searching for dependencies of ignition-sensors6-altimeter
[1.523s] -- Searching for <ignition-sensors6> component [imu]
[1.526s] -- Looking for ignition-sensors6-imu -- found version 6.9.0
[1.527s] -- Searching for dependencies of ignition-sensors6-imu
[1.527s] -- Searching for <ignition-sensors6> component [force_torque]
[1.530s] -- Looking for ignition-sensors6-force_torque -- found version 6.9.0
[1.531s] -- Searching for dependencies of ignition-sensors6-force_torque
[1.531s] -- Searching for <ignition-sensors6> component [logical_camera]
[1.534s] -- Looking for ignition-sensors6-logical_camera -- found version 6.9.0
[1.534s] -- Searching for dependencies of ignition-sensors6-logical_camera
[1.535s] -- Searching for <ignition-sensors6> component [magnetometer]
[1.538s] -- Looking for ignition-sensors6-magnetometer -- found version 6.9.0
[1.538s] -- Searching for dependencies of ignition-sensors6-magnetometer
[1.539s] -- Searching for <ignition-sensors6> component [navsat]
[1.541s] -- Looking for ignition-sensors6-navsat -- found version 6.9.0
[1.542s] -- Searching for dependencies of ignition-sensors6-navsat
[1.542s] -- Searching for <ignition-sensors6> component [rendering]
[1.545s] -- Looking for ignition-sensors6-rendering -- found version 6.9.0
[1.545s] -- Searching for dependencies of ignition-sensors6-rendering
[1.546s] -- Searching for <ignition-sensors6> component [lidar]
[1.549s] -- Looking for ignition-sensors6-lidar -- found version 6.9.0
[1.549s] -- Searching for dependencies of ignition-sensors6-lidar
[1.550s] -- Looking for ignition-sensors6 -- found version 6.9.0
[1.550s] -- Searching for <ignition-sensors6> component [gpu_lidar]
[1.553s] -- Looking for ignition-sensors6-gpu_lidar -- found version 6.9.0
[1.553s] -- Searching for dependencies of ignition-sensors6-gpu_lidar
[1.553s] -- Looking for ignition-sensors6 -- found version 6.9.0
[1.554s] -- Searching for <ignition-sensors6> component [camera]
[1.556s] -- Looking for ignition-sensors6-camera -- found version 6.9.0
[1.557s] -- Searching for dependencies of ignition-sensors6-camera
[1.557s] -- Looking for ignition-sensors6 -- found version 6.9.0
[1.558s] -- Searching for <ignition-sensors6> component [boundingbox_camera]
[1.560s] -- Looking for ignition-sensors6-boundingbox_camera -- found version 6.9.0
[1.561s] -- Searching for dependencies of ignition-sensors6-boundingbox_camera
[1.561s] -- Searching for <ignition-sensors6> component [segmentation_camera]
[1.564s] -- Looking for ignition-sensors6-segmentation_camera -- found version 6.9.0
[1.564s] -- Searching for dependencies of ignition-sensors6-segmentation_camera
[1.564s] -- Searching for <ignition-sensors6> component [depth_camera]
[1.567s] -- Looking for ignition-sensors6-depth_camera -- found version 6.9.0
[1.567s] -- Searching for dependencies of ignition-sensors6-depth_camera
[1.568s] -- Looking for ignition-sensors6 -- found version 6.9.0
[1.568s] -- Searching for <ignition-sensors6> component [rgbd_camera]
[1.571s] -- Looking for ignition-sensors6-rgbd_camera -- found version 6.9.0
[1.571s] -- Searching for dependencies of ignition-sensors6-rgbd_camera
[1.571s] -- Looking for ignition-sensors6 -- found version 6.9.0
[1.572s] -- Searching for <ignition-sensors6> component [thermal_camera]
[1.574s] -- Looking for ignition-sensors6-thermal_camera -- found version 6.9.0
[1.575s] -- Searching for dependencies of ignition-sensors6-thermal_camera
[1.575s] -- Looking for ignition-sensors6 -- found version 6.9.0
[1.576s] -- Looking for ignition-rendering6 -- found version 6.6.4
[1.576s] -- Looking for ignition-math6 -- found version 6.15.1
[1.579s] -- Looking for ignition-utils1 -- found version 1.5.1
[1.598s] -- Looking for ignition-common4 -- found version 4.8.0
[1.598s] -- Looking for ignition-math6 -- found version 6.15.1
[1.598s] -- Looking for ignition-transport11 -- found version 11.4.2
[1.599s] -- Looking for ignition-plugin1 -- found version 1.4.0
[1.599s] -- Looking for ignition-rendering6 -- found version 6.6.4
[1.599s] -- Looking for ignition-sensors6 -- found version 6.9.0
[1.600s] -- Looking for ignition-utils1 -- found version 1.5.1
[1.600s] -- Looking for ignition-msgs8 -- found version 8.7.0
[1.600s] -- Looking for sdformat12 -- found version 12.9.0
[1.667s] -- Configuring done
[1.701s] -- Generating done
[1.711s] -- Build files have been written to: /home/aliomacc/sti_usv/build/workspace_gz
[1.722s] Invoked command in '/home/aliomacc/sti_usv/build/workspace_gz' returned '0': CMAKE_PREFIX_PATH=${CMAKE_PREFIX_PATH}:/home/aliomacc/ros2_ws/install/actions_py:/home/aliomacc/ros2_ws/install/lifecycle_py:/opt/ros/humble /usr/bin/cmake /home/aliomacc/sti_usv/src/usv_sim/workspace_gz -DAMENT_CMAKE_SYMLINK_INSTALL=1 -DCMAKE_INSTALL_PREFIX=/home/aliomacc/sti_usv/install/workspace_gz
[1.724s] Invoking command in '/home/aliomacc/sti_usv/build/workspace_gz': CMAKE_PREFIX_PATH=${CMAKE_PREFIX_PATH}:/home/aliomacc/ros2_ws/install/actions_py:/home/aliomacc/ros2_ws/install/lifecycle_py:/opt/ros/humble /usr/bin/cmake --build /home/aliomacc/sti_usv/build/workspace_gz -- -j8 -l8
[1.773s] [  4%] [32mBuilding CXX object CMakeFiles/Waves.dir/plugins/Wavefield.cc.o[0m
[7.650s] [  9%] [32m[1mLinking CXX shared library libWaves.so[0m
[7.952s] [  9%] Built target Waves
[7.977s] [ 14%] [32mBuilding CXX object CMakeFiles/StationkeepingScoringPlugin.dir/plugins/StationkeepingScoringPlugin.cc.o[0m
[7.978s] [ 23%] [32mBuilding CXX object CMakeFiles/ScoringPlugin.dir/plugins/ScoringPlugin.cc.o[0m
[7.978s] [ 23%] [32mBuilding CXX object CMakeFiles/WayfindingScoringPlugin.dir/plugins/WayfindingScoringPlugin.cc.o[0m
[7.978s] [ 28%] [32mBuilding CXX object CMakeFiles/USVWind.dir/plugins/USVWind.cc.o[0m
[7.978s] [ 33%] [32mBuilding CXX object CMakeFiles/Surface.dir/plugins/Surface.cc.o[0m
[7.979s] [ 42%] [32mBuilding CXX object CMakeFiles/WaveVisual.dir/plugins/WaveVisual.cc.o[0m
[7.979s] [ 42%] [32mBuilding CXX object CMakeFiles/PolyhedraBuoyancyDrag.dir/plugins/PolyhedraBuoyancyDrag.cc.o[0m
[7.982s] [ 47%] [32mBuilding CXX object CMakeFiles/SimpleHydrodynamics.dir/plugins/SimpleHydrodynamics.cc.o[0m
[14.777s] [01m[K/home/aliomacc/sti_usv/src/usv_sim/workspace_gz/plugins/SimpleHydrodynamics.cc:[m[K In member function ‘[01m[Kvirtual void vrx::SimpleHydrodynamics::PreUpdate(const ignition::gazebo::v6::UpdateInfo&, ignition::gazebo::v6::EntityComponentManager&)[m[K’:
[14.777s] [01m[K/home/aliomacc/sti_usv/src/usv_sim/workspace_gz/plugins/SimpleHydrodynamics.cc:192:3:[m[K [01;31m[Kerror: [m[K‘[01m[KGZ_PROFILE[m[K’ was not declared in this scope; did you mean ‘[01m[KIGN_PROFILE[m[K’?
[14.777s]   192 |   [01;31m[KGZ_PROFILE[m[K("SimpleHydrodynamics::PreUpdate");
[14.778s]       |   [01;31m[K^~~~~~~~~~[m[K
[14.778s]       |   [32m[KIGN_PROFILE[m[K
[14.872s] [01m[K/home/aliomacc/sti_usv/src/usv_sim/workspace_gz/plugins/SimpleHydrodynamics.cc:[m[K At global scope:
[14.873s] [01m[K/home/aliomacc/sti_usv/src/usv_sim/workspace_gz/plugins/SimpleHydrodynamics.cc:292:1:[m[K [01;31m[Kerror: [m[Kexpected constructor, destructor, or type conversion before ‘[01m[KGZ_ADD_PLUGIN_ALIAS[m[K’
[14.873s]   292 | [01;31m[KGZ_ADD_PLUGIN_ALIAS[m[K(vrx::SimpleHydrodynamics,
[14.873s]       | [01;31m[K^~~~~~~~~~~~~~~~~~~[m[K
[16.625s] In file included from [01m[K/home/aliomacc/sti_usv/src/usv_sim/workspace_gz/plugins/StationkeepingScoringPlugin.hh:22[m[K,
[16.625s]                  from [01m[K/home/aliomacc/sti_usv/src/usv_sim/workspace_gz/plugins/StationkeepingScoringPlugin.cc:26[m[K:
[16.625s] [01m[K/home/aliomacc/sti_usv/src/usv_sim/workspace_gz/plugins/ScoringPlugin.hh:217:30:[m[K [01;31m[Kerror: [m[K‘[01m[KdataPtr[m[K’ has not been declared
[16.625s]   217 |     GZ_UTILS_UNIQUE_IMPL_PTR([01;31m[KdataPtr[m[K)
[16.626s]       |                              [01;31m[K^~~~~~~[m[K
[16.626s] [01m[K/home/aliomacc/sti_usv/src/usv_sim/workspace_gz/plugins/ScoringPlugin.hh:217:5:[m[K [01;31m[Kerror: [m[KISO C++ forbids declaration of ‘[01m[KGZ_UTILS_UNIQUE_IMPL_PTR[m[K’ with no type [[01;31m[K]8;;https://gcc.gnu.org/onlinedocs/gcc/Warning-Options.html#index-fpermissive-fpermissive]8;;[m[K]
[16.628s]   217 |     [01;31m[KGZ_UTILS_UNIQUE_IMPL_PTR[m[K(dataPtr)
[16.628s]       |     [01;31m[K^~~~~~~~~~~~~~~~~~~~~~~~[m[K
[16.628s] [01m[K/home/aliomacc/sti_usv/src/usv_sim/workspace_gz/plugins/ScoringPlugin.hh:217:37:[m[K [01;31m[Kerror: [m[Kexpected ‘[01m[K;[m[K’ at end of member declaration
[16.628s]   217 |     GZ_UTILS_UNIQUE_IMPL_PTR(dataPtr[01;31m[K)[m[K
[16.629s]       |                                     [01;31m[K^[m[K
[16.629s]       |                                      [32m[K;[m[K
[16.629s] In file included from [01m[K/home/aliomacc/sti_usv/src/usv_sim/workspace_gz/plugins/StationkeepingScoringPlugin.cc:26[m[K:
[16.629s] [01m[K/home/aliomacc/sti_usv/src/usv_sim/workspace_gz/plugins/StationkeepingScoringPlugin.hh:65:30:[m[K [01;31m[Kerror: [m[K‘[01m[KdataPtr[m[K’ has not been declared
[16.629s]    65 |     GZ_UTILS_UNIQUE_IMPL_PTR([01;31m[KdataPtr[m[K)
[16.629s]       |                              [01;31m[K^~~~~~~[m[K
[16.629s] [01m[K/home/aliomacc/sti_usv/src/usv_sim/workspace_gz/plugins/StationkeepingScoringPlugin.hh:65:5:[m[K [01;31m[Kerror: [m[KISO C++ forbids declaration of ‘[01m[KGZ_UTILS_UNIQUE_IMPL_PTR[m[K’ with no type [[01;31m[K]8;;https://gcc.gnu.org/onlinedocs/gcc/Warning-Options.html#index-fpermissive-fpermissive]8;;[m[K]
[16.629s]    65 |     [01;31m[KGZ_UTILS_UNIQUE_IMPL_PTR[m[K(dataPtr)
[16.629s]       |     [01;31m[K^~~~~~~~~~~~~~~~~~~~~~~~[m[K
[16.630s] [01m[K/home/aliomacc/sti_usv/src/usv_sim/workspace_gz/plugins/StationkeepingScoringPlugin.hh:65:37:[m[K [01;31m[Kerror: [m[Kexpected ‘[01m[K;[m[K’ at end of member declaration
[16.630s]    65 |     GZ_UTILS_UNIQUE_IMPL_PTR(dataPtr[01;31m[K)[m[K
[16.630s]       |                                     [01;31m[K^[m[K
[16.630s]       |                                      [32m[K;[m[K
[16.630s] [01m[K/home/aliomacc/sti_usv/src/usv_sim/workspace_gz/plugins/StationkeepingScoringPlugin.cc:34:1:[m[K [01;31m[Kerror: [m[Kqualified name does not name a class before ‘[01m[K{[m[K’ token
[16.630s]    34 | [01;31m[K{[m[K
[16.630s]       | [01;31m[K^[m[K
[16.630s] [01m[K/home/aliomacc/sti_usv/src/usv_sim/workspace_gz/plugins/StationkeepingScoringPlugin.cc:[m[K In constructor ‘[01m[Kvrx::StationkeepingScoringPlugin::StationkeepingScoringPlugin()[m[K’:
[16.630s] [01m[K/home/aliomacc/sti_usv/src/usv_sim/workspace_gz/plugins/StationkeepingScoringPlugin.cc:105:3:[m[K [01;31m[Kerror: [m[Kclass ‘[01m[Kvrx::StationkeepingScoringPlugin[m[K’ does not have any field named ‘[01m[KdataPtr[m[K’
[16.631s]   105 |   [01;31m[KdataPtr[m[K(utils::MakeUniqueImpl<Implementation>())
[16.631s]       |   [01;31m[K^~~~~~~[m[K
[16.649s] [01m[K/home/aliomacc/sti_usv/src/usv_sim/workspace_gz/plugins/StationkeepingScoringPlugin.cc:105:33:[m[K [01;31m[Kerror: [m[K‘[01m[KImplementation[m[K’ was not declared in this scope
[16.649s]   105 |   dataPtr(utils::MakeUniqueImpl<[01;31m[KImplementation[m[K>())
[16.649s]       |                                 [01;31m[K^~~~~~~~~~~~~~[m[K
[16.649s] [01m[K/home/aliomacc/sti_usv/src/usv_sim/workspace_gz/plugins/StationkeepingScoringPlugin.cc:105:48:[m[K [01;31m[Kerror: [m[Kno matching function for call to ‘[01m[KMakeUniqueImpl<<expression error> >()[m[K’
[16.649s]   105 |   dataPtr([01;31m[Kutils::MakeUniqueImpl<Implementation>()[m[K)
[16.650s]       |           [01;31m[K~~~~~~~~~~~~~~~~~~~~~~~~~~~~~~~~~~~~~^~[m[K
[16.650s] In file included from [01m[K/usr/include/ignition/utils1/gz/utils/ImplPtr.hh:259[m[K,
[16.650s]                  from [01m[K/usr/include/ignition/sdformat12/sdf/Sensor.hh:23[m[K,
[16.650s]                  from [01m[K/usr/include/ignition/gazebo6/gz/sim/components/Serialization.hh:35[m[K,
[16.650s]                  from [01m[K/usr/include/ignition/gazebo6/gz/sim/components/Name.hh:23[m[K,
[16.650s]                  from [01m[K/home/aliomacc/sti_usv/src/usv_sim/workspace_gz/plugins/StationkeepingScoringPlugin.cc:18[m[K:
[16.650s] [01m[K/usr/include/ignition/utils1/gz/utils/detail/ImplPtr.hh:142:22:[m[K [01;36m[Knote: [m[Kcandidate: ‘[01m[Ktemplate<class T, class ... Args> ignition::utils::UniqueImplPtr<T> ignition::utils::MakeUniqueImpl(Args&& ...)[m[K’
[16.650s]   142 |     UniqueImplPtr<T> [01;36m[KMakeUniqueImpl[m[K(Args &&...args)
[16.650s]       |                      [01;36m[K^~~~~~~~~~~~~~[m[K
[16.651s] [01m[K/usr/include/ignition/utils1/gz/utils/detail/ImplPtr.hh:142:22:[m[K [01;36m[Knote: [m[K  template argument deduction/substitution failed:
[16.651s] [01m[K/home/aliomacc/sti_usv/src/usv_sim/workspace_gz/plugins/StationkeepingScoringPlugin.cc:105:48:[m[K [01;31m[Kerror: [m[Ktemplate argument 1 is invalid
[16.651s]   105 |   dataPtr([01;31m[Kutils::MakeUniqueImpl<Implementation>()[m[K)
[16.651s]       |           [01;31m[K~~~~~~~~~~~~~~~~~~~~~~~~~~~~~~~~~~~~~^~[m[K
[16.651s] [01m[K/home/aliomacc/sti_usv/src/usv_sim/workspace_gz/plugins/StationkeepingScoringPlugin.cc:[m[K In member function ‘[01m[Kvirtual void vrx::StationkeepingScoringPlugin::Configure(const Entity&, const std::shared_ptr<const sdf::v12::Element>&, ignition::gazebo::v6::EntityComponentManager&, ignition::gazebo::v6::EventManager&)[m[K’:
[16.651s] [01m[K/home/aliomacc/sti_usv/src/usv_sim/workspace_gz/plugins/StationkeepingScoringPlugin.cc:121:9:[m[K [01;31m[Kerror: [m[K‘[01m[Kclass vrx::StationkeepingScoringPlugin[m[K’ has no member named ‘[01m[KdataPtr[m[K’
[16.651s]   121 |   this->[01;31m[KdataPtr[m[K->sc = world.SphericalCoordinates(_ecm).value();
[16.651s]       |         [01;31m[K^~~~~~~[m[K
[16.664s] [01m[K/home/aliomacc/sti_usv/src/usv_sim/workspace_gz/plugins/StationkeepingScoringPlugin.cc:142:11:[m[K [01;31m[Kerror: [m[K‘[01m[Kclass vrx::StationkeepingScoringPlugin[m[K’ has no member named ‘[01m[KdataPtr[m[K’
[16.664s]   142 |     this->[01;31m[KdataPtr[m[K->goalLat = latlonyaw.X();
[16.664s]       |           [01;31m[K^~~~~~~[m[K
[16.664s] [01m[K/home/aliomacc/sti_usv/src/usv_sim/workspace_gz/plugins/StationkeepingScoringPlugin.cc:143:11:[m[K [01;31m[Kerror: [m[K‘[01m[Kclass vrx::StationkeepingScoringPlugin[m[K’ has no member named ‘[01m[KdataPtr[m[K’
[16.664s]   143 |     this->[01;31m[KdataPtr[m[K->goalLon = latlonyaw.Y();
[16.664s]       |           [01;31m[K^~~~~~~[m[K
[16.665s] [01m[K/home/aliomacc/sti_usv/src/usv_sim/workspace_gz/plugins/StationkeepingScoringPlugin.cc:147:32:[m[K [01;31m[Kerror: [m[K‘[01m[Kclass vrx::StationkeepingScoringPlugin[m[K’ has no member named ‘[01m[KdataPtr[m[K’
[16.665s]   147 |     math::Vector3d scVec(this->[01;31m[KdataPtr[m[K->goalLat, this->dataPtr->goalLon, 0.0);
[16.665s]       |                                [01;31m[K^~~~~~~[m[K
[16.665s] [01m[K/home/aliomacc/sti_usv/src/usv_sim/workspace_gz/plugins/StationkeepingScoringPlugin.cc:147:56:[m[K [01;31m[Kerror: [m[K‘[01m[Kclass vrx::StationkeepingScoringPlugin[m[K’ has no member named ‘[01m[KdataPtr[m[K’
[16.665s]   147 |     math::Vector3d scVec(this->dataPtr->goalLat, this->[01;31m[KdataPtr[m[K->goalLon, 0.0);
[16.665s]       |                                                        [01;31m[K^~~~~~~[m[K
[16.665s] [01m[K/home/aliomacc/sti_usv/src/usv_sim/workspace_gz/plugins/StationkeepingScoringPlugin.cc:149:13:[m[K [01;31m[Kerror: [m[K‘[01m[Kclass vrx::StationkeepingScoringPlugin[m[K’ has no member named ‘[01m[KdataPtr[m[K’
[16.665s]   149 |       this->[01;31m[KdataPtr[m[K->sc.LocalFromSphericalPosition(scVec);
[16.665s]       |             [01;31m[K^~~~~~~[m[K
[16.665s] [01m[K/home/aliomacc/sti_usv/src/usv_sim/workspace_gz/plugins/StationkeepingScoringPlugin.cc:152:11:[m[K [01;31m[Kerror: [m[K‘[01m[Kclass vrx::StationkeepingScoringPlugin[m[K’ has no member named ‘[01m[KdataPtr[m[K’
[16.666s]   152 |     this->[01;31m[KdataPtr[m[K->goalX = cartVec.X();
[16.666s]       |           [01;31m[K^~~~~~~[m[K
[16.666s] [01m[K/home/aliomacc/sti_usv/src/usv_sim/workspace_gz/plugins/StationkeepingScoringPlugin.cc:153:11:[m[K [01;31m[Kerror: [m[K‘[01m[Kclass vrx::StationkeepingScoringPlugin[m[K’ has no member named ‘[01m[KdataPtr[m[K’
[16.666s]   153 |     this->[01;31m[KdataPtr[m[K->goalY = cartVec.Y();
[16.666s]       |           [01;31m[K^~~~~~~[m[K
[16.666s] [01m[K/home/aliomacc/sti_usv/src/usv_sim/workspace_gz/plugins/StationkeepingScoringPlugin.cc:154:11:[m[K [01;31m[Kerror: [m[K‘[01m[Kclass vrx::StationkeepingScoringPlugin[m[K’ has no member named ‘[01m[KdataPtr[m[K’
[16.666s]   154 |     this->[01;31m[KdataPtr[m[K->goalYaw = latlonyaw.Z();
[16.666s]       |           [01;31m[K^~~~~~~[m[K
[16.666s] [01m[K/home/aliomacc/sti_usv/src/usv_sim/workspace_gz/plugins/StationkeepingScoringPlugin.cc:161:11:[m[K [01;31m[Kerror: [m[K‘[01m[Kclass vrx::StationkeepingScoringPlugin[m[K’ has no member named ‘[01m[KdataPtr[m[K’
[16.667s]   161 |     this->[01;31m[KdataPtr[m[K->goalX = xyz.X();
[16.667s]       |           [01;31m[K^~~~~~~[m[K
[16.671s] [01m[K/home/aliomacc/sti_usv/src/usv_sim/workspace_gz/plugins/StationkeepingScoringPlugin.cc:162:11:[m[K [01;31m[Kerror: [m[K‘[01m[Kclass vrx::StationkeepingScoringPlugin[m[K’ has no member named ‘[01m[KdataPtr[m[K’
[16.671s]   162 |     this->[01;31m[KdataPtr[m[K->goalY = xyz.Y();
[16.671s]       |           [01;31m[K^~~~~~~[m[K
[16.671s] [01m[K/home/aliomacc/sti_usv/src/usv_sim/workspace_gz/plugins/StationkeepingScoringPlugin.cc:166:34:[m[K [01;31m[Kerror: [m[K‘[01m[Kclass vrx::StationkeepingScoringPlugin[m[K’ has no member named ‘[01m[KdataPtr[m[K’
[16.672s]   166 |     math::Vector3d cartVec(this->[01;31m[KdataPtr[m[K->goalX, this->dataPtr->goalY, xyz.Z());
[16.672s]       |                                  [01;31m[K^~~~~~~[m[K
[16.672s] [01m[K/home/aliomacc/sti_usv/src/usv_sim/workspace_gz/plugins/StationkeepingScoringPlugin.cc:166:56:[m[K [01;31m[Kerror: [m[K‘[01m[Kclass vrx::StationkeepingScoringPlugin[m[K’ has no member named ‘[01m[KdataPtr[m[K’
[16.672s]   166 |     math::Vector3d cartVec(this->dataPtr->goalX, this->[01;31m[KdataPtr[m[K->goalY, xyz.Z());
[16.672s]       |                                                        [01;31m[K^~~~~~~[m[K
[16.672s] [01m[K/home/aliomacc/sti_usv/src/usv_sim/workspace_gz/plugins/StationkeepingScoringPlugin.cc:170:24:[m[K [01;31m[Kerror: [m[K‘[01m[Kclass vrx::StationkeepingScoringPlugin[m[K’ has no member named ‘[01m[KdataPtr[m[K’
[16.672s]   170 |     auto scVec = this->[01;31m[KdataPtr[m[K->sc.PositionTransform(cartVec, in, out);
[16.672s]       |                        [01;31m[K^~~~~~~[m[K
[16.683s] [01m[K/home/aliomacc/sti_usv/src/usv_sim/workspace_gz/plugins/StationkeepingScoringPlugin.cc:171:13:[m[K [01;31m[Kerror: [m[K‘[01m[KGZ_RTOD[m[K’ was not declared in this scope; did you mean ‘[01m[KIGN_RTOD[m[K’?
[16.683s]   171 |     scVec.X([01;31m[KGZ_RTOD[m[K(scVec.X()));
[16.684s]       |             [01;31m[K^~~~~~~[m[K
[16.684s]       |             [32m[KIGN_RTOD[m[K
[16.684s] [01m[K/home/aliomacc/sti_usv/src/usv_sim/workspace_gz/plugins/StationkeepingScoringPlugin.cc:175:11:[m[K [01;31m[Kerror: [m[K‘[01m[Kclass vrx::StationkeepingScoringPlugin[m[K’ has no member named ‘[01m[KdataPtr[m[K’
[16.684s]   175 |     this->[01;31m[KdataPtr[m[K->goalLat = scVec.X();
[16.684s]       |           [01;31m[K^~~~~~~[m[K
[16.684s] [01m[K/home/aliomacc/sti_usv/src/usv_sim/workspace_gz/plugins/StationkeepingScoringPlugin.cc:176:11:[m[K [01;31m[Kerror: [m[K‘[01m[Kclass vrx::StationkeepingScoringPlugin[m[K’ has no member named ‘[01m[KdataPtr[m[K’
[16.684s]   176 |     this->[01;31m[KdataPtr[m[K->goalLon = scVec.Y();
[16.684s]       |           [01;31m[K^~~~~~~[m[K
[16.685s] [01m[K/home/aliomacc/sti_usv/src/usv_sim/workspace_gz/plugins/StationkeepingScoringPlugin.cc:177:11:[m[K [01;31m[Kerror: [m[K‘[01m[Kclass vrx::StationkeepingScoringPlugin[m[K’ has no member named ‘[01m[KdataPtr[m[K’
[16.685s]   177 |     this->[01;31m[KdataPtr[m[K->goalYaw = scVec.Z();
[16.685s]       |           [01;31m[K^~~~~~~[m[K
[16.686s] [01m[K/home/aliomacc/sti_usv/src/usv_sim/workspace_gz/plugins/StationkeepingScoringPlugin.cc:181:63:[m[K [01;31m[Kerror: [m[K‘[01m[Kclass vrx::StationkeepingScoringPlugin[m[K’ has no member named ‘[01m[KdataPtr[m[K’
[16.686s]   181 |   ignmsg << "Stationkeeping Goal, Spherical: Lat = " << this->[01;31m[KdataPtr[m[K->goalLat
[16.686s]       |                                                               [01;31m[K^~~~~~~[m[K
[16.686s] [01m[K/home/aliomacc/sti_usv/src/usv_sim/workspace_gz/plugins/StationkeepingScoringPlugin.cc:182:32:[m[K [01;31m[Kerror: [m[K‘[01m[Kclass vrx::StationkeepingScoringPlugin[m[K’ has no member named ‘[01m[KdataPtr[m[K’
[16.686s]   182 |          << " Lon = " << this->[01;31m[KdataPtr[m[K->goalLon << std::endl;
[16.686s]       |                                [01;31m[K^~~~~~~[m[K
[16.687s] [01m[K/home/aliomacc/sti_usv/src/usv_sim/workspace_gz/plugins/StationkeepingScoringPlugin.cc:183:57:[m[K [01;31m[Kerror: [m[K‘[01m[Kclass vrx::StationkeepingScoringPlugin[m[K’ has no member named ‘[01m[KdataPtr[m[K’
[16.687s]   183 |   ignmsg << "Stationkeeping Goal, Local: X = " << this->[01;31m[KdataPtr[m[K->goalX
[16.687s]       |                                                         [01;31m[K^~~~~~~[m[K
[16.687s] [01m[K/home/aliomacc/sti_usv/src/usv_sim/workspace_gz/plugins/StationkeepingScoringPlugin.cc:184:30:[m[K [01;31m[Kerror: [m[K‘[01m[Kclass vrx::StationkeepingScoringPlugin[m[K’ has no member named ‘[01m[KdataPtr[m[K’
[16.687s]   184 |          << " Y = " << this->[01;31m[KdataPtr[m[K->goalY << " Yaw = "
[16.687s]       |                              [01;31m[K^~~~~~~[m[K
[16.687s] [01m[K/home/aliomacc/sti_usv/src/usv_sim/workspace_gz/plugins/StationkeepingScoringPlugin.cc:185:19:[m[K [01;31m[Kerror: [m[K‘[01m[Kclass vrx::StationkeepingScoringPlugin[m[K’ has no member named ‘[01m[KdataPtr[m[K’
[16.687s]   185 |          << this->[01;31m[KdataPtr[m[K->goalYaw << std::endl;
[16.687s]       |                   [01;31m[K^~~~~~~[m[K
[16.688s] [01m[K/home/aliomacc/sti_usv/src/usv_sim/workspace_gz/plugins/StationkeepingScoringPlugin.cc:188:27:[m[K [01;31m[Kerror: [m[K‘[01m[Kclass vrx::StationkeepingScoringPlugin[m[K’ has no member named ‘[01m[KdataPtr[m[K’
[16.688s]   188 |   math::Pose3d pose(this->[01;31m[KdataPtr[m[K->goalLat, this->dataPtr->goalLon,
[16.690s]       |                           [01;31m[K^~~~~~~[m[K
[16.690s] [01m[K/home/aliomacc/sti_usv/src/usv_sim/workspace_gz/plugins/StationkeepingScoringPlugin.cc:188:51:[m[K [01;31m[Kerror: [m[K‘[01m[Kclass vrx::StationkeepingScoringPlugin[m[K’ has no member named ‘[01m[KdataPtr[m[K’
[16.690s]   188 |   math::Pose3d pose(this->dataPtr->goalLat, this->[01;31m[KdataPtr[m[K->goalLon,
[16.690s]       |                                                   [01;31m[K^~~~~~~[m[K
[16.691s] [01m[K/home/aliomacc/sti_usv/src/usv_sim/workspace_gz/plugins/StationkeepingScoringPlugin.cc:189:20:[m[K [01;31m[Kerror: [m[K‘[01m[Kclass vrx::StationkeepingScoringPlugin[m[K’ has no member named ‘[01m[KdataPtr[m[K’
[16.691s]   189 |     0, 0, 0, this->[01;31m[KdataPtr[m[K->goalYaw);
[16.691s]       |                    [01;31m[K^~~~~~~[m[K
[16.691s] [01m[K/home/aliomacc/sti_usv/src/usv_sim/workspace_gz/plugins/StationkeepingScoringPlugin.cc:190:19:[m[K [01;31m[Kerror: [m[K‘[01m[Kclass vrx::StationkeepingScoringPlugin[m[K’ has no member named ‘[01m[KdataPtr[m[K’
[16.691s]   190 |   msgs::Set(this->[01;31m[KdataPtr[m[K->goalMsg.mutable_position(), pose.Pos());
[16.691s]       |                   [01;31m[K^~~~~~~[m[K
[16.691s] [01m[K/home/aliomacc/sti_usv/src/usv_sim/workspace_gz/plugins/StationkeepingScoringPlugin.cc:191:19:[m[K [01;31m[Kerror: [m[K‘[01m[Kclass vrx::StationkeepingScoringPlugin[m[K’ has no member named ‘[01m[KdataPtr[m[K’
[16.691s]   191 |   msgs::Set(this->[01;31m[KdataPtr[m[K->goalMsg.mutable_orientation(), pose.Rot());
[16.692s]       |                   [01;31m[K^~~~~~~[m[K
[16.692s] [01m[K/home/aliomacc/sti_usv/src/usv_sim/workspace_gz/plugins/StationkeepingScoringPlugin.cc:198:11:[m[K [01;31m[Kerror: [m[K‘[01m[Kclass vrx::StationkeepingScoringPlugin[m[K’ has no member named ‘[01m[KdataPtr[m[K’
[16.692s]   198 |     this->[01;31m[KdataPtr[m[K->goalTopic = _sdf->Get<std::string>("goal_topic");
[16.692s]       |           [01;31m[K^~~~~~~[m[K
[16.692s] [01m[K/home/aliomacc/sti_usv/src/usv_sim/workspace_gz/plugins/StationkeepingScoringPlugin.cc:200:9:[m[K [01;31m[Kerror: [m[K‘[01m[Kclass vrx::StationkeepingScoringPlugin[m[K’ has no member named ‘[01m[KdataPtr[m[K’
[16.692s]   200 |   this->[01;31m[KdataPtr[m[K->goalPub = this->dataPtr->node.Advertise<msgs::Pose>(
[16.692s]       |         [01;31m[K^~~~~~~[m[K
[16.692s] [01m[K/home/aliomacc/sti_usv/src/usv_sim/workspace_gz/plugins/StationkeepingScoringPlugin.cc:200:34:[m[K [01;31m[Kerror: [m[K‘[01m[Kclass vrx::StationkeepingScoringPlugin[m[K’ has no member named ‘[01m[KdataPtr[m[K’
[16.692s]   200 |   this->dataPtr->goalPub = this->[01;31m[KdataPtr[m[K->node.Advertise<msgs::Pose>(
[16.692s]       |                                  [01;31m[K^~~~~~~[m[K
[16.693s] [01m[K/home/aliomacc/sti_usv/src/usv_sim/workspace_gz/plugins/StationkeepingScoringPlugin.cc:200:68:[m[K [01;31m[Kerror: [m[Kexpected primary-expression before ‘[01m[K>[m[K’ token
[16.693s]   200 |   this->dataPtr->goalPub = this->dataPtr->node.Advertise<msgs::Pose[01;31m[K>[m[K(
[16.693s]       |                                                                    [01;31m[K^[m[K
[16.693s] [01m[K/home/aliomacc/sti_usv/src/usv_sim/workspace_gz/plugins/StationkeepingScoringPlugin.cc:201:11:[m[K [01;31m[Kerror: [m[K‘[01m[Kclass vrx::StationkeepingScoringPlugin[m[K’ has no member named ‘[01m[KdataPtr[m[K’
[16.693s]   201 |     this->[01;31m[KdataPtr[m[K->goalTopic, opts);
[16.693s]       |           [01;31m[K^~~~~~~[m[K
[16.693s] [01m[K/home/aliomacc/sti_usv/src/usv_sim/workspace_gz/plugins/StationkeepingScoringPlugin.cc:205:11:[m[K [01;31m[Kerror: [m[K‘[01m[Kclass vrx::StationkeepingScoringPlugin[m[K’ has no member named ‘[01m[KdataPtr[m[K’
[16.693s]   205 |     this->[01;31m[KdataPtr[m[K->poseErrorTopic = _sdf->Get<std::string>("pose_error_topic");
[16.694s]       |           [01;31m[K^~~~~~~[m[K
[16.694s] [01m[K/home/aliomacc/sti_usv/src/usv_sim/workspace_gz/plugins/StationkeepingScoringPlugin.cc:207:9:[m[K [01;31m[Kerror: [m[K‘[01m[Kclass vrx::StationkeepingScoringPlugin[m[K’ has no member named ‘[01m[KdataPtr[m[K’
[16.698s]   207 |   this->[01;31m[KdataPtr[m[K->poseErrorPub = this->dataPtr->node.Advertise<msgs::Float>(
[16.698s]       |         [01;31m[K^~~~~~~[m[K
[16.698s] [01m[K/home/aliomacc/sti_usv/src/usv_sim/workspace_gz/plugins/StationkeepingScoringPlugin.cc:207:39:[m[K [01;31m[Kerror: [m[K‘[01m[Kclass vrx::StationkeepingScoringPlugin[m[K’ has no member named ‘[01m[KdataPtr[m[K’
[16.698s]   207 |   this->dataPtr->poseErrorPub = this->[01;31m[KdataPtr[m[K->node.Advertise<msgs::Float>(
[16.698s]       |                                       [01;31m[K^~~~~~~[m[K
[16.699s] [01m[K/home/aliomacc/sti_usv/src/usv_sim/workspace_gz/plugins/StationkeepingScoringPlugin.cc:207:74:[m[K [01;31m[Kerror: [m[Kexpected primary-expression before ‘[01m[K>[m[K’ token
[16.699s]   207 |   this->dataPtr->poseErrorPub = this->dataPtr->node.Advertise<msgs::Float[01;31m[K>[m[K(
[16.699s]       |                                                                          [01;31m[K^[m[K
[16.699s] [01m[K/home/aliomacc/sti_usv/src/usv_sim/workspace_gz/plugins/StationkeepingScoringPlugin.cc:208:11:[m[K [01;31m[Kerror: [m[K‘[01m[Kclass vrx::StationkeepingScoringPlugin[m[K’ has no member named ‘[01m[KdataPtr[m[K’
[16.699s]   208 |     this->[01;31m[KdataPtr[m[K->poseErrorTopic, opts);
[16.699s]       |           [01;31m[K^~~~~~~[m[K
[16.699s] [01m[K/home/aliomacc/sti_usv/src/usv_sim/workspace_gz/plugins/StationkeepingScoringPlugin.cc:212:11:[m[K [01;31m[Kerror: [m[K‘[01m[Kclass vrx::StationkeepingScoringPlugin[m[K’ has no member named ‘[01m[KdataPtr[m[K’
[16.699s]   212 |     this->[01;31m[KdataPtr[m[K->meanErrorTopic = _sdf->Get<std::string>("mean_error_topic");
[16.699s]       |           [01;31m[K^~~~~~~[m[K
[16.699s] [01m[K/home/aliomacc/sti_usv/src/usv_sim/workspace_gz/plugins/StationkeepingScoringPlugin.cc:214:9:[m[K [01;31m[Kerror: [m[K‘[01m[Kclass vrx::StationkeepingScoringPlugin[m[K’ has no member named ‘[01m[KdataPtr[m[K’
[16.700s]   214 |   this->[01;31m[KdataPtr[m[K->meanErrorPub = this->dataPtr->node.Advertise<msgs::Float>(
[16.700s]       |         [01;31m[K^~~~~~~[m[K
[16.700s] [01m[K/home/aliomacc/sti_usv/src/usv_sim/workspace_gz/plugins/StationkeepingScoringPlugin.cc:214:39:[m[K [01;31m[Kerror: [m[K‘[01m[Kclass vrx::StationkeepingScoringPlugin[m[K’ has no member named ‘[01m[KdataPtr[m[K’
[16.700s]   214 |   this->dataPtr->meanErrorPub = this->[01;31m[KdataPtr[m[K->node.Advertise<msgs::Float>(
[16.700s]       |                                       [01;31m[K^~~~~~~[m[K
[16.700s] [01m[K/home/aliomacc/sti_usv/src/usv_sim/workspace_gz/plugins/StationkeepingScoringPlugin.cc:214:74:[m[K [01;31m[Kerror: [m[Kexpected primary-expression before ‘[01m[K>[m[K’ token
[16.700s]   214 |   this->dataPtr->meanErrorPub = this->dataPtr->node.Advertise<msgs::Float[01;31m[K>[m[K(
[16.700s]       |                                                                          [01;31m[K^[m[K
[16.701s] [01m[K/home/aliomacc/sti_usv/src/usv_sim/workspace_gz/plugins/StationkeepingScoringPlugin.cc:215:11:[m[K [01;31m[Kerror: [m[K‘[01m[Kclass vrx::StationkeepingScoringPlugin[m[K’ has no member named ‘[01m[KdataPtr[m[K’
[16.701s]   215 |     this->[01;31m[KdataPtr[m[K->meanErrorTopic, opts);
[16.701s]       |           [01;31m[K^~~~~~~[m[K
[16.701s] [01m[K/home/aliomacc/sti_usv/src/usv_sim/workspace_gz/plugins/StationkeepingScoringPlugin.cc:218:11:[m[K [01;31m[Kerror: [m[K‘[01m[Kclass vrx::StationkeepingScoringPlugin[m[K’ has no member named ‘[01m[KdataPtr[m[K’
[16.701s]   218 |     this->[01;31m[KdataPtr[m[K->headErrorOn = _sdf->Get<bool>("head_error_on");
[16.701s]       |           [01;31m[K^~~~~~~[m[K
[16.701s] [01m[K/home/aliomacc/sti_usv/src/usv_sim/workspace_gz/plugins/StationkeepingScoringPlugin.cc:222:11:[m[K [01;31m[Kerror: [m[K‘[01m[Kclass vrx::StationkeepingScoringPlugin[m[K’ has no member named ‘[01m[KdataPtr[m[K’
[16.701s]   222 |     this->[01;31m[KdataPtr[m[K->waypointMarkers.Load(_sdf->Clone()->GetElement("markers"));
[16.701s]       |           [01;31m[K^~~~~~~[m[K
[16.702s] [01m[K/home/aliomacc/sti_usv/src/usv_sim/workspace_gz/plugins/StationkeepingScoringPlugin.cc:223:16:[m[K [01;31m[Kerror: [m[K‘[01m[Kclass vrx::StationkeepingScoringPlugin[m[K’ has no member named ‘[01m[KdataPtr[m[K’
[16.702s]   223 |     if (!this->[01;31m[KdataPtr[m[K->waypointMarkers.DrawMarker(0,
[16.702s]       |                [01;31m[K^~~~~~~[m[K
[16.705s] [01m[K/home/aliomacc/sti_usv/src/usv_sim/workspace_gz/plugins/StationkeepingScoringPlugin.cc:224:18:[m[K [01;31m[Kerror: [m[K‘[01m[Kclass vrx::StationkeepingScoringPlugin[m[K’ has no member named ‘[01m[KdataPtr[m[K’
[16.705s]   224 |            this->[01;31m[KdataPtr[m[K->goalX, this->dataPtr->goalY, this->dataPtr->goalYaw))
[16.705s]       |                  [01;31m[K^~~~~~~[m[K
[16.706s] [01m[K/home/aliomacc/sti_usv/src/usv_sim/workspace_gz/plugins/StationkeepingScoringPlugin.cc:224:40:[m[K [01;31m[Kerror: [m[K‘[01m[Kclass vrx::StationkeepingScoringPlugin[m[K’ has no member named ‘[01m[KdataPtr[m[K’
[16.706s]   224 |            this->dataPtr->goalX, this->[01;31m[KdataPtr[m[K->goalY, this->dataPtr->goalYaw))
[16.706s]       |                                        [01;31m[K^~~~~~~[m[K
[16.706s] [01m[K/home/aliomacc/sti_usv/src/usv_sim/workspace_gz/plugins/StationkeepingScoringPlugin.cc:224:62:[m[K [01;31m[Kerror: [m[K‘[01m[Kclass vrx::StationkeepingScoringPlugin[m[K’ has no member named ‘[01m[KdataPtr[m[K’
[16.706s]   224 |            this->dataPtr->goalX, this->dataPtr->goalY, this->[01;31m[KdataPtr[m[K->goalYaw))
[16.706s]       |                                                              [01;31m[K^~~~~~~[m[K
[16.706s] [01m[K/home/aliomacc/sti_usv/src/usv_sim/workspace_gz/plugins/StationkeepingScoringPlugin.cc:[m[K In member function ‘[01m[Kvirtual void vrx::StationkeepingScoringPlugin::PreUpdate(const ignition::gazebo::v6::UpdateInfo&, ignition::gazebo::v6::EntityComponentManager&)[m[K’:
[16.706s] [01m[K/home/aliomacc/sti_usv/src/usv_sim/workspace_gz/plugins/StationkeepingScoringPlugin.cc:246:11:[m[K [01;31m[Kerror: [m[K‘[01m[Kclass vrx::StationkeepingScoringPlugin[m[K’ has no member named ‘[01m[KdataPtr[m[K’
[16.706s]   246 |     this->[01;31m[KdataPtr[m[K->goalPub.Publish(this->dataPtr->goalMsg);
[16.707s]       |           [01;31m[K^~~~~~~[m[K
[16.707s] [01m[K/home/aliomacc/sti_usv/src/usv_sim/workspace_gz/plugins/StationkeepingScoringPlugin.cc:246:42:[m[K [01;31m[Kerror: [m[K‘[01m[Kclass vrx::StationkeepingScoringPlugin[m[K’ has no member named ‘[01m[KdataPtr[m[K’
[16.707s]   246 |     this->dataPtr->goalPub.Publish(this->[01;31m[KdataPtr[m[K->goalMsg);
[16.707s]       |                                          [01;31m[K^~~~~~~[m[K
[16.707s] [01m[K/home/aliomacc/sti_usv/src/usv_sim/workspace_gz/plugins/StationkeepingScoringPlugin.cc:249:14:[m[K [01;31m[Kerror: [m[K‘[01m[Kclass vrx::StationkeepingScoringPlugin[m[K’ has no member named ‘[01m[KdataPtr[m[K’
[16.707s]   249 |   if (!this->[01;31m[KdataPtr[m[K->vehicleEntity)
[16.707s]       |              [01;31m[K^~~~~~~[m[K
[16.707s] [01m[K/home/aliomacc/sti_usv/src/usv_sim/workspace_gz/plugins/StationkeepingScoringPlugin.cc:254:13:[m[K [01;31m[Kerror: [m[K‘[01m[Kclass vrx::StationkeepingScoringPlugin[m[K’ has no member named ‘[01m[KdataPtr[m[K’
[16.707s]   254 |       this->[01;31m[KdataPtr[m[K->vehicleEntity = entity;
[16.708s]       |             [01;31m[K^~~~~~~[m[K
[16.708s] [01m[K/home/aliomacc/sti_usv/src/usv_sim/workspace_gz/plugins/StationkeepingScoringPlugin.cc:264:11:[m[K [01;31m[Kerror: [m[K‘[01m[Kclass vrx::StationkeepingScoringPlugin[m[K’ has no member named ‘[01m[KdataPtr[m[K’
[16.711s]   264 |     this->[01;31m[KdataPtr[m[K->vehicleEntity)->Data();
[16.711s]       |           [01;31m[K^~~~~~~[m[K
[16.711s] [01m[K/home/aliomacc/sti_usv/src/usv_sim/workspace_gz/plugins/StationkeepingScoringPlugin.cc:266:21:[m[K [01;31m[Kerror: [m[K‘[01m[Kclass vrx::StationkeepingScoringPlugin[m[K’ has no member named ‘[01m[KdataPtr[m[K’
[16.711s]   266 |   double dx = this->[01;31m[KdataPtr[m[K->goalX - vehiclePose.Pos().X();
[16.712s]       |                     [01;31m[K^~~~~~~[m[K
[16.712s] [01m[K/home/aliomacc/sti_usv/src/usv_sim/workspace_gz/plugins/StationkeepingScoringPlugin.cc:267:21:[m[K [01;31m[Kerror: [m[K‘[01m[Kclass vrx::StationkeepingScoringPlugin[m[K’ has no member named ‘[01m[KdataPtr[m[K’
[16.712s]   267 |   double dy = this->[01;31m[KdataPtr[m[K->goalY - vehiclePose.Pos().Y();
[16.712s]       |                     [01;31m[K^~~~~~~[m[K
[16.712s] [01m[K/home/aliomacc/sti_usv/src/usv_sim/workspace_gz/plugins/StationkeepingScoringPlugin.cc:269:27:[m[K [01;31m[Kerror: [m[K‘[01m[Kclass vrx::StationkeepingScoringPlugin[m[K’ has no member named ‘[01m[KdataPtr[m[K’
[16.712s]   269 |   double dhdg = abs(this->[01;31m[KdataPtr[m[K->goalYaw - currentHeading);
[16.712s]       |                           [01;31m[K^~~~~~~[m[K
[16.712s] [01m[K/home/aliomacc/sti_usv/src/usv_sim/workspace_gz/plugins/StationkeepingScoringPlugin.cc:272:13:[m[K [01;31m[Kerror: [m[K‘[01m[Kclass vrx::StationkeepingScoringPlugin[m[K’ has no member named ‘[01m[KdataPtr[m[K’
[16.712s]   272 |   if (this->[01;31m[KdataPtr[m[K->headErrorOn)
[16.712s]       |             [01;31m[K^~~~~~~[m[K
[16.713s] [01m[K/home/aliomacc/sti_usv/src/usv_sim/workspace_gz/plugins/StationkeepingScoringPlugin.cc:275:11:[m[K [01;31m[Kerror: [m[K‘[01m[Kclass vrx::StationkeepingScoringPlugin[m[K’ has no member named ‘[01m[KdataPtr[m[K’
[16.713s]   275 |     this->[01;31m[KdataPtr[m[K->poseError = dist + (pow(k, dist) * headError);
[16.713s]       |           [01;31m[K^~~~~~~[m[K
[16.713s] [01m[K/home/aliomacc/sti_usv/src/usv_sim/workspace_gz/plugins/StationkeepingScoringPlugin.cc:278:11:[m[K [01;31m[Kerror: [m[K‘[01m[Kclass vrx::StationkeepingScoringPlugin[m[K’ has no member named ‘[01m[KdataPtr[m[K’
[16.713s]   278 |     this->[01;31m[KdataPtr[m[K->poseError = dist;
[16.713s]       |           [01;31m[K^~~~~~~[m[K
[16.713s] [01m[K/home/aliomacc/sti_usv/src/usv_sim/workspace_gz/plugins/StationkeepingScoringPlugin.cc:280:9:[m[K [01;31m[Kerror: [m[K‘[01m[Kclass vrx::StationkeepingScoringPlugin[m[K’ has no member named ‘[01m[KdataPtr[m[K’
[16.713s]   280 |   this->[01;31m[KdataPtr[m[K->totalPoseError += this->dataPtr->poseError;
[16.713s]       |         [01;31m[K^~~~~~~[m[K
[16.713s] [01m[K/home/aliomacc/sti_usv/src/usv_sim/workspace_gz/plugins/StationkeepingScoringPlugin.cc:280:42:[m[K [01;31m[Kerror: [m[K‘[01m[Kclass vrx::StationkeepingScoringPlugin[m[K’ has no member named ‘[01m[KdataPtr[m[K’
[16.714s]   280 |   this->dataPtr->totalPoseError += this->[01;31m[KdataPtr[m[K->poseError;
[16.714s]       |                                          [01;31m[K^~~~~~~[m[K
[16.714s] [01m[K/home/aliomacc/sti_usv/src/usv_sim/workspace_gz/plugins/StationkeepingScoringPlugin.cc:281:9:[m[K [01;31m[Kerror: [m[K‘[01m[Kclass vrx::StationkeepingScoringPlugin[m[K’ has no member named ‘[01m[KdataPtr[m[K’
[16.714s]   281 |   this->[01;31m[KdataPtr[m[K->sampleCount++;
[16.714s]       |         [01;31m[K^~~~~~~[m[K
[16.714s] [01m[K/home/aliomacc/sti_usv/src/usv_sim/workspace_gz/plugins/StationkeepingScoringPlugin.cc:283:9:[m[K [01;31m[Kerror: [m[K‘[01m[Kclass vrx::StationkeepingScoringPlugin[m[K’ has no member named ‘[01m[KdataPtr[m[K’
[16.714s]   283 |   this->[01;31m[KdataPtr[m[K->meanError =
[16.714s]       |         [01;31m[K^~~~~~~[m[K
[16.714s] [01m[K/home/aliomacc/sti_usv/src/usv_sim/workspace_gz/plugins/StationkeepingScoringPlugin.cc:284:11:[m[K [01;31m[Kerror: [m[K‘[01m[Kclass vrx::StationkeepingScoringPlugin[m[K’ has no member named ‘[01m[KdataPtr[m[K’
[16.714s]   284 |     this->[01;31m[KdataPtr[m[K->totalPoseError / this->dataPtr->sampleCount;
[16.715s]       |           [01;31m[K^~~~~~~[m[K
[16.715s] [01m[K/home/aliomacc/sti_usv/src/usv_sim/workspace_gz/plugins/StationkeepingScoringPlugin.cc:284:43:[m[K [01;31m[Kerror: [m[K‘[01m[Kclass vrx::StationkeepingScoringPlugin[m[K’ has no member named ‘[01m[KdataPtr[m[K’
[16.715s]   284 |     this->dataPtr->totalPoseError / this->[01;31m[KdataPtr[m[K->sampleCount;
[16.721s]       |                                           [01;31m[K^~~~~~~[m[K
[16.721s] [01m[K/home/aliomacc/sti_usv/src/usv_sim/workspace_gz/plugins/StationkeepingScoringPlugin.cc:286:31:[m[K [01;31m[Kerror: [m[K‘[01m[Kclass vrx::StationkeepingScoringPlugin[m[K’ has no member named ‘[01m[KdataPtr[m[K’
[16.722s]   286 |   poseErrorMsg.set_data(this->[01;31m[KdataPtr[m[K->poseError);
[16.722s]       |                               [01;31m[K^~~~~~~[m[K
[16.722s] [01m[K/home/aliomacc/sti_usv/src/usv_sim/workspace_gz/plugins/StationkeepingScoringPlugin.cc:287:31:[m[K [01;31m[Kerror: [m[K‘[01m[Kclass vrx::StationkeepingScoringPlugin[m[K’ has no member named ‘[01m[KdataPtr[m[K’
[16.722s]   287 |   meanErrorMsg.set_data(this->[01;31m[KdataPtr[m[K->meanError);
[16.722s]       |                               [01;31m[K^~~~~~~[m[K
[16.722s] [01m[K/home/aliomacc/sti_usv/src/usv_sim/workspace_gz/plugins/StationkeepingScoringPlugin.cc:289:9:[m[K [01;31m[Kerror: [m[K‘[01m[Kclass vrx::StationkeepingScoringPlugin[m[K’ has no member named ‘[01m[KdataPtr[m[K’
[16.722s]   289 |   this->[01;31m[KdataPtr[m[K->poseErrorPub.Publish(poseErrorMsg);
[16.722s]       |         [01;31m[K^~~~~~~[m[K
[16.722s] [01m[K/home/aliomacc/sti_usv/src/usv_sim/workspace_gz/plugins/StationkeepingScoringPlugin.cc:290:9:[m[K [01;31m[Kerror: [m[K‘[01m[Kclass vrx::StationkeepingScoringPlugin[m[K’ has no member named ‘[01m[KdataPtr[m[K’
[16.723s]   290 |   this->[01;31m[KdataPtr[m[K->meanErrorPub.Publish(meanErrorMsg);
[16.723s]       |         [01;31m[K^~~~~~~[m[K
[16.723s] [01m[K/home/aliomacc/sti_usv/src/usv_sim/workspace_gz/plugins/StationkeepingScoringPlugin.cc:291:9:[m[K [01;31m[Kerror: [m[K‘[01m[Kclass vrx::StationkeepingScoringPlugin[m[K’ has no member named ‘[01m[KdataPtr[m[K’
[16.723s]   291 |   this->[01;31m[KdataPtr[m[K->goalPub.Publish(this->dataPtr->goalMsg);
[16.723s]       |         [01;31m[K^~~~~~~[m[K
[16.723s] [01m[K/home/aliomacc/sti_usv/src/usv_sim/workspace_gz/plugins/StationkeepingScoringPlugin.cc:291:40:[m[K [01;31m[Kerror: [m[K‘[01m[Kclass vrx::StationkeepingScoringPlugin[m[K’ has no member named ‘[01m[KdataPtr[m[K’
[16.723s]   291 |   this->dataPtr->goalPub.Publish(this->[01;31m[KdataPtr[m[K->goalMsg);
[16.723s]       |                                        [01;31m[K^~~~~~~[m[K
[16.724s] [01m[K/home/aliomacc/sti_usv/src/usv_sim/workspace_gz/plugins/StationkeepingScoringPlugin.cc:292:33:[m[K [01;31m[Kerror: [m[K‘[01m[Kclass vrx::StationkeepingScoringPlugin[m[K’ has no member named ‘[01m[KdataPtr[m[K’
[16.724s]   292 |   ScoringPlugin::SetScore(this->[01;31m[KdataPtr[m[K->meanError);
[16.724s]       |                                 [01;31m[K^~~~~~~[m[K
[16.724s] [01m[K/home/aliomacc/sti_usv/src/usv_sim/workspace_gz/plugins/StationkeepingScoringPlugin.cc:[m[K At global scope:
[16.724s] [01m[K/home/aliomacc/sti_usv/src/usv_sim/workspace_gz/plugins/StationkeepingScoringPlugin.cc:300:66:[m[K [01;31m[Kerror: [m[Kexpected constructor, destructor, or type conversion at end of input
[16.724s]   300 |               vrx::StationkeepingScoringPlugin::ISystemPreUpdate)
[16.724s]       |                                                                  [01;31m[K^[m[K
[16.812s] gmake[2]: *** [CMakeFiles/SimpleHydrodynamics.dir/build.make:76: CMakeFiles/SimpleHydrodynamics.dir/plugins/SimpleHydrodynamics.cc.o] Error 1
[16.812s] gmake[1]: *** [CMakeFiles/Makefile2:257: CMakeFiles/SimpleHydrodynamics.dir/all] Error 2
[16.812s] gmake[1]: *** Bitmemiş işler için bekliyor....
[16.832s] [ 52%] [32mBuilding CXX object CMakeFiles/WayfindingScoringPlugin.dir/plugins/WaypointMarkers.cc.o[0m
[16.938s] In file included from [01m[K/home/aliomacc/sti_usv/src/usv_sim/workspace_gz/plugins/WayfindingScoringPlugin.hh:31[m[K,
[16.938s]                  from [01m[K/home/aliomacc/sti_usv/src/usv_sim/workspace_gz/plugins/WayfindingScoringPlugin.cc:34[m[K:
[16.938s] [01m[K/home/aliomacc/sti_usv/src/usv_sim/workspace_gz/plugins/ScoringPlugin.hh:217:30:[m[K [01;31m[Kerror: [m[K‘[01m[KdataPtr[m[K’ has not been declared
[16.938s]   217 |     GZ_UTILS_UNIQUE_IMPL_PTR([01;31m[KdataPtr[m[K)
[16.938s]       |                              [01;31m[K^~~~~~~[m[K
[16.938s] [01m[K/home/aliomacc/sti_usv/src/usv_sim/workspace_gz/plugins/ScoringPlugin.hh:217:5:[m[K [01;31m[Kerror: [m[KISO C++ forbids declaration of ‘[01m[KGZ_UTILS_UNIQUE_IMPL_PTR[m[K’ with no type [[01;31m[K]8;;https://gcc.gnu.org/onlinedocs/gcc/Warning-Options.html#index-fpermissive-fpermissive]8;;[m[K]
[16.938s]   217 |     [01;31m[KGZ_UTILS_UNIQUE_IMPL_PTR[m[K(dataPtr)
[16.939s]       |     [01;31m[K^~~~~~~~~~~~~~~~~~~~~~~~[m[K
[16.939s] [01m[K/home/aliomacc/sti_usv/src/usv_sim/workspace_gz/plugins/ScoringPlugin.hh:217:37:[m[K [01;31m[Kerror: [m[Kexpected ‘[01m[K;[m[K’ at end of member declaration
[16.939s]   217 |     GZ_UTILS_UNIQUE_IMPL_PTR(dataPtr[01;31m[K)[m[K
[16.939s]       |                                     [01;31m[K^[m[K
[16.939s]       |                                      [32m[K;[m[K
[16.942s] In file included from [01m[K/home/aliomacc/sti_usv/src/usv_sim/workspace_gz/plugins/WayfindingScoringPlugin.cc:34[m[K:
[16.942s] [01m[K/home/aliomacc/sti_usv/src/usv_sim/workspace_gz/plugins/WayfindingScoringPlugin.hh:83:28:[m[K [01;31m[Kerror: [m[K‘[01m[KdataPtr[m[K’ has not been declared
[16.942s]    83 |   GZ_UTILS_UNIQUE_IMPL_PTR([01;31m[KdataPtr[m[K)
[16.942s]       |                            [01;31m[K^~~~~~~[m[K
[16.943s] [01m[K/home/aliomacc/sti_usv/src/usv_sim/workspace_gz/plugins/WayfindingScoringPlugin.hh:83:3:[m[K [01;31m[Kerror: [m[KISO C++ forbids declaration of ‘[01m[KGZ_UTILS_UNIQUE_IMPL_PTR[m[K’ with no type [[01;31m[K]8;;https://gcc.gnu.org/onlinedocs/gcc/Warning-Options.html#index-fpermissive-fpermissive]8;;[m[K]
[16.943s]    83 |   [01;31m[KGZ_UTILS_UNIQUE_IMPL_PTR[m[K(dataPtr)
[16.943s]       |   [01;31m[K^~~~~~~~~~~~~~~~~~~~~~~~[m[K
[16.943s] [01m[K/home/aliomacc/sti_usv/src/usv_sim/workspace_gz/plugins/WayfindingScoringPlugin.hh:83:35:[m[K [01;31m[Kerror: [m[Kexpected ‘[01m[K;[m[K’ at end of member declaration
[16.943s]    83 |   GZ_UTILS_UNIQUE_IMPL_PTR(dataPtr[01;31m[K)[m[K
[16.943s]       |                                   [01;31m[K^[m[K
[16.943s]       |                                    [32m[K;[m[K
[16.944s] [01m[K/home/aliomacc/sti_usv/src/usv_sim/workspace_gz/plugins/WayfindingScoringPlugin.cc:42:1:[m[K [01;31m[Kerror: [m[Kqualified name does not name a class before ‘[01m[K{[m[K’ token
[16.944s]    42 | [01;31m[K{[m[K
[16.948s]       | [01;31m[K^[m[K
[16.948s] [01m[K/home/aliomacc/sti_usv/src/usv_sim/workspace_gz/plugins/WayfindingScoringPlugin.cc:[m[K In constructor ‘[01m[Kvrx::WayfindingScoringPlugin::WayfindingScoringPlugin()[m[K’:
[16.949s] [01m[K/home/aliomacc/sti_usv/src/usv_sim/workspace_gz/plugins/WayfindingScoringPlugin.cc:100:5:[m[K [01;31m[Kerror: [m[Kclass ‘[01m[Kvrx::WayfindingScoringPlugin[m[K’ does not have any field named ‘[01m[KdataPtr[m[K’
[16.949s]   100 |     [01;31m[KdataPtr[m[K(utils::MakeUniqueImpl<Implementation>())
[16.949s]       |     [01;31m[K^~~~~~~[m[K
[16.949s] In file included from [01m[K/home/aliomacc/sti_usv/src/usv_sim/workspace_gz/plugins/Surface.cc:33[m[K:
[16.949s] [01m[K/home/aliomacc/sti_usv/src/usv_sim/workspace_gz/plugins/Surface.hh:161:30:[m[K [01;31m[Kerror: [m[K‘[01m[KdataPtr[m[K’ has not been declared
[16.949s]   161 |     GZ_UTILS_UNIQUE_IMPL_PTR([01;31m[KdataPtr[m[K)
[16.949s]       |                              [01;31m[K^~~~~~~[m[K
[16.949s] [01m[K/home/aliomacc/sti_usv/src/usv_sim/workspace_gz/plugins/Surface.hh:161:5:[m[K [01;31m[Kerror: [m[KISO C++ forbids declaration of ‘[01m[KGZ_UTILS_UNIQUE_IMPL_PTR[m[K’ with no type [[01;31m[K]8;;https://gcc.gnu.org/onlinedocs/gcc/Warning-Options.html#index-fpermissive-fpermissive]8;;[m[K]
[16.950s]   161 |     [01;31m[KGZ_UTILS_UNIQUE_IMPL_PTR[m[K(dataPtr)
[16.950s]       |     [01;31m[K^~~~~~~~~~~~~~~~~~~~~~~~[m[K
[16.950s] [01m[K/home/aliomacc/sti_usv/src/usv_sim/workspace_gz/plugins/Surface.hh:161:37:[m[K [01;31m[Kerror: [m[Kexpected ‘[01m[K;[m[K’ at end of member declaration
[16.950s]   161 |     GZ_UTILS_UNIQUE_IMPL_PTR(dataPtr[01;31m[K)[m[K
[16.950s]       |                                     [01;31m[K^[m[K
[16.950s]       |                                      [32m[K;[m[K
[16.961s] [01m[K/home/aliomacc/sti_usv/src/usv_sim/workspace_gz/plugins/Surface.cc:41:1:[m[K [01;31m[Kerror: [m[Kqualified name does not name a class before ‘[01m[K{[m[K’ token
[16.961s]    41 | [01;31m[K{[m[K
[16.961s]       | [01;31m[K^[m[K
[16.961s] [01m[K/home/aliomacc/sti_usv/src/usv_sim/workspace_gz/plugins/Surface.cc:84:15:[m[K [01;31m[Kerror: [m[K‘[01m[Kvrx::Surface::Implementation[m[K’ has not been declared
[16.961s]    84 | void Surface::[01;31m[KImplementation[m[K::ParsePoints(
[16.961s]       |               [01;31m[K^~~~~~~~~~~~~~[m[K
[16.962s] [01m[K/home/aliomacc/sti_usv/src/usv_sim/workspace_gz/plugins/WayfindingScoringPlugin.cc:100:35:[m[K [01;31m[Kerror: [m[K‘[01m[KImplementation[m[K’ was not declared in this scope
[16.962s]   100 |     dataPtr(utils::MakeUniqueImpl<[01;31m[KImplementation[m[K>())
[16.962s]       |                                   [01;31m[K^~~~~~~~~~~~~~[m[K
[16.962s] [01m[K/home/aliomacc/sti_usv/src/usv_sim/workspace_gz/plugins/WayfindingScoringPlugin.cc:100:50:[m[K [01;31m[Kerror: [m[Kno matching function for call to ‘[01m[KMakeUniqueImpl<<expression error> >()[m[K’
[16.962s]   100 |     dataPtr([01;31m[Kutils::MakeUniqueImpl<Implementation>()[m[K)
[16.962s]       |             [01;31m[K~~~~~~~~~~~~~~~~~~~~~~~~~~~~~~~~~~~~~^~[m[K
[16.962s] In file included from [01m[K/usr/include/ignition/utils1/gz/utils/ImplPtr.hh:259[m[K,
[16.962s]                  from [01m[K/usr/include/ignition/sdformat12/sdf/Sensor.hh:23[m[K,
[16.963s]                  from [01m[K/usr/include/ignition/gazebo6/gz/sim/components/Serialization.hh:35[m[K,
[16.963s]                  from [01m[K/usr/include/ignition/gazebo6/gz/sim/components/Name.hh:23[m[K,
[16.963s]                  from [01m[K/home/aliomacc/sti_usv/src/usv_sim/workspace_gz/plugins/WayfindingScoringPlugin.cc:22[m[K:
[16.963s] [01m[K/usr/include/ignition/utils1/gz/utils/detail/ImplPtr.hh:142:22:[m[K [01;36m[Knote: [m[Kcandidate: ‘[01m[Ktemplate<class T, class ... Args> ignition::utils::UniqueImplPtr<T> ignition::utils::MakeUniqueImpl(Args&& ...)[m[K’
[16.963s]   142 |     UniqueImplPtr<T> [01;36m[KMakeUniqueImpl[m[K(Args &&...args)
[16.963s]       |                      [01;36m[K^~~~~~~~~~~~~~[m[K
[16.963s] [01m[K/usr/include/ignition/utils1/gz/utils/detail/ImplPtr.hh:142:22:[m[K [01;36m[Knote: [m[K  template argument deduction/substitution failed:
[16.964s] [01m[K/home/aliomacc/sti_usv/src/usv_sim/workspace_gz/plugins/WayfindingScoringPlugin.cc:100:50:[m[K [01;31m[Kerror: [m[Ktemplate argument 1 is invalid
[16.964s]   100 |     dataPtr([01;31m[Kutils::MakeUniqueImpl<Implementation>()[m[K)
[16.964s]       |             [01;31m[K~~~~~~~~~~~~~~~~~~~~~~~~~~~~~~~~~~~~~^~[m[K
[16.968s] [01m[K/home/aliomacc/sti_usv/src/usv_sim/workspace_gz/plugins/Surface.cc:[m[K In function ‘[01m[Kvoid ParsePoints(const std::shared_ptr<const sdf::v12::Element>&)[m[K’:
[16.968s] [01m[K/home/aliomacc/sti_usv/src/usv_sim/workspace_gz/plugins/Surface.cc:104:5:[m[K [01;31m[Kerror: [m[Kinvalid use of ‘[01m[Kthis[m[K’ in non-member function
[16.968s]   104 |     [01;31m[Kthis[m[K->points.push_back(point);
[16.968s]       |     [01;31m[K^~~~[m[K
[16.969s] [01m[K/home/aliomacc/sti_usv/src/usv_sim/workspace_gz/plugins/Surface.cc:[m[K At global scope:
[16.969s] [01m[K/home/aliomacc/sti_usv/src/usv_sim/workspace_gz/plugins/Surface.cc:112:15:[m[K [01;31m[Kerror: [m[K‘[01m[Kvrx::Surface::Implementation[m[K’ has not been declared
[16.969s]   112 | void Surface::[01;31m[KImplementation[m[K::OnWavefield(const msgs::Param &_msg)
[16.969s]       |               [01;31m[K^~~~~~~~~~~~~~[m[K
[16.969s] [01m[K/home/aliomacc/sti_usv/src/usv_sim/workspace_gz/plugins/Surface.cc:[m[K In function ‘[01m[Kvoid OnWavefield(const ignition::msgs::Param&)[m[K’:
[16.969s] [01m[K/home/aliomacc/sti_usv/src/usv_sim/workspace_gz/plugins/Surface.cc:114:36:[m[K [01;31m[Kerror: [m[Kinvalid use of ‘[01m[Kthis[m[K’ in non-member function
[16.969s]   114 |   std::lock_guard<std::mutex> lock([01;31m[Kthis[m[K->mutex);
[16.969s]       |                                    [01;31m[K^~~~[m[K
[16.969s] [01m[K/home/aliomacc/sti_usv/src/usv_sim/workspace_gz/plugins/Surface.cc:115:3:[m[K [01;31m[Kerror: [m[Kinvalid use of ‘[01m[Kthis[m[K’ in non-member function
[16.970s]   115 |   [01;31m[Kthis[m[K->wavefield.Load(_msg);
[16.970s]       |   [01;31m[K^~~~[m[K
[16.970s] [01m[K/home/aliomacc/sti_usv/src/usv_sim/workspace_gz/plugins/Surface.cc:[m[K In constructor ‘[01m[Kvrx::Surface::Surface()[m[K’:
[16.970s] [01m[K/home/aliomacc/sti_usv/src/usv_sim/workspace_gz/plugins/Surface.cc:120:15:[m[K [01;31m[Kerror: [m[Kclass ‘[01m[Kvrx::Surface[m[K’ does not have any field named ‘[01m[KdataPtr[m[K’
[16.970s]   120 |   : System(), [01;31m[KdataPtr[m[K(utils::MakeUniqueImpl<Implementation>())
[16.970s]       |               [01;31m[K^~~~~~~[m[K
[16.970s] [01m[K/home/aliomacc/sti_usv/src/usv_sim/workspace_gz/plugins/WayfindingScoringPlugin.cc:[m[K In member function ‘[01m[Kvirtual void vrx::WayfindingScoringPlugin::Configure(const Entity&, const std::shared_ptr<const sdf::v12::Element>&, ignition::gazebo::v6::EntityComponentManager&, ignition::gazebo::v6::EventManager&)[m[K’:
[16.970s] [01m[K/home/aliomacc/sti_usv/src/usv_sim/workspace_gz/plugins/WayfindingScoringPlugin.cc:118:9:[m[K [01;31m[Kerror: [m[K‘[01m[Kclass vrx::WayfindingScoringPlugin[m[K’ has no member named ‘[01m[KdataPtr[m[K’
[16.970s]   118 |   this->[01;31m[KdataPtr[m[K->sdf = _sdf->Clone();
[16.971s]       |         [01;31m[K^~~~~~~[m[K
[16.974s] [01m[K/home/aliomacc/sti_usv/src/usv_sim/workspace_gz/plugins/WayfindingScoringPlugin.cc:123:9:[m[K [01;31m[Kerror: [m[K‘[01m[Kclass vrx::WayfindingScoringPlugin[m[K’ has no member named ‘[01m[KdataPtr[m[K’
[16.975s]   123 |   this->[01;31m[KdataPtr[m[K->sc = world.SphericalCoordinates(_ecm).value();
[16.978s]       |         [01;31m[K^~~~~~~[m[K
[16.979s] [01m[K/home/aliomacc/sti_usv/src/usv_sim/workspace_gz/plugins/Surface.cc:120:45:[m[K [01;31m[Kerror: [m[K‘[01m[KImplementation[m[K’ was not declared in this scope
[16.979s]   120 |   : System(), dataPtr(utils::MakeUniqueImpl<[01;31m[KImplementation[m[K>())
[16.979s]       |                                             [01;31m[K^~~~~~~~~~~~~~[m[K
[16.979s] [01m[K/home/aliomacc/sti_usv/src/usv_sim/workspace_gz/plugins/Surface.cc:120:60:[m[K [01;31m[Kerror: [m[Kno matching function for call to ‘[01m[KMakeUniqueImpl<<expression error> >()[m[K’
[16.980s]   120 |   : System(), dataPtr([01;31m[Kutils::MakeUniqueImpl<Implementation>()[m[K)
[16.980s]       |                       [01;31m[K~~~~~~~~~~~~~~~~~~~~~~~~~~~~~~~~~~~~~^~[m[K
[16.981s] In file included from [01m[K/usr/include/ignition/utils1/gz/utils/ImplPtr.hh:259[m[K,
[16.981s]                  from [01m[K/usr/include/ignition/sdformat12/sdf/Actor.hh:24[m[K,
[16.981s]                  from [01m[K/usr/include/ignition/sdformat12/sdformat.hh:23[m[K,
[16.982s]                  from [01m[K/usr/include/ignition/sdformat12/sdf/sdf.hh:23[m[K,
[16.982s]                  from [01m[K/home/aliomacc/sti_usv/src/usv_sim/workspace_gz/plugins/Surface.cc:24[m[K:
[16.982s] [01m[K/usr/include/ignition/utils1/gz/utils/detail/ImplPtr.hh:142:22:[m[K [01;36m[Knote: [m[Kcandidate: ‘[01m[Ktemplate<class T, class ... Args> ignition::utils::UniqueImplPtr<T> ignition::utils::MakeUniqueImpl(Args&& ...)[m[K’
[16.982s]   142 |     UniqueImplPtr<T> [01;36m[KMakeUniqueImpl[m[K(Args &&...args)
[16.982s]       |                      [01;36m[K^~~~~~~~~~~~~~[m[K
[16.982s] [01m[K/usr/include/ignition/utils1/gz/utils/detail/ImplPtr.hh:142:22:[m[K [01;36m[Knote: [m[K  template argument deduction/substitution failed:
[16.982s] [01m[K/home/aliomacc/sti_usv/src/usv_sim/workspace_gz/plugins/Surface.cc:120:60:[m[K [01;31m[Kerror: [m[Ktemplate argument 1 is invalid
[16.982s]   120 |   : System(), dataPtr([01;31m[Kutils::MakeUniqueImpl<Implementation>()[m[K)
[16.983s]       |                       [01;31m[K~~~~~~~~~~~~~~~~~~~~~~~~~~~~~~~~~~~~~^~[m[K
[16.983s] [01m[K/home/aliomacc/sti_usv/src/usv_sim/workspace_gz/plugins/Surface.cc:[m[K In member function ‘[01m[Kvirtual void vrx::Surface::Configure(const Entity&, const std::shared_ptr<const sdf::v12::Element>&, ignition::gazebo::v6::EntityComponentManager&, ignition::gazebo::v6::EventManager&)[m[K’:
[16.983s] [01m[K/home/aliomacc/sti_usv/src/usv_sim/workspace_gz/plugins/Surface.cc:139:9:[m[K [01;31m[Kerror: [m[K‘[01m[Kclass vrx::Surface[m[K’ has no member named ‘[01m[KdataPtr[m[K’
[16.983s]   139 |   this->[01;31m[KdataPtr[m[K->link = sim::Link(model.LinkByName(_ecm, linkName));
[16.983s]       |         [01;31m[K^~~~~~~[m[K
[16.983s] [01m[K/home/aliomacc/sti_usv/src/usv_sim/workspace_gz/plugins/Surface.cc:140:14:[m[K [01;31m[Kerror: [m[K‘[01m[Kclass vrx::Surface[m[K’ has no member named ‘[01m[KdataPtr[m[K’
[16.983s]   140 |   if (!this->[01;31m[KdataPtr[m[K->link.Valid(_ecm))
[16.983s]       |              [01;31m[K^~~~~~~[m[K
[16.985s] [01m[K/home/aliomacc/sti_usv/src/usv_sim/workspace_gz/plugins/Surface.cc:153:11:[m[K [01;31m[Kerror: [m[K‘[01m[Kclass vrx::Surface[m[K’ has no member named ‘[01m[KdataPtr[m[K’
[16.989s]   153 |     this->[01;31m[KdataPtr[m[K->hullLength = _sdf->Get<double>("hull_length");
[16.989s]       |           [01;31m[K^~~~~~~[m[K
[16.989s] [01m[K/home/aliomacc/sti_usv/src/usv_sim/workspace_gz/plugins/Surface.cc:158:11:[m[K [01;31m[Kerror: [m[K‘[01m[Kclass vrx::Surface[m[K’ has no member named ‘[01m[KdataPtr[m[K’
[16.989s]   158 |     this->[01;31m[KdataPtr[m[K->hullRadius = _sdf->Get<double>("hull_radius");
[16.990s]       |           [01;31m[K^~~~~~~[m[K
[16.990s] [01m[K/home/aliomacc/sti_usv/src/usv_sim/workspace_gz/plugins/Surface.cc:163:11:[m[K [01;31m[Kerror: [m[K‘[01m[Kclass vrx::Surface[m[K’ has no member named ‘[01m[KdataPtr[m[K’
[16.990s]   163 |     this->[01;31m[KdataPtr[m[K->fluidLevel = _sdf->Get<double>("fluid_level");
[16.990s]       |           [01;31m[K^~~~~~~[m[K
[16.990s] [01m[K/home/aliomacc/sti_usv/src/usv_sim/workspace_gz/plugins/Surface.cc:168:11:[m[K [01;31m[Kerror: [m[K‘[01m[Kclass vrx::Surface[m[K’ has no member named ‘[01m[KdataPtr[m[K’
[16.990s]   168 |     this->[01;31m[KdataPtr[m[K->fluidDensity = _sdf->Get<double>("fluid_density");
[16.990s]       |           [01;31m[K^~~~~~~[m[K
[16.990s] [01m[K/home/aliomacc/sti_usv/src/usv_sim/workspace_gz/plugins/Surface.cc:172:9:[m[K [01;31m[Kerror: [m[K‘[01m[Kclass vrx::Surface[m[K’ has no member named ‘[01m[KdataPtr[m[K’
[16.990s]   172 |   this->[01;31m[KdataPtr[m[K->ParsePoints(_sdf);
[16.991s]       |         [01;31m[K^~~~~~~[m[K
[16.991s] [01m[K/home/aliomacc/sti_usv/src/usv_sim/workspace_gz/plugins/WayfindingScoringPlugin.cc:126:14:[m[K [01;31m[Kerror: [m[K‘[01m[Kclass vrx::WayfindingScoringPlugin[m[K’ has no member named ‘[01m[KdataPtr[m[K’
[16.991s]   126 |   if (!this->[01;31m[KdataPtr[m[K->sdf->HasElement("waypoints"))
[16.991s]       |              [01;31m[K^~~~~~~[m[K
[16.991s] [01m[K/home/aliomacc/sti_usv/src/usv_sim/workspace_gz/plugins/WayfindingScoringPlugin.cc:131:30:[m[K [01;31m[Kerror: [m[K‘[01m[Kclass vrx::WayfindingScoringPlugin[m[K’ has no member named ‘[01m[KdataPtr[m[K’
[16.991s]   131 |   auto waypointsElem = this->[01;31m[KdataPtr[m[K->sdf->GetElement("waypoints");
[16.991s]       |                              [01;31m[K^~~~~~~[m[K
[16.991s] [01m[K/home/aliomacc/sti_usv/src/usv_sim/workspace_gz/plugins/Surface.cc:183:9:[m[K [01;31m[Kerror: [m[K‘[01m[Kclass vrx::Surface[m[K’ has no member named ‘[01m[KdataPtr[m[K’
[16.992s]   183 |   this->[01;31m[KdataPtr[m[K->gravity = *gravityOpt;
[16.992s]       |         [01;31m[K^~~~~~~[m[K
[16.992s] [01m[K/home/aliomacc/sti_usv/src/usv_sim/workspace_gz/plugins/Surface.cc:186:9:[m[K [01;31m[Kerror: [m[K‘[01m[Kclass vrx::Surface[m[K’ has no member named ‘[01m[KdataPtr[m[K’
[16.992s]   186 |   this->[01;31m[KdataPtr[m[K->wavefield.Load(_sdf);
[16.992s]       |         [01;31m[K^~~~~~~[m[K
[16.993s] [01m[K/home/aliomacc/sti_usv/src/usv_sim/workspace_gz/plugins/WayfindingScoringPlugin.cc:143:64:[m[K [01;31m[Kerror: [m[Kexpected primary-expression before ‘[01m[K>[m[K’ token
[16.993s]   143 |     math::Vector3d latlonyaw = waypointElem->Get<math::Vector3d[01;31m[K>[m[K("pose");
[16.997s]       |                                                                [01;31m[K^[m[K
[16.997s] [01m[K/home/aliomacc/sti_usv/src/usv_sim/workspace_gz/plugins/WayfindingScoringPlugin.cc:150:13:[m[K [01;31m[Kerror: [m[K‘[01m[Kclass vrx::WayfindingScoringPlugin[m[K’ has no member named ‘[01m[KdataPtr[m[K’
[16.998s]   150 |       this->[01;31m[KdataPtr[m[K->sc.LocalFromSphericalPosition(scVec);
[16.998s]       |             [01;31m[K^~~~~~~[m[K
[16.998s] [01m[K/home/aliomacc/sti_usv/src/usv_sim/workspace_gz/plugins/Surface.cc:191:45:[m[K [01;31m[Kerror: [m[K‘[01m[Kclass vrx::Surface[m[K’ has no member named ‘[01m[KdataPtr[m[K’
[16.998s]   191 |   igndbg << "  <vehicle_length>: " << this->[01;31m[KdataPtr[m[K->hullLength << std::endl;
[16.998s]       |                                             [01;31m[K^~~~~~~[m[K
[16.998s] [01m[K/home/aliomacc/sti_usv/src/usv_sim/workspace_gz/plugins/WayfindingScoringPlugin.cc:156:21:[m[K [01;31m[Kerror: [m[K‘[01m[Kclass vrx::WayfindingScoringPlugin[m[K’ has no member named ‘[01m[KdataPtr[m[K’
[16.998s]   156 |     msgs::Set(this->[01;31m[KdataPtr[m[K->waypointsMessage.add_pose(),pose);
[16.998s]       |                     [01;31m[K^~~~~~~[m[K
[16.998s] [01m[K/home/aliomacc/sti_usv/src/usv_sim/workspace_gz/plugins/Surface.cc:192:42:[m[K [01;31m[Kerror: [m[K‘[01m[Kclass vrx::Surface[m[K’ has no member named ‘[01m[KdataPtr[m[K’
[16.999s]   192 |   igndbg << "  <hull_radius>: " << this->[01;31m[KdataPtr[m[K->hullRadius << std::endl;
[16.999s]       |                                          [01;31m[K^~~~~~~[m[K
[16.999s] [01m[K/home/aliomacc/sti_usv/src/usv_sim/workspace_gz/plugins/WayfindingScoringPlugin.cc:159:11:[m[K [01;31m[Kerror: [m[K‘[01m[Kclass vrx::WayfindingScoringPlugin[m[K’ has no member named ‘[01m[KdataPtr[m[K’
[16.999s]   159 |     this->[01;31m[KdataPtr[m[K->sphericalWaypoints.push_back(latlonyaw);
[16.999s]       |           [01;31m[K^~~~~~~[m[K
[16.999s] [01m[K/home/aliomacc/sti_usv/src/usv_sim/workspace_gz/plugins/WayfindingScoringPlugin.cc:160:11:[m[K [01;31m[Kerror: [m[K‘[01m[Kclass vrx::WayfindingScoringPlugin[m[K’ has no member named ‘[01m[KdataPtr[m[K’
[16.999s]   160 |     this->[01;31m[KdataPtr[m[K->localWaypoints.push_back(cartVec);
[16.999s]       |           [01;31m[K^~~~~~~[m[K
[16.999s] [01m[K/home/aliomacc/sti_usv/src/usv_sim/workspace_gz/plugins/Surface.cc:193:42:[m[K [01;31m[Kerror: [m[K‘[01m[Kclass vrx::Surface[m[K’ has no member named ‘[01m[KdataPtr[m[K’
[17.000s]   193 |   igndbg << "  <fluid_level>: " << this->[01;31m[KdataPtr[m[K->fluidLevel << std::endl;
[17.000s]       |                                          [01;31m[K^~~~~~~[m[K
[17.000s] [01m[K/home/aliomacc/sti_usv/src/usv_sim/workspace_gz/plugins/Surface.cc:194:44:[m[K [01;31m[Kerror: [m[K‘[01m[Kclass vrx::Surface[m[K’ has no member named ‘[01m[KdataPtr[m[K’
[17.000s]   194 |   igndbg << "  <fluid_density>: " << this->[01;31m[KdataPtr[m[K->fluidDensity << std::endl;
[17.000s]       |                                            [01;31m[K^~~~~~~[m[K
[17.000s] [01m[K/home/aliomacc/sti_usv/src/usv_sim/workspace_gz/plugins/Surface.cc:196:30:[m[K [01;31m[Kerror: [m[K‘[01m[Kclass vrx::Surface[m[K’ has no member named ‘[01m[KdataPtr[m[K’
[17.000s]   196 |   for (const auto &p : this->[01;31m[KdataPtr[m[K->points)
[17.000s]       |                              [01;31m[K^~~~~~~[m[K
[17.000s] [01m[K/home/aliomacc/sti_usv/src/usv_sim/workspace_gz/plugins/Surface.cc:200:9:[m[K [01;31m[Kerror: [m[K‘[01m[Kclass vrx::Surface[m[K’ has no member named ‘[01m[KdataPtr[m[K’
[17.001s]   200 |   this->[01;31m[KdataPtr[m[K->node.Subscribe(this->dataPtr->wavefield.Topic(),
[17.002s]       |         [01;31m[K^~~~~~~[m[K
[17.002s] [01m[K/home/aliomacc/sti_usv/src/usv_sim/workspace_gz/plugins/Surface.cc:200:39:[m[K [01;31m[Kerror: [m[K‘[01m[Kclass vrx::Surface[m[K’ has no member named ‘[01m[KdataPtr[m[K’
[17.002s]   200 |   this->dataPtr->node.Subscribe(this->[01;31m[KdataPtr[m[K->wavefield.Topic(),
[17.002s]       |                                       [01;31m[K^~~~~~~[m[K
[17.002s] [01m[K/home/aliomacc/sti_usv/src/usv_sim/workspace_gz/plugins/Surface.cc:201:15:[m[K [01;31m[Kerror: [m[K‘[01m[Kvrx::Surface::Implementation[m[K’ has not been declared
[17.002s]   201 |     &Surface::[01;31m[KImplementation[m[K::OnWavefield, this->dataPtr.get());
[17.002s]       |               [01;31m[K^~~~~~~~~~~~~~[m[K
[17.002s] [01m[K/home/aliomacc/sti_usv/src/usv_sim/workspace_gz/plugins/Surface.cc:201:50:[m[K [01;31m[Kerror: [m[K‘[01m[Kclass vrx::Surface[m[K’ has no member named ‘[01m[KdataPtr[m[K’
[17.003s]   201 |     &Surface::Implementation::OnWavefield, this->[01;31m[KdataPtr[m[K.get());
[17.003s]       |                                                  [01;31m[K^~~~~~~[m[K
[17.003s] [01m[K/home/aliomacc/sti_usv/src/usv_sim/workspace_gz/plugins/WayfindingScoringPlugin.cc:176:13:[m[K [01;31m[Kerror: [m[K‘[01m[Kclass vrx::WayfindingScoringPlugin[m[K’ has no member named ‘[01m[KdataPtr[m[K’
[17.003s]   176 |   if (this->[01;31m[KdataPtr[m[K->sdf->HasElement("waypoints_topic"))
[17.003s]       |             [01;31m[K^~~~~~~[m[K
[17.003s] [01m[K/home/aliomacc/sti_usv/src/usv_sim/workspace_gz/plugins/WayfindingScoringPlugin.cc:178:11:[m[K [01;31m[Kerror: [m[K‘[01m[Kclass vrx::WayfindingScoringPlugin[m[K’ has no member named ‘[01m[KdataPtr[m[K’
[17.003s]   178 |     this->[01;31m[KdataPtr[m[K->waypointsTopic =
[17.003s]       |           [01;31m[K^~~~~~~[m[K
[17.004s] [01m[K/home/aliomacc/sti_usv/src/usv_sim/workspace_gz/plugins/WayfindingScoringPlugin.cc:179:13:[m[K [01;31m[Kerror: [m[K‘[01m[Kclass vrx::WayfindingScoringPlugin[m[K’ has no member named ‘[01m[KdataPtr[m[K’
[17.004s]   179 |       this->[01;31m[KdataPtr[m[K->sdf->Get<std::string>("waypoints_topic");
[17.004s]       |             [01;31m[K^~~~~~~[m[K
[17.004s] [01m[K/home/aliomacc/sti_usv/src/usv_sim/workspace_gz/plugins/WayfindingScoringPlugin.cc:179:42:[m[K [01;31m[Kerror: [m[Kexpected primary-expression before ‘[01m[K>[m[K’ token
[17.004s]   179 |       this->dataPtr->sdf->Get<std::string[01;31m[K>[m[K("waypoints_topic");
[17.004s]       |                                          [01;31m[K^[m[K
[17.004s] [01m[K/home/aliomacc/sti_usv/src/usv_sim/workspace_gz/plugins/WayfindingScoringPlugin.cc:182:9:[m[K [01;31m[Kerror: [m[K‘[01m[Kclass vrx::WayfindingScoringPlugin[m[K’ has no member named ‘[01m[KdataPtr[m[K’
[17.004s]   182 |   this->[01;31m[KdataPtr[m[K->waypointsPub = this->dataPtr->node.Advertise<msgs::Pose_V>(
[17.004s]       |         [01;31m[K^~~~~~~[m[K
[17.005s] [01m[K/home/aliomacc/sti_usv/src/usv_sim/workspace_gz/plugins/WayfindingScoringPlugin.cc:182:39:[m[K [01;31m[Kerror: [m[K‘[01m[Kclass vrx::WayfindingScoringPlugin[m[K’ has no member named ‘[01m[KdataPtr[m[K’
[17.005s]   182 |   this->dataPtr->waypointsPub = this->[01;31m[KdataPtr[m[K->node.Advertise<msgs::Pose_V>(
[17.005s]       |                                       [01;31m[K^~~~~~~[m[K
[17.010s] [01m[K/home/aliomacc/sti_usv/src/usv_sim/workspace_gz/plugins/WayfindingScoringPlugin.cc:182:75:[m[K [01;31m[Kerror: [m[Kexpected primary-expression before ‘[01m[K>[m[K’ token
[17.010s]   182 |   this->dataPtr->waypointsPub = this->dataPtr->node.Advertise<msgs::Pose_V[01;31m[K>[m[K(
[17.010s]       |                                                                           [01;31m[K^[m[K
[17.010s] [01m[K/home/aliomacc/sti_usv/src/usv_sim/workspace_gz/plugins/WayfindingScoringPlugin.cc:183:11:[m[K [01;31m[Kerror: [m[K‘[01m[Kclass vrx::WayfindingScoringPlugin[m[K’ has no member named ‘[01m[KdataPtr[m[K’
[17.010s]   183 |     this->[01;31m[KdataPtr[m[K->waypointsTopic, opts);
[17.010s]       |           [01;31m[K^~~~~~~[m[K
[17.011s] [01m[K/home/aliomacc/sti_usv/src/usv_sim/workspace_gz/plugins/WayfindingScoringPlugin.cc:186:11:[m[K [01;31m[Kerror: [m[K‘[01m[Kclass vrx::WayfindingScoringPlugin[m[K’ has no member named ‘[01m[KdataPtr[m[K’
[17.011s]   186 |     this->[01;31m[KdataPtr[m[K->minErrorsTopic = _sdf->Get<std::string>("min_errors_topic");
[17.014s]       |           [01;31m[K^~~~~~~[m[K
[17.014s] [01m[K/home/aliomacc/sti_usv/src/usv_sim/workspace_gz/plugins/WayfindingScoringPlugin.cc:188:9:[m[K [01;31m[Kerror: [m[K‘[01m[Kclass vrx::WayfindingScoringPlugin[m[K’ has no member named ‘[01m[KdataPtr[m[K’
[17.014s]   188 |   this->[01;31m[KdataPtr[m[K->minErrorsPub = this->dataPtr->node.Advertise<msgs::Float_V>(
[17.014s]       |         [01;31m[K^~~~~~~[m[K
[17.015s] [01m[K/home/aliomacc/sti_usv/src/usv_sim/workspace_gz/plugins/WayfindingScoringPlugin.cc:188:39:[m[K [01;31m[Kerror: [m[K‘[01m[Kclass vrx::WayfindingScoringPlugin[m[K’ has no member named ‘[01m[KdataPtr[m[K’
[17.015s]   188 |   this->dataPtr->minErrorsPub = this->[01;31m[KdataPtr[m[K->node.Advertise<msgs::Float_V>(
[17.015s]       |                                       [01;31m[K^~~~~~~[m[K
[17.015s] [01m[K/home/aliomacc/sti_usv/src/usv_sim/workspace_gz/plugins/WayfindingScoringPlugin.cc:188:76:[m[K [01;31m[Kerror: [m[Kexpected primary-expression before ‘[01m[K>[m[K’ token
[17.015s]   188 |   this->dataPtr->minErrorsPub = this->dataPtr->node.Advertise<msgs::Float_V[01;31m[K>[m[K(
[17.015s]       |                                                                            [01;31m[K^[m[K
[17.016s] [01m[K/home/aliomacc/sti_usv/src/usv_sim/workspace_gz/plugins/WayfindingScoringPlugin.cc:189:11:[m[K [01;31m[Kerror: [m[K‘[01m[Kclass vrx::WayfindingScoringPlugin[m[K’ has no member named ‘[01m[KdataPtr[m[K’
[17.016s]   189 |     this->[01;31m[KdataPtr[m[K->minErrorsTopic, opts);
[17.016s]       |           [01;31m[K^~~~~~~[m[K
[17.016s] [01m[K/home/aliomacc/sti_usv/src/usv_sim/workspace_gz/plugins/WayfindingScoringPlugin.cc:192:11:[m[K [01;31m[Kerror: [m[K‘[01m[Kclass vrx::WayfindingScoringPlugin[m[K’ has no member named ‘[01m[KdataPtr[m[K’
[17.016s]   192 |     this->[01;31m[KdataPtr[m[K->meanErrorTopic = _sdf->Get<std::string>("mean_error_topic");
[17.016s]       |           [01;31m[K^~~~~~~[m[K
[17.017s] [01m[K/home/aliomacc/sti_usv/src/usv_sim/workspace_gz/plugins/WayfindingScoringPlugin.cc:194:9:[m[K [01;31m[Kerror: [m[K‘[01m[Kclass vrx::WayfindingScoringPlugin[m[K’ has no member named ‘[01m[KdataPtr[m[K’
[17.017s]   194 |   this->[01;31m[KdataPtr[m[K->meanErrorPub = this->dataPtr->node.Advertise<msgs::Float>(
[17.020s]       |         [01;31m[K^~~~~~~[m[K
[17.020s] [01m[K/home/aliomacc/sti_usv/src/usv_sim/workspace_gz/plugins/WayfindingScoringPlugin.cc:194:39:[m[K [01;31m[Kerror: [m[K‘[01m[Kclass vrx::WayfindingScoringPlugin[m[K’ has no member named ‘[01m[KdataPtr[m[K’
[17.020s]   194 |   this->dataPtr->meanErrorPub = this->[01;31m[KdataPtr[m[K->node.Advertise<msgs::Float>(
[17.020s]       |                                       [01;31m[K^~~~~~~[m[K
[17.020s] [01m[K/home/aliomacc/sti_usv/src/usv_sim/workspace_gz/plugins/WayfindingScoringPlugin.cc:194:74:[m[K [01;31m[Kerror: [m[Kexpected primary-expression before ‘[01m[K>[m[K’ token
[17.021s]   194 |   this->dataPtr->meanErrorPub = this->dataPtr->node.Advertise<msgs::Float[01;31m[K>[m[K(
[17.021s]       |                                                                          [01;31m[K^[m[K
[17.021s] [01m[K/home/aliomacc/sti_usv/src/usv_sim/workspace_gz/plugins/WayfindingScoringPlugin.cc:195:11:[m[K [01;31m[Kerror: [m[K‘[01m[Kclass vrx::WayfindingScoringPlugin[m[K’ has no member named ‘[01m[KdataPtr[m[K’
[17.021s]   195 |     this->[01;31m[KdataPtr[m[K->meanErrorTopic, opts);
[17.021s]       |           [01;31m[K^~~~~~~[m[K
[17.021s] [01m[K/home/aliomacc/sti_usv/src/usv_sim/workspace_gz/plugins/WayfindingScoringPlugin.cc:199:11:[m[K [01;31m[Kerror: [m[K‘[01m[Kclass vrx::WayfindingScoringPlugin[m[K’ has no member named ‘[01m[KdataPtr[m[K’
[17.021s]   199 |     this->[01;31m[KdataPtr[m[K->waypointMarkers.Load(
[17.021s]       |           [01;31m[K^~~~~~~[m[K
[17.022s] [01m[K/home/aliomacc/sti_usv/src/usv_sim/workspace_gz/plugins/WayfindingScoringPlugin.cc:200:13:[m[K [01;31m[Kerror: [m[K‘[01m[Kclass vrx::WayfindingScoringPlugin[m[K’ has no member named ‘[01m[KdataPtr[m[K’
[17.022s]   200 |       this->[01;31m[KdataPtr[m[K->sdf->GetElement("markers"));
[17.022s]       |             [01;31m[K^~~~~~~[m[K
[17.022s] [01m[K/home/aliomacc/sti_usv/src/usv_sim/workspace_gz/plugins/WayfindingScoringPlugin.cc:202:38:[m[K [01;31m[Kerror: [m[K‘[01m[Kclass vrx::WayfindingScoringPlugin[m[K’ has no member named ‘[01m[KdataPtr[m[K’
[17.022s]   202 |     for (const auto waypoint : this->[01;31m[KdataPtr[m[K->localWaypoints)
[17.022s]       |                                      [01;31m[K^~~~~~~[m[K
[17.022s] [01m[K/home/aliomacc/sti_usv/src/usv_sim/workspace_gz/plugins/WayfindingScoringPlugin.cc:204:18:[m[K [01;31m[Kerror: [m[K‘[01m[Kclass vrx::WayfindingScoringPlugin[m[K’ has no member named ‘[01m[KdataPtr[m[K’
[17.022s]   204 |       if (!this->[01;31m[KdataPtr[m[K->waypointMarkers.DrawMarker(markerId, waypoint.X(),
[17.022s]       |                  [01;31m[K^~~~~~~[m[K
[17.023s] [01m[K/home/aliomacc/sti_usv/src/usv_sim/workspace_gz/plugins/WayfindingScoringPlugin.cc:[m[K In member function ‘[01m[Kvirtual void vrx::WayfindingScoringPlugin::PreUpdate(const ignition::gazebo::v6::UpdateInfo&, ignition::gazebo::v6::EntityComponentManager&)[m[K’:
[17.023s] [01m[K/home/aliomacc/sti_usv/src/usv_sim/workspace_gz/plugins/WayfindingScoringPlugin.cc:228:11:[m[K [01;31m[Kerror: [m[K‘[01m[Kclass vrx::WayfindingScoringPlugin[m[K’ has no member named ‘[01m[KdataPtr[m[K’
[17.023s]   228 |     this->[01;31m[KdataPtr[m[K->waypointsPub.Publish(this->dataPtr->waypointsMessage);
[17.023s]       |           [01;31m[K^~~~~~~[m[K
[17.023s] [01m[K/home/aliomacc/sti_usv/src/usv_sim/workspace_gz/plugins/WayfindingScoringPlugin.cc:228:47:[m[K [01;31m[Kerror: [m[K‘[01m[Kclass vrx::WayfindingScoringPlugin[m[K’ has no member named ‘[01m[KdataPtr[m[K’
[17.023s]   228 |     this->dataPtr->waypointsPub.Publish(this->[01;31m[KdataPtr[m[K->waypointsMessage);
[17.023s]       |                                               [01;31m[K^~~~~~~[m[K
[17.024s] [01m[K/home/aliomacc/sti_usv/src/usv_sim/workspace_gz/plugins/WayfindingScoringPlugin.cc:236:14:[m[K [01;31m[Kerror: [m[K‘[01m[Kclass vrx::WayfindingScoringPlugin[m[K’ has no member named ‘[01m[KdataPtr[m[K’
[17.024s]   236 |   if (!this->[01;31m[KdataPtr[m[K->vehicleEntity)
[17.024s]       |              [01;31m[K^~~~~~~[m[K
[17.028s] [01m[K/home/aliomacc/sti_usv/src/usv_sim/workspace_gz/plugins/Surface.cc:[m[K In member function ‘[01m[Kvirtual void vrx::Surface::PreUpdate(const ignition::gazebo::v6::UpdateInfo&, ignition::gazebo::v6::EntityComponentManager&)[m[K’:
[17.028s] [01m[K/home/aliomacc/sti_usv/src/usv_sim/workspace_gz/plugins/Surface.cc:208:3:[m[K [01;31m[Kerror: [m[K‘[01m[KGZ_PROFILE[m[K’ was not declared in this scope; did you mean ‘[01m[KIGN_PROFILE[m[K’?
[17.028s]   208 |   [01;31m[KGZ_PROFILE[m[K("Surface::PreUpdate");
[17.028s]       |   [01;31m[K^~~~~~~~~~[m[K
[17.029s]       |   [32m[KIGN_PROFILE[m[K
[17.029s] [01m[K/home/aliomacc/sti_usv/src/usv_sim/workspace_gz/plugins/WayfindingScoringPlugin.cc:241:13:[m[K [01;31m[Kerror: [m[K‘[01m[Kclass vrx::WayfindingScoringPlugin[m[K’ has no member named ‘[01m[KdataPtr[m[K’
[17.029s]   241 |       this->[01;31m[KdataPtr[m[K->vehicleEntity = entity;
[17.029s]       |             [01;31m[K^~~~~~~[m[K
[17.029s] [01m[K/home/aliomacc/sti_usv/src/usv_sim/workspace_gz/plugins/WayfindingScoringPlugin.cc:248:11:[m[K [01;31m[Kerror: [m[K‘[01m[Kclass vrx::WayfindingScoringPlugin[m[K’ has no member named ‘[01m[KdataPtr[m[K’
[17.029s]   248 |     this->[01;31m[KdataPtr[m[K->vehicleEntity)->Data();
[17.029s]       |           [01;31m[K^~~~~~~[m[K
[17.029s] [01m[K/home/aliomacc/sti_usv/src/usv_sim/workspace_gz/plugins/Surface.cc:214:28:[m[K [01;31m[Kerror: [m[K‘[01m[Kclass vrx::Surface[m[K’ has no member named ‘[01m[KdataPtr[m[K’
[17.029s]   214 |   const auto kPose = this->[01;31m[KdataPtr[m[K->link.WorldPose(_ecm);
[17.030s]       |                            [01;31m[K^~~~~~~[m[K
[17.030s] [01m[K/home/aliomacc/sti_usv/src/usv_sim/workspace_gz/plugins/Surface.cc:218:19:[m[K [01;31m[Kerror: [m[K‘[01m[Kclass vrx::Surface[m[K’ has no member named ‘[01m[KdataPtr[m[K’
[17.030s]   218 |       _ecm, this->[01;31m[KdataPtr[m[K->link.Entity(), true);
[17.030s]       |                   [01;31m[K^~~~~~~[m[K
[17.030s] [01m[K/home/aliomacc/sti_usv/src/usv_sim/workspace_gz/plugins/WayfindingScoringPlugin.cc:254:34:[m[K [01;31m[Kerror: [m[K‘[01m[Kclass vrx::WayfindingScoringPlugin[m[K’ has no member named ‘[01m[KdataPtr[m[K’
[17.030s]   254 |   for (unsigned i = 0; i < this->[01;31m[KdataPtr[m[K->localWaypoints.size(); ++i)
[17.030s]       |                                  [01;31m[K^~~~~~~[m[K
[17.030s] [01m[K/home/aliomacc/sti_usv/src/usv_sim/workspace_gz/plugins/WayfindingScoringPlugin.cc:256:37:[m[K [01;31m[Kerror: [m[K‘[01m[Kclass vrx::WayfindingScoringPlugin[m[K’ has no member named ‘[01m[KdataPtr[m[K’
[17.030s]   256 |     const math::Vector3d wp = this->[01;31m[KdataPtr[m[K->localWaypoints[i];
[17.030s]       |                                     [01;31m[K^~~~~~~[m[K
[17.031s] [01m[K/home/aliomacc/sti_usv/src/usv_sim/workspace_gz/plugins/Surface.cc:221:21:[m[K [01;31m[Kerror: [m[K‘[01m[Kclass vrx::Surface[m[K’ has no member named ‘[01m[KdataPtr[m[K’
[17.031s]   221 |            << this->[01;31m[KdataPtr[m[K->link.Entity() << "]" << std::endl;
[17.035s]       |                     [01;31m[K^~~~~~~[m[K
[17.035s] [01m[K/home/aliomacc/sti_usv/src/usv_sim/workspace_gz/plugins/Surface.cc:227:42:[m[K [01;31m[Kerror: [m[K‘[01m[Kclass vrx::Surface[m[K’ has no member named ‘[01m[KdataPtr[m[K’
[17.035s]   227 |   std::lock_guard<std::mutex> lock(this->[01;31m[KdataPtr[m[K->mutex);
[17.036s]       |                                          [01;31m[K^~~~~~~[m[K
[17.036s] [01m[K/home/aliomacc/sti_usv/src/usv_sim/workspace_gz/plugins/Surface.cc:229:33:[m[K [01;31m[Kerror: [m[K‘[01m[Kclass vrx::Surface[m[K’ has no member named ‘[01m[KdataPtr[m[K’
[17.036s]   229 |   for (auto const &bpnt : this->[01;31m[KdataPtr[m[K->points)
[17.036s]       |                                 [01;31m[K^~~~~~~[m[K
[17.036s] [01m[K/home/aliomacc/sti_usv/src/usv_sim/workspace_gz/plugins/WayfindingScoringPlugin.cc:266:20:[m[K [01;31m[Kerror: [m[K‘[01m[Kclass vrx::WayfindingScoringPlugin[m[K’ has no member named ‘[01m[KdataPtr[m[K’
[17.036s]   266 |     if (i == this->[01;31m[KdataPtr[m[K->minErrors.size())
[17.036s]       |                    [01;31m[K^~~~~~~[m[K
[17.036s] [01m[K/home/aliomacc/sti_usv/src/usv_sim/workspace_gz/plugins/WayfindingScoringPlugin.cc:267:13:[m[K [01;31m[Kerror: [m[K‘[01m[Kclass vrx::WayfindingScoringPlugin[m[K’ has no member named ‘[01m[KdataPtr[m[K’
[17.036s]   267 |       this->[01;31m[KdataPtr[m[K->minErrors.push_back(poseError);
[17.037s]       |             [01;31m[K^~~~~~~[m[K
[17.037s] [01m[K/home/aliomacc/sti_usv/src/usv_sim/workspace_gz/plugins/WayfindingScoringPlugin.cc:270:27:[m[K [01;31m[Kerror: [m[K‘[01m[Kclass vrx::WayfindingScoringPlugin[m[K’ has no member named ‘[01m[KdataPtr[m[K’
[17.037s]   270 |     if (poseError < this->[01;31m[KdataPtr[m[K->minErrors.at(i))
[17.037s]       |                           [01;31m[K^~~~~~~[m[K
[17.037s] [01m[K/home/aliomacc/sti_usv/src/usv_sim/workspace_gz/plugins/WayfindingScoringPlugin.cc:271:13:[m[K [01;31m[Kerror: [m[K‘[01m[Kclass vrx::WayfindingScoringPlugin[m[K’ has no member named ‘[01m[KdataPtr[m[K’
[17.037s]   271 |       this->[01;31m[KdataPtr[m[K->minErrors.at(i) = poseError;
[17.037s]       |             [01;31m[K^~~~~~~[m[K
[17.037s] [01m[K/home/aliomacc/sti_usv/src/usv_sim/workspace_gz/plugins/WayfindingScoringPlugin.cc:274:32:[m[K [01;31m[Kerror: [m[K‘[01m[Kclass vrx::WayfindingScoringPlugin[m[K’ has no member named ‘[01m[KdataPtr[m[K’
[17.037s]   274 |     currentTotalError += this->[01;31m[KdataPtr[m[K->minErrors.at(i);
[17.037s]       |                                [01;31m[K^~~~~~~[m[K
[17.038s] [01m[K/home/aliomacc/sti_usv/src/usv_sim/workspace_gz/plugins/WayfindingScoringPlugin.cc:277:9:[m[K [01;31m[Kerror: [m[K‘[01m[Kclass vrx::WayfindingScoringPlugin[m[K’ has no member named ‘[01m[KdataPtr[m[K’
[17.038s]   277 |   this->[01;31m[KdataPtr[m[K->meanError =
[17.038s]       |         [01;31m[K^~~~~~~[m[K
[17.038s] [01m[K/home/aliomacc/sti_usv/src/usv_sim/workspace_gz/plugins/WayfindingScoringPlugin.cc:278:31:[m[K [01;31m[Kerror: [m[K‘[01m[Kclass vrx::WayfindingScoringPlugin[m[K’ has no member named ‘[01m[KdataPtr[m[K’
[17.038s]   278 |     currentTotalError / this->[01;31m[KdataPtr[m[K->localWaypoints.size();
[17.038s]       |                               [01;31m[K^~~~~~~[m[K
[17.038s] [01m[K/home/aliomacc/sti_usv/src/usv_sim/workspace_gz/plugins/WayfindingScoringPlugin.cc:284:31:[m[K [01;31m[Kerror: [m[K‘[01m[Kclass vrx::WayfindingScoringPlugin[m[K’ has no member named ‘[01m[KdataPtr[m[K’
[17.038s]   284 |   meanErrorMsg.set_data(this->[01;31m[KdataPtr[m[K->meanError);
[17.038s]       |                               [01;31m[K^~~~~~~[m[K
[17.039s] [01m[K/home/aliomacc/sti_usv/src/usv_sim/workspace_gz/plugins/WayfindingScoringPlugin.cc:285:34:[m[K [01;31m[Kerror: [m[K‘[01m[Kclass vrx::WayfindingScoringPlugin[m[K’ has no member named ‘[01m[KdataPtr[m[K’
[17.039s]   285 |   for (unsigned i = 0; i < this->[01;31m[KdataPtr[m[K->minErrors.size(); ++i)
[17.039s]       |                                  [01;31m[K^~~~~~~[m[K
[17.042s] [01m[K/home/aliomacc/sti_usv/src/usv_sim/workspace_gz/plugins/WayfindingScoringPlugin.cc:286:33:[m[K [01;31m[Kerror: [m[K‘[01m[Kclass vrx::WayfindingScoringPlugin[m[K’ has no member named ‘[01m[KdataPtr[m[K’
[17.042s]   286 |     minErrorsMsg.add_data(this->[01;31m[KdataPtr[m[K->minErrors.at(i));
[17.042s]       |                                 [01;31m[K^~~~~~~[m[K
[17.042s] [01m[K/home/aliomacc/sti_usv/src/usv_sim/workspace_gz/plugins/WayfindingScoringPlugin.cc:289:9:[m[K [01;31m[Kerror: [m[K‘[01m[Kclass vrx::WayfindingScoringPlugin[m[K’ has no member named ‘[01m[KdataPtr[m[K’
[17.043s]   289 |   this->[01;31m[KdataPtr[m[K->minErrorsPub.Publish(minErrorsMsg);
[17.043s]       |         [01;31m[K^~~~~~~[m[K
[17.043s] [01m[K/home/aliomacc/sti_usv/src/usv_sim/workspace_gz/plugins/WayfindingScoringPlugin.cc:290:9:[m[K [01;31m[Kerror: [m[K‘[01m[Kclass vrx::WayfindingScoringPlugin[m[K’ has no member named ‘[01m[KdataPtr[m[K’
[17.043s]   290 |   this->[01;31m[KdataPtr[m[K->meanErrorPub.Publish(meanErrorMsg);
[17.043s]       |         [01;31m[K^~~~~~~[m[K
[17.043s] [01m[K/home/aliomacc/sti_usv/src/usv_sim/workspace_gz/plugins/WayfindingScoringPlugin.cc:292:33:[m[K [01;31m[Kerror: [m[K‘[01m[Kclass vrx::WayfindingScoringPlugin[m[K’ has no member named ‘[01m[KdataPtr[m[K’
[17.043s]   292 |   ScoringPlugin::SetScore(this->[01;31m[KdataPtr[m[K->meanError);
[17.043s]       |                                 [01;31m[K^~~~~~~[m[K
[17.043s] [01m[K/home/aliomacc/sti_usv/src/usv_sim/workspace_gz/plugins/WayfindingScoringPlugin.cc:[m[K At global scope:
[17.044s] [01m[K/home/aliomacc/sti_usv/src/usv_sim/workspace_gz/plugins/WayfindingScoringPlugin.cc:300:1:[m[K [01;31m[Kerror: [m[Kexpected constructor, destructor, or type conversion before ‘[01m[KGZ_ADD_PLUGIN_ALIAS[m[K’
[17.044s]   300 | [01;31m[KGZ_ADD_PLUGIN_ALIAS[m[K(vrx::WayfindingScoringPlugin,
[17.044s]       | [01;31m[K^~~~~~~~~~~~~~~~~~~[m[K
[17.044s] [01m[K/home/aliomacc/sti_usv/src/usv_sim/workspace_gz/plugins/Surface.cc:244:26:[m[K [01;31m[Kerror: [m[K‘[01m[Kclass vrx::Surface[m[K’ has no member named ‘[01m[KdataPtr[m[K’
[17.044s]   244 |     double depth = this->[01;31m[KdataPtr[m[K->wavefield.ComputeDepthSimply(point, simTime);
[17.044s]       |                          [01;31m[K^~~~~~~[m[K
[17.044s] [01m[K/home/aliomacc/sti_usv/src/usv_sim/workspace_gz/plugins/Surface.cc:250:28:[m[K [01;31m[Kerror: [m[K‘[01m[Kclass vrx::Surface[m[K’ has no member named ‘[01m[KdataPtr[m[K’
[17.044s]   250 |     double deltaZ = (this->[01;31m[KdataPtr[m[K->fluidLevel + dz) - kDdz;
[17.044s]       |                            [01;31m[K^~~~~~~[m[K
[17.044s] [01m[K/home/aliomacc/sti_usv/src/usv_sim/workspace_gz/plugins/Surface.cc:253:37:[m[K [01;31m[Kerror: [m[K‘[01m[Kclass vrx::Surface[m[K’ has no member named ‘[01m[KdataPtr[m[K’
[17.045s]   253 |     deltaZ = std::min(deltaZ, this->[01;31m[KdataPtr[m[K->hullRadius);
[17.045s]       |                                     [01;31m[K^~~~~~~[m[K
[17.045s] [01m[K/home/aliomacc/sti_usv/src/usv_sim/workspace_gz/plugins/Surface.cc:256:33:[m[K [01;31m[Kerror: [m[K‘[01m[Kclass vrx::Surface[m[K’ has no member named ‘[01m[KdataPtr[m[K’
[17.048s]   256 |       this->CircleSegment(this->[01;31m[KdataPtr[m[K->hullRadius, deltaZ) *
[17.048s]       |                                 [01;31m[K^~~~~~~[m[K
[17.048s] [01m[K/home/aliomacc/sti_usv/src/usv_sim/workspace_gz/plugins/Surface.cc:257:15:[m[K [01;31m[Kerror: [m[K‘[01m[Kclass vrx::Surface[m[K’ has no member named ‘[01m[KdataPtr[m[K’
[17.049s]   257 |         this->[01;31m[KdataPtr[m[K->hullLength / this->dataPtr->points.size() *
[17.049s]       |               [01;31m[K^~~~~~~[m[K
[17.049s] [01m[K/home/aliomacc/sti_usv/src/usv_sim/workspace_gz/plugins/Surface.cc:257:43:[m[K [01;31m[Kerror: [m[K‘[01m[Kclass vrx::Surface[m[K’ has no member named ‘[01m[KdataPtr[m[K’
[17.049s]   257 |         this->dataPtr->hullLength / this->[01;31m[KdataPtr[m[K->points.size() *
[17.049s]       |                                           [01;31m[K^~~~~~~[m[K
[17.049s] [01m[K/home/aliomacc/sti_usv/src/usv_sim/workspace_gz/plugins/Surface.cc:258:18:[m[K [01;31m[Kerror: [m[K‘[01m[Kclass vrx::Surface[m[K’ has no member named ‘[01m[KdataPtr[m[K’
[17.049s]   258 |           -this->[01;31m[KdataPtr[m[K->gravity.Z() * this->dataPtr->fluidDensity;
[17.049s]       |                  [01;31m[K^~~~~~~[m[K
[17.049s] [01m[K/home/aliomacc/sti_usv/src/usv_sim/workspace_gz/plugins/Surface.cc:258:47:[m[K [01;31m[Kerror: [m[K‘[01m[Kclass vrx::Surface[m[K’ has no member named ‘[01m[KdataPtr[m[K’
[17.049s]   258 |           -this->dataPtr->gravity.Z() * this->[01;31m[KdataPtr[m[K->fluidDensity;
[17.050s]       |                                               [01;31m[K^~~~~~~[m[K
[17.050s] [01m[K/home/aliomacc/sti_usv/src/usv_sim/workspace_gz/plugins/Surface.cc:262:11:[m[K [01;31m[Kerror: [m[K‘[01m[Kclass vrx::Surface[m[K’ has no member named ‘[01m[KdataPtr[m[K’
[17.050s]   262 |     this->[01;31m[KdataPtr[m[K->link.AddWorldForce(_ecm,
[17.050s]       |           [01;31m[K^~~~~~~[m[K
[17.050s] [01m[K/home/aliomacc/sti_usv/src/usv_sim/workspace_gz/plugins/Surface.cc:[m[K In member function ‘[01m[Kignition::math::v6::Vector3d vrx::Surface::Gravity() const[m[K’:
[17.050s] [01m[K/home/aliomacc/sti_usv/src/usv_sim/workspace_gz/plugins/Surface.cc:283:16:[m[K [01;31m[Kerror: [m[K‘[01m[Kconst class vrx::Surface[m[K’ has no member named ‘[01m[KdataPtr[m[K’
[17.050s]   283 |   return this->[01;31m[KdataPtr[m[K->gravity;
[17.050s]       |                [01;31m[K^~~~~~~[m[K
[17.050s] [01m[K/home/aliomacc/sti_usv/src/usv_sim/workspace_gz/plugins/Surface.cc:[m[K In member function ‘[01m[Kdouble vrx::Surface::HullLength() const[m[K’:
[17.051s] [01m[K/home/aliomacc/sti_usv/src/usv_sim/workspace_gz/plugins/Surface.cc:289:16:[m[K [01;31m[Kerror: [m[K‘[01m[Kconst class vrx::Surface[m[K’ has no member named ‘[01m[KdataPtr[m[K’
[17.051s]   289 |   return this->[01;31m[KdataPtr[m[K->hullLength;
[17.051s]       |                [01;31m[K^~~~~~~[m[K
[17.051s] [01m[K/home/aliomacc/sti_usv/src/usv_sim/workspace_gz/plugins/Surface.cc:[m[K In member function ‘[01m[Kdouble vrx::Surface::HullRadius() const[m[K’:
[17.051s] [01m[K/home/aliomacc/sti_usv/src/usv_sim/workspace_gz/plugins/Surface.cc:295:16:[m[K [01;31m[Kerror: [m[K‘[01m[Kconst class vrx::Surface[m[K’ has no member named ‘[01m[KdataPtr[m[K’
[17.051s]   295 |   return this->[01;31m[KdataPtr[m[K->hullRadius;
[17.051s]       |                [01;31m[K^~~~~~~[m[K
[17.051s] [01m[K/home/aliomacc/sti_usv/src/usv_sim/workspace_gz/plugins/Surface.cc:[m[K In member function ‘[01m[Kdouble vrx::Surface::FluidDensity() const[m[K’:
[17.051s] [01m[K/home/aliomacc/sti_usv/src/usv_sim/workspace_gz/plugins/Surface.cc:301:16:[m[K [01;31m[Kerror: [m[K‘[01m[Kconst class vrx::Surface[m[K’ has no member named ‘[01m[KdataPtr[m[K’
[17.051s]   301 |   return this->[01;31m[KdataPtr[m[K->fluidDensity;
[17.052s]       |                [01;31m[K^~~~~~~[m[K
[17.052s] [01m[K/home/aliomacc/sti_usv/src/usv_sim/workspace_gz/plugins/Surface.cc:[m[K At global scope:
[17.052s] [01m[K/home/aliomacc/sti_usv/src/usv_sim/workspace_gz/plugins/Surface.cc:316:1:[m[K [01;31m[Kerror: [m[Kexpected constructor, destructor, or type conversion before ‘[01m[KGZ_ADD_PLUGIN_ALIAS[m[K’
[17.055s]   316 | [01;31m[KGZ_ADD_PLUGIN_ALIAS[m[K(vrx::Surface,
[17.055s]       | [01;31m[K^~~~~~~~~~~~~~~~~~~[m[K
[17.055s] In file included from [01m[K/home/aliomacc/sti_usv/src/usv_sim/workspace_gz/plugins/PolyhedraBuoyancyDrag.cc:34[m[K:
[17.055s] [01m[K/home/aliomacc/sti_usv/src/usv_sim/workspace_gz/plugins/PolyhedraBuoyancyDrag.hh:131:30:[m[K [01;31m[Kerror: [m[K‘[01m[KdataPtr[m[K’ has not been declared
[17.055s]   131 |     GZ_UTILS_UNIQUE_IMPL_PTR([01;31m[KdataPtr[m[K)
[17.056s]       |                              [01;31m[K^~~~~~~[m[K
[17.056s] [01m[K/home/aliomacc/sti_usv/src/usv_sim/workspace_gz/plugins/PolyhedraBuoyancyDrag.hh:131:5:[m[K [01;31m[Kerror: [m[KISO C++ forbids declaration of ‘[01m[KGZ_UTILS_UNIQUE_IMPL_PTR[m[K’ with no type [[01;31m[K]8;;https://gcc.gnu.org/onlinedocs/gcc/Warning-Options.html#index-fpermissive-fpermissive]8;;[m[K]
[17.056s]   131 |     [01;31m[KGZ_UTILS_UNIQUE_IMPL_PTR[m[K(dataPtr)
[17.056s]       |     [01;31m[K^~~~~~~~~~~~~~~~~~~~~~~~[m[K
[17.056s] [01m[K/home/aliomacc/sti_usv/src/usv_sim/workspace_gz/plugins/PolyhedraBuoyancyDrag.hh:131:37:[m[K [01;31m[Kerror: [m[Kexpected ‘[01m[K;[m[K’ at end of member declaration
[17.056s]   131 |     GZ_UTILS_UNIQUE_IMPL_PTR(dataPtr[01;31m[K)[m[K
[17.056s]       |                                     [01;31m[K^[m[K
[17.056s]       |                                      [32m[K;[m[K
[17.085s] [01m[K/home/aliomacc/sti_usv/src/usv_sim/workspace_gz/plugins/PolyhedraBuoyancyDrag.cc:158:1:[m[K [01;31m[Kerror: [m[Kqualified name does not name a class before ‘[01m[K{[m[K’ token
[17.085s]   158 | [01;31m[K{[m[K
[17.085s]       | [01;31m[K^[m[K
[17.085s] [01m[K/home/aliomacc/sti_usv/src/usv_sim/workspace_gz/plugins/PolyhedraBuoyancyDrag.cc:195:29:[m[K [01;31m[Kerror: [m[K‘[01m[Kvrx::PolyhedraBuoyancyDrag::Implementation[m[K’ has not been declared
[17.085s]   195 | void PolyhedraBuoyancyDrag::[01;31m[KImplementation[m[K::OnWavefield(const msgs::Param &_msg)
[17.086s]       |                             [01;31m[K^~~~~~~~~~~~~~[m[K
[17.086s] [01m[K/home/aliomacc/sti_usv/src/usv_sim/workspace_gz/plugins/PolyhedraBuoyancyDrag.cc:[m[K In function ‘[01m[Kvoid OnWavefield(const ignition::msgs::Param&)[m[K’:
[17.086s] [01m[K/home/aliomacc/sti_usv/src/usv_sim/workspace_gz/plugins/PolyhedraBuoyancyDrag.cc:197:36:[m[K [01;31m[Kerror: [m[Kinvalid use of ‘[01m[Kthis[m[K’ in non-member function
[17.086s]   197 |   std::lock_guard<std::mutex> lock([01;31m[Kthis[m[K->mutex);
[17.086s]       |                                    [01;31m[K^~~~[m[K
[17.086s] [01m[K/home/aliomacc/sti_usv/src/usv_sim/workspace_gz/plugins/PolyhedraBuoyancyDrag.cc:198:3:[m[K [01;31m[Kerror: [m[Kinvalid use of ‘[01m[Kthis[m[K’ in non-member function
[17.086s]   198 |   [01;31m[Kthis[m[K->wavefield.Load(_msg);
[17.086s]       |   [01;31m[K^~~~[m[K
[17.086s] [01m[K/home/aliomacc/sti_usv/src/usv_sim/workspace_gz/plugins/PolyhedraBuoyancyDrag.cc:[m[K In constructor ‘[01m[Kvrx::PolyhedraBuoyancyDrag::PolyhedraBuoyancyDrag()[m[K’:
[17.087s] [01m[K/home/aliomacc/sti_usv/src/usv_sim/workspace_gz/plugins/PolyhedraBuoyancyDrag.cc:203:15:[m[K [01;31m[Kerror: [m[Kclass ‘[01m[Kvrx::PolyhedraBuoyancyDrag[m[K’ does not have any field named ‘[01m[KdataPtr[m[K’
[17.087s]   203 |   : System(), [01;31m[KdataPtr[m[K(utils::MakeUniqueImpl<Implementation>())
[17.087s]       |               [01;31m[K^~~~~~~[m[K
[17.098s] [01m[K/home/aliomacc/sti_usv/src/usv_sim/workspace_gz/plugins/PolyhedraBuoyancyDrag.cc:203:45:[m[K [01;31m[Kerror: [m[K‘[01m[KImplementation[m[K’ was not declared in this scope
[17.098s]   203 |   : System(), dataPtr(utils::MakeUniqueImpl<[01;31m[KImplementation[m[K>())
[17.098s]       |                                             [01;31m[K^~~~~~~~~~~~~~[m[K
[17.098s] [01m[K/home/aliomacc/sti_usv/src/usv_sim/workspace_gz/plugins/PolyhedraBuoyancyDrag.cc:203:60:[m[K [01;31m[Kerror: [m[Kno matching function for call to ‘[01m[KMakeUniqueImpl<<expression error> >()[m[K’
[17.099s]   203 |   : System(), dataPtr([01;31m[Kutils::MakeUniqueImpl<Implementation>()[m[K)
[17.099s]       |                       [01;31m[K~~~~~~~~~~~~~~~~~~~~~~~~~~~~~~~~~~~~~^~[m[K
[17.099s] In file included from [01m[K/usr/include/ignition/utils1/gz/utils/ImplPtr.hh:259[m[K,
[17.099s]                  from [01m[K/usr/include/ignition/sdformat12/sdf/Sensor.hh:23[m[K,
[17.099s]                  from [01m[K/usr/include/ignition/gazebo6/gz/sim/components/Serialization.hh:35[m[K,
[17.099s]                  from [01m[K/usr/include/ignition/gazebo6/gz/sim/components/Inertial.hh:24[m[K,
[17.099s]                  from [01m[K/home/aliomacc/sti_usv/src/usv_sim/workspace_gz/plugins/PolyhedraBuoyancyDrag.cc:23[m[K:
[17.099s] [01m[K/usr/include/ignition/utils1/gz/utils/detail/ImplPtr.hh:142:22:[m[K [01;36m[Knote: [m[Kcandidate: ‘[01m[Ktemplate<class T, class ... Args> ignition::utils::UniqueImplPtr<T> ignition::utils::MakeUniqueImpl(Args&& ...)[m[K’
[17.099s]   142 |     UniqueImplPtr<T> [01;36m[KMakeUniqueImpl[m[K(Args &&...args)
[17.100s]       |                      [01;36m[K^~~~~~~~~~~~~~[m[K
[17.100s] [01m[K/usr/include/ignition/utils1/gz/utils/detail/ImplPtr.hh:142:22:[m[K [01;36m[Knote: [m[K  template argument deduction/substitution failed:
[17.100s] [01m[K/home/aliomacc/sti_usv/src/usv_sim/workspace_gz/plugins/PolyhedraBuoyancyDrag.cc:203:60:[m[K [01;31m[Kerror: [m[Ktemplate argument 1 is invalid
[17.100s]   203 |   : System(), dataPtr([01;31m[Kutils::MakeUniqueImpl<Implementation>()[m[K)
[17.100s]       |                       [01;31m[K~~~~~~~~~~~~~~~~~~~~~~~~~~~~~~~~~~~~~^~[m[K
[17.100s] [01m[K/home/aliomacc/sti_usv/src/usv_sim/workspace_gz/plugins/PolyhedraBuoyancyDrag.cc:[m[K In member function ‘[01m[Kvirtual void vrx::PolyhedraBuoyancyDrag::Configure(const Entity&, const std::shared_ptr<const sdf::v12::Element>&, ignition::gazebo::v6::EntityComponentManager&, ignition::gazebo::v6::EventManager&)[m[K’:
[17.100s] [01m[K/home/aliomacc/sti_usv/src/usv_sim/workspace_gz/plugins/PolyhedraBuoyancyDrag.cc:214:9:[m[K [01;31m[Kerror: [m[K‘[01m[Kclass vrx::PolyhedraBuoyancyDrag[m[K’ has no member named ‘[01m[KdataPtr[m[K’
[17.100s]   214 |   this->[01;31m[KdataPtr[m[K->wavefield.Load(_sdf);
[17.100s]       |         [01;31m[K^~~~~~~[m[K
[17.101s] [01m[K/home/aliomacc/sti_usv/src/usv_sim/workspace_gz/plugins/PolyhedraBuoyancyDrag.cc:218:11:[m[K [01;31m[Kerror: [m[K‘[01m[Kclass vrx::PolyhedraBuoyancyDrag[m[K’ has no member named ‘[01m[KdataPtr[m[K’
[17.101s]   218 |     this->[01;31m[KdataPtr[m[K->fluidDensity = _sdf->Get<double>("fluid_density");
[17.101s]       |           [01;31m[K^~~~~~~[m[K
[17.101s] [01m[K/home/aliomacc/sti_usv/src/usv_sim/workspace_gz/plugins/PolyhedraBuoyancyDrag.cc:222:11:[m[K [01;31m[Kerror: [m[K‘[01m[Kclass vrx::PolyhedraBuoyancyDrag[m[K’ has no member named ‘[01m[KdataPtr[m[K’
[17.101s]   222 |     this->[01;31m[KdataPtr[m[K->fluidLevel = _sdf->Get<double>("fluid_level");
[17.101s]       |           [01;31m[K^~~~~~~[m[K
[17.101s] [01m[K/home/aliomacc/sti_usv/src/usv_sim/workspace_gz/plugins/PolyhedraBuoyancyDrag.cc:226:11:[m[K [01;31m[Kerror: [m[K‘[01m[Kclass vrx::PolyhedraBuoyancyDrag[m[K’ has no member named ‘[01m[KdataPtr[m[K’
[17.101s]   226 |     this->[01;31m[KdataPtr[m[K->linearDrag = _sdf->Get<double>("linear_drag");
[17.101s]       |           [01;31m[K^~~~~~~[m[K
[17.102s] [01m[K/home/aliomacc/sti_usv/src/usv_sim/workspace_gz/plugins/PolyhedraBuoyancyDrag.cc:230:11:[m[K [01;31m[Kerror: [m[K‘[01m[Kclass vrx::PolyhedraBuoyancyDrag[m[K’ has no member named ‘[01m[KdataPtr[m[K’
[17.102s]   230 |     this->[01;31m[KdataPtr[m[K->angularDrag = _sdf->Get<double>("angular_drag");
[17.102s]       |           [01;31m[K^~~~~~~[m[K
[17.109s] [01m[K/home/aliomacc/sti_usv/src/usv_sim/workspace_gz/plugins/PolyhedraBuoyancyDrag.cc:245:30:[m[K [01;31m[Kerror: [m[K‘[01m[Kclass vrx::PolyhedraBuoyancyDrag[m[K’ has no member named ‘[01m[KdataPtr[m[K’
[17.109s]   245 |       buoyObj.height = this->[01;31m[KdataPtr[m[K->fluidLevel;
[17.109s]       |                              [01;31m[K^~~~~~~[m[K
[17.110s] [01m[K/home/aliomacc/sti_usv/src/usv_sim/workspace_gz/plugins/PolyhedraBuoyancyDrag.cc:249:13:[m[K [01;31m[Kerror: [m[K‘[01m[Kclass vrx::PolyhedraBuoyancyDrag[m[K’ has no member named ‘[01m[KdataPtr[m[K’
[17.110s]   249 |       this->[01;31m[KdataPtr[m[K->buoyancyObjects.push_back(std::move(buoyObj));
[17.110s]       |             [01;31m[K^~~~~~~[m[K
[17.110s] [01m[K/home/aliomacc/sti_usv/src/usv_sim/workspace_gz/plugins/PolyhedraBuoyancyDrag.cc:262:9:[m[K [01;31m[Kerror: [m[K‘[01m[Kclass vrx::PolyhedraBuoyancyDrag[m[K’ has no member named ‘[01m[KdataPtr[m[K’
[17.110s]   262 |   this->[01;31m[KdataPtr[m[K->gravity = *gravityOpt;
[17.110s]       |         [01;31m[K^~~~~~~[m[K
[17.110s] [01m[K/home/aliomacc/sti_usv/src/usv_sim/workspace_gz/plugins/PolyhedraBuoyancyDrag.cc:265:9:[m[K [01;31m[Kerror: [m[K‘[01m[Kclass vrx::PolyhedraBuoyancyDrag[m[K’ has no member named ‘[01m[KdataPtr[m[K’
[17.110s]   265 |   this->[01;31m[KdataPtr[m[K->node.Subscribe(this->dataPtr->wavefield.Topic(),
[17.111s]       |         [01;31m[K^~~~~~~[m[K
[17.111s] [01m[K/home/aliomacc/sti_usv/src/usv_sim/workspace_gz/plugins/PolyhedraBuoyancyDrag.cc:265:39:[m[K [01;31m[Kerror: [m[K‘[01m[Kclass vrx::PolyhedraBuoyancyDrag[m[K’ has no member named ‘[01m[KdataPtr[m[K’
[17.111s]   265 |   this->dataPtr->node.Subscribe(this->[01;31m[KdataPtr[m[K->wavefield.Topic(),
[17.111s]       |                                       [01;31m[K^~~~~~~[m[K
[17.111s] [01m[K/home/aliomacc/sti_usv/src/usv_sim/workspace_gz/plugins/PolyhedraBuoyancyDrag.cc:266:29:[m[K [01;31m[Kerror: [m[K‘[01m[Kvrx::PolyhedraBuoyancyDrag::Implementation[m[K’ has not been declared
[17.111s]   266 |     &PolyhedraBuoyancyDrag::[01;31m[KImplementation[m[K::OnWavefield, this->dataPtr.get());
[17.111s]       |                             [01;31m[K^~~~~~~~~~~~~~[m[K
[17.111s] [01m[K/home/aliomacc/sti_usv/src/usv_sim/workspace_gz/plugins/PolyhedraBuoyancyDrag.cc:266:64:[m[K [01;31m[Kerror: [m[K‘[01m[Kclass vrx::PolyhedraBuoyancyDrag[m[K’ has no member named ‘[01m[KdataPtr[m[K’
[17.111s]   266 |     &PolyhedraBuoyancyDrag::Implementation::OnWavefield, this->[01;31m[KdataPtr[m[K.get());
[17.112s]       |                                                                [01;31m[K^~~~~~~[m[K
[17.121s] [01m[K/home/aliomacc/sti_usv/src/usv_sim/workspace_gz/plugins/PolyhedraBuoyancyDrag.cc:[m[K In member function ‘[01m[Kvirtual void vrx::PolyhedraBuoyancyDrag::PreUpdate(const ignition::gazebo::v6::UpdateInfo&, ignition::gazebo::v6::EntityComponentManager&)[m[K’:
[17.121s] [01m[K/home/aliomacc/sti_usv/src/usv_sim/workspace_gz/plugins/PolyhedraBuoyancyDrag.cc:273:3:[m[K [01;31m[Kerror: [m[K‘[01m[KGZ_PROFILE[m[K’ was not declared in this scope; did you mean ‘[01m[KIGN_PROFILE[m[K’?
[17.122s]   273 |   [01;31m[KGZ_PROFILE[m[K("PolyhedraBuoyancyDrag::PreUpdate");
[17.122s]       |   [01;31m[K^~~~~~~~~~[m[K
[17.122s]       |   [32m[KIGN_PROFILE[m[K
[17.122s] [01m[K/home/aliomacc/sti_usv/src/usv_sim/workspace_gz/plugins/PolyhedraBuoyancyDrag.cc:278:42:[m[K [01;31m[Kerror: [m[K‘[01m[Kclass vrx::PolyhedraBuoyancyDrag[m[K’ has no member named ‘[01m[KdataPtr[m[K’
[17.122s]   278 |   std::lock_guard<std::mutex> lock(this->[01;31m[KdataPtr[m[K->mutex);
[17.122s]       |                                          [01;31m[K^~~~~~~[m[K
[17.122s] [01m[K/home/aliomacc/sti_usv/src/usv_sim/workspace_gz/plugins/PolyhedraBuoyancyDrag.cc:283:13:[m[K [01;31m[Kerror: [m[K‘[01m[Kclass vrx::PolyhedraBuoyancyDrag[m[K’ has no member named ‘[01m[KdataPtr[m[K’
[17.122s]   283 |   if (this->[01;31m[KdataPtr[m[K->wavefield.Active())
[17.122s]       |             [01;31m[K^~~~~~~[m[K
[17.126s] [01m[K/home/aliomacc/sti_usv/src/usv_sim/workspace_gz/plugins/PolyhedraBuoyancyDrag.cc:286:26:[m[K [01;31m[Kerror: [m[K‘[01m[Kclass vrx::PolyhedraBuoyancyDrag[m[K’ has no member named ‘[01m[KdataPtr[m[K’
[17.126s]   286 |     dt = simTime - this->[01;31m[KdataPtr[m[K->lastSimTime;
[17.126s]       |                          [01;31m[K^~~~~~~[m[K
[17.127s] [01m[K/home/aliomacc/sti_usv/src/usv_sim/workspace_gz/plugins/PolyhedraBuoyancyDrag.cc:287:11:[m[K [01;31m[Kerror: [m[K‘[01m[Kclass vrx::PolyhedraBuoyancyDrag[m[K’ has no member named ‘[01m[KdataPtr[m[K’
[17.127s]   287 |     this->[01;31m[KdataPtr[m[K->lastSimTime = simTime;
[17.127s]       |           [01;31m[K^~~~~~~[m[K
[17.127s] [01m[K/home/aliomacc/sti_usv/src/usv_sim/workspace_gz/plugins/PolyhedraBuoyancyDrag.cc:290:34:[m[K [01;31m[Kerror: [m[K‘[01m[Kclass vrx::PolyhedraBuoyancyDrag[m[K’ has no member named ‘[01m[KdataPtr[m[K’
[17.127s]   290 |   for (auto &buoyancyObj : this->[01;31m[KdataPtr[m[K->buoyancyObjects)
[17.127s]       |                                  [01;31m[K^~~~~~~[m[K
[17.127s] [01m[K/home/aliomacc/sti_usv/src/usv_sim/workspace_gz/plugins/PolyhedraBuoyancyDrag.cc:306:15:[m[K [01;31m[Kerror: [m[K‘[01m[Kclass vrx::PolyhedraBuoyancyDrag[m[K’ has no member named ‘[01m[KdataPtr[m[K’
[17.127s]   306 |     if (this->[01;31m[KdataPtr[m[K->wavefield.Active())
[17.128s]       |               [01;31m[K^~~~~~~[m[K
[17.128s] [01m[K/home/aliomacc/sti_usv/src/usv_sim/workspace_gz/plugins/PolyhedraBuoyancyDrag.cc:310:33:[m[K [01;31m[Kerror: [m[K‘[01m[Kclass vrx::PolyhedraBuoyancyDrag[m[K’ has no member named ‘[01m[KdataPtr[m[K’
[17.128s]   310 |       double waveHeight = this->[01;31m[KdataPtr[m[K->wavefield.ComputeDepthSimply(
[17.128s]       |                                 [01;31m[K^~~~~~~[m[K
[17.128s] [01m[K/home/aliomacc/sti_usv/src/usv_sim/workspace_gz/plugins/PolyhedraBuoyancyDrag.cc:317:34:[m[K [01;31m[Kerror: [m[K‘[01m[Kclass vrx::PolyhedraBuoyancyDrag[m[K’ has no member named ‘[01m[KdataPtr[m[K’
[17.132s]   317 |       buoyancyObj.height + this->[01;31m[KdataPtr[m[K->fluidLevel);
[17.132s]       |                                  [01;31m[K^~~~~~~[m[K
[17.132s] [01m[K/home/aliomacc/sti_usv/src/usv_sim/workspace_gz/plugins/PolyhedraBuoyancyDrag.cc:323:40:[m[K [01;31m[Kerror: [m[K‘[01m[Kclass vrx::PolyhedraBuoyancyDrag[m[K’ has no member named ‘[01m[KdataPtr[m[K’
[17.132s]   323 |       math::Vector3d buoyancy = -this->[01;31m[KdataPtr[m[K->fluidDensity *
[17.133s]       |                                        [01;31m[K^~~~~~~[m[K
[17.133s] [01m[K/home/aliomacc/sti_usv/src/usv_sim/workspace_gz/plugins/PolyhedraBuoyancyDrag.cc:324:40:[m[K [01;31m[Kerror: [m[K‘[01m[Kclass vrx::PolyhedraBuoyancyDrag[m[K’ has no member named ‘[01m[KdataPtr[m[K’
[17.133s]   324 |         submergedVolume.volume * this->[01;31m[KdataPtr[m[K->gravity;
[17.133s]       |                                        [01;31m[K^~~~~~~[m[K
[17.133s] [01m[K/home/aliomacc/sti_usv/src/usv_sim/workspace_gz/plugins/PolyhedraBuoyancyDrag.cc:341:15:[m[K [01;31m[Kerror: [m[K‘[01m[Kclass vrx::PolyhedraBuoyancyDrag[m[K’ has no member named ‘[01m[KdataPtr[m[K’
[17.133s]   341 |         this->[01;31m[KdataPtr[m[K->linearDrag * partialMass * relVel;
[17.133s]       |               [01;31m[K^~~~~~~[m[K
[17.133s] [01m[K/home/aliomacc/sti_usv/src/usv_sim/workspace_gz/plugins/PolyhedraBuoyancyDrag.cc:368:57:[m[K [01;31m[Kerror: [m[K‘[01m[Kclass vrx::PolyhedraBuoyancyDrag[m[K’ has no member named ‘[01m[KdataPtr[m[K’
[17.133s]   368 |       math::Vector3d dragTorque = (-partialMass * this->[01;31m[KdataPtr[m[K->angularDrag *
[17.133s]       |                                                         [01;31m[K^~~~~~~[m[K
[17.134s] [01m[K/home/aliomacc/sti_usv/src/usv_sim/workspace_gz/plugins/PolyhedraBuoyancyDrag.cc:[m[K At global scope:
[17.134s] [01m[K/home/aliomacc/sti_usv/src/usv_sim/workspace_gz/plugins/PolyhedraBuoyancyDrag.cc:384:1:[m[K [01;31m[Kerror: [m[Kexpected constructor, destructor, or type conversion before ‘[01m[KGZ_ADD_PLUGIN_ALIAS[m[K’
[17.134s]   384 | [01;31m[KGZ_ADD_PLUGIN_ALIAS[m[K(vrx::PolyhedraBuoyancyDrag,
[17.134s]       | [01;31m[K^~~~~~~~~~~~~~~~~~~[m[K
[17.139s] In file included from [01m[K/home/aliomacc/sti_usv/src/usv_sim/workspace_gz/plugins/ScoringPlugin.cc:32[m[K:
[17.139s] [01m[K/home/aliomacc/sti_usv/src/usv_sim/workspace_gz/plugins/ScoringPlugin.hh:217:30:[m[K [01;31m[Kerror: [m[K‘[01m[KdataPtr[m[K’ has not been declared
[17.140s]   217 |     GZ_UTILS_UNIQUE_IMPL_PTR([01;31m[KdataPtr[m[K)
[17.140s]       |                              [01;31m[K^~~~~~~[m[K
[17.140s] [01m[K/home/aliomacc/sti_usv/src/usv_sim/workspace_gz/plugins/ScoringPlugin.hh:217:5:[m[K [01;31m[Kerror: [m[KISO C++ forbids declaration of ‘[01m[KGZ_UTILS_UNIQUE_IMPL_PTR[m[K’ with no type [[01;31m[K]8;;https://gcc.gnu.org/onlinedocs/gcc/Warning-Options.html#index-fpermissive-fpermissive]8;;[m[K]
[17.140s]   217 |     [01;31m[KGZ_UTILS_UNIQUE_IMPL_PTR[m[K(dataPtr)
[17.140s]       |     [01;31m[K^~~~~~~~~~~~~~~~~~~~~~~~[m[K
[17.140s] [01m[K/home/aliomacc/sti_usv/src/usv_sim/workspace_gz/plugins/ScoringPlugin.hh:217:37:[m[K [01;31m[Kerror: [m[Kexpected ‘[01m[K;[m[K’ at end of member declaration
[17.140s]   217 |     GZ_UTILS_UNIQUE_IMPL_PTR(dataPtr[01;31m[K)[m[K
[17.140s]       |                                     [01;31m[K^[m[K
[17.141s]       |                                      [32m[K;[m[K
[17.141s] [01m[K/home/aliomacc/sti_usv/src/usv_sim/workspace_gz/plugins/ScoringPlugin.cc:39:1:[m[K [01;31m[Kerror: [m[Kqualified name does not name a class before ‘[01m[K{[m[K’ token
[17.143s]    39 | [01;31m[K{[m[K
[17.143s]       | [01;31m[K^[m[K
[17.143s] [01m[K/home/aliomacc/sti_usv/src/usv_sim/workspace_gz/plugins/ScoringPlugin.cc:176:21:[m[K [01;31m[Kerror: [m[K‘[01m[Kvrx::ScoringPlugin::Implementation[m[K’ has not been declared
[17.143s]   176 | bool ScoringPlugin::[01;31m[KImplementation[m[K::ParseSDFParameters()
[17.144s]       |                     [01;31m[K^~~~~~~~~~~~~~[m[K
[17.144s] [01m[K/home/aliomacc/sti_usv/src/usv_sim/workspace_gz/plugins/ScoringPlugin.cc:[m[K In function ‘[01m[Kbool ParseSDFParameters()[m[K’:
[17.144s] [01m[K/home/aliomacc/sti_usv/src/usv_sim/workspace_gz/plugins/ScoringPlugin.cc:179:8:[m[K [01;31m[Kerror: [m[Kinvalid use of ‘[01m[Kthis[m[K’ in non-member function
[17.144s]   179 |   if (![01;31m[Kthis[m[K->sdf->HasElement("vehicle"))
[17.144s]       |        [01;31m[K^~~~[m[K
[17.144s] [01m[K/home/aliomacc/sti_usv/src/usv_sim/workspace_gz/plugins/ScoringPlugin.cc:184:3:[m[K [01;31m[Kerror: [m[Kinvalid use of ‘[01m[Kthis[m[K’ in non-member function
[17.144s]   184 |   [01;31m[Kthis[m[K->vehicleName = this->sdf->Get<std::string>("vehicle");
[17.144s]       |   [01;31m[K^~~~[m[K
[17.144s] [01m[K/home/aliomacc/sti_usv/src/usv_sim/workspace_gz/plugins/ScoringPlugin.cc:184:23:[m[K [01;31m[Kerror: [m[Kinvalid use of ‘[01m[Kthis[m[K’ in non-member function
[17.145s]   184 |   this->vehicleName = [01;31m[Kthis[m[K->sdf->Get<std::string>("vehicle");
[17.145s]       |                       [01;31m[K^~~~[m[K
[17.145s] [01m[K/home/aliomacc/sti_usv/src/usv_sim/workspace_gz/plugins/ScoringPlugin.cc:184:49:[m[K [01;31m[Kerror: [m[Kexpected primary-expression before ‘[01m[K>[m[K’ token
[17.148s]   184 |   this->vehicleName = this->sdf->Get<std::string[01;31m[K>[m[K("vehicle");
[17.148s]       |                                                 [01;31m[K^[m[K
[17.148s] [01m[K/home/aliomacc/sti_usv/src/usv_sim/workspace_gz/plugins/ScoringPlugin.cc:187:8:[m[K [01;31m[Kerror: [m[Kinvalid use of ‘[01m[Kthis[m[K’ in non-member function
[17.148s]   187 |   if (![01;31m[Kthis[m[K->sdf->HasElement("task_name"))
[17.148s]       |        [01;31m[K^~~~[m[K
[17.149s] [01m[K/home/aliomacc/sti_usv/src/usv_sim/workspace_gz/plugins/ScoringPlugin.cc:192:3:[m[K [01;31m[Kerror: [m[Kinvalid use of ‘[01m[Kthis[m[K’ in non-member function
[17.149s]   192 |   [01;31m[Kthis[m[K->taskName = this->sdf->Get<std::string>("task_name");
[17.149s]       |   [01;31m[K^~~~[m[K
[17.149s] [01m[K/home/aliomacc/sti_usv/src/usv_sim/workspace_gz/plugins/ScoringPlugin.cc:192:20:[m[K [01;31m[Kerror: [m[Kinvalid use of ‘[01m[Kthis[m[K’ in non-member function
[17.149s]   192 |   this->taskName = [01;31m[Kthis[m[K->sdf->Get<std::string>("task_name");
[17.149s]       |                    [01;31m[K^~~~[m[K
[17.149s] [01m[K/home/aliomacc/sti_usv/src/usv_sim/workspace_gz/plugins/ScoringPlugin.cc:192:46:[m[K [01;31m[Kerror: [m[Kexpected primary-expression before ‘[01m[K>[m[K’ token
[17.149s]   192 |   this->taskName = this->sdf->Get<std::string[01;31m[K>[m[K("task_name");
[17.150s]       |                                              [01;31m[K^[m[K
[17.150s] [01m[K/home/aliomacc/sti_usv/src/usv_sim/workspace_gz/plugins/ScoringPlugin.cc:195:7:[m[K [01;31m[Kerror: [m[Kinvalid use of ‘[01m[Kthis[m[K’ in non-member function
[17.150s]   195 |   if ([01;31m[Kthis[m[K->sdf->HasElement("task_info_topic"))
[17.150s]       |       [01;31m[K^~~~[m[K
[17.150s] [01m[K/home/aliomacc/sti_usv/src/usv_sim/workspace_gz/plugins/ScoringPlugin.cc:196:5:[m[K [01;31m[Kerror: [m[Kinvalid use of ‘[01m[Kthis[m[K’ in non-member function
[17.150s]   196 |     [01;31m[Kthis[m[K->taskInfoTopic = this->sdf->Get<std::string>("task_info_topic");
[17.150s]       |     [01;31m[K^~~~[m[K
[17.151s] [01m[K/home/aliomacc/sti_usv/src/usv_sim/workspace_gz/plugins/ScoringPlugin.cc:196:27:[m[K [01;31m[Kerror: [m[Kinvalid use of ‘[01m[Kthis[m[K’ in non-member function
[17.151s]   196 |     this->taskInfoTopic = [01;31m[Kthis[m[K->sdf->Get<std::string>("task_info_topic");
[17.151s]       |                           [01;31m[K^~~~[m[K
[17.151s] [01m[K/home/aliomacc/sti_usv/src/usv_sim/workspace_gz/plugins/ScoringPlugin.cc:196:53:[m[K [01;31m[Kerror: [m[Kexpected primary-expression before ‘[01m[K>[m[K’ token
[17.151s]   196 |     this->taskInfoTopic = this->sdf->Get<std::string[01;31m[K>[m[K("task_info_topic");
[17.155s]       |                                                     [01;31m[K^[m[K
[17.155s] [01m[K/home/aliomacc/sti_usv/src/usv_sim/workspace_gz/plugins/ScoringPlugin.cc:199:7:[m[K [01;31m[Kerror: [m[Kinvalid use of ‘[01m[Kthis[m[K’ in non-member function
[17.155s]   199 |   if ([01;31m[Kthis[m[K->sdf->HasElement("per_plugin_exit_on_completion"))
[17.155s]       |       [01;31m[K^~~~[m[K
[17.155s] [01m[K/home/aliomacc/sti_usv/src/usv_sim/workspace_gz/plugins/ScoringPlugin.cc:201:5:[m[K [01;31m[Kerror: [m[Kinvalid use of ‘[01m[Kthis[m[K’ in non-member function
[17.156s]   201 |     [01;31m[Kthis[m[K->perPluginExitOnCompletion = this->sdf->Get<bool>(
[17.156s]       |     [01;31m[K^~~~[m[K
[17.156s] [01m[K/home/aliomacc/sti_usv/src/usv_sim/workspace_gz/plugins/ScoringPlugin.cc:201:39:[m[K [01;31m[Kerror: [m[Kinvalid use of ‘[01m[Kthis[m[K’ in non-member function
[17.156s]   201 |     this->perPluginExitOnCompletion = [01;31m[Kthis[m[K->sdf->Get<bool>(
[17.156s]       |                                       [01;31m[K^~~~[m[K
[17.156s] [01m[K/home/aliomacc/sti_usv/src/usv_sim/workspace_gz/plugins/ScoringPlugin.cc:201:54:[m[K [01;31m[Kerror: [m[Kexpected primary-expression before ‘[01m[Kbool[m[K’
[17.156s]   201 |     this->perPluginExitOnCompletion = this->sdf->Get<[01;31m[Kbool[m[K>(
[17.156s]       |                                                      [01;31m[K^~~~[m[K
[17.156s] [01m[K/home/aliomacc/sti_usv/src/usv_sim/workspace_gz/plugins/ScoringPlugin.cc:206:7:[m[K [01;31m[Kerror: [m[Kinvalid use of ‘[01m[Kthis[m[K’ in non-member function
[17.157s]   206 |   if ([01;31m[Kthis[m[K->sdf->HasElement("exit_delay"))
[17.157s]       |       [01;31m[K^~~~[m[K
[17.157s] [01m[K/home/aliomacc/sti_usv/src/usv_sim/workspace_gz/plugins/ScoringPlugin.cc:207:5:[m[K [01;31m[Kerror: [m[Kinvalid use of ‘[01m[Kthis[m[K’ in non-member function
[17.157s]   207 |     [01;31m[Kthis[m[K->exitDelay = this->sdf->Get<double>("exit_delay");
[17.157s]       |     [01;31m[K^~~~[m[K
[17.157s] [01m[K/home/aliomacc/sti_usv/src/usv_sim/workspace_gz/plugins/ScoringPlugin.cc:207:23:[m[K [01;31m[Kerror: [m[Kinvalid use of ‘[01m[Kthis[m[K’ in non-member function
[17.157s]   207 |     this->exitDelay = [01;31m[Kthis[m[K->sdf->Get<double>("exit_delay");
[17.157s]       |                       [01;31m[K^~~~[m[K
[17.157s] [01m[K/home/aliomacc/sti_usv/src/usv_sim/workspace_gz/plugins/ScoringPlugin.cc:207:38:[m[K [01;31m[Kerror: [m[Kexpected primary-expression before ‘[01m[Kdouble[m[K’
[17.158s]   207 |     this->exitDelay = this->sdf->Get<[01;31m[Kdouble[m[K>("exit_delay");
[17.158s]       |                                      [01;31m[K^~~~~~[m[K
[17.158s] [01m[K/home/aliomacc/sti_usv/src/usv_sim/workspace_gz/plugins/ScoringPlugin.cc:210:7:[m[K [01;31m[Kerror: [m[Kinvalid use of ‘[01m[Kthis[m[K’ in non-member function
[17.158s]   210 |   if ([01;31m[Kthis[m[K->sdf->HasElement("initial_state_duration"))
[17.158s]       |       [01;31m[K^~~~[m[K
[17.158s] [01m[K/home/aliomacc/sti_usv/src/usv_sim/workspace_gz/plugins/ScoringPlugin.cc:212:20:[m[K [01;31m[Kerror: [m[Kinvalid use of ‘[01m[Kthis[m[K’ in non-member function
[17.162s]   212 |     double value = [01;31m[Kthis[m[K->sdf->Get<double>("initial_state_duration");
[17.162s]       |                    [01;31m[K^~~~[m[K
[17.162s] [01m[K/home/aliomacc/sti_usv/src/usv_sim/workspace_gz/plugins/ScoringPlugin.cc:212:35:[m[K [01;31m[Kerror: [m[Kexpected primary-expression before ‘[01m[Kdouble[m[K’
[17.162s]   212 |     double value = this->sdf->Get<[01;31m[Kdouble[m[K>("initial_state_duration");
[17.162s]       |                                   [01;31m[K^~~~~~[m[K
[17.163s] [01m[K/home/aliomacc/sti_usv/src/usv_sim/workspace_gz/plugins/ScoringPlugin.cc:219:5:[m[K [01;31m[Kerror: [m[Kinvalid use of ‘[01m[Kthis[m[K’ in non-member function
[17.163s]   219 |     [01;31m[Kthis[m[K->initialStateDuration = value;
[17.163s]       |     [01;31m[K^~~~[m[K
[17.163s] [01m[K/home/aliomacc/sti_usv/src/usv_sim/workspace_gz/plugins/ScoringPlugin.cc:223:7:[m[K [01;31m[Kerror: [m[Kinvalid use of ‘[01m[Kthis[m[K’ in non-member function
[17.163s]   223 |   if ([01;31m[Kthis[m[K->sdf->HasElement("ready_state_duration"))
[17.163s]       |       [01;31m[K^~~~[m[K
[17.163s] [01m[K/home/aliomacc/sti_usv/src/usv_sim/workspace_gz/plugins/ScoringPlugin.cc:225:20:[m[K [01;31m[Kerror: [m[Kinvalid use of ‘[01m[Kthis[m[K’ in non-member function
[17.163s]   225 |     double value = [01;31m[Kthis[m[K->sdf->Get<double>("ready_state_duration");
[17.163s]       |                    [01;31m[K^~~~[m[K
[17.164s] [01m[K/home/aliomacc/sti_usv/src/usv_sim/workspace_gz/plugins/ScoringPlugin.cc:225:35:[m[K [01;31m[Kerror: [m[Kexpected primary-expression before ‘[01m[Kdouble[m[K’
[17.164s]   225 |     double value = this->sdf->Get<[01;31m[Kdouble[m[K>("ready_state_duration");
[17.164s]       |                                   [01;31m[K^~~~~~[m[K
[17.164s] [01m[K/home/aliomacc/sti_usv/src/usv_sim/workspace_gz/plugins/ScoringPlugin.cc:233:5:[m[K [01;31m[Kerror: [m[Kinvalid use of ‘[01m[Kthis[m[K’ in non-member function
[17.164s]   233 |     [01;31m[Kthis[m[K->readyStateDuration = value;
[17.164s]       |     [01;31m[K^~~~[m[K
[17.164s] [01m[K/home/aliomacc/sti_usv/src/usv_sim/workspace_gz/plugins/ScoringPlugin.cc:237:7:[m[K [01;31m[Kerror: [m[Kinvalid use of ‘[01m[Kthis[m[K’ in non-member function
[17.164s]   237 |   if ([01;31m[Kthis[m[K->sdf->HasElement("running_state_duration"))
[17.164s]       |       [01;31m[K^~~~[m[K
[17.164s] [01m[K/home/aliomacc/sti_usv/src/usv_sim/workspace_gz/plugins/ScoringPlugin.cc:239:20:[m[K [01;31m[Kerror: [m[Kinvalid use of ‘[01m[Kthis[m[K’ in non-member function
[17.165s]   239 |     double value = [01;31m[Kthis[m[K->sdf->Get<double>("running_state_duration");
[17.165s]       |                    [01;31m[K^~~~[m[K
[17.165s] [01m[K/home/aliomacc/sti_usv/src/usv_sim/workspace_gz/plugins/ScoringPlugin.cc:239:35:[m[K [01;31m[Kerror: [m[Kexpected primary-expression before ‘[01m[Kdouble[m[K’
[17.165s]   239 |     double value = this->sdf->Get<[01;31m[Kdouble[m[K>("running_state_duration");
[17.165s]       |                                   [01;31m[K^~~~~~[m[K
[17.165s] [01m[K/home/aliomacc/sti_usv/src/usv_sim/workspace_gz/plugins/ScoringPlugin.cc:246:5:[m[K [01;31m[Kerror: [m[Kinvalid use of ‘[01m[Kthis[m[K’ in non-member function
[17.165s]   246 |     [01;31m[Kthis[m[K->runningStateDuration = value;
[17.165s]       |     [01;31m[K^~~~[m[K
[17.165s] [01m[K/home/aliomacc/sti_usv/src/usv_sim/workspace_gz/plugins/ScoringPlugin.cc:250:7:[m[K [01;31m[Kerror: [m[Kinvalid use of ‘[01m[Kthis[m[K’ in non-member function
[17.166s]   250 |   if ([01;31m[Kthis[m[K->sdf->HasElement("release_topic"))
[17.166s]       |       [01;31m[K^~~~[m[K
[17.166s] [01m[K/home/aliomacc/sti_usv/src/usv_sim/workspace_gz/plugins/ScoringPlugin.cc:252:5:[m[K [01;31m[Kerror: [m[Kinvalid use of ‘[01m[Kthis[m[K’ in non-member function
[17.170s]   252 |     [01;31m[Kthis[m[K->releaseTopic = this->sdf->Get<std::string>("release_topic");
[17.170s]       |     [01;31m[K^~~~[m[K
[17.170s] [01m[K/home/aliomacc/sti_usv/src/usv_sim/workspace_gz/plugins/ScoringPlugin.cc:252:26:[m[K [01;31m[Kerror: [m[Kinvalid use of ‘[01m[Kthis[m[K’ in non-member function
[17.170s]   252 |     this->releaseTopic = [01;31m[Kthis[m[K->sdf->Get<std::string>("release_topic");
[17.171s]       |                          [01;31m[K^~~~[m[K
[17.171s] [01m[K/home/aliomacc/sti_usv/src/usv_sim/workspace_gz/plugins/ScoringPlugin.cc:252:52:[m[K [01;31m[Kerror: [m[Kexpected primary-expression before ‘[01m[K>[m[K’ token
[17.171s]   252 |     this->releaseTopic = this->sdf->Get<std::string[01;31m[K>[m[K("release_topic");
[17.171s]       |                                                    [01;31m[K^[m[K
[17.171s] [01m[K/home/aliomacc/sti_usv/src/usv_sim/workspace_gz/plugins/ScoringPlugin.cc:256:7:[m[K [01;31m[Kerror: [m[Kinvalid use of ‘[01m[Kthis[m[K’ in non-member function
[17.171s]   256 |   if ([01;31m[Kthis[m[K->sdf->HasElement("silent"))
[17.171s]       |       [01;31m[K^~~~[m[K
[17.171s] [01m[K/home/aliomacc/sti_usv/src/usv_sim/workspace_gz/plugins/ScoringPlugin.cc:258:5:[m[K [01;31m[Kerror: [m[Kinvalid use of ‘[01m[Kthis[m[K’ in non-member function
[17.171s]   258 |     [01;31m[Kthis[m[K->silent = this->sdf->Get<bool>("silent");
[17.172s]       |     [01;31m[K^~~~[m[K
[17.172s] [01m[K/home/aliomacc/sti_usv/src/usv_sim/workspace_gz/plugins/ScoringPlugin.cc:258:20:[m[K [01;31m[Kerror: [m[Kinvalid use of ‘[01m[Kthis[m[K’ in non-member function
[17.172s]   258 |     this->silent = [01;31m[Kthis[m[K->sdf->Get<bool>("silent");
[17.172s]       |                    [01;31m[K^~~~[m[K
[17.172s] [01m[K/home/aliomacc/sti_usv/src/usv_sim/workspace_gz/plugins/ScoringPlugin.cc:258:35:[m[K [01;31m[Kerror: [m[Kexpected primary-expression before ‘[01m[Kbool[m[K’
[17.172s]   258 |     this->silent = this->sdf->Get<[01;31m[Kbool[m[K>("silent");
[17.172s]       |                                   [01;31m[K^~~~[m[K
[17.173s] [01m[K/home/aliomacc/sti_usv/src/usv_sim/workspace_gz/plugins/ScoringPlugin.cc:[m[K At global scope:
[17.173s] [01m[K/home/aliomacc/sti_usv/src/usv_sim/workspace_gz/plugins/ScoringPlugin.cc:265:21:[m[K [01;31m[Kerror: [m[K‘[01m[Kvrx::ScoringPlugin::Implementation[m[K’ has not been declared
[17.173s]   265 | void ScoringPlugin::[01;31m[KImplementation[m[K::UpdateTime(
[17.177s]       |                     [01;31m[K^~~~~~~~~~~~~~[m[K
[17.177s] [01m[K/home/aliomacc/sti_usv/src/usv_sim/workspace_gz/plugins/ScoringPlugin.cc:[m[K In function ‘[01m[Kvoid UpdateTime(std::chrono::duration<double>)[m[K’:
[17.177s] [01m[K/home/aliomacc/sti_usv/src/usv_sim/workspace_gz/plugins/ScoringPlugin.cc:268:3:[m[K [01;31m[Kerror: [m[Kinvalid use of ‘[01m[Kthis[m[K’ in non-member function
[17.177s]   268 |   [01;31m[Kthis[m[K->currentTime = _simTime;
[17.177s]       |   [01;31m[K^~~~[m[K
[17.178s] [01m[K/home/aliomacc/sti_usv/src/usv_sim/workspace_gz/plugins/ScoringPlugin.cc:270:7:[m[K [01;31m[Kerror: [m[Kinvalid use of ‘[01m[Kthis[m[K’ in non-member function
[17.178s]   270 |   if ([01;31m[Kthis[m[K->taskState == "running")
[17.178s]       |       [01;31m[K^~~~[m[K
[17.178s] [01m[K/home/aliomacc/sti_usv/src/usv_sim/workspace_gz/plugins/ScoringPlugin.cc:272:5:[m[K [01;31m[Kerror: [m[Kinvalid use of ‘[01m[Kthis[m[K’ in non-member function
[17.178s]   272 |     [01;31m[Kthis[m[K->elapsedTime = this->currentTime - this->runningTime;
[17.178s]       |     [01;31m[K^~~~[m[K
[17.178s] [01m[K/home/aliomacc/sti_usv/src/usv_sim/workspace_gz/plugins/ScoringPlugin.cc:272:25:[m[K [01;31m[Kerror: [m[Kinvalid use of ‘[01m[Kthis[m[K’ in non-member function
[17.179s]   272 |     this->elapsedTime = [01;31m[Kthis[m[K->currentTime - this->runningTime;
[17.179s]       |                         [01;31m[K^~~~[m[K
[17.179s] [01m[K/home/aliomacc/sti_usv/src/usv_sim/workspace_gz/plugins/ScoringPlugin.cc:272:45:[m[K [01;31m[Kerror: [m[Kinvalid use of ‘[01m[Kthis[m[K’ in non-member function
[17.179s]   272 |     this->elapsedTime = this->currentTime - [01;31m[Kthis[m[K->runningTime;
[17.179s]       |                                             [01;31m[K^~~~[m[K
[17.179s] [01m[K/home/aliomacc/sti_usv/src/usv_sim/workspace_gz/plugins/ScoringPlugin.cc:273:5:[m[K [01;31m[Kerror: [m[Kinvalid use of ‘[01m[Kthis[m[K’ in non-member function
[17.179s]   273 |     [01;31m[Kthis[m[K->remainingTime = this->finishTime - this->currentTime;
[17.180s]       |     [01;31m[K^~~~[m[K
[17.180s] [01m[K/home/aliomacc/sti_usv/src/usv_sim/workspace_gz/plugins/ScoringPlugin.cc:273:27:[m[K [01;31m[Kerror: [m[Kinvalid use of ‘[01m[Kthis[m[K’ in non-member function
[17.180s]   273 |     this->remainingTime = [01;31m[Kthis[m[K->finishTime - this->currentTime;
[17.180s]       |                           [01;31m[K^~~~[m[K
[17.180s] [01m[K/home/aliomacc/sti_usv/src/usv_sim/workspace_gz/plugins/ScoringPlugin.cc:273:46:[m[K [01;31m[Kerror: [m[Kinvalid use of ‘[01m[Kthis[m[K’ in non-member function
[17.180s]   273 |     this->remainingTime = this->finishTime - [01;31m[Kthis[m[K->currentTime;
[17.180s]       |                                              [01;31m[K^~~~[m[K
[17.181s] [01m[K/home/aliomacc/sti_usv/src/usv_sim/workspace_gz/plugins/ScoringPlugin.cc:274:5:[m[K [01;31m[Kerror: [m[Kinvalid use of ‘[01m[Kthis[m[K’ in non-member function
[17.181s]   274 |     [01;31m[Kthis[m[K->timedOut = this->remainingTime <= std::chrono::duration<double>(0.0);
[17.181s]       |     [01;31m[K^~~~[m[K
[17.181s] [01m[K/home/aliomacc/sti_usv/src/usv_sim/workspace_gz/plugins/ScoringPlugin.cc:274:22:[m[K [01;31m[Kerror: [m[Kinvalid use of ‘[01m[Kthis[m[K’ in non-member function
[17.181s]   274 |     this->timedOut = [01;31m[Kthis[m[K->remainingTime <= std::chrono::duration<double>(0.0);
[17.181s]       |                      [01;31m[K^~~~[m[K
[17.181s] [01m[K/home/aliomacc/sti_usv/src/usv_sim/workspace_gz/plugins/ScoringPlugin.cc:[m[K In member function ‘[01m[Kvoid vrx::ScoringPlugin::UpdateTaskState()[m[K’:
[17.181s] [01m[K/home/aliomacc/sti_usv/src/usv_sim/workspace_gz/plugins/ScoringPlugin.cc:281:13:[m[K [01;31m[Kerror: [m[K‘[01m[Kclass vrx::ScoringPlugin[m[K’ has no member named ‘[01m[KdataPtr[m[K’
[17.182s]   281 |   if (this->[01;31m[KdataPtr[m[K->taskState == "initial" &&
[17.182s]       |             [01;31m[K^~~~~~~[m[K
[17.182s] [01m[K/home/aliomacc/sti_usv/src/usv_sim/workspace_gz/plugins/ScoringPlugin.cc:282:13:[m[K [01;31m[Kerror: [m[K‘[01m[Kclass vrx::ScoringPlugin[m[K’ has no member named ‘[01m[KdataPtr[m[K’
[17.185s]   282 |       this->[01;31m[KdataPtr[m[K->currentTime >= this->dataPtr->readyTime)
[17.185s]       |             [01;31m[K^~~~~~~[m[K
[17.185s] [01m[K/home/aliomacc/sti_usv/src/usv_sim/workspace_gz/plugins/ScoringPlugin.cc:282:43:[m[K [01;31m[Kerror: [m[K‘[01m[Kclass vrx::ScoringPlugin[m[K’ has no member named ‘[01m[KdataPtr[m[K’
[17.185s]   282 |       this->dataPtr->currentTime >= this->[01;31m[KdataPtr[m[K->readyTime)
[17.185s]       |                                           [01;31m[K^~~~~~~[m[K
[17.186s] [01m[K/home/aliomacc/sti_usv/src/usv_sim/workspace_gz/plugins/ScoringPlugin.cc:284:11:[m[K [01;31m[Kerror: [m[K‘[01m[Kclass vrx::ScoringPlugin[m[K’ has no member named ‘[01m[KdataPtr[m[K’
[17.186s]   284 |     this->[01;31m[KdataPtr[m[K->taskState = "ready";
[17.186s]       |           [01;31m[K^~~~~~~[m[K
[17.186s] [01m[K/home/aliomacc/sti_usv/src/usv_sim/workspace_gz/plugins/ScoringPlugin.cc:290:13:[m[K [01;31m[Kerror: [m[K‘[01m[Kclass vrx::ScoringPlugin[m[K’ has no member named ‘[01m[KdataPtr[m[K’
[17.186s]   290 |   if (this->[01;31m[KdataPtr[m[K->taskState == "ready" &&
[17.186s]       |             [01;31m[K^~~~~~~[m[K
[17.186s] [01m[K/home/aliomacc/sti_usv/src/usv_sim/workspace_gz/plugins/ScoringPlugin.cc:291:13:[m[K [01;31m[Kerror: [m[K‘[01m[Kclass vrx::ScoringPlugin[m[K’ has no member named ‘[01m[KdataPtr[m[K’
[17.186s]   291 |       this->[01;31m[KdataPtr[m[K->currentTime >= this->dataPtr->runningTime)
[17.186s]       |             [01;31m[K^~~~~~~[m[K
[17.186s] [01m[K/home/aliomacc/sti_usv/src/usv_sim/workspace_gz/plugins/ScoringPlugin.cc:291:43:[m[K [01;31m[Kerror: [m[K‘[01m[Kclass vrx::ScoringPlugin[m[K’ has no member named ‘[01m[KdataPtr[m[K’
[17.187s]   291 |       this->dataPtr->currentTime >= this->[01;31m[KdataPtr[m[K->runningTime)
[17.187s]       |                                           [01;31m[K^~~~~~~[m[K
[17.187s] [01m[K/home/aliomacc/sti_usv/src/usv_sim/workspace_gz/plugins/ScoringPlugin.cc:293:11:[m[K [01;31m[Kerror: [m[K‘[01m[Kclass vrx::ScoringPlugin[m[K’ has no member named ‘[01m[KdataPtr[m[K’
[17.187s]   293 |     this->[01;31m[KdataPtr[m[K->taskState = "running";
[17.187s]       |           [01;31m[K^~~~~~~[m[K
[17.187s] [01m[K/home/aliomacc/sti_usv/src/usv_sim/workspace_gz/plugins/ScoringPlugin.cc:298:13:[m[K [01;31m[Kerror: [m[K‘[01m[Kclass vrx::ScoringPlugin[m[K’ has no member named ‘[01m[KdataPtr[m[K’
[17.187s]   298 |   if (this->[01;31m[KdataPtr[m[K->taskState == "running" && this->dataPtr->timedOut)
[17.187s]       |             [01;31m[K^~~~~~~[m[K
[17.187s] [01m[K/home/aliomacc/sti_usv/src/usv_sim/workspace_gz/plugins/ScoringPlugin.cc:298:54:[m[K [01;31m[Kerror: [m[K‘[01m[Kclass vrx::ScoringPlugin[m[K’ has no member named ‘[01m[KdataPtr[m[K’
[17.187s]   298 |   if (this->dataPtr->taskState == "running" && this->[01;31m[KdataPtr[m[K->timedOut)
[17.188s]       |                                                      [01;31m[K^~~~~~~[m[K
[17.188s] [01m[K/home/aliomacc/sti_usv/src/usv_sim/workspace_gz/plugins/ScoringPlugin.cc:300:11:[m[K [01;31m[Kerror: [m[K‘[01m[Kclass vrx::ScoringPlugin[m[K’ has no member named ‘[01m[KdataPtr[m[K’
[17.188s]   300 |     this->[01;31m[KdataPtr[m[K->taskState = "finished";
[17.188s]       |           [01;31m[K^~~~~~~[m[K
[17.188s] [01m[K/home/aliomacc/sti_usv/src/usv_sim/workspace_gz/plugins/ScoringPlugin.cc:305:13:[m[K [01;31m[Kerror: [m[K‘[01m[Kclass vrx::ScoringPlugin[m[K’ has no member named ‘[01m[KdataPtr[m[K’
[17.188s]   305 |   if (this->[01;31m[KdataPtr[m[K->taskState == "finished" &&
[17.188s]       |             [01;31m[K^~~~~~~[m[K
[17.188s] [01m[K/home/aliomacc/sti_usv/src/usv_sim/workspace_gz/plugins/ScoringPlugin.cc:306:13:[m[K [01;31m[Kerror: [m[K‘[01m[Kclass vrx::ScoringPlugin[m[K’ has no member named ‘[01m[KdataPtr[m[K’
[17.188s]   306 |       this->[01;31m[KdataPtr[m[K->currentTime >= this->dataPtr->exitTime)
[17.189s]       |             [01;31m[K^~~~~~~[m[K
[17.189s] [01m[K/home/aliomacc/sti_usv/src/usv_sim/workspace_gz/plugins/ScoringPlugin.cc:306:43:[m[K [01;31m[Kerror: [m[K‘[01m[Kclass vrx::ScoringPlugin[m[K’ has no member named ‘[01m[KdataPtr[m[K’
[17.189s]   306 |       this->dataPtr->currentTime >= this->[01;31m[KdataPtr[m[K->exitTime)
[17.193s]       |                                           [01;31m[K^~~~~~~[m[K
[17.193s] [01m[K/home/aliomacc/sti_usv/src/usv_sim/workspace_gz/plugins/ScoringPlugin.cc:308:11:[m[K [01;31m[Kerror: [m[K‘[01m[Kclass vrx::ScoringPlugin[m[K’ has no member named ‘[01m[KdataPtr[m[K’
[17.193s]   308 |     this->[01;31m[KdataPtr[m[K->Exit();
[17.193s]       |           [01;31m[K^~~~~~~[m[K
[17.194s] [01m[K/home/aliomacc/sti_usv/src/usv_sim/workspace_gz/plugins/ScoringPlugin.cc:[m[K At global scope:
[17.194s] [01m[K/home/aliomacc/sti_usv/src/usv_sim/workspace_gz/plugins/ScoringPlugin.cc:314:21:[m[K [01;31m[Kerror: [m[K‘[01m[Kvrx::ScoringPlugin::Implementation[m[K’ has not been declared
[17.194s]   314 | void ScoringPlugin::[01;31m[KImplementation[m[K::UpdateTaskMessage()
[17.194s]       |                     [01;31m[K^~~~~~~~~~~~~~[m[K
[17.194s] [01m[K/home/aliomacc/sti_usv/src/usv_sim/workspace_gz/plugins/ScoringPlugin.cc:[m[K In function ‘[01m[Kvoid UpdateTaskMessage()[m[K’:
[17.194s] [01m[K/home/aliomacc/sti_usv/src/usv_sim/workspace_gz/plugins/ScoringPlugin.cc:316:17:[m[K [01;31m[Kerror: [m[Kinvalid use of ‘[01m[Kthis[m[K’ in non-member function
[17.194s]   316 |   auto *param = [01;31m[Kthis[m[K->taskMsg.mutable_params();
[17.195s]       |                 [01;31m[K^~~~[m[K
[17.195s] [01m[K/home/aliomacc/sti_usv/src/usv_sim/workspace_gz/plugins/ScoringPlugin.cc:318:38:[m[K [01;31m[Kerror: [m[Kinvalid use of ‘[01m[Kthis[m[K’ in non-member function
[17.195s]   318 |   (*param)["state"].set_string_value([01;31m[Kthis[m[K->taskState);
[17.195s]       |                                      [01;31m[K^~~~[m[K
[17.195s] [01m[K/home/aliomacc/sti_usv/src/usv_sim/workspace_gz/plugins/ScoringPlugin.cc:319:45:[m[K [01;31m[Kerror: [m[Kinvalid use of ‘[01m[Kthis[m[K’ in non-member function
[17.195s]   319 |   (*param)["elapsed_time"].set_double_value([01;31m[Kthis[m[K->elapsedTime.count());
[17.195s]       |                                             [01;31m[K^~~~[m[K
[17.199s] [01m[K/home/aliomacc/sti_usv/src/usv_sim/workspace_gz/plugins/ScoringPlugin.cc:320:47:[m[K [01;31m[Kerror: [m[Kinvalid use of ‘[01m[Kthis[m[K’ in non-member function
[17.199s]   320 |   (*param)["remaining_time"].set_double_value([01;31m[Kthis[m[K->remainingTime.count());
[17.199s]       |                                               [01;31m[K^~~~[m[K
[17.199s] [01m[K/home/aliomacc/sti_usv/src/usv_sim/workspace_gz/plugins/ScoringPlugin.cc:321:40:[m[K [01;31m[Kerror: [m[Kinvalid use of ‘[01m[Kthis[m[K’ in non-member function
[17.199s]   321 |   (*param)["timed_out"].set_bool_value([01;31m[Kthis[m[K->timedOut);
[17.200s]       |                                        [01;31m[K^~~~[m[K
[17.200s] [01m[K/home/aliomacc/sti_usv/src/usv_sim/workspace_gz/plugins/ScoringPlugin.cc:322:44:[m[K [01;31m[Kerror: [m[Kinvalid use of ‘[01m[Kthis[m[K’ in non-member function
[17.200s]   322 |   (*param)["num_collisions"].set_int_value([01;31m[Kthis[m[K->numCollisions);
[17.200s]       |                                            [01;31m[K^~~~[m[K
[17.200s] [01m[K/home/aliomacc/sti_usv/src/usv_sim/workspace_gz/plugins/ScoringPlugin.cc:323:38:[m[K [01;31m[Kerror: [m[Kinvalid use of ‘[01m[Kthis[m[K’ in non-member function
[17.200s]   323 |   (*param)["score"].set_double_value([01;31m[Kthis[m[K->score);
[17.200s]       |                                      [01;31m[K^~~~[m[K
[17.200s] [01m[K/home/aliomacc/sti_usv/src/usv_sim/workspace_gz/plugins/ScoringPlugin.cc:[m[K At global scope:
[17.201s] [01m[K/home/aliomacc/sti_usv/src/usv_sim/workspace_gz/plugins/ScoringPlugin.cc:327:21:[m[K [01;31m[Kerror: [m[K‘[01m[Kvrx::ScoringPlugin::Implementation[m[K’ has not been declared
[17.201s]   327 | void ScoringPlugin::[01;31m[KImplementation[m[K::PublishStats()
[17.201s]       |                     [01;31m[K^~~~~~~~~~~~~~[m[K
[17.201s] [01m[K/home/aliomacc/sti_usv/src/usv_sim/workspace_gz/plugins/ScoringPlugin.cc:[m[K In function ‘[01m[Kvoid PublishStats()[m[K’:
[17.201s] [01m[K/home/aliomacc/sti_usv/src/usv_sim/workspace_gz/plugins/ScoringPlugin.cc:329:3:[m[K [01;31m[Kerror: [m[Kinvalid use of ‘[01m[Kthis[m[K’ in non-member function
[17.201s]   329 |   [01;31m[Kthis[m[K->UpdateTaskMessage();
[17.201s]       |   [01;31m[K^~~~[m[K
[17.202s] [01m[K/home/aliomacc/sti_usv/src/usv_sim/workspace_gz/plugins/ScoringPlugin.cc:332:7:[m[K [01;31m[Kerror: [m[Kinvalid use of ‘[01m[Kthis[m[K’ in non-member function
[17.202s]   332 |   if ([01;31m[Kthis[m[K->currentTime - this->lastStatsSent >=
[17.205s]       |       [01;31m[K^~~~[m[K
[17.205s] [01m[K/home/aliomacc/sti_usv/src/usv_sim/workspace_gz/plugins/ScoringPlugin.cc:332:27:[m[K [01;31m[Kerror: [m[Kinvalid use of ‘[01m[Kthis[m[K’ in non-member function
[17.205s]   332 |   if (this->currentTime - [01;31m[Kthis[m[K->lastStatsSent >=
[17.205s]       |                           [01;31m[K^~~~[m[K
[17.205s] [01m[K/home/aliomacc/sti_usv/src/usv_sim/workspace_gz/plugins/ScoringPlugin.cc:335:5:[m[K [01;31m[Kerror: [m[Kinvalid use of ‘[01m[Kthis[m[K’ in non-member function
[17.206s]   335 |     [01;31m[Kthis[m[K->taskPub.Publish(this->taskMsg);
[17.206s]       |     [01;31m[K^~~~[m[K
[17.206s] [01m[K/home/aliomacc/sti_usv/src/usv_sim/workspace_gz/plugins/ScoringPlugin.cc:335:27:[m[K [01;31m[Kerror: [m[Kinvalid use of ‘[01m[Kthis[m[K’ in non-member function
[17.206s]   335 |     this->taskPub.Publish([01;31m[Kthis[m[K->taskMsg);
[17.206s]       |                           [01;31m[K^~~~[m[K
[17.206s] [01m[K/home/aliomacc/sti_usv/src/usv_sim/workspace_gz/plugins/ScoringPlugin.cc:336:5:[m[K [01;31m[Kerror: [m[Kinvalid use of ‘[01m[Kthis[m[K’ in non-member function
[17.206s]   336 |     [01;31m[Kthis[m[K->lastStatsSent = this->currentTime;
[17.207s]       |     [01;31m[K^~~~[m[K
[17.207s] [01m[K/home/aliomacc/sti_usv/src/usv_sim/workspace_gz/plugins/ScoringPlugin.cc:336:27:[m[K [01;31m[Kerror: [m[Kinvalid use of ‘[01m[Kthis[m[K’ in non-member function
[17.207s]   336 |     this->lastStatsSent = [01;31m[Kthis[m[K->currentTime;
[17.207s]       |                           [01;31m[K^~~~[m[K
[17.207s] [01m[K/home/aliomacc/sti_usv/src/usv_sim/workspace_gz/plugins/ScoringPlugin.cc:[m[K At global scope:
[17.207s] [01m[K/home/aliomacc/sti_usv/src/usv_sim/workspace_gz/plugins/ScoringPlugin.cc:341:21:[m[K [01;31m[Kerror: [m[K‘[01m[Kvrx::ScoringPlugin::Implementation[m[K’ has not been declared
[17.207s]   341 | void ScoringPlugin::[01;31m[KImplementation[m[K::Exit()
[17.207s]       |                     [01;31m[K^~~~~~~~~~~~~~[m[K
[17.208s] [01m[K/home/aliomacc/sti_usv/src/usv_sim/workspace_gz/plugins/ScoringPlugin.cc:[m[K In function ‘[01m[Kvoid Exit()[m[K’:
[17.208s] [01m[K/home/aliomacc/sti_usv/src/usv_sim/workspace_gz/plugins/ScoringPlugin.cc:343:15:[m[K [01;31m[Kerror: [m[Kinvalid use of ‘[01m[Kthis[m[K’ in non-member function
[17.208s]   343 |   bool exit = [01;31m[Kthis[m[K->perPluginExitOnCompletion;
[17.208s]       |               [01;31m[K^~~~[m[K
[17.208s] [01m[K/home/aliomacc/sti_usv/src/usv_sim/workspace_gz/plugins/ScoringPlugin.cc:355:5:[m[K [01;31m[Kerror: [m[Kinvalid use of ‘[01m[Kthis[m[K’ in non-member function
[17.208s]   355 |     [01;31m[Kthis[m[K->eventManager->Emit<sim::events::Stop>();
[17.208s]       |     [01;31m[K^~~~[m[K
[17.212s] [01m[K/home/aliomacc/sti_usv/src/usv_sim/workspace_gz/plugins/ScoringPlugin.cc:355:47:[m[K [01;31m[Kerror: [m[Kexpected primary-expression before ‘[01m[K>[m[K’ token
[17.212s]   355 |     this->eventManager->Emit<sim::events::Stop[01;31m[K>[m[K();
[17.212s]       |                                               [01;31m[K^[m[K
[17.212s] [01m[K/home/aliomacc/sti_usv/src/usv_sim/workspace_gz/plugins/ScoringPlugin.cc:355:49:[m[K [01;31m[Kerror: [m[Kexpected primary-expression before ‘[01m[K)[m[K’ token
[17.212s]   355 |     this->eventManager->Emit<sim::events::Stop>([01;31m[K)[m[K;
[17.213s]       |                                                 [01;31m[K^[m[K
[17.213s] [01m[K/home/aliomacc/sti_usv/src/usv_sim/workspace_gz/plugins/ScoringPlugin.cc:[m[K In constructor ‘[01m[Kvrx::ScoringPlugin::ScoringPlugin()[m[K’:
[17.213s] [01m[K/home/aliomacc/sti_usv/src/usv_sim/workspace_gz/plugins/ScoringPlugin.cc:368:15:[m[K [01;31m[Kerror: [m[Kclass ‘[01m[Kvrx::ScoringPlugin[m[K’ does not have any field named ‘[01m[KdataPtr[m[K’
[17.213s]   368 |   : System(), [01;31m[KdataPtr[m[K(utils::MakeUniqueImpl<Implementation>())
[17.213s]       |               [01;31m[K^~~~~~~[m[K
[17.213s] [01m[K/home/aliomacc/sti_usv/src/usv_sim/workspace_gz/plugins/ScoringPlugin.cc:368:45:[m[K [01;31m[Kerror: [m[K‘[01m[KImplementation[m[K’ was not declared in this scope
[17.213s]   368 |   : System(), dataPtr(utils::MakeUniqueImpl<[01;31m[KImplementation[m[K>())
[17.213s]       |                                             [01;31m[K^~~~~~~~~~~~~~[m[K
[17.213s] [01m[K/home/aliomacc/sti_usv/src/usv_sim/workspace_gz/plugins/ScoringPlugin.cc:368:60:[m[K [01;31m[Kerror: [m[Kno matching function for call to ‘[01m[KMakeUniqueImpl<<expression error> >()[m[K’
[17.214s]   368 |   : System(), dataPtr([01;31m[Kutils::MakeUniqueImpl<Implementation>()[m[K)
[17.214s]       |                       [01;31m[K~~~~~~~~~~~~~~~~~~~~~~~~~~~~~~~~~~~~~^~[m[K
[17.214s] In file included from [01m[K/usr/include/ignition/utils1/gz/utils/ImplPtr.hh:259[m[K,
[17.214s]                  from [01m[K/usr/include/ignition/sdformat12/sdf/PrintConfig.hh:21[m[K,
[17.214s]                  from [01m[K/usr/include/ignition/sdformat12/sdf/Param.hh:39[m[K,
[17.214s]                  from [01m[K/usr/include/ignition/sdformat12/sdf/Element.hh:28[m[K,
[17.214s]                  from [01m[K/usr/include/ignition/gazebo6/gz/sim/Events.hh:20[m[K,
[17.214s]                  from [01m[K/home/aliomacc/sti_usv/src/usv_sim/workspace_gz/plugins/ScoringPlugin.cc:25[m[K:
[17.214s] [01m[K/usr/include/ignition/utils1/gz/utils/detail/ImplPtr.hh:142:22:[m[K [01;36m[Knote: [m[Kcandidate: ‘[01m[Ktemplate<class T, class ... Args> ignition::utils::UniqueImplPtr<T> ignition::utils::MakeUniqueImpl(Args&& ...)[m[K’
[17.214s]   142 |     UniqueImplPtr<T> [01;36m[KMakeUniqueImpl[m[K(Args &&...args)
[17.215s]       |                      [01;36m[K^~~~~~~~~~~~~~[m[K
[17.215s] [01m[K/usr/include/ignition/utils1/gz/utils/detail/ImplPtr.hh:142:22:[m[K [01;36m[Knote: [m[K  template argument deduction/substitution failed:
[17.215s] [01m[K/home/aliomacc/sti_usv/src/usv_sim/workspace_gz/plugins/ScoringPlugin.cc:368:60:[m[K [01;31m[Kerror: [m[Ktemplate argument 1 is invalid
[17.215s]   368 |   : System(), dataPtr([01;31m[Kutils::MakeUniqueImpl<Implementation>()[m[K)
[17.215s]       |                       [01;31m[K~~~~~~~~~~~~~~~~~~~~~~~~~~~~~~~~~~~~~^~[m[K
[17.215s] [01m[K/home/aliomacc/sti_usv/src/usv_sim/workspace_gz/plugins/ScoringPlugin.cc:[m[K In member function ‘[01m[Kvirtual void vrx::ScoringPlugin::Configure(const Entity&, const std::shared_ptr<const sdf::v12::Element>&, ignition::gazebo::v6::EntityComponentManager&, ignition::gazebo::v6::EventManager&)[m[K’:
[17.215s] [01m[K/home/aliomacc/sti_usv/src/usv_sim/workspace_gz/plugins/ScoringPlugin.cc:378:9:[m[K [01;31m[Kerror: [m[K‘[01m[Kclass vrx::ScoringPlugin[m[K’ has no member named ‘[01m[KdataPtr[m[K’
[17.215s]   378 |   this->[01;31m[KdataPtr[m[K->sdf = _sdf->Clone();
[17.215s]       |         [01;31m[K^~~~~~~[m[K
[17.216s] [01m[K/home/aliomacc/sti_usv/src/usv_sim/workspace_gz/plugins/ScoringPlugin.cc:379:9:[m[K [01;31m[Kerror: [m[K‘[01m[Kclass vrx::ScoringPlugin[m[K’ has no member named ‘[01m[KdataPtr[m[K’
[17.216s]   379 |   this->[01;31m[KdataPtr[m[K->eventManager = &_eventMgr;
[17.216s]       |         [01;31m[K^~~~~~~[m[K
[17.219s] [01m[K/home/aliomacc/sti_usv/src/usv_sim/workspace_gz/plugins/ScoringPlugin.cc:382:14:[m[K [01;31m[Kerror: [m[K‘[01m[Kclass vrx::ScoringPlugin[m[K’ has no member named ‘[01m[KdataPtr[m[K’
[17.219s]   382 |   if (!this->[01;31m[KdataPtr[m[K->ParseSDFParameters())
[17.219s]       |              [01;31m[K^~~~~~~[m[K
[17.219s] [01m[K/home/aliomacc/sti_usv/src/usv_sim/workspace_gz/plugins/ScoringPlugin.cc:388:9:[m[K [01;31m[Kerror: [m[K‘[01m[Kclass vrx::ScoringPlugin[m[K’ has no member named ‘[01m[KdataPtr[m[K’
[17.219s]   388 |   this->[01;31m[KdataPtr[m[K->readyTime =
[17.220s]       |         [01;31m[K^~~~~~~[m[K
[17.220s] [01m[K/home/aliomacc/sti_usv/src/usv_sim/workspace_gz/plugins/ScoringPlugin.cc:389:41:[m[K [01;31m[Kerror: [m[K‘[01m[Kclass vrx::ScoringPlugin[m[K’ has no member named ‘[01m[KdataPtr[m[K’
[17.220s]   389 |     std::chrono::duration<double>(this->[01;31m[KdataPtr[m[K->initialStateDuration);
[17.220s]       |                                         [01;31m[K^~~~~~~[m[K
[17.220s] [01m[K/home/aliomacc/sti_usv/src/usv_sim/workspace_gz/plugins/ScoringPlugin.cc:390:9:[m[K [01;31m[Kerror: [m[K‘[01m[Kclass vrx::ScoringPlugin[m[K’ has no member named ‘[01m[KdataPtr[m[K’
[17.220s]   390 |   this->[01;31m[KdataPtr[m[K->runningTime = this->dataPtr->readyTime +
[17.220s]       |         [01;31m[K^~~~~~~[m[K
[17.220s] [01m[K/home/aliomacc/sti_usv/src/usv_sim/workspace_gz/plugins/ScoringPlugin.cc:390:38:[m[K [01;31m[Kerror: [m[K‘[01m[Kclass vrx::ScoringPlugin[m[K’ has no member named ‘[01m[KdataPtr[m[K’
[17.220s]   390 |   this->dataPtr->runningTime = this->[01;31m[KdataPtr[m[K->readyTime +
[17.221s]       |                                      [01;31m[K^~~~~~~[m[K
[17.221s] [01m[K/home/aliomacc/sti_usv/src/usv_sim/workspace_gz/plugins/ScoringPlugin.cc:391:41:[m[K [01;31m[Kerror: [m[K‘[01m[Kclass vrx::ScoringPlugin[m[K’ has no member named ‘[01m[KdataPtr[m[K’
[17.221s]   391 |     std::chrono::duration<double>(this->[01;31m[KdataPtr[m[K->readyStateDuration);
[17.221s]       |                                         [01;31m[K^~~~~~~[m[K
[17.221s] [01m[K/home/aliomacc/sti_usv/src/usv_sim/workspace_gz/plugins/ScoringPlugin.cc:392:9:[m[K [01;31m[Kerror: [m[K‘[01m[Kclass vrx::ScoringPlugin[m[K’ has no member named ‘[01m[KdataPtr[m[K’
[17.221s]   392 |   this->[01;31m[KdataPtr[m[K->finishTime = this->dataPtr->runningTime +
[17.221s]       |         [01;31m[K^~~~~~~[m[K
[17.221s] [01m[K/home/aliomacc/sti_usv/src/usv_sim/workspace_gz/plugins/ScoringPlugin.cc:392:37:[m[K [01;31m[Kerror: [m[K‘[01m[Kclass vrx::ScoringPlugin[m[K’ has no member named ‘[01m[KdataPtr[m[K’
[17.221s]   392 |   this->dataPtr->finishTime = this->[01;31m[KdataPtr[m[K->runningTime +
[17.222s]       |                                     [01;31m[K^~~~~~~[m[K
[17.222s] [01m[K/home/aliomacc/sti_usv/src/usv_sim/workspace_gz/plugins/ScoringPlugin.cc:393:41:[m[K [01;31m[Kerror: [m[K‘[01m[Kclass vrx::ScoringPlugin[m[K’ has no member named ‘[01m[KdataPtr[m[K’
[17.222s]   393 |     std::chrono::duration<double>(this->[01;31m[KdataPtr[m[K->runningStateDuration);
[17.225s]       |                                         [01;31m[K^~~~~~~[m[K
[17.225s] [01m[K/home/aliomacc/sti_usv/src/usv_sim/workspace_gz/plugins/ScoringPlugin.cc:394:9:[m[K [01;31m[Kerror: [m[K‘[01m[Kclass vrx::ScoringPlugin[m[K’ has no member named ‘[01m[KdataPtr[m[K’
[17.225s]   394 |   this->[01;31m[KdataPtr[m[K->exitTime = this->dataPtr->finishTime +
[17.225s]       |         [01;31m[K^~~~~~~[m[K
[17.225s] [01m[K/home/aliomacc/sti_usv/src/usv_sim/workspace_gz/plugins/ScoringPlugin.cc:394:35:[m[K [01;31m[Kerror: [m[K‘[01m[Kclass vrx::ScoringPlugin[m[K’ has no member named ‘[01m[KdataPtr[m[K’
[17.226s]   394 |   this->dataPtr->exitTime = this->[01;31m[KdataPtr[m[K->finishTime +
[17.226s]       |                                   [01;31m[K^~~~~~~[m[K
[17.226s] [01m[K/home/aliomacc/sti_usv/src/usv_sim/workspace_gz/plugins/ScoringPlugin.cc:395:41:[m[K [01;31m[Kerror: [m[K‘[01m[Kclass vrx::ScoringPlugin[m[K’ has no member named ‘[01m[KdataPtr[m[K’
[17.226s]   395 |     std::chrono::duration<double>(this->[01;31m[KdataPtr[m[K->exitDelay);
[17.226s]       |                                         [01;31m[K^~~~~~~[m[K
[17.226s] [01m[K/home/aliomacc/sti_usv/src/usv_sim/workspace_gz/plugins/ScoringPlugin.cc:398:23:[m[K [01;31m[Kerror: [m[K‘[01m[Kclass vrx::ScoringPlugin[m[K’ has no member named ‘[01m[KdataPtr[m[K’
[17.226s]   398 |   auto *param = this->[01;31m[KdataPtr[m[K->taskMsg.mutable_params();
[17.226s]       |                       [01;31m[K^~~~~~~[m[K
[17.227s] [01m[K/home/aliomacc/sti_usv/src/usv_sim/workspace_gz/plugins/ScoringPlugin.cc:402:36:[m[K [01;31m[Kerror: [m[K‘[01m[Kclass vrx::ScoringPlugin[m[K’ has no member named ‘[01m[KdataPtr[m[K’
[17.227s]   402 |   nameValue.set_string_value(this->[01;31m[KdataPtr[m[K->taskName);
[17.227s]       |                                    [01;31m[K^~~~~~~[m[K
[17.227s] [01m[K/home/aliomacc/sti_usv/src/usv_sim/workspace_gz/plugins/ScoringPlugin.cc:411:41:[m[K [01;31m[Kerror: [m[K‘[01m[Kclass vrx::ScoringPlugin[m[K’ has no member named ‘[01m[KdataPtr[m[K’
[17.227s]   411 |   readyTimeValue.set_double_value(this->[01;31m[KdataPtr[m[K->readyTime.count());
[17.227s]       |                                         [01;31m[K^~~~~~~[m[K
[17.227s] [01m[K/home/aliomacc/sti_usv/src/usv_sim/workspace_gz/plugins/ScoringPlugin.cc:416:43:[m[K [01;31m[Kerror: [m[K‘[01m[Kclass vrx::ScoringPlugin[m[K’ has no member named ‘[01m[KdataPtr[m[K’
[17.227s]   416 |   runningTimeValue.set_double_value(this->[01;31m[KdataPtr[m[K->runningTime.count());
[17.227s]       |                                           [01;31m[K^~~~~~~[m[K
[17.227s] [01m[K/home/aliomacc/sti_usv/src/usv_sim/workspace_gz/plugins/ScoringPlugin.cc:439:9:[m[K [01;31m[Kerror: [m[K‘[01m[Kclass vrx::ScoringPlugin[m[K’ has no member named ‘[01m[KdataPtr[m[K’
[17.228s]   439 |   this->[01;31m[KdataPtr[m[K->UpdateTaskMessage();
[17.228s]       |         [01;31m[K^~~~~~~[m[K
[17.228s] [01m[K/home/aliomacc/sti_usv/src/usv_sim/workspace_gz/plugins/ScoringPlugin.cc:441:9:[m[K [01;31m[Kerror: [m[K‘[01m[Kclass vrx::ScoringPlugin[m[K’ has no member named ‘[01m[KdataPtr[m[K’
[17.228s]   441 |   this->[01;31m[KdataPtr[m[K->taskPub = this->dataPtr->node.Advertise<msgs::Param>(
[17.228s]       |         [01;31m[K^~~~~~~[m[K
[17.228s] [01m[K/home/aliomacc/sti_usv/src/usv_sim/workspace_gz/plugins/ScoringPlugin.cc:441:34:[m[K [01;31m[Kerror: [m[K‘[01m[Kclass vrx::ScoringPlugin[m[K’ has no member named ‘[01m[KdataPtr[m[K’
[17.228s]   441 |   this->dataPtr->taskPub = this->[01;31m[KdataPtr[m[K->node.Advertise<msgs::Param>(
[17.228s]       |                                  [01;31m[K^~~~~~~[m[K
[17.228s] [01m[K/home/aliomacc/sti_usv/src/usv_sim/workspace_gz/plugins/ScoringPlugin.cc:441:69:[m[K [01;31m[Kerror: [m[Kexpected primary-expression before ‘[01m[K>[m[K’ token
[17.229s]   441 |   this->dataPtr->taskPub = this->dataPtr->node.Advertise<msgs::Param[01;31m[K>[m[K(
[17.229s]       |                                                                     [01;31m[K^[m[K
[17.229s] [01m[K/home/aliomacc/sti_usv/src/usv_sim/workspace_gz/plugins/ScoringPlugin.cc:442:11:[m[K [01;31m[Kerror: [m[K‘[01m[Kclass vrx::ScoringPlugin[m[K’ has no member named ‘[01m[KdataPtr[m[K’
[17.232s]   442 |     this->[01;31m[KdataPtr[m[K->taskInfoTopic);
[17.232s]       |           [01;31m[K^~~~~~~[m[K
[17.232s] [01m[K/home/aliomacc/sti_usv/src/usv_sim/workspace_gz/plugins/ScoringPlugin.cc:444:9:[m[K [01;31m[Kerror: [m[K‘[01m[Kclass vrx::ScoringPlugin[m[K’ has no member named ‘[01m[KdataPtr[m[K’
[17.232s]   444 |   this->[01;31m[KdataPtr[m[K->releasePub = this->dataPtr->node.Advertise<msgs::Empty>(
[17.233s]       |         [01;31m[K^~~~~~~[m[K
[17.233s] [01m[K/home/aliomacc/sti_usv/src/usv_sim/workspace_gz/plugins/ScoringPlugin.cc:444:37:[m[K [01;31m[Kerror: [m[K‘[01m[Kclass vrx::ScoringPlugin[m[K’ has no member named ‘[01m[KdataPtr[m[K’
[17.233s]   444 |   this->dataPtr->releasePub = this->[01;31m[KdataPtr[m[K->node.Advertise<msgs::Empty>(
[17.233s]       |                                     [01;31m[K^~~~~~~[m[K
[17.233s] [01m[K/home/aliomacc/sti_usv/src/usv_sim/workspace_gz/plugins/ScoringPlugin.cc:444:72:[m[K [01;31m[Kerror: [m[Kexpected primary-expression before ‘[01m[K>[m[K’ token
[17.233s]   444 | this->dataPtr->releasePub = this->dataPtr->node.Advertise<msgs::Empty[01;31m[K>[m[K(
[17.233s]       |                                                                      [01;31m[K^[m[K
[17.233s] 
[17.233s] [01m[K/home/aliomacc/sti_usv/src/usv_sim/workspace_gz/plugins/ScoringPlugin.cc:445:11:[m[K [01;31m[Kerror: [m[K‘[01m[Kclass vrx::ScoringPlugin[m[K’ has no member named ‘[01m[KdataPtr[m[K’
[17.233s]   445 |     this->[01;31m[KdataPtr[m[K->releaseTopic);
[17.234s]       |           [01;31m[K^~~~~~~[m[K
[17.234s] [01m[K/home/aliomacc/sti_usv/src/usv_sim/workspace_gz/plugins/ScoringPlugin.cc:447:9:[m[K [01;31m[Kerror: [m[K‘[01m[Kclass vrx::ScoringPlugin[m[K’ has no member named ‘[01m[KdataPtr[m[K’
[17.234s]   447 |   this->[01;31m[KdataPtr[m[K->node.Subscribe("/vrx/contacts",
[17.234s]       |         [01;31m[K^~~~~~~[m[K
[17.234s] [01m[K/home/aliomacc/sti_usv/src/usv_sim/workspace_gz/plugins/ScoringPlugin.cc:453:13:[m[K [01;31m[Kerror: [m[K‘[01m[Kclass vrx::ScoringPlugin[m[K’ has no member named ‘[01m[KdataPtr[m[K’
[17.234s]   453 |       this->[01;31m[KdataPtr[m[K->debug = false;
[17.234s]       |             [01;31m[K^~~~~~~[m[K
[17.234s] [01m[K/home/aliomacc/sti_usv/src/usv_sim/workspace_gz/plugins/ScoringPlugin.cc:[m[K In member function ‘[01m[Kvirtual void vrx::ScoringPlugin::PreUpdate(const ignition::gazebo::v6::UpdateInfo&, ignition::gazebo::v6::EntityComponentManager&)[m[K’:
[17.234s] [01m[K/home/aliomacc/sti_usv/src/usv_sim/workspace_gz/plugins/ScoringPlugin.cc:466:3:[m[K [01;31m[Kerror: [m[K‘[01m[KGZ_PROFILE[m[K’ was not declared in this scope; did you mean ‘[01m[KIGN_PROFILE[m[K’?
[17.235s]   466 |   [01;31m[KGZ_PROFILE[m[K("ScoringPlugin::PreUpdate");
[17.235s]       |   [01;31m[K^~~~~~~~~~[m[K
[17.235s]       |   [32m[KIGN_PROFILE[m[K
[17.235s] [01m[K/home/aliomacc/sti_usv/src/usv_sim/workspace_gz/plugins/ScoringPlugin.cc:468:13:[m[K [01;31m[Kerror: [m[K‘[01m[Kclass vrx::ScoringPlugin[m[K’ has no member named ‘[01m[KdataPtr[m[K’
[17.235s]   468 |   if (this->[01;31m[KdataPtr[m[K->vehicleModel == sim::kNullEntity)
[17.235s]       |             [01;31m[K^~~~~~~[m[K
[17.235s] [01m[K/home/aliomacc/sti_usv/src/usv_sim/workspace_gz/plugins/ScoringPlugin.cc:470:53:[m[K [01;31m[Kerror: [m[K‘[01m[Kclass vrx::ScoringPlugin[m[K’ has no member named ‘[01m[KdataPtr[m[K’
[17.235s]   470 |     auto entity = sim::entitiesFromScopedName(this->[01;31m[KdataPtr[m[K->vehicleName, _ecm);
[17.235s]       |                                                     [01;31m[K^~~~~~~[m[K
[17.235s] [01m[K/home/aliomacc/sti_usv/src/usv_sim/workspace_gz/plugins/ScoringPlugin.cc:472:13:[m[K [01;31m[Kerror: [m[K‘[01m[Kclass vrx::ScoringPlugin[m[K’ has no member named ‘[01m[KdataPtr[m[K’
[17.236s]   472 |       this->[01;31m[KdataPtr[m[K->vehicleModel = *entity.begin();
[17.236s]       |             [01;31m[K^~~~~~~[m[K
[17.236s] [01m[K/home/aliomacc/sti_usv/src/usv_sim/workspace_gz/plugins/ScoringPlugin.cc:475:9:[m[K [01;31m[Kerror: [m[K‘[01m[Kclass vrx::ScoringPlugin[m[K’ has no member named ‘[01m[KdataPtr[m[K’
[17.240s]   475 |   this->[01;31m[KdataPtr[m[K->UpdateTime(_info.simTime);
[17.240s]       |         [01;31m[K^~~~~~~[m[K
[17.240s] [01m[K/home/aliomacc/sti_usv/src/usv_sim/workspace_gz/plugins/ScoringPlugin.cc:477:9:[m[K [01;31m[Kerror: [m[K‘[01m[Kclass vrx::ScoringPlugin[m[K’ has no member named ‘[01m[KdataPtr[m[K’
[17.240s]   477 |   this->[01;31m[KdataPtr[m[K->PublishStats();
[17.241s]       |         [01;31m[K^~~~~~~[m[K
[17.241s] [01m[K/home/aliomacc/sti_usv/src/usv_sim/workspace_gz/plugins/ScoringPlugin.cc:[m[K In member function ‘[01m[Kdouble vrx::ScoringPlugin::Score() const[m[K’:
[17.241s] [01m[K/home/aliomacc/sti_usv/src/usv_sim/workspace_gz/plugins/ScoringPlugin.cc:483:16:[m[K [01;31m[Kerror: [m[K‘[01m[Kconst class vrx::ScoringPlugin[m[K’ has no member named ‘[01m[KdataPtr[m[K’
[17.241s]   483 |   return this->[01;31m[KdataPtr[m[K->score;
[17.241s]       |                [01;31m[K^~~~~~~[m[K
[17.241s] [01m[K/home/aliomacc/sti_usv/src/usv_sim/workspace_gz/plugins/ScoringPlugin.cc:[m[K In member function ‘[01m[Kvoid vrx::ScoringPlugin::SetScore(double)[m[K’:
[17.241s] [01m[K/home/aliomacc/sti_usv/src/usv_sim/workspace_gz/plugins/ScoringPlugin.cc:490:11:[m[K [01;31m[Kerror: [m[K‘[01m[Kclass vrx::ScoringPlugin[m[K’ has no member named ‘[01m[KdataPtr[m[K’
[17.241s]   490 |     this->[01;31m[KdataPtr[m[K->score = _newScore;
[17.241s]       |           [01;31m[K^~~~~~~[m[K
[17.241s] [01m[K/home/aliomacc/sti_usv/src/usv_sim/workspace_gz/plugins/ScoringPlugin.cc:[m[K In member function ‘[01m[Kstd::string vrx::ScoringPlugin::TaskName() const[m[K’:
[17.242s] [01m[K/home/aliomacc/sti_usv/src/usv_sim/workspace_gz/plugins/ScoringPlugin.cc:496:16:[m[K [01;31m[Kerror: [m[K‘[01m[Kconst class vrx::ScoringPlugin[m[K’ has no member named ‘[01m[KdataPtr[m[K’
[17.242s]   496 |   return this->[01;31m[KdataPtr[m[K->taskName;
[17.242s]       |                [01;31m[K^~~~~~~[m[K
[17.242s] [01m[K/home/aliomacc/sti_usv/src/usv_sim/workspace_gz/plugins/ScoringPlugin.cc:[m[K In member function ‘[01m[Kstd::string vrx::ScoringPlugin::TaskState() const[m[K’:
[17.242s] [01m[K/home/aliomacc/sti_usv/src/usv_sim/workspace_gz/plugins/ScoringPlugin.cc:502:16:[m[K [01;31m[Kerror: [m[K‘[01m[Kconst class vrx::ScoringPlugin[m[K’ has no member named ‘[01m[KdataPtr[m[K’
[17.242s]   502 |   return this->[01;31m[KdataPtr[m[K->taskState;
[17.242s]       |                [01;31m[K^~~~~~~[m[K
[17.242s] [01m[K/home/aliomacc/sti_usv/src/usv_sim/workspace_gz/plugins/ScoringPlugin.cc:[m[K In member function ‘[01m[Kdouble vrx::ScoringPlugin::RunningStateDuration() const[m[K’:
[17.242s] [01m[K/home/aliomacc/sti_usv/src/usv_sim/workspace_gz/plugins/ScoringPlugin.cc:508:16:[m[K [01;31m[Kerror: [m[K‘[01m[Kconst class vrx::ScoringPlugin[m[K’ has no member named ‘[01m[KdataPtr[m[K’
[17.243s]   508 |   return this->[01;31m[KdataPtr[m[K->runningStateDuration;
[17.243s]       |                [01;31m[K^~~~~~~[m[K
[17.243s] [01m[K/home/aliomacc/sti_usv/src/usv_sim/workspace_gz/plugins/ScoringPlugin.cc:[m[K In member function ‘[01m[Kstd::chrono::duration<double> vrx::ScoringPlugin::ElapsedTime() const[m[K’:
[17.243s] [01m[K/home/aliomacc/sti_usv/src/usv_sim/workspace_gz/plugins/ScoringPlugin.cc:514:16:[m[K [01;31m[Kerror: [m[K‘[01m[Kconst class vrx::ScoringPlugin[m[K’ has no member named ‘[01m[KdataPtr[m[K’
[17.243s]   514 |   return this->[01;31m[KdataPtr[m[K->elapsedTime;
[17.243s]       |                [01;31m[K^~~~~~~[m[K
[17.243s] [01m[K/home/aliomacc/sti_usv/src/usv_sim/workspace_gz/plugins/ScoringPlugin.cc:[m[K In member function ‘[01m[Kstd::chrono::duration<double> vrx::ScoringPlugin::RemainingTime() const[m[K’:
[17.243s] [01m[K/home/aliomacc/sti_usv/src/usv_sim/workspace_gz/plugins/ScoringPlugin.cc:520:16:[m[K [01;31m[Kerror: [m[K‘[01m[Kconst class vrx::ScoringPlugin[m[K’ has no member named ‘[01m[KdataPtr[m[K’
[17.243s]   520 |   return this->[01;31m[KdataPtr[m[K->remainingTime;
[17.243s]       |                [01;31m[K^~~~~~~[m[K
[17.244s] [01m[K/home/aliomacc/sti_usv/src/usv_sim/workspace_gz/plugins/ScoringPlugin.cc:[m[K In member function ‘[01m[Kvoid vrx::ScoringPlugin::SetTimeoutScore(double)[m[K’:
[17.244s] [01m[K/home/aliomacc/sti_usv/src/usv_sim/workspace_gz/plugins/ScoringPlugin.cc:526:9:[m[K [01;31m[Kerror: [m[K‘[01m[Kclass vrx::ScoringPlugin[m[K’ has no member named ‘[01m[KdataPtr[m[K’
[17.244s]   526 |   this->[01;31m[KdataPtr[m[K->timeoutScore = _timeoutScore;
[17.250s]       |         [01;31m[K^~~~~~~[m[K
[17.250s] [01m[K/home/aliomacc/sti_usv/src/usv_sim/workspace_gz/plugins/ScoringPlugin.cc:[m[K In member function ‘[01m[Kdouble vrx::ScoringPlugin::TimeoutScore() const[m[K’:
[17.250s] [01m[K/home/aliomacc/sti_usv/src/usv_sim/workspace_gz/plugins/ScoringPlugin.cc:532:16:[m[K [01;31m[Kerror: [m[K‘[01m[Kconst class vrx::ScoringPlugin[m[K’ has no member named ‘[01m[KdataPtr[m[K’
[17.250s]   532 |   return this->[01;31m[KdataPtr[m[K->timeoutScore;
[17.250s]       |                [01;31m[K^~~~~~~[m[K
[17.251s] [01m[K/home/aliomacc/sti_usv/src/usv_sim/workspace_gz/plugins/ScoringPlugin.cc:[m[K In member function ‘[01m[Kvoid vrx::ScoringPlugin::Finish()[m[K’:
[17.251s] [01m[K/home/aliomacc/sti_usv/src/usv_sim/workspace_gz/plugins/ScoringPlugin.cc:538:13:[m[K [01;31m[Kerror: [m[K‘[01m[Kclass vrx::ScoringPlugin[m[K’ has no member named ‘[01m[KdataPtr[m[K’
[17.251s]   538 |   if (this->[01;31m[KdataPtr[m[K->taskState == "finished")
[17.251s]       |             [01;31m[K^~~~~~~[m[K
[17.251s] [01m[K/home/aliomacc/sti_usv/src/usv_sim/workspace_gz/plugins/ScoringPlugin.cc:541:9:[m[K [01;31m[Kerror: [m[K‘[01m[Kclass vrx::ScoringPlugin[m[K’ has no member named ‘[01m[KdataPtr[m[K’
[17.251s]   541 |   this->[01;31m[KdataPtr[m[K->taskState = "finished";
[17.251s]       |         [01;31m[K^~~~~~~[m[K
[17.251s] [01m[K/home/aliomacc/sti_usv/src/usv_sim/workspace_gz/plugins/ScoringPlugin.cc:542:9:[m[K [01;31m[Kerror: [m[K‘[01m[Kclass vrx::ScoringPlugin[m[K’ has no member named ‘[01m[KdataPtr[m[K’
[17.251s]   542 |   this->[01;31m[KdataPtr[m[K->exitTime = this->dataPtr->currentTime +
[17.252s]       |         [01;31m[K^~~~~~~[m[K
[17.252s] [01m[K/home/aliomacc/sti_usv/src/usv_sim/workspace_gz/plugins/ScoringPlugin.cc:542:35:[m[K [01;31m[Kerror: [m[K‘[01m[Kclass vrx::ScoringPlugin[m[K’ has no member named ‘[01m[KdataPtr[m[K’
[17.252s]   542 |   this->dataPtr->exitTime = this->[01;31m[KdataPtr[m[K->currentTime +
[17.252s]       |                                   [01;31m[K^~~~~~~[m[K
[17.252s] [01m[K/home/aliomacc/sti_usv/src/usv_sim/workspace_gz/plugins/ScoringPlugin.cc:543:41:[m[K [01;31m[Kerror: [m[K‘[01m[Kclass vrx::ScoringPlugin[m[K’ has no member named ‘[01m[KdataPtr[m[K’
[17.252s]   543 |     std::chrono::duration<double>(this->[01;31m[KdataPtr[m[K->exitDelay);
[17.252s]       |                                         [01;31m[K^~~~~~~[m[K
[17.252s] [01m[K/home/aliomacc/sti_usv/src/usv_sim/workspace_gz/plugins/ScoringPlugin.cc:[m[K In member function ‘[01m[Kstd::string vrx::ScoringPlugin::VehicleName() const[m[K’:
[17.252s] [01m[K/home/aliomacc/sti_usv/src/usv_sim/workspace_gz/plugins/ScoringPlugin.cc:550:16:[m[K [01;31m[Kerror: [m[K‘[01m[Kconst class vrx::ScoringPlugin[m[K’ has no member named ‘[01m[KdataPtr[m[K’
[17.252s]   550 |   return this->[01;31m[KdataPtr[m[K->vehicleName;
[17.253s]       |                [01;31m[K^~~~~~~[m[K
[17.253s] [01m[K/home/aliomacc/sti_usv/src/usv_sim/workspace_gz/plugins/ScoringPlugin.cc:[m[K At global scope:
[17.260s] [01m[K/home/aliomacc/sti_usv/src/usv_sim/workspace_gz/plugins/ScoringPlugin.cc:554:11:[m[K [01;31m[Kerror: [m[K‘[01m[Ksim[m[K’ in namespace ‘[01m[Kignition[m[K’ does not name a type
[17.260s]   554 | ignition::[01;31m[Ksim[m[K::Entity ScoringPlugin::VehicleEntity() const
[17.260s]       |           [01;31m[K^~~[m[K
[17.260s] [01m[K/home/aliomacc/sti_usv/src/usv_sim/workspace_gz/plugins/ScoringPlugin.cc:[m[K In member function ‘[01m[Kuint16_t vrx::ScoringPlugin::NumCollisions() const[m[K’:
[17.260s] [01m[K/home/aliomacc/sti_usv/src/usv_sim/workspace_gz/plugins/ScoringPlugin.cc:562:16:[m[K [01;31m[Kerror: [m[K‘[01m[Kconst class vrx::ScoringPlugin[m[K’ has no member named ‘[01m[KdataPtr[m[K’
[17.260s]   562 |   return this->[01;31m[KdataPtr[m[K->numCollisions;
[17.261s]       |                [01;31m[K^~~~~~~[m[K
[17.261s] [01m[K/home/aliomacc/sti_usv/src/usv_sim/workspace_gz/plugins/ScoringPlugin.cc:[m[K In member function ‘[01m[Kvirtual void vrx::ScoringPlugin::OnReady()[m[K’:
[17.261s] [01m[K/home/aliomacc/sti_usv/src/usv_sim/workspace_gz/plugins/ScoringPlugin.cc:568:14:[m[K [01;31m[Kerror: [m[K‘[01m[Kclass vrx::ScoringPlugin[m[K’ has no member named ‘[01m[KdataPtr[m[K’
[17.261s]   568 |   if (!this->[01;31m[KdataPtr[m[K->silent)
[17.261s]       |              [01;31m[K^~~~~~~[m[K
[17.261s] [01m[K/home/aliomacc/sti_usv/src/usv_sim/workspace_gz/plugins/ScoringPlugin.cc:[m[K In member function ‘[01m[Kvirtual void vrx::ScoringPlugin::OnRunning()[m[K’:
[17.261s] [01m[K/home/aliomacc/sti_usv/src/usv_sim/workspace_gz/plugins/ScoringPlugin.cc:578:14:[m[K [01;31m[Kerror: [m[K‘[01m[Kclass vrx::ScoringPlugin[m[K’ has no member named ‘[01m[KdataPtr[m[K’
[17.261s]   578 |   if (!this->[01;31m[KdataPtr[m[K->silent)
[17.261s]       |              [01;31m[K^~~~~~~[m[K
[17.261s] [01m[K/home/aliomacc/sti_usv/src/usv_sim/workspace_gz/plugins/ScoringPlugin.cc:[m[K In member function ‘[01m[Kvirtual void vrx::ScoringPlugin::OnFinished()[m[K’:
[17.262s] [01m[K/home/aliomacc/sti_usv/src/usv_sim/workspace_gz/plugins/ScoringPlugin.cc:588:14:[m[K [01;31m[Kerror: [m[K‘[01m[Kclass vrx::ScoringPlugin[m[K’ has no member named ‘[01m[KdataPtr[m[K’
[17.262s]   588 |   if (!this->[01;31m[KdataPtr[m[K->silent)
[17.262s]       |              [01;31m[K^~~~~~~[m[K
[17.262s] [01m[K/home/aliomacc/sti_usv/src/usv_sim/workspace_gz/plugins/ScoringPlugin.cc:591:20:[m[K [01;31m[Kerror: [m[K‘[01m[Kclass vrx::ScoringPlugin[m[K’ has no member named ‘[01m[KdataPtr[m[K’
[17.262s]   591 |           << this->[01;31m[KdataPtr[m[K->currentTime.count()  << std::endl;
[17.262s]       |                    [01;31m[K^~~~~~~[m[K
[17.262s] [01m[K/home/aliomacc/sti_usv/src/usv_sim/workspace_gz/plugins/ScoringPlugin.cc:596:13:[m[K [01;31m[Kerror: [m[K‘[01m[Kclass vrx::ScoringPlugin[m[K’ has no member named ‘[01m[KdataPtr[m[K’
[17.262s]   596 |   if (this->[01;31m[KdataPtr[m[K->timedOut && this->dataPtr->timeoutScore > 0.0)
[17.262s]       |             [01;31m[K^~~~~~~[m[K
[17.262s] [01m[K/home/aliomacc/sti_usv/src/usv_sim/workspace_gz/plugins/ScoringPlugin.cc:596:40:[m[K [01;31m[Kerror: [m[K‘[01m[Kclass vrx::ScoringPlugin[m[K’ has no member named ‘[01m[KdataPtr[m[K’
[17.263s]   596 |   if (this->dataPtr->timedOut && this->[01;31m[KdataPtr[m[K->timeoutScore > 0.0)
[17.263s]       |                                        [01;31m[K^~~~~~~[m[K
[17.263s] [01m[K/home/aliomacc/sti_usv/src/usv_sim/workspace_gz/plugins/ScoringPlugin.cc:598:11:[m[K [01;31m[Kerror: [m[K‘[01m[Kclass vrx::ScoringPlugin[m[K’ has no member named ‘[01m[KdataPtr[m[K’
[17.263s]   598 |     this->[01;31m[KdataPtr[m[K->score = this->dataPtr->timeoutScore;
[17.264s]       |           [01;31m[K^~~~~~~[m[K
[17.264s] [01m[K/home/aliomacc/sti_usv/src/usv_sim/workspace_gz/plugins/ScoringPlugin.cc:598:34:[m[K [01;31m[Kerror: [m[K‘[01m[Kclass vrx::ScoringPlugin[m[K’ has no member named ‘[01m[KdataPtr[m[K’
[17.264s]   598 |     this->dataPtr->score = this->[01;31m[KdataPtr[m[K->timeoutScore;
[17.264s]       |                                  [01;31m[K^~~~~~~[m[K
[17.264s] [01m[K/home/aliomacc/sti_usv/src/usv_sim/workspace_gz/plugins/ScoringPlugin.cc:600:9:[m[K [01;31m[Kerror: [m[K‘[01m[Kclass vrx::ScoringPlugin[m[K’ has no member named ‘[01m[KdataPtr[m[K’
[17.264s]   600 |   this->[01;31m[KdataPtr[m[K->UpdateTaskMessage();
[17.264s]       |         [01;31m[K^~~~~~~[m[K
[17.264s] [01m[K/home/aliomacc/sti_usv/src/usv_sim/workspace_gz/plugins/ScoringPlugin.cc:601:9:[m[K [01;31m[Kerror: [m[K‘[01m[Kclass vrx::ScoringPlugin[m[K’ has no member named ‘[01m[KdataPtr[m[K’
[17.264s]   601 |   this->[01;31m[KdataPtr[m[K->taskPub.Publish(this->dataPtr->taskMsg);
[17.264s]       |         [01;31m[K^~~~~~~[m[K
[17.265s] [01m[K/home/aliomacc/sti_usv/src/usv_sim/workspace_gz/plugins/ScoringPlugin.cc:601:40:[m[K [01;31m[Kerror: [m[K‘[01m[Kclass vrx::ScoringPlugin[m[K’ has no member named ‘[01m[KdataPtr[m[K’
[17.265s]   601 |   this->dataPtr->taskPub.Publish(this->[01;31m[KdataPtr[m[K->taskMsg);
[17.265s]       |                                        [01;31m[K^~~~~~~[m[K
[17.265s] [01m[K/home/aliomacc/sti_usv/src/usv_sim/workspace_gz/plugins/ScoringPlugin.cc:[m[K In member function ‘[01m[Kvoid vrx::ScoringPlugin::OnContacts(const ignition::msgs::Contacts&)[m[K’:
[17.265s] [01m[K/home/aliomacc/sti_usv/src/usv_sim/workspace_gz/plugins/ScoringPlugin.cc:623:14:[m[K [01;31m[Kerror: [m[K‘[01m[Kclass vrx::ScoringPlugin[m[K’ has no member named ‘[01m[KdataPtr[m[K’
[17.265s]   623 |       (this->[01;31m[KdataPtr[m[K->currentTime - this->dataPtr->lastCollisionTime).count() >
[17.265s]       |              [01;31m[K^~~~~~~[m[K
[17.265s] [01m[K/home/aliomacc/sti_usv/src/usv_sim/workspace_gz/plugins/ScoringPlugin.cc:623:43:[m[K [01;31m[Kerror: [m[K‘[01m[Kclass vrx::ScoringPlugin[m[K’ has no member named ‘[01m[KdataPtr[m[K’
[17.265s]   623 |       (this->dataPtr->currentTime - this->[01;31m[KdataPtr[m[K->lastCollisionTime).count() >
[17.266s]       |                                           [01;31m[K^~~~~~~[m[K
[17.266s] [01m[K/home/aliomacc/sti_usv/src/usv_sim/workspace_gz/plugins/ScoringPlugin.cc:624:13:[m[K [01;31m[Kerror: [m[K‘[01m[Kclass vrx::ScoringPlugin[m[K’ has no member named ‘[01m[KdataPtr[m[K’
[17.266s]   624 |       this->[01;31m[KdataPtr[m[K->collisionBuffer;
[17.266s]       |             [01;31m[K^~~~~~~[m[K
[17.266s] [01m[K/home/aliomacc/sti_usv/src/usv_sim/workspace_gz/plugins/ScoringPlugin.cc:628:15:[m[K [01;31m[Kerror: [m[K‘[01m[Kclass vrx::ScoringPlugin[m[K’ has no member named ‘[01m[KdataPtr[m[K’
[17.266s]   628 |       ++this->[01;31m[KdataPtr[m[K->numCollisions;
[17.266s]       |               [01;31m[K^~~~~~~[m[K
[17.266s] [01m[K/home/aliomacc/sti_usv/src/usv_sim/workspace_gz/plugins/ScoringPlugin.cc:629:18:[m[K [01;31m[Kerror: [m[K‘[01m[Kclass vrx::ScoringPlugin[m[K’ has no member named ‘[01m[KdataPtr[m[K’
[17.266s]   629 |       if (!this->[01;31m[KdataPtr[m[K->silent)
[17.266s]       |                  [01;31m[K^~~~~~~[m[K
[17.267s] [01m[K/home/aliomacc/sti_usv/src/usv_sim/workspace_gz/plugins/ScoringPlugin.cc:631:32:[m[K [01;31m[Kerror: [m[K‘[01m[Kclass vrx::ScoringPlugin[m[K’ has no member named ‘[01m[KdataPtr[m[K’
[17.267s]   631 |         igndbg << "[" << this->[01;31m[KdataPtr[m[K->numCollisions
[17.272s]       |                                [01;31m[K^~~~~~~[m[K
[17.272s] [01m[K/home/aliomacc/sti_usv/src/usv_sim/workspace_gz/plugins/ScoringPlugin.cc:638:13:[m[K [01;31m[Kerror: [m[K‘[01m[Kclass vrx::ScoringPlugin[m[K’ has no member named ‘[01m[KdataPtr[m[K’
[17.272s]   638 |       this->[01;31m[KdataPtr[m[K->lastCollisionTime = this->dataPtr->currentTime;
[17.272s]       |             [01;31m[K^~~~~~~[m[K
[17.272s] [01m[K/home/aliomacc/sti_usv/src/usv_sim/workspace_gz/plugins/ScoringPlugin.cc:638:48:[m[K [01;31m[Kerror: [m[K‘[01m[Kclass vrx::ScoringPlugin[m[K’ has no member named ‘[01m[KdataPtr[m[K’
[17.273s]   638 |       this->dataPtr->lastCollisionTime = this->[01;31m[KdataPtr[m[K->currentTime;
[17.273s]       |                                                [01;31m[K^~~~~~~[m[K
[17.273s] [01m[K/home/aliomacc/sti_usv/src/usv_sim/workspace_gz/plugins/ScoringPlugin.cc:640:13:[m[K [01;31m[Kerror: [m[K‘[01m[Kclass vrx::ScoringPlugin[m[K’ has no member named ‘[01m[KdataPtr[m[K’
[17.273s]   640 |       this->[01;31m[KdataPtr[m[K->collisionList.push_back(
[17.273s]       |             [01;31m[K^~~~~~~[m[K
[17.273s] [01m[K/home/aliomacc/sti_usv/src/usv_sim/workspace_gz/plugins/ScoringPlugin.cc:643:13:[m[K [01;31m[Kerror: [m[K‘[01m[Kclass vrx::ScoringPlugin[m[K’ has no member named ‘[01m[KdataPtr[m[K’
[17.273s]   643 |       this->[01;31m[KdataPtr[m[K->collisionTimestamps.push_back(
[17.273s]       |             [01;31m[K^~~~~~~[m[K
[17.273s] [01m[K/home/aliomacc/sti_usv/src/usv_sim/workspace_gz/plugins/ScoringPlugin.cc:644:15:[m[K [01;31m[Kerror: [m[K‘[01m[Kclass vrx::ScoringPlugin[m[K’ has no member named ‘[01m[KdataPtr[m[K’
[17.274s]   644 |         this->[01;31m[KdataPtr[m[K->currentTime.count());
[17.274s]       |               [01;31m[K^~~~~~~[m[K
[17.274s] [01m[K/home/aliomacc/sti_usv/src/usv_sim/workspace_gz/plugins/ScoringPlugin.cc:[m[K In member function ‘[01m[Kvirtual void vrx::ScoringPlugin::ReleaseVehicle()[m[K’:
[17.274s] [01m[K/home/aliomacc/sti_usv/src/usv_sim/workspace_gz/plugins/ScoringPlugin.cc:656:9:[m[K [01;31m[Kerror: [m[K‘[01m[Kclass vrx::ScoringPlugin[m[K’ has no member named ‘[01m[KdataPtr[m[K’
[17.274s]   656 |   this->[01;31m[KdataPtr[m[K->releasePub.Publish(msg);
[17.274s]       |         [01;31m[K^~~~~~~[m[K
[17.274s] [01m[K/home/aliomacc/sti_usv/src/usv_sim/workspace_gz/plugins/ScoringPlugin.cc:[m[K At global scope:
[17.274s] [01m[K/home/aliomacc/sti_usv/src/usv_sim/workspace_gz/plugins/ScoringPlugin.cc:664:1:[m[K [01;31m[Kerror: [m[Kexpected constructor, destructor, or type conversion before ‘[01m[KGZ_ADD_PLUGIN_ALIAS[m[K’
[17.274s]   664 | [01;31m[KGZ_ADD_PLUGIN_ALIAS[m[K(vrx::ScoringPlugin,
[17.274s]       | [01;31m[K^~~~~~~~~~~~~~~~~~~[m[K
[17.522s] [01m[K/home/aliomacc/sti_usv/src/usv_sim/workspace_gz/plugins/WaveVisual.cc:[m[K In member function ‘[01m[Kvirtual void vrx::WaveVisual::Configure(const Entity&, const std::shared_ptr<const sdf::v12::Element>&, ignition::gazebo::v6::EntityComponentManager&, ignition::gazebo::v6::EventManager&)[m[K’:
[17.522s] [01m[K/home/aliomacc/sti_usv/src/usv_sim/workspace_gz/plugins/WaveVisual.cc:138:3:[m[K [01;31m[Kerror: [m[K‘[01m[KGZ_PROFILE[m[K’ was not declared in this scope; did you mean ‘[01m[KIGN_PROFILE[m[K’?
[17.522s]   138 |   [01;31m[KGZ_PROFILE[m[K("WaveVisual::Configure");
[17.522s]       |   [01;31m[K^~~~~~~~~~[m[K
[17.523s]       |   [32m[KIGN_PROFILE[m[K
[17.573s] [01m[K/home/aliomacc/sti_usv/src/usv_sim/workspace_gz/plugins/WaveVisual.cc:[m[K In member function ‘[01m[Kvirtual void vrx::WaveVisual::PreUpdate(const ignition::gazebo::v6::UpdateInfo&, ignition::gazebo::v6::EntityComponentManager&)[m[K’:
[17.574s] [01m[K/home/aliomacc/sti_usv/src/usv_sim/workspace_gz/plugins/WaveVisual.cc:238:3:[m[K [01;31m[Kerror: [m[K‘[01m[KGZ_PROFILE[m[K’ was not declared in this scope; did you mean ‘[01m[KIGN_PROFILE[m[K’?
[17.574s]   238 |   [01;31m[KGZ_PROFILE[m[K("WaveVisual::PreUpdate");
[17.574s]       |   [01;31m[K^~~~~~~~~~[m[K
[17.574s]       |   [32m[KIGN_PROFILE[m[K
[17.601s] In file included from [01m[K/usr/include/ignition/rendering6/gz/rendering/Node.hh:22[m[K,
[17.601s]                  from [01m[K/usr/include/ignition/rendering6/gz/rendering/Storage.hh:24[m[K,
[17.601s]                  from [01m[K/usr/include/ignition/rendering6/gz/rendering/Scene.hh:34[m[K,
[17.601s]                  from [01m[K/home/aliomacc/sti_usv/src/usv_sim/workspace_gz/plugins/WaveVisual.cc:29[m[K:
[17.601s] /usr/include/c++/11/variant: In instantiation of ‘[01m[Kconstexpr std::add_pointer_t<_Tp> std::get_if(std::variant<_Types ...>*) [with _Tp = long unsigned int; _Types = {std::monostate, int, float, double, std::__cxx11::basic_string<char, std::char_traits<char>, std::allocator<char> >, bool, unsigned int}; std::add_pointer_t<_Tp> = long unsigned int*][m[K’:
[17.601s] [01m[K/home/aliomacc/sti_usv/src/usv_sim/workspace_gz/plugins/WaveVisual.cc:272:54:[m[K   required from here
[17.601s] [01m[K/usr/include/c++/11/variant:1185:42:[m[K [01;31m[Kerror: [m[Kstatic assertion failed: T must occur exactly once in alternatives
[17.602s]  1185 |       static_assert([01;31m[K__detail::__variant::__exactly_once<_Tp, _Types...>[m[K,
[17.602s]       |                     [01;31m[K~~~~~~~~~~~~~~~~~~~~~^~~~~~~~~~~~~~~~~~~~~~~~~~~~~~[m[K
[17.602s] [01m[K/usr/include/c++/11/variant:1185:42:[m[K [01;36m[Knote: [m[K‘[01m[Kstd::__detail::__variant::__exactly_once<long unsigned int, std::monostate, int, float, double, std::__cxx11::basic_string<char, std::char_traits<char>, std::allocator<char> >, bool, unsigned int>[m[K’ evaluates to false
[17.607s] /usr/include/c++/11/variant: In instantiation of ‘[01m[Kstruct std::variant_alternative<1, std::variant<unsigned int> >[m[K’:
[17.607s] [01m[K/usr/include/c++/11/variant:103:12:[m[K   recursively required from ‘[01m[Kstruct std::variant_alternative<6, std::variant<int, float, double, std::__cxx11::basic_string<char, std::char_traits<char>, std::allocator<char> >, bool, unsigned int> >[m[K’
[17.607s] [01m[K/usr/include/c++/11/variant:103:12:[m[K   required from ‘[01m[Kstruct std::variant_alternative<7, std::variant<std::monostate, int, float, double, std::__cxx11::basic_string<char, std::char_traits<char>, std::allocator<char> >, bool, unsigned int> >[m[K’
[17.607s] [01m[K/usr/include/c++/11/variant:1170:5:[m[K   required by substitution of ‘[01m[Ktemplate<long unsigned int _Np, class ... _Types> constexpr std::add_pointer_t<const typename std::variant_alternative<_Np, std::variant<_Types ...> >::type> std::get_if(const std::variant<_Types ...>*) [with long unsigned int _Np = 7; _Types = {std::monostate, int, float, double, std::__cxx11::basic_string<char, std::char_traits<char>, std::allocator<char> >, bool, unsigned int}][m[K’
[17.608s] [01m[K/usr/include/c++/11/variant:1188:76:[m[K   required from ‘[01m[Kconstexpr std::add_pointer_t<_Tp> std::get_if(std::variant<_Types ...>*) [with _Tp = long unsigned int; _Types = {std::monostate, int, float, double, std::__cxx11::basic_string<char, std::char_traits<char>, std::allocator<char> >, bool, unsigned int}; std::add_pointer_t<_Tp> = long unsigned int*][m[K’
[17.608s] [01m[K/home/aliomacc/sti_usv/src/usv_sim/workspace_gz/plugins/WaveVisual.cc:272:54:[m[K   required from here
[17.608s] [01m[K/usr/include/c++/11/variant:103:12:[m[K [01;31m[Kerror: [m[Kinvalid use of incomplete type ‘[01m[Kstruct std::variant_alternative<0, std::variant<> >[m[K’
[17.608s]   103 |     struct [01;31m[Kvariant_alternative<_Np, variant<_First, _Rest...>>[m[K
[17.608s]       |            [01;31m[K^~~~~~~~~~~~~~~~~~~~~~~~~~~~~~~~~~~~~~~~~~~~~~~~~~~[m[K
[17.608s] [01m[K/usr/include/c++/11/variant:100:12:[m[K [01;36m[Knote: [m[Kdeclaration of ‘[01m[Kstruct std::variant_alternative<0, std::variant<> >[m[K’
[17.608s]   100 |     struct [01;36m[Kvariant_alternative[m[K;
[17.608s]       |            [01;36m[K^~~~~~~~~~~~~~~~~~~[m[K
[17.608s] /usr/include/c++/11/variant: In instantiation of ‘[01m[Kconstexpr std::add_pointer_t<_Tp> std::get_if(std::variant<_Types ...>*) [with _Tp = long unsigned int; _Types = {std::monostate, int, float, double, std::__cxx11::basic_string<char, std::char_traits<char>, std::allocator<char> >, bool, unsigned int}; std::add_pointer_t<_Tp> = long unsigned int*][m[K’:
[17.609s] [01m[K/home/aliomacc/sti_usv/src/usv_sim/workspace_gz/plugins/WaveVisual.cc:272:54:[m[K   required from here
[17.609s] [01m[K/usr/include/c++/11/variant:1188:76:[m[K [01;31m[Kerror: [m[Kno matching function for call to ‘[01m[Kget_if<std::__detail::__variant::__index_of_v<long unsigned int, std::monostate, int, float, double, std::__cxx11::basic_string<char, std::char_traits<char>, std::allocator<char> >, bool, unsigned int> >(std::variant<std::monostate, int, float, double, std::__cxx11::basic_string<char, std::char_traits<char>, std::allocator<char> >, bool, unsigned int>*&)[m[K’
[17.609s]  1188 |       return [01;31m[Kstd::get_if<__detail::__variant::__index_of_v<_Tp, _Types...>>([m[K
[17.609s]       |              [01;31m[K~~~~~~~~~~~~~~~~~~~~~~~~~~~~~~~~~~~~~~~~~~~~~~~~~~~~~~~~~~~~~~^[m[K
[17.609s]  1189 | [01;31m[K          __ptr)[m[K;
[17.609s]       |           [01;31m[K~~~~~~[m[K                                                            
[17.609s] [01m[K/usr/include/c++/11/variant:1156:5:[m[K [01;36m[Knote: [m[Kcandidate: ‘[01m[Ktemplate<long unsigned int _Np, class ... _Types> constexpr std::add_pointer_t<typename std::variant_alternative<_Np, std::variant<_Types ...> >::type> std::get_if(std::variant<_Types ...>*)[m[K’
[17.609s]  1156 |     [01;36m[Kget_if[m[K(variant<_Types...>* __ptr) noexcept
[17.609s]       |     [01;36m[K^~~~~~[m[K
[17.609s] [01m[K/usr/include/c++/11/variant:1156:5:[m[K [01;36m[Knote: [m[K  template argument deduction/substitution failed:
[17.610s] /usr/include/c++/11/variant: In substitution of ‘[01m[Ktemplate<long unsigned int _Np, class ... _Types> constexpr std::add_pointer_t<typename std::variant_alternative<_Np, std::variant<_Types ...> >::type> std::get_if(std::variant<_Types ...>*) [with long unsigned int _Np = 7; _Types = {std::monostate, int, float, double, std::__cxx11::basic_string<char, std::char_traits<char>, std::allocator<char> >, bool, unsigned int}][m[K’:
[17.610s] [01m[K/usr/include/c++/11/variant:1188:76:[m[K   required from ‘[01m[Kconstexpr std::add_pointer_t<_Tp> std::get_if(std::variant<_Types ...>*) [with _Tp = long unsigned int; _Types = {std::monostate, int, float, double, std::__cxx11::basic_string<char, std::char_traits<char>, std::allocator<char> >, bool, unsigned int}; std::add_pointer_t<_Tp> = long unsigned int*][m[K’
[17.610s] [01m[K/home/aliomacc/sti_usv/src/usv_sim/workspace_gz/plugins/WaveVisual.cc:272:54:[m[K   required from here
[17.610s] [01m[K/usr/include/c++/11/variant:1156:5:[m[K [01;31m[Kerror: [m[Kno type named ‘[01m[Ktype[m[K’ in ‘[01m[Kstruct std::variant_alternative<7, std::variant<std::monostate, int, float, double, std::__cxx11::basic_string<char, std::char_traits<char>, std::allocator<char> >, bool, unsigned int> >[m[K’
[17.610s] /usr/include/c++/11/variant: In instantiation of ‘[01m[Kconstexpr std::add_pointer_t<_Tp> std::get_if(std::variant<_Types ...>*) [with _Tp = long unsigned int; _Types = {std::monostate, int, float, double, std::__cxx11::basic_string<char, std::char_traits<char>, std::allocator<char> >, bool, unsigned int}; std::add_pointer_t<_Tp> = long unsigned int*][m[K’:
[17.610s] [01m[K/home/aliomacc/sti_usv/src/usv_sim/workspace_gz/plugins/WaveVisual.cc:272:54:[m[K   required from here
[17.610s] [01m[K/usr/include/c++/11/variant:1170:5:[m[K [01;36m[Knote: [m[Kcandidate: ‘[01m[Ktemplate<long unsigned int _Np, class ... _Types> constexpr std::add_pointer_t<const typename std::variant_alternative<_Np, std::variant<_Types ...> >::type> std::get_if(const std::variant<_Types ...>*)[m[K’
[17.610s]  1170 |     [01;36m[Kget_if[m[K(const variant<_Types...>* __ptr) noexcept
[17.611s]       |     [01;36m[K^~~~~~[m[K
[17.611s] [01m[K/usr/include/c++/11/variant:1170:5:[m[K [01;36m[Knote: [m[K  substitution of deduced template arguments resulted in errors seen above
[17.611s] [01m[K/usr/include/c++/11/variant:1183:5:[m[K [01;36m[Knote: [m[Kcandidate: ‘[01m[Ktemplate<class _Tp, class ... _Types> constexpr std::add_pointer_t<_Tp> std::get_if(std::variant<_Types ...>*)[m[K’
[17.615s]  1183 |     [01;36m[Kget_if[m[K(variant<_Types...>* __ptr) noexcept
[17.615s]       |     [01;36m[K^~~~~~[m[K
[17.615s] [01m[K/usr/include/c++/11/variant:1183:5:[m[K [01;36m[Knote: [m[K  template argument deduction/substitution failed:
[17.615s] [01m[K/usr/include/c++/11/variant:1188:76:[m[K [01;31m[Kerror: [m[Ktype/value mismatch at argument 1 in template parameter list for ‘[01m[Ktemplate<class _Tp, class ... _Types> constexpr std::add_pointer_t<_Tp> std::get_if(std::variant<_Types ...>*)[m[K’
[17.616s]  1188 |       return [01;31m[Kstd::get_if<__detail::__variant::__index_of_v<_Tp, _Types...>>([m[K
[17.616s]       |              [01;31m[K~~~~~~~~~~~~~~~~~~~~~~~~~~~~~~~~~~~~~~~~~~~~~~~~~~~~~~~~~~~~~~^[m[K
[17.616s]  1189 | [01;31m[K          __ptr)[m[K;
[17.616s]       |           [01;31m[K~~~~~~[m[K                                                            
[17.616s] [01m[K/usr/include/c++/11/variant:1188:76:[m[K [01;36m[Knote: [m[K  expected a type, got ‘[01m[Kstd::__detail::__variant::__index_of_v<long unsigned int, std::monostate, int, float, double, std::__cxx11::basic_string<char, std::char_traits<char>, std::allocator<char> >, bool, unsigned int>[m[K’
[17.623s] [01m[K/home/aliomacc/sti_usv/src/usv_sim/workspace_gz/plugins/WaveVisual.cc:[m[K At global scope:
[17.623s] [01m[K/home/aliomacc/sti_usv/src/usv_sim/workspace_gz/plugins/WaveVisual.cc:448:1:[m[K [01;31m[Kerror: [m[Kexpected constructor, destructor, or type conversion before ‘[01m[KGZ_ADD_PLUGIN_ALIAS[m[K’
[17.623s]   448 | [01;31m[KGZ_ADD_PLUGIN_ALIAS[m[K(WaveVisual, "vrx::WaveVisual")
[17.624s]       | [01;31m[K^~~~~~~~~~~~~~~~~~~[m[K
[18.560s] In file included from [01m[K/home/aliomacc/sti_usv/src/usv_sim/workspace_gz/plugins/USVWind.cc:16[m[K:
[18.560s] [01m[K/home/aliomacc/sti_usv/src/usv_sim/workspace_gz/plugins/USVWind.hh:92:35:[m[K [01;31m[Kerror: [m[K‘[01m[KdataPtr[m[K’ has not been declared
[18.560s]    92 |          GZ_UTILS_UNIQUE_IMPL_PTR([01;31m[KdataPtr[m[K);
[18.560s]       |                                   [01;31m[K^~~~~~~[m[K
[18.560s] [01m[K/home/aliomacc/sti_usv/src/usv_sim/workspace_gz/plugins/USVWind.hh:92:10:[m[K [01;31m[Kerror: [m[KISO C++ forbids declaration of ‘[01m[KGZ_UTILS_UNIQUE_IMPL_PTR[m[K’ with no type [[01;31m[K]8;;https://gcc.gnu.org/onlinedocs/gcc/Warning-Options.html#index-fpermissive-fpermissive]8;;[m[K]
[18.561s]    92 |          [01;31m[KGZ_UTILS_UNIQUE_IMPL_PTR[m[K(dataPtr);
[18.561s]       |          [01;31m[K^~~~~~~~~~~~~~~~~~~~~~~~[m[K
[18.561s] [01m[K/home/aliomacc/sti_usv/src/usv_sim/workspace_gz/plugins/USVWind.cc:32:1:[m[K [01;31m[Kerror: [m[Kqualified name does not name a class before ‘[01m[K{[m[K’ token
[18.561s]    32 | [01;31m[K{[m[K
[18.561s]       | [01;31m[K^[m[K
[18.561s] [01m[K/home/aliomacc/sti_usv/src/usv_sim/workspace_gz/plugins/USVWind.cc:[m[K In constructor ‘[01m[Kvrx::USVWind::USVWind()[m[K’:
[18.561s] [01m[K/home/aliomacc/sti_usv/src/usv_sim/workspace_gz/plugins/USVWind.cc:110:22:[m[K [01;31m[Kerror: [m[Kclass ‘[01m[Kvrx::USVWind[m[K’ does not have any field named ‘[01m[KdataPtr[m[K’
[18.561s]   110 | USVWind::USVWind() : [01;31m[KdataPtr[m[K(utils::MakeUniqueImpl<Implementation>())
[18.561s]       |                      [01;31m[K^~~~~~~[m[K
[18.580s] [01m[K/home/aliomacc/sti_usv/src/usv_sim/workspace_gz/plugins/USVWind.cc:110:52:[m[K [01;31m[Kerror: [m[K‘[01m[KImplementation[m[K’ was not declared in this scope
[18.580s]   110 | USVWind::USVWind() : dataPtr(utils::MakeUniqueImpl<[01;31m[KImplementation[m[K>())
[18.580s]       |                                                    [01;31m[K^~~~~~~~~~~~~~[m[K
[18.580s] [01m[K/home/aliomacc/sti_usv/src/usv_sim/workspace_gz/plugins/USVWind.cc:110:67:[m[K [01;31m[Kerror: [m[Kno matching function for call to ‘[01m[KMakeUniqueImpl<<expression error> >()[m[K’
[18.580s]   110 | USVWind::USVWind() : dataPtr([01;31m[Kutils::MakeUniqueImpl<Implementation>()[m[K)
[18.580s]       |                              [01;31m[K~~~~~~~~~~~~~~~~~~~~~~~~~~~~~~~~~~~~~^~[m[K
[18.580s] In file included from [01m[K/usr/include/ignition/utils1/gz/utils/ImplPtr.hh:259[m[K,
[18.581s]                  from [01m[K/usr/include/ignition/sdformat12/sdf/Actor.hh:24[m[K,
[18.581s]                  from [01m[K/usr/include/ignition/sdformat12/sdformat.hh:23[m[K,
[18.581s]                  from [01m[K/usr/include/ignition/sdformat12/sdf/sdf.hh:23[m[K,
[18.581s]                  from [01m[K/home/aliomacc/sti_usv/src/usv_sim/workspace_gz/plugins/USVWind.cc:6[m[K:
[18.581s] [01m[K/usr/include/ignition/utils1/gz/utils/detail/ImplPtr.hh:142:22:[m[K [01;36m[Knote: [m[Kcandidate: ‘[01m[Ktemplate<class T, class ... Args> ignition::utils::UniqueImplPtr<T> ignition::utils::MakeUniqueImpl(Args&& ...)[m[K’
[18.581s]   142 |     UniqueImplPtr<T> [01;36m[KMakeUniqueImpl[m[K(Args &&...args)
[18.581s]       |                      [01;36m[K^~~~~~~~~~~~~~[m[K
[18.581s] [01m[K/usr/include/ignition/utils1/gz/utils/detail/ImplPtr.hh:142:22:[m[K [01;36m[Knote: [m[K  template argument deduction/substitution failed:
[18.581s] [01m[K/home/aliomacc/sti_usv/src/usv_sim/workspace_gz/plugins/USVWind.cc:110:67:[m[K [01;31m[Kerror: [m[Ktemplate argument 1 is invalid
[18.581s]   110 | USVWind::USVWind() : dataPtr([01;31m[Kutils::MakeUniqueImpl<Implementation>()[m[K)
[18.582s]       |                              [01;31m[K~~~~~~~~~~~~~~~~~~~~~~~~~~~~~~~~~~~~~^~[m[K
[18.590s] [01m[K/home/aliomacc/sti_usv/src/usv_sim/workspace_gz/plugins/USVWind.cc:[m[K In member function ‘[01m[Kvirtual void vrx::USVWind::Configure(const Entity&, const std::shared_ptr<const sdf::v12::Element>&, ignition::gazebo::v6::EntityComponentManager&, ignition::gazebo::v6::EventManager&)[m[K’:
[18.590s] [01m[K/home/aliomacc/sti_usv/src/usv_sim/workspace_gz/plugins/USVWind.cc:159:13:[m[K [01;31m[Kerror: [m[K‘[01m[Kclass vrx::USVWind[m[K’ has no member named ‘[01m[KdataPtr[m[K’
[18.590s]   159 |       this->[01;31m[KdataPtr[m[K->windObjs.push_back(obj);
[18.591s]       |             [01;31m[K^~~~~~~[m[K
[18.591s] [01m[K/home/aliomacc/sti_usv/src/usv_sim/workspace_gz/plugins/USVWind.cc:168:11:[m[K [01;31m[Kerror: [m[K‘[01m[Kclass vrx::USVWind[m[K’ has no member named ‘[01m[KdataPtr[m[K’
[18.591s]   168 |     this->[01;31m[KdataPtr[m[K->windDirection.X(cos(windAngle * M_PI / 180));
[18.591s]       |           [01;31m[K^~~~~~~[m[K
[18.591s] [01m[K/home/aliomacc/sti_usv/src/usv_sim/workspace_gz/plugins/USVWind.cc:169:11:[m[K [01;31m[Kerror: [m[K‘[01m[Kclass vrx::USVWind[m[K’ has no member named ‘[01m[KdataPtr[m[K’
[18.591s]   169 |     this->[01;31m[KdataPtr[m[K->windDirection.Y(sin(windAngle * M_PI / 180));
[18.591s]       |           [01;31m[K^~~~~~~[m[K
[18.591s] [01m[K/home/aliomacc/sti_usv/src/usv_sim/workspace_gz/plugins/USVWind.cc:170:11:[m[K [01;31m[Kerror: [m[K‘[01m[Kclass vrx::USVWind[m[K’ has no member named ‘[01m[KdataPtr[m[K’
[18.592s]   170 |     this->[01;31m[KdataPtr[m[K->windDirection.Z(0);
[18.592s]       |           [01;31m[K^~~~~~~[m[K
[18.592s] [01m[K/home/aliomacc/sti_usv/src/usv_sim/workspace_gz/plugins/USVWind.cc:171:11:[m[K [01;31m[Kerror: [m[K‘[01m[Kclass vrx::USVWind[m[K’ has no member named ‘[01m[KdataPtr[m[K’
[18.595s]   171 |     this->[01;31m[KdataPtr[m[K->windDirMsg.set_data(windAngle);
[18.595s]       |           [01;31m[K^~~~~~~[m[K
[18.595s] [01m[K/home/aliomacc/sti_usv/src/usv_sim/workspace_gz/plugins/USVWind.cc:174:54:[m[K [01;31m[Kerror: [m[K‘[01m[Kclass vrx::USVWind[m[K’ has no member named ‘[01m[KdataPtr[m[K’
[18.595s]   174 |   ignmsg << "Wind direction unit vector = " << this->[01;31m[KdataPtr[m[K->windDirection
[18.596s]       |                                                      [01;31m[K^~~~~~~[m[K
[18.596s] [01m[K/home/aliomacc/sti_usv/src/usv_sim/workspace_gz/plugins/USVWind.cc:179:11:[m[K [01;31m[Kerror: [m[K‘[01m[Kclass vrx::USVWind[m[K’ has no member named ‘[01m[KdataPtr[m[K’
[18.596s]   179 |     this->[01;31m[KdataPtr[m[K->windMeanVelocity =
[18.596s]       |           [01;31m[K^~~~~~~[m[K
[18.596s] [01m[K/home/aliomacc/sti_usv/src/usv_sim/workspace_gz/plugins/USVWind.cc:183:46:[m[K [01;31m[Kerror: [m[K‘[01m[Kclass vrx::USVWind[m[K’ has no member named ‘[01m[KdataPtr[m[K’
[18.596s]   183 |   ignmsg << "Wind mean velocity = " << this->[01;31m[KdataPtr[m[K->windMeanVelocity
[18.596s]       |                                              [01;31m[K^~~~~~~[m[K
[18.596s] [01m[K/home/aliomacc/sti_usv/src/usv_sim/workspace_gz/plugins/USVWind.cc:188:11:[m[K [01;31m[Kerror: [m[K‘[01m[Kclass vrx::USVWind[m[K’ has no member named ‘[01m[KdataPtr[m[K’
[18.596s]   188 |     this->[01;31m[KdataPtr[m[K->gainConstant =
[18.596s]       |           [01;31m[K^~~~~~~[m[K
[18.597s] [01m[K/home/aliomacc/sti_usv/src/usv_sim/workspace_gz/plugins/USVWind.cc:192:51:[m[K [01;31m[Kerror: [m[K‘[01m[Kclass vrx::USVWind[m[K’ has no member named ‘[01m[KdataPtr[m[K’
[18.597s]   192 |   ignmsg << "var wind gain constants = " << this->[01;31m[KdataPtr[m[K->gainConstant
[18.597s]       |                                                   [01;31m[K^~~~~~~[m[K
[18.597s] [01m[K/home/aliomacc/sti_usv/src/usv_sim/workspace_gz/plugins/USVWind.cc:197:11:[m[K [01;31m[Kerror: [m[K‘[01m[Kclass vrx::USVWind[m[K’ has no member named ‘[01m[KdataPtr[m[K’
[18.597s]   197 |     this->[01;31m[KdataPtr[m[K->timeConstant =
[18.597s]       |           [01;31m[K^~~~~~~[m[K
[18.597s] [01m[K/home/aliomacc/sti_usv/src/usv_sim/workspace_gz/plugins/USVWind.cc:201:51:[m[K [01;31m[Kerror: [m[K‘[01m[Kclass vrx::USVWind[m[K’ has no member named ‘[01m[KdataPtr[m[K’
[18.597s]   201 |   ignmsg << "var wind time constants = " << this->[01;31m[KdataPtr[m[K->timeConstant
[18.597s]       |                                                   [01;31m[K^~~~~~~[m[K
[18.597s] [01m[K/home/aliomacc/sti_usv/src/usv_sim/workspace_gz/plugins/USVWind.cc:206:11:[m[K [01;31m[Kerror: [m[K‘[01m[Kclass vrx::USVWind[m[K’ has no member named ‘[01m[KdataPtr[m[K’
[18.597s]   206 |     this->[01;31m[KdataPtr[m[K->updateRate =
[18.597s]       |           [01;31m[K^~~~~~~[m[K
[18.598s] [01m[K/home/aliomacc/sti_usv/src/usv_sim/workspace_gz/plugins/USVWind.cc:210:40:[m[K [01;31m[Kerror: [m[K‘[01m[Kclass vrx::USVWind[m[K’ has no member named ‘[01m[KdataPtr[m[K’
[18.598s]   210 |   ignmsg << "update rate  = " << this->[01;31m[KdataPtr[m[K->updateRate << std::endl;
[18.598s]       |                                        [01;31m[K^~~~~~~[m[K
[18.598s] [01m[K/home/aliomacc/sti_usv/src/usv_sim/workspace_gz/plugins/USVWind.cc:214:11:[m[K [01;31m[Kerror: [m[K‘[01m[Kclass vrx::USVWind[m[K’ has no member named ‘[01m[KdataPtr[m[K’
[18.598s]   214 |     this->[01;31m[KdataPtr[m[K->topicWindSpeed =
[18.598s]       |           [01;31m[K^~~~~~~[m[K
[18.598s] [01m[K/home/aliomacc/sti_usv/src/usv_sim/workspace_gz/plugins/USVWind.cc:218:45:[m[K [01;31m[Kerror: [m[K‘[01m[Kclass vrx::USVWind[m[K’ has no member named ‘[01m[KdataPtr[m[K’
[18.598s]   218 |   ignmsg << "topic wind speed  = " << this->[01;31m[KdataPtr[m[K->topicWindSpeed << std::endl;
[18.598s]       |                                             [01;31m[K^~~~~~~[m[K
[18.598s] [01m[K/home/aliomacc/sti_usv/src/usv_sim/workspace_gz/plugins/USVWind.cc:222:11:[m[K [01;31m[Kerror: [m[K‘[01m[Kclass vrx::USVWind[m[K’ has no member named ‘[01m[KdataPtr[m[K’
[18.598s]   222 |     this->[01;31m[KdataPtr[m[K->topicWindDirection =
[18.599s]       |           [01;31m[K^~~~~~~[m[K
[18.599s] [01m[K/home/aliomacc/sti_usv/src/usv_sim/workspace_gz/plugins/USVWind.cc:227:13:[m[K [01;31m[Kerror: [m[K‘[01m[Kclass vrx::USVWind[m[K’ has no member named ‘[01m[KdataPtr[m[K’
[18.599s]   227 |       this->[01;31m[KdataPtr[m[K->topicWindDirection << std::endl;
[18.602s]       |             [01;31m[K^~~~~~~[m[K
[18.602s] [01m[K/home/aliomacc/sti_usv/src/usv_sim/workspace_gz/plugins/USVWind.cc:238:9:[m[K [01;31m[Kerror: [m[K‘[01m[Kclass vrx::USVWind[m[K’ has no member named ‘[01m[KdataPtr[m[K’
[18.602s]   238 |   this->[01;31m[KdataPtr[m[K->randGenerator.reset(new std::mt19937(seed));
[18.602s]       |         [01;31m[K^~~~~~~[m[K
[18.602s] [01m[K/home/aliomacc/sti_usv/src/usv_sim/workspace_gz/plugins/USVWind.cc:241:9:[m[K [01;31m[Kerror: [m[K‘[01m[Kclass vrx::USVWind[m[K’ has no member named ‘[01m[KdataPtr[m[K’
[18.602s]   241 |   this->[01;31m[KdataPtr[m[K->filterGain = this->dataPtr->gainConstant *
[18.602s]       |         [01;31m[K^~~~~~~[m[K
[18.603s] [01m[K/home/aliomacc/sti_usv/src/usv_sim/workspace_gz/plugins/USVWind.cc:241:37:[m[K [01;31m[Kerror: [m[K‘[01m[Kclass vrx::USVWind[m[K’ has no member named ‘[01m[KdataPtr[m[K’
[18.603s]   241 |   this->dataPtr->filterGain = this->[01;31m[KdataPtr[m[K->gainConstant *
[18.603s]       |                                     [01;31m[K^~~~~~~[m[K
[18.603s] [01m[K/home/aliomacc/sti_usv/src/usv_sim/workspace_gz/plugins/USVWind.cc:242:24:[m[K [01;31m[Kerror: [m[K‘[01m[Kclass vrx::USVWind[m[K’ has no member named ‘[01m[KdataPtr[m[K’
[18.603s]   242 |       sqrt(2.0 * this->[01;31m[KdataPtr[m[K->timeConstant);
[18.603s]       |                        [01;31m[K^~~~~~~[m[K
[18.603s] [01m[K/home/aliomacc/sti_usv/src/usv_sim/workspace_gz/plugins/USVWind.cc:243:48:[m[K [01;31m[Kerror: [m[K‘[01m[Kclass vrx::USVWind[m[K’ has no member named ‘[01m[KdataPtr[m[K’
[18.603s]   243 |   ignmsg << "Var wind filter gain = " << this->[01;31m[KdataPtr[m[K->filterGain << std::endl;
[18.603s]       |                                                [01;31m[K^~~~~~~[m[K
[18.603s] [01m[K/home/aliomacc/sti_usv/src/usv_sim/workspace_gz/plugins/USVWind.cc:247:28:[m[K [01;31m[Kerror: [m[K‘[01m[Kclass vrx::USVWind[m[K’ has no member named ‘[01m[KdataPtr[m[K’
[18.603s]   247 |   opts.SetMsgsPerSec(this->[01;31m[KdataPtr[m[K->updateRate);
[18.604s]       |                            [01;31m[K^~~~~~~[m[K
[18.604s] [01m[K/home/aliomacc/sti_usv/src/usv_sim/workspace_gz/plugins/USVWind.cc:249:9:[m[K [01;31m[Kerror: [m[K‘[01m[Kclass vrx::USVWind[m[K’ has no member named ‘[01m[KdataPtr[m[K’
[18.604s]   249 |   this->[01;31m[KdataPtr[m[K->windSpeedPub = this->dataPtr->node.Advertise<msgs::Float>(
[18.604s]       |         [01;31m[K^~~~~~~[m[K
[18.604s] [01m[K/home/aliomacc/sti_usv/src/usv_sim/workspace_gz/plugins/USVWind.cc:249:39:[m[K [01;31m[Kerror: [m[K‘[01m[Kclass vrx::USVWind[m[K’ has no member named ‘[01m[KdataPtr[m[K’
[18.604s]   249 |   this->dataPtr->windSpeedPub = this->[01;31m[KdataPtr[m[K->node.Advertise<msgs::Float>(
[18.604s]       |                                       [01;31m[K^~~~~~~[m[K
[18.604s] [01m[K/home/aliomacc/sti_usv/src/usv_sim/workspace_gz/plugins/USVWind.cc:249:74:[m[K [01;31m[Kerror: [m[Kexpected primary-expression before ‘[01m[K>[m[K’ token
[18.604s]   249 |   this->dataPtr->windSpeedPub = this->dataPtr->node.Advertise<msgs::Float[01;31m[K>[m[K(
[18.604s]       |                                                                          [01;31m[K^[m[K
[18.604s] [01m[K/home/aliomacc/sti_usv/src/usv_sim/workspace_gz/plugins/USVWind.cc:250:13:[m[K [01;31m[Kerror: [m[K‘[01m[Kclass vrx::USVWind[m[K’ has no member named ‘[01m[KdataPtr[m[K’
[18.604s]   250 |       this->[01;31m[KdataPtr[m[K->topicWindSpeed, opts);
[18.605s]       |             [01;31m[K^~~~~~~[m[K
[18.605s] [01m[K/home/aliomacc/sti_usv/src/usv_sim/workspace_gz/plugins/USVWind.cc:252:9:[m[K [01;31m[Kerror: [m[K‘[01m[Kclass vrx::USVWind[m[K’ has no member named ‘[01m[KdataPtr[m[K’
[18.605s]   252 |   this->[01;31m[KdataPtr[m[K->windDirectionPub = this->dataPtr->node.Advertise<msgs::Float>(
[18.609s]       |         [01;31m[K^~~~~~~[m[K
[18.609s] [01m[K/home/aliomacc/sti_usv/src/usv_sim/workspace_gz/plugins/USVWind.cc:252:43:[m[K [01;31m[Kerror: [m[K‘[01m[Kclass vrx::USVWind[m[K’ has no member named ‘[01m[KdataPtr[m[K’
[18.609s]   252 |   this->dataPtr->windDirectionPub = this->[01;31m[KdataPtr[m[K->node.Advertise<msgs::Float>(
[18.609s]       |                                           [01;31m[K^~~~~~~[m[K
[18.610s] [01m[K/home/aliomacc/sti_usv/src/usv_sim/workspace_gz/plugins/USVWind.cc:252:78:[m[K [01;31m[Kerror: [m[Kexpected primary-expression before ‘[01m[K>[m[K’ token
[18.610s]   252 |   this->dataPtr->windDirectionPub = this->dataPtr->node.Advertise<msgs::Float[01;31m[K>[m[K(
[18.610s]       |                                                                              [01;31m[K^[m[K
[18.610s] [01m[K/home/aliomacc/sti_usv/src/usv_sim/workspace_gz/plugins/USVWind.cc:253:13:[m[K [01;31m[Kerror: [m[K‘[01m[Kclass vrx::USVWind[m[K’ has no member named ‘[01m[KdataPtr[m[K’
[18.610s]   253 |       this->[01;31m[KdataPtr[m[K->topicWindDirection, opts);
[18.610s]       |             [01;31m[K^~~~~~~[m[K
[18.610s] [01m[K/home/aliomacc/sti_usv/src/usv_sim/workspace_gz/plugins/USVWind.cc:[m[K In member function ‘[01m[Kvirtual void vrx::USVWind::PreUpdate(const ignition::gazebo::v6::UpdateInfo&, ignition::gazebo::v6::EntityComponentManager&)[m[K’:
[18.610s] [01m[K/home/aliomacc/sti_usv/src/usv_sim/workspace_gz/plugins/USVWind.cc:261:3:[m[K [01;31m[Kerror: [m[K‘[01m[KGZ_PROFILE[m[K’ was not declared in this scope; did you mean ‘[01m[KIGN_PROFILE[m[K’?
[18.610s]   261 |   [01;31m[KGZ_PROFILE[m[K("USVWind::PreUpdate");
[18.611s]       |   [01;31m[K^~~~~~~~~~[m[K
[18.611s]       |   [32m[KIGN_PROFILE[m[K
[18.616s] [01m[K/home/aliomacc/sti_usv/src/usv_sim/workspace_gz/plugins/USVWind.cc:265:13:[m[K [01;31m[Kerror: [m[K‘[01m[Kclass vrx::USVWind[m[K’ has no member named ‘[01m[KdataPtr[m[K’
[18.617s]   265 |   if (this->[01;31m[KdataPtr[m[K->previousTime == std::chrono::duration<double>(0))
[18.617s]       |             [01;31m[K^~~~~~~[m[K
[18.617s] [01m[K/home/aliomacc/sti_usv/src/usv_sim/workspace_gz/plugins/USVWind.cc:267:11:[m[K [01;31m[Kerror: [m[K‘[01m[Kclass vrx::USVWind[m[K’ has no member named ‘[01m[KdataPtr[m[K’
[18.617s]   267 |     this->[01;31m[KdataPtr[m[K->previousTime = time - std::chrono::duration<double>(0.001);
[18.617s]       |           [01;31m[K^~~~~~~[m[K
[18.617s] [01m[K/home/aliomacc/sti_usv/src/usv_sim/workspace_gz/plugins/USVWind.cc:270:14:[m[K [01;31m[Kerror: [m[K‘[01m[Kclass vrx::USVWind[m[K’ has no member named ‘[01m[KdataPtr[m[K’
[18.617s]   270 |   if (!this->[01;31m[KdataPtr[m[K->windObjsInit)
[18.617s]       |              [01;31m[K^~~~~~~[m[K
[18.617s] [01m[K/home/aliomacc/sti_usv/src/usv_sim/workspace_gz/plugins/USVWind.cc:272:26:[m[K [01;31m[Kerror: [m[K‘[01m[Kclass vrx::USVWind[m[K’ has no member named ‘[01m[KdataPtr[m[K’
[18.617s]   272 |     for (auto &i : this->[01;31m[KdataPtr[m[K->windObjs)
[18.618s]       |                          [01;31m[K^~~~~~~[m[K
[18.618s] [01m[K/home/aliomacc/sti_usv/src/usv_sim/workspace_gz/plugins/USVWind.cc:283:21:[m[K [01;31m[Kerror: [m[K‘[01m[Kclass vrx::USVWind[m[K’ has no member named ‘[01m[KdataPtr[m[K’
[18.618s]   283 |             ++this->[01;31m[KdataPtr[m[K->windObjsInitCount;
[18.618s]       |                     [01;31m[K^~~~~~~[m[K
[18.618s] [01m[K/home/aliomacc/sti_usv/src/usv_sim/workspace_gz/plugins/USVWind.cc:295:15:[m[K [01;31m[Kerror: [m[K‘[01m[Kclass vrx::USVWind[m[K’ has no member named ‘[01m[KdataPtr[m[K’
[18.618s]   295 |     if (this->[01;31m[KdataPtr[m[K->windObjsInitCount == this->dataPtr->windObjs.size())
[18.618s]       |               [01;31m[K^~~~~~~[m[K
[18.618s] [01m[K/home/aliomacc/sti_usv/src/usv_sim/workspace_gz/plugins/USVWind.cc:295:51:[m[K [01;31m[Kerror: [m[K‘[01m[Kclass vrx::USVWind[m[K’ has no member named ‘[01m[KdataPtr[m[K’
[18.618s]   295 |     if (this->dataPtr->windObjsInitCount == this->[01;31m[KdataPtr[m[K->windObjs.size())
[18.618s]       |                                                   [01;31m[K^~~~~~~[m[K
[18.619s] [01m[K/home/aliomacc/sti_usv/src/usv_sim/workspace_gz/plugins/USVWind.cc:297:13:[m[K [01;31m[Kerror: [m[K‘[01m[Kclass vrx::USVWind[m[K’ has no member named ‘[01m[KdataPtr[m[K’
[18.619s]   297 |       this->[01;31m[KdataPtr[m[K->windObjsInit = true;
[18.619s]       |             [01;31m[K^~~~~~~[m[K
[18.619s] [01m[K/home/aliomacc/sti_usv/src/usv_sim/workspace_gz/plugins/USVWind.cc:301:26:[m[K [01;31m[Kerror: [m[K‘[01m[Kclass vrx::USVWind[m[K’ has no member named ‘[01m[KdataPtr[m[K’
[18.619s]   301 |   auto dT = time - this->[01;31m[KdataPtr[m[K->previousTime;
[18.619s]       |                          [01;31m[K^~~~~~~[m[K
[18.619s] [01m[K/home/aliomacc/sti_usv/src/usv_sim/workspace_gz/plugins/USVWind.cc:304:35:[m[K [01;31m[Kerror: [m[K‘[01m[Kclass vrx::USVWind[m[K’ has no member named ‘[01m[KdataPtr[m[K’
[18.619s]   304 |   double randomDist = dist(*this->[01;31m[KdataPtr[m[K->randGenerator);
[18.619s]       |                                   [01;31m[K^~~~~~~[m[K
[18.619s] [01m[K/home/aliomacc/sti_usv/src/usv_sim/workspace_gz/plugins/USVWind.cc:307:9:[m[K [01;31m[Kerror: [m[K‘[01m[Kclass vrx::USVWind[m[K’ has no member named ‘[01m[KdataPtr[m[K’
[18.619s]   307 |   this->[01;31m[KdataPtr[m[K->varVel += 1.0 / this->dataPtr->timeConstant *
[18.620s]       |         [01;31m[K^~~~~~~[m[K
[18.620s] [01m[K/home/aliomacc/sti_usv/src/usv_sim/workspace_gz/plugins/USVWind.cc:307:40:[m[K [01;31m[Kerror: [m[K‘[01m[Kclass vrx::USVWind[m[K’ has no member named ‘[01m[KdataPtr[m[K’
[18.620s]   307 |   this->dataPtr->varVel += 1.0 / this->[01;31m[KdataPtr[m[K->timeConstant *
[18.625s]       |                                        [01;31m[K^~~~~~~[m[K
[18.625s] [01m[K/home/aliomacc/sti_usv/src/usv_sim/workspace_gz/plugins/USVWind.cc:308:42:[m[K [01;31m[Kerror: [m[K‘[01m[Kclass vrx::USVWind[m[K’ has no member named ‘[01m[KdataPtr[m[K’
[18.625s]   308 |                            (-1.0 * this->[01;31m[KdataPtr[m[K->varVel +
[18.625s]       |                                          [01;31m[K^~~~~~~[m[K
[18.626s] [01m[K/home/aliomacc/sti_usv/src/usv_sim/workspace_gz/plugins/USVWind.cc:309:34:[m[K [01;31m[Kerror: [m[K‘[01m[Kclass vrx::USVWind[m[K’ has no member named ‘[01m[KdataPtr[m[K’
[18.626s]   309 |                            this->[01;31m[KdataPtr[m[K->filterGain / sqrt(dT.count()) *
[18.626s]       |                                  [01;31m[K^~~~~~~[m[K
[18.626s] [01m[K/home/aliomacc/sti_usv/src/usv_sim/workspace_gz/plugins/USVWind.cc:312:27:[m[K [01;31m[Kerror: [m[K‘[01m[Kclass vrx::USVWind[m[K’ has no member named ‘[01m[KdataPtr[m[K’
[18.626s]   312 |   double velocity = this->[01;31m[KdataPtr[m[K->varVel + this->dataPtr->windMeanVelocity;
[18.626s]       |                           [01;31m[K^~~~~~~[m[K
[18.626s] [01m[K/home/aliomacc/sti_usv/src/usv_sim/workspace_gz/plugins/USVWind.cc:312:51:[m[K [01;31m[Kerror: [m[K‘[01m[Kclass vrx::USVWind[m[K’ has no member named ‘[01m[KdataPtr[m[K’
[18.626s]   312 |   double velocity = this->dataPtr->varVel + this->[01;31m[KdataPtr[m[K->windMeanVelocity;
[18.626s]       |                                                   [01;31m[K^~~~~~~[m[K
[18.627s] [01m[K/home/aliomacc/sti_usv/src/usv_sim/workspace_gz/plugins/USVWind.cc:315:9:[m[K [01;31m[Kerror: [m[K‘[01m[Kclass vrx::USVWind[m[K’ has no member named ‘[01m[KdataPtr[m[K’
[18.627s]   315 |   this->[01;31m[KdataPtr[m[K->windSpeedPub.Publish(windVelMsg);
[18.627s]       |         [01;31m[K^~~~~~~[m[K
[18.627s] [01m[K/home/aliomacc/sti_usv/src/usv_sim/workspace_gz/plugins/USVWind.cc:316:9:[m[K [01;31m[Kerror: [m[K‘[01m[Kclass vrx::USVWind[m[K’ has no member named ‘[01m[KdataPtr[m[K’
[18.627s]   316 |   this->[01;31m[KdataPtr[m[K->windDirectionPub.Publish(this->dataPtr->windDirMsg);
[18.627s]       |         [01;31m[K^~~~~~~[m[K
[18.627s] [01m[K/home/aliomacc/sti_usv/src/usv_sim/workspace_gz/plugins/USVWind.cc:316:49:[m[K [01;31m[Kerror: [m[K‘[01m[Kclass vrx::USVWind[m[K’ has no member named ‘[01m[KdataPtr[m[K’
[18.627s]   316 |   this->dataPtr->windDirectionPub.Publish(this->[01;31m[KdataPtr[m[K->windDirMsg);
[18.627s]       |                                                 [01;31m[K^~~~~~~[m[K
[18.628s] [01m[K/home/aliomacc/sti_usv/src/usv_sim/workspace_gz/plugins/USVWind.cc:317:30:[m[K [01;31m[Kerror: [m[K‘[01m[Kclass vrx::USVWind[m[K’ has no member named ‘[01m[KdataPtr[m[K’
[18.628s]   317 |   for (auto &windObj : this->[01;31m[KdataPtr[m[K->windObjs)
[18.628s]       |                              [01;31m[K^~~~~~~[m[K
[18.631s] [01m[K/home/aliomacc/sti_usv/src/usv_sim/workspace_gz/plugins/USVWind.cc:330:15:[m[K [01;31m[Kerror: [m[K‘[01m[Kclass vrx::USVWind[m[K’ has no member named ‘[01m[KdataPtr[m[K’
[18.631s]   330 |         this->[01;31m[KdataPtr[m[K->windDirection * velocity - worldVel;
[18.631s]       |               [01;31m[K^~~~~~~[m[K
[18.631s] [01m[K/home/aliomacc/sti_usv/src/usv_sim/workspace_gz/plugins/USVWind.cc:357:9:[m[K [01;31m[Kerror: [m[K‘[01m[Kclass vrx::USVWind[m[K’ has no member named ‘[01m[KdataPtr[m[K’
[18.632s]   357 |   this->[01;31m[KdataPtr[m[K->previousTime = time;
[18.632s]       |         [01;31m[K^~~~~~~[m[K
[18.632s] [01m[K/home/aliomacc/sti_usv/src/usv_sim/workspace_gz/plugins/USVWind.cc:[m[K At global scope:
[18.632s] [01m[K/home/aliomacc/sti_usv/src/usv_sim/workspace_gz/plugins/USVWind.cc:364:1:[m[K [01;31m[Kerror: [m[Kexpected constructor, destructor, or type conversion before ‘[01m[KGZ_ADD_PLUGIN_ALIAS[m[K’
[18.632s]   364 | [01;31m[KGZ_ADD_PLUGIN_ALIAS[m[K(vrx::USVWind,
[18.632s]       | [01;31m[K^~~~~~~~~~~~~~~~~~~[m[K
[19.057s] gmake[2]: *** [CMakeFiles/ScoringPlugin.dir/build.make:76: CMakeFiles/ScoringPlugin.dir/plugins/ScoringPlugin.cc.o] Error 1
[19.057s] gmake[1]: *** [CMakeFiles/Makefile2:179: CMakeFiles/ScoringPlugin.dir/all] Error 2
[19.086s] [ 57%] [32mBuilding CXX object CMakeFiles/StationkeepingScoringPlugin.dir/plugins/WaypointMarkers.cc.o[0m
[19.256s] gmake[2]: *** [CMakeFiles/Surface.dir/build.make:76: CMakeFiles/Surface.dir/plugins/Surface.cc.o] Error 1
[19.256s] gmake[1]: *** [CMakeFiles/Makefile2:283: CMakeFiles/Surface.dir/all] Error 2
[19.305s] gmake[2]: *** [CMakeFiles/PolyhedraBuoyancyDrag.dir/build.make:76: CMakeFiles/PolyhedraBuoyancyDrag.dir/plugins/PolyhedraBuoyancyDrag.cc.o] Error 1
[19.306s] gmake[1]: *** [CMakeFiles/Makefile2:361: CMakeFiles/PolyhedraBuoyancyDrag.dir/all] Error 2
[19.391s] gmake[2]: *** [CMakeFiles/StationkeepingScoringPlugin.dir/build.make:76: CMakeFiles/StationkeepingScoringPlugin.dir/plugins/StationkeepingScoringPlugin.cc.o] Error 1
[19.392s] gmake[2]: *** Bitmemiş işler için bekliyor....
[19.493s] gmake[2]: *** [CMakeFiles/WayfindingScoringPlugin.dir/build.make:76: CMakeFiles/WayfindingScoringPlugin.dir/plugins/WayfindingScoringPlugin.cc.o] Error 1
[19.493s] gmake[2]: *** Bitmemiş işler için bekliyor....
[20.246s] gmake[2]: *** [CMakeFiles/WaveVisual.dir/build.make:76: CMakeFiles/WaveVisual.dir/plugins/WaveVisual.cc.o] Error 1
[20.246s] gmake[1]: *** [CMakeFiles/Makefile2:335: CMakeFiles/WaveVisual.dir/all] Error 2
[20.322s] gmake[2]: *** [CMakeFiles/USVWind.dir/build.make:76: CMakeFiles/USVWind.dir/plugins/USVWind.cc.o] Error 1
[20.322s] gmake[1]: *** [CMakeFiles/Makefile2:309: CMakeFiles/USVWind.dir/all] Error 2
[24.531s] gmake[1]: *** [CMakeFiles/Makefile2:231: CMakeFiles/WayfindingScoringPlugin.dir/all] Error 2
[25.631s] gmake[1]: *** [CMakeFiles/Makefile2:205: CMakeFiles/StationkeepingScoringPlugin.dir/all] Error 2
[25.631s] gmake: *** [Makefile:146: all] Error 2
[25.634s] Invoked command in '/home/aliomacc/sti_usv/build/workspace_gz' returned '2': CMAKE_PREFIX_PATH=${CMAKE_PREFIX_PATH}:/home/aliomacc/ros2_ws/install/actions_py:/home/aliomacc/ros2_ws/install/lifecycle_py:/opt/ros/humble /usr/bin/cmake --build /home/aliomacc/sti_usv/build/workspace_gz -- -j8 -l8
