[0.000000] (-) TimerEvent: {}
[0.000164] (workspace_gz) JobQueued: {'identifier': 'workspace_gz', 'dependencies': OrderedDict()}
[0.000197] (workspace_nav) JobQueued: {'identifier': 'workspace_nav', 'dependencies': OrderedDict()}
[0.000217] (workspace_ros) JobQueued: {'identifier': 'workspace_ros', 'dependencies': OrderedDict()}
[0.000233] (workspace_gz) JobStarted: {'identifier': 'workspace_gz'}
[0.006694] (workspace_nav) JobStarted: {'identifier': 'workspace_nav'}
[0.012441] (workspace_ros) JobStarted: {'identifier': 'workspace_ros'}
[0.020293] (workspace_gz) JobProgress: {'identifier': 'workspace_gz', 'progress': 'cmake'}
[0.020872] (workspace_gz) Command: {'cmd': ['/usr/bin/cmake', '/home/aliomac/garp-test/workspace_gz', '-DCMAKE_INSTALL_PREFIX=/home/aliomac/garp-test/install/workspace_gz'], 'cwd': '/home/aliomac/garp-test/build/workspace_gz', 'env': OrderedDict({'GZ_SIM_SYSTEM_PLUGIN_PATH': '/home/aliomac/vrx_ws/install/lib', 'GJS_DEBUG_TOPICS': 'JS ERROR;JS LOG', 'XDG_ACTIVATION_TOKEN': 'gnome-shell/Terminator/2472-3-aliomac-Nitro-AN515-55_TIME2321361', 'LESSOPEN': '| /usr/bin/lesspipe %s', 'GZ_SIM_RESOURCE_PATH': '/home/aliomac/vrx_ws/install/share/vrx_gz/models/tmp:/home/aliomac/vrx_ws/install/share/vrx_gz/models:/home/aliomac/vrx_ws/install/share/vrx_gz/worlds/2023_phase2:/home/aliomac/vrx_ws/install/share/vrx_gz/worlds/2023_practice:/home/aliomac/vrx_ws/install/share/vrx_gz/worlds:/home/aliomac/vrx_ws/install/share/wamv_description/models:/home/aliomac/vrx_ws/install/share/vrx_gazebo/models:/home/aliomac/vrx_ws/install/share/:/opt/ros/jazzy/share', 'USER': 'aliomac', 'GZ_CONFIG_PATH': '/opt/ros/jazzy/opt/gz_sim_vendor/share/gz:/opt/ros/jazzy/opt/sdformat_vendor/share/gz:/opt/ros/jazzy/opt/gz_gui_vendor/share/gz:/opt/ros/jazzy/opt/gz_transport_vendor/share/gz:/opt/ros/jazzy/opt/gz_rendering_vendor/share/gz:/opt/ros/jazzy/opt/gz_plugin_vendor/share/gz:/opt/ros/jazzy/opt/gz_fuel_tools_vendor/share/gz:/opt/ros/jazzy/opt/gz_msgs_vendor/share/gz:/opt/ros/jazzy/opt/gz_common_vendor/share/gz', 'XDG_SESSION_TYPE': 'wayland', 'CLUTTER_DISABLE_MIPMAPPED_TEXT': '1', 'SHLVL': '1', 'LD_LIBRARY_PATH': '/home/aliomac/garp-test/install/workspace_gz/lib:/home/aliomac/garp-test/install/kiss_icp/lib:/home/aliomac/vrx_ws/install/lib:/home/aliomac/thesis_USV_gazebo/install/lib:/opt/ros/jazzy/opt/gz_sim_vendor/lib:/opt/ros/jazzy/opt/gz_sensors_vendor/lib:/opt/ros/jazzy/opt/gz_physics_vendor/lib:/opt/ros/jazzy/opt/sdformat_vendor/lib:/opt/ros/jazzy/opt/rviz_ogre_vendor/lib:/opt/ros/jazzy/lib/x86_64-linux-gnu:/opt/ros/jazzy/opt/gz_gui_vendor/lib:/opt/ros/jazzy/opt/gz_transport_vendor/lib:/opt/ros/jazzy/opt/gz_rendering_vendor/lib:/opt/ros/jazzy/opt/gz_plugin_vendor/lib:/opt/ros/jazzy/opt/gz_fuel_tools_vendor/lib:/opt/ros/jazzy/opt/gz_msgs_vendor/lib:/opt/ros/jazzy/opt/gz_common_vendor/lib:/opt/ros/jazzy/opt/gz_math_vendor/lib:/opt/ros/jazzy/opt/gz_utils_vendor/lib:/opt/ros/jazzy/opt/gz_tools_vendor/lib:/opt/ros/jazzy/opt/gz_ogre_next_vendor/lib:/opt/ros/jazzy/opt/gz_dartsim_vendor/lib:/opt/ros/jazzy/opt/gz_cmake_vendor/lib:/opt/ros/jazzy/lib', 'HOME': '/home/aliomac', 'OLDPWD': '/home/aliomac', 'DESKTOP_SESSION': 'ubuntu', 'GIO_LAUNCHED_DESKTOP_FILE': '/usr/share/applications/terminator.desktop', 'ROS_PYTHON_VERSION': '3', 'GNOME_SHELL_SESSION_MODE': 'ubuntu', 'GTK_MODULES': 'gail:atk-bridge', 'MANAGERPID': '2192', 'SYSTEMD_EXEC_PID': '2472', 'GSM_SKIP_SSH_AGENT_WORKAROUND': 'true', 'DBUS_SESSION_BUS_ADDRESS': 'unix:path=/run/user/1000/bus', 'COLORTERM': 'truecolor', 'TERMINATOR_DBUS_NAME': 'net.tenshu.Terminator25ef4b219e3b005583550f2b0f9f990c3', 'GIO_LAUNCHED_DESKTOP_FILE_PID': '21753', 'DEBUGINFOD_URLS': 'https://debuginfod.ubuntu.com', 'IM_CONFIG_PHASE': '1', 'WAYLAND_DISPLAY': 'wayland-0', 'COLCON_PREFIX_PATH': '/home/aliomac/garp-test/install:/home/aliomac/vrx_ws/install:/home/aliomac/thesis_USV_gazebo/install', 'ROS_DISTRO': 'jazzy', 'LOGNAME': 'aliomac', 'JOURNAL_STREAM': '9:21782', '_': '/usr/bin/colcon', 'ROS_VERSION': '2', 'MEMORY_PRESSURE_WATCH': '/sys/fs/cgroup/user.slice/user-1000.slice/user@1000.service/session.slice/org.gnome.Shell@wayland.service/memory.pressure', 'XDG_SESSION_CLASS': 'user', 'USERNAME': 'aliomac', 'TERM': 'xterm-256color', 'GNOME_DESKTOP_SESSION_ID': 'this-is-deprecated', 'PATH': '/home/aliomac/.opencode/bin:/home/aliomac/.local/bin:/opt/ros/jazzy/opt/gz_msgs_vendor/bin:/opt/ros/jazzy/opt/gz_tools_vendor/bin:/opt/ros/jazzy/opt/gz_ogre_next_vendor/bin:/opt/ros/jazzy/bin:/home/aliomac/.local/bin:/usr/local/sbin:/usr/local/bin:/usr/sbin:/usr/bin:/sbin:/bin:/usr/games:/usr/local/games:/snap/bin:/snap/bin', 'SESSION_MANAGER': 'local/aliomac-Nitro-AN515-55:@/tmp/.ICE-unix/2436,unix/aliomac-Nitro-AN515-55:/tmp/.ICE-unix/2436', 'INVOCATION_ID': 'e8e0e4c9cc6248f28b2cbb1f6f3e7b59', 'XDG_MENU_PREFIX': 'gnome-', 'GNOME_SETUP_DISPLAY': ':1', 'XDG_RUNTIME_DIR': '/run/user/1000', 'DISPLAY': ':0', 'TERMINATOR_DBUS_PATH': '/net/tenshu/Terminator2', 'LANG': 'en_US.UTF-8', 'XDG_CURRENT_DESKTOP': 'ubuntu:GNOME', 'XMODIFIERS': '@im=ibus', 'XDG_SESSION_DESKTOP': 'ubuntu', 'XAUTHORITY': '/run/user/1000/.mutter-Xwaylandauth.I4R3J3', 'LS_COLORS': 'rs=0:di=01;34:ln=01;36:mh=00:pi=40;33:so=01;35:do=01;35:bd=40;33;01:cd=40;33;01:or=40;31;01:mi=00:su=37;41:sg=30;43:ca=00:tw=30;42:ow=34;42:st=37;44:ex=01;32:*.tar=01;31:*.tgz=01;31:*.arc=01;31:*.arj=01;31:*.taz=01;31:*.lha=01;31:*.lz4=01;31:*.lzh=01;31:*.lzma=01;31:*.tlz=01;31:*.txz=01;31:*.tzo=01;31:*.t7z=01;31:*.zip=01;31:*.z=01;31:*.dz=01;31:*.gz=01;31:*.lrz=01;31:*.lz=01;31:*.lzo=01;31:*.xz=01;31:*.zst=01;31:*.tzst=01;31:*.bz2=01;31:*.bz=01;31:*.tbz=01;31:*.tbz2=01;31:*.tz=01;31:*.deb=01;31:*.rpm=01;31:*.jar=01;31:*.war=01;31:*.ear=01;31:*.sar=01;31:*.rar=01;31:*.alz=01;31:*.ace=01;31:*.zoo=01;31:*.cpio=01;31:*.7z=01;31:*.rz=01;31:*.cab=01;31:*.wim=01;31:*.swm=01;31:*.dwm=01;31:*.esd=01;31:*.avif=01;35:*.jpg=01;35:*.jpeg=01;35:*.mjpg=01;35:*.mjpeg=01;35:*.gif=01;35:*.bmp=01;35:*.pbm=01;35:*.pgm=01;35:*.ppm=01;35:*.tga=01;35:*.xbm=01;35:*.xpm=01;35:*.tif=01;35:*.tiff=01;35:*.png=01;35:*.svg=01;35:*.svgz=01;35:*.mng=01;35:*.pcx=01;35:*.mov=01;35:*.mpg=01;35:*.mpeg=01;35:*.m2v=01;35:*.mkv=01;35:*.webm=01;35:*.webp=01;35:*.ogm=01;35:*.mp4=01;35:*.m4v=01;35:*.mp4v=01;35:*.vob=01;35:*.qt=01;35:*.nuv=01;35:*.wmv=01;35:*.asf=01;35:*.rm=01;35:*.rmvb=01;35:*.flc=01;35:*.avi=01;35:*.fli=01;35:*.flv=01;35:*.gl=01;35:*.dl=01;35:*.xcf=01;35:*.xwd=01;35:*.yuv=01;35:*.cgm=01;35:*.emf=01;35:*.ogv=01;35:*.ogx=01;35:*.aac=00;36:*.au=00;36:*.flac=00;36:*.m4a=00;36:*.mid=00;36:*.midi=00;36:*.mka=00;36:*.mp3=00;36:*.mpc=00;36:*.ogg=00;36:*.ra=00;36:*.wav=00;36:*.oga=00;36:*.opus=00;36:*.spx=00;36:*.xspf=00;36:*~=00;90:*#=00;90:*.bak=00;90:*.crdownload=00;90:*.dpkg-dist=00;90:*.dpkg-new=00;90:*.dpkg-old=00;90:*.dpkg-tmp=00;90:*.old=00;90:*.orig=00;90:*.part=00;90:*.rej=00;90:*.rpmnew=00;90:*.rpmorig=00;90:*.rpmsave=00;90:*.swp=00;90:*.tmp=00;90:*.ucf-dist=00;90:*.ucf-new=00;90:*.ucf-old=00;90:', 'SSH_AUTH_SOCK': '/run/user/1000/keyring/ssh', 'AMENT_PREFIX_PATH': '/home/aliomac/garp-test/install/workspace_ros:/home/aliomac/garp-test/install/workspace_nav:/home/aliomac/garp-test/install/workspace_gz:/home/aliomac/garp-test/install/kiss_icp:/home/aliomac/vrx_ws/install:/home/aliomac/thesis_USV_gazebo/install:/opt/ros/jazzy', 'SHELL': '/bin/bash', 'TERMINATOR_UUID': 'urn:uuid:9dcf79d9-1f7e-4f63-a808-807a1d35a7da', 'QT_ACCESSIBILITY': '1', 'GDMSESSION': 'ubuntu', 'LESSCLOSE': '/usr/bin/lesspipe %s %s', 'GJS_DEBUG_OUTPUT': 'stderr', 'ROS_AUTOMATIC_DISCOVERY_RANGE': 'SUBNET', 'QT_IM_MODULE': 'ibus', 'PWD': '/home/aliomac/garp-test/build/workspace_gz', 'LC_ALL': 'en_US.UTF-8', 'XDG_CONFIG_DIRS': '/etc/xdg/xdg-ubuntu:/etc/xdg', 'XDG_DATA_DIRS': '/usr/share/ubuntu:/usr/share/gnome:/usr/local/share/:/usr/share/:/var/lib/snapd/desktop', 'PYTHONPATH': '/home/aliomac/garp-test/install/workspace_ros/lib/python3.12/site-packages:/home/aliomac/garp-test/install/workspace_nav/lib/python3.12/site-packages:/home/aliomac/vrx_ws/install/lib/python3.12/site-packages:/home/aliomac/thesis_USV_gazebo/build/ros_gz_bridge_custom:/home/aliomac/thesis_USV_gazebo/build/autopilot:/home/aliomac/thesis_USV_gazebo/install/lib/python3.12/site-packages:/opt/ros/jazzy/lib/python3.12/site-packages', 'COLCON': '1', 'MEMORY_PRESSURE_WRITE': 'c29tZSAyMDAwMDAgMjAwMDAwMAA=', 'VTE_VERSION': '7600', 'CMAKE_PREFIX_PATH': '/home/aliomac/garp-test/install/workspace_gz:/home/aliomac/garp-test/install/kiss_icp:/home/aliomac/vrx_ws/install:/home/aliomac/thesis_USV_gazebo/install:/opt/ros/jazzy/opt/gz_sim_vendor:/opt/ros/jazzy/opt/gz_sensors_vendor:/opt/ros/jazzy/opt/gz_physics_vendor:/opt/ros/jazzy/opt/sdformat_vendor:/opt/ros/jazzy/opt/gz_gui_vendor:/opt/ros/jazzy/opt/gz_transport_vendor:/opt/ros/jazzy/opt/gz_rendering_vendor:/opt/ros/jazzy/opt/gz_plugin_vendor:/opt/ros/jazzy/opt/gz_fuel_tools_vendor:/opt/ros/jazzy/opt/gz_msgs_vendor:/opt/ros/jazzy/opt/gz_common_vendor:/opt/ros/jazzy/opt/gz_math_vendor:/opt/ros/jazzy/opt/gz_utils_vendor:/opt/ros/jazzy/opt/gz_tools_vendor:/opt/ros/jazzy/opt/gz_ogre_next_vendor:/opt/ros/jazzy/opt/gz_dartsim_vendor:/opt/ros/jazzy/opt/gz_cmake_vendor:/home/aliomac/garp-test/install/workspace_ros:/home/aliomac/garp-test/install/workspace_nav:/opt/ros/jazzy'}), 'shell': False}
[0.099396] (-) TimerEvent: {}
[0.199645] (-) TimerEvent: {}
[0.289386] (workspace_gz) StdoutLine: {'line': b'-- The C compiler identification is GNU 13.3.0\n'}
[0.289791] (workspace_gz) StdoutLine: {'line': b'-- The CXX compiler identification is GNU 13.3.0\n'}
[0.289989] (workspace_gz) StdoutLine: {'line': b'-- Detecting C compiler ABI info\n'}
[0.299729] (-) TimerEvent: {}
[0.369350] (workspace_gz) StdoutLine: {'line': b'-- Detecting C compiler ABI info - done\n'}
[0.381301] (workspace_gz) StdoutLine: {'line': b'-- Check for working C compiler: /usr/bin/cc - skipped\n'}
[0.381727] (workspace_gz) StdoutLine: {'line': b'-- Detecting C compile features\n'}
[0.382281] (workspace_gz) StdoutLine: {'line': b'-- Detecting C compile features - done\n'}
[0.392060] (workspace_gz) StdoutLine: {'line': b'-- Detecting CXX compiler ABI info\n'}
[0.399820] (-) TimerEvent: {}
[0.496554] (workspace_gz) StdoutLine: {'line': b'-- Detecting CXX compiler ABI info - done\n'}
[0.499884] (-) TimerEvent: {}
[0.506883] (workspace_gz) StdoutLine: {'line': b'-- Check for working CXX compiler: /usr/bin/c++ - skipped\n'}
[0.507111] (workspace_gz) StdoutLine: {'line': b'-- Detecting CXX compile features\n'}
[0.507759] (workspace_gz) StdoutLine: {'line': b'-- Detecting CXX compile features - done\n'}
[0.527403] (workspace_gz) StdoutLine: {'line': b'-- Found ament_cmake: 2.5.5 (/opt/ros/jazzy/share/ament_cmake/cmake)\n'}
[0.599987] (-) TimerEvent: {}
[0.700258] (-) TimerEvent: {}
[0.706800] (workspace_gz) StdoutLine: {'line': b'-- Found Python3: /usr/bin/python3 (found version "3.12.3") found components: Interpreter \n'}
[0.800346] (-) TimerEvent: {}
[0.871420] (workspace_gz) StdoutLine: {'line': b'-- Looking for gz-sim8 -- found version 8.10.0\n'}
[0.886030] (workspace_gz) StdoutLine: {'line': b'-- Searching for dependencies of gz-sim8\n'}
[0.888730] (workspace_gz) StdoutLine: {'line': b'-- Looking for sdformat14 -- found version 14.8.0\n'}
[0.889012] (workspace_gz) StdoutLine: {'line': b'-- Searching for dependencies of sdformat14\n'}
[0.898579] (workspace_gz) StdoutLine: {'line': b"-- Checking for module 'tinyxml2'\n"}
[0.900421] (-) TimerEvent: {}
[0.915904] (workspace_gz) StdoutLine: {'line': b'--   Found tinyxml2, version 10.0.0\n'}
[0.952058] (workspace_gz) StdoutLine: {'line': b'-- Looking for gz-math7 -- found version 7.5.2\n'}
[0.952330] (workspace_gz) StdoutLine: {'line': b'-- Searching for dependencies of gz-math7\n'}
[0.954836] (workspace_gz) StdoutLine: {'line': b'-- Looking for gz-utils2 -- found version 2.2.1\n'}
[0.955070] (workspace_gz) StdoutLine: {'line': b'-- Searching for dependencies of gz-utils2\n'}
[0.957351] (workspace_gz) StdoutLine: {'line': b'-- Looking for gz-utils2 -- found version 2.2.1\n'}
[0.957589] (workspace_gz) StdoutLine: {'line': b'-- Searching for dependencies of gz-utils2\n'}
[0.957782] (workspace_gz) StdoutLine: {'line': b'-- Searching for <gz-utils2> component [cli]\n'}
[0.959988] (workspace_gz) StdoutLine: {'line': b'-- Looking for gz-utils2-cli -- found version 2.2.1\n'}
[0.960211] (workspace_gz) StdoutLine: {'line': b'-- Searching for dependencies of gz-utils2-cli\n'}
[0.963966] (workspace_gz) StdoutLine: {'line': b'-- Looking for gz-plugin2 -- found version 2.0.4\n'}
[0.964195] (workspace_gz) StdoutLine: {'line': b'-- Searching for dependencies of gz-plugin2\n'}
[0.964606] (workspace_gz) StdoutLine: {'line': b'-- Looking for gz-utils2 -- found version 2.2.1\n'}
[0.965801] (workspace_gz) StdoutLine: {'line': b'-- Searching for <gz-plugin2> component [loader]\n'}
[0.967821] (workspace_gz) StdoutLine: {'line': b'-- Looking for gz-plugin2-loader -- found version 2.0.4\n'}
[0.968060] (workspace_gz) StdoutLine: {'line': b'-- Searching for dependencies of gz-plugin2-loader\n'}
[0.968781] (workspace_gz) StdoutLine: {'line': b'-- Searching for <gz-plugin2> component [register]\n'}
[0.970693] (workspace_gz) StdoutLine: {'line': b'-- Looking for gz-plugin2-register -- found version 2.0.4\n'}
[0.970922] (workspace_gz) StdoutLine: {'line': b'-- Searching for dependencies of gz-plugin2-register\n'}
[0.973443] (workspace_gz) StdoutLine: {'line': b'-- Looking for gz-transport13 -- found version 13.5.0\n'}
[0.973672] (workspace_gz) StdoutLine: {'line': b'-- Searching for dependencies of gz-transport13\n'}
[1.000525] (-) TimerEvent: {}
[1.100779] (-) TimerEvent: {}
[1.132098] (workspace_gz) StdoutLine: {'line': b'-- Found Protobuf: /usr/lib/x86_64-linux-gnu/libprotobuf.so (found version "3.21.12") \n'}
[1.149578] (workspace_gz) StdoutLine: {'line': b'-- Config-file not installed for ZeroMQ -- checking for pkg-config\n'}
[1.153693] (workspace_gz) StdoutLine: {'line': b"-- Checking for module 'libzmq >= 4'\n"}
[1.166756] (workspace_gz) StdoutLine: {'line': b'--   Found libzmq, version 4.3.5\n'}
[1.200888] (-) TimerEvent: {}
[1.205618] (workspace_gz) StdoutLine: {'line': b'-- Found ZeroMQ: TRUE (Required is at least version "4") \n'}
[1.211515] (workspace_gz) StdoutLine: {'line': b"-- Checking for module 'uuid'\n"}
[1.227695] (workspace_gz) StdoutLine: {'line': b'--   Found uuid, version 2.39.3\n'}
[1.256581] (workspace_gz) StdoutLine: {'line': b'-- Found UUID: TRUE  \n'}
[1.256981] (workspace_gz) StdoutLine: {'line': b'-- Looking for gz-utils2 -- found version 2.2.1\n'}
[1.259710] (workspace_gz) StdoutLine: {'line': b'-- Looking for gz-msgs10 -- found version 10.3.2\n'}
[1.259922] (workspace_gz) StdoutLine: {'line': b'-- Searching for dependencies of gz-msgs10\n'}
[1.281040] (workspace_gz) StdoutLine: {'line': b'-- Looking for gz-utils2 -- found version 2.2.1\n'}
[1.281377] (workspace_gz) StdoutLine: {'line': b'-- Looking for gz-math7 -- found version 7.5.2\n'}
[1.289409] (workspace_gz) StdoutLine: {'line': b'-- Searching for <gz-transport13> component [log]\n'}
[1.291221] (workspace_gz) StdoutLine: {'line': b'-- Looking for gz-transport13-log -- found version 13.5.0\n'}
[1.291378] (workspace_gz) StdoutLine: {'line': b'-- Searching for dependencies of gz-transport13-log\n'}
[1.291994] (workspace_gz) StdoutLine: {'line': b'-- Searching for <gz-transport13> component [parameters]\n'}
[1.293627] (workspace_gz) StdoutLine: {'line': b'-- Looking for gz-transport13-parameters -- found version 13.5.0\n'}
[1.293779] (workspace_gz) StdoutLine: {'line': b'-- Searching for dependencies of gz-transport13-parameters\n'}
[1.294888] (workspace_gz) StdoutLine: {'line': b'-- Looking for gz-msgs10 -- found version 10.3.2\n'}
[1.297816] (workspace_gz) StdoutLine: {'line': b'-- Looking for gz-common5 -- found version 5.7.1\n'}
[1.297988] (workspace_gz) StdoutLine: {'line': b'-- Searching for dependencies of gz-common5\n'}
[1.298380] (workspace_gz) StdoutLine: {'line': b'-- Looking for gz-utils2 -- found version 2.2.1\n'}
[1.299205] (workspace_gz) StdoutLine: {'line': b'-- Looking for dlfcn.h - found\n'}
[1.300813] (workspace_gz) StdoutLine: {'line': b'-- Looking for libdl - found\n'}
[1.300958] (-) TimerEvent: {}
[1.302981] (workspace_gz) StdoutLine: {'line': b'-- Found DL: TRUE  \n'}
[1.310738] (workspace_gz) StdoutLine: {'line': b'-- Searching for <gz-common5> component [av]\n'}
[1.313041] (workspace_gz) StdoutLine: {'line': b'-- Looking for gz-common5-av -- found version 5.7.1\n'}
[1.313294] (workspace_gz) StdoutLine: {'line': b'-- Searching for dependencies of gz-common5-av\n'}
[1.318975] (workspace_gz) StdoutLine: {'line': b"-- Checking for module 'libswscale'\n"}
[1.342381] (workspace_gz) StdoutLine: {'line': b'--   Found libswscale, version 7.5.100\n'}
[1.366907] (workspace_nav) Command: {'cmd': ['/usr/bin/python3', '-W', 'ignore:setup.py install is deprecated', '-W', 'ignore:easy_install command is deprecated', 'setup.py', 'egg_info', '--egg-base', '../build/workspace_nav', 'build', '--build-base', '/home/aliomac/garp-test/build/workspace_nav/build', 'install', '--record', '/home/aliomac/garp-test/build/workspace_nav/install.log', '--single-version-externally-managed', 'install_data'], 'cwd': '/home/aliomac/garp-test/workspace_nav', 'env': {'GZ_SIM_SYSTEM_PLUGIN_PATH': '/home/aliomac/vrx_ws/install/lib', 'GJS_DEBUG_TOPICS': 'JS ERROR;JS LOG', 'XDG_ACTIVATION_TOKEN': 'gnome-shell/Terminator/2472-3-aliomac-Nitro-AN515-55_TIME2321361', 'LESSOPEN': '| /usr/bin/lesspipe %s', 'GZ_SIM_RESOURCE_PATH': '/home/aliomac/vrx_ws/install/share/vrx_gz/models/tmp:/home/aliomac/vrx_ws/install/share/vrx_gz/models:/home/aliomac/vrx_ws/install/share/vrx_gz/worlds/2023_phase2:/home/aliomac/vrx_ws/install/share/vrx_gz/worlds/2023_practice:/home/aliomac/vrx_ws/install/share/vrx_gz/worlds:/home/aliomac/vrx_ws/install/share/wamv_description/models:/home/aliomac/vrx_ws/install/share/vrx_gazebo/models:/home/aliomac/vrx_ws/install/share/:/opt/ros/jazzy/share', 'USER': 'aliomac', 'GZ_CONFIG_PATH': '/opt/ros/jazzy/opt/gz_sim_vendor/share/gz:/opt/ros/jazzy/opt/sdformat_vendor/share/gz:/opt/ros/jazzy/opt/gz_gui_vendor/share/gz:/opt/ros/jazzy/opt/gz_transport_vendor/share/gz:/opt/ros/jazzy/opt/gz_rendering_vendor/share/gz:/opt/ros/jazzy/opt/gz_plugin_vendor/share/gz:/opt/ros/jazzy/opt/gz_fuel_tools_vendor/share/gz:/opt/ros/jazzy/opt/gz_msgs_vendor/share/gz:/opt/ros/jazzy/opt/gz_common_vendor/share/gz', 'XDG_SESSION_TYPE': 'wayland', 'CLUTTER_DISABLE_MIPMAPPED_TEXT': '1', 'SHLVL': '1', 'LD_LIBRARY_PATH': '/home/aliomac/garp-test/install/workspace_gz/lib:/home/aliomac/garp-test/install/kiss_icp/lib:/home/aliomac/vrx_ws/install/lib:/home/aliomac/thesis_USV_gazebo/install/lib:/opt/ros/jazzy/opt/gz_sim_vendor/lib:/opt/ros/jazzy/opt/gz_sensors_vendor/lib:/opt/ros/jazzy/opt/gz_physics_vendor/lib:/opt/ros/jazzy/opt/sdformat_vendor/lib:/opt/ros/jazzy/opt/rviz_ogre_vendor/lib:/opt/ros/jazzy/lib/x86_64-linux-gnu:/opt/ros/jazzy/opt/gz_gui_vendor/lib:/opt/ros/jazzy/opt/gz_transport_vendor/lib:/opt/ros/jazzy/opt/gz_rendering_vendor/lib:/opt/ros/jazzy/opt/gz_plugin_vendor/lib:/opt/ros/jazzy/opt/gz_fuel_tools_vendor/lib:/opt/ros/jazzy/opt/gz_msgs_vendor/lib:/opt/ros/jazzy/opt/gz_common_vendor/lib:/opt/ros/jazzy/opt/gz_math_vendor/lib:/opt/ros/jazzy/opt/gz_utils_vendor/lib:/opt/ros/jazzy/opt/gz_tools_vendor/lib:/opt/ros/jazzy/opt/gz_ogre_next_vendor/lib:/opt/ros/jazzy/opt/gz_dartsim_vendor/lib:/opt/ros/jazzy/opt/gz_cmake_vendor/lib:/opt/ros/jazzy/lib', 'HOME': '/home/aliomac', 'OLDPWD': '/home/aliomac', 'DESKTOP_SESSION': 'ubuntu', 'GIO_LAUNCHED_DESKTOP_FILE': '/usr/share/applications/terminator.desktop', 'ROS_PYTHON_VERSION': '3', 'GNOME_SHELL_SESSION_MODE': 'ubuntu', 'GTK_MODULES': 'gail:atk-bridge', 'MANAGERPID': '2192', 'SYSTEMD_EXEC_PID': '2472', 'GSM_SKIP_SSH_AGENT_WORKAROUND': 'true', 'DBUS_SESSION_BUS_ADDRESS': 'unix:path=/run/user/1000/bus', 'COLORTERM': 'truecolor', 'TERMINATOR_DBUS_NAME': 'net.tenshu.Terminator25ef4b219e3b005583550f2b0f9f990c3', 'GIO_LAUNCHED_DESKTOP_FILE_PID': '21753', 'DEBUGINFOD_URLS': 'https://debuginfod.ubuntu.com', 'IM_CONFIG_PHASE': '1', 'WAYLAND_DISPLAY': 'wayland-0', 'COLCON_PREFIX_PATH': '/home/aliomac/garp-test/install:/home/aliomac/vrx_ws/install:/home/aliomac/thesis_USV_gazebo/install', 'ROS_DISTRO': 'jazzy', 'LOGNAME': 'aliomac', 'JOURNAL_STREAM': '9:21782', '_': '/usr/bin/colcon', 'ROS_VERSION': '2', 'MEMORY_PRESSURE_WATCH': '/sys/fs/cgroup/user.slice/user-1000.slice/user@1000.service/session.slice/org.gnome.Shell@wayland.service/memory.pressure', 'XDG_SESSION_CLASS': 'user', 'USERNAME': 'aliomac', 'TERM': 'xterm-256color', 'GNOME_DESKTOP_SESSION_ID': 'this-is-deprecated', 'PATH': '/home/aliomac/.opencode/bin:/home/aliomac/.local/bin:/opt/ros/jazzy/opt/gz_msgs_vendor/bin:/opt/ros/jazzy/opt/gz_tools_vendor/bin:/opt/ros/jazzy/opt/gz_ogre_next_vendor/bin:/opt/ros/jazzy/bin:/home/aliomac/.local/bin:/usr/local/sbin:/usr/local/bin:/usr/sbin:/usr/bin:/sbin:/bin:/usr/games:/usr/local/games:/snap/bin:/snap/bin', 'SESSION_MANAGER': 'local/aliomac-Nitro-AN515-55:@/tmp/.ICE-unix/2436,unix/aliomac-Nitro-AN515-55:/tmp/.ICE-unix/2436', 'INVOCATION_ID': 'e8e0e4c9cc6248f28b2cbb1f6f3e7b59', 'XDG_MENU_PREFIX': 'gnome-', 'GNOME_SETUP_DISPLAY': ':1', 'XDG_RUNTIME_DIR': '/run/user/1000', 'DISPLAY': ':0', 'TERMINATOR_DBUS_PATH': '/net/tenshu/Terminator2', 'LANG': 'en_US.UTF-8', 'XDG_CURRENT_DESKTOP': 'ubuntu:GNOME', 'XMODIFIERS': '@im=ibus', 'XDG_SESSION_DESKTOP': 'ubuntu', 'XAUTHORITY': '/run/user/1000/.mutter-Xwaylandauth.I4R3J3', 'LS_COLORS': 'rs=0:di=01;34:ln=01;36:mh=00:pi=40;33:so=01;35:do=01;35:bd=40;33;01:cd=40;33;01:or=40;31;01:mi=00:su=37;41:sg=30;43:ca=00:tw=30;42:ow=34;42:st=37;44:ex=01;32:*.tar=01;31:*.tgz=01;31:*.arc=01;31:*.arj=01;31:*.taz=01;31:*.lha=01;31:*.lz4=01;31:*.lzh=01;31:*.lzma=01;31:*.tlz=01;31:*.txz=01;31:*.tzo=01;31:*.t7z=01;31:*.zip=01;31:*.z=01;31:*.dz=01;31:*.gz=01;31:*.lrz=01;31:*.lz=01;31:*.lzo=01;31:*.xz=01;31:*.zst=01;31:*.tzst=01;31:*.bz2=01;31:*.bz=01;31:*.tbz=01;31:*.tbz2=01;31:*.tz=01;31:*.deb=01;31:*.rpm=01;31:*.jar=01;31:*.war=01;31:*.ear=01;31:*.sar=01;31:*.rar=01;31:*.alz=01;31:*.ace=01;31:*.zoo=01;31:*.cpio=01;31:*.7z=01;31:*.rz=01;31:*.cab=01;31:*.wim=01;31:*.swm=01;31:*.dwm=01;31:*.esd=01;31:*.avif=01;35:*.jpg=01;35:*.jpeg=01;35:*.mjpg=01;35:*.mjpeg=01;35:*.gif=01;35:*.bmp=01;35:*.pbm=01;35:*.pgm=01;35:*.ppm=01;35:*.tga=01;35:*.xbm=01;35:*.xpm=01;35:*.tif=01;35:*.tiff=01;35:*.png=01;35:*.svg=01;35:*.svgz=01;35:*.mng=01;35:*.pcx=01;35:*.mov=01;35:*.mpg=01;35:*.mpeg=01;35:*.m2v=01;35:*.mkv=01;35:*.webm=01;35:*.webp=01;35:*.ogm=01;35:*.mp4=01;35:*.m4v=01;35:*.mp4v=01;35:*.vob=01;35:*.qt=01;35:*.nuv=01;35:*.wmv=01;35:*.asf=01;35:*.rm=01;35:*.rmvb=01;35:*.flc=01;35:*.avi=01;35:*.fli=01;35:*.flv=01;35:*.gl=01;35:*.dl=01;35:*.xcf=01;35:*.xwd=01;35:*.yuv=01;35:*.cgm=01;35:*.emf=01;35:*.ogv=01;35:*.ogx=01;35:*.aac=00;36:*.au=00;36:*.flac=00;36:*.m4a=00;36:*.mid=00;36:*.midi=00;36:*.mka=00;36:*.mp3=00;36:*.mpc=00;36:*.ogg=00;36:*.ra=00;36:*.wav=00;36:*.oga=00;36:*.opus=00;36:*.spx=00;36:*.xspf=00;36:*~=00;90:*#=00;90:*.bak=00;90:*.crdownload=00;90:*.dpkg-dist=00;90:*.dpkg-new=00;90:*.dpkg-old=00;90:*.dpkg-tmp=00;90:*.old=00;90:*.orig=00;90:*.part=00;90:*.rej=00;90:*.rpmnew=00;90:*.rpmorig=00;90:*.rpmsave=00;90:*.swp=00;90:*.tmp=00;90:*.ucf-dist=00;90:*.ucf-new=00;90:*.ucf-old=00;90:', 'SSH_AUTH_SOCK': '/run/user/1000/keyring/ssh', 'AMENT_PREFIX_PATH': '/home/aliomac/garp-test/install/workspace_ros:/home/aliomac/garp-test/install/workspace_nav:/home/aliomac/garp-test/install/workspace_gz:/home/aliomac/garp-test/install/kiss_icp:/home/aliomac/vrx_ws/install:/home/aliomac/thesis_USV_gazebo/install:/opt/ros/jazzy', 'SHELL': '/bin/bash', 'TERMINATOR_UUID': 'urn:uuid:9dcf79d9-1f7e-4f63-a808-807a1d35a7da', 'QT_ACCESSIBILITY': '1', 'GDMSESSION': 'ubuntu', 'LESSCLOSE': '/usr/bin/lesspipe %s %s', 'GJS_DEBUG_OUTPUT': 'stderr', 'ROS_AUTOMATIC_DISCOVERY_RANGE': 'SUBNET', 'QT_IM_MODULE': 'ibus', 'PWD': '/home/aliomac/garp-test/build/workspace_nav', 'LC_ALL': 'en_US.UTF-8', 'XDG_CONFIG_DIRS': '/etc/xdg/xdg-ubuntu:/etc/xdg', 'XDG_DATA_DIRS': '/usr/share/ubuntu:/usr/share/gnome:/usr/local/share/:/usr/share/:/var/lib/snapd/desktop', 'PYTHONPATH': '/home/aliomac/garp-test/build/workspace_nav/prefix_override:/usr/lib/python3/dist-packages/colcon_core/task/python/colcon_distutils_commands:/home/aliomac/garp-test/install/workspace_nav/lib/python3.12/site-packages:/home/aliomac/garp-test/install/workspace_ros/lib/python3.12/site-packages:/home/aliomac/garp-test/install/workspace_nav/lib/python3.12/site-packages:/home/aliomac/vrx_ws/install/lib/python3.12/site-packages:/home/aliomac/thesis_USV_gazebo/build/ros_gz_bridge_custom:/home/aliomac/thesis_USV_gazebo/build/autopilot:/home/aliomac/thesis_USV_gazebo/install/lib/python3.12/site-packages:/opt/ros/jazzy/lib/python3.12/site-packages', 'COLCON': '1', 'MEMORY_PRESSURE_WRITE': 'c29tZSAyMDAwMDAgMjAwMDAwMAA=', 'VTE_VERSION': '7600', 'CMAKE_PREFIX_PATH': '/home/aliomac/garp-test/install/workspace_gz:/home/aliomac/garp-test/install/kiss_icp:/home/aliomac/vrx_ws/install:/home/aliomac/thesis_USV_gazebo/install:/opt/ros/jazzy/opt/gz_sim_vendor:/opt/ros/jazzy/opt/gz_sensors_vendor:/opt/ros/jazzy/opt/gz_physics_vendor:/opt/ros/jazzy/opt/sdformat_vendor:/opt/ros/jazzy/opt/gz_gui_vendor:/opt/ros/jazzy/opt/gz_transport_vendor:/opt/ros/jazzy/opt/gz_rendering_vendor:/opt/ros/jazzy/opt/gz_plugin_vendor:/opt/ros/jazzy/opt/gz_fuel_tools_vendor:/opt/ros/jazzy/opt/gz_msgs_vendor:/opt/ros/jazzy/opt/gz_common_vendor:/opt/ros/jazzy/opt/gz_math_vendor:/opt/ros/jazzy/opt/gz_utils_vendor:/opt/ros/jazzy/opt/gz_tools_vendor:/opt/ros/jazzy/opt/gz_ogre_next_vendor:/opt/ros/jazzy/opt/gz_dartsim_vendor:/opt/ros/jazzy/opt/gz_cmake_vendor'}, 'shell': False}
[1.392134] (workspace_gz) StdoutLine: {'line': b'-- Found SWSCALE: TRUE  \n'}
[1.393312] (workspace_ros) Command: {'cmd': ['/usr/bin/python3', '-W', 'ignore:setup.py install is deprecated', '-W', 'ignore:easy_install command is deprecated', 'setup.py', 'egg_info', '--egg-base', '../build/workspace_ros', 'build', '--build-base', '/home/aliomac/garp-test/build/workspace_ros/build', 'install', '--record', '/home/aliomac/garp-test/build/workspace_ros/install.log', '--single-version-externally-managed', 'install_data'], 'cwd': '/home/aliomac/garp-test/workspace_ros', 'env': {'GZ_SIM_SYSTEM_PLUGIN_PATH': '/home/aliomac/vrx_ws/install/lib', 'GJS_DEBUG_TOPICS': 'JS ERROR;JS LOG', 'XDG_ACTIVATION_TOKEN': 'gnome-shell/Terminator/2472-3-aliomac-Nitro-AN515-55_TIME2321361', 'LESSOPEN': '| /usr/bin/lesspipe %s', 'GZ_SIM_RESOURCE_PATH': '/home/aliomac/vrx_ws/install/share/vrx_gz/models/tmp:/home/aliomac/vrx_ws/install/share/vrx_gz/models:/home/aliomac/vrx_ws/install/share/vrx_gz/worlds/2023_phase2:/home/aliomac/vrx_ws/install/share/vrx_gz/worlds/2023_practice:/home/aliomac/vrx_ws/install/share/vrx_gz/worlds:/home/aliomac/vrx_ws/install/share/wamv_description/models:/home/aliomac/vrx_ws/install/share/vrx_gazebo/models:/home/aliomac/vrx_ws/install/share/:/opt/ros/jazzy/share', 'USER': 'aliomac', 'GZ_CONFIG_PATH': '/opt/ros/jazzy/opt/gz_sim_vendor/share/gz:/opt/ros/jazzy/opt/sdformat_vendor/share/gz:/opt/ros/jazzy/opt/gz_gui_vendor/share/gz:/opt/ros/jazzy/opt/gz_transport_vendor/share/gz:/opt/ros/jazzy/opt/gz_rendering_vendor/share/gz:/opt/ros/jazzy/opt/gz_plugin_vendor/share/gz:/opt/ros/jazzy/opt/gz_fuel_tools_vendor/share/gz:/opt/ros/jazzy/opt/gz_msgs_vendor/share/gz:/opt/ros/jazzy/opt/gz_common_vendor/share/gz', 'XDG_SESSION_TYPE': 'wayland', 'CLUTTER_DISABLE_MIPMAPPED_TEXT': '1', 'SHLVL': '1', 'LD_LIBRARY_PATH': '/home/aliomac/garp-test/install/workspace_gz/lib:/home/aliomac/garp-test/install/kiss_icp/lib:/home/aliomac/vrx_ws/install/lib:/home/aliomac/thesis_USV_gazebo/install/lib:/opt/ros/jazzy/opt/gz_sim_vendor/lib:/opt/ros/jazzy/opt/gz_sensors_vendor/lib:/opt/ros/jazzy/opt/gz_physics_vendor/lib:/opt/ros/jazzy/opt/sdformat_vendor/lib:/opt/ros/jazzy/opt/rviz_ogre_vendor/lib:/opt/ros/jazzy/lib/x86_64-linux-gnu:/opt/ros/jazzy/opt/gz_gui_vendor/lib:/opt/ros/jazzy/opt/gz_transport_vendor/lib:/opt/ros/jazzy/opt/gz_rendering_vendor/lib:/opt/ros/jazzy/opt/gz_plugin_vendor/lib:/opt/ros/jazzy/opt/gz_fuel_tools_vendor/lib:/opt/ros/jazzy/opt/gz_msgs_vendor/lib:/opt/ros/jazzy/opt/gz_common_vendor/lib:/opt/ros/jazzy/opt/gz_math_vendor/lib:/opt/ros/jazzy/opt/gz_utils_vendor/lib:/opt/ros/jazzy/opt/gz_tools_vendor/lib:/opt/ros/jazzy/opt/gz_ogre_next_vendor/lib:/opt/ros/jazzy/opt/gz_dartsim_vendor/lib:/opt/ros/jazzy/opt/gz_cmake_vendor/lib:/opt/ros/jazzy/lib', 'HOME': '/home/aliomac', 'OLDPWD': '/home/aliomac', 'DESKTOP_SESSION': 'ubuntu', 'GIO_LAUNCHED_DESKTOP_FILE': '/usr/share/applications/terminator.desktop', 'ROS_PYTHON_VERSION': '3', 'GNOME_SHELL_SESSION_MODE': 'ubuntu', 'GTK_MODULES': 'gail:atk-bridge', 'MANAGERPID': '2192', 'SYSTEMD_EXEC_PID': '2472', 'GSM_SKIP_SSH_AGENT_WORKAROUND': 'true', 'DBUS_SESSION_BUS_ADDRESS': 'unix:path=/run/user/1000/bus', 'COLORTERM': 'truecolor', 'TERMINATOR_DBUS_NAME': 'net.tenshu.Terminator25ef4b219e3b005583550f2b0f9f990c3', 'GIO_LAUNCHED_DESKTOP_FILE_PID': '21753', 'DEBUGINFOD_URLS': 'https://debuginfod.ubuntu.com', 'IM_CONFIG_PHASE': '1', 'WAYLAND_DISPLAY': 'wayland-0', 'COLCON_PREFIX_PATH': '/home/aliomac/garp-test/install:/home/aliomac/vrx_ws/install:/home/aliomac/thesis_USV_gazebo/install', 'ROS_DISTRO': 'jazzy', 'LOGNAME': 'aliomac', 'JOURNAL_STREAM': '9:21782', '_': '/usr/bin/colcon', 'ROS_VERSION': '2', 'MEMORY_PRESSURE_WATCH': '/sys/fs/cgroup/user.slice/user-1000.slice/user@1000.service/session.slice/org.gnome.Shell@wayland.service/memory.pressure', 'XDG_SESSION_CLASS': 'user', 'USERNAME': 'aliomac', 'TERM': 'xterm-256color', 'GNOME_DESKTOP_SESSION_ID': 'this-is-deprecated', 'PATH': '/home/aliomac/.opencode/bin:/home/aliomac/.local/bin:/opt/ros/jazzy/opt/gz_msgs_vendor/bin:/opt/ros/jazzy/opt/gz_tools_vendor/bin:/opt/ros/jazzy/opt/gz_ogre_next_vendor/bin:/opt/ros/jazzy/bin:/home/aliomac/.local/bin:/usr/local/sbin:/usr/local/bin:/usr/sbin:/usr/bin:/sbin:/bin:/usr/games:/usr/local/games:/snap/bin:/snap/bin', 'SESSION_MANAGER': 'local/aliomac-Nitro-AN515-55:@/tmp/.ICE-unix/2436,unix/aliomac-Nitro-AN515-55:/tmp/.ICE-unix/2436', 'INVOCATION_ID': 'e8e0e4c9cc6248f28b2cbb1f6f3e7b59', 'XDG_MENU_PREFIX': 'gnome-', 'GNOME_SETUP_DISPLAY': ':1', 'XDG_RUNTIME_DIR': '/run/user/1000', 'DISPLAY': ':0', 'TERMINATOR_DBUS_PATH': '/net/tenshu/Terminator2', 'LANG': 'en_US.UTF-8', 'XDG_CURRENT_DESKTOP': 'ubuntu:GNOME', 'XMODIFIERS': '@im=ibus', 'XDG_SESSION_DESKTOP': 'ubuntu', 'XAUTHORITY': '/run/user/1000/.mutter-Xwaylandauth.I4R3J3', 'LS_COLORS': 'rs=0:di=01;34:ln=01;36:mh=00:pi=40;33:so=01;35:do=01;35:bd=40;33;01:cd=40;33;01:or=40;31;01:mi=00:su=37;41:sg=30;43:ca=00:tw=30;42:ow=34;42:st=37;44:ex=01;32:*.tar=01;31:*.tgz=01;31:*.arc=01;31:*.arj=01;31:*.taz=01;31:*.lha=01;31:*.lz4=01;31:*.lzh=01;31:*.lzma=01;31:*.tlz=01;31:*.txz=01;31:*.tzo=01;31:*.t7z=01;31:*.zip=01;31:*.z=01;31:*.dz=01;31:*.gz=01;31:*.lrz=01;31:*.lz=01;31:*.lzo=01;31:*.xz=01;31:*.zst=01;31:*.tzst=01;31:*.bz2=01;31:*.bz=01;31:*.tbz=01;31:*.tbz2=01;31:*.tz=01;31:*.deb=01;31:*.rpm=01;31:*.jar=01;31:*.war=01;31:*.ear=01;31:*.sar=01;31:*.rar=01;31:*.alz=01;31:*.ace=01;31:*.zoo=01;31:*.cpio=01;31:*.7z=01;31:*.rz=01;31:*.cab=01;31:*.wim=01;31:*.swm=01;31:*.dwm=01;31:*.esd=01;31:*.avif=01;35:*.jpg=01;35:*.jpeg=01;35:*.mjpg=01;35:*.mjpeg=01;35:*.gif=01;35:*.bmp=01;35:*.pbm=01;35:*.pgm=01;35:*.ppm=01;35:*.tga=01;35:*.xbm=01;35:*.xpm=01;35:*.tif=01;35:*.tiff=01;35:*.png=01;35:*.svg=01;35:*.svgz=01;35:*.mng=01;35:*.pcx=01;35:*.mov=01;35:*.mpg=01;35:*.mpeg=01;35:*.m2v=01;35:*.mkv=01;35:*.webm=01;35:*.webp=01;35:*.ogm=01;35:*.mp4=01;35:*.m4v=01;35:*.mp4v=01;35:*.vob=01;35:*.qt=01;35:*.nuv=01;35:*.wmv=01;35:*.asf=01;35:*.rm=01;35:*.rmvb=01;35:*.flc=01;35:*.avi=01;35:*.fli=01;35:*.flv=01;35:*.gl=01;35:*.dl=01;35:*.xcf=01;35:*.xwd=01;35:*.yuv=01;35:*.cgm=01;35:*.emf=01;35:*.ogv=01;35:*.ogx=01;35:*.aac=00;36:*.au=00;36:*.flac=00;36:*.m4a=00;36:*.mid=00;36:*.midi=00;36:*.mka=00;36:*.mp3=00;36:*.mpc=00;36:*.ogg=00;36:*.ra=00;36:*.wav=00;36:*.oga=00;36:*.opus=00;36:*.spx=00;36:*.xspf=00;36:*~=00;90:*#=00;90:*.bak=00;90:*.crdownload=00;90:*.dpkg-dist=00;90:*.dpkg-new=00;90:*.dpkg-old=00;90:*.dpkg-tmp=00;90:*.old=00;90:*.orig=00;90:*.part=00;90:*.rej=00;90:*.rpmnew=00;90:*.rpmorig=00;90:*.rpmsave=00;90:*.swp=00;90:*.tmp=00;90:*.ucf-dist=00;90:*.ucf-new=00;90:*.ucf-old=00;90:', 'SSH_AUTH_SOCK': '/run/user/1000/keyring/ssh', 'AMENT_PREFIX_PATH': '/home/aliomac/garp-test/install/workspace_ros:/home/aliomac/garp-test/install/workspace_nav:/home/aliomac/garp-test/install/workspace_gz:/home/aliomac/garp-test/install/kiss_icp:/home/aliomac/vrx_ws/install:/home/aliomac/thesis_USV_gazebo/install:/opt/ros/jazzy', 'SHELL': '/bin/bash', 'TERMINATOR_UUID': 'urn:uuid:9dcf79d9-1f7e-4f63-a808-807a1d35a7da', 'QT_ACCESSIBILITY': '1', 'GDMSESSION': 'ubuntu', 'LESSCLOSE': '/usr/bin/lesspipe %s %s', 'GJS_DEBUG_OUTPUT': 'stderr', 'ROS_AUTOMATIC_DISCOVERY_RANGE': 'SUBNET', 'QT_IM_MODULE': 'ibus', 'PWD': '/home/aliomac/garp-test/build/workspace_ros', 'LC_ALL': 'en_US.UTF-8', 'XDG_CONFIG_DIRS': '/etc/xdg/xdg-ubuntu:/etc/xdg', 'XDG_DATA_DIRS': '/usr/share/ubuntu:/usr/share/gnome:/usr/local/share/:/usr/share/:/var/lib/snapd/desktop', 'PYTHONPATH': '/home/aliomac/garp-test/build/workspace_ros/prefix_override:/usr/lib/python3/dist-packages/colcon_core/task/python/colcon_distutils_commands:/home/aliomac/garp-test/install/workspace_ros/lib/python3.12/site-packages:/home/aliomac/garp-test/install/workspace_ros/lib/python3.12/site-packages:/home/aliomac/garp-test/install/workspace_nav/lib/python3.12/site-packages:/home/aliomac/vrx_ws/install/lib/python3.12/site-packages:/home/aliomac/thesis_USV_gazebo/build/ros_gz_bridge_custom:/home/aliomac/thesis_USV_gazebo/build/autopilot:/home/aliomac/thesis_USV_gazebo/install/lib/python3.12/site-packages:/opt/ros/jazzy/lib/python3.12/site-packages', 'COLCON': '1', 'MEMORY_PRESSURE_WRITE': 'c29tZSAyMDAwMDAgMjAwMDAwMAA=', 'VTE_VERSION': '7600', 'CMAKE_PREFIX_PATH': '/home/aliomac/garp-test/install/workspace_gz:/home/aliomac/garp-test/install/kiss_icp:/home/aliomac/vrx_ws/install:/home/aliomac/thesis_USV_gazebo/install:/opt/ros/jazzy/opt/gz_sim_vendor:/opt/ros/jazzy/opt/gz_sensors_vendor:/opt/ros/jazzy/opt/gz_physics_vendor:/opt/ros/jazzy/opt/sdformat_vendor:/opt/ros/jazzy/opt/gz_gui_vendor:/opt/ros/jazzy/opt/gz_transport_vendor:/opt/ros/jazzy/opt/gz_rendering_vendor:/opt/ros/jazzy/opt/gz_plugin_vendor:/opt/ros/jazzy/opt/gz_fuel_tools_vendor:/opt/ros/jazzy/opt/gz_msgs_vendor:/opt/ros/jazzy/opt/gz_common_vendor:/opt/ros/jazzy/opt/gz_math_vendor:/opt/ros/jazzy/opt/gz_utils_vendor:/opt/ros/jazzy/opt/gz_tools_vendor:/opt/ros/jazzy/opt/gz_ogre_next_vendor:/opt/ros/jazzy/opt/gz_dartsim_vendor:/opt/ros/jazzy/opt/gz_cmake_vendor'}, 'shell': False}
[1.399295] (workspace_gz) StdoutLine: {'line': b"-- Checking for module 'libavdevice >= 56.4.100'\n"}
[1.401042] (-) TimerEvent: {}
[1.421163] (workspace_gz) StdoutLine: {'line': b'--   Found libavdevice, version 60.3.100\n'}
[1.469244] (workspace_gz) StdoutLine: {'line': b'-- Found AVDEVICE: TRUE (Required is at least version "56.4.100") \n'}
[1.474596] (workspace_gz) StdoutLine: {'line': b"-- Checking for module 'libavformat'\n"}
[1.489926] (workspace_gz) StdoutLine: {'line': b'--   Found libavformat, version 60.16.100\n'}
[1.501135] (-) TimerEvent: {}
[1.528875] (workspace_gz) StdoutLine: {'line': b'-- Found AVFORMAT: TRUE  \n'}
[1.535767] (workspace_gz) StdoutLine: {'line': b"-- Checking for module 'libavcodec'\n"}
[1.552888] (workspace_gz) StdoutLine: {'line': b'--   Found libavcodec, version 60.31.102\n'}
[1.583549] (workspace_gz) StdoutLine: {'line': b'-- Found AVCODEC: TRUE  \n'}
[1.588399] (workspace_gz) StdoutLine: {'line': b"-- Checking for module 'libavutil'\n"}
[1.600851] (workspace_gz) StdoutLine: {'line': b'--   Found libavutil, version 58.29.100\n'}
[1.601199] (-) TimerEvent: {}
[1.630495] (workspace_gz) StdoutLine: {'line': b'-- Found AVUTIL: TRUE  \n'}
[1.631688] (workspace_gz) StdoutLine: {'line': b'-- Searching for <gz-common5> component [events]\n'}
[1.634999] (workspace_gz) StdoutLine: {'line': b'-- Looking for gz-common5-events -- found version 5.7.1\n'}
[1.635279] (workspace_gz) StdoutLine: {'line': b'-- Searching for dependencies of gz-common5-events\n'}
[1.635880] (workspace_gz) StdoutLine: {'line': b'-- Looking for gz-math7 -- found version 7.5.2\n'}
[1.636957] (workspace_gz) StdoutLine: {'line': b'-- Searching for <gz-common5> component [graphics]\n'}
[1.640191] (workspace_gz) StdoutLine: {'line': b'-- Looking for gz-common5-graphics -- found version 5.7.1\n'}
[1.640410] (workspace_gz) StdoutLine: {'line': b'-- Searching for dependencies of gz-common5-graphics\n'}
[1.640996] (workspace_gz) StdoutLine: {'line': b'-- Looking for gz-math7 -- found version 7.5.2\n'}
[1.650947] (workspace_gz) StdoutLine: {'line': b'-- Found GzAssimp: TRUE (found version "5.3.0") \n'}
[1.651869] (workspace_gz) StdoutLine: {'line': b'-- Searching for <gz-common5> component [io]\n'}
[1.653879] (workspace_gz) StdoutLine: {'line': b'-- Looking for gz-common5-io -- found version 5.7.1\n'}
[1.654059] (workspace_gz) StdoutLine: {'line': b'-- Searching for dependencies of gz-common5-io\n'}
[1.654694] (workspace_gz) StdoutLine: {'line': b'-- Searching for <gz-common5> component [profiler]\n'}
[1.656682] (workspace_gz) StdoutLine: {'line': b'-- Looking for gz-common5-profiler -- found version 5.7.1\n'}
[1.656876] (workspace_gz) StdoutLine: {'line': b'-- Searching for dependencies of gz-common5-profiler\n'}
[1.659953] (workspace_gz) StdoutLine: {'line': b'-- Looking for gz-fuel_tools9 -- found version 9.1.1\n'}
[1.660176] (workspace_gz) StdoutLine: {'line': b'-- Searching for dependencies of gz-fuel_tools9\n'}
[1.701299] (-) TimerEvent: {}
[1.747015] (workspace_gz) StdoutLine: {'line': b'-- Found CURL: /usr/lib/x86_64-linux-gnu/libcurl.so (found version "8.5.0")  \n'}
[1.758281] (workspace_gz) StdoutLine: {'line': b"-- Checking for module 'jsoncpp'\n"}
[1.759038] (workspace_nav) StdoutLine: {'line': b'running egg_info\n'}
[1.759465] (workspace_nav) StdoutLine: {'line': b'creating ../build/workspace_nav/workspace_nav.egg-info\n'}
[1.769679] (workspace_ros) StdoutLine: {'line': b'running egg_info\n'}
[1.770004] (workspace_ros) StdoutLine: {'line': b'creating ../build/workspace_ros/workspace_ros.egg-info\n'}
[1.771680] (workspace_gz) StdoutLine: {'line': b'--   Found jsoncpp, version 1.9.5\n'}
[1.788247] (workspace_nav) StdoutLine: {'line': b'writing ../build/workspace_nav/workspace_nav.egg-info/PKG-INFO\n'}
[1.788554] (workspace_nav) StdoutLine: {'line': b'writing dependency_links to ../build/workspace_nav/workspace_nav.egg-info/dependency_links.txt\n'}
[1.788768] (workspace_nav) StdoutLine: {'line': b'writing entry points to ../build/workspace_nav/workspace_nav.egg-info/entry_points.txt\n'}
[1.788941] (workspace_nav) StdoutLine: {'line': b'writing requirements to ../build/workspace_nav/workspace_nav.egg-info/requires.txt\n'}
[1.789150] (workspace_nav) StdoutLine: {'line': b'writing top-level names to ../build/workspace_nav/workspace_nav.egg-info/top_level.txt\n'}
[1.789333] (workspace_nav) StdoutLine: {'line': b"writing manifest file '../build/workspace_nav/workspace_nav.egg-info/SOURCES.txt'\n"}
[1.797567] (workspace_ros) StdoutLine: {'line': b'writing ../build/workspace_ros/workspace_ros.egg-info/PKG-INFO\n'}
[1.797821] (workspace_ros) StdoutLine: {'line': b'writing dependency_links to ../build/workspace_ros/workspace_ros.egg-info/dependency_links.txt\n'}
[1.797996] (workspace_ros) StdoutLine: {'line': b'writing entry points to ../build/workspace_ros/workspace_ros.egg-info/entry_points.txt\n'}
[1.798158] (workspace_ros) StdoutLine: {'line': b'writing requirements to ../build/workspace_ros/workspace_ros.egg-info/requires.txt\n'}
[1.798321] (workspace_ros) StdoutLine: {'line': b'writing top-level names to ../build/workspace_ros/workspace_ros.egg-info/top_level.txt\n'}
[1.798485] (workspace_ros) StdoutLine: {'line': b"writing manifest file '../build/workspace_ros/workspace_ros.egg-info/SOURCES.txt'\n"}
[1.798855] (workspace_gz) StdoutLine: {'line': b'-- Found JSONCPP: TRUE  \n'}
[1.801356] (-) TimerEvent: {}
[1.816958] (workspace_gz) StdoutLine: {'line': b"-- Checking for module 'yaml-0.1'\n"}
[1.830738] (workspace_gz) StdoutLine: {'line': b'--   Found yaml-0.1, version 0.2.5\n'}
[1.847688] (workspace_nav) StdoutLine: {'line': b"reading manifest file '../build/workspace_nav/workspace_nav.egg-info/SOURCES.txt'\n"}
[1.848401] (workspace_nav) StdoutLine: {'line': b"writing manifest file '../build/workspace_nav/workspace_nav.egg-info/SOURCES.txt'\n"}
[1.848564] (workspace_nav) StdoutLine: {'line': b'running build\n'}
[1.848687] (workspace_nav) StdoutLine: {'line': b'running build_py\n'}
[1.848796] (workspace_nav) StdoutLine: {'line': b'creating /home/aliomac/garp-test/build/workspace_nav/build\n'}
[1.848903] (workspace_nav) StdoutLine: {'line': b'creating /home/aliomac/garp-test/build/workspace_nav/build/lib\n'}
[1.849005] (workspace_nav) StdoutLine: {'line': b'creating /home/aliomac/garp-test/build/workspace_nav/build/lib/scripts\n'}
[1.849114] (workspace_nav) StdoutLine: {'line': b'copying scripts/parkour_navigation.py -> /home/aliomac/garp-test/build/workspace_nav/build/lib/scripts\n'}
[1.849208] (workspace_nav) StdoutLine: {'line': b'copying scripts/__init__.py -> /home/aliomac/garp-test/build/workspace_nav/build/lib/scripts\n'}
[1.849382] (workspace_nav) StdoutLine: {'line': b'running install\n'}
[1.856370] (workspace_ros) StdoutLine: {'line': b"reading manifest file '../build/workspace_ros/workspace_ros.egg-info/SOURCES.txt'\n"}
[1.856693] (workspace_nav) StdoutLine: {'line': b'running install_lib\n'}
[1.857122] (workspace_ros) StdoutLine: {'line': b"writing manifest file '../build/workspace_ros/workspace_ros.egg-info/SOURCES.txt'\n"}
[1.857300] (workspace_ros) StdoutLine: {'line': b'running build\n'}
[1.857437] (workspace_ros) StdoutLine: {'line': b'running build_py\n'}
[1.857569] (workspace_ros) StdoutLine: {'line': b'creating /home/aliomac/garp-test/build/workspace_ros/build\n'}
[1.857703] (workspace_ros) StdoutLine: {'line': b'creating /home/aliomac/garp-test/build/workspace_ros/build/lib\n'}
[1.857836] (workspace_ros) StdoutLine: {'line': b'creating /home/aliomac/garp-test/build/workspace_ros/build/lib/scripts\n'}
[1.857942] (workspace_ros) StdoutLine: {'line': b'copying scripts/gps_covariance_repub.py -> /home/aliomac/garp-test/build/workspace_ros/build/lib/scripts\n'}
[1.858060] (workspace_ros) StdoutLine: {'line': b'copying scripts/lidar_processor.py -> /home/aliomac/garp-test/build/workspace_ros/build/lib/scripts\n'}
[1.858180] (workspace_ros) StdoutLine: {'line': b'copying scripts/wasd_teleop.py -> /home/aliomac/garp-test/build/workspace_ros/build/lib/scripts\n'}
[1.858323] (workspace_ros) StdoutLine: {'line': b'copying scripts/imu_covariance_repub.py -> /home/aliomac/garp-test/build/workspace_ros/build/lib/scripts\n'}
[1.858484] (workspace_ros) StdoutLine: {'line': b'copying scripts/__init__.py -> /home/aliomac/garp-test/build/workspace_ros/build/lib/scripts\n'}
[1.858648] (workspace_ros) StdoutLine: {'line': b'copying scripts/converter.py -> /home/aliomac/garp-test/build/workspace_ros/build/lib/scripts\n'}
[1.858806] (workspace_ros) StdoutLine: {'line': b'copying scripts/static_transform_publisher.py -> /home/aliomac/garp-test/build/workspace_ros/build/lib/scripts\n'}
[1.859151] (workspace_ros) StdoutLine: {'line': b'running install\n'}
[1.860885] (workspace_gz) StdoutLine: {'line': b'-- Found YAML: TRUE  \n'}
[1.865793] (workspace_gz) StdoutLine: {'line': b"-- Checking for module 'libzip'\n"}
[1.866078] (workspace_ros) StdoutLine: {'line': b'running install_lib\n'}
[1.879846] (workspace_gz) StdoutLine: {'line': b'--   Found libzip, version 1.7.3\n'}
[1.885688] (workspace_nav) StdoutLine: {'line': b'creating /home/aliomac/garp-test/install/workspace_nav/lib/python3.12/site-packages/scripts\n'}
[1.885909] (workspace_nav) StdoutLine: {'line': b'copying /home/aliomac/garp-test/build/workspace_nav/build/lib/scripts/parkour_navigation.py -> /home/aliomac/garp-test/install/workspace_nav/lib/python3.12/site-packages/scripts\n'}
[1.886049] (workspace_nav) StdoutLine: {'line': b'copying /home/aliomac/garp-test/build/workspace_nav/build/lib/scripts/__init__.py -> /home/aliomac/garp-test/install/workspace_nav/lib/python3.12/site-packages/scripts\n'}
[1.886551] (workspace_nav) StdoutLine: {'line': b'byte-compiling /home/aliomac/garp-test/install/workspace_nav/lib/python3.12/site-packages/scripts/parkour_navigation.py to parkour_navigation.cpython-312.pyc\n'}
[1.888572] (workspace_nav) StdoutLine: {'line': b'byte-compiling /home/aliomac/garp-test/install/workspace_nav/lib/python3.12/site-packages/scripts/__init__.py to __init__.cpython-312.pyc\n'}
[1.888795] (workspace_nav) StdoutLine: {'line': b'running install_data\n'}
[1.888916] (workspace_nav) StdoutLine: {'line': b'creating /home/aliomac/garp-test/install/workspace_nav/share/ament_index\n'}
[1.889026] (workspace_nav) StdoutLine: {'line': b'creating /home/aliomac/garp-test/install/workspace_nav/share/ament_index/resource_index\n'}
[1.889130] (workspace_nav) StdoutLine: {'line': b'creating /home/aliomac/garp-test/install/workspace_nav/share/ament_index/resource_index/packages\n'}
[1.889238] (workspace_nav) StdoutLine: {'line': b'copying resource/workspace_nav -> /home/aliomac/garp-test/install/workspace_nav/share/ament_index/resource_index/packages\n'}
[1.889354] (workspace_nav) StdoutLine: {'line': b'copying package.xml -> /home/aliomac/garp-test/install/workspace_nav/share/workspace_nav\n'}
[1.889466] (workspace_nav) StdoutLine: {'line': b'creating /home/aliomac/garp-test/install/workspace_nav/share/workspace_nav/config\n'}
[1.889585] (workspace_nav) StdoutLine: {'line': b'copying config/map.yaml -> /home/aliomac/garp-test/install/workspace_nav/share/workspace_nav/config\n'}
[1.889688] (workspace_nav) StdoutLine: {'line': b'copying config/parkour_nav.yaml -> /home/aliomac/garp-test/install/workspace_nav/share/workspace_nav/config\n'}
[1.889792] (workspace_nav) StdoutLine: {'line': b'copying config/nav2_params.yaml -> /home/aliomac/garp-test/install/workspace_nav/share/workspace_nav/config\n'}
[1.889899] (workspace_nav) StdoutLine: {'line': b'creating /home/aliomac/garp-test/install/workspace_nav/share/workspace_nav/launch\n'}
[1.889998] (workspace_nav) StdoutLine: {'line': b'copying launch/nav2.launch.py -> /home/aliomac/garp-test/install/workspace_nav/share/workspace_nav/launch\n'}
[1.890118] (workspace_nav) StdoutLine: {'line': b'copying launch/parkour_nav.launch.py -> /home/aliomac/garp-test/install/workspace_nav/share/workspace_nav/launch\n'}
[1.890269] (workspace_nav) StdoutLine: {'line': b'creating /home/aliomac/garp-test/install/workspace_nav/share/workspace_nav/scripts\n'}
[1.890436] (workspace_nav) StdoutLine: {'line': b'copying scripts/parkour_navigation.py -> /home/aliomac/garp-test/install/workspace_nav/share/workspace_nav/scripts\n'}
[1.890570] (workspace_nav) StdoutLine: {'line': b'copying scripts/__init__.py -> /home/aliomac/garp-test/install/workspace_nav/share/workspace_nav/scripts\n'}
[1.890720] (workspace_nav) StdoutLine: {'line': b'creating /home/aliomac/garp-test/install/workspace_nav/share/workspace_nav/map\n'}
[1.890878] (workspace_nav) StdoutLine: {'line': b'copying map/map.pgm -> /home/aliomac/garp-test/install/workspace_nav/share/workspace_nav/map\n'}
[1.890955] (workspace_nav) StdoutLine: {'line': b'running install_egg_info\n'}
[1.895208] (workspace_ros) StdoutLine: {'line': b'creating /home/aliomac/garp-test/install/workspace_ros/lib/python3.12/site-packages/scripts\n'}
[1.895404] (workspace_ros) StdoutLine: {'line': b'copying /home/aliomac/garp-test/build/workspace_ros/build/lib/scripts/gps_covariance_repub.py -> /home/aliomac/garp-test/install/workspace_ros/lib/python3.12/site-packages/scripts\n'}
[1.895529] (workspace_ros) StdoutLine: {'line': b'copying /home/aliomac/garp-test/build/workspace_ros/build/lib/scripts/lidar_processor.py -> /home/aliomac/garp-test/install/workspace_ros/lib/python3.12/site-packages/scripts\n'}
[1.895636] (workspace_ros) StdoutLine: {'line': b'copying /home/aliomac/garp-test/build/workspace_ros/build/lib/scripts/wasd_teleop.py -> /home/aliomac/garp-test/install/workspace_ros/lib/python3.12/site-packages/scripts\n'}
[1.895743] (workspace_ros) StdoutLine: {'line': b'copying /home/aliomac/garp-test/build/workspace_ros/build/lib/scripts/imu_covariance_repub.py -> /home/aliomac/garp-test/install/workspace_ros/lib/python3.12/site-packages/scripts\n'}
[1.895892] (workspace_ros) StdoutLine: {'line': b'copying /home/aliomac/garp-test/build/workspace_ros/build/lib/scripts/__init__.py -> /home/aliomac/garp-test/install/workspace_ros/lib/python3.12/site-packages/scripts\n'}
[1.896037] (workspace_ros) StdoutLine: {'line': b'copying /home/aliomac/garp-test/build/workspace_ros/build/lib/scripts/converter.py -> /home/aliomac/garp-test/install/workspace_ros/lib/python3.12/site-packages/scripts\n'}
[1.896167] (workspace_ros) StdoutLine: {'line': b'copying /home/aliomac/garp-test/build/workspace_ros/build/lib/scripts/static_transform_publisher.py -> /home/aliomac/garp-test/install/workspace_ros/lib/python3.12/site-packages/scripts\n'}
[1.896563] (workspace_ros) StdoutLine: {'line': b'byte-compiling /home/aliomac/garp-test/install/workspace_ros/lib/python3.12/site-packages/scripts/gps_covariance_repub.py to gps_covariance_repub.cpython-312.pyc\n'}
[1.897152] (workspace_ros) StdoutLine: {'line': b'byte-compiling /home/aliomac/garp-test/install/workspace_ros/lib/python3.12/site-packages/scripts/lidar_processor.py to lidar_processor.cpython-312.pyc\n'}
[1.899991] (workspace_ros) StdoutLine: {'line': b'byte-compiling /home/aliomac/garp-test/install/workspace_ros/lib/python3.12/site-packages/scripts/wasd_teleop.py to wasd_teleop.cpython-312.pyc\n'}
[1.900981] (workspace_ros) StdoutLine: {'line': b'byte-compiling /home/aliomac/garp-test/install/workspace_ros/lib/python3.12/site-packages/scripts/imu_covariance_repub.py to imu_covariance_repub.cpython-312.pyc\n'}
[1.901428] (-) TimerEvent: {}
[1.901585] (workspace_ros) StdoutLine: {'line': b'byte-compiling /home/aliomac/garp-test/install/workspace_ros/lib/python3.12/site-packages/scripts/__init__.py to __init__.cpython-312.pyc\n'}
[1.901775] (workspace_ros) StdoutLine: {'line': b'byte-compiling /home/aliomac/garp-test/install/workspace_ros/lib/python3.12/site-packages/scripts/converter.py to converter.cpython-312.pyc\n'}
[1.902763] (workspace_ros) StdoutLine: {'line': b'byte-compiling /home/aliomac/garp-test/install/workspace_ros/lib/python3.12/site-packages/scripts/static_transform_publisher.py to static_transform_publisher.cpython-312.pyc\n'}
[1.905352] (workspace_ros) StdoutLine: {'line': b'running install_data\n'}
[1.905675] (workspace_ros) StdoutLine: {'line': b'creating /home/aliomac/garp-test/install/workspace_ros/share/ament_index\n'}
[1.905895] (workspace_ros) StdoutLine: {'line': b'creating /home/aliomac/garp-test/install/workspace_ros/share/ament_index/resource_index\n'}
[1.906057] (workspace_ros) StdoutLine: {'line': b'creating /home/aliomac/garp-test/install/workspace_ros/share/ament_index/resource_index/packages\n'}
[1.906213] (workspace_ros) StdoutLine: {'line': b'copying resource/workspace_ros -> /home/aliomac/garp-test/install/workspace_ros/share/ament_index/resource_index/packages\n'}
[1.906371] (workspace_ros) StdoutLine: {'line': b'copying package.xml -> /home/aliomac/garp-test/install/workspace_ros/share/workspace_ros\n'}
[1.906603] (workspace_ros) StdoutLine: {'line': b'creating /home/aliomac/garp-test/install/workspace_ros/share/workspace_ros/config\n'}
[1.906793] (workspace_ros) StdoutLine: {'line': b'copying config/ekf.yaml -> /home/aliomac/garp-test/install/workspace_ros/share/workspace_ros/config\n'}
[1.906981] (workspace_ros) StdoutLine: {'line': b'copying config/kiss_icp.yaml -> /home/aliomac/garp-test/install/workspace_ros/share/workspace_ros/config\n'}
[1.907162] (workspace_ros) StdoutLine: {'line': b'copying config/lidar_filter.yaml -> /home/aliomac/garp-test/install/workspace_ros/share/workspace_ros/config\n'}
[1.907363] (workspace_ros) StdoutLine: {'line': b'copying config/static_transform.yaml -> /home/aliomac/garp-test/install/workspace_ros/share/workspace_ros/config\n'}
[1.907563] (workspace_ros) StdoutLine: {'line': b'copying config/lidar_rviz.rviz -> /home/aliomac/garp-test/install/workspace_ros/share/workspace_ros/config\n'}
[1.907746] (workspace_ros) StdoutLine: {'line': b'copying config/navsat.yaml -> /home/aliomac/garp-test/install/workspace_ros/share/workspace_ros/config\n'}
[1.907900] (workspace_ros) StdoutLine: {'line': b'creating /home/aliomac/garp-test/install/workspace_ros/share/workspace_ros/launch\n'}
[1.908053] (workspace_ros) StdoutLine: {'line': b'copying launch/localization.launch.py -> /home/aliomac/garp-test/install/workspace_ros/share/workspace_ros/launch\n'}
[1.908205] (workspace_ros) StdoutLine: {'line': b'copying launch/mola_slam.launch.py -> /home/aliomac/garp-test/install/workspace_ros/share/workspace_ros/launch\n'}
[1.908362] (workspace_ros) StdoutLine: {'line': b'copying launch/lidar_filter.launch.py -> /home/aliomac/garp-test/install/workspace_ros/share/workspace_ros/launch\n'}
[1.908580] (workspace_ros) StdoutLine: {'line': b'copying launch/kiss_icp.launch.py -> /home/aliomac/garp-test/install/workspace_ros/share/workspace_ros/launch\n'}
[1.908715] (workspace_ros) StdoutLine: {'line': b'creating /home/aliomac/garp-test/install/workspace_ros/share/workspace_ros/scripts\n'}
[1.908845] (workspace_ros) StdoutLine: {'line': b'copying scripts/gps_covariance_repub.py -> /home/aliomac/garp-test/install/workspace_ros/share/workspace_ros/scripts\n'}
[1.908974] (workspace_ros) StdoutLine: {'line': b'copying scripts/lidar_processor.py -> /home/aliomac/garp-test/install/workspace_ros/share/workspace_ros/scripts\n'}
[1.909101] (workspace_ros) StdoutLine: {'line': b'copying scripts/wasd_teleop.py -> /home/aliomac/garp-test/install/workspace_ros/share/workspace_ros/scripts\n'}
[1.909231] (workspace_ros) StdoutLine: {'line': b'copying scripts/imu_covariance_repub.py -> /home/aliomac/garp-test/install/workspace_ros/share/workspace_ros/scripts\n'}
[1.909369] (workspace_ros) StdoutLine: {'line': b'copying scripts/__init__.py -> /home/aliomac/garp-test/install/workspace_ros/share/workspace_ros/scripts\n'}
[1.909524] (workspace_ros) StdoutLine: {'line': b'copying scripts/converter.py -> /home/aliomac/garp-test/install/workspace_ros/share/workspace_ros/scripts\n'}
[1.909676] (workspace_ros) StdoutLine: {'line': b'copying scripts/static_transform_publisher.py -> /home/aliomac/garp-test/install/workspace_ros/share/workspace_ros/scripts\n'}
[1.909822] (workspace_ros) StdoutLine: {'line': b'creating /home/aliomac/garp-test/install/workspace_ros/share/workspace_ros/YOLOv11\n'}
[1.909962] (workspace_ros) StdoutLine: {'line': b'copying YOLOv11/YOLOv11.pt -> /home/aliomac/garp-test/install/workspace_ros/share/workspace_ros/YOLOv11\n'}
[1.913181] (workspace_gz) StdoutLine: {'line': b'-- Found ZIP: TRUE  \n'}
[1.913706] (workspace_gz) StdoutLine: {'line': b'-- Looking for gz-utils2 -- found version 2.2.1\n'}
[1.914136] (workspace_gz) StdoutLine: {'line': b'-- Looking for gz-common5 -- found version 5.7.1\n'}
[1.914356] (workspace_gz) StdoutLine: {'line': b'-- Searching for dependencies of gz-common5\n'}
[1.914845] (workspace_gz) StdoutLine: {'line': b'-- Looking for gz-utils2 -- found version 2.2.1\n'}
[1.915092] (workspace_gz) StdoutLine: {'line': b'-- Looking for dlfcn.h - found\n'}
[1.915245] (workspace_gz) StdoutLine: {'line': b'-- Looking for libdl - found\n'}
[1.917918] (workspace_ros) StdoutLine: {'line': b'running install_egg_info\n'}
[1.923578] (workspace_gz) StdoutLine: {'line': b'-- Searching for <gz-common5> component [testing]\n'}
[1.925682] (workspace_nav) StdoutLine: {'line': b'Copying ../build/workspace_nav/workspace_nav.egg-info to /home/aliomac/garp-test/install/workspace_nav/lib/python3.12/site-packages/workspace_nav-0.0.0-py3.12.egg-info\n'}
[1.925915] (workspace_gz) StdoutLine: {'line': b'-- Looking for gz-common5-testing -- found version 5.7.1\n'}
[1.926139] (workspace_gz) StdoutLine: {'line': b'-- Searching for dependencies of gz-common5-testing\n'}
[1.926523] (workspace_nav) StdoutLine: {'line': b'running install_scripts\n'}
[1.927478] (workspace_gz) StdoutLine: {'line': b'-- Looking for gz-math7 -- found version 7.5.2\n'}
[1.927923] (workspace_gz) StdoutLine: {'line': b'-- Looking for gz-msgs10 -- found version 10.3.2\n'}
[1.931253] (workspace_gz) StdoutLine: {'line': b'-- Looking for gz-gui8 -- found version 8.4.0\n'}
[1.931468] (workspace_gz) StdoutLine: {'line': b'-- Searching for dependencies of gz-gui8\n'}
[1.948784] (workspace_ros) StdoutLine: {'line': b'Copying ../build/workspace_ros/workspace_ros.egg-info to /home/aliomac/garp-test/install/workspace_ros/lib/python3.12/site-packages/workspace_ros-0.0.0-py3.12.egg-info\n'}
[1.949654] (workspace_ros) StdoutLine: {'line': b'running install_scripts\n'}
[1.957494] (workspace_gz) StdoutLine: {'line': b'-- Looking for gz-utils2 -- found version 2.2.1\n'}
[1.957924] (workspace_gz) StdoutLine: {'line': b'-- Looking for gz-math7 -- found version 7.5.2\n'}
[1.958326] (workspace_gz) StdoutLine: {'line': b'-- Looking for gz-common5 -- found version 5.7.1\n'}
[1.958767] (workspace_gz) StdoutLine: {'line': b'-- Looking for gz-plugin2 -- found version 2.0.4\n'}
[1.959197] (workspace_gz) StdoutLine: {'line': b'-- Looking for gz-transport13 -- found version 13.5.0\n'}
[1.961548] (workspace_gz) StdoutLine: {'line': b'-- Looking for gz-rendering8 -- found version 8.2.3\n'}
[1.961799] (workspace_gz) StdoutLine: {'line': b'-- Searching for dependencies of gz-rendering8\n'}
[1.962109] (workspace_gz) StdoutLine: {'line': b'-- Looking for gz-math7 -- found version 7.5.2\n'}
[1.962272] (workspace_gz) StdoutLine: {'line': b'-- Searching for dependencies of gz-math7\n'}
[1.962629] (workspace_gz) StdoutLine: {'line': b'-- Looking for gz-utils2 -- found version 2.2.1\n'}
[1.962833] (workspace_gz) StdoutLine: {'line': b'-- Searching for <gz-math7> component [eigen3]\n'}
[1.965011] (workspace_gz) StdoutLine: {'line': b'-- Looking for gz-math7-eigen3 -- found version 7.5.2\n'}
[1.965208] (workspace_gz) StdoutLine: {'line': b'-- Searching for dependencies of gz-math7-eigen3\n'}
[1.976885] (workspace_gz) StdoutLine: {'line': b'-- Looking for gz-common5 -- found version 5.7.1\n'}
[1.977120] (workspace_gz) StdoutLine: {'line': b'-- Searching for dependencies of gz-common5\n'}
[1.977379] (workspace_gz) StdoutLine: {'line': b'-- Looking for gz-utils2 -- found version 2.2.1\n'}
[1.977550] (workspace_gz) StdoutLine: {'line': b'-- Looking for dlfcn.h - found\n'}
[1.977695] (workspace_gz) StdoutLine: {'line': b'-- Looking for libdl - found\n'}
[1.985033] (workspace_gz) StdoutLine: {'line': b'-- Searching for <gz-common5> component [graphics]\n'}
[1.985303] (workspace_gz) StdoutLine: {'line': b'-- Searching for <gz-common5> component [events]\n'}
[1.985452] (workspace_gz) StdoutLine: {'line': b'-- Searching for <gz-common5> component [geospatial]\n'}
[1.987952] (workspace_gz) StdoutLine: {'line': b'-- Looking for gz-common5-geospatial -- found version 5.7.1\n'}
[1.988188] (workspace_gz) StdoutLine: {'line': b'-- Searching for dependencies of gz-common5-geospatial\n'}
[1.988772] (workspace_gz) StdoutLine: {'line': b'-- Looking for gz-math7 -- found version 7.5.2\n'}
[1.989430] (workspace_gz) StdoutLine: {'line': b'-- Looking for gz-common5 -- found version 5.7.1\n'}
[1.990770] (workspace_gz) StdoutLine: {'line': b'-- Looking for gz-plugin2 -- found version 2.0.4\n'}
[1.990934] (workspace_gz) StdoutLine: {'line': b'-- Searching for dependencies of gz-plugin2\n'}
[1.991288] (workspace_gz) StdoutLine: {'line': b'-- Looking for gz-utils2 -- found version 2.2.1\n'}
[1.991458] (workspace_gz) StdoutLine: {'line': b'-- Searching for <gz-plugin2> component [all]\n'}
[1.993318] (workspace_gz) StdoutLine: {'line': b'-- Looking for all libraries of gz-plugin2 -- found version 2.0.4\n'}
[1.993875] (workspace_gz) StdoutLine: {'line': b'-- Looking for gz-plugin2 -- found version 2.0.4\n'}
[1.994966] (workspace_gz) StdoutLine: {'line': b'-- Looking for gz-utils2 -- found version 2.2.1\n'}
[2.001539] (-) TimerEvent: {}
[2.010614] (workspace_gz) StdoutLine: {'line': b'-- Found OpenGL: /usr/lib/x86_64-linux-gnu/libOpenGL.so  found components: OpenGL \n'}
[2.012411] (workspace_gz) StdoutLine: {'line': b'-- Looking for gz-msgs10 -- found version 10.3.2\n'}
[2.054173] (workspace_gz) StdoutLine: {'line': b'-- Looking for gz-physics7 -- found version 7.6.0\n'}
[2.054351] (workspace_gz) StdoutLine: {'line': b'-- Searching for dependencies of gz-physics7\n'}
[2.054722] (workspace_gz) StdoutLine: {'line': b'-- Looking for gz-common5 -- found version 5.7.1\n'}
[2.055126] (workspace_gz) StdoutLine: {'line': b'-- Looking for gz-math7 -- found version 7.5.2\n'}
[2.055527] (workspace_gz) StdoutLine: {'line': b'-- Looking for gz-plugin2 -- found version 2.0.4\n'}
[2.055995] (workspace_gz) StdoutLine: {'line': b'-- Looking for gz-utils2 -- found version 2.2.1\n'}
[2.057571] (workspace_gz) StdoutLine: {'line': b'-- Searching for <gz-physics7> component [heightmap]\n'}
[2.059371] (workspace_gz) StdoutLine: {'line': b'-- Looking for gz-physics7-heightmap -- found version 7.6.0\n'}
[2.059586] (workspace_gz) StdoutLine: {'line': b'-- Searching for dependencies of gz-physics7-heightmap\n'}
[2.059900] (workspace_gz) StdoutLine: {'line': b'-- Looking for gz-common5 -- found version 5.7.1\n'}
[2.060558] (workspace_gz) StdoutLine: {'line': b'-- Searching for <gz-physics7> component [mesh]\n'}
[2.062249] (workspace_gz) StdoutLine: {'line': b'-- Looking for gz-physics7-mesh -- found version 7.6.0\n'}
[2.062401] (workspace_gz) StdoutLine: {'line': b'-- Searching for dependencies of gz-physics7-mesh\n'}
[2.062836] (workspace_gz) StdoutLine: {'line': b'-- Looking for gz-common5 -- found version 5.7.1\n'}
[2.063469] (workspace_gz) StdoutLine: {'line': b'-- Searching for <gz-physics7> component [sdf]\n'}
[2.065011] (workspace_gz) StdoutLine: {'line': b'-- Looking for gz-physics7-sdf -- found version 7.6.0\n'}
[2.065183] (workspace_gz) StdoutLine: {'line': b'-- Searching for dependencies of gz-physics7-sdf\n'}
[2.065484] (workspace_gz) StdoutLine: {'line': b'-- Looking for sdformat14 -- found version 14.8.0\n'}
[2.069316] (workspace_gz) StdoutLine: {'line': b'-- Looking for gz-sensors8 -- found version 8.2.2\n'}
[2.069609] (workspace_gz) StdoutLine: {'line': b'-- Searching for dependencies of gz-sensors8\n'}
[2.094022] (workspace_gz) StdoutLine: {'line': b'-- Looking for gz-math7 -- found version 7.5.2\n'}
[2.094572] (workspace_gz) StdoutLine: {'line': b'-- Looking for gz-common5 -- found version 5.7.1\n'}
[2.095117] (workspace_gz) StdoutLine: {'line': b'-- Looking for gz-transport13 -- found version 13.5.0\n'}
[2.095662] (workspace_gz) StdoutLine: {'line': b'-- Looking for gz-rendering8 -- found version 8.2.3\n'}
[2.096216] (workspace_gz) StdoutLine: {'line': b'-- Looking for gz-msgs10 -- found version 10.3.2\n'}
[2.096763] (workspace_gz) StdoutLine: {'line': b'-- Looking for sdformat14 -- found version 14.8.0\n'}
[2.097879] (workspace_gz) StdoutLine: {'line': b'-- Searching for <gz-sensors8> component [air_pressure]\n'}
[2.099534] (workspace_gz) StdoutLine: {'line': b'-- Looking for gz-sensors8-air_pressure -- found version 8.2.2\n'}
[2.099799] (workspace_gz) StdoutLine: {'line': b'-- Searching for dependencies of gz-sensors8-air_pressure\n'}
[2.100617] (workspace_gz) StdoutLine: {'line': b'-- Searching for <gz-sensors8> component [air_speed]\n'}
[2.101616] (-) TimerEvent: {}
[2.102407] (workspace_gz) StdoutLine: {'line': b'-- Looking for gz-sensors8-air_speed -- found version 8.2.2\n'}
[2.102713] (workspace_gz) StdoutLine: {'line': b'-- Searching for dependencies of gz-sensors8-air_speed\n'}
[2.103726] (workspace_gz) StdoutLine: {'line': b'-- Searching for <gz-sensors8> component [altimeter]\n'}
[2.105831] (workspace_gz) StdoutLine: {'line': b'-- Looking for gz-sensors8-altimeter -- found version 8.2.2\n'}
[2.106169] (workspace_gz) StdoutLine: {'line': b'-- Searching for dependencies of gz-sensors8-altimeter\n'}
[2.107096] (workspace_nav) StdoutLine: {'line': b'Installing parkour_navigation script to /home/aliomac/garp-test/install/workspace_nav/lib/workspace_nav\n'}
[2.107322] (workspace_gz) StdoutLine: {'line': b'-- Searching for <gz-sensors8> component [imu]\n'}
[2.107548] (workspace_nav) StdoutLine: {'line': b"writing list of installed files to '/home/aliomac/garp-test/build/workspace_nav/install.log'\n"}
[2.108992] (workspace_gz) StdoutLine: {'line': b'-- Looking for gz-sensors8-imu -- found version 8.2.2\n'}
[2.109244] (workspace_gz) StdoutLine: {'line': b'-- Searching for dependencies of gz-sensors8-imu\n'}
[2.110085] (workspace_gz) StdoutLine: {'line': b'-- Searching for <gz-sensors8> component [force_torque]\n'}
[2.111767] (workspace_gz) StdoutLine: {'line': b'-- Looking for gz-sensors8-force_torque -- found version 8.2.2\n'}
[2.111991] (workspace_gz) StdoutLine: {'line': b'-- Searching for dependencies of gz-sensors8-force_torque\n'}
[2.112861] (workspace_gz) StdoutLine: {'line': b'-- Searching for <gz-sensors8> component [logical_camera]\n'}
[2.114403] (workspace_gz) StdoutLine: {'line': b'-- Looking for gz-sensors8-logical_camera -- found version 8.2.2\n'}
[2.114657] (workspace_gz) StdoutLine: {'line': b'-- Searching for dependencies of gz-sensors8-logical_camera\n'}
[2.115449] (workspace_gz) StdoutLine: {'line': b'-- Searching for <gz-sensors8> component [magnetometer]\n'}
[2.117051] (workspace_gz) StdoutLine: {'line': b'-- Looking for gz-sensors8-magnetometer -- found version 8.2.2\n'}
[2.117291] (workspace_gz) StdoutLine: {'line': b'-- Searching for dependencies of gz-sensors8-magnetometer\n'}
[2.118068] (workspace_gz) StdoutLine: {'line': b'-- Searching for <gz-sensors8> component [navsat]\n'}
[2.119768] (workspace_gz) StdoutLine: {'line': b'-- Looking for gz-sensors8-navsat -- found version 8.2.2\n'}
[2.120031] (workspace_gz) StdoutLine: {'line': b'-- Searching for dependencies of gz-sensors8-navsat\n'}
[2.120927] (workspace_gz) StdoutLine: {'line': b'-- Searching for <gz-sensors8> component [dvl]\n'}
[2.122577] (workspace_gz) StdoutLine: {'line': b'-- Looking for gz-sensors8-dvl -- found version 8.2.2\n'}
[2.122913] (workspace_gz) StdoutLine: {'line': b'-- Searching for dependencies of gz-sensors8-dvl\n'}
[2.123228] (workspace_gz) StdoutLine: {'line': b'-- Looking for gz-sensors8 -- found version 8.2.2\n'}
[2.123408] (workspace_gz) StdoutLine: {'line': b'-- Searching for dependencies of gz-sensors8\n'}
[2.134341] (workspace_ros) StdoutLine: {'line': b'Installing converter script to /home/aliomac/garp-test/install/workspace_ros/lib/workspace_ros\n'}
[2.134701] (workspace_ros) StdoutLine: {'line': b'Installing gps_covariance_repub script to /home/aliomac/garp-test/install/workspace_ros/lib/workspace_ros\n'}
[2.134933] (workspace_ros) StdoutLine: {'line': b'Installing imu_covariance_repub script to /home/aliomac/garp-test/install/workspace_ros/lib/workspace_ros\n'}
[2.135130] (workspace_ros) StdoutLine: {'line': b'Installing lidar_processor script to /home/aliomac/garp-test/install/workspace_ros/lib/workspace_ros\n'}
[2.135298] (workspace_ros) StdoutLine: {'line': b'Installing static_transform_publisher script to /home/aliomac/garp-test/install/workspace_ros/lib/workspace_ros\n'}
[2.135422] (workspace_ros) StdoutLine: {'line': b'Installing wasd_teleop script to /home/aliomac/garp-test/install/workspace_ros/lib/workspace_ros\n'}
[2.135595] (workspace_ros) StdoutLine: {'line': b"writing list of installed files to '/home/aliomac/garp-test/build/workspace_ros/install.log'\n"}
[2.146788] (workspace_nav) CommandEnded: {'returncode': 0}
[2.148917] (workspace_gz) StdoutLine: {'line': b'-- Looking for gz-math7 -- found version 7.5.2\n'}
[2.149442] (workspace_gz) StdoutLine: {'line': b'-- Looking for gz-common5 -- found version 5.7.1\n'}
[2.150162] (workspace_gz) StdoutLine: {'line': b'-- Looking for gz-transport13 -- found version 13.5.0\n'}
[2.150668] (workspace_gz) StdoutLine: {'line': b'-- Looking for gz-rendering8 -- found version 8.2.3\n'}
[2.151243] (workspace_gz) StdoutLine: {'line': b'-- Looking for gz-msgs10 -- found version 10.3.2\n'}
[2.152339] (workspace_gz) StdoutLine: {'line': b'-- Looking for sdformat14 -- found version 14.8.0\n'}
[2.152728] (workspace_gz) StdoutLine: {'line': b'-- Searching for <gz-sensors8> component [rendering]\n'}
[2.154253] (workspace_gz) StdoutLine: {'line': b'-- Looking for gz-sensors8-rendering -- found version 8.2.2\n'}
[2.154858] (workspace_gz) StdoutLine: {'line': b'-- Searching for dependencies of gz-sensors8-rendering\n'}
[2.156493] (workspace_gz) StdoutLine: {'line': b'-- Searching for <gz-sensors8> component [rendering]\n'}
[2.156765] (workspace_gz) StdoutLine: {'line': b'-- Searching for <gz-sensors8> component [lidar]\n'}
[2.158387] (workspace_gz) StdoutLine: {'line': b'-- Looking for gz-sensors8-lidar -- found version 8.2.2\n'}
[2.158658] (workspace_gz) StdoutLine: {'line': b'-- Searching for dependencies of gz-sensors8-lidar\n'}
[2.161487] (workspace_gz) StdoutLine: {'line': b'-- Looking for gz-sensors8 -- found version 8.2.2\n'}
[2.161722] (workspace_gz) StdoutLine: {'line': b'-- Searching for <gz-sensors8> component [gpu_lidar]\n'}
[2.161886] (workspace_gz) StdoutLine: {'line': b'-- Looking for gz-sensors8-gpu_lidar -- found version 8.2.2\n'}
[2.162200] (workspace_gz) StdoutLine: {'line': b'-- Searching for dependencies of gz-sensors8-gpu_lidar\n'}
[2.163259] (workspace_gz) StdoutLine: {'line': b'-- Looking for gz-sensors8 -- found version 8.2.2\n'}
[2.163568] (workspace_gz) StdoutLine: {'line': b'-- Searching for <gz-sensors8> component [camera]\n'}
[2.165894] (workspace_gz) StdoutLine: {'line': b'-- Looking for gz-sensors8-camera -- found version 8.2.2\n'}
[2.166417] (workspace_gz) StdoutLine: {'line': b'-- Searching for dependencies of gz-sensors8-camera\n'}
[2.166650] (workspace_gz) StdoutLine: {'line': b'-- Looking for gz-sensors8 -- found version 8.2.2\n'}
[2.167450] (workspace_gz) StdoutLine: {'line': b'-- Searching for <gz-sensors8> component [boundingbox_camera]\n'}
[2.168327] (workspace_nav) JobEnded: {'identifier': 'workspace_nav', 'rc': 0}
[2.168924] (workspace_gz) StdoutLine: {'line': b'-- Looking for gz-sensors8-boundingbox_camera -- found version 8.2.2\n'}
[2.169215] (workspace_gz) StdoutLine: {'line': b'-- Searching for dependencies of gz-sensors8-boundingbox_camera\n'}
[2.170167] (workspace_gz) StdoutLine: {'line': b'-- Searching for <gz-sensors8> component [segmentation_camera]\n'}
[2.172341] (workspace_gz) StdoutLine: {'line': b'-- Looking for gz-sensors8-segmentation_camera -- found version 8.2.2\n'}
[2.172785] (workspace_gz) StdoutLine: {'line': b'-- Searching for dependencies of gz-sensors8-segmentation_camera\n'}
[2.173810] (workspace_gz) StdoutLine: {'line': b'-- Searching for <gz-sensors8> component [depth_camera]\n'}
[2.175492] (workspace_gz) StdoutLine: {'line': b'-- Looking for gz-sensors8-depth_camera -- found version 8.2.2\n'}
[2.175816] (workspace_gz) StdoutLine: {'line': b'-- Searching for dependencies of gz-sensors8-depth_camera\n'}
[2.176317] (workspace_gz) StdoutLine: {'line': b'-- Looking for gz-sensors8 -- found version 8.2.2\n'}
[2.177366] (workspace_gz) StdoutLine: {'line': b'-- Searching for <gz-sensors8> component [rgbd_camera]\n'}
[2.179263] (workspace_gz) StdoutLine: {'line': b'-- Looking for gz-sensors8-rgbd_camera -- found version 8.2.2\n'}
[2.179547] (workspace_gz) StdoutLine: {'line': b'-- Searching for dependencies of gz-sensors8-rgbd_camera\n'}
[2.180089] (workspace_gz) StdoutLine: {'line': b'-- Looking for gz-sensors8 -- found version 8.2.2\n'}
[2.181051] (workspace_gz) StdoutLine: {'line': b'-- Searching for <gz-sensors8> component [thermal_camera]\n'}
[2.181923] (workspace_ros) CommandEnded: {'returncode': 0}
[2.182913] (workspace_gz) StdoutLine: {'line': b'-- Looking for gz-sensors8-thermal_camera -- found version 8.2.2\n'}
[2.183217] (workspace_gz) StdoutLine: {'line': b'-- Searching for dependencies of gz-sensors8-thermal_camera\n'}
[2.183540] (workspace_gz) StdoutLine: {'line': b'-- Looking for gz-sensors8 -- found version 8.2.2\n'}
[2.184505] (workspace_gz) StdoutLine: {'line': b'-- Searching for <gz-sensors8> component [wide_angle_camera]\n'}
[2.186026] (workspace_gz) StdoutLine: {'line': b'-- Looking for gz-sensors8-wide_angle_camera -- found version 8.2.2\n'}
[2.186701] (workspace_gz) StdoutLine: {'line': b'-- Searching for dependencies of gz-sensors8-wide_angle_camera\n'}
[2.187557] (workspace_gz) StdoutLine: {'line': b'-- Looking for gz-rendering8 -- found version 8.2.3\n'}
[2.188107] (workspace_gz) StdoutLine: {'line': b'-- Looking for gz-math7 -- found version 7.5.2\n'}
[2.188643] (workspace_gz) StdoutLine: {'line': b'-- Looking for gz-utils2 -- found version 2.2.1\n'}
[2.189798] (workspace_ros) JobEnded: {'identifier': 'workspace_ros', 'rc': 0}
[2.201705] (-) TimerEvent: {}
[2.213028] (workspace_gz) StdoutLine: {'line': b'-- Looking for gz-common5 -- found version 5.7.1\n'}
[2.213434] (workspace_gz) StdoutLine: {'line': b'-- Looking for gz-math7 -- found version 7.5.2\n'}
[2.213902] (workspace_gz) StdoutLine: {'line': b'-- Looking for gz-transport13 -- found version 13.5.0\n'}
[2.214349] (workspace_gz) StdoutLine: {'line': b'-- Looking for gz-plugin2 -- found version 2.0.4\n'}
[2.214823] (workspace_gz) StdoutLine: {'line': b'-- Looking for gz-rendering8 -- found version 8.2.3\n'}
[2.215274] (workspace_gz) StdoutLine: {'line': b'-- Looking for gz-sensors8 -- found version 8.2.2\n'}
[2.215725] (workspace_gz) StdoutLine: {'line': b'-- Looking for gz-utils2 -- found version 2.2.1\n'}
[2.216166] (workspace_gz) StdoutLine: {'line': b'-- Looking for sdformat14 -- found version 14.8.0\n'}
[2.220938] (workspace_gz) StdoutLine: {'line': b'-- Found std_msgs: 5.3.6 (/opt/ros/jazzy/share/std_msgs/cmake)\n'}
[2.287089] (workspace_gz) StdoutLine: {'line': b'-- Found rosidl_generator_c: 4.6.7 (/opt/ros/jazzy/share/rosidl_generator_c/cmake)\n'}
[2.301810] (-) TimerEvent: {}
[2.309552] (workspace_gz) StdoutLine: {'line': b'-- Found rosidl_generator_cpp: 4.6.7 (/opt/ros/jazzy/share/rosidl_generator_cpp/cmake)\n'}
[2.339137] (workspace_gz) StdoutLine: {'line': b'-- Using all available rosidl_typesupport_c: rosidl_typesupport_fastrtps_c;rosidl_typesupport_introspection_c\n'}
[2.371895] (workspace_gz) StdoutLine: {'line': b'-- Using all available rosidl_typesupport_cpp: rosidl_typesupport_fastrtps_cpp;rosidl_typesupport_introspection_cpp\n'}
[2.401958] (-) TimerEvent: {}
[2.418675] (workspace_gz) StdoutLine: {'line': b'-- Looking for gz-msgs10 -- found version 10.3.2\n'}
[2.419159] (workspace_gz) StdoutLine: {'line': b'-- Looking for gz-fuel_tools9 -- found version 9.1.1\n'}
[2.502055] (-) TimerEvent: {}
[2.517663] (workspace_gz) StdoutLine: {'line': b'-- Configuring done (2.5s)\n'}
[2.602158] (-) TimerEvent: {}
[2.648563] (workspace_gz) StdoutLine: {'line': b'-- Generating done (0.1s)\n'}
[2.674677] (workspace_gz) StdoutLine: {'line': b'-- Build files have been written to: /home/aliomac/garp-test/build/workspace_gz\n'}
[2.689178] (workspace_gz) CommandEnded: {'returncode': 0}
[2.689892] (workspace_gz) JobProgress: {'identifier': 'workspace_gz', 'progress': 'build'}
[2.690762] (workspace_gz) Command: {'cmd': ['/usr/bin/cmake', '--build', '/home/aliomac/garp-test/build/workspace_gz', '--', '-j8', '-l8'], 'cwd': '/home/aliomac/garp-test/build/workspace_gz', 'env': OrderedDict({'GZ_SIM_SYSTEM_PLUGIN_PATH': '/home/aliomac/vrx_ws/install/lib', 'GJS_DEBUG_TOPICS': 'JS ERROR;JS LOG', 'XDG_ACTIVATION_TOKEN': 'gnome-shell/Terminator/2472-3-aliomac-Nitro-AN515-55_TIME2321361', 'LESSOPEN': '| /usr/bin/lesspipe %s', 'GZ_SIM_RESOURCE_PATH': '/home/aliomac/vrx_ws/install/share/vrx_gz/models/tmp:/home/aliomac/vrx_ws/install/share/vrx_gz/models:/home/aliomac/vrx_ws/install/share/vrx_gz/worlds/2023_phase2:/home/aliomac/vrx_ws/install/share/vrx_gz/worlds/2023_practice:/home/aliomac/vrx_ws/install/share/vrx_gz/worlds:/home/aliomac/vrx_ws/install/share/wamv_description/models:/home/aliomac/vrx_ws/install/share/vrx_gazebo/models:/home/aliomac/vrx_ws/install/share/:/opt/ros/jazzy/share', 'USER': 'aliomac', 'GZ_CONFIG_PATH': '/opt/ros/jazzy/opt/gz_sim_vendor/share/gz:/opt/ros/jazzy/opt/sdformat_vendor/share/gz:/opt/ros/jazzy/opt/gz_gui_vendor/share/gz:/opt/ros/jazzy/opt/gz_transport_vendor/share/gz:/opt/ros/jazzy/opt/gz_rendering_vendor/share/gz:/opt/ros/jazzy/opt/gz_plugin_vendor/share/gz:/opt/ros/jazzy/opt/gz_fuel_tools_vendor/share/gz:/opt/ros/jazzy/opt/gz_msgs_vendor/share/gz:/opt/ros/jazzy/opt/gz_common_vendor/share/gz', 'XDG_SESSION_TYPE': 'wayland', 'CLUTTER_DISABLE_MIPMAPPED_TEXT': '1', 'SHLVL': '1', 'LD_LIBRARY_PATH': '/home/aliomac/garp-test/install/workspace_gz/lib:/home/aliomac/garp-test/install/kiss_icp/lib:/home/aliomac/vrx_ws/install/lib:/home/aliomac/thesis_USV_gazebo/install/lib:/opt/ros/jazzy/opt/gz_sim_vendor/lib:/opt/ros/jazzy/opt/gz_sensors_vendor/lib:/opt/ros/jazzy/opt/gz_physics_vendor/lib:/opt/ros/jazzy/opt/sdformat_vendor/lib:/opt/ros/jazzy/opt/rviz_ogre_vendor/lib:/opt/ros/jazzy/lib/x86_64-linux-gnu:/opt/ros/jazzy/opt/gz_gui_vendor/lib:/opt/ros/jazzy/opt/gz_transport_vendor/lib:/opt/ros/jazzy/opt/gz_rendering_vendor/lib:/opt/ros/jazzy/opt/gz_plugin_vendor/lib:/opt/ros/jazzy/opt/gz_fuel_tools_vendor/lib:/opt/ros/jazzy/opt/gz_msgs_vendor/lib:/opt/ros/jazzy/opt/gz_common_vendor/lib:/opt/ros/jazzy/opt/gz_math_vendor/lib:/opt/ros/jazzy/opt/gz_utils_vendor/lib:/opt/ros/jazzy/opt/gz_tools_vendor/lib:/opt/ros/jazzy/opt/gz_ogre_next_vendor/lib:/opt/ros/jazzy/opt/gz_dartsim_vendor/lib:/opt/ros/jazzy/opt/gz_cmake_vendor/lib:/opt/ros/jazzy/lib', 'HOME': '/home/aliomac', 'OLDPWD': '/home/aliomac', 'DESKTOP_SESSION': 'ubuntu', 'GIO_LAUNCHED_DESKTOP_FILE': '/usr/share/applications/terminator.desktop', 'ROS_PYTHON_VERSION': '3', 'GNOME_SHELL_SESSION_MODE': 'ubuntu', 'GTK_MODULES': 'gail:atk-bridge', 'MANAGERPID': '2192', 'SYSTEMD_EXEC_PID': '2472', 'GSM_SKIP_SSH_AGENT_WORKAROUND': 'true', 'DBUS_SESSION_BUS_ADDRESS': 'unix:path=/run/user/1000/bus', 'COLORTERM': 'truecolor', 'TERMINATOR_DBUS_NAME': 'net.tenshu.Terminator25ef4b219e3b005583550f2b0f9f990c3', 'GIO_LAUNCHED_DESKTOP_FILE_PID': '21753', 'DEBUGINFOD_URLS': 'https://debuginfod.ubuntu.com', 'IM_CONFIG_PHASE': '1', 'WAYLAND_DISPLAY': 'wayland-0', 'COLCON_PREFIX_PATH': '/home/aliomac/garp-test/install:/home/aliomac/vrx_ws/install:/home/aliomac/thesis_USV_gazebo/install', 'ROS_DISTRO': 'jazzy', 'LOGNAME': 'aliomac', 'JOURNAL_STREAM': '9:21782', '_': '/usr/bin/colcon', 'ROS_VERSION': '2', 'MEMORY_PRESSURE_WATCH': '/sys/fs/cgroup/user.slice/user-1000.slice/user@1000.service/session.slice/org.gnome.Shell@wayland.service/memory.pressure', 'XDG_SESSION_CLASS': 'user', 'USERNAME': 'aliomac', 'TERM': 'xterm-256color', 'GNOME_DESKTOP_SESSION_ID': 'this-is-deprecated', 'PATH': '/home/aliomac/.opencode/bin:/home/aliomac/.local/bin:/opt/ros/jazzy/opt/gz_msgs_vendor/bin:/opt/ros/jazzy/opt/gz_tools_vendor/bin:/opt/ros/jazzy/opt/gz_ogre_next_vendor/bin:/opt/ros/jazzy/bin:/home/aliomac/.local/bin:/usr/local/sbin:/usr/local/bin:/usr/sbin:/usr/bin:/sbin:/bin:/usr/games:/usr/local/games:/snap/bin:/snap/bin', 'SESSION_MANAGER': 'local/aliomac-Nitro-AN515-55:@/tmp/.ICE-unix/2436,unix/aliomac-Nitro-AN515-55:/tmp/.ICE-unix/2436', 'INVOCATION_ID': 'e8e0e4c9cc6248f28b2cbb1f6f3e7b59', 'XDG_MENU_PREFIX': 'gnome-', 'GNOME_SETUP_DISPLAY': ':1', 'XDG_RUNTIME_DIR': '/run/user/1000', 'DISPLAY': ':0', 'TERMINATOR_DBUS_PATH': '/net/tenshu/Terminator2', 'LANG': 'en_US.UTF-8', 'XDG_CURRENT_DESKTOP': 'ubuntu:GNOME', 'XMODIFIERS': '@im=ibus', 'XDG_SESSION_DESKTOP': 'ubuntu', 'XAUTHORITY': '/run/user/1000/.mutter-Xwaylandauth.I4R3J3', 'LS_COLORS': 'rs=0:di=01;34:ln=01;36:mh=00:pi=40;33:so=01;35:do=01;35:bd=40;33;01:cd=40;33;01:or=40;31;01:mi=00:su=37;41:sg=30;43:ca=00:tw=30;42:ow=34;42:st=37;44:ex=01;32:*.tar=01;31:*.tgz=01;31:*.arc=01;31:*.arj=01;31:*.taz=01;31:*.lha=01;31:*.lz4=01;31:*.lzh=01;31:*.lzma=01;31:*.tlz=01;31:*.txz=01;31:*.tzo=01;31:*.t7z=01;31:*.zip=01;31:*.z=01;31:*.dz=01;31:*.gz=01;31:*.lrz=01;31:*.lz=01;31:*.lzo=01;31:*.xz=01;31:*.zst=01;31:*.tzst=01;31:*.bz2=01;31:*.bz=01;31:*.tbz=01;31:*.tbz2=01;31:*.tz=01;31:*.deb=01;31:*.rpm=01;31:*.jar=01;31:*.war=01;31:*.ear=01;31:*.sar=01;31:*.rar=01;31:*.alz=01;31:*.ace=01;31:*.zoo=01;31:*.cpio=01;31:*.7z=01;31:*.rz=01;31:*.cab=01;31:*.wim=01;31:*.swm=01;31:*.dwm=01;31:*.esd=01;31:*.avif=01;35:*.jpg=01;35:*.jpeg=01;35:*.mjpg=01;35:*.mjpeg=01;35:*.gif=01;35:*.bmp=01;35:*.pbm=01;35:*.pgm=01;35:*.ppm=01;35:*.tga=01;35:*.xbm=01;35:*.xpm=01;35:*.tif=01;35:*.tiff=01;35:*.png=01;35:*.svg=01;35:*.svgz=01;35:*.mng=01;35:*.pcx=01;35:*.mov=01;35:*.mpg=01;35:*.mpeg=01;35:*.m2v=01;35:*.mkv=01;35:*.webm=01;35:*.webp=01;35:*.ogm=01;35:*.mp4=01;35:*.m4v=01;35:*.mp4v=01;35:*.vob=01;35:*.qt=01;35:*.nuv=01;35:*.wmv=01;35:*.asf=01;35:*.rm=01;35:*.rmvb=01;35:*.flc=01;35:*.avi=01;35:*.fli=01;35:*.flv=01;35:*.gl=01;35:*.dl=01;35:*.xcf=01;35:*.xwd=01;35:*.yuv=01;35:*.cgm=01;35:*.emf=01;35:*.ogv=01;35:*.ogx=01;35:*.aac=00;36:*.au=00;36:*.flac=00;36:*.m4a=00;36:*.mid=00;36:*.midi=00;36:*.mka=00;36:*.mp3=00;36:*.mpc=00;36:*.ogg=00;36:*.ra=00;36:*.wav=00;36:*.oga=00;36:*.opus=00;36:*.spx=00;36:*.xspf=00;36:*~=00;90:*#=00;90:*.bak=00;90:*.crdownload=00;90:*.dpkg-dist=00;90:*.dpkg-new=00;90:*.dpkg-old=00;90:*.dpkg-tmp=00;90:*.old=00;90:*.orig=00;90:*.part=00;90:*.rej=00;90:*.rpmnew=00;90:*.rpmorig=00;90:*.rpmsave=00;90:*.swp=00;90:*.tmp=00;90:*.ucf-dist=00;90:*.ucf-new=00;90:*.ucf-old=00;90:', 'SSH_AUTH_SOCK': '/run/user/1000/keyring/ssh', 'AMENT_PREFIX_PATH': '/home/aliomac/garp-test/install/workspace_ros:/home/aliomac/garp-test/install/workspace_nav:/home/aliomac/garp-test/install/workspace_gz:/home/aliomac/garp-test/install/kiss_icp:/home/aliomac/vrx_ws/install:/home/aliomac/thesis_USV_gazebo/install:/opt/ros/jazzy', 'SHELL': '/bin/bash', 'TERMINATOR_UUID': 'urn:uuid:9dcf79d9-1f7e-4f63-a808-807a1d35a7da', 'QT_ACCESSIBILITY': '1', 'GDMSESSION': 'ubuntu', 'LESSCLOSE': '/usr/bin/lesspipe %s %s', 'GJS_DEBUG_OUTPUT': 'stderr', 'ROS_AUTOMATIC_DISCOVERY_RANGE': 'SUBNET', 'QT_IM_MODULE': 'ibus', 'PWD': '/home/aliomac/garp-test/build/workspace_gz', 'LC_ALL': 'en_US.UTF-8', 'XDG_CONFIG_DIRS': '/etc/xdg/xdg-ubuntu:/etc/xdg', 'XDG_DATA_DIRS': '/usr/share/ubuntu:/usr/share/gnome:/usr/local/share/:/usr/share/:/var/lib/snapd/desktop', 'PYTHONPATH': '/home/aliomac/garp-test/install/workspace_ros/lib/python3.12/site-packages:/home/aliomac/garp-test/install/workspace_nav/lib/python3.12/site-packages:/home/aliomac/vrx_ws/install/lib/python3.12/site-packages:/home/aliomac/thesis_USV_gazebo/build/ros_gz_bridge_custom:/home/aliomac/thesis_USV_gazebo/build/autopilot:/home/aliomac/thesis_USV_gazebo/install/lib/python3.12/site-packages:/opt/ros/jazzy/lib/python3.12/site-packages', 'COLCON': '1', 'MEMORY_PRESSURE_WRITE': 'c29tZSAyMDAwMDAgMjAwMDAwMAA=', 'VTE_VERSION': '7600', 'CMAKE_PREFIX_PATH': '/home/aliomac/garp-test/install/workspace_gz:/home/aliomac/garp-test/install/kiss_icp:/home/aliomac/vrx_ws/install:/home/aliomac/thesis_USV_gazebo/install:/opt/ros/jazzy/opt/gz_sim_vendor:/opt/ros/jazzy/opt/gz_sensors_vendor:/opt/ros/jazzy/opt/gz_physics_vendor:/opt/ros/jazzy/opt/sdformat_vendor:/opt/ros/jazzy/opt/gz_gui_vendor:/opt/ros/jazzy/opt/gz_transport_vendor:/opt/ros/jazzy/opt/gz_rendering_vendor:/opt/ros/jazzy/opt/gz_plugin_vendor:/opt/ros/jazzy/opt/gz_fuel_tools_vendor:/opt/ros/jazzy/opt/gz_msgs_vendor:/opt/ros/jazzy/opt/gz_common_vendor:/opt/ros/jazzy/opt/gz_math_vendor:/opt/ros/jazzy/opt/gz_utils_vendor:/opt/ros/jazzy/opt/gz_tools_vendor:/opt/ros/jazzy/opt/gz_ogre_next_vendor:/opt/ros/jazzy/opt/gz_dartsim_vendor:/opt/ros/jazzy/opt/gz_cmake_vendor:/home/aliomac/garp-test/install/workspace_ros:/home/aliomac/garp-test/install/workspace_nav:/opt/ros/jazzy'}), 'shell': False}
[2.702271] (-) TimerEvent: {}
[2.745937] (workspace_gz) StdoutLine: {'line': b'[  4%] \x1b[32mBuilding CXX object CMakeFiles/Waves.dir/plugins/Wavefield.cc.o\x1b[0m\n'}
[2.746190] (workspace_gz) StdoutLine: {'line': b'[  4%] \x1b[32mBuilding CXX object CMakeFiles/ScoringPlugin.dir/plugins/ScoringPlugin.cc.o\x1b[0m\n'}
[2.802375] (-) TimerEvent: {}
[2.902647] (-) TimerEvent: {}
[3.002913] (-) TimerEvent: {}
[3.103162] (-) TimerEvent: {}
[3.203429] (-) TimerEvent: {}
[3.303732] (-) TimerEvent: {}
[3.404018] (-) TimerEvent: {}
[3.504302] (-) TimerEvent: {}
[3.604609] (-) TimerEvent: {}
[3.704909] (-) TimerEvent: {}
[3.805206] (-) TimerEvent: {}
[3.905525] (-) TimerEvent: {}
[4.005821] (-) TimerEvent: {}
[4.106098] (-) TimerEvent: {}
[4.206432] (-) TimerEvent: {}
[4.307563] (-) TimerEvent: {}
[4.407903] (-) TimerEvent: {}
[4.508198] (-) TimerEvent: {}
[4.608521] (-) TimerEvent: {}
[4.708842] (-) TimerEvent: {}
[4.809138] (-) TimerEvent: {}
[4.909443] (-) TimerEvent: {}
[5.009769] (-) TimerEvent: {}
[5.110076] (-) TimerEvent: {}
[5.210394] (-) TimerEvent: {}
[5.310718] (-) TimerEvent: {}
[5.411014] (-) TimerEvent: {}
[5.511319] (-) TimerEvent: {}
[5.611652] (-) TimerEvent: {}
[5.711942] (-) TimerEvent: {}
[5.812251] (-) TimerEvent: {}
[5.912530] (-) TimerEvent: {}
[6.012822] (-) TimerEvent: {}
[6.113151] (-) TimerEvent: {}
[6.213417] (-) TimerEvent: {}
[6.313689] (-) TimerEvent: {}
[6.413951] (-) TimerEvent: {}
[6.514233] (-) TimerEvent: {}
[6.614493] (-) TimerEvent: {}
[6.714748] (-) TimerEvent: {}
[6.814970] (-) TimerEvent: {}
[6.852525] (workspace_gz) StdoutLine: {'line': b'[  6%] \x1b[32m\x1b[1mLinking CXX shared library libWaves.so\x1b[0m\n'}
[6.915068] (-) TimerEvent: {}
[7.015377] (-) TimerEvent: {}
[7.094915] (workspace_gz) StdoutLine: {'line': b'[  6%] Built target Waves\n'}
[7.115494] (-) TimerEvent: {}
[7.117005] (workspace_gz) StdoutLine: {'line': b'[ 10%] \x1b[32mBuilding CXX object CMakeFiles/PolyhedraBuoyancyDrag.dir/plugins/ShapeVolume.cc.o\x1b[0m\n'}
[7.117304] (workspace_gz) StdoutLine: {'line': b'[ 10%] \x1b[32mBuilding CXX object CMakeFiles/PolyhedraBuoyancyDrag.dir/plugins/PolyhedronVolume.cc.o\x1b[0m\n'}
[7.117458] (workspace_gz) StdoutLine: {'line': b'[ 12%] \x1b[32mBuilding CXX object CMakeFiles/PolyhedraBuoyancyDrag.dir/plugins/PolyhedraBuoyancyDrag.cc.o\x1b[0m\n'}
[7.215564] (-) TimerEvent: {}
[7.315844] (-) TimerEvent: {}
[7.416173] (-) TimerEvent: {}
[7.516528] (-) TimerEvent: {}
[7.616860] (-) TimerEvent: {}
[7.717207] (-) TimerEvent: {}
[7.817549] (-) TimerEvent: {}
[7.919198] (-) TimerEvent: {}
[8.019490] (-) TimerEvent: {}
[8.119821] (-) TimerEvent: {}
[8.220130] (-) TimerEvent: {}
[8.320434] (-) TimerEvent: {}
[8.420755] (-) TimerEvent: {}
[8.466993] (workspace_gz) StdoutLine: {'line': b'[ 14%] \x1b[32m\x1b[1mLinking CXX shared library libScoringPlugin.so\x1b[0m\n'}
[8.520870] (-) TimerEvent: {}
[8.621225] (-) TimerEvent: {}
[8.721479] (-) TimerEvent: {}
[8.761574] (workspace_gz) StdoutLine: {'line': b'[ 14%] Built target ScoringPlugin\n'}
[8.795397] (workspace_gz) StdoutLine: {'line': b'[ 20%] \x1b[32mBuilding CXX object CMakeFiles/AcousticPingerPlugin.dir/plugins/AcousticPingerPlugin.cc.o\x1b[0m\n'}
[8.795816] (workspace_gz) StdoutLine: {'line': b'[ 20%] \x1b[32mBuilding CXX object CMakeFiles/StationkeepingScoringPlugin.dir/plugins/StationkeepingScoringPlugin.cc.o\x1b[0m\n'}
[8.798694] (workspace_gz) StdoutLine: {'line': b'[ 27%] \x1b[32mBuilding CXX object CMakeFiles/AcousticTrackingScoringPlugin.dir/plugins/AcousticTrackingScoringPlugin.cc.o\x1b[0m\n'}
[8.798958] (workspace_gz) StdoutLine: {'line': b'[ 27%] \x1b[32mBuilding CXX object CMakeFiles/BallShooterPlugin.dir/plugins/BallShooterPlugin.cc.o\x1b[0m\n'}
[8.799116] (workspace_gz) StdoutLine: {'line': b'[ 27%] \x1b[32mBuilding CXX object CMakeFiles/WayfindingScoringPlugin.dir/plugins/WayfindingScoringPlugin.cc.o\x1b[0m\n'}
[8.799601] (workspace_gz) StdoutLine: {'line': b'[ 20%] \x1b[32mBuilding CXX object CMakeFiles/AcousticPerceptionScoringPlugin.dir/plugins/AcousticPerceptionScoringPlugin.cc.o\x1b[0m\n'}
[8.822561] (-) TimerEvent: {}
[8.922893] (-) TimerEvent: {}
[9.024311] (-) TimerEvent: {}
[9.124693] (-) TimerEvent: {}
[9.144653] (workspace_gz) StdoutLine: {'line': b'[ 29%] \x1b[32mBuilding CXX object CMakeFiles/WayfindingScoringPlugin.dir/plugins/WaypointMarkers.cc.o\x1b[0m\n'}
[9.224818] (-) TimerEvent: {}
[9.325222] (-) TimerEvent: {}
[9.425576] (-) TimerEvent: {}
[9.525920] (-) TimerEvent: {}
[9.626360] (-) TimerEvent: {}
[9.728703] (-) TimerEvent: {}
[9.828996] (-) TimerEvent: {}
[9.929353] (-) TimerEvent: {}
[10.029705] (-) TimerEvent: {}
[10.130043] (-) TimerEvent: {}
[10.230409] (-) TimerEvent: {}
[10.333758] (-) TimerEvent: {}
[10.434138] (-) TimerEvent: {}
[10.535567] (-) TimerEvent: {}
[10.635962] (-) TimerEvent: {}
[10.736330] (-) TimerEvent: {}
[10.836673] (-) TimerEvent: {}
[10.939578] (-) TimerEvent: {}
[11.039960] (-) TimerEvent: {}
[11.140350] (-) TimerEvent: {}
[11.240710] (-) TimerEvent: {}
[11.341101] (-) TimerEvent: {}
[11.441468] (-) TimerEvent: {}
[11.541863] (-) TimerEvent: {}
[11.642268] (-) TimerEvent: {}
[11.742628] (-) TimerEvent: {}
[11.843013] (-) TimerEvent: {}
[11.946685] (-) TimerEvent: {}
[12.047045] (-) TimerEvent: {}
[12.147436] (-) TimerEvent: {}
[12.247843] (-) TimerEvent: {}
[12.348251] (-) TimerEvent: {}
[12.448640] (-) TimerEvent: {}
[12.549013] (-) TimerEvent: {}
[12.649398] (-) TimerEvent: {}
[12.749768] (-) TimerEvent: {}
[12.850097] (-) TimerEvent: {}
[12.952788] (-) TimerEvent: {}
[13.053167] (-) TimerEvent: {}
[13.153565] (-) TimerEvent: {}
[13.253927] (-) TimerEvent: {}
[13.354313] (-) TimerEvent: {}
[13.455910] (-) TimerEvent: {}
[13.557692] (-) TimerEvent: {}
[13.658094] (-) TimerEvent: {}
[13.758519] (-) TimerEvent: {}
[13.858930] (-) TimerEvent: {}
[13.960720] (-) TimerEvent: {}
[14.061051] (-) TimerEvent: {}
[14.161448] (-) TimerEvent: {}
[14.261821] (-) TimerEvent: {}
[14.362597] (-) TimerEvent: {}
[14.462978] (-) TimerEvent: {}
[14.563565] (-) TimerEvent: {}
[14.666527] (-) TimerEvent: {}
[14.766901] (-) TimerEvent: {}
[14.867281] (-) TimerEvent: {}
[14.969477] (-) TimerEvent: {}
[15.072514] (-) TimerEvent: {}
[15.173188] (-) TimerEvent: {}
[15.273564] (-) TimerEvent: {}
[15.376443] (-) TimerEvent: {}
[15.476840] (-) TimerEvent: {}
[15.577149] (-) TimerEvent: {}
[15.677468] (-) TimerEvent: {}
[15.778555] (-) TimerEvent: {}
[15.878886] (-) TimerEvent: {}
[15.979192] (-) TimerEvent: {}
[16.009760] (workspace_gz) StdoutLine: {'line': b'[ 31%] \x1b[32mBuilding CXX object CMakeFiles/AcousticTrackingScoringPlugin.dir/plugins/WaypointMarkers.cc.o\x1b[0m\n'}
[16.079325] (-) TimerEvent: {}
[16.179653] (-) TimerEvent: {}
[16.280017] (-) TimerEvent: {}
[16.380395] (-) TimerEvent: {}
[16.480734] (-) TimerEvent: {}
[16.581048] (-) TimerEvent: {}
[16.681368] (-) TimerEvent: {}
[16.781744] (-) TimerEvent: {}
[16.882136] (-) TimerEvent: {}
[16.937571] (workspace_gz) StdoutLine: {'line': b'[ 33%] \x1b[32m\x1b[1mLinking CXX shared library libPolyhedraBuoyancyDrag.so\x1b[0m\n'}
[16.982558] (-) TimerEvent: {}
[17.082937] (-) TimerEvent: {}
[17.186771] (-) TimerEvent: {}
[17.287257] (-) TimerEvent: {}
[17.387707] (-) TimerEvent: {}
[17.488155] (-) TimerEvent: {}
[17.588564] (-) TimerEvent: {}
[17.620638] (workspace_gz) StdoutLine: {'line': b'[ 33%] Built target PolyhedraBuoyancyDrag\n'}
[17.637408] (workspace_gz) StdoutLine: {'line': b'[ 35%] \x1b[32mBuilding CXX object CMakeFiles/AcousticPerceptionScoringPlugin.dir/plugins/WaypointMarkers.cc.o\x1b[0m\n'}
[17.688678] (-) TimerEvent: {}
[17.789062] (-) TimerEvent: {}
[17.889409] (-) TimerEvent: {}
[17.989781] (-) TimerEvent: {}
[18.090097] (-) TimerEvent: {}
[18.193727] (-) TimerEvent: {}
[18.294075] (-) TimerEvent: {}
[18.394418] (-) TimerEvent: {}
[18.494760] (-) TimerEvent: {}
[18.595126] (-) TimerEvent: {}
[18.695490] (-) TimerEvent: {}
[18.797569] (-) TimerEvent: {}
[18.897936] (-) TimerEvent: {}
[18.998283] (-) TimerEvent: {}
[19.098564] (-) TimerEvent: {}
[19.198903] (-) TimerEvent: {}
[19.299285] (-) TimerEvent: {}
[19.400577] (-) TimerEvent: {}
[19.500936] (-) TimerEvent: {}
[19.517445] (workspace_gz) StdoutLine: {'line': b'[ 37%] \x1b[32mBuilding CXX object CMakeFiles/StationkeepingScoringPlugin.dir/plugins/WaypointMarkers.cc.o\x1b[0m\n'}
[19.601568] (-) TimerEvent: {}
[19.702342] (-) TimerEvent: {}
[19.804914] (-) TimerEvent: {}
[19.887950] (workspace_gz) StdoutLine: {'line': b'[ 39%] \x1b[32mBuilding CXX object CMakeFiles/LightBuoyPlugin.dir/plugins/LightBuoyPlugin.cc.o\x1b[0m\n'}
[19.905022] (-) TimerEvent: {}
[20.005344] (-) TimerEvent: {}
[20.105757] (-) TimerEvent: {}
[20.155506] (workspace_gz) StdoutLine: {'line': b'[ 41%] \x1b[32m\x1b[1mLinking CXX shared library libAcousticPingerPlugin.so\x1b[0m\n'}
[20.193569] (workspace_gz) StdoutLine: {'line': b'[ 43%] \x1b[32mBuilding CXX object CMakeFiles/NavigationScoringPlugin.dir/plugins/NavigationScoringPlugin.cc.o\x1b[0m\n'}
[20.210568] (-) TimerEvent: {}
[20.310932] (-) TimerEvent: {}
[20.321654] (workspace_gz) StdoutLine: {'line': b'[ 45%] \x1b[32m\x1b[1mLinking CXX shared library libWayfindingScoringPlugin.so\x1b[0m\n'}
[20.411053] (-) TimerEvent: {}
[20.511488] (-) TimerEvent: {}
[20.611884] (-) TimerEvent: {}
[20.712308] (-) TimerEvent: {}
[20.757532] (workspace_gz) StdoutLine: {'line': b'[ 45%] Built target AcousticPingerPlugin\n'}
[20.806201] (workspace_gz) StdoutLine: {'line': b'[ 47%] \x1b[32mBuilding CXX object CMakeFiles/GymkhanaScoringPlugin.dir/plugins/GymkhanaScoringPlugin.cc.o\x1b[0m\n'}
[20.813599] (-) TimerEvent: {}
[20.914004] (-) TimerEvent: {}
[21.014385] (-) TimerEvent: {}
[21.031130] (workspace_gz) StdoutLine: {'line': b'[ 47%] Built target WayfindingScoringPlugin\n'}
[21.078565] (workspace_gz) StdoutLine: {'line': b'[ 50%] \x1b[32mBuilding CXX object CMakeFiles/PerceptionScoringPlugin.dir/plugins/PerceptionScoringPlugin.cc.o\x1b[0m\n'}
[21.114507] (-) TimerEvent: {}
[21.214814] (-) TimerEvent: {}
[21.315165] (-) TimerEvent: {}
[21.415519] (-) TimerEvent: {}
[21.515850] (-) TimerEvent: {}
[21.616567] (-) TimerEvent: {}
[21.717787] (-) TimerEvent: {}
[21.774626] (workspace_gz) StdoutLine: {'line': b'[ 52%] \x1b[32m\x1b[1mLinking CXX shared library libBallShooterPlugin.so\x1b[0m\n'}
[21.817899] (-) TimerEvent: {}
[21.918251] (-) TimerEvent: {}
[22.018581] (-) TimerEvent: {}
[22.118981] (-) TimerEvent: {}
[22.219595] (-) TimerEvent: {}
[22.320586] (-) TimerEvent: {}
[22.408445] (workspace_gz) StdoutLine: {'line': b'[ 52%] Built target BallShooterPlugin\n'}
[22.420740] (-) TimerEvent: {}
[22.448474] (workspace_gz) StdoutLine: {'line': b'[ 54%] \x1b[32mBuilding CXX object CMakeFiles/PlacardPlugin.dir/plugins/PlacardPlugin.cc.o\x1b[0m\n'}
[22.520867] (-) TimerEvent: {}
[22.621224] (-) TimerEvent: {}
[22.723797] (-) TimerEvent: {}
[22.824145] (-) TimerEvent: {}
[22.924461] (-) TimerEvent: {}
[23.024836] (-) TimerEvent: {}
[23.125194] (-) TimerEvent: {}
[23.225548] (-) TimerEvent: {}
[23.325911] (-) TimerEvent: {}
[23.400559] (workspace_gz) StdoutLine: {'line': b'[ 56%] \x1b[32m\x1b[1mLinking CXX shared library libAcousticTrackingScoringPlugin.so\x1b[0m\n'}
[23.426023] (-) TimerEvent: {}
[23.526381] (-) TimerEvent: {}
[23.627558] (-) TimerEvent: {}
[23.727915] (-) TimerEvent: {}
[23.828288] (-) TimerEvent: {}
[23.929674] (-) TimerEvent: {}
[24.032567] (-) TimerEvent: {}
[24.089945] (workspace_gz) StdoutLine: {'line': b'[ 56%] Built target AcousticTrackingScoringPlugin\n'}
[24.128264] (workspace_gz) StdoutLine: {'line': b'[ 58%] \x1b[32mBuilding CXX object CMakeFiles/PublisherPlugin.dir/plugins/PublisherPlugin.cc.o\x1b[0m\n'}
[24.132678] (-) TimerEvent: {}
[24.233007] (-) TimerEvent: {}
[24.333360] (-) TimerEvent: {}
[24.433672] (-) TimerEvent: {}
[24.533992] (-) TimerEvent: {}
[24.543694] (workspace_gz) StdoutLine: {'line': b'[ 60%] \x1b[32m\x1b[1mLinking CXX shared library libAcousticPerceptionScoringPlugin.so\x1b[0m\n'}
[24.634092] (-) TimerEvent: {}
[24.734449] (-) TimerEvent: {}
[24.834840] (-) TimerEvent: {}
[24.935516] (-) TimerEvent: {}
[25.036797] (-) TimerEvent: {}
[25.137201] (-) TimerEvent: {}
[25.194062] (workspace_gz) StdoutLine: {'line': b'[ 60%] Built target AcousticPerceptionScoringPlugin\n'}
[25.235471] (workspace_gz) StdoutLine: {'line': b'[ 62%] \x1b[32mBuilding CXX object CMakeFiles/ScanDockScoringPlugin.dir/plugins/ScanDockScoringPlugin.cc.o\x1b[0m\n'}
[25.237304] (-) TimerEvent: {}
[25.337680] (-) TimerEvent: {}
[25.438645] (-) TimerEvent: {}
[25.539013] (-) TimerEvent: {}
[25.643427] (-) TimerEvent: {}
[25.743803] (-) TimerEvent: {}
[25.844152] (-) TimerEvent: {}
[25.944516] (-) TimerEvent: {}
[26.044862] (-) TimerEvent: {}
[26.062809] (workspace_gz) StdoutLine: {'line': b'[ 64%] \x1b[32m\x1b[1mLinking CXX shared library libStationkeepingScoringPlugin.so\x1b[0m\n'}
[26.144997] (-) TimerEvent: {}
[26.246919] (-) TimerEvent: {}
[26.347333] (-) TimerEvent: {}
[26.448265] (-) TimerEvent: {}
[26.548666] (-) TimerEvent: {}
[26.651803] (-) TimerEvent: {}
[26.686120] (workspace_gz) StdoutLine: {'line': b'[ 64%] Built target StationkeepingScoringPlugin\n'}
[26.721984] (workspace_gz) StdoutLine: {'line': b'[ 66%] \x1b[32mBuilding CXX object CMakeFiles/SimpleHydrodynamics.dir/plugins/SimpleHydrodynamics.cc.o\x1b[0m\n'}
[26.751986] (-) TimerEvent: {}
[26.852329] (-) TimerEvent: {}
[26.955794] (-) TimerEvent: {}
[27.056165] (-) TimerEvent: {}
[27.156576] (-) TimerEvent: {}
[27.256957] (-) TimerEvent: {}
[27.357319] (-) TimerEvent: {}
[27.409626] (workspace_gz) StdoutLine: {'line': b'[ 68%] \x1b[32m\x1b[1mLinking CXX shared library libLightBuoyPlugin.so\x1b[0m\n'}
[27.458329] (-) TimerEvent: {}
[27.558738] (-) TimerEvent: {}
[27.659133] (-) TimerEvent: {}
[27.761117] (-) TimerEvent: {}
[27.861599] (-) TimerEvent: {}
[27.945205] (workspace_gz) StdoutLine: {'line': b'[ 68%] Built target LightBuoyPlugin\n'}
[27.962590] (-) TimerEvent: {}
[27.987815] (workspace_gz) StdoutLine: {'line': b'[ 70%] \x1b[32mBuilding CXX object CMakeFiles/Surface.dir/plugins/Surface.cc.o\x1b[0m\n'}
[28.063574] (-) TimerEvent: {}
[28.163937] (-) TimerEvent: {}
[28.266806] (-) TimerEvent: {}
[28.367683] (-) TimerEvent: {}
[28.468033] (-) TimerEvent: {}
[28.568572] (-) TimerEvent: {}
[28.670148] (-) TimerEvent: {}
[28.773951] (-) TimerEvent: {}
[28.874398] (-) TimerEvent: {}
[28.974762] (-) TimerEvent: {}
[28.982760] (workspace_gz) StdoutLine: {'line': b'[ 72%] \x1b[32m\x1b[1mLinking CXX shared library libGymkhanaScoringPlugin.so\x1b[0m\n'}
[29.074894] (-) TimerEvent: {}
[29.175280] (-) TimerEvent: {}
[29.275728] (-) TimerEvent: {}
[29.376410] (-) TimerEvent: {}
[29.476794] (-) TimerEvent: {}
[29.577172] (-) TimerEvent: {}
[29.600013] (workspace_gz) StdoutLine: {'line': b'[ 72%] Built target GymkhanaScoringPlugin\n'}
[29.646785] (workspace_gz) StdoutLine: {'line': b'[ 75%] \x1b[32mBuilding CXX object CMakeFiles/USVWind.dir/plugins/USVWind.cc.o\x1b[0m\n'}
[29.677274] (-) TimerEvent: {}
[29.777638] (-) TimerEvent: {}
[29.877942] (-) TimerEvent: {}
[29.978264] (-) TimerEvent: {}
[30.078614] (-) TimerEvent: {}
[30.179290] (-) TimerEvent: {}
[30.279639] (-) TimerEvent: {}
[30.379968] (-) TimerEvent: {}
[30.484151] (-) TimerEvent: {}
[30.584531] (-) TimerEvent: {}
[30.684855] (-) TimerEvent: {}
[30.743799] (workspace_gz) StdoutLine: {'line': b'[ 77%] \x1b[32m\x1b[1mLinking CXX shared library libPublisherPlugin.so\x1b[0m\n'}
[30.784965] (-) TimerEvent: {}
[30.885313] (-) TimerEvent: {}
[30.985690] (-) TimerEvent: {}
[31.086071] (-) TimerEvent: {}
[31.164236] (workspace_gz) StdoutLine: {'line': b'[ 77%] Built target PublisherPlugin\n'}
[31.186976] (-) TimerEvent: {}
[31.204175] (workspace_gz) StdoutLine: {'line': b'[ 79%] \x1b[32mBuilding CXX object CMakeFiles/WaveVisual.dir/plugins/WaveVisual.cc.o\x1b[0m\n'}
[31.241164] (workspace_gz) StdoutLine: {'line': b'[ 81%] \x1b[32m\x1b[1mLinking CXX shared library libPlacardPlugin.so\x1b[0m\n'}
[31.287599] (-) TimerEvent: {}
[31.387927] (-) TimerEvent: {}
[31.489572] (-) TimerEvent: {}
[31.589910] (-) TimerEvent: {}
[31.690261] (-) TimerEvent: {}
[31.790605] (-) TimerEvent: {}
[31.791737] (workspace_gz) StdoutLine: {'line': b'[ 81%] Built target PlacardPlugin\n'}
[31.830201] (workspace_gz) StdoutLine: {'line': b'[ 83%] \x1b[32mBuilding CXX object CMakeFiles/WildlifeScoringPlugin.dir/plugins/WildlifeScoringPlugin.cc.o\x1b[0m\n'}
[31.890736] (-) TimerEvent: {}
[31.991577] (-) TimerEvent: {}
[32.029150] (workspace_gz) StdoutLine: {'line': b'[ 85%] \x1b[32m\x1b[1mLinking CXX shared library libPerceptionScoringPlugin.so\x1b[0m\n'}
[32.033748] (workspace_gz) StdoutLine: {'line': b'[ 87%] \x1b[32m\x1b[1mLinking CXX shared library libNavigationScoringPlugin.so\x1b[0m\n'}
[32.091724] (-) TimerEvent: {}
[32.193590] (-) TimerEvent: {}
[32.293912] (-) TimerEvent: {}
[32.394372] (-) TimerEvent: {}
[32.494849] (-) TimerEvent: {}
[32.595573] (-) TimerEvent: {}
[32.628993] (workspace_gz) StdoutLine: {'line': b'[ 87%] Built target NavigationScoringPlugin\n'}
[32.696365] (-) TimerEvent: {}
[32.725453] (workspace_gz) StdoutLine: {'line': b'[ 87%] Built target PerceptionScoringPlugin\n'}
[32.796568] (-) TimerEvent: {}
[32.897599] (-) TimerEvent: {}
[32.997932] (-) TimerEvent: {}
[33.098293] (-) TimerEvent: {}
[33.198922] (-) TimerEvent: {}
[33.300635] (-) TimerEvent: {}
[33.400955] (-) TimerEvent: {}
[33.501305] (-) TimerEvent: {}
[33.601677] (-) TimerEvent: {}
[33.702041] (-) TimerEvent: {}
[33.802412] (-) TimerEvent: {}
[33.904685] (-) TimerEvent: {}
[34.005028] (-) TimerEvent: {}
[34.108462] (-) TimerEvent: {}
[34.210217] (-) TimerEvent: {}
[34.310561] (-) TimerEvent: {}
[34.411140] (-) TimerEvent: {}
[34.511695] (-) TimerEvent: {}
[34.616205] (-) TimerEvent: {}
[34.717702] (-) TimerEvent: {}
[34.824515] (-) TimerEvent: {}
[34.924862] (-) TimerEvent: {}
[35.025208] (-) TimerEvent: {}
[35.061032] (workspace_gz) StdoutLine: {'line': b'[ 89%] \x1b[32m\x1b[1mLinking CXX shared library libSimpleHydrodynamics.so\x1b[0m\n'}
[35.125333] (-) TimerEvent: {}
[35.226587] (-) TimerEvent: {}
[35.327106] (-) TimerEvent: {}
[35.431134] (-) TimerEvent: {}
[35.481675] (workspace_gz) StdoutLine: {'line': b'[ 89%] Built target SimpleHydrodynamics\n'}
[35.531235] (-) TimerEvent: {}
[35.631580] (-) TimerEvent: {}
[35.731883] (-) TimerEvent: {}
[35.832194] (-) TimerEvent: {}
[35.932518] (-) TimerEvent: {}
[36.032940] (-) TimerEvent: {}
[36.110831] (workspace_gz) StdoutLine: {'line': b'[ 91%] \x1b[32m\x1b[1mLinking CXX shared library libSurface.so\x1b[0m\n'}
[36.133053] (-) TimerEvent: {}
[36.233428] (-) TimerEvent: {}
[36.334691] (-) TimerEvent: {}
[36.435095] (-) TimerEvent: {}
[36.535461] (-) TimerEvent: {}
[36.635829] (-) TimerEvent: {}
[36.644870] (workspace_gz) StdoutLine: {'line': b'[ 91%] Built target Surface\n'}
[36.735948] (-) TimerEvent: {}
[36.836296] (-) TimerEvent: {}
[36.936571] (-) TimerEvent: {}
[37.036888] (-) TimerEvent: {}
[37.137210] (-) TimerEvent: {}
[37.237564] (-) TimerEvent: {}
[37.337900] (-) TimerEvent: {}
[37.438250] (-) TimerEvent: {}
[37.533930] (workspace_gz) StdoutLine: {'line': b'[ 93%] \x1b[32m\x1b[1mLinking CXX shared library libScanDockScoringPlugin.so\x1b[0m\n'}
[37.538363] (-) TimerEvent: {}
[37.638712] (-) TimerEvent: {}
[37.739050] (-) TimerEvent: {}
[37.839480] (-) TimerEvent: {}
[37.940032] (-) TimerEvent: {}
[37.954884] (workspace_gz) StdoutLine: {'line': b'[ 93%] Built target ScanDockScoringPlugin\n'}
[38.040149] (-) TimerEvent: {}
[38.140467] (-) TimerEvent: {}
[38.240792] (-) TimerEvent: {}
[38.341098] (-) TimerEvent: {}
[38.441403] (-) TimerEvent: {}
[38.541731] (-) TimerEvent: {}
[38.642055] (-) TimerEvent: {}
[38.742369] (-) TimerEvent: {}
[38.842663] (-) TimerEvent: {}
[38.942957] (-) TimerEvent: {}
[39.043233] (-) TimerEvent: {}
[39.084207] (workspace_gz) StdoutLine: {'line': b'[ 95%] \x1b[32m\x1b[1mLinking CXX shared library libUSVWind.so\x1b[0m\n'}
[39.143387] (-) TimerEvent: {}
[39.243640] (-) TimerEvent: {}
[39.343875] (-) TimerEvent: {}
[39.391454] (workspace_gz) StdoutLine: {'line': b'[ 95%] Built target USVWind\n'}
[39.443984] (-) TimerEvent: {}
[39.544197] (-) TimerEvent: {}
[39.644441] (-) TimerEvent: {}
[39.744694] (-) TimerEvent: {}
[39.799013] (workspace_gz) StdoutLine: {'line': b'[ 97%] \x1b[32m\x1b[1mLinking CXX shared library libWildlifeScoringPlugin.so\x1b[0m\n'}
[39.844788] (-) TimerEvent: {}
[39.945039] (-) TimerEvent: {}
[40.045345] (-) TimerEvent: {}
[40.072129] (workspace_gz) StdoutLine: {'line': b'[100%] \x1b[32m\x1b[1mLinking CXX shared library libWaveVisual.so\x1b[0m\n'}
[40.126394] (workspace_gz) StdoutLine: {'line': b'[100%] Built target WildlifeScoringPlugin\n'}
[40.145478] (-) TimerEvent: {}
[40.245797] (-) TimerEvent: {}
[40.346203] (-) TimerEvent: {}
[40.383022] (workspace_gz) StdoutLine: {'line': b'[100%] Built target WaveVisual\n'}
[40.396820] (workspace_gz) CommandEnded: {'returncode': 0}
[40.397478] (workspace_gz) JobProgress: {'identifier': 'workspace_gz', 'progress': 'install'}
[40.406887] (workspace_gz) Command: {'cmd': ['/usr/bin/cmake', '--install', '/home/aliomac/garp-test/build/workspace_gz'], 'cwd': '/home/aliomac/garp-test/build/workspace_gz', 'env': OrderedDict({'GZ_SIM_SYSTEM_PLUGIN_PATH': '/home/aliomac/vrx_ws/install/lib', 'GJS_DEBUG_TOPICS': 'JS ERROR;JS LOG', 'XDG_ACTIVATION_TOKEN': 'gnome-shell/Terminator/2472-3-aliomac-Nitro-AN515-55_TIME2321361', 'LESSOPEN': '| /usr/bin/lesspipe %s', 'GZ_SIM_RESOURCE_PATH': '/home/aliomac/vrx_ws/install/share/vrx_gz/models/tmp:/home/aliomac/vrx_ws/install/share/vrx_gz/models:/home/aliomac/vrx_ws/install/share/vrx_gz/worlds/2023_phase2:/home/aliomac/vrx_ws/install/share/vrx_gz/worlds/2023_practice:/home/aliomac/vrx_ws/install/share/vrx_gz/worlds:/home/aliomac/vrx_ws/install/share/wamv_description/models:/home/aliomac/vrx_ws/install/share/vrx_gazebo/models:/home/aliomac/vrx_ws/install/share/:/opt/ros/jazzy/share', 'USER': 'aliomac', 'GZ_CONFIG_PATH': '/opt/ros/jazzy/opt/gz_sim_vendor/share/gz:/opt/ros/jazzy/opt/sdformat_vendor/share/gz:/opt/ros/jazzy/opt/gz_gui_vendor/share/gz:/opt/ros/jazzy/opt/gz_transport_vendor/share/gz:/opt/ros/jazzy/opt/gz_rendering_vendor/share/gz:/opt/ros/jazzy/opt/gz_plugin_vendor/share/gz:/opt/ros/jazzy/opt/gz_fuel_tools_vendor/share/gz:/opt/ros/jazzy/opt/gz_msgs_vendor/share/gz:/opt/ros/jazzy/opt/gz_common_vendor/share/gz', 'XDG_SESSION_TYPE': 'wayland', 'CLUTTER_DISABLE_MIPMAPPED_TEXT': '1', 'SHLVL': '1', 'LD_LIBRARY_PATH': '/home/aliomac/garp-test/install/workspace_gz/lib:/home/aliomac/garp-test/install/kiss_icp/lib:/home/aliomac/vrx_ws/install/lib:/home/aliomac/thesis_USV_gazebo/install/lib:/opt/ros/jazzy/opt/gz_sim_vendor/lib:/opt/ros/jazzy/opt/gz_sensors_vendor/lib:/opt/ros/jazzy/opt/gz_physics_vendor/lib:/opt/ros/jazzy/opt/sdformat_vendor/lib:/opt/ros/jazzy/opt/rviz_ogre_vendor/lib:/opt/ros/jazzy/lib/x86_64-linux-gnu:/opt/ros/jazzy/opt/gz_gui_vendor/lib:/opt/ros/jazzy/opt/gz_transport_vendor/lib:/opt/ros/jazzy/opt/gz_rendering_vendor/lib:/opt/ros/jazzy/opt/gz_plugin_vendor/lib:/opt/ros/jazzy/opt/gz_fuel_tools_vendor/lib:/opt/ros/jazzy/opt/gz_msgs_vendor/lib:/opt/ros/jazzy/opt/gz_common_vendor/lib:/opt/ros/jazzy/opt/gz_math_vendor/lib:/opt/ros/jazzy/opt/gz_utils_vendor/lib:/opt/ros/jazzy/opt/gz_tools_vendor/lib:/opt/ros/jazzy/opt/gz_ogre_next_vendor/lib:/opt/ros/jazzy/opt/gz_dartsim_vendor/lib:/opt/ros/jazzy/opt/gz_cmake_vendor/lib:/opt/ros/jazzy/lib', 'HOME': '/home/aliomac', 'OLDPWD': '/home/aliomac', 'DESKTOP_SESSION': 'ubuntu', 'GIO_LAUNCHED_DESKTOP_FILE': '/usr/share/applications/terminator.desktop', 'ROS_PYTHON_VERSION': '3', 'GNOME_SHELL_SESSION_MODE': 'ubuntu', 'GTK_MODULES': 'gail:atk-bridge', 'MANAGERPID': '2192', 'SYSTEMD_EXEC_PID': '2472', 'GSM_SKIP_SSH_AGENT_WORKAROUND': 'true', 'DBUS_SESSION_BUS_ADDRESS': 'unix:path=/run/user/1000/bus', 'COLORTERM': 'truecolor', 'TERMINATOR_DBUS_NAME': 'net.tenshu.Terminator25ef4b219e3b005583550f2b0f9f990c3', 'GIO_LAUNCHED_DESKTOP_FILE_PID': '21753', 'DEBUGINFOD_URLS': 'https://debuginfod.ubuntu.com', 'IM_CONFIG_PHASE': '1', 'WAYLAND_DISPLAY': 'wayland-0', 'COLCON_PREFIX_PATH': '/home/aliomac/garp-test/install:/home/aliomac/vrx_ws/install:/home/aliomac/thesis_USV_gazebo/install', 'ROS_DISTRO': 'jazzy', 'LOGNAME': 'aliomac', 'JOURNAL_STREAM': '9:21782', '_': '/usr/bin/colcon', 'ROS_VERSION': '2', 'MEMORY_PRESSURE_WATCH': '/sys/fs/cgroup/user.slice/user-1000.slice/user@1000.service/session.slice/org.gnome.Shell@wayland.service/memory.pressure', 'XDG_SESSION_CLASS': 'user', 'USERNAME': 'aliomac', 'TERM': 'xterm-256color', 'GNOME_DESKTOP_SESSION_ID': 'this-is-deprecated', 'PATH': '/home/aliomac/.opencode/bin:/home/aliomac/.local/bin:/opt/ros/jazzy/opt/gz_msgs_vendor/bin:/opt/ros/jazzy/opt/gz_tools_vendor/bin:/opt/ros/jazzy/opt/gz_ogre_next_vendor/bin:/opt/ros/jazzy/bin:/home/aliomac/.local/bin:/usr/local/sbin:/usr/local/bin:/usr/sbin:/usr/bin:/sbin:/bin:/usr/games:/usr/local/games:/snap/bin:/snap/bin', 'SESSION_MANAGER': 'local/aliomac-Nitro-AN515-55:@/tmp/.ICE-unix/2436,unix/aliomac-Nitro-AN515-55:/tmp/.ICE-unix/2436', 'INVOCATION_ID': 'e8e0e4c9cc6248f28b2cbb1f6f3e7b59', 'XDG_MENU_PREFIX': 'gnome-', 'GNOME_SETUP_DISPLAY': ':1', 'XDG_RUNTIME_DIR': '/run/user/1000', 'DISPLAY': ':0', 'TERMINATOR_DBUS_PATH': '/net/tenshu/Terminator2', 'LANG': 'en_US.UTF-8', 'XDG_CURRENT_DESKTOP': 'ubuntu:GNOME', 'XMODIFIERS': '@im=ibus', 'XDG_SESSION_DESKTOP': 'ubuntu', 'XAUTHORITY': '/run/user/1000/.mutter-Xwaylandauth.I4R3J3', 'LS_COLORS': 'rs=0:di=01;34:ln=01;36:mh=00:pi=40;33:so=01;35:do=01;35:bd=40;33;01:cd=40;33;01:or=40;31;01:mi=00:su=37;41:sg=30;43:ca=00:tw=30;42:ow=34;42:st=37;44:ex=01;32:*.tar=01;31:*.tgz=01;31:*.arc=01;31:*.arj=01;31:*.taz=01;31:*.lha=01;31:*.lz4=01;31:*.lzh=01;31:*.lzma=01;31:*.tlz=01;31:*.txz=01;31:*.tzo=01;31:*.t7z=01;31:*.zip=01;31:*.z=01;31:*.dz=01;31:*.gz=01;31:*.lrz=01;31:*.lz=01;31:*.lzo=01;31:*.xz=01;31:*.zst=01;31:*.tzst=01;31:*.bz2=01;31:*.bz=01;31:*.tbz=01;31:*.tbz2=01;31:*.tz=01;31:*.deb=01;31:*.rpm=01;31:*.jar=01;31:*.war=01;31:*.ear=01;31:*.sar=01;31:*.rar=01;31:*.alz=01;31:*.ace=01;31:*.zoo=01;31:*.cpio=01;31:*.7z=01;31:*.rz=01;31:*.cab=01;31:*.wim=01;31:*.swm=01;31:*.dwm=01;31:*.esd=01;31:*.avif=01;35:*.jpg=01;35:*.jpeg=01;35:*.mjpg=01;35:*.mjpeg=01;35:*.gif=01;35:*.bmp=01;35:*.pbm=01;35:*.pgm=01;35:*.ppm=01;35:*.tga=01;35:*.xbm=01;35:*.xpm=01;35:*.tif=01;35:*.tiff=01;35:*.png=01;35:*.svg=01;35:*.svgz=01;35:*.mng=01;35:*.pcx=01;35:*.mov=01;35:*.mpg=01;35:*.mpeg=01;35:*.m2v=01;35:*.mkv=01;35:*.webm=01;35:*.webp=01;35:*.ogm=01;35:*.mp4=01;35:*.m4v=01;35:*.mp4v=01;35:*.vob=01;35:*.qt=01;35:*.nuv=01;35:*.wmv=01;35:*.asf=01;35:*.rm=01;35:*.rmvb=01;35:*.flc=01;35:*.avi=01;35:*.fli=01;35:*.flv=01;35:*.gl=01;35:*.dl=01;35:*.xcf=01;35:*.xwd=01;35:*.yuv=01;35:*.cgm=01;35:*.emf=01;35:*.ogv=01;35:*.ogx=01;35:*.aac=00;36:*.au=00;36:*.flac=00;36:*.m4a=00;36:*.mid=00;36:*.midi=00;36:*.mka=00;36:*.mp3=00;36:*.mpc=00;36:*.ogg=00;36:*.ra=00;36:*.wav=00;36:*.oga=00;36:*.opus=00;36:*.spx=00;36:*.xspf=00;36:*~=00;90:*#=00;90:*.bak=00;90:*.crdownload=00;90:*.dpkg-dist=00;90:*.dpkg-new=00;90:*.dpkg-old=00;90:*.dpkg-tmp=00;90:*.old=00;90:*.orig=00;90:*.part=00;90:*.rej=00;90:*.rpmnew=00;90:*.rpmorig=00;90:*.rpmsave=00;90:*.swp=00;90:*.tmp=00;90:*.ucf-dist=00;90:*.ucf-new=00;90:*.ucf-old=00;90:', 'SSH_AUTH_SOCK': '/run/user/1000/keyring/ssh', 'AMENT_PREFIX_PATH': '/home/aliomac/garp-test/install/workspace_ros:/home/aliomac/garp-test/install/workspace_nav:/home/aliomac/garp-test/install/workspace_gz:/home/aliomac/garp-test/install/kiss_icp:/home/aliomac/vrx_ws/install:/home/aliomac/thesis_USV_gazebo/install:/opt/ros/jazzy', 'SHELL': '/bin/bash', 'TERMINATOR_UUID': 'urn:uuid:9dcf79d9-1f7e-4f63-a808-807a1d35a7da', 'QT_ACCESSIBILITY': '1', 'GDMSESSION': 'ubuntu', 'LESSCLOSE': '/usr/bin/lesspipe %s %s', 'GJS_DEBUG_OUTPUT': 'stderr', 'ROS_AUTOMATIC_DISCOVERY_RANGE': 'SUBNET', 'QT_IM_MODULE': 'ibus', 'PWD': '/home/aliomac/garp-test/build/workspace_gz', 'LC_ALL': 'en_US.UTF-8', 'XDG_CONFIG_DIRS': '/etc/xdg/xdg-ubuntu:/etc/xdg', 'XDG_DATA_DIRS': '/usr/share/ubuntu:/usr/share/gnome:/usr/local/share/:/usr/share/:/var/lib/snapd/desktop', 'PYTHONPATH': '/home/aliomac/garp-test/install/workspace_ros/lib/python3.12/site-packages:/home/aliomac/garp-test/install/workspace_nav/lib/python3.12/site-packages:/home/aliomac/vrx_ws/install/lib/python3.12/site-packages:/home/aliomac/thesis_USV_gazebo/build/ros_gz_bridge_custom:/home/aliomac/thesis_USV_gazebo/build/autopilot:/home/aliomac/thesis_USV_gazebo/install/lib/python3.12/site-packages:/opt/ros/jazzy/lib/python3.12/site-packages', 'COLCON': '1', 'MEMORY_PRESSURE_WRITE': 'c29tZSAyMDAwMDAgMjAwMDAwMAA=', 'VTE_VERSION': '7600', 'CMAKE_PREFIX_PATH': '/home/aliomac/garp-test/install/workspace_gz:/home/aliomac/garp-test/install/kiss_icp:/home/aliomac/vrx_ws/install:/home/aliomac/thesis_USV_gazebo/install:/opt/ros/jazzy/opt/gz_sim_vendor:/opt/ros/jazzy/opt/gz_sensors_vendor:/opt/ros/jazzy/opt/gz_physics_vendor:/opt/ros/jazzy/opt/sdformat_vendor:/opt/ros/jazzy/opt/gz_gui_vendor:/opt/ros/jazzy/opt/gz_transport_vendor:/opt/ros/jazzy/opt/gz_rendering_vendor:/opt/ros/jazzy/opt/gz_plugin_vendor:/opt/ros/jazzy/opt/gz_fuel_tools_vendor:/opt/ros/jazzy/opt/gz_msgs_vendor:/opt/ros/jazzy/opt/gz_common_vendor:/opt/ros/jazzy/opt/gz_math_vendor:/opt/ros/jazzy/opt/gz_utils_vendor:/opt/ros/jazzy/opt/gz_tools_vendor:/opt/ros/jazzy/opt/gz_ogre_next_vendor:/opt/ros/jazzy/opt/gz_dartsim_vendor:/opt/ros/jazzy/opt/gz_cmake_vendor:/home/aliomac/garp-test/install/workspace_ros:/home/aliomac/garp-test/install/workspace_nav:/opt/ros/jazzy'}), 'shell': False}
[40.416424] (workspace_gz) StdoutLine: {'line': b'-- Install configuration: ""\n'}
[40.416728] (workspace_gz) StdoutLine: {'line': b'-- Installing: /home/aliomac/garp-test/install/workspace_gz/lib/libWaves.so\n'}
[40.417431] (workspace_gz) StdoutLine: {'line': b'-- Set non-toolchain portion of runtime path of "/home/aliomac/garp-test/install/workspace_gz/lib/libWaves.so" to ""\n'}
[40.417647] (workspace_gz) StdoutLine: {'line': b'-- Installing: /home/aliomac/garp-test/install/workspace_gz/lib/libPolyhedraBuoyancyDrag.so\n'}
[40.418773] (workspace_gz) StdoutLine: {'line': b'-- Set non-toolchain portion of runtime path of "/home/aliomac/garp-test/install/workspace_gz/lib/libPolyhedraBuoyancyDrag.so" to ""\n'}
[40.419002] (workspace_gz) StdoutLine: {'line': b'-- Installing: /home/aliomac/garp-test/install/workspace_gz/lib/libScoringPlugin.so\n'}
[40.420110] (workspace_gz) StdoutLine: {'line': b'-- Set non-toolchain portion of runtime path of "/home/aliomac/garp-test/install/workspace_gz/lib/libScoringPlugin.so" to ""\n'}
[40.420247] (workspace_gz) StdoutLine: {'line': b'-- Installing: /home/aliomac/garp-test/install/workspace_gz/lib/libStationkeepingScoringPlugin.so\n'}
[40.421558] (workspace_gz) StdoutLine: {'line': b'-- Set non-toolchain portion of runtime path of "/home/aliomac/garp-test/install/workspace_gz/lib/libStationkeepingScoringPlugin.so" to ""\n'}
[40.421770] (workspace_gz) StdoutLine: {'line': b'-- Installing: /home/aliomac/garp-test/install/workspace_gz/lib/libWayfindingScoringPlugin.so\n'}
[40.423138] (workspace_gz) StdoutLine: {'line': b'-- Set non-toolchain portion of runtime path of "/home/aliomac/garp-test/install/workspace_gz/lib/libWayfindingScoringPlugin.so" to ""\n'}
[40.423294] (workspace_gz) StdoutLine: {'line': b'-- Installing: /home/aliomac/garp-test/install/workspace_gz/lib/libAcousticPerceptionScoringPlugin.so\n'}
[40.424529] (workspace_gz) StdoutLine: {'line': b'-- Set non-toolchain portion of runtime path of "/home/aliomac/garp-test/install/workspace_gz/lib/libAcousticPerceptionScoringPlugin.so" to ""\n'}
[40.424704] (workspace_gz) StdoutLine: {'line': b'-- Installing: /home/aliomac/garp-test/install/workspace_gz/lib/libAcousticTrackingScoringPlugin.so\n'}
[40.426139] (workspace_gz) StdoutLine: {'line': b'-- Set non-toolchain portion of runtime path of "/home/aliomac/garp-test/install/workspace_gz/lib/libAcousticTrackingScoringPlugin.so" to ""\n'}
[40.426280] (workspace_gz) StdoutLine: {'line': b'-- Installing: /home/aliomac/garp-test/install/workspace_gz/lib/libAcousticPingerPlugin.so\n'}
[40.427431] (workspace_gz) StdoutLine: {'line': b'-- Set non-toolchain portion of runtime path of "/home/aliomac/garp-test/install/workspace_gz/lib/libAcousticPingerPlugin.so" to ""\n'}
[40.427572] (workspace_gz) StdoutLine: {'line': b'-- Installing: /home/aliomac/garp-test/install/workspace_gz/lib/libBallShooterPlugin.so\n'}
[40.429198] (workspace_gz) StdoutLine: {'line': b'-- Set non-toolchain portion of runtime path of "/home/aliomac/garp-test/install/workspace_gz/lib/libBallShooterPlugin.so" to ""\n'}
[40.429364] (workspace_gz) StdoutLine: {'line': b'-- Installing: /home/aliomac/garp-test/install/workspace_gz/lib/libLightBuoyPlugin.so\n'}
[40.430314] (workspace_gz) StdoutLine: {'line': b'-- Set non-toolchain portion of runtime path of "/home/aliomac/garp-test/install/workspace_gz/lib/libLightBuoyPlugin.so" to ""\n'}
[40.430471] (workspace_gz) StdoutLine: {'line': b'-- Installing: /home/aliomac/garp-test/install/workspace_gz/lib/libNavigationScoringPlugin.so\n'}
[40.431568] (workspace_gz) StdoutLine: {'line': b'-- Set non-toolchain portion of runtime path of "/home/aliomac/garp-test/install/workspace_gz/lib/libNavigationScoringPlugin.so" to ""\n'}
[40.431786] (workspace_gz) StdoutLine: {'line': b'-- Installing: /home/aliomac/garp-test/install/workspace_gz/lib/libGymkhanaScoringPlugin.so\n'}
[40.432725] (workspace_gz) StdoutLine: {'line': b'-- Set non-toolchain portion of runtime path of "/home/aliomac/garp-test/install/workspace_gz/lib/libGymkhanaScoringPlugin.so" to ""\n'}
[40.432865] (workspace_gz) StdoutLine: {'line': b'-- Installing: /home/aliomac/garp-test/install/workspace_gz/lib/libPerceptionScoringPlugin.so\n'}
[40.434270] (workspace_gz) StdoutLine: {'line': b'-- Set non-toolchain portion of runtime path of "/home/aliomac/garp-test/install/workspace_gz/lib/libPerceptionScoringPlugin.so" to ""\n'}
[40.434417] (workspace_gz) StdoutLine: {'line': b'-- Installing: /home/aliomac/garp-test/install/workspace_gz/lib/libPlacardPlugin.so\n'}
[40.435496] (workspace_gz) StdoutLine: {'line': b'-- Set non-toolchain portion of runtime path of "/home/aliomac/garp-test/install/workspace_gz/lib/libPlacardPlugin.so" to ""\n'}
[40.435633] (workspace_gz) StdoutLine: {'line': b'-- Installing: /home/aliomac/garp-test/install/workspace_gz/lib/libPublisherPlugin.so\n'}
[40.436339] (workspace_gz) StdoutLine: {'line': b'-- Set non-toolchain portion of runtime path of "/home/aliomac/garp-test/install/workspace_gz/lib/libPublisherPlugin.so" to ""\n'}
[40.436464] (workspace_gz) StdoutLine: {'line': b'-- Installing: /home/aliomac/garp-test/install/workspace_gz/lib/libScanDockScoringPlugin.so\n'}
[40.438011] (workspace_gz) StdoutLine: {'line': b'-- Set non-toolchain portion of runtime path of "/home/aliomac/garp-test/install/workspace_gz/lib/libScanDockScoringPlugin.so" to ""\n'}
[40.438155] (workspace_gz) StdoutLine: {'line': b'-- Installing: /home/aliomac/garp-test/install/workspace_gz/lib/libSimpleHydrodynamics.so\n'}
[40.438942] (workspace_gz) StdoutLine: {'line': b'-- Set non-toolchain portion of runtime path of "/home/aliomac/garp-test/install/workspace_gz/lib/libSimpleHydrodynamics.so" to ""\n'}
[40.439138] (workspace_gz) StdoutLine: {'line': b'-- Installing: /home/aliomac/garp-test/install/workspace_gz/lib/libSurface.so\n'}
[40.440059] (workspace_gz) StdoutLine: {'line': b'-- Set non-toolchain portion of runtime path of "/home/aliomac/garp-test/install/workspace_gz/lib/libSurface.so" to ""\n'}
[40.440201] (workspace_gz) StdoutLine: {'line': b'-- Installing: /home/aliomac/garp-test/install/workspace_gz/lib/libUSVWind.so\n'}
[40.441200] (workspace_gz) StdoutLine: {'line': b'-- Set non-toolchain portion of runtime path of "/home/aliomac/garp-test/install/workspace_gz/lib/libUSVWind.so" to ""\n'}
[40.441345] (workspace_gz) StdoutLine: {'line': b'-- Installing: /home/aliomac/garp-test/install/workspace_gz/lib/libWaveVisual.so\n'}
[40.442553] (workspace_gz) StdoutLine: {'line': b'-- Set non-toolchain portion of runtime path of "/home/aliomac/garp-test/install/workspace_gz/lib/libWaveVisual.so" to ""\n'}
[40.442687] (workspace_gz) StdoutLine: {'line': b'-- Installing: /home/aliomac/garp-test/install/workspace_gz/lib/libWildlifeScoringPlugin.so\n'}
[40.443952] (workspace_gz) StdoutLine: {'line': b'-- Set non-toolchain portion of runtime path of "/home/aliomac/garp-test/install/workspace_gz/lib/libWildlifeScoringPlugin.so" to ""\n'}
[40.444122] (workspace_gz) StdoutLine: {'line': b'-- Installing: /home/aliomac/garp-test/install/workspace_gz/share/workspace_gz//description\n'}
[40.444265] (workspace_gz) StdoutLine: {'line': b'-- Installing: /home/aliomac/garp-test/install/workspace_gz/share/workspace_gz//description/roboboat\n'}
[40.444383] (workspace_gz) StdoutLine: {'line': b'-- Installing: /home/aliomac/garp-test/install/workspace_gz/share/workspace_gz//description/roboboat/roboboat.xacro\n'}
[40.444491] (workspace_gz) StdoutLine: {'line': b'-- Installing: /home/aliomac/garp-test/install/workspace_gz/share/workspace_gz//launch\n'}
[40.444619] (workspace_gz) StdoutLine: {'line': b'-- Installing: /home/aliomac/garp-test/install/workspace_gz/share/workspace_gz//launch/simulation.launch.py\n'}
[40.444719] (workspace_gz) StdoutLine: {'line': b'-- Installing: /home/aliomac/garp-test/install/workspace_gz/share/workspace_gz//models\n'}
[40.444805] (workspace_gz) StdoutLine: {'line': b'-- Installing: /home/aliomac/garp-test/install/workspace_gz/share/workspace_gz//models/waves\n'}
[40.444929] (workspace_gz) StdoutLine: {'line': b'-- Installing: /home/aliomac/garp-test/install/workspace_gz/share/workspace_gz//models/waves/model.sdf\n'}
[40.445009] (workspace_gz) StdoutLine: {'line': b'-- Installing: /home/aliomac/garp-test/install/workspace_gz/share/workspace_gz//models/waves/materials\n'}
[40.445082] (workspace_gz) StdoutLine: {'line': b'-- Installing: /home/aliomac/garp-test/install/workspace_gz/share/workspace_gz//models/waves/materials/programs\n'}
[40.445166] (workspace_gz) StdoutLine: {'line': b'-- Installing: /home/aliomac/garp-test/install/workspace_gz/share/workspace_gz//models/waves/materials/programs/GerstnerWaves_vs_330.glsl\n'}
[40.445240] (workspace_gz) StdoutLine: {'line': b'-- Installing: /home/aliomac/garp-test/install/workspace_gz/share/workspace_gz//models/waves/materials/programs/GerstnerWaves_fs_330.glsl\n'}
[40.445313] (workspace_gz) StdoutLine: {'line': b'-- Installing: /home/aliomac/garp-test/install/workspace_gz/share/workspace_gz//models/waves/materials/textures\n'}
[40.445410] (workspace_gz) StdoutLine: {'line': b'-- Installing: /home/aliomac/garp-test/install/workspace_gz/share/workspace_gz//models/waves/materials/textures/skybox_lowres.dds\n'}
[40.445485] (workspace_gz) StdoutLine: {'line': b'-- Installing: /home/aliomac/garp-test/install/workspace_gz/share/workspace_gz//models/waves/materials/textures/wave_normals.dds\n'}
[40.445601] (workspace_gz) StdoutLine: {'line': b'-- Installing: /home/aliomac/garp-test/install/workspace_gz/share/workspace_gz//models/waves/meshes\n'}
[40.445701] (workspace_gz) StdoutLine: {'line': b'-- Installing: /home/aliomac/garp-test/install/workspace_gz/share/workspace_gz//models/waves/meshes/waterlow.dae\n'}
[40.446258] (-) TimerEvent: {}
[40.453657] (workspace_gz) StdoutLine: {'line': b'-- Installing: /home/aliomac/garp-test/install/workspace_gz/share/workspace_gz//models/waves/model.config\n'}
[40.453905] (workspace_gz) StdoutLine: {'line': b'-- Installing: /home/aliomac/garp-test/install/workspace_gz/share/workspace_gz//models/roboboat\n'}
[40.454037] (workspace_gz) StdoutLine: {'line': b'-- Installing: /home/aliomac/garp-test/install/workspace_gz/share/workspace_gz//models/roboboat/materials\n'}
[40.454121] (workspace_gz) StdoutLine: {'line': b'-- Installing: /home/aliomac/garp-test/install/workspace_gz/share/workspace_gz//models/roboboat/materials/textures\n'}
[40.454196] (workspace_gz) StdoutLine: {'line': b'-- Installing: /home/aliomac/garp-test/install/workspace_gz/share/workspace_gz//models/roboboat/materials/textures/roboboat_roughness.png\n'}
[40.456317] (workspace_gz) StdoutLine: {'line': b'-- Installing: /home/aliomac/garp-test/install/workspace_gz/share/workspace_gz//models/roboboat/materials/textures/thruster_roughness.png\n'}
[40.457009] (workspace_gz) StdoutLine: {'line': b'-- Installing: /home/aliomac/garp-test/install/workspace_gz/share/workspace_gz//models/roboboat/materials/textures/roboboat_metalness.png\n'}
[40.457152] (workspace_gz) StdoutLine: {'line': b'-- Installing: /home/aliomac/garp-test/install/workspace_gz/share/workspace_gz//models/roboboat/materials/textures/roboboat_normal.png\n'}
[40.457786] (workspace_gz) StdoutLine: {'line': b'-- Installing: /home/aliomac/garp-test/install/workspace_gz/share/workspace_gz//models/roboboat/materials/textures/thruster_albedo.png\n'}
[40.458442] (workspace_gz) StdoutLine: {'line': b'-- Installing: /home/aliomac/garp-test/install/workspace_gz/share/workspace_gz//models/roboboat/materials/textures/roboboat_albedo.png\n'}
[40.461933] (workspace_gz) StdoutLine: {'line': b'-- Installing: /home/aliomac/garp-test/install/workspace_gz/share/workspace_gz//models/roboboat/meshes\n'}
[40.462074] (workspace_gz) StdoutLine: {'line': b'-- Installing: /home/aliomac/garp-test/install/workspace_gz/share/workspace_gz//models/roboboat/meshes/housing.dae\n'}
[40.462190] (workspace_gz) StdoutLine: {'line': b'-- Installing: /home/aliomac/garp-test/install/workspace_gz/share/workspace_gz//models/roboboat/meshes/mount.dae\n'}
[40.462312] (workspace_gz) StdoutLine: {'line': b'-- Installing: /home/aliomac/garp-test/install/workspace_gz/share/workspace_gz//models/roboboat/meshes/prop.dae\n'}
[40.462424] (workspace_gz) StdoutLine: {'line': b'-- Installing: /home/aliomac/garp-test/install/workspace_gz/share/workspace_gz//models/roboboat/meshes/roboboat.dae\n'}
[40.463103] (workspace_gz) StdoutLine: {'line': b'-- Installing: /home/aliomac/garp-test/install/workspace_gz/share/workspace_gz//models/roboboat/sensors\n'}
[40.463274] (workspace_gz) StdoutLine: {'line': b'-- Installing: /home/aliomac/garp-test/install/workspace_gz/share/workspace_gz//models/roboboat/sensors/lidar\n'}
[40.463383] (workspace_gz) StdoutLine: {'line': b'-- Installing: /home/aliomac/garp-test/install/workspace_gz/share/workspace_gz//models/roboboat/sensors/lidar/materials\n'}
[40.463462] (workspace_gz) StdoutLine: {'line': b'-- Installing: /home/aliomac/garp-test/install/workspace_gz/share/workspace_gz//models/roboboat/sensors/lidar/materials/textures\n'}
[40.463583] (workspace_gz) StdoutLine: {'line': b'-- Installing: /home/aliomac/garp-test/install/workspace_gz/share/workspace_gz//models/roboboat/sensors/lidar/materials/textures/lidar_roughness.png\n'}
[40.463669] (workspace_gz) StdoutLine: {'line': b'-- Installing: /home/aliomac/garp-test/install/workspace_gz/share/workspace_gz//models/roboboat/sensors/lidar/materials/textures/lidar.png\n'}
[40.463774] (workspace_gz) StdoutLine: {'line': b'-- Installing: /home/aliomac/garp-test/install/workspace_gz/share/workspace_gz//models/roboboat/sensors/lidar/materials/textures/lidar_normal.png\n'}
[40.463897] (workspace_gz) StdoutLine: {'line': b'-- Installing: /home/aliomac/garp-test/install/workspace_gz/share/workspace_gz//models/roboboat/sensors/lidar/materials/textures/lidar_metalness.png\n'}
[40.464001] (workspace_gz) StdoutLine: {'line': b'-- Installing: /home/aliomac/garp-test/install/workspace_gz/share/workspace_gz//models/roboboat/sensors/lidar/materials/textures/lidar_albedo.png\n'}
[40.464387] (workspace_gz) StdoutLine: {'line': b'-- Installing: /home/aliomac/garp-test/install/workspace_gz/share/workspace_gz//models/roboboat/sensors/lidar/meshes\n'}
[40.464506] (workspace_gz) StdoutLine: {'line': b'-- Installing: /home/aliomac/garp-test/install/workspace_gz/share/workspace_gz//models/roboboat/sensors/lidar/meshes/lidar_albedo.png\n'}
[40.464873] (workspace_gz) StdoutLine: {'line': b'-- Installing: /home/aliomac/garp-test/install/workspace_gz/share/workspace_gz//models/roboboat/sensors/lidar/meshes/lidar.dae\n'}
[40.464981] (workspace_gz) StdoutLine: {'line': b'-- Installing: /home/aliomac/garp-test/install/workspace_gz/share/workspace_gz//models/roboboat/sensors/gps\n'}
[40.465107] (workspace_gz) StdoutLine: {'line': b'-- Installing: /home/aliomac/garp-test/install/workspace_gz/share/workspace_gz//models/roboboat/sensors/gps/materials\n'}
[40.465211] (workspace_gz) StdoutLine: {'line': b'-- Installing: /home/aliomac/garp-test/install/workspace_gz/share/workspace_gz//models/roboboat/sensors/gps/materials/textures\n'}
[40.465287] (workspace_gz) StdoutLine: {'line': b'-- Installing: /home/aliomac/garp-test/install/workspace_gz/share/workspace_gz//models/roboboat/sensors/gps/materials/textures/gps_albedo.png\n'}
[40.465398] (workspace_gz) StdoutLine: {'line': b'-- Installing: /home/aliomac/garp-test/install/workspace_gz/share/workspace_gz//models/roboboat/sensors/gps/meshes\n'}
[40.465511] (workspace_gz) StdoutLine: {'line': b'-- Installing: /home/aliomac/garp-test/install/workspace_gz/share/workspace_gz//models/roboboat/sensors/gps/meshes/gps.dae\n'}
[40.465620] (workspace_gz) StdoutLine: {'line': b'-- Installing: /home/aliomac/garp-test/install/workspace_gz/share/workspace_gz//models/roboboat/sensors/gps/meshes/gps_albedo.png\n'}
[40.465889] (workspace_gz) StdoutLine: {'line': b'-- Installing: /home/aliomac/garp-test/install/workspace_gz/share/workspace_gz//models/roboboat/sensors/lidar_post\n'}
[40.466011] (workspace_gz) StdoutLine: {'line': b'-- Installing: /home/aliomac/garp-test/install/workspace_gz/share/workspace_gz//models/roboboat/sensors/lidar_post/materials\n'}
[40.466118] (workspace_gz) StdoutLine: {'line': b'-- Installing: /home/aliomac/garp-test/install/workspace_gz/share/workspace_gz//models/roboboat/sensors/lidar_post/materials/textures\n'}
[40.466224] (workspace_gz) StdoutLine: {'line': b'-- Installing: /home/aliomac/garp-test/install/workspace_gz/share/workspace_gz//models/roboboat/sensors/lidar_post/materials/textures/post_albedo.png\n'}
[40.466337] (workspace_gz) StdoutLine: {'line': b'-- Installing: /home/aliomac/garp-test/install/workspace_gz/share/workspace_gz//models/roboboat/sensors/lidar_post/meshes\n'}
[40.466454] (workspace_gz) StdoutLine: {'line': b'-- Installing: /home/aliomac/garp-test/install/workspace_gz/share/workspace_gz//models/roboboat/sensors/lidar_post/meshes/post_albedo.jpg\n'}
[40.466583] (workspace_gz) StdoutLine: {'line': b'-- Installing: /home/aliomac/garp-test/install/workspace_gz/share/workspace_gz//models/roboboat/sensors/lidar_post/meshes/post.dae\n'}
[40.466683] (workspace_gz) StdoutLine: {'line': b'-- Installing: /home/aliomac/garp-test/install/workspace_gz/share/workspace_gz//models/roboboat/sensors/camera\n'}
[40.466781] (workspace_gz) StdoutLine: {'line': b'-- Installing: /home/aliomac/garp-test/install/workspace_gz/share/workspace_gz//models/roboboat/sensors/camera/materials\n'}
[40.466866] (workspace_gz) StdoutLine: {'line': b'-- Installing: /home/aliomac/garp-test/install/workspace_gz/share/workspace_gz//models/roboboat/sensors/camera/materials/textures\n'}
[40.466949] (workspace_gz) StdoutLine: {'line': b'-- Installing: /home/aliomac/garp-test/install/workspace_gz/share/workspace_gz//models/roboboat/sensors/camera/materials/textures/camera_metalness.png\n'}
[40.467022] (workspace_gz) StdoutLine: {'line': b'-- Installing: /home/aliomac/garp-test/install/workspace_gz/share/workspace_gz//models/roboboat/sensors/camera/materials/textures/camera_albedo.png\n'}
[40.467098] (workspace_gz) StdoutLine: {'line': b'-- Installing: /home/aliomac/garp-test/install/workspace_gz/share/workspace_gz//models/roboboat/sensors/camera/materials/textures/camera.png\n'}
[40.467202] (workspace_gz) StdoutLine: {'line': b'-- Installing: /home/aliomac/garp-test/install/workspace_gz/share/workspace_gz//models/roboboat/sensors/camera/materials/textures/camera_normal.png\n'}
[40.467300] (workspace_gz) StdoutLine: {'line': b'-- Installing: /home/aliomac/garp-test/install/workspace_gz/share/workspace_gz//models/roboboat/sensors/camera/materials/textures/camera_roughness.png\n'}
[40.467460] (workspace_gz) StdoutLine: {'line': b'-- Installing: /home/aliomac/garp-test/install/workspace_gz/share/workspace_gz//models/roboboat/sensors/camera/meshes\n'}
[40.467575] (workspace_gz) StdoutLine: {'line': b'-- Installing: /home/aliomac/garp-test/install/workspace_gz/share/workspace_gz//models/roboboat/sensors/camera/meshes/camera_albedo.png\n'}
[40.467677] (workspace_gz) StdoutLine: {'line': b'-- Installing: /home/aliomac/garp-test/install/workspace_gz/share/workspace_gz//models/roboboat/sensors/camera/meshes/camera.dae\n'}
[40.467782] (workspace_gz) StdoutLine: {'line': b'-- Installing: /home/aliomac/garp-test/install/workspace_gz/share/workspace_gz//models/roboboat/sensors/camera_post\n'}
[40.467904] (workspace_gz) StdoutLine: {'line': b'-- Installing: /home/aliomac/garp-test/install/workspace_gz/share/workspace_gz//models/roboboat/sensors/camera_post/materials\n'}
[40.468008] (workspace_gz) StdoutLine: {'line': b'-- Installing: /home/aliomac/garp-test/install/workspace_gz/share/workspace_gz//models/roboboat/sensors/camera_post/materials/textures\n'}
[40.468127] (workspace_gz) StdoutLine: {'line': b'-- Installing: /home/aliomac/garp-test/install/workspace_gz/share/workspace_gz//models/roboboat/sensors/camera_post/materials/textures/post_albedo.png\n'}
[40.468230] (workspace_gz) StdoutLine: {'line': b'-- Installing: /home/aliomac/garp-test/install/workspace_gz/share/workspace_gz//models/roboboat/sensors/camera_post/meshes\n'}
[40.468348] (workspace_gz) StdoutLine: {'line': b'-- Installing: /home/aliomac/garp-test/install/workspace_gz/share/workspace_gz//models/roboboat/sensors/camera_post/meshes/post_albedo.jpg\n'}
[40.468470] (workspace_gz) StdoutLine: {'line': b'-- Installing: /home/aliomac/garp-test/install/workspace_gz/share/workspace_gz//models/roboboat/sensors/camera_post/meshes/post.dae\n'}
[40.468558] (workspace_gz) StdoutLine: {'line': b'-- Installing: /home/aliomac/garp-test/install/workspace_gz/share/workspace_gz//models/roboboat/sensors/drybox\n'}
[40.468631] (workspace_gz) StdoutLine: {'line': b'-- Installing: /home/aliomac/garp-test/install/workspace_gz/share/workspace_gz//models/roboboat/sensors/drybox/materials\n'}
[40.468703] (workspace_gz) StdoutLine: {'line': b'-- Installing: /home/aliomac/garp-test/install/workspace_gz/share/workspace_gz//models/roboboat/sensors/drybox/materials/textures\n'}
[40.468775] (workspace_gz) StdoutLine: {'line': b'-- Installing: /home/aliomac/garp-test/install/workspace_gz/share/workspace_gz//models/roboboat/sensors/drybox/materials/textures/drybox_albedo.png\n'}
[40.471968] (workspace_gz) StdoutLine: {'line': b'-- Installing: /home/aliomac/garp-test/install/workspace_gz/share/workspace_gz//models/roboboat/sensors/drybox/materials/textures/drybox_roughness.png\n'}
[40.477276] (workspace_gz) StdoutLine: {'line': b'-- Installing: /home/aliomac/garp-test/install/workspace_gz/share/workspace_gz//models/roboboat/sensors/drybox/meshes\n'}
[40.477493] (workspace_gz) StdoutLine: {'line': b'-- Installing: /home/aliomac/garp-test/install/workspace_gz/share/workspace_gz//models/roboboat/sensors/drybox/meshes/drybox.dae\n'}
[40.477671] (workspace_gz) StdoutLine: {'line': b'-- Installing: /home/aliomac/garp-test/install/workspace_gz/share/workspace_gz//models/buoys\n'}
[40.477802] (workspace_gz) StdoutLine: {'line': b'-- Installing: /home/aliomac/garp-test/install/workspace_gz/share/workspace_gz//models/buoys/marker_buoy_green\n'}
[40.477899] (workspace_gz) StdoutLine: {'line': b'-- Installing: /home/aliomac/garp-test/install/workspace_gz/share/workspace_gz//models/buoys/marker_buoy_green/model.sdf\n'}
[40.478022] (workspace_gz) StdoutLine: {'line': b'-- Installing: /home/aliomac/garp-test/install/workspace_gz/share/workspace_gz//models/buoys/marker_buoy_green/materials\n'}
[40.478143] (workspace_gz) StdoutLine: {'line': b'-- Installing: /home/aliomac/garp-test/install/workspace_gz/share/workspace_gz//models/buoys/marker_buoy_green/materials/textures\n'}
[40.478221] (workspace_gz) StdoutLine: {'line': b'-- Installing: /home/aliomac/garp-test/install/workspace_gz/share/workspace_gz//models/buoys/marker_buoy_green/materials/textures/MarkerBuoy_Base_Color.png\n'}
[40.478904] (workspace_gz) StdoutLine: {'line': b'-- Installing: /home/aliomac/garp-test/install/workspace_gz/share/workspace_gz//models/buoys/marker_buoy_green/materials/textures/MarkerBuoy_Roughness.png\n'}
[40.479131] (workspace_gz) StdoutLine: {'line': b'-- Installing: /home/aliomac/garp-test/install/workspace_gz/share/workspace_gz//models/buoys/marker_buoy_green/meshes\n'}
[40.479244] (workspace_gz) StdoutLine: {'line': b'-- Installing: /home/aliomac/garp-test/install/workspace_gz/share/workspace_gz//models/buoys/marker_buoy_green/meshes/marker_buoy.dae\n'}
[40.479350] (workspace_gz) StdoutLine: {'line': b'-- Installing: /home/aliomac/garp-test/install/workspace_gz/share/workspace_gz//models/buoys/marker_buoy_green/model.config\n'}
[40.479470] (workspace_gz) StdoutLine: {'line': b'-- Installing: /home/aliomac/garp-test/install/workspace_gz/share/workspace_gz//models/buoys/marker_buoy_black\n'}
[40.479593] (workspace_gz) StdoutLine: {'line': b'-- Installing: /home/aliomac/garp-test/install/workspace_gz/share/workspace_gz//models/buoys/marker_buoy_black/model.sdf\n'}
[40.479700] (workspace_gz) StdoutLine: {'line': b'-- Installing: /home/aliomac/garp-test/install/workspace_gz/share/workspace_gz//models/buoys/marker_buoy_black/materials\n'}
[40.479778] (workspace_gz) StdoutLine: {'line': b'-- Installing: /home/aliomac/garp-test/install/workspace_gz/share/workspace_gz//models/buoys/marker_buoy_black/materials/textures\n'}
[40.479852] (workspace_gz) StdoutLine: {'line': b'-- Installing: /home/aliomac/garp-test/install/workspace_gz/share/workspace_gz//models/buoys/marker_buoy_black/materials/textures/MarkerBuoy_Base_Color.png\n'}
[40.480515] (workspace_gz) StdoutLine: {'line': b'-- Installing: /home/aliomac/garp-test/install/workspace_gz/share/workspace_gz//models/buoys/marker_buoy_black/materials/textures/MarkerBuoy_Roughness.png\n'}
[40.480739] (workspace_gz) StdoutLine: {'line': b'-- Installing: /home/aliomac/garp-test/install/workspace_gz/share/workspace_gz//models/buoys/marker_buoy_black/meshes\n'}
[40.480843] (workspace_gz) StdoutLine: {'line': b'-- Installing: /home/aliomac/garp-test/install/workspace_gz/share/workspace_gz//models/buoys/marker_buoy_black/meshes/marker_buoy.dae\n'}
[40.480947] (workspace_gz) StdoutLine: {'line': b'-- Installing: /home/aliomac/garp-test/install/workspace_gz/share/workspace_gz//models/buoys/marker_buoy_black/model.config\n'}
[40.481068] (workspace_gz) StdoutLine: {'line': b'-- Installing: /home/aliomac/garp-test/install/workspace_gz/share/workspace_gz//models/buoys/round_buoy_orange\n'}
[40.481178] (workspace_gz) StdoutLine: {'line': b'-- Installing: /home/aliomac/garp-test/install/workspace_gz/share/workspace_gz//models/buoys/round_buoy_orange/model.sdf\n'}
[40.481298] (workspace_gz) StdoutLine: {'line': b'-- Installing: /home/aliomac/garp-test/install/workspace_gz/share/workspace_gz//models/buoys/round_buoy_orange/materials\n'}
[40.481416] (workspace_gz) StdoutLine: {'line': b'-- Installing: /home/aliomac/garp-test/install/workspace_gz/share/workspace_gz//models/buoys/round_buoy_orange/materials/textures\n'}
[40.481513] (workspace_gz) StdoutLine: {'line': b'-- Installing: /home/aliomac/garp-test/install/workspace_gz/share/workspace_gz//models/buoys/round_buoy_orange/materials/textures/RoundBarrierBuoy_Roughness.png\n'}
[40.481589] (workspace_gz) StdoutLine: {'line': b'-- Installing: /home/aliomac/garp-test/install/workspace_gz/share/workspace_gz//models/buoys/round_buoy_orange/materials/textures/RoundBarrierBuoy_Base_Color.png\n'}
[40.482507] (workspace_gz) StdoutLine: {'line': b'-- Installing: /home/aliomac/garp-test/install/workspace_gz/share/workspace_gz//models/buoys/round_buoy_orange/meshes\n'}
[40.482622] (workspace_gz) StdoutLine: {'line': b'-- Installing: /home/aliomac/garp-test/install/workspace_gz/share/workspace_gz//models/buoys/round_buoy_orange/meshes/round_buoy.dae\n'}
[40.482740] (workspace_gz) StdoutLine: {'line': b'-- Installing: /home/aliomac/garp-test/install/workspace_gz/share/workspace_gz//models/buoys/round_buoy_orange/model.config\n'}
[40.482860] (workspace_gz) StdoutLine: {'line': b'-- Installing: /home/aliomac/garp-test/install/workspace_gz/share/workspace_gz//models/buoys/marker_buoy_red\n'}
[40.482969] (workspace_gz) StdoutLine: {'line': b'-- Installing: /home/aliomac/garp-test/install/workspace_gz/share/workspace_gz//models/buoys/marker_buoy_red/model.sdf\n'}
[40.483084] (workspace_gz) StdoutLine: {'line': b'-- Installing: /home/aliomac/garp-test/install/workspace_gz/share/workspace_gz//models/buoys/marker_buoy_red/materials\n'}
[40.483162] (workspace_gz) StdoutLine: {'line': b'-- Installing: /home/aliomac/garp-test/install/workspace_gz/share/workspace_gz//models/buoys/marker_buoy_red/materials/textures\n'}
[40.483235] (workspace_gz) StdoutLine: {'line': b'-- Installing: /home/aliomac/garp-test/install/workspace_gz/share/workspace_gz//models/buoys/marker_buoy_red/materials/textures/MarkerBuoy_Base_Color.png\n'}
[40.483911] (workspace_gz) StdoutLine: {'line': b'-- Installing: /home/aliomac/garp-test/install/workspace_gz/share/workspace_gz//models/buoys/marker_buoy_red/materials/textures/MarkerBuoy_Roughness.png\n'}
[40.484110] (workspace_gz) StdoutLine: {'line': b'-- Installing: /home/aliomac/garp-test/install/workspace_gz/share/workspace_gz//models/buoys/marker_buoy_red/meshes\n'}
[40.484220] (workspace_gz) StdoutLine: {'line': b'-- Installing: /home/aliomac/garp-test/install/workspace_gz/share/workspace_gz//models/buoys/marker_buoy_red/meshes/marker_buoy.dae\n'}
[40.484326] (workspace_gz) StdoutLine: {'line': b'-- Installing: /home/aliomac/garp-test/install/workspace_gz/share/workspace_gz//models/buoys/marker_buoy_red/model.config\n'}
[40.484448] (workspace_gz) StdoutLine: {'line': b'-- Installing: /home/aliomac/garp-test/install/workspace_gz/share/workspace_gz//models/buoys/marker_buoy_orange\n'}
[40.484620] (workspace_gz) StdoutLine: {'line': b'-- Installing: /home/aliomac/garp-test/install/workspace_gz/share/workspace_gz//models/buoys/marker_buoy_orange/model.sdf\n'}
[40.484721] (workspace_gz) StdoutLine: {'line': b'-- Installing: /home/aliomac/garp-test/install/workspace_gz/share/workspace_gz//models/buoys/marker_buoy_orange/materials\n'}
[40.484797] (workspace_gz) StdoutLine: {'line': b'-- Installing: /home/aliomac/garp-test/install/workspace_gz/share/workspace_gz//models/buoys/marker_buoy_orange/materials/textures\n'}
[40.484871] (workspace_gz) StdoutLine: {'line': b'-- Installing: /home/aliomac/garp-test/install/workspace_gz/share/workspace_gz//models/buoys/marker_buoy_orange/materials/textures/MarkerBuoy_Base_Color.png\n'}
[40.485493] (workspace_gz) StdoutLine: {'line': b'-- Installing: /home/aliomac/garp-test/install/workspace_gz/share/workspace_gz//models/buoys/marker_buoy_orange/materials/textures/MarkerBuoy_Roughness.png\n'}
[40.485721] (workspace_gz) StdoutLine: {'line': b'-- Installing: /home/aliomac/garp-test/install/workspace_gz/share/workspace_gz//models/buoys/marker_buoy_orange/meshes\n'}
[40.485828] (workspace_gz) StdoutLine: {'line': b'-- Installing: /home/aliomac/garp-test/install/workspace_gz/share/workspace_gz//models/buoys/marker_buoy_orange/meshes/marker_buoy.dae\n'}
[40.485923] (workspace_gz) StdoutLine: {'line': b'-- Installing: /home/aliomac/garp-test/install/workspace_gz/share/workspace_gz//models/buoys/marker_buoy_orange/model.config\n'}
[40.486022] (workspace_gz) StdoutLine: {'line': b'-- Installing: /home/aliomac/garp-test/install/workspace_gz/share/workspace_gz//models/buoys/marker_buoy_yellow\n'}
[40.486118] (workspace_gz) StdoutLine: {'line': b'-- Installing: /home/aliomac/garp-test/install/workspace_gz/share/workspace_gz//models/buoys/marker_buoy_yellow/model.sdf\n'}
[40.486232] (workspace_gz) StdoutLine: {'line': b'-- Installing: /home/aliomac/garp-test/install/workspace_gz/share/workspace_gz//models/buoys/marker_buoy_yellow/materials\n'}
[40.486331] (workspace_gz) StdoutLine: {'line': b'-- Installing: /home/aliomac/garp-test/install/workspace_gz/share/workspace_gz//models/buoys/marker_buoy_yellow/materials/textures\n'}
[40.486404] (workspace_gz) StdoutLine: {'line': b'-- Installing: /home/aliomac/garp-test/install/workspace_gz/share/workspace_gz//models/buoys/marker_buoy_yellow/materials/textures/MarkerBuoy_Base_Color.png\n'}
[40.487118] (workspace_gz) StdoutLine: {'line': b'-- Installing: /home/aliomac/garp-test/install/workspace_gz/share/workspace_gz//models/buoys/marker_buoy_yellow/materials/textures/MarkerBuoy_Roughness.png\n'}
[40.487334] (workspace_gz) StdoutLine: {'line': b'-- Installing: /home/aliomac/garp-test/install/workspace_gz/share/workspace_gz//models/buoys/marker_buoy_yellow/meshes\n'}
[40.487435] (workspace_gz) StdoutLine: {'line': b'-- Installing: /home/aliomac/garp-test/install/workspace_gz/share/workspace_gz//models/buoys/marker_buoy_yellow/meshes/marker_buoy.dae\n'}
[40.487544] (workspace_gz) StdoutLine: {'line': b'-- Installing: /home/aliomac/garp-test/install/workspace_gz/share/workspace_gz//models/buoys/marker_buoy_yellow/model.config\n'}
[40.487659] (workspace_gz) StdoutLine: {'line': b'-- Installing: /home/aliomac/garp-test/install/workspace_gz/share/workspace_gz//worlds\n'}
[40.487756] (workspace_gz) StdoutLine: {'line': b'-- Installing: /home/aliomac/garp-test/install/workspace_gz/share/workspace_gz//worlds/world.sdf\n'}
[40.487866] (workspace_gz) StdoutLine: {'line': b'-- Installing: /home/aliomac/garp-test/install/workspace_gz/share/workspace_gz/environment/library_path.sh\n'}
[40.487993] (workspace_gz) StdoutLine: {'line': b'-- Installing: /home/aliomac/garp-test/install/workspace_gz/share/workspace_gz/environment/library_path.dsv\n'}
[40.488168] (workspace_gz) StdoutLine: {'line': b'-- Installing: /home/aliomac/garp-test/install/workspace_gz/share/ament_index/resource_index/package_run_dependencies/workspace_gz\n'}
[40.488317] (workspace_gz) StdoutLine: {'line': b'-- Installing: /home/aliomac/garp-test/install/workspace_gz/share/ament_index/resource_index/parent_prefix_path/workspace_gz\n'}
[40.488428] (workspace_gz) StdoutLine: {'line': b'-- Installing: /home/aliomac/garp-test/install/workspace_gz/share/workspace_gz/environment/ament_prefix_path.sh\n'}
[40.488546] (workspace_gz) StdoutLine: {'line': b'-- Installing: /home/aliomac/garp-test/install/workspace_gz/share/workspace_gz/environment/ament_prefix_path.dsv\n'}
[40.488658] (workspace_gz) StdoutLine: {'line': b'-- Installing: /home/aliomac/garp-test/install/workspace_gz/share/workspace_gz/environment/path.sh\n'}
[40.488770] (workspace_gz) StdoutLine: {'line': b'-- Installing: /home/aliomac/garp-test/install/workspace_gz/share/workspace_gz/environment/path.dsv\n'}
[40.488877] (workspace_gz) StdoutLine: {'line': b'-- Installing: /home/aliomac/garp-test/install/workspace_gz/share/workspace_gz/local_setup.bash\n'}
[40.488985] (workspace_gz) StdoutLine: {'line': b'-- Installing: /home/aliomac/garp-test/install/workspace_gz/share/workspace_gz/local_setup.sh\n'}
[40.489101] (workspace_gz) StdoutLine: {'line': b'-- Installing: /home/aliomac/garp-test/install/workspace_gz/share/workspace_gz/local_setup.zsh\n'}
[40.489208] (workspace_gz) StdoutLine: {'line': b'-- Installing: /home/aliomac/garp-test/install/workspace_gz/share/workspace_gz/local_setup.dsv\n'}
[40.489312] (workspace_gz) StdoutLine: {'line': b'-- Installing: /home/aliomac/garp-test/install/workspace_gz/share/workspace_gz/package.dsv\n'}
[40.489449] (workspace_gz) StdoutLine: {'line': b'-- Installing: /home/aliomac/garp-test/install/workspace_gz/share/ament_index/resource_index/packages/workspace_gz\n'}
[40.489600] (workspace_gz) StdoutLine: {'line': b'-- Installing: /home/aliomac/garp-test/install/workspace_gz/share/workspace_gz/cmake/ament_cmake_export_libraries-extras.cmake\n'}
[40.489733] (workspace_gz) StdoutLine: {'line': b'-- Installing: /home/aliomac/garp-test/install/workspace_gz/share/workspace_gz/cmake/ament_cmake_export_dependencies-extras.cmake\n'}
[40.489856] (workspace_gz) StdoutLine: {'line': b'-- Installing: /home/aliomac/garp-test/install/workspace_gz/share/workspace_gz/cmake/workspace_gzConfig.cmake\n'}
[40.489953] (workspace_gz) StdoutLine: {'line': b'-- Installing: /home/aliomac/garp-test/install/workspace_gz/share/workspace_gz/cmake/workspace_gzConfig-version.cmake\n'}
[40.490060] (workspace_gz) StdoutLine: {'line': b'-- Installing: /home/aliomac/garp-test/install/workspace_gz/share/workspace_gz/package.xml\n'}
[40.491775] (workspace_gz) CommandEnded: {'returncode': 0}
[40.508079] (workspace_gz) JobEnded: {'identifier': 'workspace_gz', 'rc': 0}
[40.508739] (-) EventReactorShutdown: {}
