[0.000000] (-) TimerEvent: {}
[0.002647] (kiss_icp) JobQueued: {'identifier': 'kiss_icp', 'dependencies': OrderedDict()}
[0.003192] (workspace_gz) JobQueued: {'identifier': 'workspace_gz', 'dependencies': OrderedDict()}
[0.003541] (workspace_nav) JobQueued: {'identifier': 'workspace_nav', 'dependencies': OrderedDict()}
[0.003774] (workspace_ros) JobQueued: {'identifier': 'workspace_ros', 'dependencies': OrderedDict()}
[0.003852] (kiss_icp) JobStarted: {'identifier': 'kiss_icp'}
[0.053781] (workspace_gz) JobStarted: {'identifier': 'workspace_gz'}
[0.086696] (workspace_nav) JobStarted: {'identifier': 'workspace_nav'}
[0.097422] (-) TimerEvent: {}
[0.135415] (workspace_ros) JobStarted: {'identifier': 'workspace_ros'}
[0.185550] (kiss_icp) JobProgress: {'identifier': 'kiss_icp', 'progress': 'cmake'}
[0.189939] (kiss_icp) Command: {'cmd': ['/usr/bin/cmake', '/home/aliomacc/sti_usv/src/kiss_icp/ros', '-DCMAKE_BUILD_TYPE=Release', '-DAMENT_CMAKE_SYMLINK_INSTALL=1', '-DCMAKE_INSTALL_PREFIX=/home/aliomacc/sti_usv/install/kiss_icp'], 'cwd': '/home/aliomacc/sti_usv/build/kiss_icp', 'env': OrderedDict([('GJS_DEBUG_TOPICS', 'JS ERROR;JS LOG'), ('LESSOPEN', '| /usr/bin/lesspipe %s'), ('USER', 'aliomacc'), ('XDG_SESSION_TYPE', 'x11'), ('GIT_ASKPASS', '/usr/share/antigravity/resources/app/extensions/git/dist/askpass.sh'), ('SHLVL', '2'), ('LD_LIBRARY_PATH', '/home/aliomacc/ros2_ws/install/my_robot_interfaces/lib:/opt/ros/humble/opt/rviz_ogre_vendor/lib:/opt/ros/humble/lib/x86_64-linux-gnu:/opt/ros/humble/lib'), ('ANTIGRAVITY_CLI_ALIAS', 'agy'), ('HOME', '/home/aliomacc'), ('CHROME_DESKTOP', 'antigravity.desktop'), ('OLDPWD', '/home/aliomacc/sti_usv/src'), ('TERM_PROGRAM_VERSION', '1.107.0'), ('DESKTOP_SESSION', 'ubuntu-xorg'), ('GIO_LAUNCHED_DESKTOP_FILE', '/usr/share/applications/terminator.desktop'), ('ROS_PYTHON_VERSION', '3'), ('GNOME_SHELL_SESSION_MODE', 'ubuntu'), ('GTK_MODULES', 'gail:atk-bridge'), ('PAGER', 'cat'), ('VSCODE_GIT_ASKPASS_MAIN', '/usr/share/antigravity/resources/app/extensions/git/dist/askpass-main.js'), ('VSCODE_GIT_ASKPASS_NODE', '/usr/share/antigravity/antigravity'), ('MANAGERPID', '1107'), ('SYSTEMD_EXEC_PID', '1513'), ('VSCODE_PYTHON_AUTOACTIVATE_GUARD', '1'), ('DBUS_SESSION_BUS_ADDRESS', 'unix:path=/run/user/1000/bus'), ('COLORTERM', 'truecolor'), ('TERMINATOR_DBUS_NAME', 'net.tenshu.Terminator21a9d5db22c73a993ff0b42f64b396873'), ('ANTIGRAVITY_AGENT', '1'), ('GIO_LAUNCHED_DESKTOP_FILE_PID', '3247'), ('COLCON_PREFIX_PATH', '/home/aliomacc/turtlebot3_ws/install:/home/aliomacc/ros2_ws/install'), ('ROS_DISTRO', 'humble'), ('GTK_IM_MODULE', 'ibus'), ('LOGNAME', 'aliomacc'), ('JOURNAL_STREAM', '8:12760'), ('_', '/usr/bin/colcon'), ('ROS_VERSION', '2'), ('XDG_SESSION_CLASS', 'user'), ('USERNAME', 'aliomacc'), ('TERM', 'xterm-256color'), ('GNOME_DESKTOP_SESSION_ID', 'this-is-deprecated'), ('FC_FONTATIONS', '1'), ('ROS_LOCALHOST_ONLY', '0'), ('WINDOWPATH', '2'), ('PATH', '/home/aliomacc/.local/bin:/home/aliomacc/.local/bin:/opt/ros/humble/bin:/home/aliomacc/.local/bin:/usr/local/sbin:/usr/local/bin:/usr/sbin:/usr/bin:/sbin:/bin:/usr/games:/usr/local/games:/snap/bin:/snap/bin'), ('SESSION_MANAGER', 'local/aliomacc-Nitro-AN515-55:@/tmp/.ICE-unix/1486,unix/aliomacc-Nitro-AN515-55:/tmp/.ICE-unix/1486'), ('INVOCATION_ID', '2ac0e07445ff4cff8e4472503a387641'), ('XDG_MENU_PREFIX', 'gnome-'), ('XDG_RUNTIME_DIR', '/run/user/1000'), ('GDK_BACKEND', 'x11'), ('DISPLAY', ':0'), ('TERMINATOR_DBUS_PATH', '/net/tenshu/Terminator2'), ('LANG', 'tr_TR.UTF-8'), ('XDG_CURRENT_DESKTOP', 'ubuntu:GNOME'), ('IBUS_DISABLE_SNOOPER', '1'), ('XMODIFIERS', '@im=ibus'), ('XDG_SESSION_DESKTOP', 'ubuntu-xorg'), ('XAUTHORITY', '/run/user/1000/gdm/Xauthority'), ('LS_COLORS', 'rs=0:di=01;34:ln=01;36:mh=00:pi=40;33:so=01;35:do=01;35:bd=40;33;01:cd=40;33;01:or=40;31;01:mi=00:su=37;41:sg=30;43:ca=30;41:tw=30;42:ow=34;42:st=37;44:ex=01;32:*.tar=01;31:*.tgz=01;31:*.arc=01;31:*.arj=01;31:*.taz=01;31:*.lha=01;31:*.lz4=01;31:*.lzh=01;31:*.lzma=01;31:*.tlz=01;31:*.txz=01;31:*.tzo=01;31:*.t7z=01;31:*.zip=01;31:*.z=01;31:*.dz=01;31:*.gz=01;31:*.lrz=01;31:*.lz=01;31:*.lzo=01;31:*.xz=01;31:*.zst=01;31:*.tzst=01;31:*.bz2=01;31:*.bz=01;31:*.tbz=01;31:*.tbz2=01;31:*.tz=01;31:*.deb=01;31:*.rpm=01;31:*.jar=01;31:*.war=01;31:*.ear=01;31:*.sar=01;31:*.rar=01;31:*.alz=01;31:*.ace=01;31:*.zoo=01;31:*.cpio=01;31:*.7z=01;31:*.rz=01;31:*.cab=01;31:*.wim=01;31:*.swm=01;31:*.dwm=01;31:*.esd=01;31:*.jpg=01;35:*.jpeg=01;35:*.mjpg=01;35:*.mjpeg=01;35:*.gif=01;35:*.bmp=01;35:*.pbm=01;35:*.pgm=01;35:*.ppm=01;35:*.tga=01;35:*.xbm=01;35:*.xpm=01;35:*.tif=01;35:*.tiff=01;35:*.png=01;35:*.svg=01;35:*.svgz=01;35:*.mng=01;35:*.pcx=01;35:*.mov=01;35:*.mpg=01;35:*.mpeg=01;35:*.m2v=01;35:*.mkv=01;35:*.webm=01;35:*.webp=01;35:*.ogm=01;35:*.mp4=01;35:*.m4v=01;35:*.mp4v=01;35:*.vob=01;35:*.qt=01;35:*.nuv=01;35:*.wmv=01;35:*.asf=01;35:*.rm=01;35:*.rmvb=01;35:*.flc=01;35:*.avi=01;35:*.fli=01;35:*.flv=01;35:*.gl=01;35:*.dl=01;35:*.xcf=01;35:*.xwd=01;35:*.yuv=01;35:*.cgm=01;35:*.emf=01;35:*.ogv=01;35:*.ogx=01;35:*.aac=00;36:*.au=00;36:*.flac=00;36:*.m4a=00;36:*.mid=00;36:*.midi=00;36:*.mka=00;36:*.mp3=00;36:*.mpc=00;36:*.ogg=00;36:*.ra=00;36:*.wav=00;36:*.oga=00;36:*.opus=00;36:*.spx=00;36:*.xspf=00;36:'), ('VSCODE_GIT_IPC_HANDLE', '/run/user/1000/vscode-git-c5327147f8.sock'), ('TERM_PROGRAM', 'vscode'), ('SSH_AGENT_LAUNCHER', 'gnome-keyring'), ('SSH_AUTH_SOCK', '/run/user/1000/keyring/ssh'), ('AMENT_PREFIX_PATH', '/home/aliomacc/turtlebot3_ws/install/turtlebot3_simulations:/home/aliomacc/turtlebot3_ws/install/turtlebot3_manipulation_gazebo:/home/aliomacc/turtlebot3_ws/install/turtlebot3_gazebo:/home/aliomacc/turtlebot3_ws/install/turtlebot3_fake_node:/home/aliomacc/ros2_ws/install/actions_py:/home/aliomacc/ros2_ws/install/my_robot_interfaces:/home/aliomacc/ros2_ws/install/my_robot_description:/home/aliomacc/ros2_ws/install/my_robot_bringup:/home/aliomacc/ros2_ws/install/lifecycle_py:/home/aliomacc/ros2_ws/install/lifecycle_cpp:/opt/ros/humble'), ('SHELL', '/bin/bash'), ('TERMINATOR_UUID', 'urn:uuid:e17eb614-94fe-45ad-b942-6e10beee66f6'), ('QT_ACCESSIBILITY', '1'), ('GDMSESSION', 'ubuntu-xorg'), ('LESSCLOSE', '/usr/bin/lesspipe %s %s'), ('GPG_AGENT_INFO', '/run/user/1000/gnupg/S.gpg-agent:0:1'), ('GJS_DEBUG_OUTPUT', 'stderr'), ('VSCODE_GIT_ASKPASS_EXTRA_ARGS', ''), ('QT_IM_MODULE', 'ibus'), ('PWD', '/home/aliomacc/sti_usv/build/kiss_icp'), ('TURTLEBOT3_MODEL', 'waffle'), ('XDG_CONFIG_DIRS', '/etc/xdg/xdg-ubuntu-xorg:/etc/xdg'), ('XDG_DATA_DIRS', '/usr/share/ubuntu-xorg:/usr/share/gnome:/home/aliomacc/.local/share/flatpak/exports/share:/var/lib/flatpak/exports/share:/usr/local/share/:/usr/share/:/var/lib/snapd/desktop'), ('PYTHONPATH', '/home/aliomacc/ros2_ws/install/actions_py/lib/python3.10/site-packages:/home/aliomacc/ros2_ws/install/my_robot_interfaces/local/lib/python3.10/dist-packages:/home/aliomacc/ros2_ws/install/lifecycle_py/lib/python3.10/site-packages:/opt/ros/humble/lib/python3.10/site-packages:/opt/ros/humble/local/lib/python3.10/dist-packages'), ('COLCON', '1'), ('VTE_VERSION', '6800'), ('CMAKE_PREFIX_PATH', '/home/aliomacc/turtlebot3_ws/install/turtlebot3_simulations:/home/aliomacc/turtlebot3_ws/install/turtlebot3_manipulation_gazebo:/home/aliomacc/turtlebot3_ws/install/turtlebot3_gazebo:/home/aliomacc/turtlebot3_ws/install/turtlebot3_fake_node:/home/aliomacc/ros2_ws/install/my_robot_interfaces:/home/aliomacc/ros2_ws/install/my_robot_description:/home/aliomacc/ros2_ws/install/my_robot_bringup:/home/aliomacc/ros2_ws/install/lifecycle_cpp:/home/aliomacc/ros2_ws/install/actions_py:/home/aliomacc/ros2_ws/install/lifecycle_py:/opt/ros/humble')]), 'shell': False}
[0.198712] (-) TimerEvent: {}
[0.209456] (workspace_gz) JobProgress: {'identifier': 'workspace_gz', 'progress': 'cmake'}
[0.219883] (workspace_gz) Command: {'cmd': ['/usr/bin/cmake', '/home/aliomacc/sti_usv/src/usv_sim/workspace_gz', '-DCMAKE_BUILD_TYPE=Release', '-DAMENT_CMAKE_SYMLINK_INSTALL=1', '-DCMAKE_INSTALL_PREFIX=/home/aliomacc/sti_usv/install/workspace_gz'], 'cwd': '/home/aliomacc/sti_usv/build/workspace_gz', 'env': OrderedDict([('GJS_DEBUG_TOPICS', 'JS ERROR;JS LOG'), ('LESSOPEN', '| /usr/bin/lesspipe %s'), ('USER', 'aliomacc'), ('XDG_SESSION_TYPE', 'x11'), ('GIT_ASKPASS', '/usr/share/antigravity/resources/app/extensions/git/dist/askpass.sh'), ('SHLVL', '2'), ('LD_LIBRARY_PATH', '/home/aliomacc/ros2_ws/install/my_robot_interfaces/lib:/opt/ros/humble/opt/rviz_ogre_vendor/lib:/opt/ros/humble/lib/x86_64-linux-gnu:/opt/ros/humble/lib'), ('ANTIGRAVITY_CLI_ALIAS', 'agy'), ('HOME', '/home/aliomacc'), ('CHROME_DESKTOP', 'antigravity.desktop'), ('OLDPWD', '/home/aliomacc/sti_usv/src'), ('TERM_PROGRAM_VERSION', '1.107.0'), ('DESKTOP_SESSION', 'ubuntu-xorg'), ('GIO_LAUNCHED_DESKTOP_FILE', '/usr/share/applications/terminator.desktop'), ('ROS_PYTHON_VERSION', '3'), ('GNOME_SHELL_SESSION_MODE', 'ubuntu'), ('GTK_MODULES', 'gail:atk-bridge'), ('PAGER', 'cat'), ('VSCODE_GIT_ASKPASS_MAIN', '/usr/share/antigravity/resources/app/extensions/git/dist/askpass-main.js'), ('VSCODE_GIT_ASKPASS_NODE', '/usr/share/antigravity/antigravity'), ('MANAGERPID', '1107'), ('SYSTEMD_EXEC_PID', '1513'), ('VSCODE_PYTHON_AUTOACTIVATE_GUARD', '1'), ('DBUS_SESSION_BUS_ADDRESS', 'unix:path=/run/user/1000/bus'), ('COLORTERM', 'truecolor'), ('TERMINATOR_DBUS_NAME', 'net.tenshu.Terminator21a9d5db22c73a993ff0b42f64b396873'), ('ANTIGRAVITY_AGENT', '1'), ('GIO_LAUNCHED_DESKTOP_FILE_PID', '3247'), ('COLCON_PREFIX_PATH', '/home/aliomacc/turtlebot3_ws/install:/home/aliomacc/ros2_ws/install'), ('ROS_DISTRO', 'humble'), ('GTK_IM_MODULE', 'ibus'), ('LOGNAME', 'aliomacc'), ('JOURNAL_STREAM', '8:12760'), ('_', '/usr/bin/colcon'), ('ROS_VERSION', '2'), ('XDG_SESSION_CLASS', 'user'), ('USERNAME', 'aliomacc'), ('TERM', 'xterm-256color'), ('GNOME_DESKTOP_SESSION_ID', 'this-is-deprecated'), ('FC_FONTATIONS', '1'), ('ROS_LOCALHOST_ONLY', '0'), ('WINDOWPATH', '2'), ('PATH', '/home/aliomacc/.local/bin:/home/aliomacc/.local/bin:/opt/ros/humble/bin:/home/aliomacc/.local/bin:/usr/local/sbin:/usr/local/bin:/usr/sbin:/usr/bin:/sbin:/bin:/usr/games:/usr/local/games:/snap/bin:/snap/bin'), ('SESSION_MANAGER', 'local/aliomacc-Nitro-AN515-55:@/tmp/.ICE-unix/1486,unix/aliomacc-Nitro-AN515-55:/tmp/.ICE-unix/1486'), ('INVOCATION_ID', '2ac0e07445ff4cff8e4472503a387641'), ('XDG_MENU_PREFIX', 'gnome-'), ('XDG_RUNTIME_DIR', '/run/user/1000'), ('GDK_BACKEND', 'x11'), ('DISPLAY', ':0'), ('TERMINATOR_DBUS_PATH', '/net/tenshu/Terminator2'), ('LANG', 'tr_TR.UTF-8'), ('XDG_CURRENT_DESKTOP', 'ubuntu:GNOME'), ('IBUS_DISABLE_SNOOPER', '1'), ('XMODIFIERS', '@im=ibus'), ('XDG_SESSION_DESKTOP', 'ubuntu-xorg'), ('XAUTHORITY', '/run/user/1000/gdm/Xauthority'), ('LS_COLORS', 'rs=0:di=01;34:ln=01;36:mh=00:pi=40;33:so=01;35:do=01;35:bd=40;33;01:cd=40;33;01:or=40;31;01:mi=00:su=37;41:sg=30;43:ca=30;41:tw=30;42:ow=34;42:st=37;44:ex=01;32:*.tar=01;31:*.tgz=01;31:*.arc=01;31:*.arj=01;31:*.taz=01;31:*.lha=01;31:*.lz4=01;31:*.lzh=01;31:*.lzma=01;31:*.tlz=01;31:*.txz=01;31:*.tzo=01;31:*.t7z=01;31:*.zip=01;31:*.z=01;31:*.dz=01;31:*.gz=01;31:*.lrz=01;31:*.lz=01;31:*.lzo=01;31:*.xz=01;31:*.zst=01;31:*.tzst=01;31:*.bz2=01;31:*.bz=01;31:*.tbz=01;31:*.tbz2=01;31:*.tz=01;31:*.deb=01;31:*.rpm=01;31:*.jar=01;31:*.war=01;31:*.ear=01;31:*.sar=01;31:*.rar=01;31:*.alz=01;31:*.ace=01;31:*.zoo=01;31:*.cpio=01;31:*.7z=01;31:*.rz=01;31:*.cab=01;31:*.wim=01;31:*.swm=01;31:*.dwm=01;31:*.esd=01;31:*.jpg=01;35:*.jpeg=01;35:*.mjpg=01;35:*.mjpeg=01;35:*.gif=01;35:*.bmp=01;35:*.pbm=01;35:*.pgm=01;35:*.ppm=01;35:*.tga=01;35:*.xbm=01;35:*.xpm=01;35:*.tif=01;35:*.tiff=01;35:*.png=01;35:*.svg=01;35:*.svgz=01;35:*.mng=01;35:*.pcx=01;35:*.mov=01;35:*.mpg=01;35:*.mpeg=01;35:*.m2v=01;35:*.mkv=01;35:*.webm=01;35:*.webp=01;35:*.ogm=01;35:*.mp4=01;35:*.m4v=01;35:*.mp4v=01;35:*.vob=01;35:*.qt=01;35:*.nuv=01;35:*.wmv=01;35:*.asf=01;35:*.rm=01;35:*.rmvb=01;35:*.flc=01;35:*.avi=01;35:*.fli=01;35:*.flv=01;35:*.gl=01;35:*.dl=01;35:*.xcf=01;35:*.xwd=01;35:*.yuv=01;35:*.cgm=01;35:*.emf=01;35:*.ogv=01;35:*.ogx=01;35:*.aac=00;36:*.au=00;36:*.flac=00;36:*.m4a=00;36:*.mid=00;36:*.midi=00;36:*.mka=00;36:*.mp3=00;36:*.mpc=00;36:*.ogg=00;36:*.ra=00;36:*.wav=00;36:*.oga=00;36:*.opus=00;36:*.spx=00;36:*.xspf=00;36:'), ('VSCODE_GIT_IPC_HANDLE', '/run/user/1000/vscode-git-c5327147f8.sock'), ('TERM_PROGRAM', 'vscode'), ('SSH_AGENT_LAUNCHER', 'gnome-keyring'), ('SSH_AUTH_SOCK', '/run/user/1000/keyring/ssh'), ('AMENT_PREFIX_PATH', '/home/aliomacc/turtlebot3_ws/install/turtlebot3_simulations:/home/aliomacc/turtlebot3_ws/install/turtlebot3_manipulation_gazebo:/home/aliomacc/turtlebot3_ws/install/turtlebot3_gazebo:/home/aliomacc/turtlebot3_ws/install/turtlebot3_fake_node:/home/aliomacc/ros2_ws/install/actions_py:/home/aliomacc/ros2_ws/install/my_robot_interfaces:/home/aliomacc/ros2_ws/install/my_robot_description:/home/aliomacc/ros2_ws/install/my_robot_bringup:/home/aliomacc/ros2_ws/install/lifecycle_py:/home/aliomacc/ros2_ws/install/lifecycle_cpp:/opt/ros/humble'), ('SHELL', '/bin/bash'), ('TERMINATOR_UUID', 'urn:uuid:e17eb614-94fe-45ad-b942-6e10beee66f6'), ('QT_ACCESSIBILITY', '1'), ('GDMSESSION', 'ubuntu-xorg'), ('LESSCLOSE', '/usr/bin/lesspipe %s %s'), ('GPG_AGENT_INFO', '/run/user/1000/gnupg/S.gpg-agent:0:1'), ('GJS_DEBUG_OUTPUT', 'stderr'), ('VSCODE_GIT_ASKPASS_EXTRA_ARGS', ''), ('QT_IM_MODULE', 'ibus'), ('PWD', '/home/aliomacc/sti_usv/build/workspace_gz'), ('TURTLEBOT3_MODEL', 'waffle'), ('XDG_CONFIG_DIRS', '/etc/xdg/xdg-ubuntu-xorg:/etc/xdg'), ('XDG_DATA_DIRS', '/usr/share/ubuntu-xorg:/usr/share/gnome:/home/aliomacc/.local/share/flatpak/exports/share:/var/lib/flatpak/exports/share:/usr/local/share/:/usr/share/:/var/lib/snapd/desktop'), ('PYTHONPATH', '/home/aliomacc/ros2_ws/install/actions_py/lib/python3.10/site-packages:/home/aliomacc/ros2_ws/install/my_robot_interfaces/local/lib/python3.10/dist-packages:/home/aliomacc/ros2_ws/install/lifecycle_py/lib/python3.10/site-packages:/opt/ros/humble/lib/python3.10/site-packages:/opt/ros/humble/local/lib/python3.10/dist-packages'), ('COLCON', '1'), ('VTE_VERSION', '6800'), ('CMAKE_PREFIX_PATH', '/home/aliomacc/turtlebot3_ws/install/turtlebot3_simulations:/home/aliomacc/turtlebot3_ws/install/turtlebot3_manipulation_gazebo:/home/aliomacc/turtlebot3_ws/install/turtlebot3_gazebo:/home/aliomacc/turtlebot3_ws/install/turtlebot3_fake_node:/home/aliomacc/ros2_ws/install/my_robot_interfaces:/home/aliomacc/ros2_ws/install/my_robot_description:/home/aliomacc/ros2_ws/install/my_robot_bringup:/home/aliomacc/ros2_ws/install/lifecycle_cpp:/home/aliomacc/ros2_ws/install/actions_py:/home/aliomacc/ros2_ws/install/lifecycle_py:/opt/ros/humble')]), 'shell': False}
[0.299641] (-) TimerEvent: {}
[0.400740] (-) TimerEvent: {}
[0.502677] (-) TimerEvent: {}
[0.604097] (-) TimerEvent: {}
[0.705152] (-) TimerEvent: {}
[0.807818] (-) TimerEvent: {}
[0.911553] (-) TimerEvent: {}
[1.014549] (-) TimerEvent: {}
[1.122610] (-) TimerEvent: {}
[1.225211] (-) TimerEvent: {}
[1.326181] (-) TimerEvent: {}
[1.431331] (-) TimerEvent: {}
[1.532688] (-) TimerEvent: {}
[1.634531] (-) TimerEvent: {}
[1.736162] (-) TimerEvent: {}
[1.837493] (-) TimerEvent: {}
[1.942785] (-) TimerEvent: {}
[2.047164] (-) TimerEvent: {}
[2.148139] (-) TimerEvent: {}
[2.249134] (-) TimerEvent: {}
[2.347464] (kiss_icp) StdoutLine: {'line': b'-- The CXX compiler identification is GNU 11.4.0\n'}
[2.351013] (-) TimerEvent: {}
[2.352160] (kiss_icp) StdoutLine: {'line': b'-- Detecting CXX compiler ABI info\n'}
[2.352830] (kiss_icp) StdoutLine: {'line': b'-- Detecting CXX compiler ABI info - done\n'}
[2.353366] (kiss_icp) StdoutLine: {'line': b'-- Check for working CXX compiler: /usr/bin/c++ - skipped\n'}
[2.353850] (kiss_icp) StdoutLine: {'line': b'-- Detecting CXX compile features\n'}
[2.354264] (kiss_icp) StdoutLine: {'line': b'-- Detecting CXX compile features - done\n'}
[2.354684] (workspace_gz) StdoutLine: {'line': b'-- Found ament_cmake: 1.3.12 (/opt/ros/humble/share/ament_cmake/cmake)\n'}
[2.355227] (workspace_gz) StdoutLine: {'line': b'-- Override CMake install command with custom implementation using symlinks instead of copying resources\n'}
[2.355838] (workspace_gz) StdoutLine: {'line': b'-- Looking for ignition-gazebo6 -- found version 6.17.1\n'}
[2.359918] (workspace_gz) StdoutLine: {'line': b'-- Searching for dependencies of ignition-gazebo6\n'}
[2.360396] (workspace_gz) StdoutLine: {'line': b'-- Looking for sdformat12 -- found version 12.9.0\n'}
[2.360821] (workspace_gz) StdoutLine: {'line': b'-- Searching for dependencies of sdformat12\n'}
[2.361277] (workspace_gz) StdoutLine: {'line': b"-- Checking for module 'tinyxml2'\n"}
[2.361752] (workspace_gz) StdoutLine: {'line': b'--   Found tinyxml2, version 9.0.0\n'}
[2.362142] (workspace_gz) StdoutLine: {'line': b'-- Looking for ignition-math6 -- found version 6.15.1\n'}
[2.362566] (workspace_gz) StdoutLine: {'line': b'-- Searching for dependencies of ignition-math6\n'}
[2.362984] (workspace_gz) StdoutLine: {'line': b'-- Looking for ignition-utils1 -- found version 1.5.1\n'}
[2.363637] (workspace_gz) StdoutLine: {'line': b'-- Searching for dependencies of ignition-utils1\n'}
[2.364090] (workspace_gz) StdoutLine: {'line': b'-- Looking for ignition-plugin1 -- found version 1.4.0\n'}
[2.364524] (workspace_gz) StdoutLine: {'line': b'-- Searching for dependencies of ignition-plugin1\n'}
[2.364913] (workspace_gz) StdoutLine: {'line': b'-- Searching for <ignition-plugin1> component [loader]\n'}
[2.365381] (workspace_gz) StdoutLine: {'line': b'-- Looking for ignition-plugin1-loader -- found version 1.4.0\n'}
[2.366472] (workspace_gz) StdoutLine: {'line': b'-- Searching for dependencies of ignition-plugin1-loader\n'}
[2.366878] (workspace_gz) StdoutLine: {'line': b'-- Searching for <ignition-plugin1> component [register]\n'}
[2.367225] (workspace_gz) StdoutLine: {'line': b'-- Looking for ignition-plugin1-register -- found version 1.4.0\n'}
[2.367623] (workspace_gz) StdoutLine: {'line': b'-- Searching for dependencies of ignition-plugin1-register\n'}
[2.367971] (workspace_gz) StdoutLine: {'line': b'-- Looking for ignition-transport11 -- found version 11.4.2\n'}
[2.368408] (workspace_gz) StdoutLine: {'line': b'-- Searching for dependencies of ignition-transport11\n'}
[2.368842] (workspace_gz) StdoutLine: {'line': b'-- Config-file not installed for ZeroMQ -- checking for pkg-config\n'}
[2.369264] (workspace_gz) StdoutLine: {'line': b"-- Checking for module 'libzmq >= 4'\n"}
[2.369692] (workspace_gz) StdoutLine: {'line': b'--   Found libzmq , version 4.3.4\n'}
[2.370072] (workspace_gz) StdoutLine: {'line': b"-- Checking for module 'uuid'\n"}
[2.370481] (workspace_gz) StdoutLine: {'line': b'--   Found uuid, version 2.37.2\n'}
[2.451230] (-) TimerEvent: {}
[2.467006] (workspace_gz) StdoutLine: {'line': b'-- Looking for ignition-utils1 -- found version 1.5.1\n'}
[2.469439] (workspace_gz) StdoutLine: {'line': b'-- Searching for dependencies of ignition-utils1\n'}
[2.470434] (workspace_gz) StdoutLine: {'line': b'-- Searching for <ignition-utils1> component [cli]\n'}
[2.473182] (workspace_gz) StdoutLine: {'line': b'-- Looking for ignition-utils1-cli -- found version 1.5.1\n'}
[2.475539] (workspace_gz) StdoutLine: {'line': b'-- Searching for dependencies of ignition-utils1-cli\n'}
[2.481132] (workspace_gz) StdoutLine: {'line': b'-- Looking for ignition-msgs8 -- found version 8.7.0\n'}
[2.484025] (workspace_gz) StdoutLine: {'line': b'-- Searching for dependencies of ignition-msgs8\n'}
[2.551433] (-) TimerEvent: {}
[2.583586] (workspace_gz) StdoutLine: {'line': b'-- Found Protobuf: /usr/lib/x86_64-linux-gnu/libprotobuf.so (found suitable version "3.12.4", minimum required is "3") \n'}
[2.589035] (workspace_gz) StdoutLine: {'line': b'-- Looking for ignition-math6 -- found version 6.15.1\n'}
[2.651643] (-) TimerEvent: {}
[2.722913] (workspace_gz) StdoutLine: {'line': b'-- Searching for <ignition-transport11> component [log]\n'}
[2.726051] (workspace_gz) StdoutLine: {'line': b'-- Looking for ignition-transport11-log -- found version 11.4.2\n'}
[2.728703] (workspace_gz) StdoutLine: {'line': b'-- Searching for dependencies of ignition-transport11-log\n'}
[2.731962] (workspace_gz) StdoutLine: {'line': b'-- Searching for <ignition-transport11> component [parameters]\n'}
[2.735077] (workspace_gz) StdoutLine: {'line': b'-- Looking for ignition-transport11-parameters -- found version 11.4.2\n'}
[2.737727] (workspace_gz) StdoutLine: {'line': b'-- Searching for dependencies of ignition-transport11-parameters\n'}
[2.742623] (workspace_gz) StdoutLine: {'line': b'-- Looking for ignition-msgs8 -- found version 8.7.0\n'}
[2.745659] (workspace_gz) StdoutLine: {'line': b'-- Looking for ignition-common4 -- found version 4.8.0\n'}
[2.748420] (workspace_gz) StdoutLine: {'line': b'-- Searching for dependencies of ignition-common4\n'}
[2.750230] (workspace_gz) StdoutLine: {'line': b'-- Looking for dlfcn.h - found\n'}
[2.750786] (workspace_gz) StdoutLine: {'line': b'-- Looking for libdl - found\n'}
[2.751892] (-) TimerEvent: {}
[2.797123] (workspace_gz) StdoutLine: {'line': b'-- Searching for <ignition-common4> component [profiler]\n'}
[2.800428] (workspace_gz) StdoutLine: {'line': b'-- Looking for ignition-common4-profiler -- found version 4.8.0\n'}
[2.803869] (workspace_gz) StdoutLine: {'line': b'-- Searching for dependencies of ignition-common4-profiler\n'}
[2.807123] (workspace_gz) StdoutLine: {'line': b'-- Searching for <ignition-common4> component [events]\n'}
[2.812310] (workspace_gz) StdoutLine: {'line': b'-- Looking for ignition-common4-events -- found version 4.8.0\n'}
[2.817569] (workspace_gz) StdoutLine: {'line': b'-- Searching for dependencies of ignition-common4-events\n'}
[2.820205] (workspace_gz) StdoutLine: {'line': b'-- Looking for ignition-math6 -- found version 6.15.1\n'}
[2.825583] (workspace_gz) StdoutLine: {'line': b'-- Searching for <ignition-common4> component [av]\n'}
[2.831664] (workspace_gz) StdoutLine: {'line': b'-- Looking for ignition-common4-av -- found version 4.8.0\n'}
[2.834429] (workspace_gz) StdoutLine: {'line': b'-- Searching for dependencies of ignition-common4-av\n'}
[2.852180] (-) TimerEvent: {}
[2.859675] (workspace_gz) StdoutLine: {'line': b"-- Checking for module 'libswscale'\n"}
[2.915695] (workspace_gz) StdoutLine: {'line': b'--   Found libswscale, version 5.9.100\n'}
[2.952394] (-) TimerEvent: {}
[3.053346] (-) TimerEvent: {}
[3.080615] (workspace_gz) StdoutLine: {'line': b"-- Checking for module 'libavdevice >= 56.4.100'\n"}
[3.147615] (workspace_gz) StdoutLine: {'line': b'--   Found libavdevice , version 58.13.100\n'}
[3.153521] (-) TimerEvent: {}
[3.254512] (-) TimerEvent: {}
[3.340655] (workspace_gz) StdoutLine: {'line': b"-- Checking for module 'libavformat'\n"}
[3.354704] (-) TimerEvent: {}
[3.407621] (workspace_gz) StdoutLine: {'line': b'--   Found libavformat, version 58.76.100\n'}
[3.454902] (-) TimerEvent: {}
[3.555726] (-) TimerEvent: {}
[3.563503] (workspace_gz) StdoutLine: {'line': b"-- Checking for module 'libavcodec'\n"}
[3.609953] (workspace_gz) StdoutLine: {'line': b'--   Found libavcodec, version 58.134.100\n'}
[3.655916] (-) TimerEvent: {}
[3.756739] (-) TimerEvent: {}
[3.765547] (workspace_gz) StdoutLine: {'line': b"-- Checking for module 'libavutil'\n"}
[3.806687] (workspace_gz) StdoutLine: {'line': b'--   Found libavutil, version 56.70.100\n'}
[3.856950] (-) TimerEvent: {}
[3.931572] (workspace_gz) StdoutLine: {'line': b'-- Looking for ignition-fuel_tools7 -- found version 7.3.1\n'}
[3.933584] (workspace_gz) StdoutLine: {'line': b'-- Searching for dependencies of ignition-fuel_tools7\n'}
[3.957151] (-) TimerEvent: {}
[4.057930] (-) TimerEvent: {}
[4.130783] (workspace_gz) StdoutLine: {'line': b"-- Checking for module 'jsoncpp'\n"}
[4.158057] (-) TimerEvent: {}
[4.184237] (workspace_gz) StdoutLine: {'line': b'--   Found jsoncpp, version 1.9.5\n'}
[4.258242] (-) TimerEvent: {}
[4.353668] (workspace_gz) StdoutLine: {'line': b"-- Checking for module 'libzip'\n"}
[4.358430] (-) TimerEvent: {}
[4.415463] (workspace_gz) StdoutLine: {'line': b'--   Found libzip, version 1.7.3\n'}
[4.458615] (-) TimerEvent: {}
[4.539505] (workspace_gz) StdoutLine: {'line': b'-- Looking for ignition-common4 -- found version 4.8.0\n'}
[4.541759] (workspace_gz) StdoutLine: {'line': b'-- Looking for ignition-math6 -- found version 6.15.1\n'}
[4.544909] (workspace_gz) StdoutLine: {'line': b'-- Looking for ignition-msgs8 -- found version 8.7.0\n'}
[4.554366] (workspace_gz) StdoutLine: {'line': b'-- Looking for ignition-gui6 -- found version 6.9.0\n'}
[4.557218] (workspace_gz) StdoutLine: {'line': b'-- Searching for dependencies of ignition-gui6\n'}
[4.558661] (-) TimerEvent: {}
[4.659623] (-) TimerEvent: {}
[4.664819] (workspace_gz) StdoutLine: {'line': b'-- Found Protobuf: /usr/lib/x86_64-linux-gnu/libprotobuf.so (found version "3.12.4") \n'}
[4.707286] (workspace_gz) StdoutLine: {'line': b'-- Looking for ignition-math6 -- found version 6.15.1\n'}
[4.710726] (workspace_gz) StdoutLine: {'line': b'-- Looking for ignition-common4 -- found version 4.8.0\n'}
[4.713485] (workspace_gz) StdoutLine: {'line': b'-- Looking for ignition-plugin1 -- found version 1.4.0\n'}
[4.716085] (workspace_gz) StdoutLine: {'line': b'-- Looking for ignition-transport11 -- found version 11.4.2\n'}
[4.719497] (workspace_gz) StdoutLine: {'line': b'-- Looking for ignition-rendering6 -- found version 6.6.4\n'}
[4.722752] (workspace_gz) StdoutLine: {'line': b'-- Searching for dependencies of ignition-rendering6\n'}
[4.725837] (workspace_gz) StdoutLine: {'line': b'-- Looking for ignition-math6 -- found version 6.15.1\n'}
[4.727074] (workspace_gz) StdoutLine: {'line': b'-- Searching for dependencies of ignition-math6\n'}
[4.730493] (workspace_gz) StdoutLine: {'line': b'-- Searching for <ignition-math6> component [eigen3]\n'}
[4.731221] (workspace_gz) StdoutLine: {'line': b'-- Looking for ignition-math6-eigen3 -- found version 6.15.1\n'}
[4.733575] (workspace_gz) StdoutLine: {'line': b'-- Searching for dependencies of ignition-math6-eigen3\n'}
[4.742249] (workspace_gz) StdoutLine: {'line': b'-- Looking for ignition-common4 -- found version 4.8.0\n'}
[4.746748] (workspace_gz) StdoutLine: {'line': b'-- Searching for dependencies of ignition-common4\n'}
[4.748047] (workspace_gz) StdoutLine: {'line': b'-- Looking for dlfcn.h - found\n'}
[4.749021] (workspace_gz) StdoutLine: {'line': b'-- Looking for libdl - found\n'}
[4.759871] (-) TimerEvent: {}
[4.782847] (workspace_gz) StdoutLine: {'line': b'-- Searching for <ignition-common4> component [graphics]\n'}
[4.785478] (workspace_gz) StdoutLine: {'line': b'-- Looking for ignition-common4-graphics -- found version 4.8.0\n'}
[4.788171] (workspace_gz) StdoutLine: {'line': b'-- Searching for dependencies of ignition-common4-graphics\n'}
[4.790036] (workspace_gz) StdoutLine: {'line': b'-- Looking for ignition-math6 -- found version 6.15.1\n'}
[4.792424] (workspace_gz) StdoutLine: {'line': b'-- Looking for ignition-utils1 -- found version 1.5.1\n'}
[4.795476] (workspace_gz) StdoutLine: {'line': b'-- Searching for <ignition-common4> component [events]\n'}
[4.799125] (workspace_gz) StdoutLine: {'line': b'-- Looking for ignition-plugin1 -- found version 1.4.0\n'}
[4.801577] (workspace_gz) StdoutLine: {'line': b'-- Searching for dependencies of ignition-plugin1\n'}
[4.802334] (workspace_gz) StdoutLine: {'line': b'-- Searching for <ignition-plugin1> component [all]\n'}
[4.804804] (workspace_gz) StdoutLine: {'line': b'-- Looking for all libraries of ignition-plugin1 -- found version 1.4.0\n'}
[4.807363] (workspace_gz) StdoutLine: {'line': b'-- Looking for ignition-plugin1 -- found version 1.4.0\n'}
[4.819380] (workspace_gz) StdoutLine: {'line': b'-- Looking for ignition-msgs8 -- found version 8.7.0\n'}
[4.860046] (-) TimerEvent: {}
[4.958377] (workspace_gz) StdoutLine: {'line': b'-- Looking for ignition-physics5 -- found version 5.4.0\n'}
[4.960522] (-) TimerEvent: {}
[4.964621] (workspace_gz) StdoutLine: {'line': b'-- Searching for dependencies of ignition-physics5\n'}
[4.965325] (workspace_gz) StdoutLine: {'line': b'-- Looking for ignition-math6 -- found version 6.15.1\n'}
[4.968252] (workspace_gz) StdoutLine: {'line': b'-- Looking for ignition-plugin1 -- found version 1.4.0\n'}
[4.969172] (workspace_gz) StdoutLine: {'line': b'-- Looking for ignition-utils1 -- found version 1.5.1\n'}
[4.978724] (workspace_gz) StdoutLine: {'line': b'-- Searching for <ignition-physics5> component [heightmap]\n'}
[4.982555] (workspace_gz) StdoutLine: {'line': b'-- Looking for ignition-physics5-heightmap -- found version 5.4.0\n'}
[4.983199] (workspace_gz) StdoutLine: {'line': b'-- Searching for dependencies of ignition-physics5-heightmap\n'}
[4.986451] (workspace_gz) StdoutLine: {'line': b'-- Looking for ignition-common4 -- found version 4.8.0\n'}
[4.994150] (workspace_gz) StdoutLine: {'line': b'-- Searching for <ignition-physics5> component [mesh]\n'}
[4.994846] (workspace_gz) StdoutLine: {'line': b'-- Looking for ignition-physics5-mesh -- found version 5.4.0\n'}
[4.995334] (workspace_gz) StdoutLine: {'line': b'-- Searching for dependencies of ignition-physics5-mesh\n'}
[4.996382] (workspace_gz) StdoutLine: {'line': b'-- Looking for ignition-common4 -- found version 4.8.0\n'}
[4.999023] (workspace_gz) StdoutLine: {'line': b'-- Searching for <ignition-physics5> component [sdf]\n'}
[5.001251] (workspace_gz) StdoutLine: {'line': b'-- Looking for ignition-physics5-sdf -- found version 5.4.0\n'}
[5.007044] (workspace_gz) StdoutLine: {'line': b'-- Searching for dependencies of ignition-physics5-sdf\n'}
[5.007716] (workspace_gz) StdoutLine: {'line': b'-- Looking for sdformat12 -- found version 12.9.0\n'}
[5.014686] (workspace_gz) StdoutLine: {'line': b'-- Looking for ignition-sensors6 -- found version 6.9.0\n'}
[5.015484] (workspace_gz) StdoutLine: {'line': b'-- Searching for dependencies of ignition-sensors6\n'}
[5.063428] (-) TimerEvent: {}
[5.121237] (workspace_gz) StdoutLine: {'line': b'-- Looking for ignition-math6 -- found version 6.15.1\n'}
[5.124133] (workspace_gz) StdoutLine: {'line': b'-- Looking for ignition-common4 -- found version 4.8.0\n'}
[5.128757] (workspace_gz) StdoutLine: {'line': b'-- Looking for ignition-transport11 -- found version 11.4.2\n'}
[5.129652] (workspace_gz) StdoutLine: {'line': b'-- Looking for ignition-rendering6 -- found version 6.6.4\n'}
[5.133424] (workspace_gz) StdoutLine: {'line': b'-- Looking for ignition-msgs8 -- found version 8.7.0\n'}
[5.137417] (workspace_gz) StdoutLine: {'line': b'-- Looking for sdformat12 -- found version 12.9.0\n'}
[5.151828] (workspace_gz) StdoutLine: {'line': b'-- Searching for <ignition-sensors6> component [air_pressure]\n'}
[5.157305] (workspace_gz) StdoutLine: {'line': b'-- Looking for ignition-sensors6-air_pressure -- found version 6.9.0\n'}
[5.159830] (workspace_gz) StdoutLine: {'line': b'-- Searching for dependencies of ignition-sensors6-air_pressure\n'}
[5.165643] (workspace_gz) StdoutLine: {'line': b'-- Searching for <ignition-sensors6> component [altimeter]\n'}
[5.166320] (-) TimerEvent: {}
[5.169561] (workspace_gz) StdoutLine: {'line': b'-- Looking for ignition-sensors6-altimeter -- found version 6.9.0\n'}
[5.172246] (workspace_gz) StdoutLine: {'line': b'-- Searching for dependencies of ignition-sensors6-altimeter\n'}
[5.179224] (workspace_gz) StdoutLine: {'line': b'-- Searching for <ignition-sensors6> component [imu]\n'}
[5.187424] (workspace_gz) StdoutLine: {'line': b'-- Looking for ignition-sensors6-imu -- found version 6.9.0\n'}
[5.188138] (workspace_gz) StdoutLine: {'line': b'-- Searching for dependencies of ignition-sensors6-imu\n'}
[5.190856] (workspace_gz) StdoutLine: {'line': b'-- Searching for <ignition-sensors6> component [force_torque]\n'}
[5.193700] (workspace_gz) StdoutLine: {'line': b'-- Looking for ignition-sensors6-force_torque -- found version 6.9.0\n'}
[5.196690] (workspace_gz) StdoutLine: {'line': b'-- Searching for dependencies of ignition-sensors6-force_torque\n'}
[5.200013] (workspace_gz) StdoutLine: {'line': b'-- Searching for <ignition-sensors6> component [logical_camera]\n'}
[5.203843] (workspace_gz) StdoutLine: {'line': b'-- Looking for ignition-sensors6-logical_camera -- found version 6.9.0\n'}
[5.205981] (workspace_gz) StdoutLine: {'line': b'-- Searching for dependencies of ignition-sensors6-logical_camera\n'}
[5.209249] (workspace_gz) StdoutLine: {'line': b'-- Searching for <ignition-sensors6> component [magnetometer]\n'}
[5.212396] (workspace_gz) StdoutLine: {'line': b'-- Looking for ignition-sensors6-magnetometer -- found version 6.9.0\n'}
[5.214564] (workspace_gz) StdoutLine: {'line': b'-- Searching for dependencies of ignition-sensors6-magnetometer\n'}
[5.217311] (workspace_gz) StdoutLine: {'line': b'-- Searching for <ignition-sensors6> component [navsat]\n'}
[5.219570] (workspace_gz) StdoutLine: {'line': b'-- Looking for ignition-sensors6-navsat -- found version 6.9.0\n'}
[5.221802] (workspace_gz) StdoutLine: {'line': b'-- Searching for dependencies of ignition-sensors6-navsat\n'}
[5.224643] (workspace_gz) StdoutLine: {'line': b'-- Searching for <ignition-sensors6> component [rendering]\n'}
[5.227557] (workspace_gz) StdoutLine: {'line': b'-- Looking for ignition-sensors6-rendering -- found version 6.9.0\n'}
[5.230068] (workspace_gz) StdoutLine: {'line': b'-- Searching for dependencies of ignition-sensors6-rendering\n'}
[5.232686] (workspace_gz) StdoutLine: {'line': b'-- Searching for <ignition-sensors6> component [lidar]\n'}
[5.235077] (workspace_gz) StdoutLine: {'line': b'-- Looking for ignition-sensors6-lidar -- found version 6.9.0\n'}
[5.237530] (workspace_gz) StdoutLine: {'line': b'-- Searching for dependencies of ignition-sensors6-lidar\n'}
[5.239379] (workspace_gz) StdoutLine: {'line': b'-- Looking for ignition-sensors6 -- found version 6.9.0\n'}
[5.242491] (workspace_gz) StdoutLine: {'line': b'-- Searching for <ignition-sensors6> component [gpu_lidar]\n'}
[5.244925] (workspace_gz) StdoutLine: {'line': b'-- Looking for ignition-sensors6-gpu_lidar -- found version 6.9.0\n'}
[5.247500] (workspace_gz) StdoutLine: {'line': b'-- Searching for dependencies of ignition-sensors6-gpu_lidar\n'}
[5.249682] (workspace_gz) StdoutLine: {'line': b'-- Looking for ignition-sensors6 -- found version 6.9.0\n'}
[5.253399] (workspace_gz) StdoutLine: {'line': b'-- Searching for <ignition-sensors6> component [camera]\n'}
[5.256388] (workspace_gz) StdoutLine: {'line': b'-- Looking for ignition-sensors6-camera -- found version 6.9.0\n'}
[5.259172] (workspace_gz) StdoutLine: {'line': b'-- Searching for dependencies of ignition-sensors6-camera\n'}
[5.261257] (workspace_gz) StdoutLine: {'line': b'-- Looking for ignition-sensors6 -- found version 6.9.0\n'}
[5.264827] (workspace_gz) StdoutLine: {'line': b'-- Searching for <ignition-sensors6> component [boundingbox_camera]\n'}
[5.266404] (-) TimerEvent: {}
[5.268168] (workspace_gz) StdoutLine: {'line': b'-- Looking for ignition-sensors6-boundingbox_camera -- found version 6.9.0\n'}
[5.271018] (workspace_gz) StdoutLine: {'line': b'-- Searching for dependencies of ignition-sensors6-boundingbox_camera\n'}
[5.274960] (workspace_gz) StdoutLine: {'line': b'-- Searching for <ignition-sensors6> component [segmentation_camera]\n'}
[5.278067] (workspace_gz) StdoutLine: {'line': b'-- Looking for ignition-sensors6-segmentation_camera -- found version 6.9.0\n'}
[5.281222] (workspace_gz) StdoutLine: {'line': b'-- Searching for dependencies of ignition-sensors6-segmentation_camera\n'}
[5.287007] (workspace_gz) StdoutLine: {'line': b'-- Searching for <ignition-sensors6> component [depth_camera]\n'}
[5.291604] (workspace_gz) StdoutLine: {'line': b'-- Looking for ignition-sensors6-depth_camera -- found version 6.9.0\n'}
[5.292814] (workspace_gz) StdoutLine: {'line': b'-- Searching for dependencies of ignition-sensors6-depth_camera\n'}
[5.295453] (workspace_gz) StdoutLine: {'line': b'-- Looking for ignition-sensors6 -- found version 6.9.0\n'}
[5.300338] (workspace_gz) StdoutLine: {'line': b'-- Searching for <ignition-sensors6> component [rgbd_camera]\n'}
[5.303157] (workspace_gz) StdoutLine: {'line': b'-- Looking for ignition-sensors6-rgbd_camera -- found version 6.9.0\n'}
[5.305261] (workspace_gz) StdoutLine: {'line': b'-- Searching for dependencies of ignition-sensors6-rgbd_camera\n'}
[5.307985] (workspace_gz) StdoutLine: {'line': b'-- Looking for ignition-sensors6 -- found version 6.9.0\n'}
[5.311668] (workspace_gz) StdoutLine: {'line': b'-- Searching for <ignition-sensors6> component [thermal_camera]\n'}
[5.314699] (workspace_gz) StdoutLine: {'line': b'-- Looking for ignition-sensors6-thermal_camera -- found version 6.9.0\n'}
[5.317898] (workspace_gz) StdoutLine: {'line': b'-- Searching for dependencies of ignition-sensors6-thermal_camera\n'}
[5.321772] (workspace_gz) StdoutLine: {'line': b'-- Looking for ignition-sensors6 -- found version 6.9.0\n'}
[5.328933] (workspace_gz) StdoutLine: {'line': b'-- Looking for ignition-rendering6 -- found version 6.6.4\n'}
[5.331198] (workspace_gz) StdoutLine: {'line': b'-- Looking for ignition-math6 -- found version 6.15.1\n'}
[5.336618] (workspace_gz) StdoutLine: {'line': b'-- Looking for ignition-utils1 -- found version 1.5.1\n'}
[5.366609] (-) TimerEvent: {}
[5.455992] (workspace_gz) StdoutLine: {'line': b'-- Looking for ignition-common4 -- found version 4.8.0\n'}
[5.464419] (workspace_gz) StdoutLine: {'line': b'-- Looking for ignition-math6 -- found version 6.15.1\n'}
[5.467399] (workspace_gz) StdoutLine: {'line': b'-- Looking for ignition-plugin1 -- found version 1.4.0\n'}
[5.468034] (-) TimerEvent: {}
[5.470357] (workspace_gz) StdoutLine: {'line': b'-- Looking for ignition-rendering6 -- found version 6.6.4\n'}
[5.470994] (workspace_gz) StdoutLine: {'line': b'-- Looking for ignition-sensors6 -- found version 6.9.0\n'}
[5.477596] (workspace_gz) StdoutLine: {'line': b'-- Looking for ignition-transport11 -- found version 11.4.2\n'}
[5.478501] (workspace_gz) StdoutLine: {'line': b'-- Looking for ignition-utils1 -- found version 1.5.1\n'}
[5.478978] (workspace_gz) StdoutLine: {'line': b'-- Looking for sdformat12 -- found version 12.9.0\n'}
[5.568782] (-) TimerEvent: {}
[5.662528] (kiss_icp) StdoutLine: {'line': b'-- Found ament_cmake: 1.3.12 (/opt/ros/humble/share/ament_cmake/cmake)\n'}
[5.669478] (-) TimerEvent: {}
[5.770493] (-) TimerEvent: {}
[5.865999] (workspace_gz) StdoutLine: {'line': b'-- Configuring done\n'}
[5.870580] (-) TimerEvent: {}
[5.971445] (-) TimerEvent: {}
[6.072270] (-) TimerEvent: {}
[6.173603] (-) TimerEvent: {}
[6.275839] (-) TimerEvent: {}
[6.376920] (-) TimerEvent: {}
[6.395977] (workspace_nav) Command: {'cmd': ['/usr/bin/python3', '-W', 'ignore:setup.py install is deprecated', '-W', 'ignore:easy_install command is deprecated', 'setup.py', 'develop', '--editable', '--build-directory', '/home/aliomacc/sti_usv/build/workspace_nav/build', '--no-deps', 'symlink_data'], 'cwd': '/home/aliomacc/sti_usv/build/workspace_nav', 'env': {'GJS_DEBUG_TOPICS': 'JS ERROR;JS LOG', 'LESSOPEN': '| /usr/bin/lesspipe %s', 'USER': 'aliomacc', 'XDG_SESSION_TYPE': 'x11', 'GIT_ASKPASS': '/usr/share/antigravity/resources/app/extensions/git/dist/askpass.sh', 'SHLVL': '2', 'LD_LIBRARY_PATH': '/home/aliomacc/ros2_ws/install/my_robot_interfaces/lib:/opt/ros/humble/opt/rviz_ogre_vendor/lib:/opt/ros/humble/lib/x86_64-linux-gnu:/opt/ros/humble/lib', 'ANTIGRAVITY_CLI_ALIAS': 'agy', 'HOME': '/home/aliomacc', 'CHROME_DESKTOP': 'antigravity.desktop', 'OLDPWD': '/home/aliomacc/sti_usv/src', 'TERM_PROGRAM_VERSION': '1.107.0', 'DESKTOP_SESSION': 'ubuntu-xorg', 'GIO_LAUNCHED_DESKTOP_FILE': '/usr/share/applications/terminator.desktop', 'ROS_PYTHON_VERSION': '3', 'GNOME_SHELL_SESSION_MODE': 'ubuntu', 'GTK_MODULES': 'gail:atk-bridge', 'PAGER': 'cat', 'VSCODE_GIT_ASKPASS_MAIN': '/usr/share/antigravity/resources/app/extensions/git/dist/askpass-main.js', 'VSCODE_GIT_ASKPASS_NODE': '/usr/share/antigravity/antigravity', 'MANAGERPID': '1107', 'SYSTEMD_EXEC_PID': '1513', 'VSCODE_PYTHON_AUTOACTIVATE_GUARD': '1', 'DBUS_SESSION_BUS_ADDRESS': 'unix:path=/run/user/1000/bus', 'COLORTERM': 'truecolor', 'TERMINATOR_DBUS_NAME': 'net.tenshu.Terminator21a9d5db22c73a993ff0b42f64b396873', 'ANTIGRAVITY_AGENT': '1', 'GIO_LAUNCHED_DESKTOP_FILE_PID': '3247', 'COLCON_PREFIX_PATH': '/home/aliomacc/turtlebot3_ws/install:/home/aliomacc/ros2_ws/install', 'ROS_DISTRO': 'humble', 'GTK_IM_MODULE': 'ibus', 'LOGNAME': 'aliomacc', 'JOURNAL_STREAM': '8:12760', '_': '/usr/bin/colcon', 'ROS_VERSION': '2', 'XDG_SESSION_CLASS': 'user', 'USERNAME': 'aliomacc', 'TERM': 'xterm-256color', 'GNOME_DESKTOP_SESSION_ID': 'this-is-deprecated', 'FC_FONTATIONS': '1', 'ROS_LOCALHOST_ONLY': '0', 'WINDOWPATH': '2', 'PATH': '/home/aliomacc/.local/bin:/home/aliomacc/.local/bin:/opt/ros/humble/bin:/home/aliomacc/.local/bin:/usr/local/sbin:/usr/local/bin:/usr/sbin:/usr/bin:/sbin:/bin:/usr/games:/usr/local/games:/snap/bin:/snap/bin', 'SESSION_MANAGER': 'local/aliomacc-Nitro-AN515-55:@/tmp/.ICE-unix/1486,unix/aliomacc-Nitro-AN515-55:/tmp/.ICE-unix/1486', 'INVOCATION_ID': '2ac0e07445ff4cff8e4472503a387641', 'XDG_MENU_PREFIX': 'gnome-', 'XDG_RUNTIME_DIR': '/run/user/1000', 'GDK_BACKEND': 'x11', 'DISPLAY': ':0', 'TERMINATOR_DBUS_PATH': '/net/tenshu/Terminator2', 'LANG': 'tr_TR.UTF-8', 'XDG_CURRENT_DESKTOP': 'ubuntu:GNOME', 'IBUS_DISABLE_SNOOPER': '1', 'XMODIFIERS': '@im=ibus', 'XDG_SESSION_DESKTOP': 'ubuntu-xorg', 'XAUTHORITY': '/run/user/1000/gdm/Xauthority', 'LS_COLORS': 'rs=0:di=01;34:ln=01;36:mh=00:pi=40;33:so=01;35:do=01;35:bd=40;33;01:cd=40;33;01:or=40;31;01:mi=00:su=37;41:sg=30;43:ca=30;41:tw=30;42:ow=34;42:st=37;44:ex=01;32:*.tar=01;31:*.tgz=01;31:*.arc=01;31:*.arj=01;31:*.taz=01;31:*.lha=01;31:*.lz4=01;31:*.lzh=01;31:*.lzma=01;31:*.tlz=01;31:*.txz=01;31:*.tzo=01;31:*.t7z=01;31:*.zip=01;31:*.z=01;31:*.dz=01;31:*.gz=01;31:*.lrz=01;31:*.lz=01;31:*.lzo=01;31:*.xz=01;31:*.zst=01;31:*.tzst=01;31:*.bz2=01;31:*.bz=01;31:*.tbz=01;31:*.tbz2=01;31:*.tz=01;31:*.deb=01;31:*.rpm=01;31:*.jar=01;31:*.war=01;31:*.ear=01;31:*.sar=01;31:*.rar=01;31:*.alz=01;31:*.ace=01;31:*.zoo=01;31:*.cpio=01;31:*.7z=01;31:*.rz=01;31:*.cab=01;31:*.wim=01;31:*.swm=01;31:*.dwm=01;31:*.esd=01;31:*.jpg=01;35:*.jpeg=01;35:*.mjpg=01;35:*.mjpeg=01;35:*.gif=01;35:*.bmp=01;35:*.pbm=01;35:*.pgm=01;35:*.ppm=01;35:*.tga=01;35:*.xbm=01;35:*.xpm=01;35:*.tif=01;35:*.tiff=01;35:*.png=01;35:*.svg=01;35:*.svgz=01;35:*.mng=01;35:*.pcx=01;35:*.mov=01;35:*.mpg=01;35:*.mpeg=01;35:*.m2v=01;35:*.mkv=01;35:*.webm=01;35:*.webp=01;35:*.ogm=01;35:*.mp4=01;35:*.m4v=01;35:*.mp4v=01;35:*.vob=01;35:*.qt=01;35:*.nuv=01;35:*.wmv=01;35:*.asf=01;35:*.rm=01;35:*.rmvb=01;35:*.flc=01;35:*.avi=01;35:*.fli=01;35:*.flv=01;35:*.gl=01;35:*.dl=01;35:*.xcf=01;35:*.xwd=01;35:*.yuv=01;35:*.cgm=01;35:*.emf=01;35:*.ogv=01;35:*.ogx=01;35:*.aac=00;36:*.au=00;36:*.flac=00;36:*.m4a=00;36:*.mid=00;36:*.midi=00;36:*.mka=00;36:*.mp3=00;36:*.mpc=00;36:*.ogg=00;36:*.ra=00;36:*.wav=00;36:*.oga=00;36:*.opus=00;36:*.spx=00;36:*.xspf=00;36:', 'VSCODE_GIT_IPC_HANDLE': '/run/user/1000/vscode-git-c5327147f8.sock', 'TERM_PROGRAM': 'vscode', 'SSH_AGENT_LAUNCHER': 'gnome-keyring', 'SSH_AUTH_SOCK': '/run/user/1000/keyring/ssh', 'AMENT_PREFIX_PATH': '/home/aliomacc/turtlebot3_ws/install/turtlebot3_simulations:/home/aliomacc/turtlebot3_ws/install/turtlebot3_manipulation_gazebo:/home/aliomacc/turtlebot3_ws/install/turtlebot3_gazebo:/home/aliomacc/turtlebot3_ws/install/turtlebot3_fake_node:/home/aliomacc/ros2_ws/install/actions_py:/home/aliomacc/ros2_ws/install/my_robot_interfaces:/home/aliomacc/ros2_ws/install/my_robot_description:/home/aliomacc/ros2_ws/install/my_robot_bringup:/home/aliomacc/ros2_ws/install/lifecycle_py:/home/aliomacc/ros2_ws/install/lifecycle_cpp:/opt/ros/humble', 'SHELL': '/bin/bash', 'TERMINATOR_UUID': 'urn:uuid:e17eb614-94fe-45ad-b942-6e10beee66f6', 'QT_ACCESSIBILITY': '1', 'GDMSESSION': 'ubuntu-xorg', 'LESSCLOSE': '/usr/bin/lesspipe %s %s', 'GPG_AGENT_INFO': '/run/user/1000/gnupg/S.gpg-agent:0:1', 'GJS_DEBUG_OUTPUT': 'stderr', 'VSCODE_GIT_ASKPASS_EXTRA_ARGS': '', 'QT_IM_MODULE': 'ibus', 'PWD': '/home/aliomacc/sti_usv/build/workspace_nav', 'TURTLEBOT3_MODEL': 'waffle', 'XDG_CONFIG_DIRS': '/etc/xdg/xdg-ubuntu-xorg:/etc/xdg', 'XDG_DATA_DIRS': '/usr/share/ubuntu-xorg:/usr/share/gnome:/home/aliomacc/.local/share/flatpak/exports/share:/var/lib/flatpak/exports/share:/usr/local/share/:/usr/share/:/var/lib/snapd/desktop', 'PYTHONPATH': '/home/aliomacc/sti_usv/build/workspace_nav/prefix_override:/usr/lib/python3/dist-packages/colcon_core/task/python/colcon_distutils_commands:/home/aliomacc/sti_usv/install/workspace_nav/lib/python3.10/site-packages:/home/aliomacc/ros2_ws/install/actions_py/lib/python3.10/site-packages:/home/aliomacc/ros2_ws/install/my_robot_interfaces/local/lib/python3.10/dist-packages:/home/aliomacc/ros2_ws/install/lifecycle_py/lib/python3.10/site-packages:/opt/ros/humble/lib/python3.10/site-packages:/opt/ros/humble/local/lib/python3.10/dist-packages', 'COLCON': '1', 'VTE_VERSION': '6800', 'CMAKE_PREFIX_PATH': '/home/aliomacc/turtlebot3_ws/install/turtlebot3_simulations:/home/aliomacc/turtlebot3_ws/install/turtlebot3_manipulation_gazebo:/home/aliomacc/turtlebot3_ws/install/turtlebot3_gazebo:/home/aliomacc/turtlebot3_ws/install/turtlebot3_fake_node:/home/aliomacc/ros2_ws/install/my_robot_interfaces:/home/aliomacc/ros2_ws/install/my_robot_description:/home/aliomacc/ros2_ws/install/my_robot_bringup:/home/aliomacc/ros2_ws/install/lifecycle_cpp'}, 'shell': False}
[6.414674] (workspace_ros) Command: {'cmd': ['/usr/bin/python3', '-W', 'ignore:setup.py install is deprecated', '-W', 'ignore:easy_install command is deprecated', 'setup.py', 'develop', '--editable', '--build-directory', '/home/aliomacc/sti_usv/build/workspace_ros/build', '--no-deps', 'symlink_data'], 'cwd': '/home/aliomacc/sti_usv/build/workspace_ros', 'env': {'GJS_DEBUG_TOPICS': 'JS ERROR;JS LOG', 'LESSOPEN': '| /usr/bin/lesspipe %s', 'USER': 'aliomacc', 'XDG_SESSION_TYPE': 'x11', 'GIT_ASKPASS': '/usr/share/antigravity/resources/app/extensions/git/dist/askpass.sh', 'SHLVL': '2', 'LD_LIBRARY_PATH': '/home/aliomacc/ros2_ws/install/my_robot_interfaces/lib:/opt/ros/humble/opt/rviz_ogre_vendor/lib:/opt/ros/humble/lib/x86_64-linux-gnu:/opt/ros/humble/lib', 'ANTIGRAVITY_CLI_ALIAS': 'agy', 'HOME': '/home/aliomacc', 'CHROME_DESKTOP': 'antigravity.desktop', 'OLDPWD': '/home/aliomacc/sti_usv/src', 'TERM_PROGRAM_VERSION': '1.107.0', 'DESKTOP_SESSION': 'ubuntu-xorg', 'GIO_LAUNCHED_DESKTOP_FILE': '/usr/share/applications/terminator.desktop', 'ROS_PYTHON_VERSION': '3', 'GNOME_SHELL_SESSION_MODE': 'ubuntu', 'GTK_MODULES': 'gail:atk-bridge', 'PAGER': 'cat', 'VSCODE_GIT_ASKPASS_MAIN': '/usr/share/antigravity/resources/app/extensions/git/dist/askpass-main.js', 'VSCODE_GIT_ASKPASS_NODE': '/usr/share/antigravity/antigravity', 'MANAGERPID': '1107', 'SYSTEMD_EXEC_PID': '1513', 'VSCODE_PYTHON_AUTOACTIVATE_GUARD': '1', 'DBUS_SESSION_BUS_ADDRESS': 'unix:path=/run/user/1000/bus', 'COLORTERM': 'truecolor', 'TERMINATOR_DBUS_NAME': 'net.tenshu.Terminator21a9d5db22c73a993ff0b42f64b396873', 'ANTIGRAVITY_AGENT': '1', 'GIO_LAUNCHED_DESKTOP_FILE_PID': '3247', 'COLCON_PREFIX_PATH': '/home/aliomacc/turtlebot3_ws/install:/home/aliomacc/ros2_ws/install', 'ROS_DISTRO': 'humble', 'GTK_IM_MODULE': 'ibus', 'LOGNAME': 'aliomacc', 'JOURNAL_STREAM': '8:12760', '_': '/usr/bin/colcon', 'ROS_VERSION': '2', 'XDG_SESSION_CLASS': 'user', 'USERNAME': 'aliomacc', 'TERM': 'xterm-256color', 'GNOME_DESKTOP_SESSION_ID': 'this-is-deprecated', 'FC_FONTATIONS': '1', 'ROS_LOCALHOST_ONLY': '0', 'WINDOWPATH': '2', 'PATH': '/home/aliomacc/.local/bin:/home/aliomacc/.local/bin:/opt/ros/humble/bin:/home/aliomacc/.local/bin:/usr/local/sbin:/usr/local/bin:/usr/sbin:/usr/bin:/sbin:/bin:/usr/games:/usr/local/games:/snap/bin:/snap/bin', 'SESSION_MANAGER': 'local/aliomacc-Nitro-AN515-55:@/tmp/.ICE-unix/1486,unix/aliomacc-Nitro-AN515-55:/tmp/.ICE-unix/1486', 'INVOCATION_ID': '2ac0e07445ff4cff8e4472503a387641', 'XDG_MENU_PREFIX': 'gnome-', 'XDG_RUNTIME_DIR': '/run/user/1000', 'GDK_BACKEND': 'x11', 'DISPLAY': ':0', 'TERMINATOR_DBUS_PATH': '/net/tenshu/Terminator2', 'LANG': 'tr_TR.UTF-8', 'XDG_CURRENT_DESKTOP': 'ubuntu:GNOME', 'IBUS_DISABLE_SNOOPER': '1', 'XMODIFIERS': '@im=ibus', 'XDG_SESSION_DESKTOP': 'ubuntu-xorg', 'XAUTHORITY': '/run/user/1000/gdm/Xauthority', 'LS_COLORS': 'rs=0:di=01;34:ln=01;36:mh=00:pi=40;33:so=01;35:do=01;35:bd=40;33;01:cd=40;33;01:or=40;31;01:mi=00:su=37;41:sg=30;43:ca=30;41:tw=30;42:ow=34;42:st=37;44:ex=01;32:*.tar=01;31:*.tgz=01;31:*.arc=01;31:*.arj=01;31:*.taz=01;31:*.lha=01;31:*.lz4=01;31:*.lzh=01;31:*.lzma=01;31:*.tlz=01;31:*.txz=01;31:*.tzo=01;31:*.t7z=01;31:*.zip=01;31:*.z=01;31:*.dz=01;31:*.gz=01;31:*.lrz=01;31:*.lz=01;31:*.lzo=01;31:*.xz=01;31:*.zst=01;31:*.tzst=01;31:*.bz2=01;31:*.bz=01;31:*.tbz=01;31:*.tbz2=01;31:*.tz=01;31:*.deb=01;31:*.rpm=01;31:*.jar=01;31:*.war=01;31:*.ear=01;31:*.sar=01;31:*.rar=01;31:*.alz=01;31:*.ace=01;31:*.zoo=01;31:*.cpio=01;31:*.7z=01;31:*.rz=01;31:*.cab=01;31:*.wim=01;31:*.swm=01;31:*.dwm=01;31:*.esd=01;31:*.jpg=01;35:*.jpeg=01;35:*.mjpg=01;35:*.mjpeg=01;35:*.gif=01;35:*.bmp=01;35:*.pbm=01;35:*.pgm=01;35:*.ppm=01;35:*.tga=01;35:*.xbm=01;35:*.xpm=01;35:*.tif=01;35:*.tiff=01;35:*.png=01;35:*.svg=01;35:*.svgz=01;35:*.mng=01;35:*.pcx=01;35:*.mov=01;35:*.mpg=01;35:*.mpeg=01;35:*.m2v=01;35:*.mkv=01;35:*.webm=01;35:*.webp=01;35:*.ogm=01;35:*.mp4=01;35:*.m4v=01;35:*.mp4v=01;35:*.vob=01;35:*.qt=01;35:*.nuv=01;35:*.wmv=01;35:*.asf=01;35:*.rm=01;35:*.rmvb=01;35:*.flc=01;35:*.avi=01;35:*.fli=01;35:*.flv=01;35:*.gl=01;35:*.dl=01;35:*.xcf=01;35:*.xwd=01;35:*.yuv=01;35:*.cgm=01;35:*.emf=01;35:*.ogv=01;35:*.ogx=01;35:*.aac=00;36:*.au=00;36:*.flac=00;36:*.m4a=00;36:*.mid=00;36:*.midi=00;36:*.mka=00;36:*.mp3=00;36:*.mpc=00;36:*.ogg=00;36:*.ra=00;36:*.wav=00;36:*.oga=00;36:*.opus=00;36:*.spx=00;36:*.xspf=00;36:', 'VSCODE_GIT_IPC_HANDLE': '/run/user/1000/vscode-git-c5327147f8.sock', 'TERM_PROGRAM': 'vscode', 'SSH_AGENT_LAUNCHER': 'gnome-keyring', 'SSH_AUTH_SOCK': '/run/user/1000/keyring/ssh', 'AMENT_PREFIX_PATH': '/home/aliomacc/turtlebot3_ws/install/turtlebot3_simulations:/home/aliomacc/turtlebot3_ws/install/turtlebot3_manipulation_gazebo:/home/aliomacc/turtlebot3_ws/install/turtlebot3_gazebo:/home/aliomacc/turtlebot3_ws/install/turtlebot3_fake_node:/home/aliomacc/ros2_ws/install/actions_py:/home/aliomacc/ros2_ws/install/my_robot_interfaces:/home/aliomacc/ros2_ws/install/my_robot_description:/home/aliomacc/ros2_ws/install/my_robot_bringup:/home/aliomacc/ros2_ws/install/lifecycle_py:/home/aliomacc/ros2_ws/install/lifecycle_cpp:/opt/ros/humble', 'SHELL': '/bin/bash', 'TERMINATOR_UUID': 'urn:uuid:e17eb614-94fe-45ad-b942-6e10beee66f6', 'QT_ACCESSIBILITY': '1', 'GDMSESSION': 'ubuntu-xorg', 'LESSCLOSE': '/usr/bin/lesspipe %s %s', 'GPG_AGENT_INFO': '/run/user/1000/gnupg/S.gpg-agent:0:1', 'GJS_DEBUG_OUTPUT': 'stderr', 'VSCODE_GIT_ASKPASS_EXTRA_ARGS': '', 'QT_IM_MODULE': 'ibus', 'PWD': '/home/aliomacc/sti_usv/build/workspace_ros', 'TURTLEBOT3_MODEL': 'waffle', 'XDG_CONFIG_DIRS': '/etc/xdg/xdg-ubuntu-xorg:/etc/xdg', 'XDG_DATA_DIRS': '/usr/share/ubuntu-xorg:/usr/share/gnome:/home/aliomacc/.local/share/flatpak/exports/share:/var/lib/flatpak/exports/share:/usr/local/share/:/usr/share/:/var/lib/snapd/desktop', 'PYTHONPATH': '/home/aliomacc/sti_usv/build/workspace_ros/prefix_override:/usr/lib/python3/dist-packages/colcon_core/task/python/colcon_distutils_commands:/home/aliomacc/sti_usv/install/workspace_ros/lib/python3.10/site-packages:/home/aliomacc/ros2_ws/install/actions_py/lib/python3.10/site-packages:/home/aliomacc/ros2_ws/install/my_robot_interfaces/local/lib/python3.10/dist-packages:/home/aliomacc/ros2_ws/install/lifecycle_py/lib/python3.10/site-packages:/opt/ros/humble/lib/python3.10/site-packages:/opt/ros/humble/local/lib/python3.10/dist-packages', 'COLCON': '1', 'VTE_VERSION': '6800', 'CMAKE_PREFIX_PATH': '/home/aliomacc/turtlebot3_ws/install/turtlebot3_simulations:/home/aliomacc/turtlebot3_ws/install/turtlebot3_manipulation_gazebo:/home/aliomacc/turtlebot3_ws/install/turtlebot3_gazebo:/home/aliomacc/turtlebot3_ws/install/turtlebot3_fake_node:/home/aliomacc/ros2_ws/install/my_robot_interfaces:/home/aliomacc/ros2_ws/install/my_robot_description:/home/aliomacc/ros2_ws/install/my_robot_bringup:/home/aliomacc/ros2_ws/install/lifecycle_cpp'}, 'shell': False}
[6.472217] (workspace_gz) StdoutLine: {'line': b'-- Generating done\n'}
[6.477084] (-) TimerEvent: {}
[6.577906] (-) TimerEvent: {}
[6.631991] (workspace_gz) StdoutLine: {'line': b'-- Build files have been written to: /home/aliomacc/sti_usv/build/workspace_gz\n'}
[6.642727] (kiss_icp) StdoutLine: {'line': b'-- Found Python3: /usr/bin/python3 (found version "3.10.12") found components: Interpreter \n'}
[6.676407] (workspace_gz) CommandEnded: {'returncode': 0}
[6.678769] (-) TimerEvent: {}
[6.684346] (workspace_gz) JobProgress: {'identifier': 'workspace_gz', 'progress': 'build'}
[6.693791] (workspace_gz) Command: {'cmd': ['/usr/bin/cmake', '--build', '/home/aliomacc/sti_usv/build/workspace_gz', '--', '-j8', '-l8'], 'cwd': '/home/aliomacc/sti_usv/build/workspace_gz', 'env': OrderedDict([('GJS_DEBUG_TOPICS', 'JS ERROR;JS LOG'), ('LESSOPEN', '| /usr/bin/lesspipe %s'), ('USER', 'aliomacc'), ('XDG_SESSION_TYPE', 'x11'), ('GIT_ASKPASS', '/usr/share/antigravity/resources/app/extensions/git/dist/askpass.sh'), ('SHLVL', '2'), ('LD_LIBRARY_PATH', '/home/aliomacc/ros2_ws/install/my_robot_interfaces/lib:/opt/ros/humble/opt/rviz_ogre_vendor/lib:/opt/ros/humble/lib/x86_64-linux-gnu:/opt/ros/humble/lib'), ('ANTIGRAVITY_CLI_ALIAS', 'agy'), ('HOME', '/home/aliomacc'), ('CHROME_DESKTOP', 'antigravity.desktop'), ('OLDPWD', '/home/aliomacc/sti_usv/src'), ('TERM_PROGRAM_VERSION', '1.107.0'), ('DESKTOP_SESSION', 'ubuntu-xorg'), ('GIO_LAUNCHED_DESKTOP_FILE', '/usr/share/applications/terminator.desktop'), ('ROS_PYTHON_VERSION', '3'), ('GNOME_SHELL_SESSION_MODE', 'ubuntu'), ('GTK_MODULES', 'gail:atk-bridge'), ('PAGER', 'cat'), ('VSCODE_GIT_ASKPASS_MAIN', '/usr/share/antigravity/resources/app/extensions/git/dist/askpass-main.js'), ('VSCODE_GIT_ASKPASS_NODE', '/usr/share/antigravity/antigravity'), ('MANAGERPID', '1107'), ('SYSTEMD_EXEC_PID', '1513'), ('VSCODE_PYTHON_AUTOACTIVATE_GUARD', '1'), ('DBUS_SESSION_BUS_ADDRESS', 'unix:path=/run/user/1000/bus'), ('COLORTERM', 'truecolor'), ('TERMINATOR_DBUS_NAME', 'net.tenshu.Terminator21a9d5db22c73a993ff0b42f64b396873'), ('ANTIGRAVITY_AGENT', '1'), ('GIO_LAUNCHED_DESKTOP_FILE_PID', '3247'), ('COLCON_PREFIX_PATH', '/home/aliomacc/turtlebot3_ws/install:/home/aliomacc/ros2_ws/install'), ('ROS_DISTRO', 'humble'), ('GTK_IM_MODULE', 'ibus'), ('LOGNAME', 'aliomacc'), ('JOURNAL_STREAM', '8:12760'), ('_', '/usr/bin/colcon'), ('ROS_VERSION', '2'), ('XDG_SESSION_CLASS', 'user'), ('USERNAME', 'aliomacc'), ('TERM', 'xterm-256color'), ('GNOME_DESKTOP_SESSION_ID', 'this-is-deprecated'), ('FC_FONTATIONS', '1'), ('ROS_LOCALHOST_ONLY', '0'), ('WINDOWPATH', '2'), ('PATH', '/home/aliomacc/.local/bin:/home/aliomacc/.local/bin:/opt/ros/humble/bin:/home/aliomacc/.local/bin:/usr/local/sbin:/usr/local/bin:/usr/sbin:/usr/bin:/sbin:/bin:/usr/games:/usr/local/games:/snap/bin:/snap/bin'), ('SESSION_MANAGER', 'local/aliomacc-Nitro-AN515-55:@/tmp/.ICE-unix/1486,unix/aliomacc-Nitro-AN515-55:/tmp/.ICE-unix/1486'), ('INVOCATION_ID', '2ac0e07445ff4cff8e4472503a387641'), ('XDG_MENU_PREFIX', 'gnome-'), ('XDG_RUNTIME_DIR', '/run/user/1000'), ('GDK_BACKEND', 'x11'), ('DISPLAY', ':0'), ('TERMINATOR_DBUS_PATH', '/net/tenshu/Terminator2'), ('LANG', 'tr_TR.UTF-8'), ('XDG_CURRENT_DESKTOP', 'ubuntu:GNOME'), ('IBUS_DISABLE_SNOOPER', '1'), ('XMODIFIERS', '@im=ibus'), ('XDG_SESSION_DESKTOP', 'ubuntu-xorg'), ('XAUTHORITY', '/run/user/1000/gdm/Xauthority'), ('LS_COLORS', 'rs=0:di=01;34:ln=01;36:mh=00:pi=40;33:so=01;35:do=01;35:bd=40;33;01:cd=40;33;01:or=40;31;01:mi=00:su=37;41:sg=30;43:ca=30;41:tw=30;42:ow=34;42:st=37;44:ex=01;32:*.tar=01;31:*.tgz=01;31:*.arc=01;31:*.arj=01;31:*.taz=01;31:*.lha=01;31:*.lz4=01;31:*.lzh=01;31:*.lzma=01;31:*.tlz=01;31:*.txz=01;31:*.tzo=01;31:*.t7z=01;31:*.zip=01;31:*.z=01;31:*.dz=01;31:*.gz=01;31:*.lrz=01;31:*.lz=01;31:*.lzo=01;31:*.xz=01;31:*.zst=01;31:*.tzst=01;31:*.bz2=01;31:*.bz=01;31:*.tbz=01;31:*.tbz2=01;31:*.tz=01;31:*.deb=01;31:*.rpm=01;31:*.jar=01;31:*.war=01;31:*.ear=01;31:*.sar=01;31:*.rar=01;31:*.alz=01;31:*.ace=01;31:*.zoo=01;31:*.cpio=01;31:*.7z=01;31:*.rz=01;31:*.cab=01;31:*.wim=01;31:*.swm=01;31:*.dwm=01;31:*.esd=01;31:*.jpg=01;35:*.jpeg=01;35:*.mjpg=01;35:*.mjpeg=01;35:*.gif=01;35:*.bmp=01;35:*.pbm=01;35:*.pgm=01;35:*.ppm=01;35:*.tga=01;35:*.xbm=01;35:*.xpm=01;35:*.tif=01;35:*.tiff=01;35:*.png=01;35:*.svg=01;35:*.svgz=01;35:*.mng=01;35:*.pcx=01;35:*.mov=01;35:*.mpg=01;35:*.mpeg=01;35:*.m2v=01;35:*.mkv=01;35:*.webm=01;35:*.webp=01;35:*.ogm=01;35:*.mp4=01;35:*.m4v=01;35:*.mp4v=01;35:*.vob=01;35:*.qt=01;35:*.nuv=01;35:*.wmv=01;35:*.asf=01;35:*.rm=01;35:*.rmvb=01;35:*.flc=01;35:*.avi=01;35:*.fli=01;35:*.flv=01;35:*.gl=01;35:*.dl=01;35:*.xcf=01;35:*.xwd=01;35:*.yuv=01;35:*.cgm=01;35:*.emf=01;35:*.ogv=01;35:*.ogx=01;35:*.aac=00;36:*.au=00;36:*.flac=00;36:*.m4a=00;36:*.mid=00;36:*.midi=00;36:*.mka=00;36:*.mp3=00;36:*.mpc=00;36:*.ogg=00;36:*.ra=00;36:*.wav=00;36:*.oga=00;36:*.opus=00;36:*.spx=00;36:*.xspf=00;36:'), ('VSCODE_GIT_IPC_HANDLE', '/run/user/1000/vscode-git-c5327147f8.sock'), ('TERM_PROGRAM', 'vscode'), ('SSH_AGENT_LAUNCHER', 'gnome-keyring'), ('SSH_AUTH_SOCK', '/run/user/1000/keyring/ssh'), ('AMENT_PREFIX_PATH', '/home/aliomacc/turtlebot3_ws/install/turtlebot3_simulations:/home/aliomacc/turtlebot3_ws/install/turtlebot3_manipulation_gazebo:/home/aliomacc/turtlebot3_ws/install/turtlebot3_gazebo:/home/aliomacc/turtlebot3_ws/install/turtlebot3_fake_node:/home/aliomacc/ros2_ws/install/actions_py:/home/aliomacc/ros2_ws/install/my_robot_interfaces:/home/aliomacc/ros2_ws/install/my_robot_description:/home/aliomacc/ros2_ws/install/my_robot_bringup:/home/aliomacc/ros2_ws/install/lifecycle_py:/home/aliomacc/ros2_ws/install/lifecycle_cpp:/opt/ros/humble'), ('SHELL', '/bin/bash'), ('TERMINATOR_UUID', 'urn:uuid:e17eb614-94fe-45ad-b942-6e10beee66f6'), ('QT_ACCESSIBILITY', '1'), ('GDMSESSION', 'ubuntu-xorg'), ('LESSCLOSE', '/usr/bin/lesspipe %s %s'), ('GPG_AGENT_INFO', '/run/user/1000/gnupg/S.gpg-agent:0:1'), ('GJS_DEBUG_OUTPUT', 'stderr'), ('VSCODE_GIT_ASKPASS_EXTRA_ARGS', ''), ('QT_IM_MODULE', 'ibus'), ('PWD', '/home/aliomacc/sti_usv/build/workspace_gz'), ('TURTLEBOT3_MODEL', 'waffle'), ('XDG_CONFIG_DIRS', '/etc/xdg/xdg-ubuntu-xorg:/etc/xdg'), ('XDG_DATA_DIRS', '/usr/share/ubuntu-xorg:/usr/share/gnome:/home/aliomacc/.local/share/flatpak/exports/share:/var/lib/flatpak/exports/share:/usr/local/share/:/usr/share/:/var/lib/snapd/desktop'), ('PYTHONPATH', '/home/aliomacc/ros2_ws/install/actions_py/lib/python3.10/site-packages:/home/aliomacc/ros2_ws/install/my_robot_interfaces/local/lib/python3.10/dist-packages:/home/aliomacc/ros2_ws/install/lifecycle_py/lib/python3.10/site-packages:/opt/ros/humble/lib/python3.10/site-packages:/opt/ros/humble/local/lib/python3.10/dist-packages'), ('COLCON', '1'), ('VTE_VERSION', '6800'), ('CMAKE_PREFIX_PATH', '/home/aliomacc/turtlebot3_ws/install/turtlebot3_simulations:/home/aliomacc/turtlebot3_ws/install/turtlebot3_manipulation_gazebo:/home/aliomacc/turtlebot3_ws/install/turtlebot3_gazebo:/home/aliomacc/turtlebot3_ws/install/turtlebot3_fake_node:/home/aliomacc/ros2_ws/install/my_robot_interfaces:/home/aliomacc/ros2_ws/install/my_robot_description:/home/aliomacc/ros2_ws/install/my_robot_bringup:/home/aliomacc/ros2_ws/install/lifecycle_cpp:/home/aliomacc/ros2_ws/install/actions_py:/home/aliomacc/ros2_ws/install/lifecycle_py:/opt/ros/humble')]), 'shell': False}
[6.782424] (-) TimerEvent: {}
[6.887132] (-) TimerEvent: {}
[6.897663] (workspace_gz) StdoutLine: {'line': b'\x1b[35m\x1b[1mConsolidate compiler generated dependencies of target Waves\x1b[0m\n'}
[6.898394] (workspace_gz) StdoutLine: {'line': b'\x1b[35m\x1b[1mConsolidate compiler generated dependencies of target ScoringPlugin\x1b[0m\n'}
[6.987288] (-) TimerEvent: {}
[7.036643] (workspace_gz) StdoutLine: {'line': b'[  1%] \x1b[32mBuilding CXX object CMakeFiles/Waves.dir/plugins/Wavefield.cc.o\x1b[0m\n'}
[7.051351] (workspace_gz) StdoutLine: {'line': b'[  3%] \x1b[32mBuilding CXX object CMakeFiles/ScoringPlugin.dir/plugins/ScoringPlugin.cc.o\x1b[0m\n'}
[7.069692] (kiss_icp) StdoutLine: {'line': b'-- Override CMake install command with custom implementation using symlinks instead of copying resources\n'}
[7.087496] (-) TimerEvent: {}
[7.189765] (-) TimerEvent: {}
[7.291472] (-) TimerEvent: {}
[7.345702] (kiss_icp) StdoutLine: {'line': b'-- Found geometry_msgs: 4.9.0 (/opt/ros/humble/share/geometry_msgs/cmake)\n'}
[7.391639] (-) TimerEvent: {}
[7.495568] (-) TimerEvent: {}
[7.596582] (-) TimerEvent: {}
[7.697599] (-) TimerEvent: {}
[7.708622] (kiss_icp) StdoutLine: {'line': b'-- Found rosidl_generator_c: 3.1.8 (/opt/ros/humble/share/rosidl_generator_c/cmake)\n'}
[7.770070] (kiss_icp) StdoutLine: {'line': b'-- Found rosidl_adapter: 3.1.8 (/opt/ros/humble/share/rosidl_adapter/cmake)\n'}
[7.797806] (-) TimerEvent: {}
[7.851842] (kiss_icp) StdoutLine: {'line': b'-- Found rosidl_generator_cpp: 3.1.8 (/opt/ros/humble/share/rosidl_generator_cpp/cmake)\n'}
[7.897988] (-) TimerEvent: {}
[7.980975] (kiss_icp) StdoutLine: {'line': b'-- Using all available rosidl_typesupport_c: rosidl_typesupport_fastrtps_c;rosidl_typesupport_introspection_c\n'}
[7.998235] (-) TimerEvent: {}
[8.099148] (-) TimerEvent: {}
[8.164093] (kiss_icp) StdoutLine: {'line': b'-- Using all available rosidl_typesupport_cpp: rosidl_typesupport_fastrtps_cpp;rosidl_typesupport_introspection_cpp\n'}
[8.200839] (-) TimerEvent: {}
[8.205434] (workspace_nav) StdoutLine: {'line': b'running develop\n'}
[8.237598] (workspace_ros) StdoutLine: {'line': b'running develop\n'}
[8.303439] (-) TimerEvent: {}
[8.404348] (-) TimerEvent: {}
[8.508045] (-) TimerEvent: {}
[8.576219] (kiss_icp) StdoutLine: {'line': b'-- Found nav_msgs: 4.9.0 (/opt/ros/humble/share/nav_msgs/cmake)\n'}
[8.611249] (-) TimerEvent: {}
[8.712329] (-) TimerEvent: {}
[8.737831] (kiss_icp) StdoutLine: {'line': b'-- Found rclcpp: 16.0.17 (/opt/ros/humble/share/rclcpp/cmake)\n'}
[8.812662] (-) TimerEvent: {}
[8.915891] (-) TimerEvent: {}
[9.019031] (-) TimerEvent: {}
[9.094338] (kiss_icp) StdoutLine: {'line': b'-- Found rmw_implementation_cmake: 6.1.2 (/opt/ros/humble/share/rmw_implementation_cmake/cmake)\n'}
[9.130105] (-) TimerEvent: {}
[9.136133] (kiss_icp) StdoutLine: {'line': b'-- Found rmw_fastrtps_cpp: 6.2.9 (/opt/ros/humble/share/rmw_fastrtps_cpp/cmake)\n'}
[9.230316] (-) TimerEvent: {}
[9.332637] (-) TimerEvent: {}
[9.434371] (-) TimerEvent: {}
[9.536766] (-) TimerEvent: {}
[9.625514] (workspace_ros) StdoutLine: {'line': b'running egg_info\n'}
[9.626850] (workspace_ros) StdoutLine: {'line': b'writing workspace_ros.egg-info/PKG-INFO\n'}
[9.628018] (workspace_ros) StdoutLine: {'line': b'writing dependency_links to workspace_ros.egg-info/dependency_links.txt\n'}
[9.629066] (workspace_ros) StdoutLine: {'line': b'writing entry points to workspace_ros.egg-info/entry_points.txt\n'}
[9.629897] (workspace_ros) StdoutLine: {'line': b'writing requirements to workspace_ros.egg-info/requires.txt\n'}
[9.630574] (workspace_ros) StdoutLine: {'line': b'writing top-level names to workspace_ros.egg-info/top_level.txt\n'}
[9.640529] (workspace_nav) StdoutLine: {'line': b'running egg_info\n'}
[9.641454] (-) TimerEvent: {}
[9.642457] (workspace_nav) StdoutLine: {'line': b'writing workspace_nav.egg-info/PKG-INFO\n'}
[9.642983] (workspace_ros) StdoutLine: {'line': b"reading manifest file 'workspace_ros.egg-info/SOURCES.txt'\n"}
[9.643632] (workspace_nav) StdoutLine: {'line': b'writing dependency_links to workspace_nav.egg-info/dependency_links.txt\n'}
[9.644043] (workspace_nav) StdoutLine: {'line': b'writing entry points to workspace_nav.egg-info/entry_points.txt\n'}
[9.651497] (workspace_nav) StdoutLine: {'line': b'writing requirements to workspace_nav.egg-info/requires.txt\n'}
[9.652401] (workspace_nav) StdoutLine: {'line': b'writing top-level names to workspace_nav.egg-info/top_level.txt\n'}
[9.652916] (workspace_ros) StdoutLine: {'line': b"writing manifest file 'workspace_ros.egg-info/SOURCES.txt'\n"}
[9.659441] (workspace_nav) StdoutLine: {'line': b"reading manifest file 'workspace_nav.egg-info/SOURCES.txt'\n"}
[9.663985] (workspace_ros) StdoutLine: {'line': b'running build_ext\n'}
[9.664809] (workspace_ros) StdoutLine: {'line': b'Creating /home/aliomacc/sti_usv/install/workspace_ros/lib/python3.10/site-packages/workspace-ros.egg-link (link to .)\n'}
[9.670427] (workspace_ros) StdoutLine: {'line': b'Installing converter script to /home/aliomacc/sti_usv/install/workspace_ros/lib/workspace_ros\n'}
[9.672678] (workspace_ros) StdoutLine: {'line': b'Installing gps_covariance_repub script to /home/aliomacc/sti_usv/install/workspace_ros/lib/workspace_ros\n'}
[9.674045] (workspace_ros) StdoutLine: {'line': b'Installing imu_covariance_repub script to /home/aliomacc/sti_usv/install/workspace_ros/lib/workspace_ros\n'}
[9.674730] (workspace_ros) StdoutLine: {'line': b'Installing lidar_processor script to /home/aliomacc/sti_usv/install/workspace_ros/lib/workspace_ros\n'}
[9.676137] (workspace_nav) StdoutLine: {'line': b"writing manifest file 'workspace_nav.egg-info/SOURCES.txt'\n"}
[9.679546] (workspace_ros) StdoutLine: {'line': b'Installing static_transform_publisher script to /home/aliomacc/sti_usv/install/workspace_ros/lib/workspace_ros\n'}
[9.680158] (workspace_ros) StdoutLine: {'line': b'Installing wasd_teleop script to /home/aliomacc/sti_usv/install/workspace_ros/lib/workspace_ros\n'}
[9.680662] (workspace_ros) StdoutLine: {'line': b'\n'}
[9.681070] (workspace_ros) StdoutLine: {'line': b'Installed /home/aliomacc/sti_usv/build/workspace_ros\n'}
[9.681505] (workspace_ros) StdoutLine: {'line': b'running symlink_data\n'}
[9.688448] (workspace_nav) StdoutLine: {'line': b'running build_ext\n'}
[9.689130] (workspace_nav) StdoutLine: {'line': b'Creating /home/aliomacc/sti_usv/install/workspace_nav/lib/python3.10/site-packages/workspace-nav.egg-link (link to .)\n'}
[9.694014] (workspace_nav) StdoutLine: {'line': b'Installing parkour_navigation script to /home/aliomacc/sti_usv/install/workspace_nav/lib/workspace_nav\n'}
[9.696139] (workspace_nav) StdoutLine: {'line': b'\n'}
[9.696764] (workspace_nav) StdoutLine: {'line': b'Installed /home/aliomacc/sti_usv/build/workspace_nav\n'}
[9.697397] (workspace_nav) StdoutLine: {'line': b'running symlink_data\n'}
[9.705448] (kiss_icp) StdoutLine: {'line': b'-- Found OpenSSL: /usr/lib/x86_64-linux-gnu/libcrypto.so (found version "3.0.2")  \n'}
[9.741692] (-) TimerEvent: {}
[9.842042] (workspace_ros) CommandEnded: {'returncode': 0}
[9.855502] (-) TimerEvent: {}
[9.921718] (kiss_icp) StdoutLine: {'line': b'-- Found FastRTPS: /opt/ros/humble/include  \n'}
[9.928551] (workspace_ros) JobEnded: {'identifier': 'workspace_ros', 'rc': 0}
[9.933691] (workspace_nav) CommandEnded: {'returncode': 0}
[9.955736] (-) TimerEvent: {}
[9.972178] (workspace_nav) JobEnded: {'identifier': 'workspace_nav', 'rc': 0}
[10.055943] (-) TimerEvent: {}
[10.157197] (-) TimerEvent: {}
[10.239365] (kiss_icp) StdoutLine: {'line': b"-- Using RMW implementation 'rmw_fastrtps_cpp' as default\n"}
[10.257413] (-) TimerEvent: {}
[10.333045] (kiss_icp) StdoutLine: {'line': b'-- Found Threads: TRUE  \n'}
[10.357885] (-) TimerEvent: {}
[10.459207] (-) TimerEvent: {}
[10.561186] (-) TimerEvent: {}
[10.666985] (-) TimerEvent: {}
[10.673375] (kiss_icp) StdoutLine: {'line': b'-- Found rclcpp_components: 16.0.17 (/opt/ros/humble/share/rclcpp_components/cmake)\n'}
[10.772061] (-) TimerEvent: {}
[10.873055] (-) TimerEvent: {}
[10.899737] (kiss_icp) StdoutLine: {'line': b'-- Found sensor_msgs: 4.9.0 (/opt/ros/humble/share/sensor_msgs/cmake)\n'}
[10.973274] (-) TimerEvent: {}
[11.041053] (kiss_icp) StdoutLine: {'line': b'-- Found tf2_ros: 0.25.18 (/opt/ros/humble/share/tf2_ros/cmake)\n'}
[11.073504] (-) TimerEvent: {}
[11.174375] (-) TimerEvent: {}
[11.275345] (-) TimerEvent: {}
[11.376105] (-) TimerEvent: {}
[11.476924] (-) TimerEvent: {}
[11.577875] (-) TimerEvent: {}
[11.678770] (-) TimerEvent: {}
[11.779687] (-) TimerEvent: {}
[11.880573] (-) TimerEvent: {}
[11.887897] (kiss_icp) StdoutLine: {'line': b'-- Configuring done\n'}
[11.980773] (-) TimerEvent: {}
[12.012106] (kiss_icp) StdoutLine: {'line': b'-- Generating done\n'}
[12.051409] (kiss_icp) StdoutLine: {'line': b'-- Build files have been written to: /home/aliomacc/sti_usv/build/kiss_icp\n'}
[12.080963] (-) TimerEvent: {}
[12.086811] (kiss_icp) CommandEnded: {'returncode': 0}
[12.095745] (kiss_icp) JobProgress: {'identifier': 'kiss_icp', 'progress': 'build'}
[12.096606] (kiss_icp) Command: {'cmd': ['/usr/bin/cmake', '--build', '/home/aliomacc/sti_usv/build/kiss_icp', '--', '-j8', '-l8'], 'cwd': '/home/aliomacc/sti_usv/build/kiss_icp', 'env': OrderedDict([('GJS_DEBUG_TOPICS', 'JS ERROR;JS LOG'), ('LESSOPEN', '| /usr/bin/lesspipe %s'), ('USER', 'aliomacc'), ('XDG_SESSION_TYPE', 'x11'), ('GIT_ASKPASS', '/usr/share/antigravity/resources/app/extensions/git/dist/askpass.sh'), ('SHLVL', '2'), ('LD_LIBRARY_PATH', '/home/aliomacc/ros2_ws/install/my_robot_interfaces/lib:/opt/ros/humble/opt/rviz_ogre_vendor/lib:/opt/ros/humble/lib/x86_64-linux-gnu:/opt/ros/humble/lib'), ('ANTIGRAVITY_CLI_ALIAS', 'agy'), ('HOME', '/home/aliomacc'), ('CHROME_DESKTOP', 'antigravity.desktop'), ('OLDPWD', '/home/aliomacc/sti_usv/src'), ('TERM_PROGRAM_VERSION', '1.107.0'), ('DESKTOP_SESSION', 'ubuntu-xorg'), ('GIO_LAUNCHED_DESKTOP_FILE', '/usr/share/applications/terminator.desktop'), ('ROS_PYTHON_VERSION', '3'), ('GNOME_SHELL_SESSION_MODE', 'ubuntu'), ('GTK_MODULES', 'gail:atk-bridge'), ('PAGER', 'cat'), ('VSCODE_GIT_ASKPASS_MAIN', '/usr/share/antigravity/resources/app/extensions/git/dist/askpass-main.js'), ('VSCODE_GIT_ASKPASS_NODE', '/usr/share/antigravity/antigravity'), ('MANAGERPID', '1107'), ('SYSTEMD_EXEC_PID', '1513'), ('VSCODE_PYTHON_AUTOACTIVATE_GUARD', '1'), ('DBUS_SESSION_BUS_ADDRESS', 'unix:path=/run/user/1000/bus'), ('COLORTERM', 'truecolor'), ('TERMINATOR_DBUS_NAME', 'net.tenshu.Terminator21a9d5db22c73a993ff0b42f64b396873'), ('ANTIGRAVITY_AGENT', '1'), ('GIO_LAUNCHED_DESKTOP_FILE_PID', '3247'), ('COLCON_PREFIX_PATH', '/home/aliomacc/turtlebot3_ws/install:/home/aliomacc/ros2_ws/install'), ('ROS_DISTRO', 'humble'), ('GTK_IM_MODULE', 'ibus'), ('LOGNAME', 'aliomacc'), ('JOURNAL_STREAM', '8:12760'), ('_', '/usr/bin/colcon'), ('ROS_VERSION', '2'), ('XDG_SESSION_CLASS', 'user'), ('USERNAME', 'aliomacc'), ('TERM', 'xterm-256color'), ('GNOME_DESKTOP_SESSION_ID', 'this-is-deprecated'), ('FC_FONTATIONS', '1'), ('ROS_LOCALHOST_ONLY', '0'), ('WINDOWPATH', '2'), ('PATH', '/home/aliomacc/.local/bin:/home/aliomacc/.local/bin:/opt/ros/humble/bin:/home/aliomacc/.local/bin:/usr/local/sbin:/usr/local/bin:/usr/sbin:/usr/bin:/sbin:/bin:/usr/games:/usr/local/games:/snap/bin:/snap/bin'), ('SESSION_MANAGER', 'local/aliomacc-Nitro-AN515-55:@/tmp/.ICE-unix/1486,unix/aliomacc-Nitro-AN515-55:/tmp/.ICE-unix/1486'), ('INVOCATION_ID', '2ac0e07445ff4cff8e4472503a387641'), ('XDG_MENU_PREFIX', 'gnome-'), ('XDG_RUNTIME_DIR', '/run/user/1000'), ('GDK_BACKEND', 'x11'), ('DISPLAY', ':0'), ('TERMINATOR_DBUS_PATH', '/net/tenshu/Terminator2'), ('LANG', 'tr_TR.UTF-8'), ('XDG_CURRENT_DESKTOP', 'ubuntu:GNOME'), ('IBUS_DISABLE_SNOOPER', '1'), ('XMODIFIERS', '@im=ibus'), ('XDG_SESSION_DESKTOP', 'ubuntu-xorg'), ('XAUTHORITY', '/run/user/1000/gdm/Xauthority'), ('LS_COLORS', 'rs=0:di=01;34:ln=01;36:mh=00:pi=40;33:so=01;35:do=01;35:bd=40;33;01:cd=40;33;01:or=40;31;01:mi=00:su=37;41:sg=30;43:ca=30;41:tw=30;42:ow=34;42:st=37;44:ex=01;32:*.tar=01;31:*.tgz=01;31:*.arc=01;31:*.arj=01;31:*.taz=01;31:*.lha=01;31:*.lz4=01;31:*.lzh=01;31:*.lzma=01;31:*.tlz=01;31:*.txz=01;31:*.tzo=01;31:*.t7z=01;31:*.zip=01;31:*.z=01;31:*.dz=01;31:*.gz=01;31:*.lrz=01;31:*.lz=01;31:*.lzo=01;31:*.xz=01;31:*.zst=01;31:*.tzst=01;31:*.bz2=01;31:*.bz=01;31:*.tbz=01;31:*.tbz2=01;31:*.tz=01;31:*.deb=01;31:*.rpm=01;31:*.jar=01;31:*.war=01;31:*.ear=01;31:*.sar=01;31:*.rar=01;31:*.alz=01;31:*.ace=01;31:*.zoo=01;31:*.cpio=01;31:*.7z=01;31:*.rz=01;31:*.cab=01;31:*.wim=01;31:*.swm=01;31:*.dwm=01;31:*.esd=01;31:*.jpg=01;35:*.jpeg=01;35:*.mjpg=01;35:*.mjpeg=01;35:*.gif=01;35:*.bmp=01;35:*.pbm=01;35:*.pgm=01;35:*.ppm=01;35:*.tga=01;35:*.xbm=01;35:*.xpm=01;35:*.tif=01;35:*.tiff=01;35:*.png=01;35:*.svg=01;35:*.svgz=01;35:*.mng=01;35:*.pcx=01;35:*.mov=01;35:*.mpg=01;35:*.mpeg=01;35:*.m2v=01;35:*.mkv=01;35:*.webm=01;35:*.webp=01;35:*.ogm=01;35:*.mp4=01;35:*.m4v=01;35:*.mp4v=01;35:*.vob=01;35:*.qt=01;35:*.nuv=01;35:*.wmv=01;35:*.asf=01;35:*.rm=01;35:*.rmvb=01;35:*.flc=01;35:*.avi=01;35:*.fli=01;35:*.flv=01;35:*.gl=01;35:*.dl=01;35:*.xcf=01;35:*.xwd=01;35:*.yuv=01;35:*.cgm=01;35:*.emf=01;35:*.ogv=01;35:*.ogx=01;35:*.aac=00;36:*.au=00;36:*.flac=00;36:*.m4a=00;36:*.mid=00;36:*.midi=00;36:*.mka=00;36:*.mp3=00;36:*.mpc=00;36:*.ogg=00;36:*.ra=00;36:*.wav=00;36:*.oga=00;36:*.opus=00;36:*.spx=00;36:*.xspf=00;36:'), ('VSCODE_GIT_IPC_HANDLE', '/run/user/1000/vscode-git-c5327147f8.sock'), ('TERM_PROGRAM', 'vscode'), ('SSH_AGENT_LAUNCHER', 'gnome-keyring'), ('SSH_AUTH_SOCK', '/run/user/1000/keyring/ssh'), ('AMENT_PREFIX_PATH', '/home/aliomacc/turtlebot3_ws/install/turtlebot3_simulations:/home/aliomacc/turtlebot3_ws/install/turtlebot3_manipulation_gazebo:/home/aliomacc/turtlebot3_ws/install/turtlebot3_gazebo:/home/aliomacc/turtlebot3_ws/install/turtlebot3_fake_node:/home/aliomacc/ros2_ws/install/actions_py:/home/aliomacc/ros2_ws/install/my_robot_interfaces:/home/aliomacc/ros2_ws/install/my_robot_description:/home/aliomacc/ros2_ws/install/my_robot_bringup:/home/aliomacc/ros2_ws/install/lifecycle_py:/home/aliomacc/ros2_ws/install/lifecycle_cpp:/opt/ros/humble'), ('SHELL', '/bin/bash'), ('TERMINATOR_UUID', 'urn:uuid:e17eb614-94fe-45ad-b942-6e10beee66f6'), ('QT_ACCESSIBILITY', '1'), ('GDMSESSION', 'ubuntu-xorg'), ('LESSCLOSE', '/usr/bin/lesspipe %s %s'), ('GPG_AGENT_INFO', '/run/user/1000/gnupg/S.gpg-agent:0:1'), ('GJS_DEBUG_OUTPUT', 'stderr'), ('VSCODE_GIT_ASKPASS_EXTRA_ARGS', ''), ('QT_IM_MODULE', 'ibus'), ('PWD', '/home/aliomacc/sti_usv/build/kiss_icp'), ('TURTLEBOT3_MODEL', 'waffle'), ('XDG_CONFIG_DIRS', '/etc/xdg/xdg-ubuntu-xorg:/etc/xdg'), ('XDG_DATA_DIRS', '/usr/share/ubuntu-xorg:/usr/share/gnome:/home/aliomacc/.local/share/flatpak/exports/share:/var/lib/flatpak/exports/share:/usr/local/share/:/usr/share/:/var/lib/snapd/desktop'), ('PYTHONPATH', '/home/aliomacc/ros2_ws/install/actions_py/lib/python3.10/site-packages:/home/aliomacc/ros2_ws/install/my_robot_interfaces/local/lib/python3.10/dist-packages:/home/aliomacc/ros2_ws/install/lifecycle_py/lib/python3.10/site-packages:/opt/ros/humble/lib/python3.10/site-packages:/opt/ros/humble/local/lib/python3.10/dist-packages'), ('COLCON', '1'), ('VTE_VERSION', '6800'), ('CMAKE_PREFIX_PATH', '/home/aliomacc/turtlebot3_ws/install/turtlebot3_simulations:/home/aliomacc/turtlebot3_ws/install/turtlebot3_manipulation_gazebo:/home/aliomacc/turtlebot3_ws/install/turtlebot3_gazebo:/home/aliomacc/turtlebot3_ws/install/turtlebot3_fake_node:/home/aliomacc/ros2_ws/install/my_robot_interfaces:/home/aliomacc/ros2_ws/install/my_robot_description:/home/aliomacc/ros2_ws/install/my_robot_bringup:/home/aliomacc/ros2_ws/install/lifecycle_cpp:/home/aliomacc/ros2_ws/install/actions_py:/home/aliomacc/ros2_ws/install/lifecycle_py:/opt/ros/humble')]), 'shell': False}
[12.181140] (-) TimerEvent: {}
[12.282286] (-) TimerEvent: {}
[12.338901] (kiss_icp) StdoutLine: {'line': b'[  7%] \x1b[32mBuilding CXX object kiss_icp/core/CMakeFiles/kiss_icp_core.dir/Registration.cpp.o\x1b[0m\n'}
[12.340690] (kiss_icp) StdoutLine: {'line': b'[ 14%] \x1b[32mBuilding CXX object kiss_icp/core/CMakeFiles/kiss_icp_core.dir/VoxelUtils.cpp.o\x1b[0m\n'}
[12.360043] (kiss_icp) StdoutLine: {'line': b'[ 21%] \x1b[32mBuilding CXX object kiss_icp/core/CMakeFiles/kiss_icp_core.dir/Threshold.cpp.o\x1b[0m\n'}
[12.374731] (kiss_icp) StdoutLine: {'line': b'[ 28%] \x1b[32mBuilding CXX object kiss_icp/core/CMakeFiles/kiss_icp_core.dir/VoxelHashMap.cpp.o\x1b[0m\n'}
[12.380824] (kiss_icp) StdoutLine: {'line': b'[ 35%] \x1b[32mBuilding CXX object CMakeFiles/kiss_icp_node.dir/rclcpp_components/node_main_kiss_icp_node.cpp.o\x1b[0m\n'}
[12.382618] (-) TimerEvent: {}
[12.383267] (kiss_icp) StdoutLine: {'line': b'[ 42%] \x1b[32mBuilding CXX object kiss_icp/metrics/CMakeFiles/kiss_icp_metrics.dir/Metrics.cpp.o\x1b[0m\n'}
[12.402624] (kiss_icp) StdoutLine: {'line': b'[ 50%] \x1b[32mBuilding CXX object kiss_icp/core/CMakeFiles/kiss_icp_core.dir/Preprocessing.cpp.o\x1b[0m\n'}
[12.482838] (-) TimerEvent: {}
[12.584473] (-) TimerEvent: {}
[12.688191] (-) TimerEvent: {}
[12.793452] (-) TimerEvent: {}
[12.894448] (-) TimerEvent: {}
[12.996659] (-) TimerEvent: {}
[13.101379] (-) TimerEvent: {}
[13.206145] (-) TimerEvent: {}
[13.315629] (-) TimerEvent: {}
[13.419975] (-) TimerEvent: {}
[13.520865] (-) TimerEvent: {}
[13.626464] (-) TimerEvent: {}
[13.727725] (-) TimerEvent: {}
[13.833663] (-) TimerEvent: {}
[13.938444] (-) TimerEvent: {}
[14.040288] (-) TimerEvent: {}
[14.142775] (-) TimerEvent: {}
[14.247630] (-) TimerEvent: {}
[14.349451] (-) TimerEvent: {}
[14.453442] (-) TimerEvent: {}
[14.557471] (-) TimerEvent: {}
[14.661619] (-) TimerEvent: {}
[14.765480] (-) TimerEvent: {}
[14.866458] (-) TimerEvent: {}
[14.974528] (-) TimerEvent: {}
[15.076037] (-) TimerEvent: {}
[15.180468] (-) TimerEvent: {}
[15.284893] (-) TimerEvent: {}
[15.388193] (-) TimerEvent: {}
[15.492483] (-) TimerEvent: {}
[15.593446] (-) TimerEvent: {}
[15.697739] (-) TimerEvent: {}
[15.802462] (-) TimerEvent: {}
[15.903347] (-) TimerEvent: {}
[16.004379] (-) TimerEvent: {}
[16.109449] (-) TimerEvent: {}
[16.211090] (-) TimerEvent: {}
[16.316618] (-) TimerEvent: {}
[16.417456] (-) TimerEvent: {}
[16.518391] (-) TimerEvent: {}
[16.622905] (-) TimerEvent: {}
[16.726240] (-) TimerEvent: {}
[16.830489] (-) TimerEvent: {}
[16.931412] (-) TimerEvent: {}
[17.036780] (-) TimerEvent: {}
[17.137843] (-) TimerEvent: {}
[17.238784] (-) TimerEvent: {}
[17.342175] (-) TimerEvent: {}
[17.443157] (-) TimerEvent: {}
[17.550662] (-) TimerEvent: {}
[17.651822] (-) TimerEvent: {}
[17.754512] (-) TimerEvent: {}
[17.855977] (-) TimerEvent: {}
[17.959256] (-) TimerEvent: {}
[18.061779] (-) TimerEvent: {}
[18.165472] (-) TimerEvent: {}
[18.266343] (-) TimerEvent: {}
[18.367736] (-) TimerEvent: {}
[18.470463] (-) TimerEvent: {}
[18.574734] (-) TimerEvent: {}
[18.676148] (-) TimerEvent: {}
[18.778447] (-) TimerEvent: {}
[18.883554] (-) TimerEvent: {}
[18.984891] (-) TimerEvent: {}
[19.085872] (-) TimerEvent: {}
[19.189745] (-) TimerEvent: {}
[19.294127] (-) TimerEvent: {}
[19.397735] (-) TimerEvent: {}
[19.501745] (-) TimerEvent: {}
[19.606249] (-) TimerEvent: {}
[19.708713] (-) TimerEvent: {}
[19.815032] (-) TimerEvent: {}
[19.918397] (-) TimerEvent: {}
[20.026489] (-) TimerEvent: {}
[20.127639] (-) TimerEvent: {}
[20.238626] (-) TimerEvent: {}
[20.339641] (-) TimerEvent: {}
[20.444749] (-) TimerEvent: {}
[20.547552] (-) TimerEvent: {}
[20.652736] (-) TimerEvent: {}
[20.757478] (-) TimerEvent: {}
[20.863270] (-) TimerEvent: {}
[20.968516] (-) TimerEvent: {}
[21.069467] (-) TimerEvent: {}
[21.173496] (-) TimerEvent: {}
[21.274723] (-) TimerEvent: {}
[21.378462] (-) TimerEvent: {}
[21.485486] (-) TimerEvent: {}
[21.590591] (-) TimerEvent: {}
[21.695476] (-) TimerEvent: {}
[21.796511] (-) TimerEvent: {}
[21.902474] (-) TimerEvent: {}
[22.003470] (-) TimerEvent: {}
[22.104826] (-) TimerEvent: {}
[22.212411] (-) TimerEvent: {}
[22.313370] (-) TimerEvent: {}
[22.418455] (-) TimerEvent: {}
[22.520502] (-) TimerEvent: {}
[22.621402] (-) TimerEvent: {}
[22.724617] (-) TimerEvent: {}
[22.825481] (-) TimerEvent: {}
[22.932465] (-) TimerEvent: {}
[23.033560] (-) TimerEvent: {}
[23.135021] (-) TimerEvent: {}
[23.241652] (-) TimerEvent: {}
[23.342683] (-) TimerEvent: {}
[23.445672] (-) TimerEvent: {}
[23.551764] (-) TimerEvent: {}
[23.654694] (-) TimerEvent: {}
[23.758458] (-) TimerEvent: {}
[23.861161] (-) TimerEvent: {}
[23.966201] (-) TimerEvent: {}
[24.069452] (-) TimerEvent: {}
[24.173455] (-) TimerEvent: {}
[24.274441] (-) TimerEvent: {}
[24.375372] (-) TimerEvent: {}
[24.481535] (-) TimerEvent: {}
[24.582742] (-) TimerEvent: {}
[24.683604] (-) TimerEvent: {}
[24.786618] (-) TimerEvent: {}
[24.890882] (-) TimerEvent: {}
[24.993695] (-) TimerEvent: {}
[25.097532] (-) TimerEvent: {}
[25.206470] (-) TimerEvent: {}
[25.307402] (-) TimerEvent: {}
[25.409899] (-) TimerEvent: {}
[25.514869] (-) TimerEvent: {}
[25.617848] (-) TimerEvent: {}
[25.721464] (-) TimerEvent: {}
[25.826452] (-) TimerEvent: {}
[25.930468] (-) TimerEvent: {}
[26.031366] (-) TimerEvent: {}
[26.134406] (-) TimerEvent: {}
[26.235418] (-) TimerEvent: {}
[26.342088] (-) TimerEvent: {}
[26.449069] (-) TimerEvent: {}
[26.550068] (-) TimerEvent: {}
[26.655011] (-) TimerEvent: {}
[26.759017] (-) TimerEvent: {}
[26.863435] (-) TimerEvent: {}
[26.966519] (-) TimerEvent: {}
[27.069285] (-) TimerEvent: {}
[27.175745] (-) TimerEvent: {}
[27.276929] (-) TimerEvent: {}
[27.381717] (-) TimerEvent: {}
[27.486472] (-) TimerEvent: {}
[27.594456] (-) TimerEvent: {}
[27.695799] (-) TimerEvent: {}
[27.800454] (-) TimerEvent: {}
[27.903492] (-) TimerEvent: {}
[28.008498] (-) TimerEvent: {}
[28.109672] (-) TimerEvent: {}
[28.216738] (-) TimerEvent: {}
[28.318944] (-) TimerEvent: {}
[28.421814] (-) TimerEvent: {}
[28.526847] (-) TimerEvent: {}
[28.627850] (-) TimerEvent: {}
[28.731475] (-) TimerEvent: {}
[28.832754] (-) TimerEvent: {}
[28.935996] (-) TimerEvent: {}
[29.042313] (-) TimerEvent: {}
[29.144748] (-) TimerEvent: {}
[29.247196] (-) TimerEvent: {}
[29.352757] (-) TimerEvent: {}
[29.455806] (-) TimerEvent: {}
[29.556786] (-) TimerEvent: {}
[29.666423] (-) TimerEvent: {}
[29.767482] (-) TimerEvent: {}
[29.872194] (-) TimerEvent: {}
[29.973146] (-) TimerEvent: {}
[30.074092] (-) TimerEvent: {}
[30.177666] (-) TimerEvent: {}
[30.278909] (-) TimerEvent: {}
[30.382051] (-) TimerEvent: {}
[30.429235] (workspace_gz) StderrLine: {'line': b'\x1b[01m\x1b[K/home/aliomacc/sti_usv/src/usv_sim/workspace_gz/plugins/Wavefield.cc:\x1b[m\x1b[K In constructor \xe2\x80\x98\x1b[01m\x1b[Kvrx::WavefieldPrivate::WavefieldPrivate()\x1b[m\x1b[K\xe2\x80\x99:\n'}
[30.435840] (workspace_gz) StderrLine: {'line': b'\x1b[01m\x1b[K/home/aliomacc/sti_usv/src/usv_sim/workspace_gz/plugins/Wavefield.cc:137:18:\x1b[m\x1b[K \x1b[01;35m\x1b[Kwarning: \x1b[m\x1b[K\xe2\x80\x98\x1b[01m\x1b[Kvrx::WavefieldPrivate::wavenumber\x1b[m\x1b[K\xe2\x80\x99 will be initialized after [\x1b[01;35m\x1b[K\x1b]8;;https://gcc.gnu.org/onlinedocs/gcc/Warning-Options.html#index-Wreorder\x07-Wreorder\x1b]8;;\x07\x1b[m\x1b[K]\n'}
[30.438091] (workspace_gz) StderrLine: {'line': b'  137 |   public: double \x1b[01;35m\x1b[Kwavenumber\x1b[m\x1b[K;\n'}
[30.438610] (workspace_gz) StderrLine: {'line': b'      |                  \x1b[01;35m\x1b[K^~~~~~~~~~\x1b[m\x1b[K\n'}
[30.439049] (workspace_gz) StderrLine: {'line': b'\x1b[01m\x1b[K/home/aliomacc/sti_usv/src/usv_sim/workspace_gz/plugins/Wavefield.cc:125:18:\x1b[m\x1b[K \x1b[01;35m\x1b[Kwarning: \x1b[m\x1b[K  \xe2\x80\x98\x1b[01m\x1b[Kdouble vrx::WavefieldPrivate::tau\x1b[m\x1b[K\xe2\x80\x99 [\x1b[01;35m\x1b[K\x1b]8;;https://gcc.gnu.org/onlinedocs/gcc/Warning-Options.html#index-Wreorder\x07-Wreorder\x1b]8;;\x07\x1b[m\x1b[K]\n'}
[30.439510] (workspace_gz) StderrLine: {'line': b'  125 |   public: double \x1b[01;35m\x1b[Ktau\x1b[m\x1b[K;\n'}
[30.439970] (workspace_gz) StderrLine: {'line': b'      |                  \x1b[01;35m\x1b[K^~~\x1b[m\x1b[K\n'}
[30.440406] (workspace_gz) StderrLine: {'line': b'\x1b[01m\x1b[K/home/aliomacc/sti_usv/src/usv_sim/workspace_gz/plugins/Wavefield.cc:50:11:\x1b[m\x1b[K \x1b[01;35m\x1b[Kwarning: \x1b[m\x1b[K  when initialized here [\x1b[01;35m\x1b[K\x1b]8;;https://gcc.gnu.org/onlinedocs/gcc/Warning-Options.html#index-Wreorder\x07-Wreorder\x1b]8;;\x07\x1b[m\x1b[K]\n'}
[30.440867] (workspace_gz) StderrLine: {'line': b'   50 |   public: \x1b[01;35m\x1b[KWavefieldPrivate\x1b[m\x1b[K():\n'}
[30.441275] (workspace_gz) StderrLine: {'line': b'      |           \x1b[01;35m\x1b[K^~~~~~~~~~~~~~~~\x1b[m\x1b[K\n'}
[30.482222] (-) TimerEvent: {}
[30.586154] (-) TimerEvent: {}
[30.692261] (-) TimerEvent: {}
[30.793144] (-) TimerEvent: {}
[30.897448] (-) TimerEvent: {}
[30.961258] (workspace_gz) StderrLine: {'line': b'/home/aliomacc/sti_usv/src/usv_sim/workspace_gz/plugins/Wavefield.cc: In instantiation of \xe2\x80\x98\x1b[01m\x1b[Kvrx::Wavefield::ComputeDepthDirectly(const Vector3d&, double, double)::<lambda(auto:24, auto:25, auto:26, auto:27&, auto:28&, auto:29&)> [with auto:24 = Eigen::Matrix<double, 2, 1>; auto:25 = Eigen::Matrix<double, 2, 1>; auto:26 = double; auto:27 = vrx::Wavefield::ComputeDepthDirectly(const Vector3d&, double, double)::WaveParams; auto:28 = Eigen::Matrix<double, 2, 1>; auto:29 = Eigen::Matrix<double, 2, 2>]\x1b[m\x1b[K\xe2\x80\x99:\n'}
[30.962096] (workspace_gz) StderrLine: {'line': b'\x1b[01m\x1b[K/home/aliomacc/sti_usv/src/usv_sim/workspace_gz/plugins/Wavefield.cc:853:18:\x1b[m\x1b[K   required from \xe2\x80\x98\x1b[01m\x1b[Kvrx::Wavefield::ComputeDepthDirectly(const Vector3d&, double, double)::<lambda(auto:30&, auto:31, auto:32, auto:33, auto:34&, auto:35, auto:36)> [with auto:30 = vrx::Wavefield::ComputeDepthDirectly(const Vector3d&, double, double)::<lambda(auto:24, auto:25, auto:26, auto:27&, auto:28&, auto:29&)>; auto:31 = Eigen::Matrix<double, 2, 1>; auto:32 = Eigen::Matrix<double, 2, 1>; auto:33 = double; auto:34 = vrx::Wavefield::ComputeDepthDirectly(const Vector3d&, double, double)::WaveParams; auto:35 = double; auto:36 = double]\x1b[m\x1b[K\xe2\x80\x99\n'}
[30.962681] (workspace_gz) StderrLine: {'line': b'\x1b[01m\x1b[K/home/aliomacc/sti_usv/src/usv_sim/workspace_gz/plugins/Wavefield.cc:878:27:\x1b[m\x1b[K   required from here\n'}
[30.963223] (workspace_gz) StderrLine: {'line': b'\x1b[01m\x1b[K/home/aliomacc/sti_usv/src/usv_sim/workspace_gz/plugins/Wavefield.cc:810:26:\x1b[m\x1b[K \x1b[01;35m\x1b[Kwarning: \x1b[m\x1b[Kcomparison of integer expressions of different signedness: \xe2\x80\x98\x1b[01m\x1b[Kint\x1b[m\x1b[K\xe2\x80\x99 and \xe2\x80\x98\x1b[01m\x1b[Kconst size_t\x1b[m\x1b[K\xe2\x80\x99 {aka \xe2\x80\x98\x1b[01m\x1b[Kconst long unsigned int\x1b[m\x1b[K\xe2\x80\x99} [\x1b[01;35m\x1b[K\x1b]8;;https://gcc.gnu.org/onlinedocs/gcc/Warning-Options.html#index-Wsign-compare\x07-Wsign-compare\x1b]8;;\x07\x1b[m\x1b[K]\n'}
[30.963830] (workspace_gz) StderrLine: {'line': b'  810 | r (auto&& i = 0; \x1b[01;35m\x1b[Ki < n\x1b[m\x1b[K; ++i) // NOLINT\n'}
[30.968357] (workspace_gz) StderrLine: {'line': b'      |                  \x1b[01;35m\x1b[K~~^~~\x1b[m\x1b[K\n'}
[30.969066] (workspace_gz) StderrLine: {'line': b'\n'}
[31.000538] (-) TimerEvent: {}
[31.101409] (-) TimerEvent: {}
[31.206453] (-) TimerEvent: {}
[31.307419] (-) TimerEvent: {}
[31.408402] (-) TimerEvent: {}
[31.514455] (-) TimerEvent: {}
[31.616727] (-) TimerEvent: {}
[31.721167] (-) TimerEvent: {}
[31.826483] (-) TimerEvent: {}
[31.927533] (-) TimerEvent: {}
[32.030499] (-) TimerEvent: {}
[32.138453] (-) TimerEvent: {}
[32.239336] (-) TimerEvent: {}
[32.340237] (-) TimerEvent: {}
[32.441198] (-) TimerEvent: {}
[32.544988] (-) TimerEvent: {}
[32.648901] (-) TimerEvent: {}
[32.753447] (-) TimerEvent: {}
[32.854461] (-) TimerEvent: {}
[32.959668] (-) TimerEvent: {}
[33.060544] (-) TimerEvent: {}
[33.164446] (-) TimerEvent: {}
[33.265577] (-) TimerEvent: {}
[33.367532] (-) TimerEvent: {}
[33.472203] (-) TimerEvent: {}
[33.573095] (-) TimerEvent: {}
[33.677472] (-) TimerEvent: {}
[33.778337] (-) TimerEvent: {}
[33.879213] (-) TimerEvent: {}
[33.984507] (-) TimerEvent: {}
[34.086070] (-) TimerEvent: {}
[34.187477] (-) TimerEvent: {}
[34.291463] (-) TimerEvent: {}
[34.392363] (-) TimerEvent: {}
[34.496443] (-) TimerEvent: {}
[34.597308] (-) TimerEvent: {}
[34.700481] (-) TimerEvent: {}
[34.801488] (-) TimerEvent: {}
[34.903274] (-) TimerEvent: {}
[35.007450] (-) TimerEvent: {}
[35.108403] (-) TimerEvent: {}
[35.213684] (-) TimerEvent: {}
[35.315256] (-) TimerEvent: {}
[35.418444] (-) TimerEvent: {}
[35.520284] (-) TimerEvent: {}
[35.625283] (-) TimerEvent: {}
[35.726234] (-) TimerEvent: {}
[35.828937] (-) TimerEvent: {}
[35.935590] (-) TimerEvent: {}
[36.039736] (-) TimerEvent: {}
[36.144595] (-) TimerEvent: {}
[36.253659] (-) TimerEvent: {}
[36.354812] (-) TimerEvent: {}
[36.459692] (-) TimerEvent: {}
[36.561849] (-) TimerEvent: {}
[36.667460] (-) TimerEvent: {}
[36.768454] (-) TimerEvent: {}
[36.873450] (-) TimerEvent: {}
[36.980466] (-) TimerEvent: {}
[37.081442] (-) TimerEvent: {}
[37.182861] (-) TimerEvent: {}
[37.287225] (-) TimerEvent: {}
[37.392494] (-) TimerEvent: {}
[37.493636] (-) TimerEvent: {}
[37.594716] (-) TimerEvent: {}
[37.696479] (-) TimerEvent: {}
[37.799030] (-) TimerEvent: {}
[37.900508] (-) TimerEvent: {}
[38.005137] (-) TimerEvent: {}
[38.105986] (-) TimerEvent: {}
[38.208207] (-) TimerEvent: {}
[38.314543] (-) TimerEvent: {}
[38.416096] (-) TimerEvent: {}
[38.524846] (-) TimerEvent: {}
[38.625775] (-) TimerEvent: {}
[38.731485] (-) TimerEvent: {}
[38.832360] (-) TimerEvent: {}
[38.933208] (-) TimerEvent: {}
[39.034106] (-) TimerEvent: {}
[39.137476] (-) TimerEvent: {}
[39.240463] (-) TimerEvent: {}
[39.342457] (-) TimerEvent: {}
[39.446448] (-) TimerEvent: {}
[39.547331] (-) TimerEvent: {}
[39.648178] (-) TimerEvent: {}
[39.752448] (-) TimerEvent: {}
[39.853371] (-) TimerEvent: {}
[39.958759] (-) TimerEvent: {}
[40.061451] (-) TimerEvent: {}
[40.166199] (-) TimerEvent: {}
[40.269009] (-) TimerEvent: {}
[40.374224] (-) TimerEvent: {}
[40.446960] (kiss_icp) StdoutLine: {'line': b'[ 57%] \x1b[32m\x1b[1mLinking CXX executable kiss_icp_node\x1b[0m\n'}
[40.476463] (-) TimerEvent: {}
[40.577314] (-) TimerEvent: {}
[40.679289] (-) TimerEvent: {}
[40.783805] (-) TimerEvent: {}
[40.884760] (-) TimerEvent: {}
[40.987834] (-) TimerEvent: {}
[41.089475] (-) TimerEvent: {}
[41.193573] (-) TimerEvent: {}
[41.303454] (-) TimerEvent: {}
[41.345500] (kiss_icp) StdoutLine: {'line': b'[ 57%] Built target kiss_icp_node\n'}
[41.407167] (-) TimerEvent: {}
[41.515470] (-) TimerEvent: {}
[41.619602] (-) TimerEvent: {}
[41.720536] (-) TimerEvent: {}
[41.822939] (-) TimerEvent: {}
[41.923979] (-) TimerEvent: {}
[42.025184] (-) TimerEvent: {}
[42.129769] (-) TimerEvent: {}
[42.230717] (-) TimerEvent: {}
[42.332462] (-) TimerEvent: {}
[42.434383] (-) TimerEvent: {}
[42.536632] (-) TimerEvent: {}
[42.637551] (-) TimerEvent: {}
[42.738714] (-) TimerEvent: {}
[42.841470] (-) TimerEvent: {}
[42.942280] (-) TimerEvent: {}
[43.044168] (-) TimerEvent: {}
[43.145448] (-) TimerEvent: {}
[43.247124] (-) TimerEvent: {}
[43.352646] (-) TimerEvent: {}
[43.454035] (-) TimerEvent: {}
[43.456261] (workspace_gz) StderrLine: {'line': b'\x1b[01m\x1b[K/home/aliomacc/sti_usv/src/usv_sim/workspace_gz/plugins/ScoringPlugin.cc:\x1b[m\x1b[K In member function \xe2\x80\x98\x1b[01m\x1b[Kvirtual void vrx::ScoringPlugin::Configure(const Entity&, const std::shared_ptr<const sdf::v12::Element>&, ignition::gazebo::v6::EntityComponentManager&, ignition::gazebo::v6::EventManager&)\x1b[m\x1b[K\xe2\x80\x99:\n'}
[43.457001] (workspace_gz) StderrLine: {'line': b'\x1b[01m\x1b[K/home/aliomacc/sti_usv/src/usv_sim/workspace_gz/plugins/ScoringPlugin.cc:374:50:\x1b[m\x1b[K \x1b[01;35m\x1b[Kwarning: \x1b[m\x1b[Kunused parameter \xe2\x80\x98\x1b[01m\x1b[K_entity\x1b[m\x1b[K\xe2\x80\x99 [\x1b[01;35m\x1b[K\x1b]8;;https://gcc.gnu.org/onlinedocs/gcc/Warning-Options.html#index-Wunused-parameter\x07-Wunused-parameter\x1b]8;;\x07\x1b[m\x1b[K]\n'}
[43.457522] (workspace_gz) StderrLine: {'line': b'  374 | void ScoringPlugin::Configure(\x1b[01;35m\x1b[Kconst sim::Entity &_entity\x1b[m\x1b[K,\n'}
[43.457990] (workspace_gz) StderrLine: {'line': b'      |                               \x1b[01;35m\x1b[K~~~~~~~~~~~~~~~~~~~^~~~~~~\x1b[m\x1b[K\n'}
[43.465408] (workspace_gz) StderrLine: {'line': b'\x1b[01m\x1b[K/home/aliomacc/sti_usv/src/usv_sim/workspace_gz/plugins/ScoringPlugin.cc:376:34:\x1b[m\x1b[K \x1b[01;35m\x1b[Kwarning: \x1b[m\x1b[Kunused parameter \xe2\x80\x98\x1b[01m\x1b[K_ecm\x1b[m\x1b[K\xe2\x80\x99 [\x1b[01;35m\x1b[K\x1b]8;;https://gcc.gnu.org/onlinedocs/gcc/Warning-Options.html#index-Wunused-parameter\x07-Wunused-parameter\x1b]8;;\x07\x1b[m\x1b[K]\n'}
[43.466102] (workspace_gz) StderrLine: {'line': b'  376 |     \x1b[01;35m\x1b[Ksim::EntityComponentManager &_ecm\x1b[m\x1b[K,\n'}
[43.466602] (workspace_gz) StderrLine: {'line': b'      |     \x1b[01;35m\x1b[K~~~~~~~~~~~~~~~~~~~~~~~~~~~~~^~~~\x1b[m\x1b[K\n'}
[43.487695] (workspace_gz) StderrLine: {'line': b'\x1b[01m\x1b[K/home/aliomacc/sti_usv/src/usv_sim/workspace_gz/plugins/ScoringPlugin.cc:\x1b[m\x1b[K In member function \xe2\x80\x98\x1b[01m\x1b[Kvoid vrx::ScoringPlugin::OnContacts(const ignition::msgs::Contacts&)\x1b[m\x1b[K\xe2\x80\x99:\n'}
[43.488494] (workspace_gz) StderrLine: {'line': b'\x1b[01m\x1b[K/home/aliomacc/sti_usv/src/usv_sim/workspace_gz/plugins/ScoringPlugin.cc:614:30:\x1b[m\x1b[K \x1b[01;35m\x1b[Kwarning: \x1b[m\x1b[Kcomparison of integer expressions of different signedness: \xe2\x80\x98\x1b[01m\x1b[Kunsigned int\x1b[m\x1b[K\xe2\x80\x99 and \xe2\x80\x98\x1b[01m\x1b[Kint\x1b[m\x1b[K\xe2\x80\x99 [\x1b[01;35m\x1b[K\x1b]8;;https://gcc.gnu.org/onlinedocs/gcc/Warning-Options.html#index-Wsign-compare\x07-Wsign-compare\x1b]8;;\x07\x1b[m\x1b[K]\n'}
[43.489018] (workspace_gz) StderrLine: {'line': b'  614 |   for (unsigned int i = 0; \x1b[01;35m\x1b[Ki < _contacts.contact_size()\x1b[m\x1b[K; ++i)\n'}
[43.489509] (workspace_gz) StderrLine: {'line': b'      |                            \x1b[01;35m\x1b[K~~^~~~~~~~~~~~~~~~~~~~~~~~~~\x1b[m\x1b[K\n'}
[43.555997] (-) TimerEvent: {}
[43.660028] (-) TimerEvent: {}
[43.763941] (-) TimerEvent: {}
[43.866727] (-) TimerEvent: {}
[43.969777] (-) TimerEvent: {}
[44.073736] (-) TimerEvent: {}
[44.175191] (-) TimerEvent: {}
[44.278683] (-) TimerEvent: {}
[44.382175] (-) TimerEvent: {}
[44.483280] (-) TimerEvent: {}
[44.585922] (-) TimerEvent: {}
[44.688006] (-) TimerEvent: {}
[44.792719] (-) TimerEvent: {}
[44.893616] (-) TimerEvent: {}
[44.994532] (-) TimerEvent: {}
[45.097115] (-) TimerEvent: {}
[45.199138] (-) TimerEvent: {}
[45.300148] (-) TimerEvent: {}
[45.401858] (-) TimerEvent: {}
[45.503483] (-) TimerEvent: {}
[45.607139] (-) TimerEvent: {}
[45.708035] (-) TimerEvent: {}
[45.808912] (-) TimerEvent: {}
[45.913514] (-) TimerEvent: {}
[46.015943] (-) TimerEvent: {}
[46.120163] (-) TimerEvent: {}
[46.221049] (-) TimerEvent: {}
[46.322281] (-) TimerEvent: {}
[46.426780] (-) TimerEvent: {}
[46.527587] (-) TimerEvent: {}
[46.629120] (-) TimerEvent: {}
[46.730132] (-) TimerEvent: {}
[46.833554] (-) TimerEvent: {}
[46.934398] (-) TimerEvent: {}
[47.035250] (-) TimerEvent: {}
[47.136456] (-) TimerEvent: {}
[47.237565] (-) TimerEvent: {}
[47.338467] (-) TimerEvent: {}
[47.440785] (-) TimerEvent: {}
[47.541581] (-) TimerEvent: {}
[47.642966] (-) TimerEvent: {}
[47.744530] (-) TimerEvent: {}
[47.845742] (-) TimerEvent: {}
[47.946549] (-) TimerEvent: {}
[48.047587] (-) TimerEvent: {}
[48.148461] (-) TimerEvent: {}
[48.249409] (-) TimerEvent: {}
[48.350523] (-) TimerEvent: {}
[48.454980] (-) TimerEvent: {}
[48.556764] (-) TimerEvent: {}
[48.657753] (-) TimerEvent: {}
[48.762027] (-) TimerEvent: {}
[48.863039] (-) TimerEvent: {}
[48.963943] (-) TimerEvent: {}
[49.064790] (-) TimerEvent: {}
[49.166054] (-) TimerEvent: {}
[49.267709] (-) TimerEvent: {}
[49.369353] (-) TimerEvent: {}
[49.470357] (-) TimerEvent: {}
[49.571200] (-) TimerEvent: {}
[49.672037] (-) TimerEvent: {}
[49.772920] (-) TimerEvent: {}
[49.874072] (-) TimerEvent: {}
[49.976462] (-) TimerEvent: {}
[50.077995] (-) TimerEvent: {}
[50.179655] (-) TimerEvent: {}
[50.285837] (-) TimerEvent: {}
[50.386772] (-) TimerEvent: {}
[50.488014] (-) TimerEvent: {}
[50.588959] (-) TimerEvent: {}
[50.689899] (-) TimerEvent: {}
[50.791019] (-) TimerEvent: {}
[50.892630] (-) TimerEvent: {}
[50.994145] (-) TimerEvent: {}
[51.096489] (-) TimerEvent: {}
[51.197488] (-) TimerEvent: {}
[51.300251] (-) TimerEvent: {}
[51.401930] (-) TimerEvent: {}
[51.504566] (-) TimerEvent: {}
[51.605739] (-) TimerEvent: {}
[51.706682] (-) TimerEvent: {}
[51.809049] (-) TimerEvent: {}
[51.913762] (-) TimerEvent: {}
[52.014703] (-) TimerEvent: {}
[52.116262] (-) TimerEvent: {}
[52.222439] (-) TimerEvent: {}
[52.323254] (-) TimerEvent: {}
[52.424098] (-) TimerEvent: {}
[52.525086] (-) TimerEvent: {}
[52.625972] (-) TimerEvent: {}
[52.727738] (-) TimerEvent: {}
[52.829325] (-) TimerEvent: {}
[52.931810] (-) TimerEvent: {}
[53.038089] (-) TimerEvent: {}
[53.141891] (-) TimerEvent: {}
[53.242756] (-) TimerEvent: {}
[53.346999] (-) TimerEvent: {}
[53.449782] (-) TimerEvent: {}
[53.552552] (-) TimerEvent: {}
[53.659817] (-) TimerEvent: {}
[53.761024] (-) TimerEvent: {}
[53.863902] (-) TimerEvent: {}
[53.964869] (-) TimerEvent: {}
[54.065745] (-) TimerEvent: {}
[54.166698] (-) TimerEvent: {}
[54.268454] (-) TimerEvent: {}
[54.372647] (-) TimerEvent: {}
[54.475459] (-) TimerEvent: {}
[54.576354] (-) TimerEvent: {}
[54.677823] (-) TimerEvent: {}
[54.779864] (-) TimerEvent: {}
[54.881779] (-) TimerEvent: {}
[54.982674] (-) TimerEvent: {}
[55.086617] (-) TimerEvent: {}
[55.187658] (-) TimerEvent: {}
[55.288506] (-) TimerEvent: {}
[55.389388] (-) TimerEvent: {}
[55.490750] (-) TimerEvent: {}
[55.591689] (-) TimerEvent: {}
[55.693878] (-) TimerEvent: {}
[55.795105] (-) TimerEvent: {}
[55.896033] (-) TimerEvent: {}
[55.997024] (-) TimerEvent: {}
[56.099514] (-) TimerEvent: {}
[56.200457] (-) TimerEvent: {}
[56.301922] (-) TimerEvent: {}
[56.403240] (-) TimerEvent: {}
[56.504127] (-) TimerEvent: {}
[56.605086] (-) TimerEvent: {}
[56.707526] (-) TimerEvent: {}
[56.808445] (-) TimerEvent: {}
[56.909251] (-) TimerEvent: {}
[57.011759] (-) TimerEvent: {}
[57.114911] (-) TimerEvent: {}
[57.215891] (-) TimerEvent: {}
[57.320453] (-) TimerEvent: {}
[57.421730] (-) TimerEvent: {}
[57.524449] (-) TimerEvent: {}
[57.626169] (-) TimerEvent: {}
[57.727180] (-) TimerEvent: {}
[57.828158] (-) TimerEvent: {}
[57.934572] (-) TimerEvent: {}
[58.035633] (-) TimerEvent: {}
[58.075370] (workspace_gz) StdoutLine: {'line': b'[  5%] \x1b[32m\x1b[1mLinking CXX shared library libWaves.so\x1b[0m\n'}
[58.135888] (-) TimerEvent: {}
[58.237109] (-) TimerEvent: {}
[58.340472] (-) TimerEvent: {}
[58.441364] (-) TimerEvent: {}
[58.543657] (-) TimerEvent: {}
[58.645669] (-) TimerEvent: {}
[58.746575] (-) TimerEvent: {}
[58.850840] (-) TimerEvent: {}
[58.951691] (-) TimerEvent: {}
[58.998387] (kiss_icp) StdoutLine: {'line': b'[ 64%] \x1b[32m\x1b[1mLinking CXX static library libkiss_icp_core.a\x1b[0m\n'}
[59.052063] (-) TimerEvent: {}
[59.158825] (-) TimerEvent: {}
[59.262521] (-) TimerEvent: {}
[59.283938] (kiss_icp) StdoutLine: {'line': b'[ 64%] Built target kiss_icp_core\n'}
[59.362757] (-) TimerEvent: {}
[59.401401] (workspace_gz) StdoutLine: {'line': b'[  5%] Built target Waves\n'}
[59.463141] (-) TimerEvent: {}
[59.564380] (-) TimerEvent: {}
[59.665608] (-) TimerEvent: {}
[59.767948] (-) TimerEvent: {}
[59.869016] (-) TimerEvent: {}
[59.970996] (-) TimerEvent: {}
[60.072614] (-) TimerEvent: {}
[60.173849] (-) TimerEvent: {}
[60.275397] (-) TimerEvent: {}
[60.376926] (-) TimerEvent: {}
[60.478008] (-) TimerEvent: {}
[60.579908] (-) TimerEvent: {}
[60.681260] (-) TimerEvent: {}
[60.782913] (-) TimerEvent: {}
[60.884205] (-) TimerEvent: {}
[60.985164] (-) TimerEvent: {}
[61.087151] (-) TimerEvent: {}
[61.188492] (-) TimerEvent: {}
[61.289424] (-) TimerEvent: {}
[61.390480] (-) TimerEvent: {}
[61.491644] (-) TimerEvent: {}
[61.593507] (-) TimerEvent: {}
[61.694777] (-) TimerEvent: {}
[61.795656] (-) TimerEvent: {}
[61.896529] (-) TimerEvent: {}
[61.997947] (-) TimerEvent: {}
[62.099389] (-) TimerEvent: {}
[62.201490] (-) TimerEvent: {}
[62.307907] (-) TimerEvent: {}
[62.411319] (-) TimerEvent: {}
[62.512857] (-) TimerEvent: {}
[62.614145] (-) TimerEvent: {}
[62.724420] (-) TimerEvent: {}
[62.825610] (-) TimerEvent: {}
[62.926975] (-) TimerEvent: {}
[63.028178] (-) TimerEvent: {}
[63.129469] (-) TimerEvent: {}
[63.232709] (-) TimerEvent: {}
[63.333932] (-) TimerEvent: {}
[63.438633] (-) TimerEvent: {}
[63.541459] (-) TimerEvent: {}
[63.645597] (-) TimerEvent: {}
[63.746735] (-) TimerEvent: {}
[63.849740] (-) TimerEvent: {}
[63.951102] (-) TimerEvent: {}
[64.053505] (-) TimerEvent: {}
[64.154820] (-) TimerEvent: {}
[64.256519] (-) TimerEvent: {}
[64.357757] (-) TimerEvent: {}
[64.459750] (-) TimerEvent: {}
[64.560580] (-) TimerEvent: {}
[64.661802] (-) TimerEvent: {}
[64.763806] (-) TimerEvent: {}
[64.865100] (-) TimerEvent: {}
[64.966280] (-) TimerEvent: {}
[65.067810] (-) TimerEvent: {}
[65.169030] (-) TimerEvent: {}
[65.270860] (-) TimerEvent: {}
[65.372222] (-) TimerEvent: {}
[65.474832] (-) TimerEvent: {}
[65.576104] (-) TimerEvent: {}
[65.677769] (-) TimerEvent: {}
[65.789065] (-) TimerEvent: {}
[65.890453] (-) TimerEvent: {}
[65.992364] (-) TimerEvent: {}
[66.093595] (-) TimerEvent: {}
[66.194885] (-) TimerEvent: {}
[66.296061] (-) TimerEvent: {}
[66.397723] (-) TimerEvent: {}
[66.499226] (-) TimerEvent: {}
[66.600430] (-) TimerEvent: {}
[66.702240] (-) TimerEvent: {}
[66.804500] (-) TimerEvent: {}
[66.905636] (-) TimerEvent: {}
[67.007036] (-) TimerEvent: {}
[67.109458] (-) TimerEvent: {}
[67.211563] (-) TimerEvent: {}
[67.312758] (-) TimerEvent: {}
[67.414090] (-) TimerEvent: {}
[67.515462] (-) TimerEvent: {}
[67.617327] (-) TimerEvent: {}
[67.718860] (-) TimerEvent: {}
[67.820382] (-) TimerEvent: {}
[67.921327] (-) TimerEvent: {}
[68.022247] (-) TimerEvent: {}
[68.124333] (-) TimerEvent: {}
[68.226895] (-) TimerEvent: {}
[68.329109] (-) TimerEvent: {}
[68.430328] (-) TimerEvent: {}
[68.531844] (-) TimerEvent: {}
[68.633359] (-) TimerEvent: {}
[68.734443] (-) TimerEvent: {}
[68.835863] (-) TimerEvent: {}
[68.937449] (-) TimerEvent: {}
[69.038276] (-) TimerEvent: {}
[69.140634] (-) TimerEvent: {}
[69.242190] (-) TimerEvent: {}
[69.343515] (-) TimerEvent: {}
[69.444609] (-) TimerEvent: {}
[69.545556] (-) TimerEvent: {}
[69.646489] (-) TimerEvent: {}
[69.748233] (-) TimerEvent: {}
[69.850051] (-) TimerEvent: {}
[69.951032] (-) TimerEvent: {}
[70.053069] (-) TimerEvent: {}
[70.155169] (-) TimerEvent: {}
[70.256903] (-) TimerEvent: {}
[70.358366] (-) TimerEvent: {}
[70.460248] (-) TimerEvent: {}
[70.561691] (-) TimerEvent: {}
[70.663093] (-) TimerEvent: {}
[70.764254] (-) TimerEvent: {}
[70.865962] (-) TimerEvent: {}
[70.967768] (-) TimerEvent: {}
[71.069800] (-) TimerEvent: {}
[71.171118] (-) TimerEvent: {}
[71.272190] (-) TimerEvent: {}
[71.374261] (-) TimerEvent: {}
[71.476176] (-) TimerEvent: {}
[71.578249] (-) TimerEvent: {}
[71.682500] (-) TimerEvent: {}
[71.783776] (-) TimerEvent: {}
[71.885186] (-) TimerEvent: {}
[71.987557] (-) TimerEvent: {}
[72.088826] (-) TimerEvent: {}
[72.193134] (-) TimerEvent: {}
[72.294492] (-) TimerEvent: {}
[72.396159] (-) TimerEvent: {}
[72.497265] (-) TimerEvent: {}
[72.598739] (-) TimerEvent: {}
[72.700430] (-) TimerEvent: {}
[72.801739] (-) TimerEvent: {}
[72.903892] (-) TimerEvent: {}
[73.005333] (-) TimerEvent: {}
[73.106749] (-) TimerEvent: {}
[73.207687] (-) TimerEvent: {}
[73.309054] (-) TimerEvent: {}
[73.410085] (-) TimerEvent: {}
[73.511130] (-) TimerEvent: {}
[73.612238] (-) TimerEvent: {}
[73.714635] (-) TimerEvent: {}
[73.815485] (-) TimerEvent: {}
[73.916332] (-) TimerEvent: {}
[74.017503] (-) TimerEvent: {}
[74.118783] (-) TimerEvent: {}
[74.221442] (-) TimerEvent: {}
[74.322478] (-) TimerEvent: {}
[74.423569] (-) TimerEvent: {}
[74.524597] (-) TimerEvent: {}
[74.625685] (-) TimerEvent: {}
[74.727808] (-) TimerEvent: {}
[74.829084] (-) TimerEvent: {}
[74.931113] (-) TimerEvent: {}
[75.032168] (-) TimerEvent: {}
[75.133173] (-) TimerEvent: {}
[75.234713] (-) TimerEvent: {}
[75.336575] (-) TimerEvent: {}
[75.438786] (-) TimerEvent: {}
[75.541516] (-) TimerEvent: {}
[75.644337] (-) TimerEvent: {}
[75.747122] (-) TimerEvent: {}
[75.850226] (-) TimerEvent: {}
[75.951476] (-) TimerEvent: {}
[76.052598] (-) TimerEvent: {}
[76.153950] (-) TimerEvent: {}
[76.255222] (-) TimerEvent: {}
[76.358516] (-) TimerEvent: {}
[76.460020] (-) TimerEvent: {}
[76.561216] (-) TimerEvent: {}
[76.662059] (-) TimerEvent: {}
[76.763114] (-) TimerEvent: {}
[76.864786] (-) TimerEvent: {}
[76.966027] (-) TimerEvent: {}
[77.067742] (-) TimerEvent: {}
[77.169347] (-) TimerEvent: {}
[77.270655] (-) TimerEvent: {}
[77.372110] (-) TimerEvent: {}
[77.474038] (-) TimerEvent: {}
[77.575769] (-) TimerEvent: {}
[77.677419] (-) TimerEvent: {}
[77.778577] (-) TimerEvent: {}
[77.880039] (-) TimerEvent: {}
[77.981828] (-) TimerEvent: {}
[78.084353] (-) TimerEvent: {}
[78.187228] (-) TimerEvent: {}
[78.288598] (-) TimerEvent: {}
[78.395273] (-) TimerEvent: {}
[78.496465] (-) TimerEvent: {}
[78.528848] (workspace_gz) StdoutLine: {'line': b'[  7%] \x1b[32m\x1b[1mLinking CXX shared library libScoringPlugin.so\x1b[0m\n'}
[78.600600] (-) TimerEvent: {}
[78.702016] (-) TimerEvent: {}
[78.803688] (-) TimerEvent: {}
[78.908243] (-) TimerEvent: {}
[79.009822] (-) TimerEvent: {}
[79.111175] (-) TimerEvent: {}
[79.212345] (-) TimerEvent: {}
[79.313183] (-) TimerEvent: {}
[79.413900] (-) TimerEvent: {}
[79.514605] (-) TimerEvent: {}
[79.615314] (-) TimerEvent: {}
[79.697248] (workspace_gz) StdoutLine: {'line': b'[  7%] Built target ScoringPlugin\n'}
[79.715492] (-) TimerEvent: {}
[79.739694] (workspace_gz) StdoutLine: {'line': b'\x1b[35m\x1b[1mConsolidate compiler generated dependencies of target SimpleHydrodynamics\x1b[0m\n'}
[79.810967] (workspace_gz) StdoutLine: {'line': b'[  9%] \x1b[32mBuilding CXX object CMakeFiles/SimpleHydrodynamics.dir/plugins/SimpleHydrodynamics.cc.o\x1b[0m\n'}
[79.815649] (-) TimerEvent: {}
[79.916411] (-) TimerEvent: {}
[80.017285] (-) TimerEvent: {}
[80.118157] (-) TimerEvent: {}
[80.218738] (-) TimerEvent: {}
[80.319394] (-) TimerEvent: {}
[80.419992] (-) TimerEvent: {}
[80.520595] (-) TimerEvent: {}
[80.621240] (-) TimerEvent: {}
[80.722065] (-) TimerEvent: {}
[80.819664] (workspace_gz) StdoutLine: {'line': b'\x1b[35m\x1b[1mConsolidate compiler generated dependencies of target AcousticPerceptionScoringPlugin\x1b[0m\n'}
[80.822162] (-) TimerEvent: {}
[80.889081] (workspace_gz) StdoutLine: {'line': b'[ 11%] \x1b[32mBuilding CXX object CMakeFiles/AcousticPerceptionScoringPlugin.dir/plugins/AcousticPerceptionScoringPlugin.cc.o\x1b[0m\n'}
[80.922385] (-) TimerEvent: {}
[81.023168] (-) TimerEvent: {}
[81.123947] (-) TimerEvent: {}
[81.224802] (-) TimerEvent: {}
[81.325625] (-) TimerEvent: {}
[81.426432] (-) TimerEvent: {}
[81.527250] (-) TimerEvent: {}
[81.628067] (-) TimerEvent: {}
[81.728987] (-) TimerEvent: {}
[81.830003] (-) TimerEvent: {}
[81.900375] (workspace_gz) StdoutLine: {'line': b'\x1b[35m\x1b[1mConsolidate compiler generated dependencies of target WayfindingScoringPlugin\x1b[0m\n'}
[81.930205] (-) TimerEvent: {}
[81.986800] (workspace_gz) StdoutLine: {'line': b'[ 13%] \x1b[32mBuilding CXX object CMakeFiles/WayfindingScoringPlugin.dir/plugins/WayfindingScoringPlugin.cc.o\x1b[0m\n'}
[82.030405] (-) TimerEvent: {}
[82.131182] (-) TimerEvent: {}
[82.232648] (-) TimerEvent: {}
[82.336207] (-) TimerEvent: {}
[82.437107] (-) TimerEvent: {}
[82.538189] (-) TimerEvent: {}
[82.639037] (-) TimerEvent: {}
[82.739848] (-) TimerEvent: {}
[82.840600] (-) TimerEvent: {}
[82.941375] (-) TimerEvent: {}
[82.980806] (workspace_gz) StdoutLine: {'line': b'\x1b[35m\x1b[1mConsolidate compiler generated dependencies of target StationkeepingScoringPlugin\x1b[0m\n'}
[83.041568] (-) TimerEvent: {}
[83.094652] (workspace_gz) StdoutLine: {'line': b'[ 15%] \x1b[32mBuilding CXX object CMakeFiles/StationkeepingScoringPlugin.dir/plugins/StationkeepingScoringPlugin.cc.o\x1b[0m\n'}
[83.141766] (-) TimerEvent: {}
[83.242565] (-) TimerEvent: {}
[83.343854] (-) TimerEvent: {}
[83.450064] (-) TimerEvent: {}
[83.552133] (-) TimerEvent: {}
[83.652987] (-) TimerEvent: {}
[83.755529] (-) TimerEvent: {}
[83.857482] (-) TimerEvent: {}
[83.961470] (-) TimerEvent: {}
[84.076455] (-) TimerEvent: {}
[84.119675] (workspace_gz) StdoutLine: {'line': b'\x1b[35m\x1b[1mConsolidate compiler generated dependencies of target WaveVisual\x1b[0m\n'}
[84.182434] (-) TimerEvent: {}
[84.284632] (-) TimerEvent: {}
[84.319646] (workspace_gz) StdoutLine: {'line': b'[ 16%] \x1b[32mBuilding CXX object CMakeFiles/WaveVisual.dir/plugins/WaveVisual.cc.o\x1b[0m\n'}
[84.385464] (-) TimerEvent: {}
[84.489703] (-) TimerEvent: {}
[84.595433] (-) TimerEvent: {}
[84.696222] (-) TimerEvent: {}
[84.797112] (-) TimerEvent: {}
[84.901412] (-) TimerEvent: {}
[85.002853] (-) TimerEvent: {}
[85.107400] (-) TimerEvent: {}
[85.209683] (-) TimerEvent: {}
[85.313462] (-) TimerEvent: {}
[85.414519] (-) TimerEvent: {}
[85.517491] (-) TimerEvent: {}
[85.628120] (-) TimerEvent: {}
[85.730035] (-) TimerEvent: {}
[85.833871] (-) TimerEvent: {}
[85.943691] (-) TimerEvent: {}
[86.044970] (-) TimerEvent: {}
[86.150993] (-) TimerEvent: {}
[86.252253] (-) TimerEvent: {}
[86.359488] (-) TimerEvent: {}
[86.460567] (-) TimerEvent: {}
[86.566749] (-) TimerEvent: {}
[86.668212] (-) TimerEvent: {}
[86.771598] (-) TimerEvent: {}
[86.876545] (-) TimerEvent: {}
[86.978940] (-) TimerEvent: {}
[87.084652] (-) TimerEvent: {}
[87.189869] (-) TimerEvent: {}
[87.294620] (-) TimerEvent: {}
[87.395880] (-) TimerEvent: {}
[87.497538] (-) TimerEvent: {}
[87.602552] (-) TimerEvent: {}
[87.705426] (-) TimerEvent: {}
[87.808215] (-) TimerEvent: {}
[87.914587] (-) TimerEvent: {}
[88.015719] (-) TimerEvent: {}
[88.121636] (-) TimerEvent: {}
[88.225066] (-) TimerEvent: {}
[88.328802] (-) TimerEvent: {}
[88.434578] (-) TimerEvent: {}
[88.541791] (-) TimerEvent: {}
[88.643113] (-) TimerEvent: {}
[88.746751] (-) TimerEvent: {}
[88.853459] (-) TimerEvent: {}
[88.954534] (-) TimerEvent: {}
[89.059180] (-) TimerEvent: {}
[89.160679] (-) TimerEvent: {}
[89.268713] (-) TimerEvent: {}
[89.370518] (-) TimerEvent: {}
[89.476760] (-) TimerEvent: {}
[89.577658] (-) TimerEvent: {}
[89.680786] (-) TimerEvent: {}
[89.783490] (-) TimerEvent: {}
[89.888529] (-) TimerEvent: {}
[89.991504] (-) TimerEvent: {}
[90.096289] (-) TimerEvent: {}
[90.198463] (-) TimerEvent: {}
[90.303464] (-) TimerEvent: {}
[90.404478] (-) TimerEvent: {}
[90.505437] (-) TimerEvent: {}
[90.608471] (-) TimerEvent: {}
[90.709445] (-) TimerEvent: {}
[90.813913] (-) TimerEvent: {}
[90.920855] (-) TimerEvent: {}
[91.022242] (-) TimerEvent: {}
[91.124069] (-) TimerEvent: {}
[91.229615] (-) TimerEvent: {}
[91.334476] (-) TimerEvent: {}
[91.435479] (-) TimerEvent: {}
[91.540824] (-) TimerEvent: {}
[91.643855] (-) TimerEvent: {}
[91.750474] (-) TimerEvent: {}
[91.856087] (-) TimerEvent: {}
[91.962703] (-) TimerEvent: {}
[92.063670] (-) TimerEvent: {}
[92.169484] (-) TimerEvent: {}
[92.270803] (-) TimerEvent: {}
[92.372349] (-) TimerEvent: {}
[92.481021] (-) TimerEvent: {}
[92.585722] (-) TimerEvent: {}
[92.687062] (-) TimerEvent: {}
[92.791971] (-) TimerEvent: {}
[92.896894] (-) TimerEvent: {}
[93.001508] (-) TimerEvent: {}
[93.108794] (-) TimerEvent: {}
[93.219017] (-) TimerEvent: {}
[93.322895] (-) TimerEvent: {}
[93.426860] (-) TimerEvent: {}
[93.531463] (-) TimerEvent: {}
[93.635712] (-) TimerEvent: {}
[93.741363] (-) TimerEvent: {}
[93.842893] (-) TimerEvent: {}
[93.946046] (-) TimerEvent: {}
[94.049914] (-) TimerEvent: {}
[94.152743] (-) TimerEvent: {}
[94.259529] (-) TimerEvent: {}
[94.364527] (-) TimerEvent: {}
[94.468487] (-) TimerEvent: {}
[94.569500] (-) TimerEvent: {}
[94.674535] (-) TimerEvent: {}
[94.775639] (-) TimerEvent: {}
[94.877495] (-) TimerEvent: {}
[94.984460] (-) TimerEvent: {}
[95.089275] (-) TimerEvent: {}
[95.191550] (-) TimerEvent: {}
[95.293169] (-) TimerEvent: {}
[95.399479] (-) TimerEvent: {}
[95.500443] (-) TimerEvent: {}
[95.603478] (-) TimerEvent: {}
[95.704756] (-) TimerEvent: {}
[95.810004] (-) TimerEvent: {}
[95.914593] (-) TimerEvent: {}
[96.016983] (-) TimerEvent: {}
[96.121403] (-) TimerEvent: {}
[96.230358] (-) TimerEvent: {}
[96.332866] (-) TimerEvent: {}
[96.435705] (-) TimerEvent: {}
[96.538647] (-) TimerEvent: {}
[96.641744] (-) TimerEvent: {}
[96.744379] (-) TimerEvent: {}
[96.851542] (-) TimerEvent: {}
[96.952834] (-) TimerEvent: {}
[97.055534] (-) TimerEvent: {}
[97.160059] (-) TimerEvent: {}
[97.263173] (-) TimerEvent: {}
[97.367681] (-) TimerEvent: {}
[97.468788] (-) TimerEvent: {}
[97.573522] (-) TimerEvent: {}
[97.674829] (-) TimerEvent: {}
[97.778443] (-) TimerEvent: {}
[97.880460] (-) TimerEvent: {}
[97.984721] (-) TimerEvent: {}
[98.086740] (-) TimerEvent: {}
[98.190564] (-) TimerEvent: {}
[98.291686] (-) TimerEvent: {}
[98.395259] (-) TimerEvent: {}
[98.498951] (-) TimerEvent: {}
[98.603095] (-) TimerEvent: {}
[98.705598] (-) TimerEvent: {}
[98.809800] (-) TimerEvent: {}
[98.913520] (-) TimerEvent: {}
[99.018072] (-) TimerEvent: {}
[99.119900] (-) TimerEvent: {}
[99.222685] (-) TimerEvent: {}
[99.323770] (-) TimerEvent: {}
[99.428540] (-) TimerEvent: {}
[99.530141] (-) TimerEvent: {}
[99.633537] (-) TimerEvent: {}
[99.734809] (-) TimerEvent: {}
[99.836552] (-) TimerEvent: {}
[99.907512] (kiss_icp) StdoutLine: {'line': b'[ 71%] \x1b[32m\x1b[1mLinking CXX static library libkiss_icp_metrics.a\x1b[0m\n'}
[99.938846] (-) TimerEvent: {}
[100.040421] (-) TimerEvent: {}
[100.101513] (kiss_icp) StdoutLine: {'line': b'[ 71%] Built target kiss_icp_metrics\n'}
[100.142729] (-) TimerEvent: {}
[100.220752] (kiss_icp) StdoutLine: {'line': b'[ 78%] \x1b[32mBuilding CXX object kiss_icp/pipeline/CMakeFiles/kiss_icp_pipeline.dir/KissICP.cpp.o\x1b[0m\n'}
[100.246850] (-) TimerEvent: {}
[100.347833] (-) TimerEvent: {}
[100.449949] (-) TimerEvent: {}
[100.552878] (-) TimerEvent: {}
[100.657475] (-) TimerEvent: {}
[100.763817] (-) TimerEvent: {}
[100.866451] (-) TimerEvent: {}
[100.970412] (-) TimerEvent: {}
[101.072443] (-) TimerEvent: {}
[101.176464] (-) TimerEvent: {}
[101.278150] (-) TimerEvent: {}
[101.382605] (-) TimerEvent: {}
[101.487496] (-) TimerEvent: {}
[101.588469] (-) TimerEvent: {}
[101.693629] (-) TimerEvent: {}
[101.794935] (-) TimerEvent: {}
[101.903036] (-) TimerEvent: {}
[102.008152] (-) TimerEvent: {}
[102.112973] (-) TimerEvent: {}
[102.217240] (-) TimerEvent: {}
[102.321686] (-) TimerEvent: {}
[102.426461] (-) TimerEvent: {}
[102.530482] (-) TimerEvent: {}
[102.631681] (-) TimerEvent: {}
[102.734519] (-) TimerEvent: {}
[102.843027] (-) TimerEvent: {}
[102.947192] (-) TimerEvent: {}
[103.053460] (-) TimerEvent: {}
[103.154547] (-) TimerEvent: {}
[103.265496] (-) TimerEvent: {}
[103.378722] (-) TimerEvent: {}
[103.479595] (-) TimerEvent: {}
[103.584457] (-) TimerEvent: {}
[103.687065] (-) TimerEvent: {}
[103.792656] (-) TimerEvent: {}
[103.899594] (-) TimerEvent: {}
[104.000680] (-) TimerEvent: {}
[104.101674] (-) TimerEvent: {}
[104.205455] (-) TimerEvent: {}
[104.306498] (-) TimerEvent: {}
[104.415802] (-) TimerEvent: {}
[104.520721] (-) TimerEvent: {}
[104.622401] (-) TimerEvent: {}
[104.729972] (-) TimerEvent: {}
[104.831200] (-) TimerEvent: {}
[104.934466] (-) TimerEvent: {}
[105.036044] (-) TimerEvent: {}
[105.141878] (-) TimerEvent: {}
[105.243438] (-) TimerEvent: {}
[105.346551] (-) TimerEvent: {}
[105.450792] (-) TimerEvent: {}
[105.553149] (-) TimerEvent: {}
[105.656420] (-) TimerEvent: {}
[105.762476] (-) TimerEvent: {}
[105.864450] (-) TimerEvent: {}
[105.966697] (-) TimerEvent: {}
[106.072613] (-) TimerEvent: {}
[106.177467] (-) TimerEvent: {}
[106.278451] (-) TimerEvent: {}
[106.381792] (-) TimerEvent: {}
[106.485027] (-) TimerEvent: {}
[106.586998] (-) TimerEvent: {}
[106.689416] (-) TimerEvent: {}
[106.793712] (-) TimerEvent: {}
[106.897979] (-) TimerEvent: {}
[107.002457] (-) TimerEvent: {}
[107.103285] (-) TimerEvent: {}
[107.207457] (-) TimerEvent: {}
[107.308386] (-) TimerEvent: {}
[107.410446] (-) TimerEvent: {}
[107.511340] (-) TimerEvent: {}
[107.612944] (-) TimerEvent: {}
[107.716702] (-) TimerEvent: {}
[107.817579] (-) TimerEvent: {}
[107.922254] (-) TimerEvent: {}
[108.023607] (-) TimerEvent: {}
[108.126046] (-) TimerEvent: {}
[108.231449] (-) TimerEvent: {}
[108.332349] (-) TimerEvent: {}
[108.433429] (-) TimerEvent: {}
[108.535416] (-) TimerEvent: {}
[108.641837] (-) TimerEvent: {}
[108.744019] (-) TimerEvent: {}
[108.847454] (-) TimerEvent: {}
[108.948273] (-) TimerEvent: {}
[109.052465] (-) TimerEvent: {}
[109.153474] (-) TimerEvent: {}
[109.256472] (-) TimerEvent: {}
[109.357703] (-) TimerEvent: {}
[109.462948] (-) TimerEvent: {}
[109.564040] (-) TimerEvent: {}
[109.668783] (-) TimerEvent: {}
[109.770282] (-) TimerEvent: {}
[109.872632] (-) TimerEvent: {}
[109.981013] (-) TimerEvent: {}
[110.084857] (-) TimerEvent: {}
[110.191887] (-) TimerEvent: {}
[110.292874] (-) TimerEvent: {}
[110.396559] (-) TimerEvent: {}
[110.497438] (-) TimerEvent: {}
[110.603486] (-) TimerEvent: {}
[110.707864] (-) TimerEvent: {}
[110.811954] (-) TimerEvent: {}
[110.920478] (-) TimerEvent: {}
[111.021347] (-) TimerEvent: {}
[111.126863] (-) TimerEvent: {}
[111.227938] (-) TimerEvent: {}
[111.332637] (-) TimerEvent: {}
[111.437474] (-) TimerEvent: {}
[111.538483] (-) TimerEvent: {}
[111.642478] (-) TimerEvent: {}
[111.743466] (-) TimerEvent: {}
[111.850466] (-) TimerEvent: {}
[111.951766] (-) TimerEvent: {}
[112.056458] (-) TimerEvent: {}
[112.159496] (-) TimerEvent: {}
[112.260467] (-) TimerEvent: {}
[112.366599] (-) TimerEvent: {}
[112.470729] (-) TimerEvent: {}
[112.573472] (-) TimerEvent: {}
[112.675455] (-) TimerEvent: {}
[112.780483] (-) TimerEvent: {}
[112.881611] (-) TimerEvent: {}
[112.984763] (-) TimerEvent: {}
[113.089125] (-) TimerEvent: {}
[113.193727] (-) TimerEvent: {}
[113.295753] (-) TimerEvent: {}
[113.400269] (-) TimerEvent: {}
[113.504825] (-) TimerEvent: {}
[113.614155] (-) TimerEvent: {}
[113.715979] (-) TimerEvent: {}
[113.824217] (-) TimerEvent: {}
[113.929882] (-) TimerEvent: {}
[114.034861] (-) TimerEvent: {}
[114.140215] (-) TimerEvent: {}
[114.242500] (-) TimerEvent: {}
[114.347460] (-) TimerEvent: {}
[114.448895] (-) TimerEvent: {}
[114.549903] (-) TimerEvent: {}
[114.654993] (-) TimerEvent: {}
[114.761210] (-) TimerEvent: {}
[114.866682] (-) TimerEvent: {}
[114.971822] (-) TimerEvent: {}
[115.074762] (-) TimerEvent: {}
[115.175962] (-) TimerEvent: {}
[115.280467] (-) TimerEvent: {}
[115.382373] (-) TimerEvent: {}
[115.489464] (-) TimerEvent: {}
[115.597490] (-) TimerEvent: {}
[115.698935] (-) TimerEvent: {}
[115.803466] (-) TimerEvent: {}
[115.904723] (-) TimerEvent: {}
[116.008459] (-) TimerEvent: {}
[116.109480] (-) TimerEvent: {}
[116.216007] (-) TimerEvent: {}
[116.317545] (-) TimerEvent: {}
[116.426955] (-) TimerEvent: {}
[116.528012] (-) TimerEvent: {}
[116.632657] (-) TimerEvent: {}
[116.733853] (-) TimerEvent: {}
[116.837090] (-) TimerEvent: {}
[116.940491] (-) TimerEvent: {}
[117.043199] (-) TimerEvent: {}
[117.058392] (workspace_gz) StderrLine: {'line': b'\x1b[01m\x1b[K/home/aliomacc/sti_usv/src/usv_sim/workspace_gz/plugins/WayfindingScoringPlugin.cc:\x1b[m\x1b[K In member function \xe2\x80\x98\x1b[01m\x1b[Kvirtual void vrx::WayfindingScoringPlugin::Configure(const Entity&, const std::shared_ptr<const sdf::v12::Element>&, ignition::gazebo::v6::EntityComponentManager&, ignition::gazebo::v6::EventManager&)\x1b[m\x1b[K\xe2\x80\x99:\n'}
[117.059264] (workspace_gz) StderrLine: {'line': b'\x1b[01m\x1b[K/home/aliomacc/sti_usv/src/usv_sim/workspace_gz/plugins/WayfindingScoringPlugin.cc:205:21:\x1b[m\x1b[K \x1b[01;35m\x1b[Kwarning: \x1b[m\x1b[Kloop variable \xe2\x80\x98\x1b[01m\x1b[Kwaypoint\x1b[m\x1b[K\xe2\x80\x99 creates a copy from type \xe2\x80\x98\x1b[01m\x1b[Kconst ignition::math::v6::Vector3<double>\x1b[m\x1b[K\xe2\x80\x99 [\x1b[01;35m\x1b[K\x1b]8;;https://gcc.gnu.org/onlinedocs/gcc/Warning-Options.html#index-Wrange-loop-construct\x07-Wrange-loop-construct\x1b]8;;\x07\x1b[m\x1b[K]\n'}
[117.059846] (workspace_gz) StderrLine: {'line': b'  205 |     for (const auto \x1b[01;35m\x1b[Kwaypoint\x1b[m\x1b[K : this->dataPtr->localWaypoints)\n'}
[117.060349] (workspace_gz) StderrLine: {'line': b'      |                     \x1b[01;35m\x1b[K^~~~~~~~\x1b[m\x1b[K\n'}
[117.060827] (workspace_gz) StderrLine: {'line': b'\x1b[01m\x1b[K/home/aliomacc/sti_usv/src/usv_sim/workspace_gz/plugins/WayfindingScoringPlugin.cc:205:21:\x1b[m\x1b[K \x1b[01;36m\x1b[Knote: \x1b[m\x1b[Kuse reference type to prevent copying\n'}
[117.061275] (workspace_gz) StderrLine: {'line': b'  205 |     for (const auto \x1b[01;36m\x1b[Kwaypoint\x1b[m\x1b[K : this->dataPtr->localWaypoints)\n'}
[117.070484] (workspace_gz) StderrLine: {'line': b'      |                     \x1b[01;36m\x1b[K^~~~~~~~\x1b[m\x1b[K\n'}
[117.071047] (workspace_gz) StderrLine: {'line': b'      |                     \x1b[32m\x1b[K&\x1b[m\x1b[K\n'}
[117.146950] (-) TimerEvent: {}
[117.247943] (-) TimerEvent: {}
[117.351733] (-) TimerEvent: {}
[117.458060] (-) TimerEvent: {}
[117.565474] (-) TimerEvent: {}
[117.666786] (-) TimerEvent: {}
[117.770918] (-) TimerEvent: {}
[117.878032] (-) TimerEvent: {}
[117.982633] (-) TimerEvent: {}
[118.083758] (-) TimerEvent: {}
[118.187469] (-) TimerEvent: {}
[118.288433] (-) TimerEvent: {}
[118.392588] (-) TimerEvent: {}
[118.494181] (-) TimerEvent: {}
[118.599401] (-) TimerEvent: {}
[118.703858] (-) TimerEvent: {}
[118.809979] (-) TimerEvent: {}
[118.916616] (-) TimerEvent: {}
[119.017636] (-) TimerEvent: {}
[119.121509] (-) TimerEvent: {}
[119.223566] (-) TimerEvent: {}
[119.328569] (-) TimerEvent: {}
[119.349642] (kiss_icp) StdoutLine: {'line': b'[ 85%] \x1b[32m\x1b[1mLinking CXX static library libkiss_icp_pipeline.a\x1b[0m\n'}
[119.428791] (-) TimerEvent: {}
[119.532523] (-) TimerEvent: {}
[119.595970] (kiss_icp) StdoutLine: {'line': b'[ 85%] Built target kiss_icp_pipeline\n'}
[119.634521] (-) TimerEvent: {}
[119.735803] (-) TimerEvent: {}
[119.765927] (kiss_icp) StdoutLine: {'line': b'[ 92%] \x1b[32mBuilding CXX object CMakeFiles/odometry_component.dir/src/OdometryServer.cpp.o\x1b[0m\n'}
[119.837239] (-) TimerEvent: {}
[119.939515] (-) TimerEvent: {}
[120.044477] (-) TimerEvent: {}
[120.145414] (-) TimerEvent: {}
[120.246322] (-) TimerEvent: {}
[120.347435] (-) TimerEvent: {}
[120.448556] (-) TimerEvent: {}
[120.553466] (-) TimerEvent: {}
[120.654367] (-) TimerEvent: {}
[120.755658] (-) TimerEvent: {}
[120.858477] (-) TimerEvent: {}
[120.961478] (-) TimerEvent: {}
[121.062685] (-) TimerEvent: {}
[121.168464] (-) TimerEvent: {}
[121.269605] (-) TimerEvent: {}
[121.370749] (-) TimerEvent: {}
[121.475185] (-) TimerEvent: {}
[121.576249] (-) TimerEvent: {}
[121.679840] (-) TimerEvent: {}
[121.780957] (-) TimerEvent: {}
[121.885288] (-) TimerEvent: {}
[121.987764] (-) TimerEvent: {}
[122.097914] (-) TimerEvent: {}
[122.201563] (-) TimerEvent: {}
[122.306542] (-) TimerEvent: {}
[122.408261] (-) TimerEvent: {}
[122.512668] (-) TimerEvent: {}
[122.618330] (-) TimerEvent: {}
[122.724184] (-) TimerEvent: {}
[122.827770] (-) TimerEvent: {}
[122.935317] (-) TimerEvent: {}
[123.036314] (-) TimerEvent: {}
[123.139465] (-) TimerEvent: {}
[123.244921] (-) TimerEvent: {}
[123.348657] (-) TimerEvent: {}
[123.451527] (-) TimerEvent: {}
[123.554110] (-) TimerEvent: {}
[123.657526] (-) TimerEvent: {}
[123.763461] (-) TimerEvent: {}
[123.865940] (-) TimerEvent: {}
[123.972636] (-) TimerEvent: {}
[124.080554] (-) TimerEvent: {}
[124.185048] (-) TimerEvent: {}
[124.289465] (-) TimerEvent: {}
[124.390416] (-) TimerEvent: {}
[124.493488] (-) TimerEvent: {}
[124.597413] (-) TimerEvent: {}
[124.702960] (-) TimerEvent: {}
[124.806511] (-) TimerEvent: {}
[124.908206] (-) TimerEvent: {}
[125.019498] (-) TimerEvent: {}
[125.120596] (-) TimerEvent: {}
[125.221834] (-) TimerEvent: {}
[125.329463] (-) TimerEvent: {}
[125.433375] (-) TimerEvent: {}
[125.538479] (-) TimerEvent: {}
[125.643879] (-) TimerEvent: {}
[125.749423] (-) TimerEvent: {}
[125.856034] (-) TimerEvent: {}
[125.961467] (-) TimerEvent: {}
[126.068361] (-) TimerEvent: {}
[126.172489] (-) TimerEvent: {}
[126.276689] (-) TimerEvent: {}
[126.382945] (-) TimerEvent: {}
[126.486994] (-) TimerEvent: {}
[126.590895] (-) TimerEvent: {}
[126.695748] (-) TimerEvent: {}
[126.805538] (-) TimerEvent: {}
[126.906690] (-) TimerEvent: {}
[127.015480] (-) TimerEvent: {}
[127.116440] (-) TimerEvent: {}
[127.217416] (-) TimerEvent: {}
[127.321346] (-) TimerEvent: {}
[127.425459] (-) TimerEvent: {}
[127.529561] (-) TimerEvent: {}
[127.631099] (-) TimerEvent: {}
[127.737659] (-) TimerEvent: {}
[127.843813] (-) TimerEvent: {}
[127.950539] (-) TimerEvent: {}
[128.051675] (-) TimerEvent: {}
[128.153599] (-) TimerEvent: {}
[128.258888] (-) TimerEvent: {}
[128.363565] (-) TimerEvent: {}
[128.465748] (-) TimerEvent: {}
[128.570360] (-) TimerEvent: {}
[128.673562] (-) TimerEvent: {}
[128.780796] (-) TimerEvent: {}
[128.887485] (-) TimerEvent: {}
[128.989180] (-) TimerEvent: {}
[129.092837] (-) TimerEvent: {}
[129.197641] (-) TimerEvent: {}
[129.298585] (-) TimerEvent: {}
[129.402583] (-) TimerEvent: {}
[129.506664] (-) TimerEvent: {}
[129.610962] (-) TimerEvent: {}
[129.712104] (-) TimerEvent: {}
[129.815455] (-) TimerEvent: {}
[129.916315] (-) TimerEvent: {}
[130.017841] (-) TimerEvent: {}
[130.122856] (-) TimerEvent: {}
[130.223669] (-) TimerEvent: {}
[130.326172] (-) TimerEvent: {}
[130.430656] (-) TimerEvent: {}
[130.531559] (-) TimerEvent: {}
[130.633462] (-) TimerEvent: {}
[130.748264] (-) TimerEvent: {}
[130.851284] (-) TimerEvent: {}
[130.955608] (-) TimerEvent: {}
[131.059458] (-) TimerEvent: {}
[131.160342] (-) TimerEvent: {}
[131.263259] (-) TimerEvent: {}
[131.369927] (-) TimerEvent: {}
[131.472386] (-) TimerEvent: {}
[131.577580] (-) TimerEvent: {}
[131.680582] (-) TimerEvent: {}
[131.785445] (-) TimerEvent: {}
[131.886232] (-) TimerEvent: {}
[131.988115] (-) TimerEvent: {}
[132.093148] (-) TimerEvent: {}
[132.197770] (-) TimerEvent: {}
[132.302727] (-) TimerEvent: {}
[132.407279] (-) TimerEvent: {}
[132.508118] (-) TimerEvent: {}
[132.610853] (-) TimerEvent: {}
[132.712853] (-) TimerEvent: {}
[132.815165] (-) TimerEvent: {}
[132.917593] (-) TimerEvent: {}
[133.022448] (-) TimerEvent: {}
[133.132456] (-) TimerEvent: {}
[133.233497] (-) TimerEvent: {}
[133.336012] (-) TimerEvent: {}
[133.437237] (-) TimerEvent: {}
[133.542388] (-) TimerEvent: {}
[133.643173] (-) TimerEvent: {}
[133.745478] (-) TimerEvent: {}
[133.849769] (-) TimerEvent: {}
[133.950624] (-) TimerEvent: {}
[134.051460] (-) TimerEvent: {}
[134.153540] (-) TimerEvent: {}
[134.254388] (-) TimerEvent: {}
[134.358141] (-) TimerEvent: {}
[134.458983] (-) TimerEvent: {}
[134.564891] (-) TimerEvent: {}
[134.668829] (-) TimerEvent: {}
[134.773014] (-) TimerEvent: {}
[134.876419] (-) TimerEvent: {}
[134.983872] (-) TimerEvent: {}
[135.086348] (-) TimerEvent: {}
[135.193000] (-) TimerEvent: {}
[135.298265] (-) TimerEvent: {}
[135.401347] (-) TimerEvent: {}
[135.504722] (-) TimerEvent: {}
[135.608839] (-) TimerEvent: {}
[135.715452] (-) TimerEvent: {}
[135.816355] (-) TimerEvent: {}
[135.919645] (-) TimerEvent: {}
[136.024776] (-) TimerEvent: {}
[136.125844] (-) TimerEvent: {}
[136.232462] (-) TimerEvent: {}
[136.334526] (-) TimerEvent: {}
[136.441477] (-) TimerEvent: {}
[136.542456] (-) TimerEvent: {}
[136.647943] (-) TimerEvent: {}
[136.753351] (-) TimerEvent: {}
[136.854257] (-) TimerEvent: {}
[136.957747] (-) TimerEvent: {}
[137.060946] (-) TimerEvent: {}
[137.165931] (-) TimerEvent: {}
[137.269546] (-) TimerEvent: {}
[137.371058] (-) TimerEvent: {}
[137.473686] (-) TimerEvent: {}
[137.579611] (-) TimerEvent: {}
[137.682837] (-) TimerEvent: {}
[137.793458] (-) TimerEvent: {}
[137.894560] (-) TimerEvent: {}
[137.997415] (-) TimerEvent: {}
[138.100730] (-) TimerEvent: {}
[138.202811] (-) TimerEvent: {}
[138.308888] (-) TimerEvent: {}
[138.409879] (-) TimerEvent: {}
[138.513247] (-) TimerEvent: {}
[138.618889] (-) TimerEvent: {}
[138.719931] (-) TimerEvent: {}
[138.823458] (-) TimerEvent: {}
[138.924574] (-) TimerEvent: {}
[139.030450] (-) TimerEvent: {}
[139.131692] (-) TimerEvent: {}
[139.235674] (-) TimerEvent: {}
[139.336672] (-) TimerEvent: {}
[139.438056] (-) TimerEvent: {}
[139.541649] (-) TimerEvent: {}
[139.645856] (-) TimerEvent: {}
[139.748521] (-) TimerEvent: {}
[139.851463] (-) TimerEvent: {}
[139.952932] (-) TimerEvent: {}
[140.031466] (workspace_gz) StdoutLine: {'line': b'[ 18%] \x1b[32m\x1b[1mLinking CXX shared library libSimpleHydrodynamics.so\x1b[0m\n'}
[140.053222] (-) TimerEvent: {}
[140.155476] (-) TimerEvent: {}
[140.261457] (-) TimerEvent: {}
[140.363016] (-) TimerEvent: {}
[140.464591] (-) TimerEvent: {}
[140.570895] (-) TimerEvent: {}
[140.674580] (-) TimerEvent: {}
[140.776012] (-) TimerEvent: {}
[140.881469] (-) TimerEvent: {}
[140.982395] (-) TimerEvent: {}
[141.087001] (-) TimerEvent: {}
[141.188107] (-) TimerEvent: {}
[141.291485] (-) TimerEvent: {}
[141.395887] (-) TimerEvent: {}
[141.500669] (-) TimerEvent: {}
[141.601666] (-) TimerEvent: {}
[141.702614] (-) TimerEvent: {}
[141.805650] (-) TimerEvent: {}
[141.908090] (-) TimerEvent: {}
[141.937173] (workspace_gz) StdoutLine: {'line': b'[ 18%] Built target SimpleHydrodynamics\n'}
[142.009540] (-) TimerEvent: {}
[142.114524] (-) TimerEvent: {}
[142.220693] (-) TimerEvent: {}
[142.349491] (-) TimerEvent: {}
[142.475724] (-) TimerEvent: {}
[142.586926] (-) TimerEvent: {}
[142.712555] (-) TimerEvent: {}
[142.832467] (-) TimerEvent: {}
[142.943566] (-) TimerEvent: {}
[143.056541] (-) TimerEvent: {}
[143.163593] (-) TimerEvent: {}
[143.269046] (-) TimerEvent: {}
[143.370185] (-) TimerEvent: {}
[143.471375] (-) TimerEvent: {}
[143.572442] (-) TimerEvent: {}
[143.677721] (-) TimerEvent: {}
[143.778694] (-) TimerEvent: {}
[143.879990] (-) TimerEvent: {}
[143.983582] (-) TimerEvent: {}
[144.085661] (-) TimerEvent: {}
[144.188635] (-) TimerEvent: {}
[144.292456] (-) TimerEvent: {}
[144.393471] (-) TimerEvent: {}
[144.494532] (-) TimerEvent: {}
[144.598271] (-) TimerEvent: {}
[144.701467] (-) TimerEvent: {}
[144.802370] (-) TimerEvent: {}
[144.906474] (-) TimerEvent: {}
[145.007395] (-) TimerEvent: {}
[145.108399] (-) TimerEvent: {}
[145.212237] (-) TimerEvent: {}
[145.315959] (-) TimerEvent: {}
[145.417876] (-) TimerEvent: {}
[145.523228] (-) TimerEvent: {}
[145.627519] (-) TimerEvent: {}
[145.729448] (-) TimerEvent: {}
[145.834736] (-) TimerEvent: {}
[145.937047] (-) TimerEvent: {}
[146.041520] (-) TimerEvent: {}
[146.150765] (-) TimerEvent: {}
[146.253344] (-) TimerEvent: {}
[146.359431] (-) TimerEvent: {}
[146.474469] (-) TimerEvent: {}
[146.575607] (-) TimerEvent: {}
[146.677287] (-) TimerEvent: {}
[146.780382] (-) TimerEvent: {}
[146.881942] (-) TimerEvent: {}
[146.986527] (-) TimerEvent: {}
[147.096507] (-) TimerEvent: {}
[147.197500] (-) TimerEvent: {}
[147.302541] (-) TimerEvent: {}
[147.403744] (-) TimerEvent: {}
[147.509364] (-) TimerEvent: {}
[147.612562] (-) TimerEvent: {}
[147.721385] (-) TimerEvent: {}
[147.824565] (-) TimerEvent: {}
[147.925765] (-) TimerEvent: {}
[148.026948] (-) TimerEvent: {}
[148.128697] (-) TimerEvent: {}
[148.233862] (-) TimerEvent: {}
[148.338067] (-) TimerEvent: {}
[148.440864] (-) TimerEvent: {}
[148.550577] (-) TimerEvent: {}
[148.652144] (-) TimerEvent: {}
[148.753089] (-) TimerEvent: {}
[148.856825] (-) TimerEvent: {}
[148.962391] (-) TimerEvent: {}
[149.063445] (-) TimerEvent: {}
[149.166247] (-) TimerEvent: {}
[149.270882] (-) TimerEvent: {}
[149.371863] (-) TimerEvent: {}
[149.474711] (-) TimerEvent: {}
[149.579483] (-) TimerEvent: {}
[149.680512] (-) TimerEvent: {}
[149.782265] (-) TimerEvent: {}
[149.886766] (-) TimerEvent: {}
[149.989125] (-) TimerEvent: {}
[150.094196] (-) TimerEvent: {}
[150.199749] (-) TimerEvent: {}
[150.305421] (-) TimerEvent: {}
[150.406595] (-) TimerEvent: {}
[150.508174] (-) TimerEvent: {}
[150.611533] (-) TimerEvent: {}
[150.712897] (-) TimerEvent: {}
[150.815728] (-) TimerEvent: {}
[150.916821] (-) TimerEvent: {}
[151.020830] (-) TimerEvent: {}
[151.123284] (-) TimerEvent: {}
[151.225447] (-) TimerEvent: {}
[151.326384] (-) TimerEvent: {}
[151.430449] (-) TimerEvent: {}
[151.531639] (-) TimerEvent: {}
[151.632738] (-) TimerEvent: {}
[151.737424] (-) TimerEvent: {}
[151.838633] (-) TimerEvent: {}
[151.940634] (-) TimerEvent: {}
[152.042714] (-) TimerEvent: {}
[152.145848] (-) TimerEvent: {}
[152.248939] (-) TimerEvent: {}
[152.353439] (-) TimerEvent: {}
[152.457359] (-) TimerEvent: {}
[152.563310] (-) TimerEvent: {}
[152.669660] (-) TimerEvent: {}
[152.773433] (-) TimerEvent: {}
[152.875707] (-) TimerEvent: {}
[152.979533] (-) TimerEvent: {}
[153.080456] (-) TimerEvent: {}
[153.183685] (-) TimerEvent: {}
[153.290856] (-) TimerEvent: {}
[153.400287] (-) TimerEvent: {}
[153.504751] (-) TimerEvent: {}
[153.615288] (-) TimerEvent: {}
[153.717690] (-) TimerEvent: {}
[153.821583] (-) TimerEvent: {}
[153.925463] (-) TimerEvent: {}
[154.026531] (-) TimerEvent: {}
[154.128147] (-) TimerEvent: {}
[154.229213] (-) TimerEvent: {}
[154.330529] (-) TimerEvent: {}
[154.431645] (-) TimerEvent: {}
[154.532958] (-) TimerEvent: {}
[154.634096] (-) TimerEvent: {}
[154.737690] (-) TimerEvent: {}
[154.841801] (-) TimerEvent: {}
[154.942798] (-) TimerEvent: {}
[155.043871] (-) TimerEvent: {}
[155.147472] (-) TimerEvent: {}
[155.248588] (-) TimerEvent: {}
[155.353938] (-) TimerEvent: {}
[155.458455] (-) TimerEvent: {}
[155.559437] (-) TimerEvent: {}
[155.660316] (-) TimerEvent: {}
[155.761181] (-) TimerEvent: {}
[155.862189] (-) TimerEvent: {}
[155.966722] (-) TimerEvent: {}
[156.067575] (-) TimerEvent: {}
[156.169711] (-) TimerEvent: {}
[156.272459] (-) TimerEvent: {}
[156.374019] (-) TimerEvent: {}
[156.475620] (-) TimerEvent: {}
[156.577762] (-) TimerEvent: {}
[156.679216] (-) TimerEvent: {}
[156.782640] (-) TimerEvent: {}
[156.884539] (-) TimerEvent: {}
[156.986469] (-) TimerEvent: {}
[157.093579] (-) TimerEvent: {}
[157.194455] (-) TimerEvent: {}
[157.295554] (-) TimerEvent: {}
[157.396343] (-) TimerEvent: {}
[157.497179] (-) TimerEvent: {}
[157.598326] (-) TimerEvent: {}
[157.699207] (-) TimerEvent: {}
[157.801497] (-) TimerEvent: {}
[157.904445] (-) TimerEvent: {}
[158.005351] (-) TimerEvent: {}
[158.106343] (-) TimerEvent: {}
[158.209734] (-) TimerEvent: {}
[158.242758] (workspace_gz) StdoutLine: {'line': b'[ 20%] \x1b[32mBuilding CXX object CMakeFiles/AcousticPerceptionScoringPlugin.dir/plugins/WaypointMarkers.cc.o\x1b[0m\n'}
[158.309922] (-) TimerEvent: {}
[158.411803] (-) TimerEvent: {}
[158.513569] (-) TimerEvent: {}
[158.616151] (-) TimerEvent: {}
[158.719272] (-) TimerEvent: {}
[158.822590] (-) TimerEvent: {}
[158.924651] (-) TimerEvent: {}
[159.025463] (-) TimerEvent: {}
[159.127307] (-) TimerEvent: {}
[159.228373] (-) TimerEvent: {}
[159.329451] (-) TimerEvent: {}
[159.431368] (-) TimerEvent: {}
[159.533467] (-) TimerEvent: {}
[159.638452] (-) TimerEvent: {}
[159.739286] (-) TimerEvent: {}
[159.841462] (-) TimerEvent: {}
[159.948461] (-) TimerEvent: {}
[160.049371] (-) TimerEvent: {}
[160.156836] (-) TimerEvent: {}
[160.257773] (-) TimerEvent: {}
[160.360031] (-) TimerEvent: {}
[160.470464] (-) TimerEvent: {}
[160.574739] (-) TimerEvent: {}
[160.678796] (-) TimerEvent: {}
[160.780001] (-) TimerEvent: {}
[160.882945] (-) TimerEvent: {}
[160.984964] (-) TimerEvent: {}
[161.086543] (-) TimerEvent: {}
[161.189174] (-) TimerEvent: {}
[161.294521] (-) TimerEvent: {}
[161.397565] (-) TimerEvent: {}
[161.499209] (-) TimerEvent: {}
[161.602055] (-) TimerEvent: {}
[161.706056] (-) TimerEvent: {}
[161.808535] (-) TimerEvent: {}
[161.912544] (-) TimerEvent: {}
[162.013779] (-) TimerEvent: {}
[162.116481] (-) TimerEvent: {}
[162.219815] (-) TimerEvent: {}
[162.321395] (-) TimerEvent: {}
[162.427531] (-) TimerEvent: {}
[162.530545] (-) TimerEvent: {}
[162.635748] (-) TimerEvent: {}
[162.737271] (-) TimerEvent: {}
[162.839748] (-) TimerEvent: {}
[162.940964] (-) TimerEvent: {}
[163.044888] (-) TimerEvent: {}
[163.151205] (-) TimerEvent: {}
[163.223232] (workspace_gz) StdoutLine: {'line': b'[ 22%] \x1b[32mBuilding CXX object CMakeFiles/StationkeepingScoringPlugin.dir/plugins/WaypointMarkers.cc.o\x1b[0m\n'}
[163.251461] (-) TimerEvent: {}
[163.352710] (-) TimerEvent: {}
[163.456435] (-) TimerEvent: {}
[163.560001] (-) TimerEvent: {}
[163.663467] (-) TimerEvent: {}
[163.764374] (-) TimerEvent: {}
[163.866832] (-) TimerEvent: {}
[163.967750] (-) TimerEvent: {}
[164.070085] (-) TimerEvent: {}
[164.174743] (-) TimerEvent: {}
[164.281521] (-) TimerEvent: {}
[164.387747] (-) TimerEvent: {}
[164.488642] (-) TimerEvent: {}
[164.592739] (-) TimerEvent: {}
[164.695551] (-) TimerEvent: {}
[164.763561] (workspace_gz) StdoutLine: {'line': b'[ 24%] \x1b[32mBuilding CXX object CMakeFiles/WayfindingScoringPlugin.dir/plugins/WaypointMarkers.cc.o\x1b[0m\n'}
[164.795742] (-) TimerEvent: {}
[164.896870] (-) TimerEvent: {}
[164.999925] (-) TimerEvent: {}
[165.107916] (-) TimerEvent: {}
[165.213843] (-) TimerEvent: {}
[165.315477] (-) TimerEvent: {}
[165.417899] (-) TimerEvent: {}
[165.522928] (-) TimerEvent: {}
[165.627145] (-) TimerEvent: {}
[165.733570] (-) TimerEvent: {}
[165.834520] (-) TimerEvent: {}
[165.935546] (-) TimerEvent: {}
[166.036571] (-) TimerEvent: {}
[166.140859] (-) TimerEvent: {}
[166.246400] (-) TimerEvent: {}
[166.347471] (-) TimerEvent: {}
[166.448569] (-) TimerEvent: {}
[166.550864] (-) TimerEvent: {}
[166.652844] (-) TimerEvent: {}
[166.755876] (-) TimerEvent: {}
[166.858754] (-) TimerEvent: {}
[166.959900] (-) TimerEvent: {}
[167.062547] (-) TimerEvent: {}
[167.163571] (-) TimerEvent: {}
[167.268546] (-) TimerEvent: {}
[167.381763] (-) TimerEvent: {}
[167.484083] (-) TimerEvent: {}
[167.587064] (-) TimerEvent: {}
[167.695142] (-) TimerEvent: {}
[167.798248] (-) TimerEvent: {}
[167.900824] (-) TimerEvent: {}
[168.003488] (-) TimerEvent: {}
[168.107232] (-) TimerEvent: {}
[168.211192] (-) TimerEvent: {}
[168.313091] (-) TimerEvent: {}
[168.424493] (-) TimerEvent: {}
[168.542572] (-) TimerEvent: {}
[168.654454] (-) TimerEvent: {}
[168.755663] (-) TimerEvent: {}
[168.860566] (-) TimerEvent: {}
[168.963457] (-) TimerEvent: {}
[169.064370] (-) TimerEvent: {}
[169.167081] (-) TimerEvent: {}
[169.268164] (-) TimerEvent: {}
[169.369595] (-) TimerEvent: {}
[169.474075] (-) TimerEvent: {}
[169.577020] (-) TimerEvent: {}
[169.683502] (-) TimerEvent: {}
[169.788530] (-) TimerEvent: {}
[169.891771] (-) TimerEvent: {}
[169.992826] (-) TimerEvent: {}
[170.096461] (-) TimerEvent: {}
[170.150800] (workspace_gz) StdoutLine: {'line': b'[ 26%] \x1b[32m\x1b[1mLinking CXX shared library libWaveVisual.so\x1b[0m\n'}
[170.199476] (-) TimerEvent: {}
[170.300789] (-) TimerEvent: {}
[170.406628] (-) TimerEvent: {}
[170.510399] (-) TimerEvent: {}
[170.612836] (-) TimerEvent: {}
[170.720159] (-) TimerEvent: {}
[170.822152] (-) TimerEvent: {}
[170.927039] (-) TimerEvent: {}
[171.031163] (-) TimerEvent: {}
[171.138044] (-) TimerEvent: {}
[171.242186] (-) TimerEvent: {}
[171.351740] (-) TimerEvent: {}
[171.455748] (-) TimerEvent: {}
[171.560452] (-) TimerEvent: {}
[171.661425] (-) TimerEvent: {}
[171.766654] (-) TimerEvent: {}
[171.870607] (-) TimerEvent: {}
[171.975868] (-) TimerEvent: {}
[172.019873] (workspace_gz) StdoutLine: {'line': b'[ 26%] Built target WaveVisual\n'}
[172.076369] (-) TimerEvent: {}
[172.181492] (-) TimerEvent: {}
[172.285060] (-) TimerEvent: {}
[172.388494] (-) TimerEvent: {}
[172.489636] (-) TimerEvent: {}
[172.590933] (-) TimerEvent: {}
[172.691878] (-) TimerEvent: {}
[172.793889] (-) TimerEvent: {}
[172.895220] (-) TimerEvent: {}
[172.996819] (-) TimerEvent: {}
[173.100111] (-) TimerEvent: {}
[173.202001] (-) TimerEvent: {}
[173.303492] (-) TimerEvent: {}
[173.404685] (-) TimerEvent: {}
[173.507253] (-) TimerEvent: {}
[173.609224] (-) TimerEvent: {}
[173.710338] (-) TimerEvent: {}
[173.811792] (-) TimerEvent: {}
[173.914427] (-) TimerEvent: {}
[174.020019] (-) TimerEvent: {}
[174.121846] (-) TimerEvent: {}
[174.226488] (-) TimerEvent: {}
[174.329380] (-) TimerEvent: {}
[174.431949] (-) TimerEvent: {}
[174.535247] (-) TimerEvent: {}
[174.638692] (-) TimerEvent: {}
[174.740183] (-) TimerEvent: {}
[174.841320] (-) TimerEvent: {}
[174.943935] (-) TimerEvent: {}
[175.046748] (-) TimerEvent: {}
[175.148789] (-) TimerEvent: {}
[175.251576] (-) TimerEvent: {}
[175.352475] (-) TimerEvent: {}
[175.455540] (-) TimerEvent: {}
[175.561244] (-) TimerEvent: {}
[175.665783] (-) TimerEvent: {}
[175.775685] (-) TimerEvent: {}
[175.881889] (-) TimerEvent: {}
[175.994929] (-) TimerEvent: {}
[176.096066] (-) TimerEvent: {}
[176.197857] (-) TimerEvent: {}
[176.302039] (-) TimerEvent: {}
[176.405530] (-) TimerEvent: {}
[176.506597] (-) TimerEvent: {}
[176.608435] (-) TimerEvent: {}
[176.710708] (-) TimerEvent: {}
[176.811785] (-) TimerEvent: {}
[176.914013] (-) TimerEvent: {}
[177.015053] (-) TimerEvent: {}
[177.116917] (-) TimerEvent: {}
[177.219461] (-) TimerEvent: {}
[177.323465] (-) TimerEvent: {}
[177.424418] (-) TimerEvent: {}
[177.527104] (-) TimerEvent: {}
[177.629934] (-) TimerEvent: {}
[177.732802] (-) TimerEvent: {}
[177.835677] (-) TimerEvent: {}
[177.937603] (-) TimerEvent: {}
[178.042195] (-) TimerEvent: {}
[178.145276] (-) TimerEvent: {}
[178.246933] (-) TimerEvent: {}
[178.348474] (-) TimerEvent: {}
[178.451007] (-) TimerEvent: {}
[178.553144] (-) TimerEvent: {}
[178.657653] (-) TimerEvent: {}
[178.759546] (-) TimerEvent: {}
[178.861395] (-) TimerEvent: {}
[178.962785] (-) TimerEvent: {}
[179.065809] (-) TimerEvent: {}
[179.167033] (-) TimerEvent: {}
[179.269609] (-) TimerEvent: {}
[179.372267] (-) TimerEvent: {}
[179.477780] (-) TimerEvent: {}
[179.581952] (-) TimerEvent: {}
[179.683080] (-) TimerEvent: {}
[179.786593] (-) TimerEvent: {}
[179.888585] (-) TimerEvent: {}
[179.990774] (-) TimerEvent: {}
[180.092704] (-) TimerEvent: {}
[180.194623] (-) TimerEvent: {}
[180.297886] (-) TimerEvent: {}
[180.400820] (-) TimerEvent: {}
[180.502935] (-) TimerEvent: {}
[180.604510] (-) TimerEvent: {}
[180.709125] (-) TimerEvent: {}
[180.817951] (-) TimerEvent: {}
[180.921445] (-) TimerEvent: {}
[181.025144] (-) TimerEvent: {}
[181.130369] (-) TimerEvent: {}
[181.231482] (-) TimerEvent: {}
[181.333475] (-) TimerEvent: {}
[181.438877] (-) TimerEvent: {}
[181.544322] (-) TimerEvent: {}
[181.645240] (-) TimerEvent: {}
[181.749000] (-) TimerEvent: {}
[181.855211] (-) TimerEvent: {}
[181.962335] (-) TimerEvent: {}
[182.065522] (-) TimerEvent: {}
[182.169144] (-) TimerEvent: {}
[182.271812] (-) TimerEvent: {}
[182.374952] (-) TimerEvent: {}
[182.481640] (-) TimerEvent: {}
[182.589647] (-) TimerEvent: {}
[182.694517] (-) TimerEvent: {}
[182.801037] (-) TimerEvent: {}
[182.908719] (-) TimerEvent: {}
[183.013241] (-) TimerEvent: {}
[183.114844] (-) TimerEvent: {}
[183.217776] (-) TimerEvent: {}
[183.319898] (-) TimerEvent: {}
[183.423676] (-) TimerEvent: {}
[183.528692] (-) TimerEvent: {}
[183.633099] (-) TimerEvent: {}
[183.737927] (-) TimerEvent: {}
[183.840700] (-) TimerEvent: {}
[183.942110] (-) TimerEvent: {}
[184.044085] (-) TimerEvent: {}
[184.146543] (-) TimerEvent: {}
[184.248516] (-) TimerEvent: {}
[184.350528] (-) TimerEvent: {}
[184.451701] (-) TimerEvent: {}
[184.552728] (-) TimerEvent: {}
[184.655498] (-) TimerEvent: {}
[184.759441] (-) TimerEvent: {}
[184.864045] (-) TimerEvent: {}
[184.967665] (-) TimerEvent: {}
[185.071073] (-) TimerEvent: {}
[185.175118] (-) TimerEvent: {}
[185.279058] (-) TimerEvent: {}
[185.380436] (-) TimerEvent: {}
[185.483430] (-) TimerEvent: {}
[185.584647] (-) TimerEvent: {}
[185.687015] (-) TimerEvent: {}
[185.790228] (-) TimerEvent: {}
[185.892230] (-) TimerEvent: {}
[185.998838] (-) TimerEvent: {}
[186.102874] (-) TimerEvent: {}
[186.203949] (-) TimerEvent: {}
[186.306786] (-) TimerEvent: {}
[186.411369] (-) TimerEvent: {}
[186.512854] (-) TimerEvent: {}
[186.614858] (-) TimerEvent: {}
[186.717077] (-) TimerEvent: {}
[186.823459] (-) TimerEvent: {}
[186.926030] (-) TimerEvent: {}
[187.028416] (-) TimerEvent: {}
[187.132491] (-) TimerEvent: {}
[187.233551] (-) TimerEvent: {}
[187.335179] (-) TimerEvent: {}
[187.438334] (-) TimerEvent: {}
[187.540403] (-) TimerEvent: {}
[187.646647] (-) TimerEvent: {}
[187.749017] (-) TimerEvent: {}
[187.851717] (-) TimerEvent: {}
[187.955197] (-) TimerEvent: {}
[188.060757] (-) TimerEvent: {}
[188.161912] (-) TimerEvent: {}
[188.266133] (-) TimerEvent: {}
[188.368242] (-) TimerEvent: {}
[188.480478] (-) TimerEvent: {}
[188.581649] (-) TimerEvent: {}
[188.682775] (-) TimerEvent: {}
[188.785370] (-) TimerEvent: {}
[188.892380] (-) TimerEvent: {}
[188.995141] (-) TimerEvent: {}
[189.096913] (-) TimerEvent: {}
[189.198679] (-) TimerEvent: {}
[189.300618] (-) TimerEvent: {}
[189.404170] (-) TimerEvent: {}
[189.506428] (-) TimerEvent: {}
[189.608525] (-) TimerEvent: {}
[189.709800] (-) TimerEvent: {}
[189.811422] (-) TimerEvent: {}
[189.914114] (-) TimerEvent: {}
[190.016897] (-) TimerEvent: {}
[190.118796] (-) TimerEvent: {}
[190.222087] (-) TimerEvent: {}
[190.323490] (-) TimerEvent: {}
[190.425782] (-) TimerEvent: {}
[190.530647] (-) TimerEvent: {}
[190.634142] (-) TimerEvent: {}
[190.738957] (-) TimerEvent: {}
[190.848489] (-) TimerEvent: {}
[190.949525] (-) TimerEvent: {}
[191.050327] (-) TimerEvent: {}
[191.151201] (-) TimerEvent: {}
[191.252275] (-) TimerEvent: {}
[191.353385] (-) TimerEvent: {}
[191.454316] (-) TimerEvent: {}
[191.556422] (-) TimerEvent: {}
[191.657741] (-) TimerEvent: {}
[191.758773] (-) TimerEvent: {}
[191.859644] (-) TimerEvent: {}
[191.960622] (-) TimerEvent: {}
[192.061529] (-) TimerEvent: {}
[192.164014] (-) TimerEvent: {}
[192.265514] (-) TimerEvent: {}
[192.368255] (-) TimerEvent: {}
[192.469150] (-) TimerEvent: {}
[192.570121] (-) TimerEvent: {}
[192.671004] (-) TimerEvent: {}
[192.771871] (-) TimerEvent: {}
[192.872567] (-) TimerEvent: {}
[192.973440] (-) TimerEvent: {}
[193.074346] (-) TimerEvent: {}
[193.175182] (-) TimerEvent: {}
[193.276043] (-) TimerEvent: {}
[193.379480] (-) TimerEvent: {}
[193.480450] (-) TimerEvent: {}
[193.581269] (-) TimerEvent: {}
[193.682162] (-) TimerEvent: {}
[193.783200] (-) TimerEvent: {}
[193.884046] (-) TimerEvent: {}
[193.984867] (-) TimerEvent: {}
[194.085796] (-) TimerEvent: {}
[194.186861] (-) TimerEvent: {}
[194.287718] (-) TimerEvent: {}
[194.388645] (-) TimerEvent: {}
[194.489458] (-) TimerEvent: {}
[194.590285] (-) TimerEvent: {}
[194.691674] (-) TimerEvent: {}
[194.792492] (-) TimerEvent: {}
[194.893516] (-) TimerEvent: {}
[194.994377] (-) TimerEvent: {}
[195.095225] (-) TimerEvent: {}
[195.196062] (-) TimerEvent: {}
[195.296999] (-) TimerEvent: {}
[195.399121] (-) TimerEvent: {}
[195.502282] (-) TimerEvent: {}
[195.603111] (-) TimerEvent: {}
[195.703988] (-) TimerEvent: {}
[195.804832] (-) TimerEvent: {}
[195.905717] (-) TimerEvent: {}
[196.006636] (-) TimerEvent: {}
[196.107522] (-) TimerEvent: {}
[196.209545] (-) TimerEvent: {}
[196.311929] (-) TimerEvent: {}
[196.414937] (-) TimerEvent: {}
[196.516239] (-) TimerEvent: {}
[196.620621] (-) TimerEvent: {}
[196.723508] (-) TimerEvent: {}
[196.827478] (-) TimerEvent: {}
[196.931471] (-) TimerEvent: {}
[197.032475] (-) TimerEvent: {}
[197.136415] (-) TimerEvent: {}
[197.240142] (-) TimerEvent: {}
[197.347442] (-) TimerEvent: {}
[197.450360] (-) TimerEvent: {}
[197.552581] (-) TimerEvent: {}
[197.654599] (-) TimerEvent: {}
[197.760153] (-) TimerEvent: {}
[197.863031] (-) TimerEvent: {}
[197.973464] (-) TimerEvent: {}
[198.074573] (-) TimerEvent: {}
[198.177868] (-) TimerEvent: {}
[198.282845] (-) TimerEvent: {}
[198.385511] (-) TimerEvent: {}
[198.486625] (-) TimerEvent: {}
[198.587894] (-) TimerEvent: {}
[198.689408] (-) TimerEvent: {}
[198.791428] (-) TimerEvent: {}
[198.895102] (-) TimerEvent: {}
[198.998070] (-) TimerEvent: {}
[199.099848] (-) TimerEvent: {}
[199.201620] (-) TimerEvent: {}
[199.304213] (-) TimerEvent: {}
[199.406686] (-) TimerEvent: {}
[199.508669] (-) TimerEvent: {}
[199.609886] (-) TimerEvent: {}
[199.711331] (-) TimerEvent: {}
[199.812491] (-) TimerEvent: {}
[199.914259] (-) TimerEvent: {}
[200.016938] (-) TimerEvent: {}
[200.120600] (-) TimerEvent: {}
[200.221835] (-) TimerEvent: {}
[200.325535] (-) TimerEvent: {}
[200.427285] (-) TimerEvent: {}
[200.528984] (-) TimerEvent: {}
[200.631501] (-) TimerEvent: {}
[200.733639] (-) TimerEvent: {}
[200.836478] (-) TimerEvent: {}
[200.939702] (-) TimerEvent: {}
[201.041757] (-) TimerEvent: {}
[201.145541] (-) TimerEvent: {}
[201.250455] (-) TimerEvent: {}
[201.351390] (-) TimerEvent: {}
[201.452799] (-) TimerEvent: {}
[201.556922] (-) TimerEvent: {}
[201.661825] (-) TimerEvent: {}
[201.762781] (-) TimerEvent: {}
[201.867267] (-) TimerEvent: {}
[201.969836] (-) TimerEvent: {}
[202.077137] (-) TimerEvent: {}
[202.184928] (-) TimerEvent: {}
[202.286677] (-) TimerEvent: {}
[202.391343] (-) TimerEvent: {}
[202.494174] (-) TimerEvent: {}
[202.599599] (-) TimerEvent: {}
[202.700514] (-) TimerEvent: {}
[202.801878] (-) TimerEvent: {}
[202.907049] (-) TimerEvent: {}
[203.008731] (-) TimerEvent: {}
[203.113081] (-) TimerEvent: {}
[203.214793] (-) TimerEvent: {}
[203.317046] (-) TimerEvent: {}
[203.418333] (-) TimerEvent: {}
[203.525148] (-) TimerEvent: {}
[203.634289] (-) TimerEvent: {}
[203.737031] (-) TimerEvent: {}
[203.840057] (-) TimerEvent: {}
[203.943759] (-) TimerEvent: {}
[204.045512] (-) TimerEvent: {}
[204.146860] (-) TimerEvent: {}
[204.249731] (-) TimerEvent: {}
[204.351494] (-) TimerEvent: {}
[204.455619] (-) TimerEvent: {}
[204.556658] (-) TimerEvent: {}
[204.658688] (-) TimerEvent: {}
[204.760661] (-) TimerEvent: {}
[204.864081] (-) TimerEvent: {}
[204.966033] (-) TimerEvent: {}
[205.068096] (-) TimerEvent: {}
[205.169536] (-) TimerEvent: {}
[205.273812] (-) TimerEvent: {}
[205.376647] (-) TimerEvent: {}
[205.481168] (-) TimerEvent: {}
[205.583256] (-) TimerEvent: {}
[205.684996] (-) TimerEvent: {}
[205.786746] (-) TimerEvent: {}
[205.890001] (-) TimerEvent: {}
[205.997208] (-) TimerEvent: {}
[206.099330] (-) TimerEvent: {}
[206.200690] (-) TimerEvent: {}
[206.301628] (-) TimerEvent: {}
[206.402576] (-) TimerEvent: {}
[206.504634] (-) TimerEvent: {}
[206.609400] (-) TimerEvent: {}
[206.712695] (-) TimerEvent: {}
[206.814782] (-) TimerEvent: {}
[206.917897] (-) TimerEvent: {}
[207.022100] (-) TimerEvent: {}
[207.126513] (-) TimerEvent: {}
[207.227439] (-) TimerEvent: {}
[207.334234] (-) TimerEvent: {}
[207.435196] (-) TimerEvent: {}
[207.537991] (-) TimerEvent: {}
[207.640062] (-) TimerEvent: {}
[207.743693] (-) TimerEvent: {}
[207.848580] (-) TimerEvent: {}
[207.954911] (-) TimerEvent: {}
[208.060422] (-) TimerEvent: {}
[208.167842] (-) TimerEvent: {}
[208.272582] (-) TimerEvent: {}
[208.379619] (-) TimerEvent: {}
[208.486501] (-) TimerEvent: {}
[208.587892] (-) TimerEvent: {}
[208.692777] (-) TimerEvent: {}
[208.797036] (-) TimerEvent: {}
[208.900938] (-) TimerEvent: {}
[209.004449] (-) TimerEvent: {}
[209.105933] (-) TimerEvent: {}
[209.207864] (-) TimerEvent: {}
[209.313453] (-) TimerEvent: {}
[209.414935] (-) TimerEvent: {}
[209.518113] (-) TimerEvent: {}
[209.620681] (-) TimerEvent: {}
[209.724587] (-) TimerEvent: {}
[209.825759] (-) TimerEvent: {}
[209.928486] (-) TimerEvent: {}
[210.029503] (-) TimerEvent: {}
[210.132894] (-) TimerEvent: {}
[210.235503] (-) TimerEvent: {}
[210.339742] (-) TimerEvent: {}
[210.442126] (-) TimerEvent: {}
[210.547134] (-) TimerEvent: {}
[210.650098] (-) TimerEvent: {}
[210.756180] (-) TimerEvent: {}
[210.857531] (-) TimerEvent: {}
[210.958694] (-) TimerEvent: {}
[211.059791] (-) TimerEvent: {}
[211.160906] (-) TimerEvent: {}
[211.263402] (-) TimerEvent: {}
[211.366950] (-) TimerEvent: {}
[211.467805] (-) TimerEvent: {}
[211.568897] (-) TimerEvent: {}
[211.670532] (-) TimerEvent: {}
[211.771699] (-) TimerEvent: {}
[211.873617] (-) TimerEvent: {}
[211.975340] (-) TimerEvent: {}
[212.077366] (-) TimerEvent: {}
[212.182456] (-) TimerEvent: {}
[212.283386] (-) TimerEvent: {}
[212.384593] (-) TimerEvent: {}
[212.487350] (-) TimerEvent: {}
[212.589278] (-) TimerEvent: {}
[212.691453] (-) TimerEvent: {}
[212.792694] (-) TimerEvent: {}
[212.894373] (-) TimerEvent: {}
[212.998758] (-) TimerEvent: {}
[213.101571] (-) TimerEvent: {}
[213.204911] (-) TimerEvent: {}
[213.306746] (-) TimerEvent: {}
[213.409288] (-) TimerEvent: {}
[213.510974] (-) TimerEvent: {}
[213.614533] (-) TimerEvent: {}
[213.718583] (-) TimerEvent: {}
[213.820483] (-) TimerEvent: {}
[213.921693] (-) TimerEvent: {}
[214.023799] (-) TimerEvent: {}
[214.124696] (-) TimerEvent: {}
[214.228284] (-) TimerEvent: {}
[214.331236] (-) TimerEvent: {}
[214.434103] (-) TimerEvent: {}
[214.539086] (-) TimerEvent: {}
[214.641168] (-) TimerEvent: {}
[214.744714] (-) TimerEvent: {}
[214.847488] (-) TimerEvent: {}
[214.950670] (-) TimerEvent: {}
[215.053577] (-) TimerEvent: {}
[215.159063] (-) TimerEvent: {}
[215.260165] (-) TimerEvent: {}
[215.362562] (-) TimerEvent: {}
[215.464148] (-) TimerEvent: {}
[215.565386] (-) TimerEvent: {}
[215.666472] (-) TimerEvent: {}
[215.769082] (-) TimerEvent: {}
[215.870267] (-) TimerEvent: {}
[215.971485] (-) TimerEvent: {}
[216.074488] (-) TimerEvent: {}
[216.177460] (-) TimerEvent: {}
[216.254833] (workspace_gz) StdoutLine: {'line': b'[ 28%] \x1b[32m\x1b[1mLinking CXX shared library libAcousticPerceptionScoringPlugin.so\x1b[0m\n'}
[216.278993] (-) TimerEvent: {}
[216.380971] (-) TimerEvent: {}
[216.481907] (-) TimerEvent: {}
[216.582680] (-) TimerEvent: {}
[216.684165] (-) TimerEvent: {}
[216.785197] (-) TimerEvent: {}
[216.890092] (-) TimerEvent: {}
[216.992931] (-) TimerEvent: {}
[217.099472] (-) TimerEvent: {}
[217.200970] (-) TimerEvent: {}
[217.307167] (-) TimerEvent: {}
[217.409183] (-) TimerEvent: {}
[217.513436] (-) TimerEvent: {}
[217.616610] (-) TimerEvent: {}
[217.722550] (-) TimerEvent: {}
[217.827542] (-) TimerEvent: {}
[217.933612] (-) TimerEvent: {}
[218.034498] (-) TimerEvent: {}
[218.090199] (workspace_gz) StdoutLine: {'line': b'[ 28%] Built target AcousticPerceptionScoringPlugin\n'}
[218.134978] (-) TimerEvent: {}
[218.236984] (-) TimerEvent: {}
[218.338473] (-) TimerEvent: {}
[218.440697] (-) TimerEvent: {}
[218.541998] (-) TimerEvent: {}
[218.647502] (-) TimerEvent: {}
[218.748915] (-) TimerEvent: {}
[218.851204] (-) TimerEvent: {}
[218.954797] (-) TimerEvent: {}
[219.056131] (-) TimerEvent: {}
[219.158664] (-) TimerEvent: {}
[219.261597] (-) TimerEvent: {}
[219.363017] (-) TimerEvent: {}
[219.464052] (-) TimerEvent: {}
[219.564975] (-) TimerEvent: {}
[219.666417] (-) TimerEvent: {}
[219.769289] (-) TimerEvent: {}
[219.870974] (-) TimerEvent: {}
[219.973900] (-) TimerEvent: {}
[220.081683] (-) TimerEvent: {}
[220.183962] (-) TimerEvent: {}
[220.290052] (-) TimerEvent: {}
[220.391207] (-) TimerEvent: {}
[220.492956] (-) TimerEvent: {}
[220.596367] (-) TimerEvent: {}
[220.660691] (workspace_gz) StdoutLine: {'line': b'[ 30%] \x1b[32m\x1b[1mLinking CXX shared library libWayfindingScoringPlugin.so\x1b[0m\n'}
[220.696547] (-) TimerEvent: {}
[220.797810] (-) TimerEvent: {}
[220.900476] (-) TimerEvent: {}
[221.003016] (-) TimerEvent: {}
[221.052492] (workspace_gz) StdoutLine: {'line': b'[ 32%] \x1b[32m\x1b[1mLinking CXX shared library libStationkeepingScoringPlugin.so\x1b[0m\n'}
[221.103552] (-) TimerEvent: {}
[221.205484] (-) TimerEvent: {}
[221.309738] (-) TimerEvent: {}
[221.418417] (-) TimerEvent: {}
[221.519864] (-) TimerEvent: {}
[221.622199] (-) TimerEvent: {}
[221.723231] (-) TimerEvent: {}
[221.825041] (-) TimerEvent: {}
[221.926942] (-) TimerEvent: {}
[222.030960] (-) TimerEvent: {}
[222.134262] (-) TimerEvent: {}
[222.239227] (-) TimerEvent: {}
[222.340498] (-) TimerEvent: {}
[222.444897] (-) TimerEvent: {}
[222.547045] (-) TimerEvent: {}
[222.650455] (-) TimerEvent: {}
[222.751827] (-) TimerEvent: {}
[222.818112] (workspace_gz) StdoutLine: {'line': b'[ 32%] Built target WayfindingScoringPlugin\n'}
[222.852392] (-) TimerEvent: {}
[222.953766] (-) TimerEvent: {}
[222.955176] (workspace_gz) StdoutLine: {'line': b'[ 32%] Built target StationkeepingScoringPlugin\n'}
[223.003454] (workspace_gz) StdoutLine: {'line': b'\x1b[35m\x1b[1mConsolidate compiler generated dependencies of target LightBuoyPlugin\x1b[0m\n'}
[223.053988] (-) TimerEvent: {}
[223.067877] (workspace_gz) StdoutLine: {'line': b'[ 33%] \x1b[32mBuilding CXX object CMakeFiles/LightBuoyPlugin.dir/plugins/LightBuoyPlugin.cc.o\x1b[0m\n'}
[223.154331] (-) TimerEvent: {}
[223.255246] (-) TimerEvent: {}
[223.356092] (-) TimerEvent: {}
[223.456941] (-) TimerEvent: {}
[223.557719] (-) TimerEvent: {}
[223.658717] (-) TimerEvent: {}
[223.759881] (-) TimerEvent: {}
[223.860519] (-) TimerEvent: {}
[223.961169] (-) TimerEvent: {}
[224.062442] (-) TimerEvent: {}
[224.163811] (-) TimerEvent: {}
[224.265127] (-) TimerEvent: {}
[224.366267] (-) TimerEvent: {}
[224.467286] (-) TimerEvent: {}
[224.568501] (-) TimerEvent: {}
[224.669938] (-) TimerEvent: {}
[224.771066] (-) TimerEvent: {}
[224.872654] (-) TimerEvent: {}
[224.973465] (-) TimerEvent: {}
[225.074604] (-) TimerEvent: {}
[225.175860] (-) TimerEvent: {}
[225.277589] (-) TimerEvent: {}
[225.378611] (-) TimerEvent: {}
[225.480709] (-) TimerEvent: {}
[225.581800] (-) TimerEvent: {}
[225.683133] (-) TimerEvent: {}
[225.784124] (-) TimerEvent: {}
[225.887353] (-) TimerEvent: {}
[225.989329] (-) TimerEvent: {}
[226.090730] (-) TimerEvent: {}
[226.196517] (-) TimerEvent: {}
[226.297927] (-) TimerEvent: {}
[226.398617] (-) TimerEvent: {}
[226.499284] (-) TimerEvent: {}
[226.599883] (-) TimerEvent: {}
[226.700487] (-) TimerEvent: {}
[226.801164] (-) TimerEvent: {}
[226.901977] (-) TimerEvent: {}
[227.003265] (-) TimerEvent: {}
[227.104124] (-) TimerEvent: {}
[227.205015] (-) TimerEvent: {}
[227.305947] (-) TimerEvent: {}
[227.406828] (-) TimerEvent: {}
[227.507796] (-) TimerEvent: {}
[227.608635] (-) TimerEvent: {}
[227.709457] (-) TimerEvent: {}
[227.810270] (-) TimerEvent: {}
[227.911130] (-) TimerEvent: {}
[228.011981] (-) TimerEvent: {}
[228.112834] (-) TimerEvent: {}
[228.213643] (-) TimerEvent: {}
[228.314449] (-) TimerEvent: {}
[228.415439] (-) TimerEvent: {}
[228.516284] (-) TimerEvent: {}
[228.617220] (-) TimerEvent: {}
[228.718059] (-) TimerEvent: {}
[228.818923] (-) TimerEvent: {}
[228.919898] (-) TimerEvent: {}
[229.020734] (-) TimerEvent: {}
[229.121734] (-) TimerEvent: {}
[229.222626] (-) TimerEvent: {}
[229.323714] (-) TimerEvent: {}
[229.424550] (-) TimerEvent: {}
[229.525387] (-) TimerEvent: {}
[229.626185] (-) TimerEvent: {}
[229.727015] (-) TimerEvent: {}
[229.827920] (-) TimerEvent: {}
[229.928760] (-) TimerEvent: {}
[230.029618] (-) TimerEvent: {}
[230.130470] (-) TimerEvent: {}
[230.231330] (-) TimerEvent: {}
[230.332172] (-) TimerEvent: {}
[230.433018] (-) TimerEvent: {}
[230.533922] (-) TimerEvent: {}
[230.634823] (-) TimerEvent: {}
[230.735632] (-) TimerEvent: {}
[230.836317] (-) TimerEvent: {}
[230.936934] (-) TimerEvent: {}
[231.037824] (-) TimerEvent: {}
[231.140209] (-) TimerEvent: {}
[231.241028] (-) TimerEvent: {}
[231.342049] (-) TimerEvent: {}
[231.442992] (-) TimerEvent: {}
[231.543891] (-) TimerEvent: {}
[231.644601] (-) TimerEvent: {}
[231.745357] (-) TimerEvent: {}
[231.846093] (-) TimerEvent: {}
[231.946922] (-) TimerEvent: {}
[232.048258] (-) TimerEvent: {}
[232.149106] (-) TimerEvent: {}
[232.250353] (-) TimerEvent: {}
[232.351441] (-) TimerEvent: {}
[232.452433] (-) TimerEvent: {}
[232.554464] (-) TimerEvent: {}
[232.657253] (-) TimerEvent: {}
[232.758936] (-) TimerEvent: {}
[232.860034] (-) TimerEvent: {}
[232.961198] (-) TimerEvent: {}
[233.062462] (-) TimerEvent: {}
[233.163757] (-) TimerEvent: {}
[233.265727] (-) TimerEvent: {}
[233.369096] (-) TimerEvent: {}
[233.470809] (-) TimerEvent: {}
[233.572254] (-) TimerEvent: {}
[233.674053] (-) TimerEvent: {}
[233.778642] (-) TimerEvent: {}
[233.882458] (-) TimerEvent: {}
[233.983387] (-) TimerEvent: {}
[234.084467] (-) TimerEvent: {}
[234.186962] (-) TimerEvent: {}
[234.287860] (-) TimerEvent: {}
[234.388899] (-) TimerEvent: {}
[234.490162] (-) TimerEvent: {}
[234.591459] (-) TimerEvent: {}
[234.692386] (-) TimerEvent: {}
[234.793579] (-) TimerEvent: {}
[234.894910] (-) TimerEvent: {}
[234.996702] (-) TimerEvent: {}
[235.097762] (-) TimerEvent: {}
[235.198881] (-) TimerEvent: {}
[235.300125] (-) TimerEvent: {}
[235.401679] (-) TimerEvent: {}
[235.502970] (-) TimerEvent: {}
[235.604533] (-) TimerEvent: {}
[235.705357] (-) TimerEvent: {}
[235.806446] (-) TimerEvent: {}
[235.907569] (-) TimerEvent: {}
[236.009324] (-) TimerEvent: {}
[236.110522] (-) TimerEvent: {}
[236.211628] (-) TimerEvent: {}
[236.312893] (-) TimerEvent: {}
[236.367987] (workspace_gz) StderrLine: {'line': b'\x1b[01m\x1b[K/home/aliomacc/sti_usv/src/usv_sim/workspace_gz/plugins/LightBuoyPlugin.cc:\x1b[m\x1b[K In member function \xe2\x80\x98\x1b[01m\x1b[Kvirtual void vrx::LightBuoyPlugin::Configure(const Entity&, const std::shared_ptr<const sdf::v12::Element>&, ignition::gazebo::v6::EntityComponentManager&, ignition::gazebo::v6::EventManager&)\x1b[m\x1b[K\xe2\x80\x99:\n'}
[236.369239] (workspace_gz) StderrLine: {'line': b'\x1b[01m\x1b[K/home/aliomacc/sti_usv/src/usv_sim/workspace_gz/plugins/LightBuoyPlugin.cc:310:34:\x1b[m\x1b[K \x1b[01;35m\x1b[Kwarning: \x1b[m\x1b[Kunused parameter \xe2\x80\x98\x1b[01m\x1b[K_ecm\x1b[m\x1b[K\xe2\x80\x99 [\x1b[01;35m\x1b[K\x1b]8;;https://gcc.gnu.org/onlinedocs/gcc/Warning-Options.html#index-Wunused-parameter\x07-Wunused-parameter\x1b]8;;\x07\x1b[m\x1b[K]\n'}
[236.370194] (workspace_gz) StderrLine: {'line': b'  310 | \x1b[01;35m\x1b[K:EntityComponentManager &_ecm\x1b[m\x1b[K,\n'}
[236.370869] (workspace_gz) StderrLine: {'line': b'      | \x1b[01;35m\x1b[K~~~~~~~~~~~~~~~~~~~~~~~~~^~~~\x1b[m\x1b[K\n'}
[236.371361] (workspace_gz) StderrLine: {'line': b'\n'}
[236.373640] (workspace_gz) StderrLine: {'line': b'\x1b[01m\x1b[K/home/aliomacc/sti_usv/src/usv_sim/workspace_gz/plugins/LightBuoyPlugin.cc:\x1b[m\x1b[K In member function \xe2\x80\x98\x1b[01m\x1b[Kvirtual void vrx::LightBuoyPlugin::PreUpdate(const ignition::gazebo::v6::UpdateInfo&, ignition::gazebo::v6::EntityComponentManager&)\x1b[m\x1b[K\xe2\x80\x99:\n'}
[236.374529] (workspace_gz) StderrLine: {'line': b'\x1b[01m\x1b[K/home/aliomacc/sti_usv/src/usv_sim/workspace_gz/plugins/LightBuoyPlugin.cc:332:32:\x1b[m\x1b[K \x1b[01;35m\x1b[Kwarning: \x1b[m\x1b[Kunused parameter \xe2\x80\x98\x1b[01m\x1b[K_ecm\x1b[m\x1b[K\xe2\x80\x99 [\x1b[01;35m\x1b[K\x1b]8;;https://gcc.gnu.org/onlinedocs/gcc/Warning-Options.html#index-Wunused-parameter\x07-Wunused-parameter\x1b]8;;\x07\x1b[m\x1b[K]\n'}
[236.375092] (workspace_gz) StderrLine: {'line': b'  332 | \x1b[01;35m\x1b[K:EntityComponentManager &_ecm\x1b[m\x1b[K)\n'}
[236.375597] (workspace_gz) StderrLine: {'line': b'      | \x1b[01;35m\x1b[K~~~~~~~~~~~~~~~~~~~~~~~~~^~~~\x1b[m\x1b[K\n'}
[236.376054] (workspace_gz) StderrLine: {'line': b'\n'}
[236.412990] (-) TimerEvent: {}
[236.513791] (-) TimerEvent: {}
[236.615118] (-) TimerEvent: {}
[236.716720] (-) TimerEvent: {}
[236.817978] (-) TimerEvent: {}
[236.920564] (-) TimerEvent: {}
[237.022198] (-) TimerEvent: {}
[237.123755] (-) TimerEvent: {}
[237.224718] (-) TimerEvent: {}
[237.325908] (-) TimerEvent: {}
[237.428620] (-) TimerEvent: {}
[237.529640] (-) TimerEvent: {}
[237.630780] (-) TimerEvent: {}
[237.732034] (-) TimerEvent: {}
[237.833460] (-) TimerEvent: {}
[237.934642] (-) TimerEvent: {}
[238.035503] (-) TimerEvent: {}
[238.136477] (-) TimerEvent: {}
[238.237410] (-) TimerEvent: {}
[238.338666] (-) TimerEvent: {}
[238.440080] (-) TimerEvent: {}
[238.541754] (-) TimerEvent: {}
[238.643044] (-) TimerEvent: {}
[238.744255] (-) TimerEvent: {}
[238.845409] (-) TimerEvent: {}
[238.946551] (-) TimerEvent: {}
[239.048037] (-) TimerEvent: {}
[239.149002] (-) TimerEvent: {}
[239.249951] (-) TimerEvent: {}
[239.352527] (-) TimerEvent: {}
[239.454032] (-) TimerEvent: {}
[239.555167] (-) TimerEvent: {}
[239.659533] (-) TimerEvent: {}
[239.760961] (-) TimerEvent: {}
[239.863123] (-) TimerEvent: {}
[239.964045] (-) TimerEvent: {}
[240.064945] (-) TimerEvent: {}
[240.166007] (-) TimerEvent: {}
[240.268801] (-) TimerEvent: {}
[240.370068] (-) TimerEvent: {}
[240.470939] (-) TimerEvent: {}
[240.571975] (-) TimerEvent: {}
[240.673459] (-) TimerEvent: {}
[240.774806] (-) TimerEvent: {}
[240.876005] (-) TimerEvent: {}
[240.976962] (-) TimerEvent: {}
[241.078111] (-) TimerEvent: {}
[241.180985] (-) TimerEvent: {}
[241.282480] (-) TimerEvent: {}
[241.383242] (-) TimerEvent: {}
[241.484274] (-) TimerEvent: {}
[241.585525] (-) TimerEvent: {}
[241.686804] (-) TimerEvent: {}
[241.787986] (-) TimerEvent: {}
[241.889090] (-) TimerEvent: {}
[241.990008] (-) TimerEvent: {}
[242.091773] (-) TimerEvent: {}
[242.193210] (-) TimerEvent: {}
[242.294712] (-) TimerEvent: {}
[242.396092] (-) TimerEvent: {}
[242.497769] (-) TimerEvent: {}
[242.598966] (-) TimerEvent: {}
[242.700149] (-) TimerEvent: {}
[242.801369] (-) TimerEvent: {}
[242.903901] (-) TimerEvent: {}
[243.005366] (-) TimerEvent: {}
[243.106390] (-) TimerEvent: {}
[243.207463] (-) TimerEvent: {}
[243.308534] (-) TimerEvent: {}
[243.409392] (-) TimerEvent: {}
[243.510345] (-) TimerEvent: {}
[243.611676] (-) TimerEvent: {}
[243.713554] (-) TimerEvent: {}
[243.814717] (-) TimerEvent: {}
[243.915639] (-) TimerEvent: {}
[244.016604] (-) TimerEvent: {}
[244.117665] (-) TimerEvent: {}
[244.218925] (-) TimerEvent: {}
[244.320461] (-) TimerEvent: {}
[244.421469] (-) TimerEvent: {}
[244.522500] (-) TimerEvent: {}
[244.623648] (-) TimerEvent: {}
[244.724875] (-) TimerEvent: {}
[244.826055] (-) TimerEvent: {}
[244.927342] (-) TimerEvent: {}
[245.028788] (-) TimerEvent: {}
[245.129705] (-) TimerEvent: {}
[245.230860] (-) TimerEvent: {}
[245.331845] (-) TimerEvent: {}
[245.433015] (-) TimerEvent: {}
[245.534541] (-) TimerEvent: {}
[245.635635] (-) TimerEvent: {}
[245.736548] (-) TimerEvent: {}
[245.837756] (-) TimerEvent: {}
[245.938709] (-) TimerEvent: {}
[246.040024] (-) TimerEvent: {}
[246.141644] (-) TimerEvent: {}
[246.242897] (-) TimerEvent: {}
[246.343825] (-) TimerEvent: {}
[246.444801] (-) TimerEvent: {}
[246.546490] (-) TimerEvent: {}
[246.647841] (-) TimerEvent: {}
[246.749211] (-) TimerEvent: {}
[246.850215] (-) TimerEvent: {}
[246.951153] (-) TimerEvent: {}
[247.052472] (-) TimerEvent: {}
[247.153673] (-) TimerEvent: {}
[247.255635] (-) TimerEvent: {}
[247.356775] (-) TimerEvent: {}
[247.457819] (-) TimerEvent: {}
[247.558968] (-) TimerEvent: {}
[247.664359] (-) TimerEvent: {}
[247.765399] (-) TimerEvent: {}
[247.866941] (-) TimerEvent: {}
[247.968000] (-) TimerEvent: {}
[248.069089] (-) TimerEvent: {}
[248.170702] (-) TimerEvent: {}
[248.271869] (-) TimerEvent: {}
[248.373171] (-) TimerEvent: {}
[248.475067] (-) TimerEvent: {}
[248.576575] (-) TimerEvent: {}
[248.677427] (-) TimerEvent: {}
[248.778441] (-) TimerEvent: {}
[248.879347] (-) TimerEvent: {}
[248.980447] (-) TimerEvent: {}
[249.081635] (-) TimerEvent: {}
[249.183160] (-) TimerEvent: {}
[249.284403] (-) TimerEvent: {}
[249.385421] (-) TimerEvent: {}
[249.488791] (-) TimerEvent: {}
[249.589872] (-) TimerEvent: {}
[249.691415] (-) TimerEvent: {}
[249.792546] (-) TimerEvent: {}
[249.894071] (-) TimerEvent: {}
[249.995272] (-) TimerEvent: {}
[250.102699] (-) TimerEvent: {}
[250.203942] (-) TimerEvent: {}
[250.309835] (-) TimerEvent: {}
[250.411490] (-) TimerEvent: {}
[250.512555] (-) TimerEvent: {}
[250.613623] (-) TimerEvent: {}
[250.714736] (-) TimerEvent: {}
[250.815756] (-) TimerEvent: {}
[250.917009] (-) TimerEvent: {}
[251.018579] (-) TimerEvent: {}
[251.119724] (-) TimerEvent: {}
[251.220751] (-) TimerEvent: {}
[251.321883] (-) TimerEvent: {}
[251.423049] (-) TimerEvent: {}
[251.524427] (-) TimerEvent: {}
[251.625750] (-) TimerEvent: {}
[251.726887] (-) TimerEvent: {}
[251.827980] (-) TimerEvent: {}
[251.929162] (-) TimerEvent: {}
[252.030462] (-) TimerEvent: {}
[252.131749] (-) TimerEvent: {}
[252.234770] (-) TimerEvent: {}
[252.337830] (-) TimerEvent: {}
[252.439542] (-) TimerEvent: {}
[252.541142] (-) TimerEvent: {}
[252.643167] (-) TimerEvent: {}
[252.744376] (-) TimerEvent: {}
[252.845625] (-) TimerEvent: {}
[252.946853] (-) TimerEvent: {}
[253.048121] (-) TimerEvent: {}
[253.149165] (-) TimerEvent: {}
[253.250429] (-) TimerEvent: {}
[253.352411] (-) TimerEvent: {}
[253.453986] (-) TimerEvent: {}
[253.557169] (-) TimerEvent: {}
[253.658810] (-) TimerEvent: {}
[253.760695] (-) TimerEvent: {}
[253.861682] (-) TimerEvent: {}
[253.963214] (-) TimerEvent: {}
[254.064241] (-) TimerEvent: {}
[254.165092] (-) TimerEvent: {}
[254.266012] (-) TimerEvent: {}
[254.367420] (-) TimerEvent: {}
[254.468664] (-) TimerEvent: {}
[254.569953] (-) TimerEvent: {}
[254.671334] (-) TimerEvent: {}
[254.772491] (-) TimerEvent: {}
[254.873811] (-) TimerEvent: {}
[254.974920] (-) TimerEvent: {}
[255.076070] (-) TimerEvent: {}
[255.177539] (-) TimerEvent: {}
[255.278889] (-) TimerEvent: {}
[255.384415] (-) TimerEvent: {}
[255.485543] (-) TimerEvent: {}
[255.586910] (-) TimerEvent: {}
[255.687951] (-) TimerEvent: {}
[255.788882] (-) TimerEvent: {}
[255.889899] (-) TimerEvent: {}
[255.991151] (-) TimerEvent: {}
[256.092429] (-) TimerEvent: {}
[256.193593] (-) TimerEvent: {}
[256.294844] (-) TimerEvent: {}
[256.396279] (-) TimerEvent: {}
[256.498405] (-) TimerEvent: {}
[256.599830] (-) TimerEvent: {}
[256.700943] (-) TimerEvent: {}
[256.801879] (-) TimerEvent: {}
[256.902815] (-) TimerEvent: {}
[257.004074] (-) TimerEvent: {}
[257.105483] (-) TimerEvent: {}
[257.207911] (-) TimerEvent: {}
[257.308933] (-) TimerEvent: {}
[257.411460] (-) TimerEvent: {}
[257.512855] (-) TimerEvent: {}
[257.613986] (-) TimerEvent: {}
[257.714969] (-) TimerEvent: {}
[257.815988] (-) TimerEvent: {}
[257.917540] (-) TimerEvent: {}
[258.018544] (-) TimerEvent: {}
[258.119565] (-) TimerEvent: {}
[258.220563] (-) TimerEvent: {}
[258.321573] (-) TimerEvent: {}
[258.359825] (kiss_icp) StdoutLine: {'line': b'[100%] \x1b[32m\x1b[1mLinking CXX shared library libodometry_component.so\x1b[0m\n'}
[258.421773] (-) TimerEvent: {}
[258.522776] (-) TimerEvent: {}
[258.623751] (-) TimerEvent: {}
[258.726530] (-) TimerEvent: {}
[258.827587] (-) TimerEvent: {}
[258.930454] (-) TimerEvent: {}
[259.032698] (-) TimerEvent: {}
[259.133666] (-) TimerEvent: {}
[259.234875] (-) TimerEvent: {}
[259.336245] (-) TimerEvent: {}
[259.437264] (-) TimerEvent: {}
[259.538542] (-) TimerEvent: {}
[259.641238] (-) TimerEvent: {}
[259.742492] (-) TimerEvent: {}
[259.843534] (-) TimerEvent: {}
[259.944539] (-) TimerEvent: {}
[260.045660] (-) TimerEvent: {}
[260.059343] (kiss_icp) StdoutLine: {'line': b'[100%] Built target odometry_component\n'}
[260.119086] (kiss_icp) CommandEnded: {'returncode': 0}
[260.124154] (kiss_icp) JobProgress: {'identifier': 'kiss_icp', 'progress': 'install'}
[260.146895] (-) TimerEvent: {}
[260.187976] (kiss_icp) Command: {'cmd': ['/usr/bin/cmake', '--install', '/home/aliomacc/sti_usv/build/kiss_icp'], 'cwd': '/home/aliomacc/sti_usv/build/kiss_icp', 'env': OrderedDict([('GJS_DEBUG_TOPICS', 'JS ERROR;JS LOG'), ('LESSOPEN', '| /usr/bin/lesspipe %s'), ('USER', 'aliomacc'), ('XDG_SESSION_TYPE', 'x11'), ('GIT_ASKPASS', '/usr/share/antigravity/resources/app/extensions/git/dist/askpass.sh'), ('SHLVL', '2'), ('LD_LIBRARY_PATH', '/home/aliomacc/ros2_ws/install/my_robot_interfaces/lib:/opt/ros/humble/opt/rviz_ogre_vendor/lib:/opt/ros/humble/lib/x86_64-linux-gnu:/opt/ros/humble/lib'), ('ANTIGRAVITY_CLI_ALIAS', 'agy'), ('HOME', '/home/aliomacc'), ('CHROME_DESKTOP', 'antigravity.desktop'), ('OLDPWD', '/home/aliomacc/sti_usv/src'), ('TERM_PROGRAM_VERSION', '1.107.0'), ('DESKTOP_SESSION', 'ubuntu-xorg'), ('GIO_LAUNCHED_DESKTOP_FILE', '/usr/share/applications/terminator.desktop'), ('ROS_PYTHON_VERSION', '3'), ('GNOME_SHELL_SESSION_MODE', 'ubuntu'), ('GTK_MODULES', 'gail:atk-bridge'), ('PAGER', 'cat'), ('VSCODE_GIT_ASKPASS_MAIN', '/usr/share/antigravity/resources/app/extensions/git/dist/askpass-main.js'), ('VSCODE_GIT_ASKPASS_NODE', '/usr/share/antigravity/antigravity'), ('MANAGERPID', '1107'), ('SYSTEMD_EXEC_PID', '1513'), ('VSCODE_PYTHON_AUTOACTIVATE_GUARD', '1'), ('DBUS_SESSION_BUS_ADDRESS', 'unix:path=/run/user/1000/bus'), ('COLORTERM', 'truecolor'), ('TERMINATOR_DBUS_NAME', 'net.tenshu.Terminator21a9d5db22c73a993ff0b42f64b396873'), ('ANTIGRAVITY_AGENT', '1'), ('GIO_LAUNCHED_DESKTOP_FILE_PID', '3247'), ('COLCON_PREFIX_PATH', '/home/aliomacc/turtlebot3_ws/install:/home/aliomacc/ros2_ws/install'), ('ROS_DISTRO', 'humble'), ('GTK_IM_MODULE', 'ibus'), ('LOGNAME', 'aliomacc'), ('JOURNAL_STREAM', '8:12760'), ('_', '/usr/bin/colcon'), ('ROS_VERSION', '2'), ('XDG_SESSION_CLASS', 'user'), ('USERNAME', 'aliomacc'), ('TERM', 'xterm-256color'), ('GNOME_DESKTOP_SESSION_ID', 'this-is-deprecated'), ('FC_FONTATIONS', '1'), ('ROS_LOCALHOST_ONLY', '0'), ('WINDOWPATH', '2'), ('PATH', '/home/aliomacc/.local/bin:/home/aliomacc/.local/bin:/opt/ros/humble/bin:/home/aliomacc/.local/bin:/usr/local/sbin:/usr/local/bin:/usr/sbin:/usr/bin:/sbin:/bin:/usr/games:/usr/local/games:/snap/bin:/snap/bin'), ('SESSION_MANAGER', 'local/aliomacc-Nitro-AN515-55:@/tmp/.ICE-unix/1486,unix/aliomacc-Nitro-AN515-55:/tmp/.ICE-unix/1486'), ('INVOCATION_ID', '2ac0e07445ff4cff8e4472503a387641'), ('XDG_MENU_PREFIX', 'gnome-'), ('XDG_RUNTIME_DIR', '/run/user/1000'), ('GDK_BACKEND', 'x11'), ('DISPLAY', ':0'), ('TERMINATOR_DBUS_PATH', '/net/tenshu/Terminator2'), ('LANG', 'tr_TR.UTF-8'), ('XDG_CURRENT_DESKTOP', 'ubuntu:GNOME'), ('IBUS_DISABLE_SNOOPER', '1'), ('XMODIFIERS', '@im=ibus'), ('XDG_SESSION_DESKTOP', 'ubuntu-xorg'), ('XAUTHORITY', '/run/user/1000/gdm/Xauthority'), ('LS_COLORS', 'rs=0:di=01;34:ln=01;36:mh=00:pi=40;33:so=01;35:do=01;35:bd=40;33;01:cd=40;33;01:or=40;31;01:mi=00:su=37;41:sg=30;43:ca=30;41:tw=30;42:ow=34;42:st=37;44:ex=01;32:*.tar=01;31:*.tgz=01;31:*.arc=01;31:*.arj=01;31:*.taz=01;31:*.lha=01;31:*.lz4=01;31:*.lzh=01;31:*.lzma=01;31:*.tlz=01;31:*.txz=01;31:*.tzo=01;31:*.t7z=01;31:*.zip=01;31:*.z=01;31:*.dz=01;31:*.gz=01;31:*.lrz=01;31:*.lz=01;31:*.lzo=01;31:*.xz=01;31:*.zst=01;31:*.tzst=01;31:*.bz2=01;31:*.bz=01;31:*.tbz=01;31:*.tbz2=01;31:*.tz=01;31:*.deb=01;31:*.rpm=01;31:*.jar=01;31:*.war=01;31:*.ear=01;31:*.sar=01;31:*.rar=01;31:*.alz=01;31:*.ace=01;31:*.zoo=01;31:*.cpio=01;31:*.7z=01;31:*.rz=01;31:*.cab=01;31:*.wim=01;31:*.swm=01;31:*.dwm=01;31:*.esd=01;31:*.jpg=01;35:*.jpeg=01;35:*.mjpg=01;35:*.mjpeg=01;35:*.gif=01;35:*.bmp=01;35:*.pbm=01;35:*.pgm=01;35:*.ppm=01;35:*.tga=01;35:*.xbm=01;35:*.xpm=01;35:*.tif=01;35:*.tiff=01;35:*.png=01;35:*.svg=01;35:*.svgz=01;35:*.mng=01;35:*.pcx=01;35:*.mov=01;35:*.mpg=01;35:*.mpeg=01;35:*.m2v=01;35:*.mkv=01;35:*.webm=01;35:*.webp=01;35:*.ogm=01;35:*.mp4=01;35:*.m4v=01;35:*.mp4v=01;35:*.vob=01;35:*.qt=01;35:*.nuv=01;35:*.wmv=01;35:*.asf=01;35:*.rm=01;35:*.rmvb=01;35:*.flc=01;35:*.avi=01;35:*.fli=01;35:*.flv=01;35:*.gl=01;35:*.dl=01;35:*.xcf=01;35:*.xwd=01;35:*.yuv=01;35:*.cgm=01;35:*.emf=01;35:*.ogv=01;35:*.ogx=01;35:*.aac=00;36:*.au=00;36:*.flac=00;36:*.m4a=00;36:*.mid=00;36:*.midi=00;36:*.mka=00;36:*.mp3=00;36:*.mpc=00;36:*.ogg=00;36:*.ra=00;36:*.wav=00;36:*.oga=00;36:*.opus=00;36:*.spx=00;36:*.xspf=00;36:'), ('VSCODE_GIT_IPC_HANDLE', '/run/user/1000/vscode-git-c5327147f8.sock'), ('TERM_PROGRAM', 'vscode'), ('SSH_AGENT_LAUNCHER', 'gnome-keyring'), ('SSH_AUTH_SOCK', '/run/user/1000/keyring/ssh'), ('AMENT_PREFIX_PATH', '/home/aliomacc/turtlebot3_ws/install/turtlebot3_simulations:/home/aliomacc/turtlebot3_ws/install/turtlebot3_manipulation_gazebo:/home/aliomacc/turtlebot3_ws/install/turtlebot3_gazebo:/home/aliomacc/turtlebot3_ws/install/turtlebot3_fake_node:/home/aliomacc/ros2_ws/install/actions_py:/home/aliomacc/ros2_ws/install/my_robot_interfaces:/home/aliomacc/ros2_ws/install/my_robot_description:/home/aliomacc/ros2_ws/install/my_robot_bringup:/home/aliomacc/ros2_ws/install/lifecycle_py:/home/aliomacc/ros2_ws/install/lifecycle_cpp:/opt/ros/humble'), ('SHELL', '/bin/bash'), ('TERMINATOR_UUID', 'urn:uuid:e17eb614-94fe-45ad-b942-6e10beee66f6'), ('QT_ACCESSIBILITY', '1'), ('GDMSESSION', 'ubuntu-xorg'), ('LESSCLOSE', '/usr/bin/lesspipe %s %s'), ('GPG_AGENT_INFO', '/run/user/1000/gnupg/S.gpg-agent:0:1'), ('GJS_DEBUG_OUTPUT', 'stderr'), ('VSCODE_GIT_ASKPASS_EXTRA_ARGS', ''), ('QT_IM_MODULE', 'ibus'), ('PWD', '/home/aliomacc/sti_usv/build/kiss_icp'), ('TURTLEBOT3_MODEL', 'waffle'), ('XDG_CONFIG_DIRS', '/etc/xdg/xdg-ubuntu-xorg:/etc/xdg'), ('XDG_DATA_DIRS', '/usr/share/ubuntu-xorg:/usr/share/gnome:/home/aliomacc/.local/share/flatpak/exports/share:/var/lib/flatpak/exports/share:/usr/local/share/:/usr/share/:/var/lib/snapd/desktop'), ('PYTHONPATH', '/home/aliomacc/ros2_ws/install/actions_py/lib/python3.10/site-packages:/home/aliomacc/ros2_ws/install/my_robot_interfaces/local/lib/python3.10/dist-packages:/home/aliomacc/ros2_ws/install/lifecycle_py/lib/python3.10/site-packages:/opt/ros/humble/lib/python3.10/site-packages:/opt/ros/humble/local/lib/python3.10/dist-packages'), ('COLCON', '1'), ('VTE_VERSION', '6800'), ('CMAKE_PREFIX_PATH', '/home/aliomacc/turtlebot3_ws/install/turtlebot3_simulations:/home/aliomacc/turtlebot3_ws/install/turtlebot3_manipulation_gazebo:/home/aliomacc/turtlebot3_ws/install/turtlebot3_gazebo:/home/aliomacc/turtlebot3_ws/install/turtlebot3_fake_node:/home/aliomacc/ros2_ws/install/my_robot_interfaces:/home/aliomacc/ros2_ws/install/my_robot_description:/home/aliomacc/ros2_ws/install/my_robot_bringup:/home/aliomacc/ros2_ws/install/lifecycle_cpp:/home/aliomacc/ros2_ws/install/actions_py:/home/aliomacc/ros2_ws/install/lifecycle_py:/opt/ros/humble')]), 'shell': False}
[260.221031] (kiss_icp) StdoutLine: {'line': b'-- Install configuration: "Release"\n'}
[260.226183] (kiss_icp) StdoutLine: {'line': b'-- Execute custom install script\n'}
[260.229730] (kiss_icp) StdoutLine: {'line': b'-- Symlinking: /home/aliomacc/sti_usv/install/kiss_icp/lib/kiss_icp/kiss_icp_node\n'}
[260.247096] (-) TimerEvent: {}
[260.273792] (kiss_icp) StdoutLine: {'line': b'-- Symlinking: /home/aliomacc/sti_usv/install/kiss_icp/lib/libodometry_component.so\n'}
[260.322988] (kiss_icp) StdoutLine: {'line': b'-- Symlinking: /home/aliomacc/sti_usv/install/kiss_icp/share/kiss_icp//launch/odometry.launch.py\n'}
[260.352550] (-) TimerEvent: {}
[260.371013] (kiss_icp) StdoutLine: {'line': b'-- Symlinking: /home/aliomacc/sti_usv/install/kiss_icp/share/kiss_icp//rviz/kiss_icp.rviz\n'}
[260.428911] (kiss_icp) StdoutLine: {'line': b'-- Symlinking: /home/aliomacc/sti_usv/install/kiss_icp/share/ament_index/resource_index/package_run_dependencies/kiss_icp\n'}
[260.452858] (-) TimerEvent: {}
[260.478519] (kiss_icp) StdoutLine: {'line': b'-- Symlinking: /home/aliomacc/sti_usv/install/kiss_icp/share/ament_index/resource_index/parent_prefix_path/kiss_icp\n'}
[260.524888] (kiss_icp) StdoutLine: {'line': b'-- Symlinking: /home/aliomacc/sti_usv/install/kiss_icp/share/kiss_icp/environment/ament_prefix_path.sh\n'}
[260.553139] (-) TimerEvent: {}
[260.570421] (kiss_icp) StdoutLine: {'line': b'-- Symlinking: /home/aliomacc/sti_usv/install/kiss_icp/share/kiss_icp/environment/ament_prefix_path.dsv\n'}
[260.628496] (kiss_icp) StdoutLine: {'line': b'-- Symlinking: /home/aliomacc/sti_usv/install/kiss_icp/share/kiss_icp/environment/path.sh\n'}
[260.653386] (-) TimerEvent: {}
[260.671877] (kiss_icp) StdoutLine: {'line': b'-- Symlinking: /home/aliomacc/sti_usv/install/kiss_icp/share/kiss_icp/environment/path.dsv\n'}
[260.715981] (kiss_icp) StdoutLine: {'line': b'-- Symlinking: /home/aliomacc/sti_usv/install/kiss_icp/share/kiss_icp/local_setup.bash\n'}
[260.753588] (-) TimerEvent: {}
[260.757880] (kiss_icp) StdoutLine: {'line': b'-- Symlinking: /home/aliomacc/sti_usv/install/kiss_icp/share/kiss_icp/local_setup.sh\n'}
[260.808509] (kiss_icp) StdoutLine: {'line': b'-- Symlinking: /home/aliomacc/sti_usv/install/kiss_icp/share/kiss_icp/local_setup.zsh\n'}
[260.854530] (-) TimerEvent: {}
[260.861077] (kiss_icp) StdoutLine: {'line': b'-- Symlinking: /home/aliomacc/sti_usv/install/kiss_icp/share/kiss_icp/local_setup.dsv\n'}
[260.916982] (kiss_icp) StdoutLine: {'line': b'-- Symlinking: /home/aliomacc/sti_usv/install/kiss_icp/share/kiss_icp/package.dsv\n'}
[260.956448] (-) TimerEvent: {}
[260.963395] (kiss_icp) StdoutLine: {'line': b'-- Symlinking: /home/aliomacc/sti_usv/install/kiss_icp/share/ament_index/resource_index/packages/kiss_icp\n'}
[261.015437] (kiss_icp) StdoutLine: {'line': b'-- Symlinking: /home/aliomacc/sti_usv/install/kiss_icp/share/ament_index/resource_index/rclcpp_components/kiss_icp\n'}
[261.056912] (-) TimerEvent: {}
[261.066773] (kiss_icp) StdoutLine: {'line': b'-- Symlinking: /home/aliomacc/sti_usv/install/kiss_icp/share/kiss_icp/cmake/kiss_icpConfig.cmake\n'}
[261.133661] (kiss_icp) StdoutLine: {'line': b'-- Symlinking: /home/aliomacc/sti_usv/install/kiss_icp/share/kiss_icp/cmake/kiss_icpConfig-version.cmake\n'}
[261.157103] (-) TimerEvent: {}
[261.181802] (kiss_icp) StdoutLine: {'line': b'-- Symlinking: /home/aliomacc/sti_usv/install/kiss_icp/share/kiss_icp/package.xml\n'}
[261.235077] (kiss_icp) CommandEnded: {'returncode': 0}
[261.257859] (-) TimerEvent: {}
[261.359979] (kiss_icp) JobEnded: {'identifier': 'kiss_icp', 'rc': 0}
[261.362049] (-) TimerEvent: {}
[261.463208] (-) TimerEvent: {}
[261.564019] (-) TimerEvent: {}
[261.664934] (-) TimerEvent: {}
[261.765793] (-) TimerEvent: {}
[261.866766] (-) TimerEvent: {}
[261.967877] (-) TimerEvent: {}
[262.069801] (-) TimerEvent: {}
[262.172084] (-) TimerEvent: {}
[262.275400] (-) TimerEvent: {}
[262.377546] (-) TimerEvent: {}
[262.478370] (-) TimerEvent: {}
[262.579119] (-) TimerEvent: {}
[262.679841] (-) TimerEvent: {}
[262.780547] (-) TimerEvent: {}
[262.881243] (-) TimerEvent: {}
[262.981934] (-) TimerEvent: {}
[263.082711] (-) TimerEvent: {}
[263.183513] (-) TimerEvent: {}
[263.284146] (-) TimerEvent: {}
[263.384727] (-) TimerEvent: {}
[263.485390] (-) TimerEvent: {}
[263.585968] (-) TimerEvent: {}
[263.686568] (-) TimerEvent: {}
[263.787165] (-) TimerEvent: {}
[263.887786] (-) TimerEvent: {}
[263.988438] (-) TimerEvent: {}
[264.089059] (-) TimerEvent: {}
[264.189731] (-) TimerEvent: {}
[264.290606] (-) TimerEvent: {}
[264.391243] (-) TimerEvent: {}
[264.491894] (-) TimerEvent: {}
[264.592497] (-) TimerEvent: {}
[264.693124] (-) TimerEvent: {}
[264.793767] (-) TimerEvent: {}
[264.894408] (-) TimerEvent: {}
[264.995023] (-) TimerEvent: {}
[265.095629] (-) TimerEvent: {}
[265.196248] (-) TimerEvent: {}
[265.296947] (-) TimerEvent: {}
[265.397927] (-) TimerEvent: {}
[265.498689] (-) TimerEvent: {}
[265.599453] (-) TimerEvent: {}
[265.700196] (-) TimerEvent: {}
[265.801019] (-) TimerEvent: {}
[265.901865] (-) TimerEvent: {}
[266.002736] (-) TimerEvent: {}
[266.103447] (-) TimerEvent: {}
[266.204144] (-) TimerEvent: {}
[266.304865] (-) TimerEvent: {}
[266.405575] (-) TimerEvent: {}
[266.506342] (-) TimerEvent: {}
[266.607025] (-) TimerEvent: {}
[266.627754] (workspace_gz) StdoutLine: {'line': b'[ 35%] \x1b[32m\x1b[1mLinking CXX shared library libLightBuoyPlugin.so\x1b[0m\n'}
[266.707191] (-) TimerEvent: {}
[266.807890] (-) TimerEvent: {}
[266.908686] (-) TimerEvent: {}
[267.009431] (-) TimerEvent: {}
[267.110183] (-) TimerEvent: {}
[267.211103] (-) TimerEvent: {}
[267.311942] (-) TimerEvent: {}
[267.412619] (-) TimerEvent: {}
[267.413383] (workspace_gz) StdoutLine: {'line': b'[ 35%] Built target LightBuoyPlugin\n'}
[267.452352] (workspace_gz) StdoutLine: {'line': b'\x1b[35m\x1b[1mConsolidate compiler generated dependencies of target NavigationScoringPlugin\x1b[0m\n'}
[267.512837] (-) TimerEvent: {}
[267.538953] (workspace_gz) StdoutLine: {'line': b'[ 37%] \x1b[32mBuilding CXX object CMakeFiles/NavigationScoringPlugin.dir/plugins/NavigationScoringPlugin.cc.o\x1b[0m\n'}
[267.613041] (-) TimerEvent: {}
[267.713710] (-) TimerEvent: {}
[267.814419] (-) TimerEvent: {}
[267.915060] (-) TimerEvent: {}
[268.015945] (-) TimerEvent: {}
[268.116737] (-) TimerEvent: {}
[268.217492] (-) TimerEvent: {}
[268.318282] (-) TimerEvent: {}
[268.419056] (-) TimerEvent: {}
[268.519826] (-) TimerEvent: {}
[268.620675] (-) TimerEvent: {}
[268.721613] (-) TimerEvent: {}
[268.822205] (-) TimerEvent: {}
[268.922920] (-) TimerEvent: {}
[269.024333] (-) TimerEvent: {}
[269.124951] (-) TimerEvent: {}
[269.225723] (-) TimerEvent: {}
[269.326395] (-) TimerEvent: {}
[269.427109] (-) TimerEvent: {}
[269.527725] (-) TimerEvent: {}
[269.628350] (-) TimerEvent: {}
[269.729157] (-) TimerEvent: {}
[269.829984] (-) TimerEvent: {}
[269.930607] (-) TimerEvent: {}
[270.031239] (-) TimerEvent: {}
[270.131925] (-) TimerEvent: {}
[270.232559] (-) TimerEvent: {}
[270.333203] (-) TimerEvent: {}
[270.433970] (-) TimerEvent: {}
[270.534666] (-) TimerEvent: {}
[270.537594] (workspace_gz) StdoutLine: {'line': b'\x1b[35m\x1b[1mConsolidate compiler generated dependencies of target GymkhanaScoringPlugin\x1b[0m\n'}
[270.606859] (workspace_gz) StdoutLine: {'line': b'[ 39%] \x1b[32mBuilding CXX object CMakeFiles/GymkhanaScoringPlugin.dir/plugins/GymkhanaScoringPlugin.cc.o\x1b[0m\n'}
[270.634874] (-) TimerEvent: {}
[270.735499] (-) TimerEvent: {}
[270.836270] (-) TimerEvent: {}
[270.937024] (-) TimerEvent: {}
[271.037840] (-) TimerEvent: {}
[271.138482] (-) TimerEvent: {}
[271.239270] (-) TimerEvent: {}
[271.340050] (-) TimerEvent: {}
[271.440844] (-) TimerEvent: {}
[271.541670] (-) TimerEvent: {}
[271.622091] (workspace_gz) StdoutLine: {'line': b'\x1b[35m\x1b[1mConsolidate compiler generated dependencies of target BallShooterPlugin\x1b[0m\n'}
[271.642781] (-) TimerEvent: {}
[271.727023] (workspace_gz) StdoutLine: {'line': b'[ 41%] \x1b[32mBuilding CXX object CMakeFiles/BallShooterPlugin.dir/plugins/BallShooterPlugin.cc.o\x1b[0m\n'}
[271.742985] (-) TimerEvent: {}
[271.843886] (-) TimerEvent: {}
[271.944628] (-) TimerEvent: {}
[272.045596] (-) TimerEvent: {}
[272.146397] (-) TimerEvent: {}
[272.248828] (-) TimerEvent: {}
[272.349696] (-) TimerEvent: {}
[272.452155] (-) TimerEvent: {}
[272.553068] (-) TimerEvent: {}
[272.653904] (-) TimerEvent: {}
[272.717127] (workspace_gz) StdoutLine: {'line': b'\x1b[35m\x1b[1mConsolidate compiler generated dependencies of target AcousticPingerPlugin\x1b[0m\n'}
[272.754100] (-) TimerEvent: {}
[272.803366] (workspace_gz) StdoutLine: {'line': b'\x1b[35m\x1b[1mConsolidate compiler generated dependencies of target AcousticTrackingScoringPlugin\x1b[0m\n'}
[272.814468] (workspace_gz) StdoutLine: {'line': b'[ 43%] \x1b[32mBuilding CXX object CMakeFiles/AcousticPingerPlugin.dir/plugins/AcousticPingerPlugin.cc.o\x1b[0m\n'}
[272.854330] (-) TimerEvent: {}
[272.930409] (workspace_gz) StdoutLine: {'line': b'[ 45%] \x1b[32mBuilding CXX object CMakeFiles/AcousticTrackingScoringPlugin.dir/plugins/AcousticTrackingScoringPlugin.cc.o\x1b[0m\n'}
[272.956267] (-) TimerEvent: {}
[273.057466] (-) TimerEvent: {}
[273.165347] (-) TimerEvent: {}
[273.268411] (-) TimerEvent: {}
[273.371455] (-) TimerEvent: {}
[273.475028] (-) TimerEvent: {}
[273.576629] (-) TimerEvent: {}
[273.681192] (-) TimerEvent: {}
[273.783097] (-) TimerEvent: {}
[273.883939] (-) TimerEvent: {}
[273.905833] (workspace_gz) StdoutLine: {'line': b'\x1b[35m\x1b[1mConsolidate compiler generated dependencies of target USVWind\x1b[0m\n'}
[273.984147] (-) TimerEvent: {}
[274.068199] (workspace_gz) StdoutLine: {'line': b'[ 47%] \x1b[32mBuilding CXX object CMakeFiles/USVWind.dir/plugins/USVWind.cc.o\x1b[0m\n'}
[274.090873] (-) TimerEvent: {}
[274.192400] (-) TimerEvent: {}
[274.293387] (-) TimerEvent: {}
[274.395631] (-) TimerEvent: {}
[274.496468] (-) TimerEvent: {}
[274.600126] (-) TimerEvent: {}
[274.701159] (-) TimerEvent: {}
[274.801918] (-) TimerEvent: {}
[274.903438] (-) TimerEvent: {}
[275.006439] (-) TimerEvent: {}
[275.030581] (workspace_gz) StdoutLine: {'line': b'\x1b[35m\x1b[1mConsolidate compiler generated dependencies of target Surface\x1b[0m\n'}
[275.106630] (-) TimerEvent: {}
[275.202457] (workspace_gz) StdoutLine: {'line': b'[ 49%] \x1b[32mBuilding CXX object CMakeFiles/Surface.dir/plugins/Surface.cc.o\x1b[0m\n'}
[275.211435] (-) TimerEvent: {}
[275.312244] (-) TimerEvent: {}
[275.412994] (-) TimerEvent: {}
[275.513741] (-) TimerEvent: {}
[275.614535] (-) TimerEvent: {}
[275.715288] (-) TimerEvent: {}
[275.816494] (-) TimerEvent: {}
[275.920981] (-) TimerEvent: {}
[276.021776] (-) TimerEvent: {}
[276.124450] (-) TimerEvent: {}
[276.219030] (workspace_gz) StdoutLine: {'line': b'\x1b[35m\x1b[1mConsolidate compiler generated dependencies of target PolyhedraBuoyancyDrag\x1b[0m\n'}
[276.227666] (-) TimerEvent: {}
[276.328510] (-) TimerEvent: {}
[276.417434] (workspace_gz) StdoutLine: {'line': b'[ 50%] \x1b[32mBuilding CXX object CMakeFiles/PolyhedraBuoyancyDrag.dir/plugins/PolyhedraBuoyancyDrag.cc.o\x1b[0m\n'}
[276.429588] (-) TimerEvent: {}
[276.536459] (-) TimerEvent: {}
[276.639460] (-) TimerEvent: {}
[276.740324] (-) TimerEvent: {}
[276.841185] (-) TimerEvent: {}
[276.942074] (-) TimerEvent: {}
[277.043381] (-) TimerEvent: {}
[277.151457] (-) TimerEvent: {}
[277.252287] (-) TimerEvent: {}
[277.353160] (-) TimerEvent: {}
[277.454081] (-) TimerEvent: {}
[277.556197] (-) TimerEvent: {}
[277.660454] (-) TimerEvent: {}
[277.761343] (-) TimerEvent: {}
[277.865645] (-) TimerEvent: {}
[277.971776] (-) TimerEvent: {}
[278.076461] (-) TimerEvent: {}
[278.177377] (-) TimerEvent: {}
[278.281740] (-) TimerEvent: {}
[278.385460] (-) TimerEvent: {}
[278.486271] (-) TimerEvent: {}
[278.590465] (-) TimerEvent: {}
[278.699281] (-) TimerEvent: {}
[278.803468] (-) TimerEvent: {}
[278.907525] (-) TimerEvent: {}
[279.008822] (-) TimerEvent: {}
[279.111618] (-) TimerEvent: {}
[279.213487] (-) TimerEvent: {}
[279.318861] (-) TimerEvent: {}
[279.420708] (-) TimerEvent: {}
[279.525457] (-) TimerEvent: {}
[279.626319] (-) TimerEvent: {}
[279.727200] (-) TimerEvent: {}
[279.828117] (-) TimerEvent: {}
[279.933147] (-) TimerEvent: {}
[280.035462] (-) TimerEvent: {}
[280.138464] (-) TimerEvent: {}
[280.239440] (-) TimerEvent: {}
[280.342458] (-) TimerEvent: {}
[280.445212] (-) TimerEvent: {}
[280.549455] (-) TimerEvent: {}
[280.650273] (-) TimerEvent: {}
[280.751150] (-) TimerEvent: {}
[280.854028] (-) TimerEvent: {}
[280.957491] (-) TimerEvent: {}
[281.058389] (-) TimerEvent: {}
[281.162457] (-) TimerEvent: {}
[281.263314] (-) TimerEvent: {}
[281.365454] (-) TimerEvent: {}
[281.467462] (-) TimerEvent: {}
[281.569545] (-) TimerEvent: {}
[281.675464] (-) TimerEvent: {}
[281.776335] (-) TimerEvent: {}
[281.877158] (-) TimerEvent: {}
[281.981461] (-) TimerEvent: {}
[282.082340] (-) TimerEvent: {}
[282.183753] (-) TimerEvent: {}
[282.289456] (-) TimerEvent: {}
[282.392603] (-) TimerEvent: {}
[282.493460] (-) TimerEvent: {}
[282.595699] (-) TimerEvent: {}
[282.700853] (-) TimerEvent: {}
[282.801837] (-) TimerEvent: {}
[282.906568] (-) TimerEvent: {}
[283.007457] (-) TimerEvent: {}
[283.108399] (-) TimerEvent: {}
[283.209308] (-) TimerEvent: {}
[283.313463] (-) TimerEvent: {}
[283.416475] (-) TimerEvent: {}
[283.517360] (-) TimerEvent: {}
[283.618197] (-) TimerEvent: {}
[283.723458] (-) TimerEvent: {}
[283.827474] (-) TimerEvent: {}
[283.928348] (-) TimerEvent: {}
[284.047466] (-) TimerEvent: {}
[284.152150] (-) TimerEvent: {}
[284.260466] (-) TimerEvent: {}
[284.365479] (-) TimerEvent: {}
[284.468482] (-) TimerEvent: {}
[284.569331] (-) TimerEvent: {}
[284.670160] (-) TimerEvent: {}
[284.779463] (-) TimerEvent: {}
[284.889493] (-) TimerEvent: {}
[284.993463] (-) TimerEvent: {}
[285.094842] (-) TimerEvent: {}
[285.198062] (-) TimerEvent: {}
[285.301489] (-) TimerEvent: {}
[285.404462] (-) TimerEvent: {}
[285.505323] (-) TimerEvent: {}
[285.608492] (-) TimerEvent: {}
[285.709331] (-) TimerEvent: {}
[285.815457] (-) TimerEvent: {}
[285.921454] (-) TimerEvent: {}
[286.024453] (-) TimerEvent: {}
[286.125383] (-) TimerEvent: {}
[286.229511] (-) TimerEvent: {}
[286.330360] (-) TimerEvent: {}
[286.431181] (-) TimerEvent: {}
[286.535432] (-) TimerEvent: {}
[286.640315] (-) TimerEvent: {}
[286.744617] (-) TimerEvent: {}
[286.849191] (-) TimerEvent: {}
[286.950282] (-) TimerEvent: {}
[287.054032] (-) TimerEvent: {}
[287.160459] (-) TimerEvent: {}
[287.261765] (-) TimerEvent: {}
[287.370480] (-) TimerEvent: {}
[287.471405] (-) TimerEvent: {}
[287.576259] (-) TimerEvent: {}
[287.677270] (-) TimerEvent: {}
[287.784784] (-) TimerEvent: {}
[287.885809] (-) TimerEvent: {}
[287.990963] (-) TimerEvent: {}
[288.092359] (-) TimerEvent: {}
[288.198047] (-) TimerEvent: {}
[288.303994] (-) TimerEvent: {}
[288.410539] (-) TimerEvent: {}
[288.511572] (-) TimerEvent: {}
[288.613452] (-) TimerEvent: {}
[288.718733] (-) TimerEvent: {}
[288.822134] (-) TimerEvent: {}
[288.924819] (-) TimerEvent: {}
[289.033538] (-) TimerEvent: {}
[289.134673] (-) TimerEvent: {}
[289.237162] (-) TimerEvent: {}
[289.342775] (-) TimerEvent: {}
[289.446287] (-) TimerEvent: {}
[289.553677] (-) TimerEvent: {}
[289.656497] (-) TimerEvent: {}
[289.757716] (-) TimerEvent: {}
[289.859739] (-) TimerEvent: {}
[289.966511] (-) TimerEvent: {}
[290.070478] (-) TimerEvent: {}
[290.171359] (-) TimerEvent: {}
[290.274489] (-) TimerEvent: {}
[290.377916] (-) TimerEvent: {}
[290.478888] (-) TimerEvent: {}
[290.580671] (-) TimerEvent: {}
[290.683247] (-) TimerEvent: {}
[290.787506] (-) TimerEvent: {}
[290.891342] (-) TimerEvent: {}
[290.997836] (-) TimerEvent: {}
[291.100595] (-) TimerEvent: {}
[291.207530] (-) TimerEvent: {}
[291.312516] (-) TimerEvent: {}
[291.416670] (-) TimerEvent: {}
[291.520431] (-) TimerEvent: {}
[291.625033] (-) TimerEvent: {}
[291.727565] (-) TimerEvent: {}
[291.832633] (-) TimerEvent: {}
[291.934766] (-) TimerEvent: {}
[292.040608] (-) TimerEvent: {}
[292.141813] (-) TimerEvent: {}
[292.248573] (-) TimerEvent: {}
[292.351650] (-) TimerEvent: {}
[292.453496] (-) TimerEvent: {}
[292.557467] (-) TimerEvent: {}
[292.662534] (-) TimerEvent: {}
[292.768030] (-) TimerEvent: {}
[292.869364] (-) TimerEvent: {}
[292.975462] (-) TimerEvent: {}
[293.076560] (-) TimerEvent: {}
[293.180560] (-) TimerEvent: {}
[293.285477] (-) TimerEvent: {}
[293.386808] (-) TimerEvent: {}
[293.490666] (-) TimerEvent: {}
[293.597864] (-) TimerEvent: {}
[293.698915] (-) TimerEvent: {}
[293.806525] (-) TimerEvent: {}
[293.907580] (-) TimerEvent: {}
[294.014540] (-) TimerEvent: {}
[294.117513] (-) TimerEvent: {}
[294.221473] (-) TimerEvent: {}
[294.324763] (-) TimerEvent: {}
[294.428543] (-) TimerEvent: {}
[294.531491] (-) TimerEvent: {}
[294.637477] (-) TimerEvent: {}
[294.738634] (-) TimerEvent: {}
[294.843499] (-) TimerEvent: {}
[294.944488] (-) TimerEvent: {}
[295.046913] (-) TimerEvent: {}
[295.150741] (-) TimerEvent: {}
[295.257773] (-) TimerEvent: {}
[295.359258] (-) TimerEvent: {}
[295.465565] (-) TimerEvent: {}
[295.572741] (-) TimerEvent: {}
[295.673756] (-) TimerEvent: {}
[295.776782] (-) TimerEvent: {}
[295.884487] (-) TimerEvent: {}
[295.985489] (-) TimerEvent: {}
[296.090549] (-) TimerEvent: {}
[296.191704] (-) TimerEvent: {}
[296.293465] (-) TimerEvent: {}
[296.397544] (-) TimerEvent: {}
[296.507602] (-) TimerEvent: {}
[296.608770] (-) TimerEvent: {}
[296.716575] (-) TimerEvent: {}
[296.820566] (-) TimerEvent: {}
[296.922528] (-) TimerEvent: {}
[297.028822] (-) TimerEvent: {}
[297.133491] (-) TimerEvent: {}
[297.235620] (-) TimerEvent: {}
[297.339441] (-) TimerEvent: {}
[297.443502] (-) TimerEvent: {}
[297.548494] (-) TimerEvent: {}
[297.649385] (-) TimerEvent: {}
[297.756693] (-) TimerEvent: {}
[297.860549] (-) TimerEvent: {}
[297.965483] (-) TimerEvent: {}
[298.067477] (-) TimerEvent: {}
[298.172473] (-) TimerEvent: {}
[298.279465] (-) TimerEvent: {}
[298.380580] (-) TimerEvent: {}
[298.481454] (-) TimerEvent: {}
[298.587508] (-) TimerEvent: {}
[298.694497] (-) TimerEvent: {}
[298.797643] (-) TimerEvent: {}
[298.900510] (-) TimerEvent: {}
[299.001348] (-) TimerEvent: {}
[299.104777] (-) TimerEvent: {}
[299.208564] (-) TimerEvent: {}
[299.312866] (-) TimerEvent: {}
[299.418576] (-) TimerEvent: {}
[299.519861] (-) TimerEvent: {}
[299.624511] (-) TimerEvent: {}
[299.728630] (-) TimerEvent: {}
[299.831469] (-) TimerEvent: {}
[299.934510] (-) TimerEvent: {}
[300.036686] (-) TimerEvent: {}
[300.137779] (-) TimerEvent: {}
[300.248514] (-) TimerEvent: {}
[300.351455] (-) TimerEvent: {}
[300.453877] (-) TimerEvent: {}
[300.558370] (-) TimerEvent: {}
[300.665527] (-) TimerEvent: {}
[300.768105] (-) TimerEvent: {}
[300.874344] (-) TimerEvent: {}
[300.978886] (-) TimerEvent: {}
[301.083082] (-) TimerEvent: {}
[301.187247] (-) TimerEvent: {}
[301.298465] (-) TimerEvent: {}
[301.403246] (-) TimerEvent: {}
[301.506858] (-) TimerEvent: {}
[301.609463] (-) TimerEvent: {}
[301.713462] (-) TimerEvent: {}
[301.818472] (-) TimerEvent: {}
[301.919416] (-) TimerEvent: {}
[302.020789] (-) TimerEvent: {}
[302.124955] (-) TimerEvent: {}
[302.227115] (-) TimerEvent: {}
[302.330498] (-) TimerEvent: {}
[302.434570] (-) TimerEvent: {}
[302.535823] (-) TimerEvent: {}
[302.640817] (-) TimerEvent: {}
[302.746467] (-) TimerEvent: {}
[302.847461] (-) TimerEvent: {}
[302.949831] (-) TimerEvent: {}
[303.056822] (-) TimerEvent: {}
[303.163480] (-) TimerEvent: {}
[303.267457] (-) TimerEvent: {}
[303.368608] (-) TimerEvent: {}
[303.477478] (-) TimerEvent: {}
[303.579525] (-) TimerEvent: {}
[303.692563] (-) TimerEvent: {}
[303.795857] (-) TimerEvent: {}
[303.896715] (-) TimerEvent: {}
[304.002472] (-) TimerEvent: {}
[304.103423] (-) TimerEvent: {}
[304.207777] (-) TimerEvent: {}
[304.318497] (-) TimerEvent: {}
[304.422575] (-) TimerEvent: {}
[304.523476] (-) TimerEvent: {}
[304.628211] (-) TimerEvent: {}
[304.731584] (-) TimerEvent: {}
[304.838537] (-) TimerEvent: {}
[304.942758] (-) TimerEvent: {}
[305.046688] (-) TimerEvent: {}
[305.150472] (-) TimerEvent: {}
[305.254544] (-) TimerEvent: {}
[305.355912] (-) TimerEvent: {}
[305.461453] (-) TimerEvent: {}
[305.562286] (-) TimerEvent: {}
[305.664648] (-) TimerEvent: {}
[305.770113] (-) TimerEvent: {}
[305.872517] (-) TimerEvent: {}
[305.977862] (-) TimerEvent: {}
[306.079853] (-) TimerEvent: {}
[306.183927] (-) TimerEvent: {}
[306.289473] (-) TimerEvent: {}
[306.390836] (-) TimerEvent: {}
[306.496034] (-) TimerEvent: {}
[306.597664] (-) TimerEvent: {}
[306.700887] (-) TimerEvent: {}
[306.804517] (-) TimerEvent: {}
[306.905685] (-) TimerEvent: {}
[307.008753] (-) TimerEvent: {}
[307.115622] (-) TimerEvent: {}
[307.218465] (-) TimerEvent: {}
[307.322459] (-) TimerEvent: {}
[307.423613] (-) TimerEvent: {}
[307.529540] (-) TimerEvent: {}
[307.634481] (-) TimerEvent: {}
[307.735411] (-) TimerEvent: {}
[307.844788] (-) TimerEvent: {}
[307.948949] (-) TimerEvent: {}
[308.053521] (-) TimerEvent: {}
[308.155863] (-) TimerEvent: {}
[308.259918] (-) TimerEvent: {}
[308.367215] (-) TimerEvent: {}
[308.468281] (-) TimerEvent: {}
[308.572504] (-) TimerEvent: {}
[308.674105] (-) TimerEvent: {}
[308.780682] (-) TimerEvent: {}
[308.886573] (-) TimerEvent: {}
[308.989364] (-) TimerEvent: {}
[309.093914] (-) TimerEvent: {}
[309.199847] (-) TimerEvent: {}
[309.301424] (-) TimerEvent: {}
[309.407461] (-) TimerEvent: {}
[309.508567] (-) TimerEvent: {}
[309.614607] (-) TimerEvent: {}
[309.715563] (-) TimerEvent: {}
[309.816634] (-) TimerEvent: {}
[309.923130] (-) TimerEvent: {}
[310.027869] (-) TimerEvent: {}
[310.132729] (-) TimerEvent: {}
[310.237552] (-) TimerEvent: {}
[310.343481] (-) TimerEvent: {}
[310.444739] (-) TimerEvent: {}
[310.550983] (-) TimerEvent: {}
[310.654017] (-) TimerEvent: {}
[310.764492] (-) TimerEvent: {}
[310.866159] (-) TimerEvent: {}
[310.973475] (-) TimerEvent: {}
[311.074503] (-) TimerEvent: {}
[311.179485] (-) TimerEvent: {}
[311.280496] (-) TimerEvent: {}
[311.381547] (-) TimerEvent: {}
[311.482537] (-) TimerEvent: {}
[311.588509] (-) TimerEvent: {}
[311.689689] (-) TimerEvent: {}
[311.793550] (-) TimerEvent: {}
[311.894483] (-) TimerEvent: {}
[311.998254] (-) TimerEvent: {}
[312.100536] (-) TimerEvent: {}
[312.149730] (workspace_gz) StderrLine: {'line': b'\x1b[01m\x1b[K/home/aliomacc/sti_usv/src/usv_sim/workspace_gz/plugins/AcousticPingerPlugin.cc:\x1b[m\x1b[K In member function \xe2\x80\x98\x1b[01m\x1b[Kbool vrx::AcousticPingerPlugin::Implementation::ParseSDFParameters(ignition::gazebo::v6::EntityComponentManager&)\x1b[m\x1b[K\xe2\x80\x99:\n'}
[312.150993] (workspace_gz) StderrLine: {'line': b'\x1b[01m\x1b[K/home/aliomacc/sti_usv/src/usv_sim/workspace_gz/plugins/AcousticPingerPlugin.cc:100:32:\x1b[m\x1b[K \x1b[01;35m\x1b[Kwarning: \x1b[m\x1b[Kunused parameter \xe2\x80\x98\x1b[01m\x1b[K_ecm\x1b[m\x1b[K\xe2\x80\x99 [\x1b[01;35m\x1b[K\x1b]8;;https://gcc.gnu.org/onlinedocs/gcc/Warning-Options.html#index-Wunused-parameter\x07-Wunused-parameter\x1b]8;;\x07\x1b[m\x1b[K]\n'}
[312.151621] (workspace_gz) StderrLine: {'line': b'  100 |   \x1b[01;35m\x1b[Ksim::EntityComponentManager &_ecm\x1b[m\x1b[K)\n'}
[312.152095] (workspace_gz) StderrLine: {'line': b'      |   \x1b[01;35m\x1b[K~~~~~~~~~~~~~~~~~~~~~~~~~~~~~^~~~\x1b[m\x1b[K\n'}
[312.186559] (workspace_gz) StderrLine: {'line': b'\x1b[01m\x1b[K/home/aliomacc/sti_usv/src/usv_sim/workspace_gz/plugins/AcousticPingerPlugin.cc:\x1b[m\x1b[K In member function \xe2\x80\x98\x1b[01m\x1b[Kvirtual void vrx::AcousticPingerPlugin::Configure(const Entity&, const std::shared_ptr<const sdf::v12::Element>&, ignition::gazebo::v6::EntityComponentManager&, ignition::gazebo::v6::EventManager&)\x1b[m\x1b[K\xe2\x80\x99:\n'}
[312.189154] (workspace_gz) StderrLine: {'line': b'\x1b[01m\x1b[K/home/aliomacc/sti_usv/src/usv_sim/workspace_gz/plugins/AcousticPingerPlugin.cc:197:57:\x1b[m\x1b[K \x1b[01;35m\x1b[Kwarning: \x1b[m\x1b[Kunused parameter \xe2\x80\x98\x1b[01m\x1b[K_eventMgr\x1b[m\x1b[K\xe2\x80\x99 [\x1b[01;35m\x1b[K\x1b]8;;https://gcc.gnu.org/onlinedocs/gcc/Warning-Options.html#index-Wunused-parameter\x07-Wunused-parameter\x1b]8;;\x07\x1b[m\x1b[K]\n'}
[312.189735] (workspace_gz) StderrLine: {'line': b'  197 |   sim::EntityComponentManager &_ecm, \x1b[01;35m\x1b[Ksim::EventManager &_eventMgr\x1b[m\x1b[K)\n'}
[312.190217] (workspace_gz) StderrLine: {'line': b'      |                                      \x1b[01;35m\x1b[K~~~~~~~~~~~~~~~~~~~^~~~~~~~~\x1b[m\x1b[K\n'}
[312.207556] (-) TimerEvent: {}
[312.308527] (-) TimerEvent: {}
[312.415607] (-) TimerEvent: {}
[312.516475] (-) TimerEvent: {}
[312.619927] (-) TimerEvent: {}
[312.721167] (-) TimerEvent: {}
[312.828244] (-) TimerEvent: {}
[312.932469] (-) TimerEvent: {}
[313.037789] (-) TimerEvent: {}
[313.142150] (-) TimerEvent: {}
[313.245608] (-) TimerEvent: {}
[313.350697] (-) TimerEvent: {}
[313.457493] (-) TimerEvent: {}
[313.558815] (-) TimerEvent: {}
[313.664556] (-) TimerEvent: {}
[313.765697] (-) TimerEvent: {}
[313.866835] (-) TimerEvent: {}
[313.971526] (-) TimerEvent: {}
[314.075693] (-) TimerEvent: {}
[314.179873] (-) TimerEvent: {}
[314.287573] (-) TimerEvent: {}
[314.389119] (-) TimerEvent: {}
[314.490568] (-) TimerEvent: {}
[314.595994] (-) TimerEvent: {}
[314.701870] (-) TimerEvent: {}
[314.806226] (-) TimerEvent: {}
[314.908305] (-) TimerEvent: {}
[315.012578] (-) TimerEvent: {}
[315.114717] (-) TimerEvent: {}
[315.251142] (-) TimerEvent: {}
[315.357548] (-) TimerEvent: {}
[315.458559] (-) TimerEvent: {}
[315.560914] (-) TimerEvent: {}
[315.665465] (-) TimerEvent: {}
[315.766465] (-) TimerEvent: {}
[315.871635] (-) TimerEvent: {}
[315.974197] (-) TimerEvent: {}
[316.081466] (-) TimerEvent: {}
[316.188689] (-) TimerEvent: {}
[316.289787] (-) TimerEvent: {}
[316.399491] (-) TimerEvent: {}
[316.500506] (-) TimerEvent: {}
[316.601421] (-) TimerEvent: {}
[316.705887] (-) TimerEvent: {}
[316.813460] (-) TimerEvent: {}
[316.914451] (-) TimerEvent: {}
[317.021615] (-) TimerEvent: {}
[317.124524] (-) TimerEvent: {}
[317.225851] (-) TimerEvent: {}
[317.330462] (-) TimerEvent: {}
[317.433467] (-) TimerEvent: {}
[317.534709] (-) TimerEvent: {}
[317.636278] (-) TimerEvent: {}
[317.741701] (-) TimerEvent: {}
[317.846472] (-) TimerEvent: {}
[317.948575] (-) TimerEvent: {}
[318.056471] (-) TimerEvent: {}
[318.157359] (-) TimerEvent: {}
[318.263539] (-) TimerEvent: {}
[318.364457] (-) TimerEvent: {}
[318.468528] (-) TimerEvent: {}
[318.573475] (-) TimerEvent: {}
[318.657873] (workspace_gz) StderrLine: {'line': b'\x1b[01m\x1b[K/home/aliomacc/sti_usv/src/usv_sim/workspace_gz/plugins/BallShooterPlugin.cc:\x1b[m\x1b[K In member function \xe2\x80\x98\x1b[01m\x1b[Kvirtual void vrx::BallShooterPlugin::Configure(const Entity&, const std::shared_ptr<const sdf::v12::Element>&, ignition::gazebo::v6::EntityComponentManager&, ignition::gazebo::v6::EventManager&)\x1b[m\x1b[K\xe2\x80\x99:\n'}
[318.661775] (workspace_gz) StderrLine: {'line': b'\x1b[01m\x1b[K/home/aliomacc/sti_usv/src/usv_sim/workspace_gz/plugins/BallShooterPlugin.cc:90:54:\x1b[m\x1b[K \x1b[01;35m\x1b[Kwarning: \x1b[m\x1b[Kunused parameter \xe2\x80\x98\x1b[01m\x1b[K_entity\x1b[m\x1b[K\xe2\x80\x99 [\x1b[01;35m\x1b[K\x1b]8;;https://gcc.gnu.org/onlinedocs/gcc/Warning-Options.html#index-Wunused-parameter\x07-Wunused-parameter\x1b]8;;\x07\x1b[m\x1b[K]\n'}
[318.664190] (workspace_gz) StderrLine: {'line': b'   90 | void BallShooterPlugin::Configure(\x1b[01;35m\x1b[Kconst sim::Entity &_entity\x1b[m\x1b[K,\n'}
[318.664795] (workspace_gz) StderrLine: {'line': b'      |                                   \x1b[01;35m\x1b[K~~~~~~~~~~~~~~~~~~~^~~~~~~\x1b[m\x1b[K\n'}
[318.673656] (workspace_gz) StderrLine: {'line': b'\x1b[01m\x1b[K/home/aliomacc/sti_usv/src/usv_sim/workspace_gz/plugins/BallShooterPlugin.cc:92:57:\x1b[m\x1b[K \x1b[01;35m\x1b[Kwarning: \x1b[m\x1b[Kunused parameter \xe2\x80\x98\x1b[01m\x1b[K_eventMgr\x1b[m\x1b[K\xe2\x80\x99 [\x1b[01;35m\x1b[K\x1b]8;;https://gcc.gnu.org/onlinedocs/gcc/Warning-Options.html#index-Wunused-parameter\x07-Wunused-parameter\x1b]8;;\x07\x1b[m\x1b[K]\n'}
[318.674344] (-) TimerEvent: {}
[318.674905] (workspace_gz) StderrLine: {'line': b'   92 |   sim::EntityComponentManager &_ecm, \x1b[01;35m\x1b[Ksim::EventManager &_eventMgr\x1b[m\x1b[K)\n'}
[318.675489] (workspace_gz) StderrLine: {'line': b'      |                                      \x1b[01;35m\x1b[K~~~~~~~~~~~~~~~~~~~^~~~~~~~~\x1b[m\x1b[K\n'}
[318.715336] (workspace_gz) StderrLine: {'line': b'\x1b[01m\x1b[K/home/aliomacc/sti_usv/src/usv_sim/workspace_gz/plugins/BallShooterPlugin.cc:\x1b[m\x1b[K In member function \xe2\x80\x98\x1b[01m\x1b[Kvoid vrx::BallShooterPlugin::Implementation::OnFire(const ignition::msgs::Boolean&)\x1b[m\x1b[K\xe2\x80\x99:\n'}
[318.721698] (workspace_gz) StderrLine: {'line': b'\x1b[01m\x1b[K/home/aliomacc/sti_usv/src/usv_sim/workspace_gz/plugins/BallShooterPlugin.cc:292:69:\x1b[m\x1b[K \x1b[01;35m\x1b[Kwarning: \x1b[m\x1b[Kunused parameter \xe2\x80\x98\x1b[01m\x1b[K_msg\x1b[m\x1b[K\xe2\x80\x99 [\x1b[01;35m\x1b[K\x1b]8;;https://gcc.gnu.org/onlinedocs/gcc/Warning-Options.html#index-Wunused-parameter\x07-Wunused-parameter\x1b]8;;\x07\x1b[m\x1b[K]\n'}
[318.722431] (workspace_gz) StderrLine: {'line': b'  292 | void BallShooterPlugin::Implementation::OnFire(\x1b[01;35m\x1b[Kconst msgs::Boolean &_msg\x1b[m\x1b[K)\n'}
[318.724889] (workspace_gz) StderrLine: {'line': b'      |                                                \x1b[01;35m\x1b[K~~~~~~~~~~~~~~~~~~~~~^~~~\x1b[m\x1b[K\n'}
[318.784683] (-) TimerEvent: {}
[318.891197] (-) TimerEvent: {}
[318.998028] (-) TimerEvent: {}
[319.101006] (-) TimerEvent: {}
[319.202006] (-) TimerEvent: {}
[319.309461] (-) TimerEvent: {}
[319.410629] (-) TimerEvent: {}
[319.513970] (-) TimerEvent: {}
[319.615780] (-) TimerEvent: {}
[319.719465] (-) TimerEvent: {}
[319.824726] (-) TimerEvent: {}
[319.925927] (-) TimerEvent: {}
[320.032751] (-) TimerEvent: {}
[320.137193] (-) TimerEvent: {}
[320.239938] (-) TimerEvent: {}
[320.342791] (-) TimerEvent: {}
[320.448036] (-) TimerEvent: {}
[320.553604] (-) TimerEvent: {}
[320.654468] (-) TimerEvent: {}
[320.757532] (-) TimerEvent: {}
[320.858570] (-) TimerEvent: {}
[320.959592] (-) TimerEvent: {}
[321.062510] (-) TimerEvent: {}
[321.170090] (-) TimerEvent: {}
[321.271046] (-) TimerEvent: {}
[321.373843] (-) TimerEvent: {}
[321.477245] (-) TimerEvent: {}
[321.578072] (-) TimerEvent: {}
[321.684492] (-) TimerEvent: {}
[321.786711] (-) TimerEvent: {}
[321.890017] (-) TimerEvent: {}
[321.993549] (-) TimerEvent: {}
[322.094543] (-) TimerEvent: {}
[322.201005] (-) TimerEvent: {}
[322.303030] (-) TimerEvent: {}
[322.407924] (-) TimerEvent: {}
[322.512468] (-) TimerEvent: {}
[322.615253] (-) TimerEvent: {}
[322.718517] (-) TimerEvent: {}
[322.821643] (-) TimerEvent: {}
[322.925469] (-) TimerEvent: {}
[323.047429] (-) TimerEvent: {}
[323.152219] (-) TimerEvent: {}
[323.261525] (-) TimerEvent: {}
[323.374488] (-) TimerEvent: {}
[323.484465] (-) TimerEvent: {}
[323.594480] (-) TimerEvent: {}
[323.695541] (-) TimerEvent: {}
[323.796397] (-) TimerEvent: {}
[323.903474] (-) TimerEvent: {}
[324.004402] (-) TimerEvent: {}
[324.108466] (-) TimerEvent: {}
[324.212532] (-) TimerEvent: {}
[324.313676] (-) TimerEvent: {}
[324.420808] (-) TimerEvent: {}
[324.521800] (-) TimerEvent: {}
[324.626561] (-) TimerEvent: {}
[324.727696] (-) TimerEvent: {}
[324.829084] (-) TimerEvent: {}
[324.934534] (-) TimerEvent: {}
[325.035473] (-) TimerEvent: {}
[325.138462] (-) TimerEvent: {}
[325.239661] (-) TimerEvent: {}
[325.342833] (-) TimerEvent: {}
[325.444248] (-) TimerEvent: {}
[325.547630] (-) TimerEvent: {}
[325.657503] (-) TimerEvent: {}
[325.758546] (-) TimerEvent: {}
[325.859502] (-) TimerEvent: {}
[325.963523] (-) TimerEvent: {}
[326.064651] (-) TimerEvent: {}
[326.167533] (-) TimerEvent: {}
[326.269928] (-) TimerEvent: {}
[326.374164] (-) TimerEvent: {}
[326.475053] (-) TimerEvent: {}
[326.579913] (-) TimerEvent: {}
[326.687458] (-) TimerEvent: {}
[326.789543] (-) TimerEvent: {}
[326.890557] (-) TimerEvent: {}
[326.994580] (-) TimerEvent: {}
[327.098113] (-) TimerEvent: {}
[327.202811] (-) TimerEvent: {}
[327.303743] (-) TimerEvent: {}
[327.406086] (-) TimerEvent: {}
[327.458815] (workspace_gz) StderrLine: {'line': b'In file included from \x1b[01m\x1b[K/home/aliomacc/sti_usv/src/usv_sim/workspace_gz/plugins/USVWind.cc:16\x1b[m\x1b[K:\n'}
[327.462134] (workspace_gz) StderrLine: {'line': b'\x1b[01m\x1b[K/home/aliomacc/sti_usv/src/usv_sim/workspace_gz/plugins/USVWind.hh:92:44:\x1b[m\x1b[K \x1b[01;35m\x1b[Kwarning: \x1b[m\x1b[Kextra \xe2\x80\x98\x1b[01m\x1b[K;\x1b[m\x1b[K\xe2\x80\x99 [\x1b[01;35m\x1b[K\x1b]8;;https://gcc.gnu.org/onlinedocs/gcc/Warning-Options.html#index-Wpedantic\x07-Wpedantic\x1b]8;;\x07\x1b[m\x1b[K]\n'}
[327.466220] (workspace_gz) StderrLine: {'line': b'   92 |          IGN_UTILS_UNIQUE_IMPL_PTR(dataPtr)\x1b[01;35m\x1b[K;\x1b[m\x1b[K\n'}
[327.471610] (workspace_gz) StderrLine: {'line': b'      |                                            \x1b[01;35m\x1b[K^\x1b[m\x1b[K\n'}
[327.472586] (workspace_gz) StderrLine: {'line': b'      |                                            \x1b[31m\x1b[K-\x1b[m\x1b[K\n'}
[327.506283] (-) TimerEvent: {}
[327.607257] (-) TimerEvent: {}
[327.700976] (workspace_gz) StderrLine: {'line': b'\x1b[01m\x1b[K/home/aliomacc/sti_usv/src/usv_sim/workspace_gz/plugins/USVWind.cc:\x1b[m\x1b[K In member function \xe2\x80\x98\x1b[01m\x1b[Kvirtual void vrx::USVWind::Configure(const Entity&, const std::shared_ptr<const sdf::v12::Element>&, ignition::gazebo::v6::EntityComponentManager&, ignition::gazebo::v6::EventManager&)\x1b[m\x1b[K\xe2\x80\x99:\n'}
[327.705019] (workspace_gz) StderrLine: {'line': b'\x1b[01m\x1b[K/home/aliomacc/sti_usv/src/usv_sim/workspace_gz/plugins/USVWind.cc:116:44:\x1b[m\x1b[K \x1b[01;35m\x1b[Kwarning: \x1b[m\x1b[Kunused parameter \xe2\x80\x98\x1b[01m\x1b[K_entity\x1b[m\x1b[K\xe2\x80\x99 [\x1b[01;35m\x1b[K\x1b]8;;https://gcc.gnu.org/onlinedocs/gcc/Warning-Options.html#index-Wunused-parameter\x07-Wunused-parameter\x1b]8;;\x07\x1b[m\x1b[K]\n'}
[327.711882] (-) TimerEvent: {}
[327.712811] (workspace_gz) StderrLine: {'line': b'  116 | void USVWind::Configure(\x1b[01;35m\x1b[Kconst sim::Entity &_entity\x1b[m\x1b[K,\n'}
[327.715600] (workspace_gz) StderrLine: {'line': b'      |                         \x1b[01;35m\x1b[K~~~~~~~~~~~~~~~~~~~^~~~~~~\x1b[m\x1b[K\n'}
[327.716279] (workspace_gz) StderrLine: {'line': b'\x1b[01m\x1b[K/home/aliomacc/sti_usv/src/usv_sim/workspace_gz/plugins/USVWind.cc:118:54:\x1b[m\x1b[K \x1b[01;35m\x1b[Kwarning: \x1b[m\x1b[Kunused parameter \xe2\x80\x98\x1b[01m\x1b[K_ecm\x1b[m\x1b[K\xe2\x80\x99 [\x1b[01;35m\x1b[K\x1b]8;;https://gcc.gnu.org/onlinedocs/gcc/Warning-Options.html#index-Wunused-parameter\x07-Wunused-parameter\x1b]8;;\x07\x1b[m\x1b[K]\n'}
[327.716835] (workspace_gz) StderrLine: {'line': b'  118 |                         \x1b[01;35m\x1b[Ksim::EntityComponentManager &_ecm\x1b[m\x1b[K,\n'}
[327.717308] (workspace_gz) StderrLine: {'line': b'      |                         \x1b[01;35m\x1b[K~~~~~~~~~~~~~~~~~~~~~~~~~~~~~^~~~\x1b[m\x1b[K\n'}
[327.815368] (-) TimerEvent: {}
[327.917730] (-) TimerEvent: {}
[328.021733] (-) TimerEvent: {}
[328.122613] (-) TimerEvent: {}
[328.227834] (-) TimerEvent: {}
[328.329038] (-) TimerEvent: {}
[328.431987] (-) TimerEvent: {}
[328.535784] (-) TimerEvent: {}
[328.638002] (-) TimerEvent: {}
[328.739596] (-) TimerEvent: {}
[328.842787] (-) TimerEvent: {}
[328.944567] (-) TimerEvent: {}
[329.047997] (-) TimerEvent: {}
[329.150576] (-) TimerEvent: {}
[329.251575] (-) TimerEvent: {}
[329.356871] (-) TimerEvent: {}
[329.459552] (-) TimerEvent: {}
[329.567011] (-) TimerEvent: {}
[329.667950] (-) TimerEvent: {}
[329.769345] (-) TimerEvent: {}
[329.878737] (-) TimerEvent: {}
[329.979964] (-) TimerEvent: {}
[330.080858] (-) TimerEvent: {}
[330.184093] (-) TimerEvent: {}
[330.287000] (-) TimerEvent: {}
[330.391502] (-) TimerEvent: {}
[330.495157] (-) TimerEvent: {}
[330.601743] (-) TimerEvent: {}
[330.702640] (-) TimerEvent: {}
[330.805774] (-) TimerEvent: {}
[330.908788] (-) TimerEvent: {}
[331.013484] (-) TimerEvent: {}
[331.114664] (-) TimerEvent: {}
[331.216259] (-) TimerEvent: {}
[331.323463] (-) TimerEvent: {}
[331.424350] (-) TimerEvent: {}
[331.525720] (-) TimerEvent: {}
[331.629817] (-) TimerEvent: {}
[331.731395] (-) TimerEvent: {}
[331.836376] (-) TimerEvent: {}
[331.942480] (-) TimerEvent: {}
[332.043416] (-) TimerEvent: {}
[332.145464] (-) TimerEvent: {}
[332.248666] (-) TimerEvent: {}
[332.352611] (-) TimerEvent: {}
[332.454510] (-) TimerEvent: {}
[332.558481] (-) TimerEvent: {}
[332.662473] (-) TimerEvent: {}
[332.766485] (-) TimerEvent: {}
[332.867837] (-) TimerEvent: {}
[332.970399] (-) TimerEvent: {}
[333.075379] (-) TimerEvent: {}
[333.180546] (-) TimerEvent: {}
[333.281699] (-) TimerEvent: {}
[333.384878] (-) TimerEvent: {}
[333.490915] (-) TimerEvent: {}
[333.597521] (-) TimerEvent: {}
[333.698521] (-) TimerEvent: {}
[333.799622] (-) TimerEvent: {}
[333.902706] (-) TimerEvent: {}
[334.004030] (-) TimerEvent: {}
[334.108466] (-) TimerEvent: {}
[334.210239] (-) TimerEvent: {}
[334.311208] (-) TimerEvent: {}
[334.414655] (-) TimerEvent: {}
[334.519645] (-) TimerEvent: {}
[334.620510] (-) TimerEvent: {}
[334.723093] (-) TimerEvent: {}
[334.824085] (-) TimerEvent: {}
[334.927366] (-) TimerEvent: {}
[335.030758] (-) TimerEvent: {}
[335.131718] (-) TimerEvent: {}
[335.233807] (-) TimerEvent: {}
[335.338168] (-) TimerEvent: {}
[335.442561] (-) TimerEvent: {}
[335.549191] (-) TimerEvent: {}
[335.650235] (-) TimerEvent: {}
[335.754694] (-) TimerEvent: {}
[335.855672] (-) TimerEvent: {}
[335.972796] (-) TimerEvent: {}
[336.089506] (-) TimerEvent: {}
[336.194677] (-) TimerEvent: {}
[336.295584] (-) TimerEvent: {}
[336.396509] (-) TimerEvent: {}
[336.501792] (-) TimerEvent: {}
[336.603488] (-) TimerEvent: {}
[336.706475] (-) TimerEvent: {}
[336.809440] (-) TimerEvent: {}
[336.911265] (-) TimerEvent: {}
[337.013826] (-) TimerEvent: {}
[337.118124] (-) TimerEvent: {}
[337.220155] (-) TimerEvent: {}
[337.326501] (-) TimerEvent: {}
[337.427700] (-) TimerEvent: {}
[337.533470] (-) TimerEvent: {}
[337.634347] (-) TimerEvent: {}
[337.738455] (-) TimerEvent: {}
[337.842482] (-) TimerEvent: {}
[337.943670] (-) TimerEvent: {}
[338.049125] (-) TimerEvent: {}
[338.154829] (-) TimerEvent: {}
[338.260060] (-) TimerEvent: {}
[338.360993] (-) TimerEvent: {}
[338.462358] (-) TimerEvent: {}
[338.565157] (-) TimerEvent: {}
[338.670997] (-) TimerEvent: {}
[338.773524] (-) TimerEvent: {}
[338.874625] (-) TimerEvent: {}
[338.976585] (-) TimerEvent: {}
[339.080001] (-) TimerEvent: {}
[339.186182] (-) TimerEvent: {}
[339.287241] (-) TimerEvent: {}
[339.389865] (-) TimerEvent: {}
[339.494520] (-) TimerEvent: {}
[339.595731] (-) TimerEvent: {}
[339.699978] (-) TimerEvent: {}
[339.801931] (-) TimerEvent: {}
[339.904865] (-) TimerEvent: {}
[340.009231] (-) TimerEvent: {}
[340.113757] (-) TimerEvent: {}
[340.214623] (-) TimerEvent: {}
[340.316468] (-) TimerEvent: {}
[340.421154] (-) TimerEvent: {}
[340.522166] (-) TimerEvent: {}
[340.623126] (-) TimerEvent: {}
[340.727831] (-) TimerEvent: {}
[340.828704] (-) TimerEvent: {}
[340.929618] (-) TimerEvent: {}
[341.031736] (-) TimerEvent: {}
[341.137199] (-) TimerEvent: {}
[341.241400] (-) TimerEvent: {}
[341.345187] (-) TimerEvent: {}
[341.447142] (-) TimerEvent: {}
[341.552222] (-) TimerEvent: {}
[341.654612] (-) TimerEvent: {}
[341.755514] (-) TimerEvent: {}
[341.857678] (-) TimerEvent: {}
[341.961173] (-) TimerEvent: {}
[342.061989] (-) TimerEvent: {}
[342.165568] (-) TimerEvent: {}
[342.266944] (-) TimerEvent: {}
[342.370748] (-) TimerEvent: {}
[342.480177] (-) TimerEvent: {}
[342.585103] (-) TimerEvent: {}
[342.686816] (-) TimerEvent: {}
[342.792063] (-) TimerEvent: {}
[342.893188] (-) TimerEvent: {}
[342.999704] (-) TimerEvent: {}
[343.105757] (-) TimerEvent: {}
[343.207150] (-) TimerEvent: {}
[343.312745] (-) TimerEvent: {}
[343.413655] (-) TimerEvent: {}
[343.516641] (-) TimerEvent: {}
[343.622766] (-) TimerEvent: {}
[343.729665] (-) TimerEvent: {}
[343.831624] (-) TimerEvent: {}
[343.935122] (-) TimerEvent: {}
[344.037848] (-) TimerEvent: {}
[344.139185] (-) TimerEvent: {}
[344.241743] (-) TimerEvent: {}
[344.344728] (-) TimerEvent: {}
[344.448893] (-) TimerEvent: {}
[344.549958] (-) TimerEvent: {}
[344.652492] (-) TimerEvent: {}
[344.755476] (-) TimerEvent: {}
[344.856476] (-) TimerEvent: {}
[344.960757] (-) TimerEvent: {}
[345.061666] (-) TimerEvent: {}
[345.166467] (-) TimerEvent: {}
[345.271558] (-) TimerEvent: {}
[345.372733] (-) TimerEvent: {}
[345.481458] (-) TimerEvent: {}
[345.586938] (-) TimerEvent: {}
[345.687759] (-) TimerEvent: {}
[345.792520] (-) TimerEvent: {}
[345.893384] (-) TimerEvent: {}
[345.999449] (-) TimerEvent: {}
[346.100309] (-) TimerEvent: {}
[346.201700] (-) TimerEvent: {}
[346.316734] (-) TimerEvent: {}
[346.418677] (-) TimerEvent: {}
[346.522485] (-) TimerEvent: {}
[346.626441] (-) TimerEvent: {}
[346.727280] (-) TimerEvent: {}
[346.831932] (-) TimerEvent: {}
[348.956500] (-) TimerEvent: {}
[349.060459] (-) TimerEvent: {}
[349.161257] (-) TimerEvent: {}
[349.262467] (-) TimerEvent: {}
[349.367465] (-) TimerEvent: {}
[349.468360] (-) TimerEvent: {}
[349.572454] (-) TimerEvent: {}
[349.673947] (-) TimerEvent: {}
[349.778495] (-) TimerEvent: {}
[349.879259] (-) TimerEvent: {}
[349.986600] (-) TimerEvent: {}
[350.094484] (-) TimerEvent: {}
[350.195219] (-) TimerEvent: {}
[350.304321] (-) TimerEvent: {}
[350.405131] (-) TimerEvent: {}
[350.506683] (-) TimerEvent: {}
[350.616175] (-) TimerEvent: {}
[350.719455] (-) TimerEvent: {}
[350.820282] (-) TimerEvent: {}
[350.921103] (-) TimerEvent: {}
[351.022524] (-) TimerEvent: {}
[351.124489] (-) TimerEvent: {}
[351.226500] (-) TimerEvent: {}
[351.328451] (-) TimerEvent: {}
[351.431586] (-) TimerEvent: {}
[351.563286] (-) TimerEvent: {}
[351.673582] (-) TimerEvent: {}
[351.784625] (-) TimerEvent: {}
[351.885841] (-) TimerEvent: {}
[351.987214] (-) TimerEvent: {}
[352.092779] (-) TimerEvent: {}
[352.196480] (-) TimerEvent: {}
[352.297458] (-) TimerEvent: {}
[352.401448] (-) TimerEvent: {}
[352.502256] (-) TimerEvent: {}
[352.605718] (-) TimerEvent: {}
[352.709644] (-) TimerEvent: {}
[352.810575] (-) TimerEvent: {}
[352.914450] (-) TimerEvent: {}
[353.019758] (-) TimerEvent: {}
[353.124457] (-) TimerEvent: {}
[353.225277] (-) TimerEvent: {}
[353.326173] (-) TimerEvent: {}
[353.428653] (-) TimerEvent: {}
[353.533449] (-) TimerEvent: {}
[353.634379] (-) TimerEvent: {}
[353.736445] (-) TimerEvent: {}
[353.843446] (-) TimerEvent: {}
[353.944221] (-) TimerEvent: {}
[354.048057] (-) TimerEvent: {}
[354.149461] (-) TimerEvent: {}
[354.251755] (-) TimerEvent: {}
[354.356461] (-) TimerEvent: {}
[354.457441] (-) TimerEvent: {}
[354.561728] (-) TimerEvent: {}
[354.662689] (-) TimerEvent: {}
[354.765475] (-) TimerEvent: {}
[354.866280] (-) TimerEvent: {}
[354.968488] (-) TimerEvent: {}
[355.073875] (-) TimerEvent: {}
[355.178445] (-) TimerEvent: {}
[355.279323] (-) TimerEvent: {}
[355.385625] (-) TimerEvent: {}
[355.489670] (-) TimerEvent: {}
[355.590625] (-) TimerEvent: {}
[355.694642] (-) TimerEvent: {}
[355.803459] (-) TimerEvent: {}
[355.904330] (-) TimerEvent: {}
[356.009077] (-) TimerEvent: {}
[356.109952] (-) TimerEvent: {}
[356.218628] (-) TimerEvent: {}
[356.319620] (-) TimerEvent: {}
[356.422452] (-) TimerEvent: {}
[356.441630] (workspace_gz) StdoutLine: {'line': b'[ 52%] \x1b[32mBuilding CXX object CMakeFiles/GymkhanaScoringPlugin.dir/plugins/WaypointMarkers.cc.o\x1b[0m\n'}
[356.522660] (-) TimerEvent: {}
[356.627522] (-) TimerEvent: {}
[356.731454] (-) TimerEvent: {}
[356.832253] (-) TimerEvent: {}
[356.935471] (-) TimerEvent: {}
[357.043501] (-) TimerEvent: {}
[357.146463] (-) TimerEvent: {}
[357.247332] (-) TimerEvent: {}
[357.349534] (-) TimerEvent: {}
[357.452515] (-) TimerEvent: {}
[357.558524] (-) TimerEvent: {}
[357.662468] (-) TimerEvent: {}
[357.766464] (-) TimerEvent: {}
[357.867262] (-) TimerEvent: {}
[357.971455] (-) TimerEvent: {}
[358.072282] (-) TimerEvent: {}
[358.173085] (-) TimerEvent: {}
[358.277478] (-) TimerEvent: {}
[358.381466] (-) TimerEvent: {}
[358.482396] (-) TimerEvent: {}
[358.584767] (-) TimerEvent: {}
[358.685695] (-) TimerEvent: {}
[358.787198] (-) TimerEvent: {}
[358.889686] (-) TimerEvent: {}
[358.992031] (-) TimerEvent: {}
[359.094891] (-) TimerEvent: {}
[359.198275] (-) TimerEvent: {}
[359.299625] (-) TimerEvent: {}
[359.402803] (-) TimerEvent: {}
[359.503951] (-) TimerEvent: {}
[359.605352] (-) TimerEvent: {}
[359.707856] (-) TimerEvent: {}
[359.811441] (-) TimerEvent: {}
[359.912383] (-) TimerEvent: {}
[360.015548] (-) TimerEvent: {}
[360.117878] (-) TimerEvent: {}
[360.221853] (-) TimerEvent: {}
[360.323065] (-) TimerEvent: {}
[360.424002] (-) TimerEvent: {}
[360.528116] (-) TimerEvent: {}
[360.629273] (-) TimerEvent: {}
[360.730161] (-) TimerEvent: {}
[360.832704] (-) TimerEvent: {}
[360.936091] (-) TimerEvent: {}
[361.037041] (-) TimerEvent: {}
[361.138104] (-) TimerEvent: {}
[361.241453] (-) TimerEvent: {}
[361.345125] (-) TimerEvent: {}
[361.452988] (-) TimerEvent: {}
[361.556739] (-) TimerEvent: {}
[361.657775] (-) TimerEvent: {}
[361.758718] (-) TimerEvent: {}
[361.859681] (-) TimerEvent: {}
[361.964806] (-) TimerEvent: {}
[362.080458] (-) TimerEvent: {}
[362.181466] (-) TimerEvent: {}
[362.282434] (-) TimerEvent: {}
[362.387600] (-) TimerEvent: {}
[362.495210] (-) TimerEvent: {}
[362.596577] (-) TimerEvent: {}
[362.702448] (-) TimerEvent: {}
[362.803926] (-) TimerEvent: {}
[362.907807] (-) TimerEvent: {}
[363.010058] (-) TimerEvent: {}
[363.112470] (-) TimerEvent: {}
[363.217366] (-) TimerEvent: {}
[363.319462] (-) TimerEvent: {}
[363.420929] (-) TimerEvent: {}
[363.526574] (-) TimerEvent: {}
[363.629209] (-) TimerEvent: {}
[363.732477] (-) TimerEvent: {}
[363.835467] (-) TimerEvent: {}
[363.941379] (-) TimerEvent: {}
[364.042618] (-) TimerEvent: {}
[364.147820] (-) TimerEvent: {}
[364.249050] (-) TimerEvent: {}
[364.350179] (-) TimerEvent: {}
[364.454626] (-) TimerEvent: {}
[364.563460] (-) TimerEvent: {}
[364.664375] (-) TimerEvent: {}
[364.765254] (-) TimerEvent: {}
[364.866236] (-) TimerEvent: {}
[364.973619] (-) TimerEvent: {}
[365.077477] (-) TimerEvent: {}
[365.180472] (-) TimerEvent: {}
[365.285591] (-) TimerEvent: {}
[365.390458] (-) TimerEvent: {}
[365.491429] (-) TimerEvent: {}
[365.601398] (-) TimerEvent: {}
[365.704458] (-) TimerEvent: {}
[365.807702] (-) TimerEvent: {}
[365.908635] (-) TimerEvent: {}
[366.013509] (-) TimerEvent: {}
[366.114450] (-) TimerEvent: {}
[366.215349] (-) TimerEvent: {}
[366.319462] (-) TimerEvent: {}
[366.423459] (-) TimerEvent: {}
[366.527461] (-) TimerEvent: {}
[366.632452] (-) TimerEvent: {}
[366.735479] (-) TimerEvent: {}
[366.836442] (-) TimerEvent: {}
[366.943462] (-) TimerEvent: {}
[367.044441] (-) TimerEvent: {}
[367.147504] (-) TimerEvent: {}
[367.250573] (-) TimerEvent: {}
[367.352859] (-) TimerEvent: {}
[367.455740] (-) TimerEvent: {}
[367.558830] (-) TimerEvent: {}
[367.663436] (-) TimerEvent: {}
[367.767737] (-) TimerEvent: {}
[367.877491] (-) TimerEvent: {}
[367.980067] (-) TimerEvent: {}
[368.080977] (-) TimerEvent: {}
[368.182453] (-) TimerEvent: {}
[368.285336] (-) TimerEvent: {}
[368.388578] (-) TimerEvent: {}
[368.492560] (-) TimerEvent: {}
[368.594526] (-) TimerEvent: {}
[368.698411] (-) TimerEvent: {}
[368.801109] (-) TimerEvent: {}
[368.905540] (-) TimerEvent: {}
[369.006970] (-) TimerEvent: {}
[369.111226] (-) TimerEvent: {}
[369.213063] (-) TimerEvent: {}
[369.316765] (-) TimerEvent: {}
[369.423835] (-) TimerEvent: {}
[369.527169] (-) TimerEvent: {}
[369.632460] (-) TimerEvent: {}
[369.733385] (-) TimerEvent: {}
[369.837465] (-) TimerEvent: {}
[369.938372] (-) TimerEvent: {}
[370.042465] (-) TimerEvent: {}
[370.147512] (-) TimerEvent: {}
[370.248598] (-) TimerEvent: {}
[370.349664] (-) TimerEvent: {}
[370.453515] (-) TimerEvent: {}
[370.554447] (-) TimerEvent: {}
[370.657245] (-) TimerEvent: {}
[370.762022] (-) TimerEvent: {}
[370.863524] (-) TimerEvent: {}
[370.968447] (-) TimerEvent: {}
[371.069267] (-) TimerEvent: {}
[371.170701] (-) TimerEvent: {}
[371.278447] (-) TimerEvent: {}
[371.379241] (-) TimerEvent: {}
[371.480164] (-) TimerEvent: {}
[371.581023] (-) TimerEvent: {}
[371.683708] (-) TimerEvent: {}
[371.789472] (-) TimerEvent: {}
[371.890314] (-) TimerEvent: {}
[371.995466] (-) TimerEvent: {}
[372.096397] (-) TimerEvent: {}
[372.199825] (-) TimerEvent: {}
[372.305609] (-) TimerEvent: {}
[372.411539] (-) TimerEvent: {}
[372.513167] (-) TimerEvent: {}
[372.617903] (-) TimerEvent: {}
[372.656015] (workspace_gz) StdoutLine: {'line': b'[ 54%] \x1b[32m\x1b[1mLinking CXX shared library libAcousticPingerPlugin.so\x1b[0m\n'}
[372.721047] (-) TimerEvent: {}
[372.824445] (-) TimerEvent: {}
[372.927450] (-) TimerEvent: {}
[373.031470] (-) TimerEvent: {}
[373.132285] (-) TimerEvent: {}
[373.238446] (-) TimerEvent: {}
[373.342727] (-) TimerEvent: {}
[373.444535] (-) TimerEvent: {}
[373.546453] (-) TimerEvent: {}
[373.653476] (-) TimerEvent: {}
[373.754361] (-) TimerEvent: {}
[373.859611] (-) TimerEvent: {}
[373.960476] (-) TimerEvent: {}
[374.062837] (-) TimerEvent: {}
[374.166473] (-) TimerEvent: {}
[374.269447] (-) TimerEvent: {}
[374.370387] (-) TimerEvent: {}
[374.480672] (-) TimerEvent: {}
[374.582111] (-) TimerEvent: {}
[374.682957] (-) TimerEvent: {}
[374.787447] (-) TimerEvent: {}
[374.824633] (workspace_gz) StdoutLine: {'line': b'[ 56%] \x1b[32mBuilding CXX object CMakeFiles/AcousticTrackingScoringPlugin.dir/plugins/WaypointMarkers.cc.o\x1b[0m\n'}
[374.825364] (workspace_gz) StdoutLine: {'line': b'[ 56%] Built target AcousticPingerPlugin\n'}
[374.829211] (workspace_gz) StdoutLine: {'line': b'[ 58%] \x1b[32m\x1b[1mLinking CXX shared library libSurface.so\x1b[0m\n'}
[374.889999] (-) TimerEvent: {}
[374.991380] (-) TimerEvent: {}
[375.095105] (-) TimerEvent: {}
[375.199615] (-) TimerEvent: {}
[375.300882] (-) TimerEvent: {}
[375.402735] (-) TimerEvent: {}
[375.505324] (-) TimerEvent: {}
[375.610452] (-) TimerEvent: {}
[375.711282] (-) TimerEvent: {}
[375.812170] (-) TimerEvent: {}
[375.916656] (-) TimerEvent: {}
[376.017552] (-) TimerEvent: {}
[376.120448] (-) TimerEvent: {}
[376.221221] (-) TimerEvent: {}
[376.325812] (-) TimerEvent: {}
[376.430738] (-) TimerEvent: {}
[376.461340] (workspace_gz) StdoutLine: {'line': b'[ 60%] \x1b[32mBuilding CXX object CMakeFiles/NavigationScoringPlugin.dir/plugins/WaypointMarkers.cc.o\x1b[0m\n'}
[376.537317] (-) TimerEvent: {}
[376.638158] (-) TimerEvent: {}
[376.743455] (-) TimerEvent: {}
[376.844351] (-) TimerEvent: {}
[376.945181] (-) TimerEvent: {}
[376.984666] (workspace_gz) StdoutLine: {'line': b'[ 60%] Built target Surface\n'}
[377.048460] (-) TimerEvent: {}
[377.149345] (-) TimerEvent: {}
[377.250182] (-) TimerEvent: {}
[377.354786] (-) TimerEvent: {}
[377.455650] (-) TimerEvent: {}
[377.556472] (-) TimerEvent: {}
[377.658765] (-) TimerEvent: {}
[377.759602] (-) TimerEvent: {}
[377.861455] (-) TimerEvent: {}
[377.964471] (-) TimerEvent: {}
[378.066453] (-) TimerEvent: {}
[378.172452] (-) TimerEvent: {}
[378.273246] (-) TimerEvent: {}
[378.377464] (-) TimerEvent: {}
[378.478283] (-) TimerEvent: {}
[378.581465] (-) TimerEvent: {}
[378.684635] (-) TimerEvent: {}
[378.787964] (-) TimerEvent: {}
[378.893063] (-) TimerEvent: {}
[378.994777] (-) TimerEvent: {}
[379.095676] (-) TimerEvent: {}
[379.196496] (-) TimerEvent: {}
[379.300676] (-) TimerEvent: {}
[379.405322] (-) TimerEvent: {}
[379.506704] (-) TimerEvent: {}
[379.609710] (-) TimerEvent: {}
[379.713454] (-) TimerEvent: {}
[379.814349] (-) TimerEvent: {}
[379.915215] (-) TimerEvent: {}
[380.017473] (-) TimerEvent: {}
[380.120106] (-) TimerEvent: {}
[380.224584] (-) TimerEvent: {}
[380.325403] (-) TimerEvent: {}
[380.431320] (-) TimerEvent: {}
[380.532195] (-) TimerEvent: {}
[380.633037] (-) TimerEvent: {}
[380.738473] (-) TimerEvent: {}
[380.839347] (-) TimerEvent: {}
[380.940421] (-) TimerEvent: {}
[381.046460] (-) TimerEvent: {}
[381.151456] (-) TimerEvent: {}
[381.252222] (-) TimerEvent: {}
[381.354857] (-) TimerEvent: {}
[381.459455] (-) TimerEvent: {}
[381.560289] (-) TimerEvent: {}
[381.661384] (-) TimerEvent: {}
[381.768978] (-) TimerEvent: {}
[381.869834] (-) TimerEvent: {}
[381.972464] (-) TimerEvent: {}
[382.076465] (-) TimerEvent: {}
[382.150640] (workspace_gz) StderrLine: {'line': b'\x1b[01m\x1b[K/home/aliomacc/sti_usv/src/usv_sim/workspace_gz/plugins/PolyhedraBuoyancyDrag.cc:\x1b[m\x1b[K In member function \xe2\x80\x98\x1b[01m\x1b[Kvirtual void vrx::PolyhedraBuoyancyDrag::PreUpdate(const ignition::gazebo::v6::UpdateInfo&, ignition::gazebo::v6::EntityComponentManager&)\x1b[m\x1b[K\xe2\x80\x99:\n'}
[382.151387] (workspace_gz) StderrLine: {'line': b'\x1b[01m\x1b[K/home/aliomacc/sti_usv/src/usv_sim/workspace_gz/plugins/PolyhedraBuoyancyDrag.cc:311:70:\x1b[m\x1b[K \x1b[01;35m\x1b[Kwarning: \x1b[m\x1b[K\xe2\x80\x98\x1b[01m\x1b[KsimTime\x1b[m\x1b[K\xe2\x80\x99 may be used uninitialized in this function [\x1b[01;35m\x1b[K\x1b]8;;https://gcc.gnu.org/onlinedocs/gcc/Warning-Options.html#index-Wmaybe-uninitialized\x07-Wmaybe-uninitialized\x1b]8;;\x07\x1b[m\x1b[K]\n'}
[382.151921] (workspace_gz) StderrLine: {'line': b'  311 |       double waveHeight = \x1b[01;35m\x1b[Kthis->dataPtr->wavefield.ComputeDepthSimply(\x1b[m\x1b[K\n'}
[382.155969] (workspace_gz) StderrLine: {'line': b'      |                           \x1b[01;35m\x1b[K~~~~~~~~~~~~~~~~~~~~~~~~~~~~~~~~~~~~~~~~~~~^\x1b[m\x1b[K\n'}
[382.156610] (workspace_gz) StderrLine: {'line': b'  312 | \x1b[01;35m\x1b[K        linkFrame.Pos(), simTime)\x1b[m\x1b[K;\n'}
[382.157052] (workspace_gz) StderrLine: {'line': b'      |         \x1b[01;35m\x1b[K~~~~~~~~~~~~~~~~~~~~~~~~~\x1b[m\x1b[K                                     \n'}
[382.166760] (workspace_gz) StderrLine: {'line': b'\x1b[01m\x1b[K/home/aliomacc/sti_usv/src/usv_sim/workspace_gz/plugins/PolyhedraBuoyancyDrag.cc:313:66:\x1b[m\x1b[K \x1b[01;35m\x1b[Kwarning: \x1b[m\x1b[K\xe2\x80\x98\x1b[01m\x1b[Kdt\x1b[m\x1b[K\xe2\x80\x99 may be used uninitialized in this function [\x1b[01;35m\x1b[K\x1b]8;;https://gcc.gnu.org/onlinedocs/gcc/Warning-Options.html#index-Wmaybe-uninitialized\x07-Wmaybe-uninitialized\x1b]8;;\x07\x1b[m\x1b[K]\n'}
[382.167312] (workspace_gz) StderrLine: {'line': b'  313 |       buoyancyObj.waterSpeed = \x1b[01;35m\x1b[K(waveHeight - buoyancyObj.height) / dt\x1b[m\x1b[K;\n'}
[382.167773] (workspace_gz) StderrLine: {'line': b'      |                                \x1b[01;35m\x1b[K~~~~~~~~~~~~~~~~~~~~~~~~~~~~~~~~~~^~~~\x1b[m\x1b[K\n'}
[382.177229] (-) TimerEvent: {}
[382.278135] (-) TimerEvent: {}
[382.382568] (-) TimerEvent: {}
[382.484933] (-) TimerEvent: {}
[382.585784] (-) TimerEvent: {}
[382.688483] (-) TimerEvent: {}
[382.789476] (-) TimerEvent: {}
[382.894462] (-) TimerEvent: {}
[382.995273] (-) TimerEvent: {}
[383.096097] (-) TimerEvent: {}
[383.197644] (-) TimerEvent: {}
[383.301161] (-) TimerEvent: {}
[383.405466] (-) TimerEvent: {}
[383.506341] (-) TimerEvent: {}
[383.607151] (-) TimerEvent: {}
[383.710453] (-) TimerEvent: {}
[383.814445] (-) TimerEvent: {}
[383.920107] (-) TimerEvent: {}
[384.024480] (-) TimerEvent: {}
[384.125266] (-) TimerEvent: {}
[384.226082] (-) TimerEvent: {}
[384.328147] (-) TimerEvent: {}
[384.431453] (-) TimerEvent: {}
[384.533636] (-) TimerEvent: {}
[384.638642] (-) TimerEvent: {}
[384.739466] (-) TimerEvent: {}
[384.842474] (-) TimerEvent: {}
[384.943475] (-) TimerEvent: {}
[385.049745] (-) TimerEvent: {}
[385.050668] (workspace_gz) StdoutLine: {'line': b'[ 62%] \x1b[32mBuilding CXX object CMakeFiles/PolyhedraBuoyancyDrag.dir/plugins/PolyhedronVolume.cc.o\x1b[0m\n'}
[385.149954] (-) TimerEvent: {}
[385.254953] (-) TimerEvent: {}
[385.361449] (-) TimerEvent: {}
[385.428832] (workspace_gz) StdoutLine: {'line': b'[ 64%] \x1b[32m\x1b[1mLinking CXX shared library libUSVWind.so\x1b[0m\n'}
[385.461626] (-) TimerEvent: {}
[385.564720] (-) TimerEvent: {}
[385.670732] (-) TimerEvent: {}
[385.771566] (-) TimerEvent: {}
[385.872813] (-) TimerEvent: {}
[385.976257] (-) TimerEvent: {}
[386.077187] (-) TimerEvent: {}
[386.179858] (-) TimerEvent: {}
[386.285490] (-) TimerEvent: {}
[386.386487] (-) TimerEvent: {}
[386.489908] (-) TimerEvent: {}
[386.594457] (-) TimerEvent: {}
[386.695393] (-) TimerEvent: {}
[386.796472] (-) TimerEvent: {}
[386.900450] (-) TimerEvent: {}
[386.901198] (workspace_gz) StdoutLine: {'line': b'[ 64%] Built target USVWind\n'}
[387.000628] (-) TimerEvent: {}
[387.101459] (-) TimerEvent: {}
[387.204622] (-) TimerEvent: {}
[387.305541] (-) TimerEvent: {}
[387.407266] (-) TimerEvent: {}
[387.510470] (-) TimerEvent: {}
[387.614374] (-) TimerEvent: {}
[387.715228] (-) TimerEvent: {}
[387.816487] (-) TimerEvent: {}
[387.920116] (-) TimerEvent: {}
[388.020902] (-) TimerEvent: {}
[388.125663] (-) TimerEvent: {}
[388.227268] (-) TimerEvent: {}
[388.330371] (-) TimerEvent: {}
[388.431159] (-) TimerEvent: {}
[388.537458] (-) TimerEvent: {}
[388.638349] (-) TimerEvent: {}
[388.739652] (-) TimerEvent: {}
[388.843827] (-) TimerEvent: {}
[388.890830] (workspace_gz) StdoutLine: {'line': b'[ 66%] \x1b[32m\x1b[1mLinking CXX shared library libBallShooterPlugin.so\x1b[0m\n'}
[388.944011] (-) TimerEvent: {}
[389.046426] (-) TimerEvent: {}
[389.147391] (-) TimerEvent: {}
[389.253659] (-) TimerEvent: {}
[389.355629] (-) TimerEvent: {}
[389.459457] (-) TimerEvent: {}
[389.560479] (-) TimerEvent: {}
[389.661549] (-) TimerEvent: {}
[389.762460] (-) TimerEvent: {}
[389.864508] (-) TimerEvent: {}
[389.965531] (-) TimerEvent: {}
[390.066885] (-) TimerEvent: {}
[390.168384] (-) TimerEvent: {}
[390.271712] (-) TimerEvent: {}
[390.373736] (-) TimerEvent: {}
[390.379326] (workspace_gz) StdoutLine: {'line': b'[ 66%] Built target BallShooterPlugin\n'}
[390.474066] (-) TimerEvent: {}
[390.575075] (-) TimerEvent: {}
[390.676103] (-) TimerEvent: {}
[390.776989] (-) TimerEvent: {}
[390.877821] (-) TimerEvent: {}
[390.978643] (-) TimerEvent: {}
[391.079460] (-) TimerEvent: {}
[391.180260] (-) TimerEvent: {}
[391.281189] (-) TimerEvent: {}
[391.381998] (-) TimerEvent: {}
[391.482782] (-) TimerEvent: {}
[391.583560] (-) TimerEvent: {}
[391.684385] (-) TimerEvent: {}
[391.785200] (-) TimerEvent: {}
[391.885979] (-) TimerEvent: {}
[391.987083] (-) TimerEvent: {}
[392.087899] (-) TimerEvent: {}
[392.188700] (-) TimerEvent: {}
[392.290386] (-) TimerEvent: {}
[392.391182] (-) TimerEvent: {}
[392.491970] (-) TimerEvent: {}
[392.592961] (-) TimerEvent: {}
[392.693744] (-) TimerEvent: {}
[392.794543] (-) TimerEvent: {}
[392.895481] (-) TimerEvent: {}
[392.996257] (-) TimerEvent: {}
[393.097100] (-) TimerEvent: {}
[393.197917] (-) TimerEvent: {}
[393.298716] (-) TimerEvent: {}
[393.400617] (-) TimerEvent: {}
[393.502470] (-) TimerEvent: {}
[393.618015] (-) TimerEvent: {}
[393.719668] (-) TimerEvent: {}
[393.820471] (-) TimerEvent: {}
[393.921840] (-) TimerEvent: {}
[394.023405] (-) TimerEvent: {}
[394.124212] (-) TimerEvent: {}
[394.225062] (-) TimerEvent: {}
[394.326504] (-) TimerEvent: {}
[394.427638] (-) TimerEvent: {}
[394.528563] (-) TimerEvent: {}
[394.630930] (-) TimerEvent: {}
[394.731933] (-) TimerEvent: {}
[394.833609] (-) TimerEvent: {}
[394.934424] (-) TimerEvent: {}
[395.035203] (-) TimerEvent: {}
[395.136118] (-) TimerEvent: {}
[395.236822] (-) TimerEvent: {}
[395.337621] (-) TimerEvent: {}
[395.438456] (-) TimerEvent: {}
[395.539407] (-) TimerEvent: {}
[395.640164] (-) TimerEvent: {}
[395.741003] (-) TimerEvent: {}
[395.841780] (-) TimerEvent: {}
[395.942705] (-) TimerEvent: {}
[396.043533] (-) TimerEvent: {}
[396.144561] (-) TimerEvent: {}
[396.247273] (-) TimerEvent: {}
[396.348625] (-) TimerEvent: {}
[396.449458] (-) TimerEvent: {}
[396.550217] (-) TimerEvent: {}
[396.650924] (-) TimerEvent: {}
[396.751700] (-) TimerEvent: {}
[396.852468] (-) TimerEvent: {}
[396.953264] (-) TimerEvent: {}
[397.054264] (-) TimerEvent: {}
[397.156462] (-) TimerEvent: {}
[397.257240] (-) TimerEvent: {}
[397.358459] (-) TimerEvent: {}
[397.459535] (-) TimerEvent: {}
[397.560744] (-) TimerEvent: {}
[397.661442] (-) TimerEvent: {}
[397.763186] (-) TimerEvent: {}
[397.864258] (-) TimerEvent: {}
[397.965287] (-) TimerEvent: {}
[398.066402] (-) TimerEvent: {}
[398.167216] (-) TimerEvent: {}
[398.268063] (-) TimerEvent: {}
[398.368870] (-) TimerEvent: {}
[398.471245] (-) TimerEvent: {}
[398.572123] (-) TimerEvent: {}
[398.674103] (-) TimerEvent: {}
[398.776450] (-) TimerEvent: {}
[398.877789] (-) TimerEvent: {}
[398.980809] (-) TimerEvent: {}
[399.082134] (-) TimerEvent: {}
[399.182976] (-) TimerEvent: {}
[399.283789] (-) TimerEvent: {}
[399.384637] (-) TimerEvent: {}
[399.485667] (-) TimerEvent: {}
[399.587245] (-) TimerEvent: {}
[399.688052] (-) TimerEvent: {}
[399.788922] (-) TimerEvent: {}
[399.891739] (-) TimerEvent: {}
[399.992752] (-) TimerEvent: {}
[400.094782] (-) TimerEvent: {}
[400.195945] (-) TimerEvent: {}
[400.298006] (-) TimerEvent: {}
[400.398871] (-) TimerEvent: {}
[400.499820] (-) TimerEvent: {}
[400.600732] (-) TimerEvent: {}
[400.706487] (-) TimerEvent: {}
[400.807457] (-) TimerEvent: {}
[400.912665] (-) TimerEvent: {}
[401.014035] (-) TimerEvent: {}
[401.115796] (-) TimerEvent: {}
[401.218087] (-) TimerEvent: {}
[401.321973] (-) TimerEvent: {}
[401.423472] (-) TimerEvent: {}
[401.526005] (-) TimerEvent: {}
[401.626891] (-) TimerEvent: {}
[401.728080] (-) TimerEvent: {}
[401.830524] (-) TimerEvent: {}
[401.934460] (-) TimerEvent: {}
[402.035329] (-) TimerEvent: {}
[402.136088] (-) TimerEvent: {}
[402.237370] (-) TimerEvent: {}
[402.338546] (-) TimerEvent: {}
[402.444503] (-) TimerEvent: {}
[402.545351] (-) TimerEvent: {}
[402.650262] (-) TimerEvent: {}
[402.751104] (-) TimerEvent: {}
[402.854640] (-) TimerEvent: {}
[402.955408] (-) TimerEvent: {}
[403.056641] (-) TimerEvent: {}
[403.158193] (-) TimerEvent: {}
[403.259514] (-) TimerEvent: {}
[403.360506] (-) TimerEvent: {}
[403.461426] (-) TimerEvent: {}
[403.562224] (-) TimerEvent: {}
[403.663087] (-) TimerEvent: {}
[403.764072] (-) TimerEvent: {}
[403.866254] (-) TimerEvent: {}
[403.967071] (-) TimerEvent: {}
[404.067913] (-) TimerEvent: {}
[404.074654] (workspace_gz) StdoutLine: {'line': b'[ 67%] \x1b[32mBuilding CXX object CMakeFiles/PolyhedraBuoyancyDrag.dir/plugins/ShapeVolume.cc.o\x1b[0m\n'}
[404.168098] (-) TimerEvent: {}
[404.268981] (-) TimerEvent: {}
[404.369782] (-) TimerEvent: {}
[404.470614] (-) TimerEvent: {}
[404.571432] (-) TimerEvent: {}
[404.672274] (-) TimerEvent: {}
[404.773052] (-) TimerEvent: {}
[404.873853] (-) TimerEvent: {}
[404.974664] (-) TimerEvent: {}
[405.075441] (-) TimerEvent: {}
[405.176217] (-) TimerEvent: {}
[405.277035] (-) TimerEvent: {}
[405.377860] (-) TimerEvent: {}
[405.479075] (-) TimerEvent: {}
[405.579899] (-) TimerEvent: {}
[405.680881] (-) TimerEvent: {}
[405.781724] (-) TimerEvent: {}
[405.882463] (-) TimerEvent: {}
[405.983498] (-) TimerEvent: {}
[406.084870] (-) TimerEvent: {}
[406.185740] (-) TimerEvent: {}
[406.286661] (-) TimerEvent: {}
[406.388832] (-) TimerEvent: {}
[406.489762] (-) TimerEvent: {}
[406.590773] (-) TimerEvent: {}
[406.691595] (-) TimerEvent: {}
[406.792384] (-) TimerEvent: {}
[406.893757] (-) TimerEvent: {}
[406.994537] (-) TimerEvent: {}
[407.095370] (-) TimerEvent: {}
[407.197341] (-) TimerEvent: {}
[407.298333] (-) TimerEvent: {}
[407.399276] (-) TimerEvent: {}
[407.500085] (-) TimerEvent: {}
[407.601008] (-) TimerEvent: {}
[407.701865] (-) TimerEvent: {}
[407.803165] (-) TimerEvent: {}
[407.904331] (-) TimerEvent: {}
[408.005125] (-) TimerEvent: {}
[408.106043] (-) TimerEvent: {}
[408.206926] (-) TimerEvent: {}
[408.308717] (-) TimerEvent: {}
[408.411764] (-) TimerEvent: {}
[408.512677] (-) TimerEvent: {}
[408.613613] (-) TimerEvent: {}
[408.617751] (workspace_gz) StdoutLine: {'line': b'[ 69%] \x1b[32m\x1b[1mLinking CXX shared library libGymkhanaScoringPlugin.so\x1b[0m\n'}
[408.713767] (-) TimerEvent: {}
[408.814604] (-) TimerEvent: {}
[408.915439] (-) TimerEvent: {}
[409.016781] (-) TimerEvent: {}
[409.118269] (-) TimerEvent: {}
[409.219105] (-) TimerEvent: {}
[409.319937] (-) TimerEvent: {}
[409.420732] (-) TimerEvent: {}
[409.521518] (-) TimerEvent: {}
[409.574389] (workspace_gz) StdoutLine: {'line': b'[ 69%] Built target GymkhanaScoringPlugin\n'}
[409.621723] (-) TimerEvent: {}
[409.722488] (-) TimerEvent: {}
[409.823099] (-) TimerEvent: {}
[409.923870] (-) TimerEvent: {}
[410.025003] (-) TimerEvent: {}
[410.125959] (-) TimerEvent: {}
[410.226638] (-) TimerEvent: {}
[410.327313] (-) TimerEvent: {}
[410.428593] (-) TimerEvent: {}
[410.530679] (-) TimerEvent: {}
[410.631454] (-) TimerEvent: {}
[410.732194] (-) TimerEvent: {}
[410.832991] (-) TimerEvent: {}
[410.933795] (-) TimerEvent: {}
[411.034568] (-) TimerEvent: {}
[411.135234] (-) TimerEvent: {}
[411.235994] (-) TimerEvent: {}
[411.336829] (-) TimerEvent: {}
[411.437611] (-) TimerEvent: {}
[411.538437] (-) TimerEvent: {}
[411.639361] (-) TimerEvent: {}
[411.742041] (-) TimerEvent: {}
[411.842886] (-) TimerEvent: {}
[411.943779] (-) TimerEvent: {}
[412.044597] (-) TimerEvent: {}
[412.145407] (-) TimerEvent: {}
[412.246625] (-) TimerEvent: {}
[412.347883] (-) TimerEvent: {}
[412.448685] (-) TimerEvent: {}
[412.550132] (-) TimerEvent: {}
[412.653820] (-) TimerEvent: {}
[412.756045] (-) TimerEvent: {}
[412.856861] (-) TimerEvent: {}
[412.958263] (-) TimerEvent: {}
[413.059091] (-) TimerEvent: {}
[413.159847] (-) TimerEvent: {}
[413.260584] (-) TimerEvent: {}
[413.361206] (-) TimerEvent: {}
[413.463392] (-) TimerEvent: {}
[413.564116] (-) TimerEvent: {}
[413.664833] (-) TimerEvent: {}
[413.765570] (-) TimerEvent: {}
[413.866420] (-) TimerEvent: {}
[413.967677] (-) TimerEvent: {}
[414.068533] (-) TimerEvent: {}
[414.169331] (-) TimerEvent: {}
[414.270094] (-) TimerEvent: {}
[414.370948] (-) TimerEvent: {}
[414.471773] (-) TimerEvent: {}
[414.572591] (-) TimerEvent: {}
[414.673401] (-) TimerEvent: {}
[414.774191] (-) TimerEvent: {}
[414.874993] (-) TimerEvent: {}
[414.975806] (-) TimerEvent: {}
[415.076577] (-) TimerEvent: {}
[415.177400] (-) TimerEvent: {}
[415.278413] (-) TimerEvent: {}
[415.379788] (-) TimerEvent: {}
[415.480571] (-) TimerEvent: {}
[415.581383] (-) TimerEvent: {}
[415.682124] (-) TimerEvent: {}
[415.784429] (-) TimerEvent: {}
[415.885222] (-) TimerEvent: {}
[415.986100] (-) TimerEvent: {}
[416.087635] (-) TimerEvent: {}
[416.120672] (workspace_gz) StdoutLine: {'line': b'[ 71%] \x1b[32m\x1b[1mLinking CXX shared library libAcousticTrackingScoringPlugin.so\x1b[0m\n'}
[416.187819] (-) TimerEvent: {}
[416.288603] (-) TimerEvent: {}
[416.389390] (-) TimerEvent: {}
[416.490116] (-) TimerEvent: {}
[416.590859] (-) TimerEvent: {}
[416.691471] (-) TimerEvent: {}
[416.792261] (-) TimerEvent: {}
[416.893042] (-) TimerEvent: {}
[416.993847] (-) TimerEvent: {}
[417.094678] (-) TimerEvent: {}
[417.187920] (workspace_gz) StdoutLine: {'line': b'[ 71%] Built target AcousticTrackingScoringPlugin\n'}
[417.194916] (-) TimerEvent: {}
[417.296179] (-) TimerEvent: {}
[417.396997] (-) TimerEvent: {}
[417.497780] (-) TimerEvent: {}
[417.598572] (-) TimerEvent: {}
[417.699349] (-) TimerEvent: {}
[417.800103] (-) TimerEvent: {}
[417.900924] (-) TimerEvent: {}
[418.001707] (-) TimerEvent: {}
[418.049245] (workspace_gz) StdoutLine: {'line': b'[ 73%] \x1b[32m\x1b[1mLinking CXX shared library libNavigationScoringPlugin.so\x1b[0m\n'}
[418.101892] (-) TimerEvent: {}
[418.202679] (-) TimerEvent: {}
[418.303456] (-) TimerEvent: {}
[418.404234] (-) TimerEvent: {}
[418.505010] (-) TimerEvent: {}
[418.605770] (-) TimerEvent: {}
[418.706398] (-) TimerEvent: {}
[418.806972] (-) TimerEvent: {}
[418.907630] (-) TimerEvent: {}
[419.008385] (-) TimerEvent: {}
[419.098588] (workspace_gz) StdoutLine: {'line': b'[ 73%] Built target NavigationScoringPlugin\n'}
[419.108577] (-) TimerEvent: {}
[419.209390] (-) TimerEvent: {}
[419.310052] (-) TimerEvent: {}
[419.410957] (-) TimerEvent: {}
[419.511626] (-) TimerEvent: {}
[419.612275] (-) TimerEvent: {}
[419.712945] (-) TimerEvent: {}
[419.813575] (-) TimerEvent: {}
[419.914206] (-) TimerEvent: {}
[420.014857] (-) TimerEvent: {}
[420.115563] (-) TimerEvent: {}
[420.216324] (-) TimerEvent: {}
[420.317079] (-) TimerEvent: {}
[420.417883] (-) TimerEvent: {}
[420.518664] (-) TimerEvent: {}
[420.619408] (-) TimerEvent: {}
[420.720173] (-) TimerEvent: {}
[420.820909] (-) TimerEvent: {}
[420.921672] (-) TimerEvent: {}
[421.022463] (-) TimerEvent: {}
[421.123227] (-) TimerEvent: {}
[421.224011] (-) TimerEvent: {}
[421.324786] (-) TimerEvent: {}
[421.425538] (-) TimerEvent: {}
[421.526279] (-) TimerEvent: {}
[421.627003] (-) TimerEvent: {}
[421.727730] (-) TimerEvent: {}
[421.828450] (-) TimerEvent: {}
[421.929152] (-) TimerEvent: {}
[422.030077] (-) TimerEvent: {}
[422.131067] (-) TimerEvent: {}
[422.231790] (-) TimerEvent: {}
[422.332427] (-) TimerEvent: {}
[422.432964] (-) TimerEvent: {}
[422.533556] (-) TimerEvent: {}
[422.634326] (-) TimerEvent: {}
[422.734847] (-) TimerEvent: {}
[422.835413] (-) TimerEvent: {}
[422.935986] (-) TimerEvent: {}
[423.036566] (-) TimerEvent: {}
[423.137203] (-) TimerEvent: {}
[423.237957] (-) TimerEvent: {}
[423.338598] (-) TimerEvent: {}
[423.439249] (-) TimerEvent: {}
[423.539818] (-) TimerEvent: {}
[423.640408] (-) TimerEvent: {}
[423.740939] (-) TimerEvent: {}
[423.841607] (-) TimerEvent: {}
[423.942338] (-) TimerEvent: {}
[424.043051] (-) TimerEvent: {}
[424.143672] (-) TimerEvent: {}
[424.244378] (-) TimerEvent: {}
[424.344895] (-) TimerEvent: {}
[424.445479] (-) TimerEvent: {}
[424.546021] (-) TimerEvent: {}
[424.646639] (-) TimerEvent: {}
[424.747213] (-) TimerEvent: {}
[424.847893] (-) TimerEvent: {}
[424.948452] (-) TimerEvent: {}
[425.049111] (-) TimerEvent: {}
[425.150093] (-) TimerEvent: {}
[425.251417] (-) TimerEvent: {}
[425.351990] (-) TimerEvent: {}
[425.452684] (-) TimerEvent: {}
[425.553376] (-) TimerEvent: {}
[425.654031] (-) TimerEvent: {}
[425.726253] (workspace_gz) StdoutLine: {'line': b'[ 75%] \x1b[32m\x1b[1mLinking CXX shared library libPolyhedraBuoyancyDrag.so\x1b[0m\n'}
[425.754227] (-) TimerEvent: {}
[425.855001] (-) TimerEvent: {}
[425.955601] (-) TimerEvent: {}
[426.056199] (-) TimerEvent: {}
[426.156820] (-) TimerEvent: {}
[426.257547] (-) TimerEvent: {}
[426.358244] (-) TimerEvent: {}
[426.458840] (-) TimerEvent: {}
[426.559480] (-) TimerEvent: {}
[426.660076] (-) TimerEvent: {}
[426.714326] (workspace_gz) StdoutLine: {'line': b'[ 75%] Built target PolyhedraBuoyancyDrag\n'}
[426.750412] (workspace_gz) StdoutLine: {'line': b'\x1b[35m\x1b[1mConsolidate compiler generated dependencies of target WildlifeScoringPlugin\x1b[0m\n'}
[426.760246] (-) TimerEvent: {}
[426.819959] (workspace_gz) StdoutLine: {'line': b'[ 77%] \x1b[32mBuilding CXX object CMakeFiles/WildlifeScoringPlugin.dir/plugins/WildlifeScoringPlugin.cc.o\x1b[0m\n'}
[426.860518] (-) TimerEvent: {}
[426.961152] (-) TimerEvent: {}
[427.061688] (-) TimerEvent: {}
[427.162242] (-) TimerEvent: {}
[427.263015] (-) TimerEvent: {}
[427.363687] (-) TimerEvent: {}
[427.464274] (-) TimerEvent: {}
[427.564933] (-) TimerEvent: {}
[427.666843] (-) TimerEvent: {}
[427.768805] (-) TimerEvent: {}
[427.870055] (-) TimerEvent: {}
[427.971242] (-) TimerEvent: {}
[428.072166] (-) TimerEvent: {}
[428.173169] (-) TimerEvent: {}
[428.274012] (-) TimerEvent: {}
[428.375001] (-) TimerEvent: {}
[428.475992] (-) TimerEvent: {}
[428.577241] (-) TimerEvent: {}
[428.678571] (-) TimerEvent: {}
[428.779683] (-) TimerEvent: {}
[428.880834] (-) TimerEvent: {}
[428.981827] (-) TimerEvent: {}
[429.083176] (-) TimerEvent: {}
[429.184283] (-) TimerEvent: {}
[429.286162] (-) TimerEvent: {}
[429.390394] (-) TimerEvent: {}
[429.491550] (-) TimerEvent: {}
[429.592515] (-) TimerEvent: {}
[429.693580] (-) TimerEvent: {}
[429.795055] (-) TimerEvent: {}
[429.896059] (-) TimerEvent: {}
[429.996956] (-) TimerEvent: {}
[430.097676] (-) TimerEvent: {}
[430.198724] (-) TimerEvent: {}
[430.300410] (-) TimerEvent: {}
[430.401182] (-) TimerEvent: {}
[430.502096] (-) TimerEvent: {}
[430.603003] (-) TimerEvent: {}
[430.704282] (-) TimerEvent: {}
[430.805352] (-) TimerEvent: {}
[430.906577] (-) TimerEvent: {}
[431.007469] (-) TimerEvent: {}
[431.108355] (-) TimerEvent: {}
[431.209650] (-) TimerEvent: {}
[431.310654] (-) TimerEvent: {}
[431.412120] (-) TimerEvent: {}
[431.513009] (-) TimerEvent: {}
[431.614109] (-) TimerEvent: {}
[431.715077] (-) TimerEvent: {}
[431.815842] (-) TimerEvent: {}
[431.916784] (-) TimerEvent: {}
[432.018375] (-) TimerEvent: {}
[432.119477] (-) TimerEvent: {}
[432.220465] (-) TimerEvent: {}
[432.321671] (-) TimerEvent: {}
[432.422666] (-) TimerEvent: {}
[432.523735] (-) TimerEvent: {}
[432.624597] (-) TimerEvent: {}
[432.725490] (-) TimerEvent: {}
[432.826588] (-) TimerEvent: {}
[432.927604] (-) TimerEvent: {}
[433.029009] (-) TimerEvent: {}
[433.129903] (-) TimerEvent: {}
[433.230856] (-) TimerEvent: {}
[433.332113] (-) TimerEvent: {}
[433.433883] (-) TimerEvent: {}
[433.535156] (-) TimerEvent: {}
[433.637182] (-) TimerEvent: {}
[433.738631] (-) TimerEvent: {}
[433.839910] (-) TimerEvent: {}
[433.941191] (-) TimerEvent: {}
[434.042068] (-) TimerEvent: {}
[434.142839] (-) TimerEvent: {}
[434.244200] (-) TimerEvent: {}
[434.345974] (-) TimerEvent: {}
[434.447019] (-) TimerEvent: {}
[434.548412] (-) TimerEvent: {}
[434.649407] (-) TimerEvent: {}
[434.750982] (-) TimerEvent: {}
[434.851977] (-) TimerEvent: {}
[434.952868] (-) TimerEvent: {}
[435.054263] (-) TimerEvent: {}
[435.155676] (-) TimerEvent: {}
[435.257000] (-) TimerEvent: {}
[435.357954] (-) TimerEvent: {}
[435.458752] (-) TimerEvent: {}
[435.560065] (-) TimerEvent: {}
[435.661134] (-) TimerEvent: {}
[435.762150] (-) TimerEvent: {}
[435.863088] (-) TimerEvent: {}
[435.964804] (-) TimerEvent: {}
[436.065872] (-) TimerEvent: {}
[436.166997] (-) TimerEvent: {}
[436.268092] (-) TimerEvent: {}
[436.369011] (-) TimerEvent: {}
[436.470030] (-) TimerEvent: {}
[436.570891] (-) TimerEvent: {}
[436.671740] (-) TimerEvent: {}
[436.772711] (-) TimerEvent: {}
[436.873988] (-) TimerEvent: {}
[436.975394] (-) TimerEvent: {}
[437.076629] (-) TimerEvent: {}
[437.177652] (-) TimerEvent: {}
[437.278673] (-) TimerEvent: {}
[437.379744] (-) TimerEvent: {}
[437.480763] (-) TimerEvent: {}
[437.581974] (-) TimerEvent: {}
[437.683510] (-) TimerEvent: {}
[437.784401] (-) TimerEvent: {}
[437.885262] (-) TimerEvent: {}
[437.986004] (-) TimerEvent: {}
[438.087051] (-) TimerEvent: {}
[438.188381] (-) TimerEvent: {}
[438.289582] (-) TimerEvent: {}
[438.391094] (-) TimerEvent: {}
[438.492213] (-) TimerEvent: {}
[438.593678] (-) TimerEvent: {}
[438.694558] (-) TimerEvent: {}
[438.795818] (-) TimerEvent: {}
[438.897148] (-) TimerEvent: {}
[438.998032] (-) TimerEvent: {}
[439.099264] (-) TimerEvent: {}
[439.200520] (-) TimerEvent: {}
[439.301497] (-) TimerEvent: {}
[439.402516] (-) TimerEvent: {}
[439.503522] (-) TimerEvent: {}
[439.605007] (-) TimerEvent: {}
[439.706432] (-) TimerEvent: {}
[439.807791] (-) TimerEvent: {}
[439.909063] (-) TimerEvent: {}
[440.010190] (-) TimerEvent: {}
[440.111473] (-) TimerEvent: {}
[440.213281] (-) TimerEvent: {}
[440.314416] (-) TimerEvent: {}
[440.415681] (-) TimerEvent: {}
[440.517078] (-) TimerEvent: {}
[440.618433] (-) TimerEvent: {}
[440.719530] (-) TimerEvent: {}
[440.820181] (-) TimerEvent: {}
[440.921196] (-) TimerEvent: {}
[441.022825] (-) TimerEvent: {}
[441.124594] (-) TimerEvent: {}
[441.225778] (-) TimerEvent: {}
[441.327274] (-) TimerEvent: {}
[441.428421] (-) TimerEvent: {}
[441.529447] (-) TimerEvent: {}
[441.630386] (-) TimerEvent: {}
[441.732198] (-) TimerEvent: {}
[441.832999] (-) TimerEvent: {}
[441.933817] (-) TimerEvent: {}
[442.035044] (-) TimerEvent: {}
[442.136061] (-) TimerEvent: {}
[442.237982] (-) TimerEvent: {}
[442.339127] (-) TimerEvent: {}
[442.440161] (-) TimerEvent: {}
[442.541353] (-) TimerEvent: {}
[442.642276] (-) TimerEvent: {}
[442.743364] (-) TimerEvent: {}
[442.844484] (-) TimerEvent: {}
[442.945194] (-) TimerEvent: {}
[443.046453] (-) TimerEvent: {}
[443.148016] (-) TimerEvent: {}
[443.248944] (-) TimerEvent: {}
[443.350003] (-) TimerEvent: {}
[443.451144] (-) TimerEvent: {}
[443.552630] (-) TimerEvent: {}
[443.653546] (-) TimerEvent: {}
[443.755166] (-) TimerEvent: {}
[443.856264] (-) TimerEvent: {}
[443.957662] (-) TimerEvent: {}
[444.059177] (-) TimerEvent: {}
[444.160219] (-) TimerEvent: {}
[444.261666] (-) TimerEvent: {}
[444.363280] (-) TimerEvent: {}
[444.464472] (-) TimerEvent: {}
[444.565676] (-) TimerEvent: {}
[444.666638] (-) TimerEvent: {}
[444.767796] (-) TimerEvent: {}
[444.868756] (-) TimerEvent: {}
[444.969705] (-) TimerEvent: {}
[445.076078] (-) TimerEvent: {}
[445.180462] (-) TimerEvent: {}
[445.281347] (-) TimerEvent: {}
[445.383997] (-) TimerEvent: {}
[445.488483] (-) TimerEvent: {}
[445.589514] (-) TimerEvent: {}
[445.690792] (-) TimerEvent: {}
[445.794626] (-) TimerEvent: {}
[445.896287] (-) TimerEvent: {}
[445.997827] (-) TimerEvent: {}
[446.099183] (-) TimerEvent: {}
[446.200127] (-) TimerEvent: {}
[446.300951] (-) TimerEvent: {}
[446.402212] (-) TimerEvent: {}
[446.503652] (-) TimerEvent: {}
[446.606859] (-) TimerEvent: {}
[446.708964] (-) TimerEvent: {}
[446.809974] (-) TimerEvent: {}
[446.911662] (-) TimerEvent: {}
[447.012624] (-) TimerEvent: {}
[447.113616] (-) TimerEvent: {}
[447.214679] (-) TimerEvent: {}
[447.315839] (-) TimerEvent: {}
[447.417112] (-) TimerEvent: {}
[447.518004] (-) TimerEvent: {}
[447.619599] (-) TimerEvent: {}
[447.720670] (-) TimerEvent: {}
[447.821542] (-) TimerEvent: {}
[447.925198] (-) TimerEvent: {}
[448.026193] (-) TimerEvent: {}
[448.127988] (-) TimerEvent: {}
[448.229207] (-) TimerEvent: {}
[448.330289] (-) TimerEvent: {}
[448.431769] (-) TimerEvent: {}
[448.532871] (-) TimerEvent: {}
[448.634109] (-) TimerEvent: {}
[448.734899] (-) TimerEvent: {}
[448.835833] (-) TimerEvent: {}
[448.936909] (-) TimerEvent: {}
[449.037885] (-) TimerEvent: {}
[449.139570] (-) TimerEvent: {}
[449.240536] (-) TimerEvent: {}
[449.341835] (-) TimerEvent: {}
[449.442741] (-) TimerEvent: {}
[449.543851] (-) TimerEvent: {}
[449.644975] (-) TimerEvent: {}
[449.746526] (-) TimerEvent: {}
[449.848147] (-) TimerEvent: {}
[449.949788] (-) TimerEvent: {}
[450.050792] (-) TimerEvent: {}
[450.152255] (-) TimerEvent: {}
[450.252982] (-) TimerEvent: {}
[450.353838] (-) TimerEvent: {}
[450.455316] (-) TimerEvent: {}
[450.556257] (-) TimerEvent: {}
[450.657422] (-) TimerEvent: {}
[450.758411] (-) TimerEvent: {}
[450.859661] (-) TimerEvent: {}
[450.960913] (-) TimerEvent: {}
[451.062451] (-) TimerEvent: {}
[451.163278] (-) TimerEvent: {}
[451.264154] (-) TimerEvent: {}
[451.365278] (-) TimerEvent: {}
[451.466163] (-) TimerEvent: {}
[451.567264] (-) TimerEvent: {}
[451.668412] (-) TimerEvent: {}
[451.769739] (-) TimerEvent: {}
[451.870969] (-) TimerEvent: {}
[451.971870] (-) TimerEvent: {}
[452.074735] (-) TimerEvent: {}
[452.176220] (-) TimerEvent: {}
[452.277203] (-) TimerEvent: {}
[452.378477] (-) TimerEvent: {}
[452.479318] (-) TimerEvent: {}
[452.580017] (-) TimerEvent: {}
[452.681061] (-) TimerEvent: {}
[452.782107] (-) TimerEvent: {}
[452.883063] (-) TimerEvent: {}
[452.984195] (-) TimerEvent: {}
[453.085255] (-) TimerEvent: {}
[453.186264] (-) TimerEvent: {}
[453.287378] (-) TimerEvent: {}
[453.388340] (-) TimerEvent: {}
[453.489372] (-) TimerEvent: {}
[453.590361] (-) TimerEvent: {}
[453.691639] (-) TimerEvent: {}
[453.793069] (-) TimerEvent: {}
[453.894167] (-) TimerEvent: {}
[453.996094] (-) TimerEvent: {}
[454.097451] (-) TimerEvent: {}
[454.198419] (-) TimerEvent: {}
[454.299772] (-) TimerEvent: {}
[454.401762] (-) TimerEvent: {}
[454.503111] (-) TimerEvent: {}
[454.607675] (-) TimerEvent: {}
[454.708932] (-) TimerEvent: {}
[454.809778] (-) TimerEvent: {}
[454.910805] (-) TimerEvent: {}
[455.011991] (-) TimerEvent: {}
[455.113498] (-) TimerEvent: {}
[455.214451] (-) TimerEvent: {}
[455.315408] (-) TimerEvent: {}
[455.416553] (-) TimerEvent: {}
[455.517763] (-) TimerEvent: {}
[455.619163] (-) TimerEvent: {}
[455.720249] (-) TimerEvent: {}
[455.821993] (-) TimerEvent: {}
[455.923089] (-) TimerEvent: {}
[456.024040] (-) TimerEvent: {}
[456.125162] (-) TimerEvent: {}
[456.226171] (-) TimerEvent: {}
[456.327632] (-) TimerEvent: {}
[456.428926] (-) TimerEvent: {}
[456.530443] (-) TimerEvent: {}
[456.631914] (-) TimerEvent: {}
[456.733239] (-) TimerEvent: {}
[456.834130] (-) TimerEvent: {}
[456.873655] (workspace_gz) StderrLine: {'line': b'\x1b[01m\x1b[K/home/aliomacc/sti_usv/src/usv_sim/workspace_gz/plugins/WildlifeScoringPlugin.cc:\x1b[m\x1b[K In constructor \xe2\x80\x98\x1b[01m\x1b[KBuoy::Buoy(const string&, ignition::gazebo::v6::Entity, BuoyGoal, double, ignition::gazebo::v6::EntityComponentManager&)\x1b[m\x1b[K\xe2\x80\x99:\n'}
[456.874396] (workspace_gz) StderrLine: {'line': b'\x1b[01m\x1b[K/home/aliomacc/sti_usv/src/usv_sim/workspace_gz/plugins/WildlifeScoringPlugin.cc:223:23:\x1b[m\x1b[K \x1b[01;35m\x1b[Kwarning: \x1b[m\x1b[K\xe2\x80\x98\x1b[01m\x1b[KBuoy::entityName\x1b[m\x1b[K\xe2\x80\x99 will be initialized after [\x1b[01;35m\x1b[K\x1b]8;;https://gcc.gnu.org/onlinedocs/gcc/Warning-Options.html#index-Wreorder\x07-Wreorder\x1b]8;;\x07\x1b[m\x1b[K]\n'}
[456.875272] (workspace_gz) StderrLine: {'line': b'  223 |   public: std::string \x1b[01;35m\x1b[KentityName\x1b[m\x1b[K;\n'}
[456.875786] (workspace_gz) StderrLine: {'line': b'      |                       \x1b[01;35m\x1b[K^~~~~~~~~~\x1b[m\x1b[K\n'}
[456.876120] (workspace_gz) StderrLine: {'line': b'\x1b[01m\x1b[K/home/aliomacc/sti_usv/src/usv_sim/workspace_gz/plugins/WildlifeScoringPlugin.cc:220:29:\x1b[m\x1b[K \x1b[01;35m\x1b[Kwarning: \x1b[m\x1b[K  \xe2\x80\x98\x1b[01m\x1b[Kconst Entity Buoy::entity\x1b[m\x1b[K\xe2\x80\x99 [\x1b[01;35m\x1b[K\x1b]8;;https://gcc.gnu.org/onlinedocs/gcc/Warning-Options.html#index-Wreorder\x07-Wreorder\x1b]8;;\x07\x1b[m\x1b[K]\n'}
[456.876693] (workspace_gz) StderrLine: {'line': b'  220 |  public: const sim::Entity \x1b[01;35m\x1b[Kentity\x1b[m\x1b[K;\n'}
[456.877199] (workspace_gz) StderrLine: {'line': b'      |                            \x1b[01;35m\x1b[K^~~~~~\x1b[m\x1b[K\n'}
[456.877587] (workspace_gz) StderrLine: {'line': b'\n'}
[456.878234] (workspace_gz) StderrLine: {'line': b'\x1b[01m\x1b[K/home/aliomacc/sti_usv/src/usv_sim/workspace_gz/plugins/WildlifeScoringPlugin.cc:249:1:\x1b[m\x1b[K \x1b[01;35m\x1b[Kwarning: \x1b[m\x1b[K  when initialized here [\x1b[01;35m\x1b[K\x1b]8;;https://gcc.gnu.org/onlinedocs/gcc/Warning-Options.html#index-Wreorder\x07-Wreorder\x1b]8;;\x07\x1b[m\x1b[K]\n'}
[456.878976] (workspace_gz) StderrLine: {'line': b'  249 | \x1b[01;35m\x1b[KBuoy\x1b[m\x1b[K::Buoy(const std::string &_entityName,\n'}
[456.879816] (workspace_gz) StderrLine: {'line': b'      | \x1b[01;35m\x1b[K^~~~\x1b[m\x1b[K\n'}
[456.880367] (workspace_gz) StderrLine: {'line': b'\x1b[01m\x1b[K/home/aliomacc/sti_usv/src/usv_sim/workspace_gz/plugins/WildlifeScoringPlugin.cc:265:21:\x1b[m\x1b[K \x1b[01;35m\x1b[Kwarning: \x1b[m\x1b[Kcomparison of integer expressions of different signedness: \xe2\x80\x98\x1b[01m\x1b[Kint\x1b[m\x1b[K\xe2\x80\x99 and \xe2\x80\x98\x1b[01m\x1b[Kconst unsigned int\x1b[m\x1b[K\xe2\x80\x99 [\x1b[01;35m\x1b[K\x1b]8;;https://gcc.gnu.org/onlinedocs/gcc/Warning-Options.html#index-Wsign-compare\x07-Wsign-compare\x1b]8;;\x07\x1b[m\x1b[K]\n'}
[456.880908] (workspace_gz) StderrLine: {'line': b'  265 |   for (int i = 0; \x1b[01;35m\x1b[Ki < this->kNumVirtualGates\x1b[m\x1b[K; ++i)\n'}
[456.881310] (workspace_gz) StderrLine: {'line': b'      |                   \x1b[01;35m\x1b[K~~^~~~~~~~~~~~~~~~~~~~~~~~\x1b[m\x1b[K\n'}
[456.934261] (-) TimerEvent: {}
[457.035541] (-) TimerEvent: {}
[457.067674] (workspace_gz) StderrLine: {'line': b'\x1b[01m\x1b[K/home/aliomacc/sti_usv/src/usv_sim/workspace_gz/plugins/WildlifeScoringPlugin.cc:\x1b[m\x1b[K In member function \xe2\x80\x98\x1b[01m\x1b[Kvirtual void vrx::WildlifeScoringPlugin::PreUpdate(const ignition::gazebo::v6::UpdateInfo&, ignition::gazebo::v6::EntityComponentManager&)\x1b[m\x1b[K\xe2\x80\x99:\n'}
[457.068519] (workspace_gz) StderrLine: {'line': b'\x1b[01m\x1b[K/home/aliomacc/sti_usv/src/usv_sim/workspace_gz/plugins/WildlifeScoringPlugin.cc:569:26:\x1b[m\x1b[K \x1b[01;35m\x1b[Kwarning: \x1b[m\x1b[Kcomparison of integer expressions of different signedness: \xe2\x80\x98\x1b[01m\x1b[Kint\x1b[m\x1b[K\xe2\x80\x99 and \xe2\x80\x98\x1b[01m\x1b[Kstd::vector<Buoy>::size_type\x1b[m\x1b[K\xe2\x80\x99 {aka \xe2\x80\x98\x1b[01m\x1b[Klong unsigned int\x1b[m\x1b[K\xe2\x80\x99} [\x1b[01;35m\x1b[K\x1b]8;;https://gcc.gnu.org/onlinedocs/gcc/Warning-Options.html#index-Wsign-compare\x07-Wsign-compare\x1b]8;;\x07\x1b[m\x1b[K]\n'}
[457.069039] (workspace_gz) StderrLine: {'line': b'  569 |     for (auto i = 0; \x1b[01;35m\x1b[Ki < this->dataPtr->buoys.size()\x1b[m\x1b[K; ++i)\n'}
[457.069430] (workspace_gz) StderrLine: {'line': b'      |                      \x1b[01;35m\x1b[K~~^~~~~~~~~~~~~~~~~~~~~~~~~~~~~\x1b[m\x1b[K\n'}
[457.069844] (workspace_gz) StderrLine: {'line': b'\n'}
[457.135783] (-) TimerEvent: {}
[457.237237] (-) TimerEvent: {}
[457.338252] (-) TimerEvent: {}
[457.439213] (-) TimerEvent: {}
[457.541909] (-) TimerEvent: {}
[457.644565] (-) TimerEvent: {}
[457.749704] (-) TimerEvent: {}
[457.851697] (-) TimerEvent: {}
[457.952884] (-) TimerEvent: {}
[458.053708] (-) TimerEvent: {}
[458.154368] (-) TimerEvent: {}
[458.254967] (-) TimerEvent: {}
[458.355634] (-) TimerEvent: {}
[458.456421] (-) TimerEvent: {}
[458.557083] (-) TimerEvent: {}
[458.657778] (-) TimerEvent: {}
[458.758448] (-) TimerEvent: {}
[458.859133] (-) TimerEvent: {}
[458.959842] (-) TimerEvent: {}
[459.060481] (-) TimerEvent: {}
[459.161096] (-) TimerEvent: {}
[459.261719] (-) TimerEvent: {}
[459.362496] (-) TimerEvent: {}
[459.463282] (-) TimerEvent: {}
[459.564073] (-) TimerEvent: {}
[459.664920] (-) TimerEvent: {}
[459.765688] (-) TimerEvent: {}
[459.866377] (-) TimerEvent: {}
[459.967009] (-) TimerEvent: {}
[460.067685] (-) TimerEvent: {}
[460.168730] (-) TimerEvent: {}
[460.269930] (-) TimerEvent: {}
[460.371010] (-) TimerEvent: {}
[460.471570] (-) TimerEvent: {}
[460.572319] (-) TimerEvent: {}
[460.672901] (-) TimerEvent: {}
[460.773564] (-) TimerEvent: {}
[460.874366] (-) TimerEvent: {}
[460.975337] (-) TimerEvent: {}
[461.076072] (-) TimerEvent: {}
[461.176859] (-) TimerEvent: {}
[461.277754] (-) TimerEvent: {}
[461.379117] (-) TimerEvent: {}
[461.479876] (-) TimerEvent: {}
[461.580653] (-) TimerEvent: {}
[461.681381] (-) TimerEvent: {}
[461.782147] (-) TimerEvent: {}
[461.882913] (-) TimerEvent: {}
[461.983698] (-) TimerEvent: {}
[462.084431] (-) TimerEvent: {}
[462.185205] (-) TimerEvent: {}
[462.285986] (-) TimerEvent: {}
[462.386733] (-) TimerEvent: {}
[462.487492] (-) TimerEvent: {}
[462.588343] (-) TimerEvent: {}
[462.689098] (-) TimerEvent: {}
[462.789887] (-) TimerEvent: {}
[462.890690] (-) TimerEvent: {}
[462.991424] (-) TimerEvent: {}
[463.092146] (-) TimerEvent: {}
[463.192897] (-) TimerEvent: {}
[463.293634] (-) TimerEvent: {}
[463.394404] (-) TimerEvent: {}
[463.495148] (-) TimerEvent: {}
[463.595922] (-) TimerEvent: {}
[463.696693] (-) TimerEvent: {}
[463.797445] (-) TimerEvent: {}
[463.898157] (-) TimerEvent: {}
[463.998923] (-) TimerEvent: {}
[464.099732] (-) TimerEvent: {}
[464.200536] (-) TimerEvent: {}
[464.301137] (-) TimerEvent: {}
[464.401688] (-) TimerEvent: {}
[464.502249] (-) TimerEvent: {}
[464.602859] (-) TimerEvent: {}
[464.703408] (-) TimerEvent: {}
[464.803956] (-) TimerEvent: {}
[464.904509] (-) TimerEvent: {}
[465.005101] (-) TimerEvent: {}
[465.105667] (-) TimerEvent: {}
[465.206246] (-) TimerEvent: {}
[465.306806] (-) TimerEvent: {}
[465.407406] (-) TimerEvent: {}
[465.507942] (-) TimerEvent: {}
[465.608556] (-) TimerEvent: {}
[465.709167] (-) TimerEvent: {}
[465.809810] (-) TimerEvent: {}
[465.910650] (-) TimerEvent: {}
[466.012260] (-) TimerEvent: {}
[466.113678] (-) TimerEvent: {}
[466.214388] (-) TimerEvent: {}
[466.315822] (-) TimerEvent: {}
[466.416788] (-) TimerEvent: {}
[466.517671] (-) TimerEvent: {}
[466.618941] (-) TimerEvent: {}
[466.720007] (-) TimerEvent: {}
[466.821154] (-) TimerEvent: {}
[466.922656] (-) TimerEvent: {}
[467.024063] (-) TimerEvent: {}
[467.125009] (-) TimerEvent: {}
[467.226725] (-) TimerEvent: {}
[467.327542] (-) TimerEvent: {}
[467.428476] (-) TimerEvent: {}
[467.530065] (-) TimerEvent: {}
[467.631141] (-) TimerEvent: {}
[467.732884] (-) TimerEvent: {}
[467.834026] (-) TimerEvent: {}
[467.935062] (-) TimerEvent: {}
[468.035862] (-) TimerEvent: {}
[468.136735] (-) TimerEvent: {}
[468.237912] (-) TimerEvent: {}
[468.339030] (-) TimerEvent: {}
[468.439912] (-) TimerEvent: {}
[468.540946] (-) TimerEvent: {}
[468.641909] (-) TimerEvent: {}
[468.743050] (-) TimerEvent: {}
[468.843785] (-) TimerEvent: {}
[468.944710] (-) TimerEvent: {}
[469.045542] (-) TimerEvent: {}
[469.146861] (-) TimerEvent: {}
[469.247968] (-) TimerEvent: {}
[469.349556] (-) TimerEvent: {}
[469.450554] (-) TimerEvent: {}
[469.551476] (-) TimerEvent: {}
[469.653170] (-) TimerEvent: {}
[469.754951] (-) TimerEvent: {}
[469.855754] (-) TimerEvent: {}
[469.957377] (-) TimerEvent: {}
[470.058158] (-) TimerEvent: {}
[470.158990] (-) TimerEvent: {}
[470.259850] (-) TimerEvent: {}
[470.360833] (-) TimerEvent: {}
[470.462339] (-) TimerEvent: {}
[470.563183] (-) TimerEvent: {}
[470.664454] (-) TimerEvent: {}
[470.765270] (-) TimerEvent: {}
[470.866058] (-) TimerEvent: {}
[470.966917] (-) TimerEvent: {}
[471.068544] (-) TimerEvent: {}
[471.170110] (-) TimerEvent: {}
[471.272160] (-) TimerEvent: {}
[471.373708] (-) TimerEvent: {}
[471.474993] (-) TimerEvent: {}
[471.576705] (-) TimerEvent: {}
[471.678004] (-) TimerEvent: {}
[471.778948] (-) TimerEvent: {}
[471.879950] (-) TimerEvent: {}
[471.980959] (-) TimerEvent: {}
[472.082129] (-) TimerEvent: {}
[472.183453] (-) TimerEvent: {}
[472.284423] (-) TimerEvent: {}
[472.385624] (-) TimerEvent: {}
[472.486730] (-) TimerEvent: {}
[472.587988] (-) TimerEvent: {}
[472.688915] (-) TimerEvent: {}
[472.790466] (-) TimerEvent: {}
[472.891742] (-) TimerEvent: {}
[472.992859] (-) TimerEvent: {}
[473.093804] (-) TimerEvent: {}
[473.194919] (-) TimerEvent: {}
[473.296686] (-) TimerEvent: {}
[473.397951] (-) TimerEvent: {}
[473.499505] (-) TimerEvent: {}
[473.601061] (-) TimerEvent: {}
[473.702652] (-) TimerEvent: {}
[473.803790] (-) TimerEvent: {}
[473.904925] (-) TimerEvent: {}
[474.006033] (-) TimerEvent: {}
[474.107361] (-) TimerEvent: {}
[474.210265] (-) TimerEvent: {}
[474.315828] (-) TimerEvent: {}
[474.420288] (-) TimerEvent: {}
[474.521889] (-) TimerEvent: {}
[474.623085] (-) TimerEvent: {}
[474.724288] (-) TimerEvent: {}
[474.825221] (-) TimerEvent: {}
[474.927097] (-) TimerEvent: {}
[475.028209] (-) TimerEvent: {}
[475.129275] (-) TimerEvent: {}
[475.232243] (-) TimerEvent: {}
[475.333267] (-) TimerEvent: {}
[475.434886] (-) TimerEvent: {}
[475.535956] (-) TimerEvent: {}
[475.637011] (-) TimerEvent: {}
[475.738789] (-) TimerEvent: {}
[475.839914] (-) TimerEvent: {}
[475.941705] (-) TimerEvent: {}
[476.042368] (-) TimerEvent: {}
[476.143545] (-) TimerEvent: {}
[476.244977] (-) TimerEvent: {}
[476.345997] (-) TimerEvent: {}
[476.446853] (-) TimerEvent: {}
[476.547951] (-) TimerEvent: {}
[476.649183] (-) TimerEvent: {}
[476.750280] (-) TimerEvent: {}
[476.851521] (-) TimerEvent: {}
[476.952954] (-) TimerEvent: {}
[477.054108] (-) TimerEvent: {}
[477.155111] (-) TimerEvent: {}
[477.256323] (-) TimerEvent: {}
[477.357443] (-) TimerEvent: {}
[477.458741] (-) TimerEvent: {}
[477.559846] (-) TimerEvent: {}
[477.660608] (-) TimerEvent: {}
[477.761519] (-) TimerEvent: {}
[477.862684] (-) TimerEvent: {}
[477.963680] (-) TimerEvent: {}
[478.064862] (-) TimerEvent: {}
[478.166226] (-) TimerEvent: {}
[478.267130] (-) TimerEvent: {}
[478.368028] (-) TimerEvent: {}
[478.469159] (-) TimerEvent: {}
[478.570041] (-) TimerEvent: {}
[478.671740] (-) TimerEvent: {}
[478.772772] (-) TimerEvent: {}
[478.873540] (-) TimerEvent: {}
[478.974870] (-) TimerEvent: {}
[479.075821] (-) TimerEvent: {}
[479.176760] (-) TimerEvent: {}
[479.277594] (-) TimerEvent: {}
[479.378585] (-) TimerEvent: {}
[479.479441] (-) TimerEvent: {}
[479.580473] (-) TimerEvent: {}
[479.681515] (-) TimerEvent: {}
[479.783080] (-) TimerEvent: {}
[479.884400] (-) TimerEvent: {}
[479.985330] (-) TimerEvent: {}
[480.086490] (-) TimerEvent: {}
[480.187579] (-) TimerEvent: {}
[480.288683] (-) TimerEvent: {}
[480.389698] (-) TimerEvent: {}
[480.490945] (-) TimerEvent: {}
[480.592392] (-) TimerEvent: {}
[480.693411] (-) TimerEvent: {}
[480.794450] (-) TimerEvent: {}
[480.895482] (-) TimerEvent: {}
[480.996269] (-) TimerEvent: {}
[481.097439] (-) TimerEvent: {}
[481.198968] (-) TimerEvent: {}
[481.300169] (-) TimerEvent: {}
[481.401043] (-) TimerEvent: {}
[481.502020] (-) TimerEvent: {}
[481.603378] (-) TimerEvent: {}
[481.704820] (-) TimerEvent: {}
[481.806021] (-) TimerEvent: {}
[481.907069] (-) TimerEvent: {}
[482.008275] (-) TimerEvent: {}
[482.110344] (-) TimerEvent: {}
[482.211555] (-) TimerEvent: {}
[482.312762] (-) TimerEvent: {}
[482.414463] (-) TimerEvent: {}
[482.515906] (-) TimerEvent: {}
[482.617218] (-) TimerEvent: {}
[482.718184] (-) TimerEvent: {}
[482.819012] (-) TimerEvent: {}
[482.920213] (-) TimerEvent: {}
[483.021524] (-) TimerEvent: {}
[483.122292] (-) TimerEvent: {}
[483.223429] (-) TimerEvent: {}
[483.324951] (-) TimerEvent: {}
[483.426431] (-) TimerEvent: {}
[483.527768] (-) TimerEvent: {}
[483.628655] (-) TimerEvent: {}
[483.729997] (-) TimerEvent: {}
[483.831371] (-) TimerEvent: {}
[483.932776] (-) TimerEvent: {}
[484.034635] (-) TimerEvent: {}
[484.135679] (-) TimerEvent: {}
[484.236822] (-) TimerEvent: {}
[484.337900] (-) TimerEvent: {}
[484.438701] (-) TimerEvent: {}
[484.539796] (-) TimerEvent: {}
[484.640879] (-) TimerEvent: {}
[484.742148] (-) TimerEvent: {}
[484.843885] (-) TimerEvent: {}
[484.945126] (-) TimerEvent: {}
[485.045952] (-) TimerEvent: {}
[485.146906] (-) TimerEvent: {}
[485.248496] (-) TimerEvent: {}
[485.349555] (-) TimerEvent: {}
[485.450750] (-) TimerEvent: {}
[485.551778] (-) TimerEvent: {}
[485.652522] (-) TimerEvent: {}
[485.753591] (-) TimerEvent: {}
[485.854527] (-) TimerEvent: {}
[485.955578] (-) TimerEvent: {}
[486.056431] (-) TimerEvent: {}
[486.157330] (-) TimerEvent: {}
[486.258277] (-) TimerEvent: {}
[486.359285] (-) TimerEvent: {}
[486.460128] (-) TimerEvent: {}
[486.560937] (-) TimerEvent: {}
[486.661992] (-) TimerEvent: {}
[486.762797] (-) TimerEvent: {}
[486.863705] (-) TimerEvent: {}
[486.964633] (-) TimerEvent: {}
[487.065488] (-) TimerEvent: {}
[487.166472] (-) TimerEvent: {}
[487.267591] (-) TimerEvent: {}
[487.369192] (-) TimerEvent: {}
[487.470915] (-) TimerEvent: {}
[487.572069] (-) TimerEvent: {}
[487.673107] (-) TimerEvent: {}
[487.775063] (-) TimerEvent: {}
[487.876268] (-) TimerEvent: {}
[487.977235] (-) TimerEvent: {}
[488.079165] (-) TimerEvent: {}
[488.181438] (-) TimerEvent: {}
[488.282672] (-) TimerEvent: {}
[488.385549] (-) TimerEvent: {}
[488.486435] (-) TimerEvent: {}
[488.587363] (-) TimerEvent: {}
[488.688421] (-) TimerEvent: {}
[488.792594] (-) TimerEvent: {}
[488.893608] (-) TimerEvent: {}
[488.994695] (-) TimerEvent: {}
[489.095799] (-) TimerEvent: {}
[489.197673] (-) TimerEvent: {}
[489.298761] (-) TimerEvent: {}
[489.399608] (-) TimerEvent: {}
[489.500937] (-) TimerEvent: {}
[489.602480] (-) TimerEvent: {}
[489.703942] (-) TimerEvent: {}
[489.804904] (-) TimerEvent: {}
[489.906118] (-) TimerEvent: {}
[490.007052] (-) TimerEvent: {}
[490.108093] (-) TimerEvent: {}
[490.209525] (-) TimerEvent: {}
[490.310750] (-) TimerEvent: {}
[490.411577] (-) TimerEvent: {}
[490.512755] (-) TimerEvent: {}
[490.613435] (-) TimerEvent: {}
[490.714561] (-) TimerEvent: {}
[490.815334] (-) TimerEvent: {}
[490.916972] (-) TimerEvent: {}
[490.983218] (workspace_gz) StdoutLine: {'line': b'[ 79%] \x1b[32mBuilding CXX object CMakeFiles/WildlifeScoringPlugin.dir/plugins/WaypointMarkers.cc.o\x1b[0m\n'}
[491.017094] (-) TimerEvent: {}
[491.118279] (-) TimerEvent: {}
[491.219217] (-) TimerEvent: {}
[491.320219] (-) TimerEvent: {}
[491.421564] (-) TimerEvent: {}
[491.523175] (-) TimerEvent: {}
[491.624764] (-) TimerEvent: {}
[491.726364] (-) TimerEvent: {}
[491.827796] (-) TimerEvent: {}
[491.929044] (-) TimerEvent: {}
[492.029844] (-) TimerEvent: {}
[492.130735] (-) TimerEvent: {}
[492.231770] (-) TimerEvent: {}
[492.332570] (-) TimerEvent: {}
[492.433882] (-) TimerEvent: {}
[492.534785] (-) TimerEvent: {}
[492.636224] (-) TimerEvent: {}
[492.737285] (-) TimerEvent: {}
[492.838241] (-) TimerEvent: {}
[492.939795] (-) TimerEvent: {}
[493.041225] (-) TimerEvent: {}
[493.142310] (-) TimerEvent: {}
[493.243203] (-) TimerEvent: {}
[493.344630] (-) TimerEvent: {}
[493.445463] (-) TimerEvent: {}
[493.546678] (-) TimerEvent: {}
[493.647969] (-) TimerEvent: {}
[493.749771] (-) TimerEvent: {}
[493.850956] (-) TimerEvent: {}
[493.951862] (-) TimerEvent: {}
[494.053152] (-) TimerEvent: {}
[494.154583] (-) TimerEvent: {}
[494.255783] (-) TimerEvent: {}
[494.357788] (-) TimerEvent: {}
[494.458768] (-) TimerEvent: {}
[494.560431] (-) TimerEvent: {}
[494.661748] (-) TimerEvent: {}
[494.762634] (-) TimerEvent: {}
[494.864028] (-) TimerEvent: {}
[494.969699] (-) TimerEvent: {}
[495.071096] (-) TimerEvent: {}
[495.172243] (-) TimerEvent: {}
[495.273431] (-) TimerEvent: {}
[495.374492] (-) TimerEvent: {}
[495.475959] (-) TimerEvent: {}
[495.577216] (-) TimerEvent: {}
[495.678518] (-) TimerEvent: {}
[495.779744] (-) TimerEvent: {}
[495.880912] (-) TimerEvent: {}
[495.981610] (-) TimerEvent: {}
[496.083138] (-) TimerEvent: {}
[496.184228] (-) TimerEvent: {}
[496.285853] (-) TimerEvent: {}
[496.387032] (-) TimerEvent: {}
[496.487897] (-) TimerEvent: {}
[496.588919] (-) TimerEvent: {}
[496.689741] (-) TimerEvent: {}
[496.791249] (-) TimerEvent: {}
[496.892394] (-) TimerEvent: {}
[496.993487] (-) TimerEvent: {}
[497.094555] (-) TimerEvent: {}
[497.195829] (-) TimerEvent: {}
[497.297260] (-) TimerEvent: {}
[497.398604] (-) TimerEvent: {}
[497.499841] (-) TimerEvent: {}
[497.601136] (-) TimerEvent: {}
[497.702372] (-) TimerEvent: {}
[497.803713] (-) TimerEvent: {}
[497.904458] (-) TimerEvent: {}
[498.005317] (-) TimerEvent: {}
[498.106078] (-) TimerEvent: {}
[498.207143] (-) TimerEvent: {}
[498.308132] (-) TimerEvent: {}
[498.409586] (-) TimerEvent: {}
[498.510855] (-) TimerEvent: {}
[498.612133] (-) TimerEvent: {}
[498.713356] (-) TimerEvent: {}
[498.814445] (-) TimerEvent: {}
[498.915568] (-) TimerEvent: {}
[499.016840] (-) TimerEvent: {}
[499.118046] (-) TimerEvent: {}
[499.219050] (-) TimerEvent: {}
[499.319858] (-) TimerEvent: {}
[499.421099] (-) TimerEvent: {}
[499.522087] (-) TimerEvent: {}
[499.623228] (-) TimerEvent: {}
[499.724681] (-) TimerEvent: {}
[499.826125] (-) TimerEvent: {}
[499.927409] (-) TimerEvent: {}
[500.028250] (-) TimerEvent: {}
[500.129325] (-) TimerEvent: {}
[500.230352] (-) TimerEvent: {}
[500.332062] (-) TimerEvent: {}
[500.433189] (-) TimerEvent: {}
[500.534111] (-) TimerEvent: {}
[500.634968] (-) TimerEvent: {}
[500.735888] (-) TimerEvent: {}
[500.836940] (-) TimerEvent: {}
[500.938024] (-) TimerEvent: {}
[501.039627] (-) TimerEvent: {}
[501.141328] (-) TimerEvent: {}
[501.242561] (-) TimerEvent: {}
[501.343595] (-) TimerEvent: {}
[501.444519] (-) TimerEvent: {}
[501.545987] (-) TimerEvent: {}
[501.647413] (-) TimerEvent: {}
[501.748329] (-) TimerEvent: {}
[501.849361] (-) TimerEvent: {}
[501.950259] (-) TimerEvent: {}
[502.051607] (-) TimerEvent: {}
[502.153998] (-) TimerEvent: {}
[502.255041] (-) TimerEvent: {}
[502.356359] (-) TimerEvent: {}
[502.457855] (-) TimerEvent: {}
[502.559647] (-) TimerEvent: {}
[502.661042] (-) TimerEvent: {}
[502.762076] (-) TimerEvent: {}
[502.863469] (-) TimerEvent: {}
[502.964529] (-) TimerEvent: {}
[503.065476] (-) TimerEvent: {}
[503.166468] (-) TimerEvent: {}
[503.267274] (-) TimerEvent: {}
[503.370372] (-) TimerEvent: {}
[503.471935] (-) TimerEvent: {}
[503.573174] (-) TimerEvent: {}
[503.674730] (-) TimerEvent: {}
[503.775951] (-) TimerEvent: {}
[503.877260] (-) TimerEvent: {}
[503.978834] (-) TimerEvent: {}
[504.079659] (-) TimerEvent: {}
[504.180527] (-) TimerEvent: {}
[504.281264] (-) TimerEvent: {}
[504.382564] (-) TimerEvent: {}
[504.483894] (-) TimerEvent: {}
[504.584800] (-) TimerEvent: {}
[504.686092] (-) TimerEvent: {}
[504.787053] (-) TimerEvent: {}
[504.887878] (-) TimerEvent: {}
[504.988981] (-) TimerEvent: {}
[505.090456] (-) TimerEvent: {}
[505.191548] (-) TimerEvent: {}
[505.292348] (-) TimerEvent: {}
[505.393353] (-) TimerEvent: {}
[505.494155] (-) TimerEvent: {}
[505.595150] (-) TimerEvent: {}
[505.696016] (-) TimerEvent: {}
[505.797055] (-) TimerEvent: {}
[505.897942] (-) TimerEvent: {}
[505.999017] (-) TimerEvent: {}
[506.100088] (-) TimerEvent: {}
[506.201182] (-) TimerEvent: {}
[506.302471] (-) TimerEvent: {}
[506.403380] (-) TimerEvent: {}
[506.504266] (-) TimerEvent: {}
[506.605201] (-) TimerEvent: {}
[506.706250] (-) TimerEvent: {}
[506.807371] (-) TimerEvent: {}
[506.908489] (-) TimerEvent: {}
[507.009697] (-) TimerEvent: {}
[507.111017] (-) TimerEvent: {}
[507.212059] (-) TimerEvent: {}
[507.313018] (-) TimerEvent: {}
[507.414364] (-) TimerEvent: {}
[507.515618] (-) TimerEvent: {}
[507.616547] (-) TimerEvent: {}
[507.717696] (-) TimerEvent: {}
[507.818463] (-) TimerEvent: {}
[507.919253] (-) TimerEvent: {}
[508.020225] (-) TimerEvent: {}
[508.121852] (-) TimerEvent: {}
[508.261228] (-) TimerEvent: {}
[508.362695] (-) TimerEvent: {}
[508.464134] (-) TimerEvent: {}
[508.565432] (-) TimerEvent: {}
[508.666624] (-) TimerEvent: {}
[508.767867] (-) TimerEvent: {}
[508.868897] (-) TimerEvent: {}
[508.969702] (-) TimerEvent: {}
[509.070810] (-) TimerEvent: {}
[509.173980] (-) TimerEvent: {}
[509.275327] (-) TimerEvent: {}
[509.376767] (-) TimerEvent: {}
[509.478158] (-) TimerEvent: {}
[509.579625] (-) TimerEvent: {}
[509.680643] (-) TimerEvent: {}
[509.781425] (-) TimerEvent: {}
[509.882340] (-) TimerEvent: {}
[509.983250] (-) TimerEvent: {}
[510.084345] (-) TimerEvent: {}
[510.185143] (-) TimerEvent: {}
[510.286268] (-) TimerEvent: {}
[510.387848] (-) TimerEvent: {}
[510.488922] (-) TimerEvent: {}
[510.590252] (-) TimerEvent: {}
[510.691363] (-) TimerEvent: {}
[510.792800] (-) TimerEvent: {}
[510.894341] (-) TimerEvent: {}
[510.995412] (-) TimerEvent: {}
[511.096614] (-) TimerEvent: {}
[511.197595] (-) TimerEvent: {}
[511.298933] (-) TimerEvent: {}
[511.400124] (-) TimerEvent: {}
[511.501353] (-) TimerEvent: {}
[511.602584] (-) TimerEvent: {}
[511.703569] (-) TimerEvent: {}
[511.804826] (-) TimerEvent: {}
[511.905745] (-) TimerEvent: {}
[512.006883] (-) TimerEvent: {}
[512.108074] (-) TimerEvent: {}
[512.209087] (-) TimerEvent: {}
[512.310760] (-) TimerEvent: {}
[512.412065] (-) TimerEvent: {}
[512.513678] (-) TimerEvent: {}
[512.615105] (-) TimerEvent: {}
[512.715899] (-) TimerEvent: {}
[512.817383] (-) TimerEvent: {}
[512.918285] (-) TimerEvent: {}
[513.019658] (-) TimerEvent: {}
[513.120841] (-) TimerEvent: {}
[513.221937] (-) TimerEvent: {}
[513.322992] (-) TimerEvent: {}
[513.424051] (-) TimerEvent: {}
[513.525315] (-) TimerEvent: {}
[513.626129] (-) TimerEvent: {}
[513.726982] (-) TimerEvent: {}
[513.828212] (-) TimerEvent: {}
[513.929814] (-) TimerEvent: {}
[514.031323] (-) TimerEvent: {}
[514.132353] (-) TimerEvent: {}
[514.233060] (-) TimerEvent: {}
[514.334361] (-) TimerEvent: {}
[514.435541] (-) TimerEvent: {}
[514.536765] (-) TimerEvent: {}
[514.638047] (-) TimerEvent: {}
[514.738811] (-) TimerEvent: {}
[514.839703] (-) TimerEvent: {}
[514.940636] (-) TimerEvent: {}
[515.041489] (-) TimerEvent: {}
[515.142320] (-) TimerEvent: {}
[515.243561] (-) TimerEvent: {}
[515.344832] (-) TimerEvent: {}
[515.446482] (-) TimerEvent: {}
[515.547408] (-) TimerEvent: {}
[515.648224] (-) TimerEvent: {}
[515.749281] (-) TimerEvent: {}
[515.850259] (-) TimerEvent: {}
[515.951865] (-) TimerEvent: {}
[516.052727] (-) TimerEvent: {}
[516.153598] (-) TimerEvent: {}
[516.254475] (-) TimerEvent: {}
[516.355404] (-) TimerEvent: {}
[516.456423] (-) TimerEvent: {}
[516.557925] (-) TimerEvent: {}
[516.659132] (-) TimerEvent: {}
[516.759959] (-) TimerEvent: {}
[516.861082] (-) TimerEvent: {}
[516.962011] (-) TimerEvent: {}
[517.062905] (-) TimerEvent: {}
[517.163965] (-) TimerEvent: {}
[517.265049] (-) TimerEvent: {}
[517.365899] (-) TimerEvent: {}
[517.467103] (-) TimerEvent: {}
[517.568230] (-) TimerEvent: {}
[517.669637] (-) TimerEvent: {}
[517.770419] (-) TimerEvent: {}
[517.871284] (-) TimerEvent: {}
[517.972498] (-) TimerEvent: {}
[518.073678] (-) TimerEvent: {}
[518.174872] (-) TimerEvent: {}
[518.275864] (-) TimerEvent: {}
[518.376694] (-) TimerEvent: {}
[518.477685] (-) TimerEvent: {}
[518.578590] (-) TimerEvent: {}
[518.679503] (-) TimerEvent: {}
[518.780708] (-) TimerEvent: {}
[518.881989] (-) TimerEvent: {}
[518.983074] (-) TimerEvent: {}
[519.083871] (-) TimerEvent: {}
[519.185287] (-) TimerEvent: {}
[519.286264] (-) TimerEvent: {}
[519.387434] (-) TimerEvent: {}
[519.488761] (-) TimerEvent: {}
[519.590960] (-) TimerEvent: {}
[519.691901] (-) TimerEvent: {}
[519.792857] (-) TimerEvent: {}
[519.894019] (-) TimerEvent: {}
[519.994825] (-) TimerEvent: {}
[520.096087] (-) TimerEvent: {}
[520.197177] (-) TimerEvent: {}
[520.298071] (-) TimerEvent: {}
[520.398988] (-) TimerEvent: {}
[520.499859] (-) TimerEvent: {}
[520.600848] (-) TimerEvent: {}
[520.701629] (-) TimerEvent: {}
[520.802857] (-) TimerEvent: {}
[520.903957] (-) TimerEvent: {}
[521.005242] (-) TimerEvent: {}
[521.106282] (-) TimerEvent: {}
[521.207280] (-) TimerEvent: {}
[521.308216] (-) TimerEvent: {}
[521.409402] (-) TimerEvent: {}
[521.510482] (-) TimerEvent: {}
[521.611676] (-) TimerEvent: {}
[521.715694] (-) TimerEvent: {}
[521.817027] (-) TimerEvent: {}
[521.918134] (-) TimerEvent: {}
[522.018959] (-) TimerEvent: {}
[522.120595] (-) TimerEvent: {}
[522.221512] (-) TimerEvent: {}
[522.323928] (-) TimerEvent: {}
[522.425172] (-) TimerEvent: {}
[522.526428] (-) TimerEvent: {}
[522.627528] (-) TimerEvent: {}
[522.728771] (-) TimerEvent: {}
[522.830011] (-) TimerEvent: {}
[522.931001] (-) TimerEvent: {}
[523.031912] (-) TimerEvent: {}
[523.133228] (-) TimerEvent: {}
[523.236947] (-) TimerEvent: {}
[523.338471] (-) TimerEvent: {}
[523.469900] (-) TimerEvent: {}
[523.572461] (-) TimerEvent: {}
[523.673600] (-) TimerEvent: {}
[523.779396] (-) TimerEvent: {}
[523.880811] (-) TimerEvent: {}
[523.982714] (-) TimerEvent: {}
[524.083931] (-) TimerEvent: {}
[524.184880] (-) TimerEvent: {}
[524.286404] (-) TimerEvent: {}
[524.387756] (-) TimerEvent: {}
[524.488605] (-) TimerEvent: {}
[524.589584] (-) TimerEvent: {}
[524.690650] (-) TimerEvent: {}
[524.791937] (-) TimerEvent: {}
[524.893008] (-) TimerEvent: {}
[524.994697] (-) TimerEvent: {}
[525.095722] (-) TimerEvent: {}
[525.196532] (-) TimerEvent: {}
[525.297589] (-) TimerEvent: {}
[525.398589] (-) TimerEvent: {}
[525.500245] (-) TimerEvent: {}
[525.601400] (-) TimerEvent: {}
[525.703235] (-) TimerEvent: {}
[525.811462] (-) TimerEvent: {}
[525.912772] (-) TimerEvent: {}
[526.013857] (-) TimerEvent: {}
[526.115991] (-) TimerEvent: {}
[526.216894] (-) TimerEvent: {}
[526.317565] (-) TimerEvent: {}
[526.418469] (-) TimerEvent: {}
[526.519484] (-) TimerEvent: {}
[526.620257] (-) TimerEvent: {}
[526.720860] (-) TimerEvent: {}
[526.821922] (-) TimerEvent: {}
[526.923070] (-) TimerEvent: {}
[527.024138] (-) TimerEvent: {}
[527.124900] (-) TimerEvent: {}
[527.225694] (-) TimerEvent: {}
[527.326346] (-) TimerEvent: {}
[527.427238] (-) TimerEvent: {}
[527.527855] (-) TimerEvent: {}
[527.628478] (-) TimerEvent: {}
[527.729224] (-) TimerEvent: {}
[527.829883] (-) TimerEvent: {}
[527.930529] (-) TimerEvent: {}
[528.031178] (-) TimerEvent: {}
[528.131838] (-) TimerEvent: {}
[528.232570] (-) TimerEvent: {}
[528.333211] (-) TimerEvent: {}
[528.433784] (-) TimerEvent: {}
[528.534413] (-) TimerEvent: {}
[528.634933] (-) TimerEvent: {}
[528.735531] (-) TimerEvent: {}
[528.836059] (-) TimerEvent: {}
[528.936738] (-) TimerEvent: {}
[529.037460] (-) TimerEvent: {}
[529.138164] (-) TimerEvent: {}
[529.238708] (-) TimerEvent: {}
[529.339312] (-) TimerEvent: {}
[529.439842] (-) TimerEvent: {}
[529.540428] (-) TimerEvent: {}
[529.640989] (-) TimerEvent: {}
[529.741575] (-) TimerEvent: {}
[529.842237] (-) TimerEvent: {}
[529.943176] (-) TimerEvent: {}
[530.043756] (-) TimerEvent: {}
[530.144378] (-) TimerEvent: {}
[530.244928] (-) TimerEvent: {}
[530.345471] (-) TimerEvent: {}
[530.446106] (-) TimerEvent: {}
[530.546688] (-) TimerEvent: {}
[530.647341] (-) TimerEvent: {}
[530.748061] (-) TimerEvent: {}
[530.848781] (-) TimerEvent: {}
[530.949432] (-) TimerEvent: {}
[531.050039] (-) TimerEvent: {}
[531.150769] (-) TimerEvent: {}
[531.251535] (-) TimerEvent: {}
[531.352084] (-) TimerEvent: {}
[531.452649] (-) TimerEvent: {}
[531.553221] (-) TimerEvent: {}
[531.653864] (-) TimerEvent: {}
[531.754474] (-) TimerEvent: {}
[531.855178] (-) TimerEvent: {}
[531.956155] (-) TimerEvent: {}
[532.058568] (-) TimerEvent: {}
[532.163437] (-) TimerEvent: {}
[532.264237] (-) TimerEvent: {}
[532.365226] (-) TimerEvent: {}
[532.465955] (-) TimerEvent: {}
[532.566668] (-) TimerEvent: {}
[532.667320] (-) TimerEvent: {}
[532.767913] (-) TimerEvent: {}
[532.868892] (-) TimerEvent: {}
[532.969489] (-) TimerEvent: {}
[533.070116] (-) TimerEvent: {}
[533.170750] (-) TimerEvent: {}
[533.271543] (-) TimerEvent: {}
[533.372181] (-) TimerEvent: {}
[533.475032] (-) TimerEvent: {}
[533.576448] (-) TimerEvent: {}
[533.677264] (-) TimerEvent: {}
[533.778201] (-) TimerEvent: {}
[533.881389] (-) TimerEvent: {}
[533.982191] (-) TimerEvent: {}
[534.082885] (-) TimerEvent: {}
[534.183633] (-) TimerEvent: {}
[534.284369] (-) TimerEvent: {}
[534.385086] (-) TimerEvent: {}
[534.485866] (-) TimerEvent: {}
[534.586766] (-) TimerEvent: {}
[534.687460] (-) TimerEvent: {}
[534.788194] (-) TimerEvent: {}
[534.888947] (-) TimerEvent: {}
[534.989574] (-) TimerEvent: {}
[535.090359] (-) TimerEvent: {}
[535.190954] (-) TimerEvent: {}
[535.291691] (-) TimerEvent: {}
[535.392315] (-) TimerEvent: {}
[535.493028] (-) TimerEvent: {}
[535.593678] (-) TimerEvent: {}
[535.694437] (-) TimerEvent: {}
[535.795028] (-) TimerEvent: {}
[535.895817] (-) TimerEvent: {}
[535.996560] (-) TimerEvent: {}
[536.097334] (-) TimerEvent: {}
[536.197942] (-) TimerEvent: {}
[536.298560] (-) TimerEvent: {}
[536.399339] (-) TimerEvent: {}
[536.500097] (-) TimerEvent: {}
[536.600855] (-) TimerEvent: {}
[536.701608] (-) TimerEvent: {}
[536.802350] (-) TimerEvent: {}
[536.902939] (-) TimerEvent: {}
[536.910547] (workspace_gz) StdoutLine: {'line': b'[ 81%] \x1b[32m\x1b[1mLinking CXX shared library libWildlifeScoringPlugin.so\x1b[0m\n'}
[537.003133] (-) TimerEvent: {}
[537.103812] (-) TimerEvent: {}
[537.204669] (-) TimerEvent: {}
[537.305401] (-) TimerEvent: {}
[537.406032] (-) TimerEvent: {}
[537.506707] (-) TimerEvent: {}
[537.607497] (-) TimerEvent: {}
[537.708330] (-) TimerEvent: {}
[537.809030] (-) TimerEvent: {}
[537.860209] (workspace_gz) StdoutLine: {'line': b'[ 81%] Built target WildlifeScoringPlugin\n'}
[537.896002] (workspace_gz) StdoutLine: {'line': b'\x1b[35m\x1b[1mConsolidate compiler generated dependencies of target PublisherPlugin\x1b[0m\n'}
[537.896650] (workspace_gz) StdoutLine: {'line': b'\x1b[35m\x1b[1mConsolidate compiler generated dependencies of target PlacardPlugin\x1b[0m\n'}
[537.909356] (-) TimerEvent: {}
[537.914622] (workspace_gz) StdoutLine: {'line': b'\x1b[35m\x1b[1mConsolidate compiler generated dependencies of target ScanDockScoringPlugin\x1b[0m\n'}
[537.915239] (workspace_gz) StdoutLine: {'line': b'\x1b[35m\x1b[1mConsolidate compiler generated dependencies of target PerceptionScoringPlugin\x1b[0m\n'}
[537.967984] (workspace_gz) StdoutLine: {'line': b'[ 83%] \x1b[32mBuilding CXX object CMakeFiles/PublisherPlugin.dir/plugins/PublisherPlugin.cc.o\x1b[0m\n'}
[537.987368] (workspace_gz) StdoutLine: {'line': b'[ 84%] \x1b[32mBuilding CXX object CMakeFiles/PlacardPlugin.dir/plugins/PlacardPlugin.cc.o\x1b[0m\n'}
[538.009569] (-) TimerEvent: {}
[538.017100] (workspace_gz) StdoutLine: {'line': b'[ 86%] \x1b[32mBuilding CXX object CMakeFiles/PerceptionScoringPlugin.dir/plugins/PerceptionScoringPlugin.cc.o\x1b[0m\n'}
[538.025763] (workspace_gz) StdoutLine: {'line': b'[ 88%] \x1b[32mBuilding CXX object CMakeFiles/ScanDockScoringPlugin.dir/plugins/ScanDockScoringPlugin.cc.o\x1b[0m\n'}
[538.026580] (workspace_gz) StdoutLine: {'line': b'[ 90%] \x1b[32mBuilding CXX object CMakeFiles/PerceptionScoringPlugin.dir/plugins/WaypointMarkers.cc.o\x1b[0m\n'}
[538.066057] (workspace_gz) StdoutLine: {'line': b'[ 92%] \x1b[32mBuilding CXX object CMakeFiles/ScanDockScoringPlugin.dir/plugins/WaypointMarkers.cc.o\x1b[0m\n'}
[538.109750] (-) TimerEvent: {}
[538.213647] (-) TimerEvent: {}
[538.314392] (-) TimerEvent: {}
[538.423995] (-) TimerEvent: {}
[538.591481] (-) TimerEvent: {}
[538.692213] (-) TimerEvent: {}
[538.792936] (-) TimerEvent: {}
[538.893652] (-) TimerEvent: {}
[538.997434] (-) TimerEvent: {}
[539.098184] (-) TimerEvent: {}
[539.199035] (-) TimerEvent: {}
[539.299772] (-) TimerEvent: {}
[539.403433] (-) TimerEvent: {}
[539.504122] (-) TimerEvent: {}
[539.604850] (-) TimerEvent: {}
[539.705585] (-) TimerEvent: {}
[539.807621] (-) TimerEvent: {}
[539.908386] (-) TimerEvent: {}
[540.011624] (-) TimerEvent: {}
[540.112448] (-) TimerEvent: {}
[540.213761] (-) TimerEvent: {}
[540.317224] (-) TimerEvent: {}
[540.418004] (-) TimerEvent: {}
[540.520432] (-) TimerEvent: {}
[540.621188] (-) TimerEvent: {}
[540.721934] (-) TimerEvent: {}
[540.824443] (-) TimerEvent: {}
[540.925175] (-) TimerEvent: {}
[541.025900] (-) TimerEvent: {}
[541.128593] (-) TimerEvent: {}
[541.229318] (-) TimerEvent: {}
[541.331430] (-) TimerEvent: {}
[541.432141] (-) TimerEvent: {}
[541.534442] (-) TimerEvent: {}
[541.635195] (-) TimerEvent: {}
[541.736027] (-) TimerEvent: {}
[541.838452] (-) TimerEvent: {}
[541.939179] (-) TimerEvent: {}
[542.043685] (-) TimerEvent: {}
[542.144421] (-) TimerEvent: {}
[542.245198] (-) TimerEvent: {}
[542.345984] (-) TimerEvent: {}
[542.447535] (-) TimerEvent: {}
[542.551452] (-) TimerEvent: {}
[542.652355] (-) TimerEvent: {}
[542.753080] (-) TimerEvent: {}
[542.856441] (-) TimerEvent: {}
[542.957171] (-) TimerEvent: {}
[543.057937] (-) TimerEvent: {}
[543.162454] (-) TimerEvent: {}
[543.263277] (-) TimerEvent: {}
[543.364111] (-) TimerEvent: {}
[543.465015] (-) TimerEvent: {}
[543.566628] (-) TimerEvent: {}
[543.668463] (-) TimerEvent: {}
[543.773805] (-) TimerEvent: {}
[543.874640] (-) TimerEvent: {}
[543.975466] (-) TimerEvent: {}
[544.076261] (-) TimerEvent: {}
[544.177193] (-) TimerEvent: {}
[544.280178] (-) TimerEvent: {}
[544.383849] (-) TimerEvent: {}
[544.485714] (-) TimerEvent: {}
[544.589711] (-) TimerEvent: {}
[544.693716] (-) TimerEvent: {}
[544.795062] (-) TimerEvent: {}
[544.898479] (-) TimerEvent: {}
[544.999326] (-) TimerEvent: {}
[545.100757] (-) TimerEvent: {}
[545.202691] (-) TimerEvent: {}
[545.304278] (-) TimerEvent: {}
[545.406639] (-) TimerEvent: {}
[545.511039] (-) TimerEvent: {}
[545.617112] (-) TimerEvent: {}
[545.721182] (-) TimerEvent: {}
[545.822269] (-) TimerEvent: {}
[545.925366] (-) TimerEvent: {}
[546.030115] (-) TimerEvent: {}
[546.134893] (-) TimerEvent: {}
[546.235725] (-) TimerEvent: {}
[546.336487] (-) TimerEvent: {}
[546.439629] (-) TimerEvent: {}
[546.543732] (-) TimerEvent: {}
[546.644741] (-) TimerEvent: {}
[546.751456] (-) TimerEvent: {}
[546.852344] (-) TimerEvent: {}
[546.954654] (-) TimerEvent: {}
[547.060776] (-) TimerEvent: {}
[547.162986] (-) TimerEvent: {}
[547.267112] (-) TimerEvent: {}
[547.369792] (-) TimerEvent: {}
[547.472350] (-) TimerEvent: {}
[547.574362] (-) TimerEvent: {}
[547.676448] (-) TimerEvent: {}
[547.777335] (-) TimerEvent: {}
[547.878948] (-) TimerEvent: {}
[547.982265] (-) TimerEvent: {}
[548.088151] (-) TimerEvent: {}
[548.189445] (-) TimerEvent: {}
[548.291336] (-) TimerEvent: {}
[548.393220] (-) TimerEvent: {}
[548.495756] (-) TimerEvent: {}
[548.597988] (-) TimerEvent: {}
[548.700457] (-) TimerEvent: {}
[548.804475] (-) TimerEvent: {}
[548.905316] (-) TimerEvent: {}
[549.006601] (-) TimerEvent: {}
[549.107924] (-) TimerEvent: {}
[549.213783] (-) TimerEvent: {}
[549.316628] (-) TimerEvent: {}
[549.419022] (-) TimerEvent: {}
[549.520907] (-) TimerEvent: {}
[549.623163] (-) TimerEvent: {}
[549.728551] (-) TimerEvent: {}
[549.829419] (-) TimerEvent: {}
[549.930222] (-) TimerEvent: {}
[550.031526] (-) TimerEvent: {}
[550.134596] (-) TimerEvent: {}
[550.235436] (-) TimerEvent: {}
[550.338575] (-) TimerEvent: {}
[550.439424] (-) TimerEvent: {}
[550.540256] (-) TimerEvent: {}
[550.641094] (-) TimerEvent: {}
[550.741952] (-) TimerEvent: {}
[550.842787] (-) TimerEvent: {}
[550.943620] (-) TimerEvent: {}
[551.044455] (-) TimerEvent: {}
[551.148479] (-) TimerEvent: {}
[551.249345] (-) TimerEvent: {}
[551.350182] (-) TimerEvent: {}
[551.458462] (-) TimerEvent: {}
[551.566461] (-) TimerEvent: {}
[551.673462] (-) TimerEvent: {}
[551.777544] (-) TimerEvent: {}
[551.882165] (-) TimerEvent: {}
[551.984488] (-) TimerEvent: {}
[552.086458] (-) TimerEvent: {}
[552.190780] (-) TimerEvent: {}
[552.296696] (-) TimerEvent: {}
[552.397556] (-) TimerEvent: {}
[552.501566] (-) TimerEvent: {}
[552.602361] (-) TimerEvent: {}
[552.707257] (-) TimerEvent: {}
[552.809453] (-) TimerEvent: {}
[552.911505] (-) TimerEvent: {}
[553.014009] (-) TimerEvent: {}
[553.115332] (-) TimerEvent: {}
[553.218032] (-) TimerEvent: {}
[553.324474] (-) TimerEvent: {}
[553.425382] (-) TimerEvent: {}
[553.526282] (-) TimerEvent: {}
[553.635456] (-) TimerEvent: {}
[553.736423] (-) TimerEvent: {}
[553.837430] (-) TimerEvent: {}
[553.939395] (-) TimerEvent: {}
[554.042592] (-) TimerEvent: {}
[554.143536] (-) TimerEvent: {}
[554.245889] (-) TimerEvent: {}
[554.353819] (-) TimerEvent: {}
[554.454667] (-) TimerEvent: {}
[554.558515] (-) TimerEvent: {}
[554.660490] (-) TimerEvent: {}
[554.764169] (-) TimerEvent: {}
[554.865459] (-) TimerEvent: {}
[554.967567] (-) TimerEvent: {}
[555.070222] (-) TimerEvent: {}
[555.171831] (-) TimerEvent: {}
[555.274061] (-) TimerEvent: {}
[555.376289] (-) TimerEvent: {}
[555.480571] (-) TimerEvent: {}
[555.582455] (-) TimerEvent: {}
[555.692465] (-) TimerEvent: {}
[555.793391] (-) TimerEvent: {}
[555.896830] (-) TimerEvent: {}
[555.997755] (-) TimerEvent: {}
[556.099807] (-) TimerEvent: {}
[556.204462] (-) TimerEvent: {}
[556.305314] (-) TimerEvent: {}
[556.409403] (-) TimerEvent: {}
[556.514748] (-) TimerEvent: {}
[556.620557] (-) TimerEvent: {}
[556.726687] (-) TimerEvent: {}
[556.832826] (-) TimerEvent: {}
[556.933749] (-) TimerEvent: {}
[557.035109] (-) TimerEvent: {}
[557.141449] (-) TimerEvent: {}
[557.242232] (-) TimerEvent: {}
[557.343628] (-) TimerEvent: {}
[557.447141] (-) TimerEvent: {}
[557.550107] (-) TimerEvent: {}
[557.651462] (-) TimerEvent: {}
[557.755450] (-) TimerEvent: {}
[557.860446] (-) TimerEvent: {}
[557.961238] (-) TimerEvent: {}
[558.062462] (-) TimerEvent: {}
[558.164459] (-) TimerEvent: {}
[558.265770] (-) TimerEvent: {}
[558.368038] (-) TimerEvent: {}
[558.470564] (-) TimerEvent: {}
[558.574616] (-) TimerEvent: {}
[558.676482] (-) TimerEvent: {}
[558.780452] (-) TimerEvent: {}
[558.881249] (-) TimerEvent: {}
[558.987510] (-) TimerEvent: {}
[559.088693] (-) TimerEvent: {}
[559.192347] (-) TimerEvent: {}
[559.296458] (-) TimerEvent: {}
[559.397259] (-) TimerEvent: {}
[559.499862] (-) TimerEvent: {}
[559.601172] (-) TimerEvent: {}
[559.706317] (-) TimerEvent: {}
[559.807590] (-) TimerEvent: {}
[559.909142] (-) TimerEvent: {}
[560.009992] (-) TimerEvent: {}
[560.112559] (-) TimerEvent: {}
[560.214680] (-) TimerEvent: {}
[560.315496] (-) TimerEvent: {}
[560.418251] (-) TimerEvent: {}
[560.520206] (-) TimerEvent: {}
[560.621654] (-) TimerEvent: {}
[560.724966] (-) TimerEvent: {}
[560.827876] (-) TimerEvent: {}
[560.935490] (-) TimerEvent: {}
[561.036448] (-) TimerEvent: {}
[561.138754] (-) TimerEvent: {}
[561.240505] (-) TimerEvent: {}
[561.341821] (-) TimerEvent: {}
[561.444080] (-) TimerEvent: {}
[561.545579] (-) TimerEvent: {}
[561.646831] (-) TimerEvent: {}
[561.749014] (-) TimerEvent: {}
[561.850474] (-) TimerEvent: {}
[561.952362] (-) TimerEvent: {}
[562.054108] (-) TimerEvent: {}
[562.158492] (-) TimerEvent: {}
[562.263462] (-) TimerEvent: {}
[562.364333] (-) TimerEvent: {}
[562.465161] (-) TimerEvent: {}
[562.566809] (-) TimerEvent: {}
[562.668921] (-) TimerEvent: {}
[562.776204] (-) TimerEvent: {}
[562.882455] (-) TimerEvent: {}
[562.986071] (-) TimerEvent: {}
[563.087048] (-) TimerEvent: {}
[563.190452] (-) TimerEvent: {}
[563.293456] (-) TimerEvent: {}
[563.394884] (-) TimerEvent: {}
[563.498455] (-) TimerEvent: {}
[563.599317] (-) TimerEvent: {}
[563.701460] (-) TimerEvent: {}
[563.802330] (-) TimerEvent: {}
[563.904712] (-) TimerEvent: {}
[564.005803] (-) TimerEvent: {}
[564.107712] (-) TimerEvent: {}
[564.211455] (-) TimerEvent: {}
[564.312228] (-) TimerEvent: {}
[564.413048] (-) TimerEvent: {}
[564.513922] (-) TimerEvent: {}
[564.615630] (-) TimerEvent: {}
[564.720687] (-) TimerEvent: {}
[564.821598] (-) TimerEvent: {}
[564.922881] (-) TimerEvent: {}
[565.025108] (-) TimerEvent: {}
[565.128047] (-) TimerEvent: {}
[565.235965] (-) TimerEvent: {}
[565.338258] (-) TimerEvent: {}
[565.440989] (-) TimerEvent: {}
[565.543278] (-) TimerEvent: {}
[565.577534] (workspace_gz) StderrLine: {'line': b'\x1b[01m\x1b[K/home/aliomacc/sti_usv/src/usv_sim/workspace_gz/plugins/PublisherPlugin.cc:\x1b[m\x1b[K In member function \xe2\x80\x98\x1b[01m\x1b[Kvirtual void vrx::PublisherPlugin::Configure(const Entity&, const std::shared_ptr<const sdf::v12::Element>&, ignition::gazebo::v6::EntityComponentManager&, ignition::gazebo::v6::EventManager&)\x1b[m\x1b[K\xe2\x80\x99:\n'}
[565.578353] (workspace_gz) StderrLine: {'line': b'\x1b[01m\x1b[K/home/aliomacc/sti_usv/src/usv_sim/workspace_gz/plugins/PublisherPlugin.cc:72:52:\x1b[m\x1b[K \x1b[01;35m\x1b[Kwarning: \x1b[m\x1b[Kunused parameter \xe2\x80\x98\x1b[01m\x1b[K_entity\x1b[m\x1b[K\xe2\x80\x99 [\x1b[01;35m\x1b[K\x1b]8;;https://gcc.gnu.org/onlinedocs/gcc/Warning-Options.html#index-Wunused-parameter\x07-Wunused-parameter\x1b]8;;\x07\x1b[m\x1b[K]\n'}
[565.578909] (workspace_gz) StderrLine: {'line': b'   72 | void PublisherPlugin::Configure(\x1b[01;35m\x1b[Kconst sim::Entity &_entity\x1b[m\x1b[K,\n'}
[565.579464] (workspace_gz) StderrLine: {'line': b'      |                                 \x1b[01;35m\x1b[K~~~~~~~~~~~~~~~~~~~^~~~~~~\x1b[m\x1b[K\n'}
[565.583519] (workspace_gz) StderrLine: {'line': b'\x1b[01m\x1b[K/home/aliomacc/sti_usv/src/usv_sim/workspace_gz/plugins/PublisherPlugin.cc:74:34:\x1b[m\x1b[K \x1b[01;35m\x1b[Kwarning: \x1b[m\x1b[Kunused parameter \xe2\x80\x98\x1b[01m\x1b[K_ecm\x1b[m\x1b[K\xe2\x80\x99 [\x1b[01;35m\x1b[K\x1b]8;;https://gcc.gnu.org/onlinedocs/gcc/Warning-Options.html#index-Wunused-parameter\x07-Wunused-parameter\x1b]8;;\x07\x1b[m\x1b[K]\n'}
[565.584172] (workspace_gz) StderrLine: {'line': b'   74 |     \x1b[01;35m\x1b[Ksim::EntityComponentManager &_ecm\x1b[m\x1b[K,\n'}
[565.584659] (workspace_gz) StderrLine: {'line': b'      |     \x1b[01;35m\x1b[K~~~~~~~~~~~~~~~~~~~~~~~~~~~~~^~~~\x1b[m\x1b[K\n'}
[565.598912] (workspace_gz) StderrLine: {'line': b'\x1b[01m\x1b[K/home/aliomacc/sti_usv/src/usv_sim/workspace_gz/plugins/PublisherPlugin.cc:\x1b[m\x1b[K In member function \xe2\x80\x98\x1b[01m\x1b[Kvirtual void vrx::PublisherPlugin::PreUpdate(const ignition::gazebo::v6::UpdateInfo&, ignition::gazebo::v6::EntityComponentManager&)\x1b[m\x1b[K\xe2\x80\x99:\n'}
[565.599660] (workspace_gz) StderrLine: {'line': b'\x1b[01m\x1b[K/home/aliomacc/sti_usv/src/usv_sim/workspace_gz/plugins/PublisherPlugin.cc:154:34:\x1b[m\x1b[K \x1b[01;35m\x1b[Kwarning: \x1b[m\x1b[Kunused parameter \xe2\x80\x98\x1b[01m\x1b[K_ecm\x1b[m\x1b[K\xe2\x80\x99 [\x1b[01;35m\x1b[K\x1b]8;;https://gcc.gnu.org/onlinedocs/gcc/Warning-Options.html#index-Wunused-parameter\x07-Wunused-parameter\x1b]8;;\x07\x1b[m\x1b[K]\n'}
[565.600239] (workspace_gz) StderrLine: {'line': b'  154 |     \x1b[01;35m\x1b[Ksim::EntityComponentManager &_ecm\x1b[m\x1b[K)\n'}
[565.600761] (workspace_gz) StderrLine: {'line': b'      |     \x1b[01;35m\x1b[K~~~~~~~~~~~~~~~~~~~~~~~~~~~~~^~~~\x1b[m\x1b[K\n'}
[565.643495] (-) TimerEvent: {}
[565.744327] (-) TimerEvent: {}
[565.845784] (-) TimerEvent: {}
[565.947717] (-) TimerEvent: {}
[566.054215] (-) TimerEvent: {}
[566.155137] (-) TimerEvent: {}
[566.202992] (workspace_gz) StderrLine: {'line': b'\x1b[01m\x1b[K/home/aliomacc/sti_usv/src/usv_sim/workspace_gz/plugins/PerceptionScoringPlugin.cc:\x1b[m\x1b[K In member function \xe2\x80\x98\x1b[01m\x1b[Kvoid vrx::PerceptionScoringPlugin::Implementation::ProcessAttempts(ignition::gazebo::v6::EntityComponentManager&)\x1b[m\x1b[K\xe2\x80\x99:\n'}
[566.205617] (workspace_gz) StderrLine: {'line': b'\x1b[01m\x1b[K/home/aliomacc/sti_usv/src/usv_sim/workspace_gz/plugins/PerceptionScoringPlugin.cc:363:25:\x1b[m\x1b[K \x1b[01;35m\x1b[Kwarning: \x1b[m\x1b[Kcomparison of integer expressions of different signedness: \xe2\x80\x98\x1b[01m\x1b[Kunsigned int\x1b[m\x1b[K\xe2\x80\x99 and \xe2\x80\x98\x1b[01m\x1b[Kint\x1b[m\x1b[K\xe2\x80\x99 [\x1b[01;35m\x1b[K\x1b]8;;https://gcc.gnu.org/onlinedocs/gcc/Warning-Options.html#index-Wsign-compare\x07-Wsign-compare\x1b]8;;\x07\x1b[m\x1b[K]\n'}
[566.206238] (workspace_gz) StderrLine: {'line': b'  363 |     for (auto i = 0u; \x1b[01;35m\x1b[Ki < _msg.header().data_size()\x1b[m\x1b[K; ++i)\n'}
[566.206775] (workspace_gz) StderrLine: {'line': b'      |                       \x1b[01;35m\x1b[K~~^~~~~~~~~~~~~~~~~~~~~~~~~~~\x1b[m\x1b[K\n'}
[566.255574] (-) TimerEvent: {}
[566.362161] (-) TimerEvent: {}
[566.464728] (-) TimerEvent: {}
[566.566734] (-) TimerEvent: {}
[566.614547] (workspace_gz) StderrLine: {'line': b'\x1b[01m\x1b[K/home/aliomacc/sti_usv/src/usv_sim/workspace_gz/plugins/ScanDockScoringPlugin.cc:\x1b[m\x1b[K In lambda function:\n'}
[566.619580] (workspace_gz) StderrLine: {'line': b'\x1b[01m\x1b[K/home/aliomacc/sti_usv/src/usv_sim/workspace_gz/plugins/ScanDockScoringPlugin.cc:837:33:\x1b[m\x1b[K \x1b[01;35m\x1b[Kwarning: \x1b[m\x1b[Kunused parameter \xe2\x80\x98\x1b[01m\x1b[K_res\x1b[m\x1b[K\xe2\x80\x99 [\x1b[01;35m\x1b[K\x1b]8;;https://gcc.gnu.org/onlinedocs/gcc/Warning-Options.html#index-Wunused-parameter\x07-Wunused-parameter\x1b]8;;\x07\x1b[m\x1b[K]\n'}
[566.620321] (workspace_gz) StderrLine: {'line': b'  837 | ](\x1b[01;35m\x1b[Kconst msgs::Boolean &_res\x1b[m\x1b[K, const bool)\n'}
[566.620850] (workspace_gz) StderrLine: {'line': b'      |   \x1b[01;35m\x1b[K~~~~~~~~~~~~~~~~~~~~~^~~~\x1b[m\x1b[K\n'}
[566.621342] (workspace_gz) StderrLine: {'line': b'\n'}
[566.666938] (-) TimerEvent: {}
[566.769154] (-) TimerEvent: {}
[566.871062] (-) TimerEvent: {}
[566.977520] (-) TimerEvent: {}
[567.078713] (-) TimerEvent: {}
[567.182458] (-) TimerEvent: {}
[567.256436] (workspace_gz) StderrLine: {'line': b'\x1b[01m\x1b[K/home/aliomacc/sti_usv/src/usv_sim/workspace_gz/plugins/PlacardPlugin.cc:\x1b[m\x1b[K In member function \xe2\x80\x98\x1b[01m\x1b[Kvirtual void vrx::PlacardPlugin::Configure(const Entity&, const std::shared_ptr<const sdf::v12::Element>&, ignition::gazebo::v6::EntityComponentManager&, ignition::gazebo::v6::EventManager&)\x1b[m\x1b[K\xe2\x80\x99:\n'}
[567.257206] (workspace_gz) StderrLine: {'line': b'\x1b[01m\x1b[K/home/aliomacc/sti_usv/src/usv_sim/workspace_gz/plugins/PlacardPlugin.cc:157:34:\x1b[m\x1b[K \x1b[01;35m\x1b[Kwarning: \x1b[m\x1b[Kunused parameter \xe2\x80\x98\x1b[01m\x1b[K_ecm\x1b[m\x1b[K\xe2\x80\x99 [\x1b[01;35m\x1b[K\x1b]8;;https://gcc.gnu.org/onlinedocs/gcc/Warning-Options.html#index-Wunused-parameter\x07-Wunused-parameter\x1b]8;;\x07\x1b[m\x1b[K]\n'}
[567.257685] (workspace_gz) StderrLine: {'line': b'  157 |     \x1b[01;35m\x1b[Ksim::EntityComponentManager &_ecm\x1b[m\x1b[K,\n'}
[567.258080] (workspace_gz) StderrLine: {'line': b'      |     \x1b[01;35m\x1b[K~~~~~~~~~~~~~~~~~~~~~~~~~~~~~^~~~\x1b[m\x1b[K\n'}
[567.285486] (-) TimerEvent: {}
[567.386378] (-) TimerEvent: {}
[567.488468] (-) TimerEvent: {}
[567.493427] (workspace_gz) StderrLine: {'line': b'\x1b[01m\x1b[K/home/aliomacc/sti_usv/src/usv_sim/workspace_gz/plugins/PlacardPlugin.cc:\x1b[m\x1b[K In member function \xe2\x80\x98\x1b[01m\x1b[Kvoid vrx::PlacardPlugin::Implementation::ChangeSymbol(const ignition::msgs::Empty&)\x1b[m\x1b[K\xe2\x80\x99:\n'}
[567.494167] (workspace_gz) StderrLine: {'line': b'\x1b[01m\x1b[K/home/aliomacc/sti_usv/src/usv_sim/workspace_gz/plugins/PlacardPlugin.cc:436:69:\x1b[m\x1b[K \x1b[01;35m\x1b[Kwarning: \x1b[m\x1b[Kunused parameter \xe2\x80\x98\x1b[01m\x1b[K_msg\x1b[m\x1b[K\xe2\x80\x99 [\x1b[01;35m\x1b[K\x1b]8;;https://gcc.gnu.org/onlinedocs/gcc/Warning-Options.html#index-Wunused-parameter\x07-Wunused-parameter\x1b]8;;\x07\x1b[m\x1b[K]\n'}
[567.494733] (workspace_gz) StderrLine: {'line': b'  436 | void PlacardPlugin::Implementation::ChangeSymbol(\x1b[01;35m\x1b[Kconst msgs::Empty &_msg\x1b[m\x1b[K)\n'}
[567.495241] (workspace_gz) StderrLine: {'line': b'      |                                                  \x1b[01;35m\x1b[K~~~~~~~~~~~~~~~~~~~^~~~\x1b[m\x1b[K\n'}
[567.591243] (-) TimerEvent: {}
[567.698967] (-) TimerEvent: {}
[567.801534] (-) TimerEvent: {}
[567.905524] (-) TimerEvent: {}
[568.009820] (-) TimerEvent: {}
[568.113121] (-) TimerEvent: {}
[568.215851] (-) TimerEvent: {}
[568.320531] (-) TimerEvent: {}
[568.422766] (-) TimerEvent: {}
[568.525898] (-) TimerEvent: {}
[568.628460] (-) TimerEvent: {}
[568.729283] (-) TimerEvent: {}
[568.839017] (-) TimerEvent: {}
[568.940227] (-) TimerEvent: {}
[569.041619] (-) TimerEvent: {}
[569.147178] (-) TimerEvent: {}
[569.258147] (-) TimerEvent: {}
[569.417103] (-) TimerEvent: {}
[569.517953] (-) TimerEvent: {}
[569.618897] (-) TimerEvent: {}
[569.727803] (-) TimerEvent: {}
[569.829478] (-) TimerEvent: {}
[569.936701] (-) TimerEvent: {}
[570.040485] (-) TimerEvent: {}
[570.147999] (-) TimerEvent: {}
[570.249424] (-) TimerEvent: {}
[570.353617] (-) TimerEvent: {}
[570.458070] (-) TimerEvent: {}
[570.564801] (-) TimerEvent: {}
[570.727082] (-) TimerEvent: {}
[570.829085] (-) TimerEvent: {}
[570.931648] (-) TimerEvent: {}
[571.035903] (-) TimerEvent: {}
[571.137144] (-) TimerEvent: {}
[571.240692] (-) TimerEvent: {}
[571.342133] (-) TimerEvent: {}
[571.446686] (-) TimerEvent: {}
[571.550053] (-) TimerEvent: {}
[571.657550] (-) TimerEvent: {}
[571.759143] (-) TimerEvent: {}
[571.863484] (-) TimerEvent: {}
[571.964468] (-) TimerEvent: {}
[572.066168] (-) TimerEvent: {}
[572.169463] (-) TimerEvent: {}
[572.270438] (-) TimerEvent: {}
[572.377282] (-) TimerEvent: {}
[572.482478] (-) TimerEvent: {}
[572.584724] (-) TimerEvent: {}
[572.688555] (-) TimerEvent: {}
[572.792564] (-) TimerEvent: {}
[572.893480] (-) TimerEvent: {}
[572.997513] (-) TimerEvent: {}
[573.098459] (-) TimerEvent: {}
[573.202494] (-) TimerEvent: {}
[573.306471] (-) TimerEvent: {}
[573.408210] (-) TimerEvent: {}
[573.514744] (-) TimerEvent: {}
[573.619485] (-) TimerEvent: {}
[573.726025] (-) TimerEvent: {}
[573.826985] (-) TimerEvent: {}
[573.934461] (-) TimerEvent: {}
[574.035576] (-) TimerEvent: {}
[574.142260] (-) TimerEvent: {}
[574.247470] (-) TimerEvent: {}
[574.351139] (-) TimerEvent: {}
[574.458467] (-) TimerEvent: {}
[574.559446] (-) TimerEvent: {}
[574.660486] (-) TimerEvent: {}
[574.763048] (-) TimerEvent: {}
[574.863912] (-) TimerEvent: {}
[574.971461] (-) TimerEvent: {}
[575.072337] (-) TimerEvent: {}
[575.175466] (-) TimerEvent: {}
[575.282570] (-) TimerEvent: {}
[575.383489] (-) TimerEvent: {}
[575.485726] (-) TimerEvent: {}
[575.592495] (-) TimerEvent: {}
[575.693614] (-) TimerEvent: {}
[575.795196] (-) TimerEvent: {}
[575.903172] (-) TimerEvent: {}
[576.004167] (-) TimerEvent: {}
[576.108239] (-) TimerEvent: {}
[576.212555] (-) TimerEvent: {}
[576.319456] (-) TimerEvent: {}
[576.424394] (-) TimerEvent: {}
[576.528459] (-) TimerEvent: {}
[576.629449] (-) TimerEvent: {}
[576.735742] (-) TimerEvent: {}
[576.836770] (-) TimerEvent: {}
[576.938507] (-) TimerEvent: {}
[577.043790] (-) TimerEvent: {}
[577.145013] (-) TimerEvent: {}
[577.250142] (-) TimerEvent: {}
[577.353269] (-) TimerEvent: {}
[577.455636] (-) TimerEvent: {}
[577.562902] (-) TimerEvent: {}
[577.665650] (-) TimerEvent: {}
[577.771800] (-) TimerEvent: {}
[577.876578] (-) TimerEvent: {}
[577.977780] (-) TimerEvent: {}
[578.082501] (-) TimerEvent: {}
[578.183495] (-) TimerEvent: {}
[578.287749] (-) TimerEvent: {}
[578.390490] (-) TimerEvent: {}
[578.494415] (-) TimerEvent: {}
[578.599082] (-) TimerEvent: {}
[578.706458] (-) TimerEvent: {}
[578.810818] (-) TimerEvent: {}
[578.917532] (-) TimerEvent: {}
[579.023658] (-) TimerEvent: {}
[579.133934] (-) TimerEvent: {}
[579.235002] (-) TimerEvent: {}
[579.341509] (-) TimerEvent: {}
[579.442555] (-) TimerEvent: {}
[579.543525] (-) TimerEvent: {}
[579.646339] (-) TimerEvent: {}
[579.749055] (-) TimerEvent: {}
[579.853493] (-) TimerEvent: {}
[579.959537] (-) TimerEvent: {}
[580.060679] (-) TimerEvent: {}
[580.163734] (-) TimerEvent: {}
[580.267521] (-) TimerEvent: {}
[580.370457] (-) TimerEvent: {}
[580.474667] (-) TimerEvent: {}
[580.588468] (-) TimerEvent: {}
[580.689385] (-) TimerEvent: {}
[580.792552] (-) TimerEvent: {}
[580.895639] (-) TimerEvent: {}
[581.001213] (-) TimerEvent: {}
[581.103932] (-) TimerEvent: {}
[581.207852] (-) TimerEvent: {}
[581.309078] (-) TimerEvent: {}
[581.414707] (-) TimerEvent: {}
[581.519316] (-) TimerEvent: {}
[581.624147] (-) TimerEvent: {}
[581.725436] (-) TimerEvent: {}
[581.827710] (-) TimerEvent: {}
[581.932714] (-) TimerEvent: {}
[582.037640] (-) TimerEvent: {}
[582.140191] (-) TimerEvent: {}
[582.243757] (-) TimerEvent: {}
[582.346790] (-) TimerEvent: {}
[582.450050] (-) TimerEvent: {}
[582.555758] (-) TimerEvent: {}
[582.661520] (-) TimerEvent: {}
[582.763287] (-) TimerEvent: {}
[582.870547] (-) TimerEvent: {}
[582.972469] (-) TimerEvent: {}
[583.074856] (-) TimerEvent: {}
[583.181458] (-) TimerEvent: {}
[583.284205] (-) TimerEvent: {}
[583.388055] (-) TimerEvent: {}
[583.491537] (-) TimerEvent: {}
[583.604531] (-) TimerEvent: {}
[583.705646] (-) TimerEvent: {}
[583.806670] (-) TimerEvent: {}
[583.909357] (-) TimerEvent: {}
[584.015438] (-) TimerEvent: {}
[584.118603] (-) TimerEvent: {}
[584.223456] (-) TimerEvent: {}
[584.327233] (-) TimerEvent: {}
[584.433796] (-) TimerEvent: {}
[584.534682] (-) TimerEvent: {}
[584.635753] (-) TimerEvent: {}
[584.741665] (-) TimerEvent: {}
[584.844149] (-) TimerEvent: {}
[584.947790] (-) TimerEvent: {}
[585.053463] (-) TimerEvent: {}
[585.155528] (-) TimerEvent: {}
[585.258475] (-) TimerEvent: {}
[585.364528] (-) TimerEvent: {}
[585.471877] (-) TimerEvent: {}
[585.577760] (-) TimerEvent: {}
[585.682812] (-) TimerEvent: {}
[585.785445] (-) TimerEvent: {}
[585.890398] (-) TimerEvent: {}
[585.993493] (-) TimerEvent: {}
[586.094786] (-) TimerEvent: {}
[586.201064] (-) TimerEvent: {}
[586.302762] (-) TimerEvent: {}
[586.407741] (-) TimerEvent: {}
[586.509337] (-) TimerEvent: {}
[586.613813] (-) TimerEvent: {}
[586.722686] (-) TimerEvent: {}
[586.823645] (-) TimerEvent: {}
[586.927926] (-) TimerEvent: {}
[587.028851] (-) TimerEvent: {}
[587.138458] (-) TimerEvent: {}
[587.239566] (-) TimerEvent: {}
[587.341742] (-) TimerEvent: {}
[587.448250] (-) TimerEvent: {}
[587.550242] (-) TimerEvent: {}
[587.656523] (-) TimerEvent: {}
[587.757741] (-) TimerEvent: {}
[587.858934] (-) TimerEvent: {}
[587.964153] (-) TimerEvent: {}
[588.066558] (-) TimerEvent: {}
[588.170494] (-) TimerEvent: {}
[588.271596] (-) TimerEvent: {}
[588.373522] (-) TimerEvent: {}
[588.478584] (-) TimerEvent: {}
[588.584609] (-) TimerEvent: {}
[588.686572] (-) TimerEvent: {}
[588.792728] (-) TimerEvent: {}
[588.894490] (-) TimerEvent: {}
[588.996527] (-) TimerEvent: {}
[589.103475] (-) TimerEvent: {}
[589.207784] (-) TimerEvent: {}
[589.309013] (-) TimerEvent: {}
[589.414670] (-) TimerEvent: {}
[589.518202] (-) TimerEvent: {}
[589.623359] (-) TimerEvent: {}
[589.728451] (-) TimerEvent: {}
[589.833615] (-) TimerEvent: {}
[589.934469] (-) TimerEvent: {}
[590.040561] (-) TimerEvent: {}
[590.143453] (-) TimerEvent: {}
[590.244531] (-) TimerEvent: {}
[590.356475] (-) TimerEvent: {}
[590.458649] (-) TimerEvent: {}
[590.564058] (-) TimerEvent: {}
[590.664962] (-) TimerEvent: {}
[590.765914] (-) TimerEvent: {}
[590.870040] (-) TimerEvent: {}
[590.974546] (-) TimerEvent: {}
[591.075663] (-) TimerEvent: {}
[591.178363] (-) TimerEvent: {}
[591.284720] (-) TimerEvent: {}
[591.385667] (-) TimerEvent: {}
[591.491225] (-) TimerEvent: {}
[591.594646] (-) TimerEvent: {}
[591.702924] (-) TimerEvent: {}
[591.805282] (-) TimerEvent: {}
[591.909748] (-) TimerEvent: {}
[592.014830] (-) TimerEvent: {}
[592.115782] (-) TimerEvent: {}
[592.216834] (-) TimerEvent: {}
[592.319368] (-) TimerEvent: {}
[592.422994] (-) TimerEvent: {}
[592.531482] (-) TimerEvent: {}
[592.632361] (-) TimerEvent: {}
[592.733204] (-) TimerEvent: {}
[592.837681] (-) TimerEvent: {}
[592.940535] (-) TimerEvent: {}
[593.041620] (-) TimerEvent: {}
[593.143727] (-) TimerEvent: {}
[593.247664] (-) TimerEvent: {}
[593.354980] (-) TimerEvent: {}
[593.461223] (-) TimerEvent: {}
[593.565778] (-) TimerEvent: {}
[593.668804] (-) TimerEvent: {}
[593.771565] (-) TimerEvent: {}
[593.874554] (-) TimerEvent: {}
[593.977834] (-) TimerEvent: {}
[594.081610] (-) TimerEvent: {}
[594.185456] (-) TimerEvent: {}
[594.286381] (-) TimerEvent: {}
[594.388526] (-) TimerEvent: {}
[594.491201] (-) TimerEvent: {}
[594.595541] (-) TimerEvent: {}
[594.696842] (-) TimerEvent: {}
[594.799403] (-) TimerEvent: {}
[594.901000] (-) TimerEvent: {}
[595.003198] (-) TimerEvent: {}
[595.107768] (-) TimerEvent: {}
[595.210280] (-) TimerEvent: {}
[595.316940] (-) TimerEvent: {}
[595.422565] (-) TimerEvent: {}
[595.525944] (-) TimerEvent: {}
[595.630712] (-) TimerEvent: {}
[595.732198] (-) TimerEvent: {}
[595.833451] (-) TimerEvent: {}
[595.934631] (-) TimerEvent: {}
[596.039124] (-) TimerEvent: {}
[596.142749] (-) TimerEvent: {}
[596.246490] (-) TimerEvent: {}
[596.347380] (-) TimerEvent: {}
[596.452473] (-) TimerEvent: {}
[596.553453] (-) TimerEvent: {}
[596.654313] (-) TimerEvent: {}
[596.756462] (-) TimerEvent: {}
[596.867556] (-) TimerEvent: {}
[596.975545] (-) TimerEvent: {}
[597.079519] (-) TimerEvent: {}
[597.181194] (-) TimerEvent: {}
[597.284846] (-) TimerEvent: {}
[597.386118] (-) TimerEvent: {}
[597.490764] (-) TimerEvent: {}
[597.591731] (-) TimerEvent: {}
[597.694656] (-) TimerEvent: {}
[597.795751] (-) TimerEvent: {}
[597.897827] (-) TimerEvent: {}
[597.999818] (-) TimerEvent: {}
[598.102498] (-) TimerEvent: {}
[598.205691] (-) TimerEvent: {}
[598.310646] (-) TimerEvent: {}
[598.413010] (-) TimerEvent: {}
[598.516006] (-) TimerEvent: {}
[598.617654] (-) TimerEvent: {}
[598.719047] (-) TimerEvent: {}
[598.820571] (-) TimerEvent: {}
[598.921778] (-) TimerEvent: {}
[599.028762] (-) TimerEvent: {}
[599.130648] (-) TimerEvent: {}
[599.234348] (-) TimerEvent: {}
[599.337967] (-) TimerEvent: {}
[599.483208] (-) TimerEvent: {}
[599.587472] (-) TimerEvent: {}
[599.688327] (-) TimerEvent: {}
[599.790875] (-) TimerEvent: {}
[599.896447] (-) TimerEvent: {}
[599.997396] (-) TimerEvent: {}
[600.099916] (-) TimerEvent: {}
[600.167683] (workspace_gz) StdoutLine: {'line': b'[ 94%] \x1b[32m\x1b[1mLinking CXX shared library libPublisherPlugin.so\x1b[0m\n'}
[600.200129] (-) TimerEvent: {}
[600.301370] (-) TimerEvent: {}
[600.403195] (-) TimerEvent: {}
[600.504662] (-) TimerEvent: {}
[600.605477] (-) TimerEvent: {}
[600.706776] (-) TimerEvent: {}
[600.807608] (-) TimerEvent: {}
[600.908604] (-) TimerEvent: {}
[601.009507] (-) TimerEvent: {}
[601.110478] (-) TimerEvent: {}
[601.211407] (-) TimerEvent: {}
[601.312471] (-) TimerEvent: {}
[601.413123] (-) TimerEvent: {}
[601.428936] (workspace_gz) StdoutLine: {'line': b'[ 94%] Built target PublisherPlugin\n'}
[601.513346] (-) TimerEvent: {}
[601.614210] (-) TimerEvent: {}
[601.715081] (-) TimerEvent: {}
[601.815927] (-) TimerEvent: {}
[601.917581] (-) TimerEvent: {}
[602.018398] (-) TimerEvent: {}
[602.119970] (-) TimerEvent: {}
[602.221028] (-) TimerEvent: {}
[602.321852] (-) TimerEvent: {}
[602.424468] (-) TimerEvent: {}
[602.525233] (-) TimerEvent: {}
[602.626017] (-) TimerEvent: {}
[602.726813] (-) TimerEvent: {}
[602.828210] (-) TimerEvent: {}
[602.929890] (-) TimerEvent: {}
[603.031245] (-) TimerEvent: {}
[603.136052] (-) TimerEvent: {}
[603.237439] (-) TimerEvent: {}
[603.338160] (-) TimerEvent: {}
[603.438968] (-) TimerEvent: {}
[603.539795] (-) TimerEvent: {}
[603.640468] (-) TimerEvent: {}
[603.741256] (-) TimerEvent: {}
[603.842051] (-) TimerEvent: {}
[603.942918] (-) TimerEvent: {}
[604.043728] (-) TimerEvent: {}
[604.144586] (-) TimerEvent: {}
[604.245447] (-) TimerEvent: {}
[604.346383] (-) TimerEvent: {}
[604.447232] (-) TimerEvent: {}
[604.548154] (-) TimerEvent: {}
[604.652538] (-) TimerEvent: {}
[604.753847] (-) TimerEvent: {}
[604.854825] (-) TimerEvent: {}
[604.958179] (-) TimerEvent: {}
[605.063202] (-) TimerEvent: {}
[605.164063] (-) TimerEvent: {}
[605.265388] (-) TimerEvent: {}
[605.366628] (-) TimerEvent: {}
[605.467458] (-) TimerEvent: {}
[605.568236] (-) TimerEvent: {}
[605.669053] (-) TimerEvent: {}
[605.770371] (-) TimerEvent: {}
[605.871459] (-) TimerEvent: {}
[605.972255] (-) TimerEvent: {}
[606.074012] (-) TimerEvent: {}
[606.174670] (-) TimerEvent: {}
[606.275560] (-) TimerEvent: {}
[606.376559] (-) TimerEvent: {}
[606.477344] (-) TimerEvent: {}
[606.578095] (-) TimerEvent: {}
[606.678918] (-) TimerEvent: {}
[606.779829] (-) TimerEvent: {}
[606.880705] (-) TimerEvent: {}
[606.981478] (-) TimerEvent: {}
[607.082255] (-) TimerEvent: {}
[607.183051] (-) TimerEvent: {}
[607.283853] (-) TimerEvent: {}
[607.385621] (-) TimerEvent: {}
[607.486742] (-) TimerEvent: {}
[607.590879] (-) TimerEvent: {}
[607.692087] (-) TimerEvent: {}
[607.793562] (-) TimerEvent: {}
[607.894469] (-) TimerEvent: {}
[607.995421] (-) TimerEvent: {}
[608.097183] (-) TimerEvent: {}
[608.198559] (-) TimerEvent: {}
[608.299441] (-) TimerEvent: {}
[608.400674] (-) TimerEvent: {}
[608.502259] (-) TimerEvent: {}
[608.603579] (-) TimerEvent: {}
[608.704468] (-) TimerEvent: {}
[608.806661] (-) TimerEvent: {}
[608.907610] (-) TimerEvent: {}
[609.010282] (-) TimerEvent: {}
[609.112105] (-) TimerEvent: {}
[609.213559] (-) TimerEvent: {}
[609.315864] (-) TimerEvent: {}
[609.417606] (-) TimerEvent: {}
[609.519239] (-) TimerEvent: {}
[609.621564] (-) TimerEvent: {}
[609.722883] (-) TimerEvent: {}
[609.824570] (-) TimerEvent: {}
[609.926704] (-) TimerEvent: {}
[610.028462] (-) TimerEvent: {}
[610.130516] (-) TimerEvent: {}
[610.232763] (-) TimerEvent: {}
[610.333786] (-) TimerEvent: {}
[610.434981] (-) TimerEvent: {}
[610.536024] (-) TimerEvent: {}
[610.637981] (-) TimerEvent: {}
[610.739199] (-) TimerEvent: {}
[610.840243] (-) TimerEvent: {}
[610.942023] (-) TimerEvent: {}
[611.043387] (-) TimerEvent: {}
[611.144372] (-) TimerEvent: {}
[611.149364] (workspace_gz) StdoutLine: {'line': b'[ 96%] \x1b[32m\x1b[1mLinking CXX shared library libPlacardPlugin.so\x1b[0m\n'}
[611.244885] (-) TimerEvent: {}
[611.346574] (-) TimerEvent: {}
[611.447681] (-) TimerEvent: {}
[611.548954] (-) TimerEvent: {}
[611.651174] (-) TimerEvent: {}
[611.752988] (-) TimerEvent: {}
[611.854205] (-) TimerEvent: {}
[611.955719] (-) TimerEvent: {}
[612.057042] (-) TimerEvent: {}
[612.158909] (-) TimerEvent: {}
[612.261075] (-) TimerEvent: {}
[612.362899] (-) TimerEvent: {}
[612.464021] (-) TimerEvent: {}
[612.565273] (-) TimerEvent: {}
[612.666599] (-) TimerEvent: {}
[612.767562] (-) TimerEvent: {}
[612.775544] (workspace_gz) StdoutLine: {'line': b'[ 96%] Built target PlacardPlugin\n'}
[612.867737] (-) TimerEvent: {}
[612.969462] (-) TimerEvent: {}
[613.070555] (-) TimerEvent: {}
[613.172153] (-) TimerEvent: {}
[613.273400] (-) TimerEvent: {}
[613.375184] (-) TimerEvent: {}
[613.476733] (-) TimerEvent: {}
[613.578755] (-) TimerEvent: {}
[613.679990] (-) TimerEvent: {}
[613.781264] (-) TimerEvent: {}
[613.883207] (-) TimerEvent: {}
[613.984123] (-) TimerEvent: {}
[614.085630] (-) TimerEvent: {}
[614.186939] (-) TimerEvent: {}
[614.288403] (-) TimerEvent: {}
[614.389576] (-) TimerEvent: {}
[614.490606] (-) TimerEvent: {}
[614.591883] (-) TimerEvent: {}
[614.693245] (-) TimerEvent: {}
[614.794154] (-) TimerEvent: {}
[614.895360] (-) TimerEvent: {}
[614.996551] (-) TimerEvent: {}
[615.098038] (-) TimerEvent: {}
[615.199679] (-) TimerEvent: {}
[615.300904] (-) TimerEvent: {}
[615.403242] (-) TimerEvent: {}
[615.504585] (-) TimerEvent: {}
[615.605396] (-) TimerEvent: {}
[615.706436] (-) TimerEvent: {}
[615.807385] (-) TimerEvent: {}
[615.908864] (-) TimerEvent: {}
[616.010420] (-) TimerEvent: {}
[616.111995] (-) TimerEvent: {}
[616.213166] (-) TimerEvent: {}
[616.314145] (-) TimerEvent: {}
[616.415479] (-) TimerEvent: {}
[616.516377] (-) TimerEvent: {}
[616.617252] (-) TimerEvent: {}
[616.718913] (-) TimerEvent: {}
[616.819867] (-) TimerEvent: {}
[616.876197] (workspace_gz) StdoutLine: {'line': b'[ 98%] \x1b[32m\x1b[1mLinking CXX shared library libPerceptionScoringPlugin.so\x1b[0m\n'}
[616.920445] (-) TimerEvent: {}
[617.021140] (-) TimerEvent: {}
[617.122440] (-) TimerEvent: {}
[617.226535] (-) TimerEvent: {}
[617.333371] (-) TimerEvent: {}
[617.436034] (-) TimerEvent: {}
[617.536946] (-) TimerEvent: {}
[617.640250] (-) TimerEvent: {}
[617.742099] (-) TimerEvent: {}
[617.843239] (-) TimerEvent: {}
[617.944992] (-) TimerEvent: {}
[618.046443] (-) TimerEvent: {}
[618.147615] (-) TimerEvent: {}
[618.248654] (-) TimerEvent: {}
[618.349934] (-) TimerEvent: {}
[618.451909] (-) TimerEvent: {}
[618.553440] (-) TimerEvent: {}
[618.655001] (-) TimerEvent: {}
[618.756186] (-) TimerEvent: {}
[618.847912] (workspace_gz) StdoutLine: {'line': b'[ 98%] Built target PerceptionScoringPlugin\n'}
[618.857762] (-) TimerEvent: {}
[618.958704] (-) TimerEvent: {}
[619.059553] (-) TimerEvent: {}
[619.160516] (-) TimerEvent: {}
[619.261607] (-) TimerEvent: {}
[619.363196] (-) TimerEvent: {}
[619.464733] (-) TimerEvent: {}
[619.565946] (-) TimerEvent: {}
[619.667609] (-) TimerEvent: {}
[619.768696] (-) TimerEvent: {}
[619.869754] (-) TimerEvent: {}
[619.970785] (-) TimerEvent: {}
[620.072257] (-) TimerEvent: {}
[620.173584] (-) TimerEvent: {}
[620.274919] (-) TimerEvent: {}
[620.376439] (-) TimerEvent: {}
[620.477856] (-) TimerEvent: {}
[620.578918] (-) TimerEvent: {}
[620.680027] (-) TimerEvent: {}
[620.780948] (-) TimerEvent: {}
[620.881876] (-) TimerEvent: {}
[620.982733] (-) TimerEvent: {}
[621.083611] (-) TimerEvent: {}
[621.184595] (-) TimerEvent: {}
[621.286017] (-) TimerEvent: {}
[621.386968] (-) TimerEvent: {}
[621.487791] (-) TimerEvent: {}
[621.588768] (-) TimerEvent: {}
[621.691148] (-) TimerEvent: {}
[621.792235] (-) TimerEvent: {}
[621.893931] (-) TimerEvent: {}
[621.995087] (-) TimerEvent: {}
[622.096232] (-) TimerEvent: {}
[622.197069] (-) TimerEvent: {}
[622.298031] (-) TimerEvent: {}
[622.399037] (-) TimerEvent: {}
[622.415224] (workspace_gz) StdoutLine: {'line': b'[100%] \x1b[32m\x1b[1mLinking CXX shared library libScanDockScoringPlugin.so\x1b[0m\n'}
[622.499267] (-) TimerEvent: {}
[622.600540] (-) TimerEvent: {}
[622.701742] (-) TimerEvent: {}
[622.802760] (-) TimerEvent: {}
[622.903883] (-) TimerEvent: {}
[623.004991] (-) TimerEvent: {}
[623.105915] (-) TimerEvent: {}
[623.207639] (-) TimerEvent: {}
[623.309123] (-) TimerEvent: {}
[623.410249] (-) TimerEvent: {}
[623.511786] (-) TimerEvent: {}
[623.613369] (-) TimerEvent: {}
[623.714840] (-) TimerEvent: {}
[623.815875] (-) TimerEvent: {}
[623.916797] (-) TimerEvent: {}
[624.017693] (-) TimerEvent: {}
[624.119218] (-) TimerEvent: {}
[624.165445] (workspace_gz) StdoutLine: {'line': b'[100%] Built target ScanDockScoringPlugin\n'}
[624.219436] (-) TimerEvent: {}
[624.232225] (workspace_gz) CommandEnded: {'returncode': 0}
[624.236860] (workspace_gz) JobProgress: {'identifier': 'workspace_gz', 'progress': 'install'}
[624.239045] (workspace_gz) Command: {'cmd': ['/usr/bin/cmake', '--install', '/home/aliomacc/sti_usv/build/workspace_gz'], 'cwd': '/home/aliomacc/sti_usv/build/workspace_gz', 'env': OrderedDict([('GJS_DEBUG_TOPICS', 'JS ERROR;JS LOG'), ('LESSOPEN', '| /usr/bin/lesspipe %s'), ('USER', 'aliomacc'), ('XDG_SESSION_TYPE', 'x11'), ('GIT_ASKPASS', '/usr/share/antigravity/resources/app/extensions/git/dist/askpass.sh'), ('SHLVL', '2'), ('LD_LIBRARY_PATH', '/home/aliomacc/ros2_ws/install/my_robot_interfaces/lib:/opt/ros/humble/opt/rviz_ogre_vendor/lib:/opt/ros/humble/lib/x86_64-linux-gnu:/opt/ros/humble/lib'), ('ANTIGRAVITY_CLI_ALIAS', 'agy'), ('HOME', '/home/aliomacc'), ('CHROME_DESKTOP', 'antigravity.desktop'), ('OLDPWD', '/home/aliomacc/sti_usv/src'), ('TERM_PROGRAM_VERSION', '1.107.0'), ('DESKTOP_SESSION', 'ubuntu-xorg'), ('GIO_LAUNCHED_DESKTOP_FILE', '/usr/share/applications/terminator.desktop'), ('ROS_PYTHON_VERSION', '3'), ('GNOME_SHELL_SESSION_MODE', 'ubuntu'), ('GTK_MODULES', 'gail:atk-bridge'), ('PAGER', 'cat'), ('VSCODE_GIT_ASKPASS_MAIN', '/usr/share/antigravity/resources/app/extensions/git/dist/askpass-main.js'), ('VSCODE_GIT_ASKPASS_NODE', '/usr/share/antigravity/antigravity'), ('MANAGERPID', '1107'), ('SYSTEMD_EXEC_PID', '1513'), ('VSCODE_PYTHON_AUTOACTIVATE_GUARD', '1'), ('DBUS_SESSION_BUS_ADDRESS', 'unix:path=/run/user/1000/bus'), ('COLORTERM', 'truecolor'), ('TERMINATOR_DBUS_NAME', 'net.tenshu.Terminator21a9d5db22c73a993ff0b42f64b396873'), ('ANTIGRAVITY_AGENT', '1'), ('GIO_LAUNCHED_DESKTOP_FILE_PID', '3247'), ('COLCON_PREFIX_PATH', '/home/aliomacc/turtlebot3_ws/install:/home/aliomacc/ros2_ws/install'), ('ROS_DISTRO', 'humble'), ('GTK_IM_MODULE', 'ibus'), ('LOGNAME', 'aliomacc'), ('JOURNAL_STREAM', '8:12760'), ('_', '/usr/bin/colcon'), ('ROS_VERSION', '2'), ('XDG_SESSION_CLASS', 'user'), ('USERNAME', 'aliomacc'), ('TERM', 'xterm-256color'), ('GNOME_DESKTOP_SESSION_ID', 'this-is-deprecated'), ('FC_FONTATIONS', '1'), ('ROS_LOCALHOST_ONLY', '0'), ('WINDOWPATH', '2'), ('PATH', '/home/aliomacc/.local/bin:/home/aliomacc/.local/bin:/opt/ros/humble/bin:/home/aliomacc/.local/bin:/usr/local/sbin:/usr/local/bin:/usr/sbin:/usr/bin:/sbin:/bin:/usr/games:/usr/local/games:/snap/bin:/snap/bin'), ('SESSION_MANAGER', 'local/aliomacc-Nitro-AN515-55:@/tmp/.ICE-unix/1486,unix/aliomacc-Nitro-AN515-55:/tmp/.ICE-unix/1486'), ('INVOCATION_ID', '2ac0e07445ff4cff8e4472503a387641'), ('XDG_MENU_PREFIX', 'gnome-'), ('XDG_RUNTIME_DIR', '/run/user/1000'), ('GDK_BACKEND', 'x11'), ('DISPLAY', ':0'), ('TERMINATOR_DBUS_PATH', '/net/tenshu/Terminator2'), ('LANG', 'tr_TR.UTF-8'), ('XDG_CURRENT_DESKTOP', 'ubuntu:GNOME'), ('IBUS_DISABLE_SNOOPER', '1'), ('XMODIFIERS', '@im=ibus'), ('XDG_SESSION_DESKTOP', 'ubuntu-xorg'), ('XAUTHORITY', '/run/user/1000/gdm/Xauthority'), ('LS_COLORS', 'rs=0:di=01;34:ln=01;36:mh=00:pi=40;33:so=01;35:do=01;35:bd=40;33;01:cd=40;33;01:or=40;31;01:mi=00:su=37;41:sg=30;43:ca=30;41:tw=30;42:ow=34;42:st=37;44:ex=01;32:*.tar=01;31:*.tgz=01;31:*.arc=01;31:*.arj=01;31:*.taz=01;31:*.lha=01;31:*.lz4=01;31:*.lzh=01;31:*.lzma=01;31:*.tlz=01;31:*.txz=01;31:*.tzo=01;31:*.t7z=01;31:*.zip=01;31:*.z=01;31:*.dz=01;31:*.gz=01;31:*.lrz=01;31:*.lz=01;31:*.lzo=01;31:*.xz=01;31:*.zst=01;31:*.tzst=01;31:*.bz2=01;31:*.bz=01;31:*.tbz=01;31:*.tbz2=01;31:*.tz=01;31:*.deb=01;31:*.rpm=01;31:*.jar=01;31:*.war=01;31:*.ear=01;31:*.sar=01;31:*.rar=01;31:*.alz=01;31:*.ace=01;31:*.zoo=01;31:*.cpio=01;31:*.7z=01;31:*.rz=01;31:*.cab=01;31:*.wim=01;31:*.swm=01;31:*.dwm=01;31:*.esd=01;31:*.jpg=01;35:*.jpeg=01;35:*.mjpg=01;35:*.mjpeg=01;35:*.gif=01;35:*.bmp=01;35:*.pbm=01;35:*.pgm=01;35:*.ppm=01;35:*.tga=01;35:*.xbm=01;35:*.xpm=01;35:*.tif=01;35:*.tiff=01;35:*.png=01;35:*.svg=01;35:*.svgz=01;35:*.mng=01;35:*.pcx=01;35:*.mov=01;35:*.mpg=01;35:*.mpeg=01;35:*.m2v=01;35:*.mkv=01;35:*.webm=01;35:*.webp=01;35:*.ogm=01;35:*.mp4=01;35:*.m4v=01;35:*.mp4v=01;35:*.vob=01;35:*.qt=01;35:*.nuv=01;35:*.wmv=01;35:*.asf=01;35:*.rm=01;35:*.rmvb=01;35:*.flc=01;35:*.avi=01;35:*.fli=01;35:*.flv=01;35:*.gl=01;35:*.dl=01;35:*.xcf=01;35:*.xwd=01;35:*.yuv=01;35:*.cgm=01;35:*.emf=01;35:*.ogv=01;35:*.ogx=01;35:*.aac=00;36:*.au=00;36:*.flac=00;36:*.m4a=00;36:*.mid=00;36:*.midi=00;36:*.mka=00;36:*.mp3=00;36:*.mpc=00;36:*.ogg=00;36:*.ra=00;36:*.wav=00;36:*.oga=00;36:*.opus=00;36:*.spx=00;36:*.xspf=00;36:'), ('VSCODE_GIT_IPC_HANDLE', '/run/user/1000/vscode-git-c5327147f8.sock'), ('TERM_PROGRAM', 'vscode'), ('SSH_AGENT_LAUNCHER', 'gnome-keyring'), ('SSH_AUTH_SOCK', '/run/user/1000/keyring/ssh'), ('AMENT_PREFIX_PATH', '/home/aliomacc/turtlebot3_ws/install/turtlebot3_simulations:/home/aliomacc/turtlebot3_ws/install/turtlebot3_manipulation_gazebo:/home/aliomacc/turtlebot3_ws/install/turtlebot3_gazebo:/home/aliomacc/turtlebot3_ws/install/turtlebot3_fake_node:/home/aliomacc/ros2_ws/install/actions_py:/home/aliomacc/ros2_ws/install/my_robot_interfaces:/home/aliomacc/ros2_ws/install/my_robot_description:/home/aliomacc/ros2_ws/install/my_robot_bringup:/home/aliomacc/ros2_ws/install/lifecycle_py:/home/aliomacc/ros2_ws/install/lifecycle_cpp:/opt/ros/humble'), ('SHELL', '/bin/bash'), ('TERMINATOR_UUID', 'urn:uuid:e17eb614-94fe-45ad-b942-6e10beee66f6'), ('QT_ACCESSIBILITY', '1'), ('GDMSESSION', 'ubuntu-xorg'), ('LESSCLOSE', '/usr/bin/lesspipe %s %s'), ('GPG_AGENT_INFO', '/run/user/1000/gnupg/S.gpg-agent:0:1'), ('GJS_DEBUG_OUTPUT', 'stderr'), ('VSCODE_GIT_ASKPASS_EXTRA_ARGS', ''), ('QT_IM_MODULE', 'ibus'), ('PWD', '/home/aliomacc/sti_usv/build/workspace_gz'), ('TURTLEBOT3_MODEL', 'waffle'), ('XDG_CONFIG_DIRS', '/etc/xdg/xdg-ubuntu-xorg:/etc/xdg'), ('XDG_DATA_DIRS', '/usr/share/ubuntu-xorg:/usr/share/gnome:/home/aliomacc/.local/share/flatpak/exports/share:/var/lib/flatpak/exports/share:/usr/local/share/:/usr/share/:/var/lib/snapd/desktop'), ('PYTHONPATH', '/home/aliomacc/ros2_ws/install/actions_py/lib/python3.10/site-packages:/home/aliomacc/ros2_ws/install/my_robot_interfaces/local/lib/python3.10/dist-packages:/home/aliomacc/ros2_ws/install/lifecycle_py/lib/python3.10/site-packages:/opt/ros/humble/lib/python3.10/site-packages:/opt/ros/humble/local/lib/python3.10/dist-packages'), ('COLCON', '1'), ('VTE_VERSION', '6800'), ('CMAKE_PREFIX_PATH', '/home/aliomacc/turtlebot3_ws/install/turtlebot3_simulations:/home/aliomacc/turtlebot3_ws/install/turtlebot3_manipulation_gazebo:/home/aliomacc/turtlebot3_ws/install/turtlebot3_gazebo:/home/aliomacc/turtlebot3_ws/install/turtlebot3_fake_node:/home/aliomacc/ros2_ws/install/my_robot_interfaces:/home/aliomacc/ros2_ws/install/my_robot_description:/home/aliomacc/ros2_ws/install/my_robot_bringup:/home/aliomacc/ros2_ws/install/lifecycle_cpp:/home/aliomacc/ros2_ws/install/actions_py:/home/aliomacc/ros2_ws/install/lifecycle_py:/opt/ros/humble')]), 'shell': False}
[624.276663] (workspace_gz) StdoutLine: {'line': b'-- Install configuration: "Release"\n'}
[624.280325] (workspace_gz) StdoutLine: {'line': b'-- Execute custom install script\n'}
[624.282311] (workspace_gz) StdoutLine: {'line': b'-- Up-to-date symlink: /home/aliomacc/sti_usv/install/workspace_gz/lib/workspace_gz/libWaves.so\n'}
[624.283465] (workspace_gz) StdoutLine: {'line': b'-- Up-to-date symlink: /home/aliomacc/sti_usv/install/workspace_gz/lib/workspace_gz/libScoringPlugin.so\n'}
[624.284652] (workspace_gz) StdoutLine: {'line': b'-- Up-to-date symlink: /home/aliomacc/sti_usv/install/workspace_gz/lib/workspace_gz/libSimpleHydrodynamics.so\n'}
[624.286611] (workspace_gz) StdoutLine: {'line': b'-- Up-to-date symlink: /home/aliomacc/sti_usv/install/workspace_gz/lib/workspace_gz/libPolyhedraBuoyancyDrag.so\n'}
[624.287551] (workspace_gz) StdoutLine: {'line': b'-- Up-to-date symlink: /home/aliomacc/sti_usv/install/workspace_gz/lib/workspace_gz/libSurface.so\n'}
[624.288220] (workspace_gz) StdoutLine: {'line': b'-- Up-to-date symlink: /home/aliomacc/sti_usv/install/workspace_gz/lib/workspace_gz/libUSVWind.so\n'}
[624.289096] (workspace_gz) StdoutLine: {'line': b'-- Up-to-date symlink: /home/aliomacc/sti_usv/install/workspace_gz/lib/workspace_gz/libWaveVisual.so\n'}
[624.290286] (workspace_gz) StdoutLine: {'line': b'-- Up-to-date symlink: /home/aliomacc/sti_usv/install/workspace_gz/lib/workspace_gz/libStationkeepingScoringPlugin.so\n'}
[624.291472] (workspace_gz) StdoutLine: {'line': b'-- Up-to-date symlink: /home/aliomacc/sti_usv/install/workspace_gz/lib/workspace_gz/libWayfindingScoringPlugin.so\n'}
[624.292398] (workspace_gz) StdoutLine: {'line': b'-- Up-to-date symlink: /home/aliomacc/sti_usv/install/workspace_gz/lib/workspace_gz/libAcousticPerceptionScoringPlugin.so\n'}
[624.293596] (workspace_gz) StdoutLine: {'line': b'-- Up-to-date symlink: /home/aliomacc/sti_usv/install/workspace_gz/lib/workspace_gz/libAcousticTrackingScoringPlugin.so\n'}
[624.294258] (workspace_gz) StdoutLine: {'line': b'-- Up-to-date symlink: /home/aliomacc/sti_usv/install/workspace_gz/lib/workspace_gz/libAcousticPingerPlugin.so\n'}
[624.295119] (workspace_gz) StdoutLine: {'line': b'-- Up-to-date symlink: /home/aliomacc/sti_usv/install/workspace_gz/lib/workspace_gz/libBallShooterPlugin.so\n'}
[624.296031] (workspace_gz) StdoutLine: {'line': b'-- Up-to-date symlink: /home/aliomacc/sti_usv/install/workspace_gz/lib/workspace_gz/libLightBuoyPlugin.so\n'}
[624.297217] (workspace_gz) StdoutLine: {'line': b'-- Up-to-date symlink: /home/aliomacc/sti_usv/install/workspace_gz/lib/workspace_gz/libNavigationScoringPlugin.so\n'}
[624.298641] (workspace_gz) StdoutLine: {'line': b'-- Up-to-date symlink: /home/aliomacc/sti_usv/install/workspace_gz/lib/workspace_gz/libGymkhanaScoringPlugin.so\n'}
[624.300582] (workspace_gz) StdoutLine: {'line': b'-- Up-to-date symlink: /home/aliomacc/sti_usv/install/workspace_gz/lib/workspace_gz/libPerceptionScoringPlugin.so\n'}
[624.301361] (workspace_gz) StdoutLine: {'line': b'-- Up-to-date symlink: /home/aliomacc/sti_usv/install/workspace_gz/lib/workspace_gz/libPlacardPlugin.so\n'}
[624.302453] (workspace_gz) StdoutLine: {'line': b'-- Up-to-date symlink: /home/aliomacc/sti_usv/install/workspace_gz/lib/workspace_gz/libPublisherPlugin.so\n'}
[624.303274] (workspace_gz) StdoutLine: {'line': b'-- Up-to-date symlink: /home/aliomacc/sti_usv/install/workspace_gz/lib/workspace_gz/libScanDockScoringPlugin.so\n'}
[624.304120] (workspace_gz) StdoutLine: {'line': b'-- Up-to-date symlink: /home/aliomacc/sti_usv/install/workspace_gz/lib/workspace_gz/libWildlifeScoringPlugin.so\n'}
[624.305918] (workspace_gz) StdoutLine: {'line': b'-- Up-to-date symlink: /home/aliomacc/sti_usv/install/workspace_gz/share/workspace_gz/launch/simulation.launch.py\n'}
[624.313244] (workspace_gz) StdoutLine: {'line': b'-- Up-to-date symlink: /home/aliomacc/sti_usv/install/workspace_gz/share/workspace_gz/models/buoys/marker_buoy_black/materials/textures/MarkerBuoy_Base_Color.png\n'}
[624.315041] (workspace_gz) StdoutLine: {'line': b'-- Up-to-date symlink: /home/aliomacc/sti_usv/install/workspace_gz/share/workspace_gz/models/buoys/marker_buoy_black/materials/textures/MarkerBuoy_Roughness.png\n'}
[624.315782] (workspace_gz) StdoutLine: {'line': b'-- Up-to-date symlink: /home/aliomacc/sti_usv/install/workspace_gz/share/workspace_gz/models/buoys/marker_buoy_black/meshes/marker_buoy.dae\n'}
[624.316419] (workspace_gz) StdoutLine: {'line': b'-- Up-to-date symlink: /home/aliomacc/sti_usv/install/workspace_gz/share/workspace_gz/models/buoys/marker_buoy_black/model.config\n'}
[624.316952] (workspace_gz) StdoutLine: {'line': b'-- Up-to-date symlink: /home/aliomacc/sti_usv/install/workspace_gz/share/workspace_gz/models/buoys/marker_buoy_black/model.sdf\n'}
[624.317549] (workspace_gz) StdoutLine: {'line': b'-- Up-to-date symlink: /home/aliomacc/sti_usv/install/workspace_gz/share/workspace_gz/models/buoys/marker_buoy_green/materials/textures/MarkerBuoy_Base_Color.png\n'}
[624.318626] (workspace_gz) StdoutLine: {'line': b'-- Up-to-date symlink: /home/aliomacc/sti_usv/install/workspace_gz/share/workspace_gz/models/buoys/marker_buoy_green/materials/textures/MarkerBuoy_Roughness.png\n'}
[624.319512] (-) TimerEvent: {}
[624.321181] (workspace_gz) StdoutLine: {'line': b'-- Up-to-date symlink: /home/aliomacc/sti_usv/install/workspace_gz/share/workspace_gz/models/buoys/marker_buoy_green/meshes/marker_buoy.dae\n'}
[624.322499] (workspace_gz) StdoutLine: {'line': b'-- Up-to-date symlink: /home/aliomacc/sti_usv/install/workspace_gz/share/workspace_gz/models/buoys/marker_buoy_green/model.config\n'}
[624.322984] (workspace_gz) StdoutLine: {'line': b'-- Up-to-date symlink: /home/aliomacc/sti_usv/install/workspace_gz/share/workspace_gz/models/buoys/marker_buoy_green/model.sdf\n'}
[624.323311] (workspace_gz) StdoutLine: {'line': b'-- Up-to-date symlink: /home/aliomacc/sti_usv/install/workspace_gz/share/workspace_gz/models/buoys/marker_buoy_orange/materials/textures/MarkerBuoy_Base_Color.png\n'}
[624.323941] (workspace_gz) StdoutLine: {'line': b'-- Up-to-date symlink: /home/aliomacc/sti_usv/install/workspace_gz/share/workspace_gz/models/buoys/marker_buoy_orange/materials/textures/MarkerBuoy_Roughness.png\n'}
[624.324426] (workspace_gz) StdoutLine: {'line': b'-- Up-to-date symlink: /home/aliomacc/sti_usv/install/workspace_gz/share/workspace_gz/models/buoys/marker_buoy_orange/meshes/marker_buoy.dae\n'}
[624.325165] (workspace_gz) StdoutLine: {'line': b'-- Up-to-date symlink: /home/aliomacc/sti_usv/install/workspace_gz/share/workspace_gz/models/buoys/marker_buoy_orange/model.config\n'}
[624.326079] (workspace_gz) StdoutLine: {'line': b'-- Up-to-date symlink: /home/aliomacc/sti_usv/install/workspace_gz/share/workspace_gz/models/buoys/marker_buoy_orange/model.sdf\n'}
[624.327306] (workspace_gz) StdoutLine: {'line': b'-- Up-to-date symlink: /home/aliomacc/sti_usv/install/workspace_gz/share/workspace_gz/models/buoys/marker_buoy_red/materials/textures/MarkerBuoy_Base_Color.png\n'}
[624.328197] (workspace_gz) StdoutLine: {'line': b'-- Up-to-date symlink: /home/aliomacc/sti_usv/install/workspace_gz/share/workspace_gz/models/buoys/marker_buoy_red/materials/textures/MarkerBuoy_Roughness.png\n'}
[624.329751] (workspace_gz) StdoutLine: {'line': b'-- Up-to-date symlink: /home/aliomacc/sti_usv/install/workspace_gz/share/workspace_gz/models/buoys/marker_buoy_red/meshes/marker_buoy.dae\n'}
[624.330488] (workspace_gz) StdoutLine: {'line': b'-- Up-to-date symlink: /home/aliomacc/sti_usv/install/workspace_gz/share/workspace_gz/models/buoys/marker_buoy_red/model.config\n'}
[624.331122] (workspace_gz) StdoutLine: {'line': b'-- Up-to-date symlink: /home/aliomacc/sti_usv/install/workspace_gz/share/workspace_gz/models/buoys/marker_buoy_red/model.sdf\n'}
[624.331729] (workspace_gz) StdoutLine: {'line': b'-- Up-to-date symlink: /home/aliomacc/sti_usv/install/workspace_gz/share/workspace_gz/models/buoys/marker_buoy_yellow/materials/textures/MarkerBuoy_Base_Color.png\n'}
[624.332326] (workspace_gz) StdoutLine: {'line': b'-- Up-to-date symlink: /home/aliomacc/sti_usv/install/workspace_gz/share/workspace_gz/models/buoys/marker_buoy_yellow/materials/textures/MarkerBuoy_Roughness.png\n'}
[624.333274] (workspace_gz) StdoutLine: {'line': b'-- Up-to-date symlink: /home/aliomacc/sti_usv/install/workspace_gz/share/workspace_gz/models/buoys/marker_buoy_yellow/meshes/marker_buoy.dae\n'}
[624.334396] (workspace_gz) StdoutLine: {'line': b'-- Up-to-date symlink: /home/aliomacc/sti_usv/install/workspace_gz/share/workspace_gz/models/buoys/marker_buoy_yellow/model.config\n'}
[624.335029] (workspace_gz) StdoutLine: {'line': b'-- Up-to-date symlink: /home/aliomacc/sti_usv/install/workspace_gz/share/workspace_gz/models/buoys/marker_buoy_yellow/model.sdf\n'}
[624.336493] (workspace_gz) StdoutLine: {'line': b'-- Up-to-date symlink: /home/aliomacc/sti_usv/install/workspace_gz/share/workspace_gz/models/buoys/round_buoy_orange/materials/textures/RoundBarrierBuoy_Base_Color.png\n'}
[624.337408] (workspace_gz) StdoutLine: {'line': b'-- Up-to-date symlink: /home/aliomacc/sti_usv/install/workspace_gz/share/workspace_gz/models/buoys/round_buoy_orange/materials/textures/RoundBarrierBuoy_Roughness.png\n'}
[624.337992] (workspace_gz) StdoutLine: {'line': b'-- Up-to-date symlink: /home/aliomacc/sti_usv/install/workspace_gz/share/workspace_gz/models/buoys/round_buoy_orange/meshes/round_buoy.dae\n'}
[624.338769] (workspace_gz) StdoutLine: {'line': b'-- Up-to-date symlink: /home/aliomacc/sti_usv/install/workspace_gz/share/workspace_gz/models/buoys/round_buoy_orange/model.config\n'}
[624.339676] (workspace_gz) StdoutLine: {'line': b'-- Up-to-date symlink: /home/aliomacc/sti_usv/install/workspace_gz/share/workspace_gz/models/buoys/round_buoy_orange/model.sdf\n'}
[624.340315] (workspace_gz) StdoutLine: {'line': b'-- Up-to-date symlink: /home/aliomacc/sti_usv/install/workspace_gz/share/workspace_gz/models/roboboat/materials/textures/roboboat_albedo.png\n'}
[624.341704] (workspace_gz) StdoutLine: {'line': b'-- Up-to-date symlink: /home/aliomacc/sti_usv/install/workspace_gz/share/workspace_gz/models/roboboat/materials/textures/roboboat_metalness.png\n'}
[624.342918] (workspace_gz) StdoutLine: {'line': b'-- Up-to-date symlink: /home/aliomacc/sti_usv/install/workspace_gz/share/workspace_gz/models/roboboat/materials/textures/roboboat_normal.png\n'}
[624.343646] (workspace_gz) StdoutLine: {'line': b'-- Up-to-date symlink: /home/aliomacc/sti_usv/install/workspace_gz/share/workspace_gz/models/roboboat/materials/textures/roboboat_roughness.png\n'}
[624.344446] (workspace_gz) StdoutLine: {'line': b'-- Up-to-date symlink: /home/aliomacc/sti_usv/install/workspace_gz/share/workspace_gz/models/roboboat/materials/textures/thruster_albedo.png\n'}
[624.345187] (workspace_gz) StdoutLine: {'line': b'-- Up-to-date symlink: /home/aliomacc/sti_usv/install/workspace_gz/share/workspace_gz/models/roboboat/materials/textures/thruster_roughness.png\n'}
[624.346236] (workspace_gz) StdoutLine: {'line': b'-- Up-to-date symlink: /home/aliomacc/sti_usv/install/workspace_gz/share/workspace_gz/models/roboboat/meshes/housing.dae\n'}
[624.347145] (workspace_gz) StdoutLine: {'line': b'-- Up-to-date symlink: /home/aliomacc/sti_usv/install/workspace_gz/share/workspace_gz/models/roboboat/meshes/mount.dae\n'}
[624.348216] (workspace_gz) StdoutLine: {'line': b'-- Up-to-date symlink: /home/aliomacc/sti_usv/install/workspace_gz/share/workspace_gz/models/roboboat/meshes/prop.dae\n'}
[624.349201] (workspace_gz) StdoutLine: {'line': b'-- Up-to-date symlink: /home/aliomacc/sti_usv/install/workspace_gz/share/workspace_gz/models/roboboat/meshes/roboboat.dae\n'}
[624.350086] (workspace_gz) StdoutLine: {'line': b'-- Up-to-date symlink: /home/aliomacc/sti_usv/install/workspace_gz/share/workspace_gz/models/roboboat/sensors/camera/materials/textures/camera.png\n'}
[624.350764] (workspace_gz) StdoutLine: {'line': b'-- Up-to-date symlink: /home/aliomacc/sti_usv/install/workspace_gz/share/workspace_gz/models/roboboat/sensors/camera/materials/textures/camera_albedo.png\n'}
[624.351217] (workspace_gz) StdoutLine: {'line': b'-- Up-to-date symlink: /home/aliomacc/sti_usv/install/workspace_gz/share/workspace_gz/models/roboboat/sensors/camera/materials/textures/camera_metalness.png\n'}
[624.351884] (workspace_gz) StdoutLine: {'line': b'-- Up-to-date symlink: /home/aliomacc/sti_usv/install/workspace_gz/share/workspace_gz/models/roboboat/sensors/camera/materials/textures/camera_normal.png\n'}
[624.352761] (workspace_gz) StdoutLine: {'line': b'-- Up-to-date symlink: /home/aliomacc/sti_usv/install/workspace_gz/share/workspace_gz/models/roboboat/sensors/camera/materials/textures/camera_roughness.png\n'}
[624.353374] (workspace_gz) StdoutLine: {'line': b'-- Up-to-date symlink: /home/aliomacc/sti_usv/install/workspace_gz/share/workspace_gz/models/roboboat/sensors/camera/meshes/camera.dae\n'}
[624.354565] (workspace_gz) StdoutLine: {'line': b'-- Up-to-date symlink: /home/aliomacc/sti_usv/install/workspace_gz/share/workspace_gz/models/roboboat/sensors/camera/meshes/camera_albedo.png\n'}
[624.355394] (workspace_gz) StdoutLine: {'line': b'-- Up-to-date symlink: /home/aliomacc/sti_usv/install/workspace_gz/share/workspace_gz/models/roboboat/sensors/camera_post/materials/textures/post_albedo.png\n'}
[624.356398] (workspace_gz) StdoutLine: {'line': b'-- Up-to-date symlink: /home/aliomacc/sti_usv/install/workspace_gz/share/workspace_gz/models/roboboat/sensors/camera_post/meshes/post.dae\n'}
[624.356950] (workspace_gz) StdoutLine: {'line': b'-- Up-to-date symlink: /home/aliomacc/sti_usv/install/workspace_gz/share/workspace_gz/models/roboboat/sensors/camera_post/meshes/post_albedo.jpg\n'}
[624.357425] (workspace_gz) StdoutLine: {'line': b'-- Up-to-date symlink: /home/aliomacc/sti_usv/install/workspace_gz/share/workspace_gz/models/roboboat/sensors/drybox/materials/textures/drybox_albedo.png\n'}
[624.358080] (workspace_gz) StdoutLine: {'line': b'-- Up-to-date symlink: /home/aliomacc/sti_usv/install/workspace_gz/share/workspace_gz/models/roboboat/sensors/drybox/materials/textures/drybox_roughness.png\n'}
[624.358658] (workspace_gz) StdoutLine: {'line': b'-- Up-to-date symlink: /home/aliomacc/sti_usv/install/workspace_gz/share/workspace_gz/models/roboboat/sensors/drybox/meshes/drybox.dae\n'}
[624.359199] (workspace_gz) StdoutLine: {'line': b'-- Up-to-date symlink: /home/aliomacc/sti_usv/install/workspace_gz/share/workspace_gz/models/roboboat/sensors/gps/materials/textures/gps_albedo.png\n'}
[624.359918] (workspace_gz) StdoutLine: {'line': b'-- Up-to-date symlink: /home/aliomacc/sti_usv/install/workspace_gz/share/workspace_gz/models/roboboat/sensors/gps/meshes/gps.dae\n'}
[624.360493] (workspace_gz) StdoutLine: {'line': b'-- Up-to-date symlink: /home/aliomacc/sti_usv/install/workspace_gz/share/workspace_gz/models/roboboat/sensors/gps/meshes/gps_albedo.png\n'}
[624.361420] (workspace_gz) StdoutLine: {'line': b'-- Up-to-date symlink: /home/aliomacc/sti_usv/install/workspace_gz/share/workspace_gz/models/roboboat/sensors/lidar/materials/textures/lidar.png\n'}
[624.362233] (workspace_gz) StdoutLine: {'line': b'-- Up-to-date symlink: /home/aliomacc/sti_usv/install/workspace_gz/share/workspace_gz/models/roboboat/sensors/lidar/materials/textures/lidar_albedo.png\n'}
[624.363379] (workspace_gz) StdoutLine: {'line': b'-- Up-to-date symlink: /home/aliomacc/sti_usv/install/workspace_gz/share/workspace_gz/models/roboboat/sensors/lidar/materials/textures/lidar_metalness.png\n'}
[624.364026] (workspace_gz) StdoutLine: {'line': b'-- Up-to-date symlink: /home/aliomacc/sti_usv/install/workspace_gz/share/workspace_gz/models/roboboat/sensors/lidar/materials/textures/lidar_normal.png\n'}
[624.364705] (workspace_gz) StdoutLine: {'line': b'-- Up-to-date symlink: /home/aliomacc/sti_usv/install/workspace_gz/share/workspace_gz/models/roboboat/sensors/lidar/materials/textures/lidar_roughness.png\n'}
[624.365345] (workspace_gz) StdoutLine: {'line': b'-- Up-to-date symlink: /home/aliomacc/sti_usv/install/workspace_gz/share/workspace_gz/models/roboboat/sensors/lidar/meshes/lidar.dae\n'}
[624.366088] (workspace_gz) StdoutLine: {'line': b'-- Up-to-date symlink: /home/aliomacc/sti_usv/install/workspace_gz/share/workspace_gz/models/roboboat/sensors/lidar/meshes/lidar_albedo.png\n'}
[624.367140] (workspace_gz) StdoutLine: {'line': b'-- Up-to-date symlink: /home/aliomacc/sti_usv/install/workspace_gz/share/workspace_gz/models/roboboat/sensors/lidar_post/materials/textures/post_albedo.png\n'}
[624.368234] (workspace_gz) StdoutLine: {'line': b'-- Up-to-date symlink: /home/aliomacc/sti_usv/install/workspace_gz/share/workspace_gz/models/roboboat/sensors/lidar_post/meshes/post.dae\n'}
[624.368910] (workspace_gz) StdoutLine: {'line': b'-- Up-to-date symlink: /home/aliomacc/sti_usv/install/workspace_gz/share/workspace_gz/models/roboboat/sensors/lidar_post/meshes/post_albedo.jpg\n'}
[624.369460] (workspace_gz) StdoutLine: {'line': b'-- Up-to-date symlink: /home/aliomacc/sti_usv/install/workspace_gz/share/workspace_gz/models/waves/materials/programs/GerstnerWaves_fs_330.glsl\n'}
[624.370412] (workspace_gz) StdoutLine: {'line': b'-- Up-to-date symlink: /home/aliomacc/sti_usv/install/workspace_gz/share/workspace_gz/models/waves/materials/programs/GerstnerWaves_vs_330.glsl\n'}
[624.371070] (workspace_gz) StdoutLine: {'line': b'-- Up-to-date symlink: /home/aliomacc/sti_usv/install/workspace_gz/share/workspace_gz/models/waves/materials/textures/skybox_lowres.dds\n'}
[624.371482] (workspace_gz) StdoutLine: {'line': b'-- Up-to-date symlink: /home/aliomacc/sti_usv/install/workspace_gz/share/workspace_gz/models/waves/materials/textures/wave_normals.dds\n'}
[624.371946] (workspace_gz) StdoutLine: {'line': b'-- Up-to-date symlink: /home/aliomacc/sti_usv/install/workspace_gz/share/workspace_gz/models/waves/meshes/waterlow.dae\n'}
[624.372467] (workspace_gz) StdoutLine: {'line': b'-- Up-to-date symlink: /home/aliomacc/sti_usv/install/workspace_gz/share/workspace_gz/models/waves/model.config\n'}
[624.373170] (workspace_gz) StdoutLine: {'line': b'-- Up-to-date symlink: /home/aliomacc/sti_usv/install/workspace_gz/share/workspace_gz/models/waves/model.sdf\n'}
[624.373775] (workspace_gz) StdoutLine: {'line': b'-- Up-to-date symlink: /home/aliomacc/sti_usv/install/workspace_gz/share/workspace_gz/worlds/world.sdf\n'}
[624.375249] (workspace_gz) StdoutLine: {'line': b'-- Up-to-date symlink: /home/aliomacc/sti_usv/install/workspace_gz/share/workspace_gz/description/roboboat/roboboat.xacro\n'}
[624.376499] (workspace_gz) StdoutLine: {'line': b'-- Up-to-date symlink: /home/aliomacc/sti_usv/install/workspace_gz/share/ament_index/resource_index/package_run_dependencies/workspace_gz\n'}
[624.377786] (workspace_gz) StdoutLine: {'line': b'-- Up-to-date symlink: /home/aliomacc/sti_usv/install/workspace_gz/share/ament_index/resource_index/parent_prefix_path/workspace_gz\n'}
[624.378518] (workspace_gz) StdoutLine: {'line': b'-- Up-to-date symlink: /home/aliomacc/sti_usv/install/workspace_gz/share/workspace_gz/environment/ament_prefix_path.sh\n'}
[624.379252] (workspace_gz) StdoutLine: {'line': b'-- Up-to-date symlink: /home/aliomacc/sti_usv/install/workspace_gz/share/workspace_gz/environment/ament_prefix_path.dsv\n'}
[624.379930] (workspace_gz) StdoutLine: {'line': b'-- Up-to-date symlink: /home/aliomacc/sti_usv/install/workspace_gz/share/workspace_gz/environment/path.sh\n'}
[624.380772] (workspace_gz) StdoutLine: {'line': b'-- Up-to-date symlink: /home/aliomacc/sti_usv/install/workspace_gz/share/workspace_gz/environment/path.dsv\n'}
[624.381795] (workspace_gz) StdoutLine: {'line': b'-- Up-to-date symlink: /home/aliomacc/sti_usv/install/workspace_gz/share/workspace_gz/local_setup.bash\n'}
[624.382709] (workspace_gz) StdoutLine: {'line': b'-- Up-to-date symlink: /home/aliomacc/sti_usv/install/workspace_gz/share/workspace_gz/local_setup.sh\n'}
[624.383521] (workspace_gz) StdoutLine: {'line': b'-- Up-to-date symlink: /home/aliomacc/sti_usv/install/workspace_gz/share/workspace_gz/local_setup.zsh\n'}
[624.384857] (workspace_gz) StdoutLine: {'line': b'-- Up-to-date symlink: /home/aliomacc/sti_usv/install/workspace_gz/share/workspace_gz/local_setup.dsv\n'}
[624.385776] (workspace_gz) StdoutLine: {'line': b'-- Symlinking: /home/aliomacc/sti_usv/install/workspace_gz/share/workspace_gz/package.dsv\n'}
[624.419684] (-) TimerEvent: {}
[624.432382] (workspace_gz) StdoutLine: {'line': b'-- Up-to-date symlink: /home/aliomacc/sti_usv/install/workspace_gz/share/ament_index/resource_index/packages/workspace_gz\n'}
[624.433690] (workspace_gz) StdoutLine: {'line': b'-- Up-to-date symlink: /home/aliomacc/sti_usv/install/workspace_gz/share/workspace_gz/cmake/workspace_gzConfig.cmake\n'}
[624.434441] (workspace_gz) StdoutLine: {'line': b'-- Up-to-date symlink: /home/aliomacc/sti_usv/install/workspace_gz/share/workspace_gz/cmake/workspace_gzConfig-version.cmake\n'}
[624.435184] (workspace_gz) StdoutLine: {'line': b'-- Up-to-date symlink: /home/aliomacc/sti_usv/install/workspace_gz/share/workspace_gz/package.xml\n'}
[624.443048] (workspace_gz) CommandEnded: {'returncode': 0}
[624.520042] (-) TimerEvent: {}
[624.533398] (workspace_gz) JobEnded: {'identifier': 'workspace_gz', 'rc': 0}
[624.539062] (-) EventReactorShutdown: {}
