[0.000000] (-) TimerEvent: {}
[0.000426] (-) JobUnselected: {'identifier': 'workspace_nav'}
[0.000456] (-) JobUnselected: {'identifier': 'workspace_ros'}
[0.000483] (workspace_gz) JobQueued: {'identifier': 'workspace_gz', 'dependencies': OrderedDict()}
[0.000635] (workspace_gz) JobStarted: {'identifier': 'workspace_gz'}
[0.009566] (workspace_gz) JobProgress: {'identifier': 'workspace_gz', 'progress': 'cmake'}
[0.009923] (workspace_gz) Command: {'cmd': ['/usr/bin/cmake', '/home/aliomacc/sti_usv/src/usv_sim/workspace_gz', '-DAMENT_CMAKE_SYMLINK_INSTALL=1', '-DCMAKE_INSTALL_PREFIX=/home/aliomacc/sti_usv/install/workspace_gz'], 'cwd': '/home/aliomacc/sti_usv/build/workspace_gz', 'env': OrderedDict([('GJS_DEBUG_TOPICS', 'JS ERROR;JS LOG'), ('LESSOPEN', '| /usr/bin/lesspipe %s'), ('USER', 'aliomacc'), ('XDG_SESSION_TYPE', 'x11'), ('SHLVL', '1'), ('LD_LIBRARY_PATH', '/home/aliomacc/ros2_ws/install/my_robot_interfaces/lib:/opt/ros/humble/opt/rviz_ogre_vendor/lib:/opt/ros/humble/lib/x86_64-linux-gnu:/opt/ros/humble/lib'), ('HOME', '/home/aliomacc'), ('OLDPWD', '/home/aliomacc/sti_usv'), ('DESKTOP_SESSION', 'ubuntu-xorg'), ('GIO_LAUNCHED_DESKTOP_FILE', '/usr/share/applications/terminator.desktop'), ('ROS_PYTHON_VERSION', '3'), ('GNOME_SHELL_SESSION_MODE', 'ubuntu'), ('GTK_MODULES', 'gail:atk-bridge'), ('MANAGERPID', '1119'), ('SYSTEMD_EXEC_PID', '1535'), ('DBUS_SESSION_BUS_ADDRESS', 'unix:path=/run/user/1000/bus'), ('COLORTERM', 'truecolor'), ('TERMINATOR_DBUS_NAME', 'net.tenshu.Terminator21a9d5db22c73a993ff0b42f64b396873'), ('GIO_LAUNCHED_DESKTOP_FILE_PID', '3448'), ('COLCON_PREFIX_PATH', '/home/aliomacc/sti_usv/install:/home/aliomacc/turtlebot3_ws/install:/home/aliomacc/ros2_ws/install'), ('ROS_DISTRO', 'humble'), ('GTK_IM_MODULE', 'ibus'), ('LOGNAME', 'aliomacc'), ('JOURNAL_STREAM', '8:12878'), ('_', '/usr/bin/colcon'), ('ROS_VERSION', '2'), ('XDG_SESSION_CLASS', 'user'), ('USERNAME', 'aliomacc'), ('TERM', 'xterm-256color'), ('GNOME_DESKTOP_SESSION_ID', 'this-is-deprecated'), ('ROS_LOCALHOST_ONLY', '0'), ('WINDOWPATH', '2'), ('PATH', '/home/aliomacc/.local/bin:/opt/ros/humble/bin:/home/aliomacc/.local/bin:/usr/local/sbin:/usr/local/bin:/usr/sbin:/usr/bin:/sbin:/bin:/usr/games:/usr/local/games:/snap/bin:/snap/bin'), ('SESSION_MANAGER', 'local/aliomacc-Nitro-AN515-55:@/tmp/.ICE-unix/1477,unix/aliomacc-Nitro-AN515-55:/tmp/.ICE-unix/1477'), ('INVOCATION_ID', '8bb2c71350dd440785a65a077b4f78af'), ('XDG_MENU_PREFIX', 'gnome-'), ('XDG_RUNTIME_DIR', '/run/user/1000'), ('DISPLAY', ':0'), ('TERMINATOR_DBUS_PATH', '/net/tenshu/Terminator2'), ('LANG', 'tr_TR.UTF-8'), ('XDG_CURRENT_DESKTOP', 'ubuntu:GNOME'), ('IBUS_DISABLE_SNOOPER', '1'), ('XMODIFIERS', '@im=ibus'), ('XDG_SESSION_DESKTOP', 'ubuntu-xorg'), ('XAUTHORITY', '/run/user/1000/gdm/Xauthority'), ('LS_COLORS', 'rs=0:di=01;34:ln=01;36:mh=00:pi=40;33:so=01;35:do=01;35:bd=40;33;01:cd=40;33;01:or=40;31;01:mi=00:su=37;41:sg=30;43:ca=30;41:tw=30;42:ow=34;42:st=37;44:ex=01;32:*.tar=01;31:*.tgz=01;31:*.arc=01;31:*.arj=01;31:*.taz=01;31:*.lha=01;31:*.lz4=01;31:*.lzh=01;31:*.lzma=01;31:*.tlz=01;31:*.txz=01;31:*.tzo=01;31:*.t7z=01;31:*.zip=01;31:*.z=01;31:*.dz=01;31:*.gz=01;31:*.lrz=01;31:*.lz=01;31:*.lzo=01;31:*.xz=01;31:*.zst=01;31:*.tzst=01;31:*.bz2=01;31:*.bz=01;31:*.tbz=01;31:*.tbz2=01;31:*.tz=01;31:*.deb=01;31:*.rpm=01;31:*.jar=01;31:*.war=01;31:*.ear=01;31:*.sar=01;31:*.rar=01;31:*.alz=01;31:*.ace=01;31:*.zoo=01;31:*.cpio=01;31:*.7z=01;31:*.rz=01;31:*.cab=01;31:*.wim=01;31:*.swm=01;31:*.dwm=01;31:*.esd=01;31:*.jpg=01;35:*.jpeg=01;35:*.mjpg=01;35:*.mjpeg=01;35:*.gif=01;35:*.bmp=01;35:*.pbm=01;35:*.pgm=01;35:*.ppm=01;35:*.tga=01;35:*.xbm=01;35:*.xpm=01;35:*.tif=01;35:*.tiff=01;35:*.png=01;35:*.svg=01;35:*.svgz=01;35:*.mng=01;35:*.pcx=01;35:*.mov=01;35:*.mpg=01;35:*.mpeg=01;35:*.m2v=01;35:*.mkv=01;35:*.webm=01;35:*.webp=01;35:*.ogm=01;35:*.mp4=01;35:*.m4v=01;35:*.mp4v=01;35:*.vob=01;35:*.qt=01;35:*.nuv=01;35:*.wmv=01;35:*.asf=01;35:*.rm=01;35:*.rmvb=01;35:*.flc=01;35:*.avi=01;35:*.fli=01;35:*.flv=01;35:*.gl=01;35:*.dl=01;35:*.xcf=01;35:*.xwd=01;35:*.yuv=01;35:*.cgm=01;35:*.emf=01;35:*.ogv=01;35:*.ogx=01;35:*.aac=00;36:*.au=00;36:*.flac=00;36:*.m4a=00;36:*.mid=00;36:*.midi=00;36:*.mka=00;36:*.mp3=00;36:*.mpc=00;36:*.ogg=00;36:*.ra=00;36:*.wav=00;36:*.oga=00;36:*.opus=00;36:*.spx=00;36:*.xspf=00;36:'), ('SSH_AGENT_LAUNCHER', 'gnome-keyring'), ('SSH_AUTH_SOCK', '/run/user/1000/keyring/ssh'), ('AMENT_PREFIX_PATH', '/home/aliomacc/turtlebot3_ws/install/turtlebot3_simulations:/home/aliomacc/turtlebot3_ws/install/turtlebot3_manipulation_gazebo:/home/aliomacc/turtlebot3_ws/install/turtlebot3_gazebo:/home/aliomacc/turtlebot3_ws/install/turtlebot3_fake_node:/home/aliomacc/ros2_ws/install/actions_py:/home/aliomacc/ros2_ws/install/my_robot_interfaces:/home/aliomacc/ros2_ws/install/my_robot_description:/home/aliomacc/ros2_ws/install/my_robot_bringup:/home/aliomacc/ros2_ws/install/lifecycle_py:/home/aliomacc/ros2_ws/install/lifecycle_cpp:/opt/ros/humble'), ('SHELL', '/bin/bash'), ('TERMINATOR_UUID', 'urn:uuid:32fde568-3ee8-49c9-8756-c8696b50bded'), ('QT_ACCESSIBILITY', '1'), ('GDMSESSION', 'ubuntu-xorg'), ('LESSCLOSE', '/usr/bin/lesspipe %s %s'), ('GPG_AGENT_INFO', '/run/user/1000/gnupg/S.gpg-agent:0:1'), ('GJS_DEBUG_OUTPUT', 'stderr'), ('QT_IM_MODULE', 'ibus'), ('PWD', '/home/aliomacc/sti_usv/build/workspace_gz'), ('TURTLEBOT3_MODEL', 'waffle'), ('XDG_CONFIG_DIRS', '/etc/xdg/xdg-ubuntu-xorg:/etc/xdg'), ('XDG_DATA_DIRS', '/usr/share/ubuntu-xorg:/usr/share/gnome:/home/aliomacc/.local/share/flatpak/exports/share:/var/lib/flatpak/exports/share:/usr/local/share/:/usr/share/:/var/lib/snapd/desktop'), ('PYTHONPATH', '/home/aliomacc/ros2_ws/install/actions_py/lib/python3.10/site-packages:/home/aliomacc/ros2_ws/install/my_robot_interfaces/local/lib/python3.10/dist-packages:/home/aliomacc/ros2_ws/install/lifecycle_py/lib/python3.10/site-packages:/opt/ros/humble/lib/python3.10/site-packages:/opt/ros/humble/local/lib/python3.10/dist-packages'), ('COLCON', '1'), ('VTE_VERSION', '6800'), ('CMAKE_PREFIX_PATH', '/home/aliomacc/turtlebot3_ws/install/turtlebot3_simulations:/home/aliomacc/turtlebot3_ws/install/turtlebot3_manipulation_gazebo:/home/aliomacc/turtlebot3_ws/install/turtlebot3_gazebo:/home/aliomacc/turtlebot3_ws/install/turtlebot3_fake_node:/home/aliomacc/ros2_ws/install/my_robot_interfaces:/home/aliomacc/ros2_ws/install/my_robot_description:/home/aliomacc/ros2_ws/install/my_robot_bringup:/home/aliomacc/ros2_ws/install/lifecycle_cpp:/home/aliomacc/ros2_ws/install/actions_py:/home/aliomacc/ros2_ws/install/lifecycle_py:/opt/ros/humble')]), 'shell': False}
[0.066187] (workspace_gz) StdoutLine: {'line': b'-- The C compiler identification is GNU 11.4.0\n'}
[0.099676] (-) TimerEvent: {}
[0.125197] (workspace_gz) StdoutLine: {'line': b'-- The CXX compiler identification is GNU 11.4.0\n'}
[0.133815] (workspace_gz) StdoutLine: {'line': b'-- Detecting C compiler ABI info\n'}
[0.195282] (workspace_gz) StdoutLine: {'line': b'-- Detecting C compiler ABI info - done\n'}
[0.199746] (-) TimerEvent: {}
[0.203382] (workspace_gz) StdoutLine: {'line': b'-- Check for working C compiler: /usr/bin/cc - skipped\n'}
[0.203627] (workspace_gz) StdoutLine: {'line': b'-- Detecting C compile features\n'}
[0.203999] (workspace_gz) StdoutLine: {'line': b'-- Detecting C compile features - done\n'}
[0.207046] (workspace_gz) StdoutLine: {'line': b'-- Detecting CXX compiler ABI info\n'}
[0.281497] (workspace_gz) StdoutLine: {'line': b'-- Detecting CXX compiler ABI info - done\n'}
[0.290282] (workspace_gz) StdoutLine: {'line': b'-- Check for working CXX compiler: /usr/bin/c++ - skipped\n'}
[0.290555] (workspace_gz) StdoutLine: {'line': b'-- Detecting CXX compile features\n'}
[0.291050] (workspace_gz) StdoutLine: {'line': b'-- Detecting CXX compile features - done\n'}
[0.294188] (workspace_gz) StdoutLine: {'line': b'-- Found ament_cmake: 1.3.12 (/opt/ros/humble/share/ament_cmake/cmake)\n'}
[0.299820] (-) TimerEvent: {}
[0.400014] (-) TimerEvent: {}
[0.455888] (workspace_gz) StdoutLine: {'line': b'-- Found Python3: /usr/bin/python3 (found version "3.10.12") found components: Interpreter \n'}
[0.500100] (-) TimerEvent: {}
[0.520138] (workspace_gz) StdoutLine: {'line': b'-- Override CMake install command with custom implementation using symlinks instead of copying resources\n'}
[0.559148] (workspace_gz) StdoutLine: {'line': b'-- Looking for ignition-gazebo6 -- found version 6.17.1\n'}
[0.565141] (workspace_gz) StdoutLine: {'line': b'-- Searching for dependencies of ignition-gazebo6\n'}
[0.567589] (workspace_gz) StdoutLine: {'line': b'-- Looking for sdformat12 -- found version 12.9.0\n'}
[0.567988] (workspace_gz) StdoutLine: {'line': b'-- Searching for dependencies of sdformat12\n'}
[0.572201] (workspace_gz) StdoutLine: {'line': b"-- Checking for module 'tinyxml2'\n"}
[0.583383] (workspace_gz) StdoutLine: {'line': b'--   Found tinyxml2, version 9.0.0\n'}
[0.600212] (-) TimerEvent: {}
[0.612845] (workspace_gz) StdoutLine: {'line': b'-- Looking for ignition-math6 -- found version 6.15.1\n'}
[0.613314] (workspace_gz) StdoutLine: {'line': b'-- Searching for dependencies of ignition-math6\n'}
[0.616725] (workspace_gz) StdoutLine: {'line': b'-- Looking for ignition-utils1 -- found version 1.5.1\n'}
[0.617332] (workspace_gz) StdoutLine: {'line': b'-- Searching for dependencies of ignition-utils1\n'}
[0.621513] (workspace_gz) StdoutLine: {'line': b'-- Looking for ignition-plugin1 -- found version 1.4.0\n'}
[0.621900] (workspace_gz) StdoutLine: {'line': b'-- Searching for dependencies of ignition-plugin1\n'}
[0.622301] (workspace_gz) StdoutLine: {'line': b'-- Searching for <ignition-plugin1> component [loader]\n'}
[0.625135] (workspace_gz) StdoutLine: {'line': b'-- Looking for ignition-plugin1-loader -- found version 1.4.0\n'}
[0.625630] (workspace_gz) StdoutLine: {'line': b'-- Searching for dependencies of ignition-plugin1-loader\n'}
[0.626078] (workspace_gz) StdoutLine: {'line': b'-- Searching for <ignition-plugin1> component [register]\n'}
[0.628909] (workspace_gz) StdoutLine: {'line': b'-- Looking for ignition-plugin1-register -- found version 1.4.0\n'}
[0.629585] (workspace_gz) StdoutLine: {'line': b'-- Searching for dependencies of ignition-plugin1-register\n'}
[0.633666] (workspace_gz) StdoutLine: {'line': b'-- Looking for ignition-transport11 -- found version 11.4.2\n'}
[0.634041] (workspace_gz) StdoutLine: {'line': b'-- Searching for dependencies of ignition-transport11\n'}
[0.700306] (-) TimerEvent: {}
[0.798318] (workspace_gz) StdoutLine: {'line': b'-- Found Protobuf: /usr/lib/x86_64-linux-gnu/libprotobuf.so (found version "3.12.4") \n'}
[0.800371] (-) TimerEvent: {}
[0.810389] (workspace_gz) StdoutLine: {'line': b'-- Config-file not installed for ZeroMQ -- checking for pkg-config\n'}
[0.814343] (workspace_gz) StdoutLine: {'line': b"-- Checking for module 'libzmq >= 4'\n"}
[0.824360] (workspace_gz) StdoutLine: {'line': b'--   Found libzmq , version 4.3.4\n'}
[0.855890] (workspace_gz) StdoutLine: {'line': b'-- Found ZeroMQ: TRUE (Required is at least version "4") \n'}
[0.860710] (workspace_gz) StdoutLine: {'line': b"-- Checking for module 'uuid'\n"}
[0.872806] (workspace_gz) StdoutLine: {'line': b'--   Found uuid, version 2.37.2\n'}
[0.897999] (workspace_gz) StdoutLine: {'line': b'-- Found UUID: TRUE  \n'}
[0.898292] (workspace_gz) StdoutLine: {'line': b'-- Looking for ignition-utils1 -- found version 1.5.1\n'}
[0.898872] (workspace_gz) StdoutLine: {'line': b'-- Searching for dependencies of ignition-utils1\n'}
[0.898992] (workspace_gz) StdoutLine: {'line': b'-- Searching for <ignition-utils1> component [cli]\n'}
[0.900433] (-) TimerEvent: {}
[0.901731] (workspace_gz) StdoutLine: {'line': b'-- Looking for ignition-utils1-cli -- found version 1.5.1\n'}
[0.902151] (workspace_gz) StdoutLine: {'line': b'-- Searching for dependencies of ignition-utils1-cli\n'}
[0.905505] (workspace_gz) StdoutLine: {'line': b'-- Looking for ignition-msgs8 -- found version 8.7.0\n'}
[0.905933] (workspace_gz) StdoutLine: {'line': b'-- Searching for dependencies of ignition-msgs8\n'}
[0.926876] (workspace_gz) StdoutLine: {'line': b'-- Found Protobuf: /usr/lib/x86_64-linux-gnu/libprotobuf.so (found suitable version "3.12.4", minimum required is "3") \n'}
[0.927672] (workspace_gz) StdoutLine: {'line': b'-- Looking for ignition-math6 -- found version 6.15.1\n'}
[0.941027] (workspace_gz) StdoutLine: {'line': b'-- Searching for <ignition-transport11> component [log]\n'}
[0.943854] (workspace_gz) StdoutLine: {'line': b'-- Looking for ignition-transport11-log -- found version 11.4.2\n'}
[0.944284] (workspace_gz) StdoutLine: {'line': b'-- Searching for dependencies of ignition-transport11-log\n'}
[0.944740] (workspace_gz) StdoutLine: {'line': b'-- Searching for <ignition-transport11> component [parameters]\n'}
[0.947716] (workspace_gz) StdoutLine: {'line': b'-- Looking for ignition-transport11-parameters -- found version 11.4.2\n'}
[0.948171] (workspace_gz) StdoutLine: {'line': b'-- Searching for dependencies of ignition-transport11-parameters\n'}
[0.949103] (workspace_gz) StdoutLine: {'line': b'-- Looking for ignition-msgs8 -- found version 8.7.0\n'}
[0.952249] (workspace_gz) StdoutLine: {'line': b'-- Looking for ignition-common4 -- found version 4.8.0\n'}
[0.952657] (workspace_gz) StdoutLine: {'line': b'-- Searching for dependencies of ignition-common4\n'}
[0.952940] (workspace_gz) StdoutLine: {'line': b'-- Looking for dlfcn.h - found\n'}
[0.953988] (workspace_gz) StdoutLine: {'line': b'-- Looking for libdl - found\n'}
[0.955310] (workspace_gz) StdoutLine: {'line': b'-- Found DL: TRUE  \n'}
[0.963505] (workspace_gz) StdoutLine: {'line': b'-- Searching for <ignition-common4> component [profiler]\n'}
[0.966373] (workspace_gz) StdoutLine: {'line': b'-- Looking for ignition-common4-profiler -- found version 4.8.0\n'}
[0.966859] (workspace_gz) StdoutLine: {'line': b'-- Searching for dependencies of ignition-common4-profiler\n'}
[0.967280] (workspace_gz) StdoutLine: {'line': b'-- Searching for <ignition-common4> component [events]\n'}
[0.970053] (workspace_gz) StdoutLine: {'line': b'-- Looking for ignition-common4-events -- found version 4.8.0\n'}
[0.970468] (workspace_gz) StdoutLine: {'line': b'-- Searching for dependencies of ignition-common4-events\n'}
[0.970837] (workspace_gz) StdoutLine: {'line': b'-- Looking for ignition-math6 -- found version 6.15.1\n'}
[0.971324] (workspace_gz) StdoutLine: {'line': b'-- Searching for <ignition-common4> component [av]\n'}
[0.974027] (workspace_gz) StdoutLine: {'line': b'-- Looking for ignition-common4-av -- found version 4.8.0\n'}
[0.974438] (workspace_gz) StdoutLine: {'line': b'-- Searching for dependencies of ignition-common4-av\n'}
[0.978826] (workspace_gz) StdoutLine: {'line': b"-- Checking for module 'libswscale'\n"}
[0.988617] (workspace_gz) StdoutLine: {'line': b'--   Found libswscale, version 5.9.100\n'}
[1.000539] (-) TimerEvent: {}
[1.015971] (workspace_gz) StdoutLine: {'line': b'-- Found SWSCALE: TRUE  \n'}
[1.020785] (workspace_gz) StdoutLine: {'line': b"-- Checking for module 'libavdevice >= 56.4.100'\n"}
[1.034277] (workspace_gz) StdoutLine: {'line': b'--   Found libavdevice , version 58.13.100\n'}
[1.066222] (workspace_gz) StdoutLine: {'line': b'-- Found AVDEVICE: TRUE (Required is at least version "56.4.100") \n'}
[1.070989] (workspace_gz) StdoutLine: {'line': b"-- Checking for module 'libavformat'\n"}
[1.083862] (workspace_gz) StdoutLine: {'line': b'--   Found libavformat, version 58.76.100\n'}
[1.100640] (-) TimerEvent: {}
[1.110829] (workspace_gz) StdoutLine: {'line': b'-- Found AVFORMAT: TRUE  \n'}
[1.115756] (workspace_gz) StdoutLine: {'line': b"-- Checking for module 'libavcodec'\n"}
[1.127852] (workspace_gz) StdoutLine: {'line': b'--   Found libavcodec, version 58.134.100\n'}
[1.156817] (workspace_gz) StdoutLine: {'line': b'-- Found AVCODEC: TRUE  \n'}
[1.161816] (workspace_gz) StdoutLine: {'line': b"-- Checking for module 'libavutil'\n"}
[1.173392] (workspace_gz) StdoutLine: {'line': b'--   Found libavutil, version 56.70.100\n'}
[1.198853] (workspace_gz) StdoutLine: {'line': b'-- Found AVUTIL: TRUE  \n'}
[1.200717] (-) TimerEvent: {}
[1.202575] (workspace_gz) StdoutLine: {'line': b'-- Looking for ignition-fuel_tools7 -- found version 7.3.1\n'}
[1.203133] (workspace_gz) StdoutLine: {'line': b'-- Searching for dependencies of ignition-fuel_tools7\n'}
[1.274651] (workspace_gz) StdoutLine: {'line': b'-- Found CURL: /usr/lib/x86_64-linux-gnu/libcurl.so (found version "7.81.0")  \n'}
[1.283456] (workspace_gz) StdoutLine: {'line': b"-- Checking for module 'jsoncpp'\n"}
[1.297808] (workspace_gz) StdoutLine: {'line': b'--   Found jsoncpp, version 1.9.5\n'}
[1.300791] (-) TimerEvent: {}
[1.324926] (workspace_gz) StdoutLine: {'line': b'-- Found JSONCPP: TRUE  \n'}
[1.333500] (workspace_gz) StdoutLine: {'line': b"-- Checking for module 'libzip'\n"}
[1.345028] (workspace_gz) StdoutLine: {'line': b'--   Found libzip, version 1.7.3\n'}
[1.373465] (workspace_gz) StdoutLine: {'line': b'-- Found ZIP: TRUE  \n'}
[1.374031] (workspace_gz) StdoutLine: {'line': b'-- Looking for ignition-common4 -- found version 4.8.0\n'}
[1.374651] (workspace_gz) StdoutLine: {'line': b'-- Looking for ignition-math6 -- found version 6.15.1\n'}
[1.375124] (workspace_gz) StdoutLine: {'line': b'-- Looking for ignition-msgs8 -- found version 8.7.0\n'}
[1.379028] (workspace_gz) StdoutLine: {'line': b'-- Looking for ignition-gui6 -- found version 6.9.0\n'}
[1.379456] (workspace_gz) StdoutLine: {'line': b'-- Searching for dependencies of ignition-gui6\n'}
[1.397088] (workspace_gz) StdoutLine: {'line': b'-- Found Protobuf: /usr/lib/x86_64-linux-gnu/libprotobuf.so (found version "3.12.4") \n'}
[1.400863] (-) TimerEvent: {}
[1.403784] (workspace_gz) StdoutLine: {'line': b'-- Looking for ignition-math6 -- found version 6.15.1\n'}
[1.404172] (workspace_gz) StdoutLine: {'line': b'-- Looking for ignition-common4 -- found version 4.8.0\n'}
[1.404600] (workspace_gz) StdoutLine: {'line': b'-- Looking for ignition-plugin1 -- found version 1.4.0\n'}
[1.405003] (workspace_gz) StdoutLine: {'line': b'-- Looking for ignition-transport11 -- found version 11.4.2\n'}
[1.407775] (workspace_gz) StdoutLine: {'line': b'-- Looking for ignition-rendering6 -- found version 6.6.4\n'}
[1.408205] (workspace_gz) StdoutLine: {'line': b'-- Searching for dependencies of ignition-rendering6\n'}
[1.408468] (workspace_gz) StdoutLine: {'line': b'-- Looking for ignition-math6 -- found version 6.15.1\n'}
[1.408943] (workspace_gz) StdoutLine: {'line': b'-- Searching for dependencies of ignition-math6\n'}
[1.409087] (workspace_gz) StdoutLine: {'line': b'-- Searching for <ignition-math6> component [eigen3]\n'}
[1.411575] (workspace_gz) StdoutLine: {'line': b'-- Looking for ignition-math6-eigen3 -- found version 6.15.1\n'}
[1.412028] (workspace_gz) StdoutLine: {'line': b'-- Searching for dependencies of ignition-math6-eigen3\n'}
[1.420352] (workspace_gz) StdoutLine: {'line': b'-- Looking for ignition-common4 -- found version 4.8.0\n'}
[1.420785] (workspace_gz) StdoutLine: {'line': b'-- Searching for dependencies of ignition-common4\n'}
[1.420923] (workspace_gz) StdoutLine: {'line': b'-- Looking for dlfcn.h - found\n'}
[1.420996] (workspace_gz) StdoutLine: {'line': b'-- Looking for libdl - found\n'}
[1.429763] (workspace_gz) StdoutLine: {'line': b'-- Searching for <ignition-common4> component [graphics]\n'}
[1.433416] (workspace_gz) StdoutLine: {'line': b'-- Looking for ignition-common4-graphics -- found version 4.8.0\n'}
[1.434110] (workspace_gz) StdoutLine: {'line': b'-- Searching for dependencies of ignition-common4-graphics\n'}
[1.434600] (workspace_gz) StdoutLine: {'line': b'-- Looking for ignition-math6 -- found version 6.15.1\n'}
[1.435068] (workspace_gz) StdoutLine: {'line': b'-- Looking for ignition-utils1 -- found version 1.5.1\n'}
[1.435532] (workspace_gz) StdoutLine: {'line': b'-- Searching for <ignition-common4> component [events]\n'}
[1.436397] (workspace_gz) StdoutLine: {'line': b'-- Looking for ignition-plugin1 -- found version 1.4.0\n'}
[1.436872] (workspace_gz) StdoutLine: {'line': b'-- Searching for dependencies of ignition-plugin1\n'}
[1.436992] (workspace_gz) StdoutLine: {'line': b'-- Searching for <ignition-plugin1> component [all]\n'}
[1.439767] (workspace_gz) StdoutLine: {'line': b'-- Looking for all libraries of ignition-plugin1 -- found version 1.4.0\n'}
[1.440274] (workspace_gz) StdoutLine: {'line': b'-- Looking for ignition-plugin1 -- found version 1.4.0\n'}
[1.442416] (workspace_gz) StdoutLine: {'line': b'-- Looking for ignition-msgs8 -- found version 8.7.0\n'}
[1.464831] (workspace_gz) StdoutLine: {'line': b'-- Looking for ignition-physics5 -- found version 5.4.0\n'}
[1.465211] (workspace_gz) StdoutLine: {'line': b'-- Searching for dependencies of ignition-physics5\n'}
[1.465480] (workspace_gz) StdoutLine: {'line': b'-- Looking for ignition-math6 -- found version 6.15.1\n'}
[1.465927] (workspace_gz) StdoutLine: {'line': b'-- Looking for ignition-plugin1 -- found version 1.4.0\n'}
[1.466258] (workspace_gz) StdoutLine: {'line': b'-- Looking for ignition-utils1 -- found version 1.5.1\n'}
[1.467255] (workspace_gz) StdoutLine: {'line': b'-- Searching for <ignition-physics5> component [heightmap]\n'}
[1.469847] (workspace_gz) StdoutLine: {'line': b'-- Looking for ignition-physics5-heightmap -- found version 5.4.0\n'}
[1.470244] (workspace_gz) StdoutLine: {'line': b'-- Searching for dependencies of ignition-physics5-heightmap\n'}
[1.470628] (workspace_gz) StdoutLine: {'line': b'-- Looking for ignition-common4 -- found version 4.8.0\n'}
[1.471087] (workspace_gz) StdoutLine: {'line': b'-- Searching for <ignition-physics5> component [mesh]\n'}
[1.473678] (workspace_gz) StdoutLine: {'line': b'-- Looking for ignition-physics5-mesh -- found version 5.4.0\n'}
[1.474161] (workspace_gz) StdoutLine: {'line': b'-- Searching for dependencies of ignition-physics5-mesh\n'}
[1.474514] (workspace_gz) StdoutLine: {'line': b'-- Looking for ignition-common4 -- found version 4.8.0\n'}
[1.475000] (workspace_gz) StdoutLine: {'line': b'-- Searching for <ignition-physics5> component [sdf]\n'}
[1.477570] (workspace_gz) StdoutLine: {'line': b'-- Looking for ignition-physics5-sdf -- found version 5.4.0\n'}
[1.478162] (workspace_gz) StdoutLine: {'line': b'-- Searching for dependencies of ignition-physics5-sdf\n'}
[1.478467] (workspace_gz) StdoutLine: {'line': b'-- Looking for sdformat12 -- found version 12.9.0\n'}
[1.481614] (workspace_gz) StdoutLine: {'line': b'-- Looking for ignition-sensors6 -- found version 6.9.0\n'}
[1.482050] (workspace_gz) StdoutLine: {'line': b'-- Searching for dependencies of ignition-sensors6\n'}
[1.500231] (workspace_gz) StdoutLine: {'line': b'-- Looking for ignition-math6 -- found version 6.15.1\n'}
[1.500723] (workspace_gz) StdoutLine: {'line': b'-- Looking for ignition-common4 -- found version 4.8.0\n'}
[1.500936] (-) TimerEvent: {}
[1.501205] (workspace_gz) StdoutLine: {'line': b'-- Looking for ignition-transport11 -- found version 11.4.2\n'}
[1.501749] (workspace_gz) StdoutLine: {'line': b'-- Looking for ignition-rendering6 -- found version 6.6.4\n'}
[1.502186] (workspace_gz) StdoutLine: {'line': b'-- Looking for ignition-msgs8 -- found version 8.7.0\n'}
[1.502741] (workspace_gz) StdoutLine: {'line': b'-- Looking for sdformat12 -- found version 12.9.0\n'}
[1.503307] (workspace_gz) StdoutLine: {'line': b'-- Searching for <ignition-sensors6> component [air_pressure]\n'}
[1.506066] (workspace_gz) StdoutLine: {'line': b'-- Looking for ignition-sensors6-air_pressure -- found version 6.9.0\n'}
[1.506595] (workspace_gz) StdoutLine: {'line': b'-- Searching for dependencies of ignition-sensors6-air_pressure\n'}
[1.507126] (workspace_gz) StdoutLine: {'line': b'-- Searching for <ignition-sensors6> component [altimeter]\n'}
[1.509683] (workspace_gz) StdoutLine: {'line': b'-- Looking for ignition-sensors6-altimeter -- found version 6.9.0\n'}
[1.510142] (workspace_gz) StdoutLine: {'line': b'-- Searching for dependencies of ignition-sensors6-altimeter\n'}
[1.510657] (workspace_gz) StdoutLine: {'line': b'-- Searching for <ignition-sensors6> component [imu]\n'}
[1.513205] (workspace_gz) StdoutLine: {'line': b'-- Looking for ignition-sensors6-imu -- found version 6.9.0\n'}
[1.513698] (workspace_gz) StdoutLine: {'line': b'-- Searching for dependencies of ignition-sensors6-imu\n'}
[1.514180] (workspace_gz) StdoutLine: {'line': b'-- Searching for <ignition-sensors6> component [force_torque]\n'}
[1.516927] (workspace_gz) StdoutLine: {'line': b'-- Looking for ignition-sensors6-force_torque -- found version 6.9.0\n'}
[1.517413] (workspace_gz) StdoutLine: {'line': b'-- Searching for dependencies of ignition-sensors6-force_torque\n'}
[1.517920] (workspace_gz) StdoutLine: {'line': b'-- Searching for <ignition-sensors6> component [logical_camera]\n'}
[1.520574] (workspace_gz) StdoutLine: {'line': b'-- Looking for ignition-sensors6-logical_camera -- found version 6.9.0\n'}
[1.521083] (workspace_gz) StdoutLine: {'line': b'-- Searching for dependencies of ignition-sensors6-logical_camera\n'}
[1.521583] (workspace_gz) StdoutLine: {'line': b'-- Searching for <ignition-sensors6> component [magnetometer]\n'}
[1.524136] (workspace_gz) StdoutLine: {'line': b'-- Looking for ignition-sensors6-magnetometer -- found version 6.9.0\n'}
[1.524598] (workspace_gz) StdoutLine: {'line': b'-- Searching for dependencies of ignition-sensors6-magnetometer\n'}
[1.525109] (workspace_gz) StdoutLine: {'line': b'-- Searching for <ignition-sensors6> component [navsat]\n'}
[1.527666] (workspace_gz) StdoutLine: {'line': b'-- Looking for ignition-sensors6-navsat -- found version 6.9.0\n'}
[1.528146] (workspace_gz) StdoutLine: {'line': b'-- Searching for dependencies of ignition-sensors6-navsat\n'}
[1.528588] (workspace_gz) StdoutLine: {'line': b'-- Searching for <ignition-sensors6> component [rendering]\n'}
[1.532439] (workspace_gz) StdoutLine: {'line': b'-- Looking for ignition-sensors6-rendering -- found version 6.9.0\n'}
[1.532889] (workspace_gz) StdoutLine: {'line': b'-- Searching for dependencies of ignition-sensors6-rendering\n'}
[1.533254] (workspace_gz) StdoutLine: {'line': b'-- Searching for <ignition-sensors6> component [lidar]\n'}
[1.536924] (workspace_gz) StdoutLine: {'line': b'-- Looking for ignition-sensors6-lidar -- found version 6.9.0\n'}
[1.537517] (workspace_gz) StdoutLine: {'line': b'-- Searching for dependencies of ignition-sensors6-lidar\n'}
[1.538117] (workspace_gz) StdoutLine: {'line': b'-- Looking for ignition-sensors6 -- found version 6.9.0\n'}
[1.538781] (workspace_gz) StdoutLine: {'line': b'-- Searching for <ignition-sensors6> component [gpu_lidar]\n'}
[1.542837] (workspace_gz) StdoutLine: {'line': b'-- Looking for ignition-sensors6-gpu_lidar -- found version 6.9.0\n'}
[1.543445] (workspace_gz) StdoutLine: {'line': b'-- Searching for dependencies of ignition-sensors6-gpu_lidar\n'}
[1.543917] (workspace_gz) StdoutLine: {'line': b'-- Looking for ignition-sensors6 -- found version 6.9.0\n'}
[1.544656] (workspace_gz) StdoutLine: {'line': b'-- Searching for <ignition-sensors6> component [camera]\n'}
[1.547495] (workspace_gz) StdoutLine: {'line': b'-- Looking for ignition-sensors6-camera -- found version 6.9.0\n'}
[1.547976] (workspace_gz) StdoutLine: {'line': b'-- Searching for dependencies of ignition-sensors6-camera\n'}
[1.548282] (workspace_gz) StdoutLine: {'line': b'-- Looking for ignition-sensors6 -- found version 6.9.0\n'}
[1.548791] (workspace_gz) StdoutLine: {'line': b'-- Searching for <ignition-sensors6> component [boundingbox_camera]\n'}
[1.551492] (workspace_gz) StdoutLine: {'line': b'-- Looking for ignition-sensors6-boundingbox_camera -- found version 6.9.0\n'}
[1.551973] (workspace_gz) StdoutLine: {'line': b'-- Searching for dependencies of ignition-sensors6-boundingbox_camera\n'}
[1.552363] (workspace_gz) StdoutLine: {'line': b'-- Searching for <ignition-sensors6> component [segmentation_camera]\n'}
[1.555014] (workspace_gz) StdoutLine: {'line': b'-- Looking for ignition-sensors6-segmentation_camera -- found version 6.9.0\n'}
[1.555373] (workspace_gz) StdoutLine: {'line': b'-- Searching for dependencies of ignition-sensors6-segmentation_camera\n'}
[1.555838] (workspace_gz) StdoutLine: {'line': b'-- Searching for <ignition-sensors6> component [depth_camera]\n'}
[1.558311] (workspace_gz) StdoutLine: {'line': b'-- Looking for ignition-sensors6-depth_camera -- found version 6.9.0\n'}
[1.558801] (workspace_gz) StdoutLine: {'line': b'-- Searching for dependencies of ignition-sensors6-depth_camera\n'}
[1.559116] (workspace_gz) StdoutLine: {'line': b'-- Looking for ignition-sensors6 -- found version 6.9.0\n'}
[1.559517] (workspace_gz) StdoutLine: {'line': b'-- Searching for <ignition-sensors6> component [rgbd_camera]\n'}
[1.562090] (workspace_gz) StdoutLine: {'line': b'-- Looking for ignition-sensors6-rgbd_camera -- found version 6.9.0\n'}
[1.562539] (workspace_gz) StdoutLine: {'line': b'-- Searching for dependencies of ignition-sensors6-rgbd_camera\n'}
[1.562824] (workspace_gz) StdoutLine: {'line': b'-- Looking for ignition-sensors6 -- found version 6.9.0\n'}
[1.563308] (workspace_gz) StdoutLine: {'line': b'-- Searching for <ignition-sensors6> component [thermal_camera]\n'}
[1.565908] (workspace_gz) StdoutLine: {'line': b'-- Looking for ignition-sensors6-thermal_camera -- found version 6.9.0\n'}
[1.566337] (workspace_gz) StdoutLine: {'line': b'-- Searching for dependencies of ignition-sensors6-thermal_camera\n'}
[1.566683] (workspace_gz) StdoutLine: {'line': b'-- Looking for ignition-sensors6 -- found version 6.9.0\n'}
[1.567586] (workspace_gz) StdoutLine: {'line': b'-- Looking for ignition-rendering6 -- found version 6.6.4\n'}
[1.567961] (workspace_gz) StdoutLine: {'line': b'-- Looking for ignition-math6 -- found version 6.15.1\n'}
[1.570700] (workspace_gz) StdoutLine: {'line': b'-- Looking for ignition-utils1 -- found version 1.5.1\n'}
[1.589624] (workspace_gz) StdoutLine: {'line': b'-- Looking for ignition-common4 -- found version 4.8.0\n'}
[1.589977] (workspace_gz) StdoutLine: {'line': b'-- Looking for ignition-math6 -- found version 6.15.1\n'}
[1.590317] (workspace_gz) StdoutLine: {'line': b'-- Looking for ignition-plugin1 -- found version 1.4.0\n'}
[1.590709] (workspace_gz) StdoutLine: {'line': b'-- Looking for ignition-rendering6 -- found version 6.6.4\n'}
[1.591122] (workspace_gz) StdoutLine: {'line': b'-- Looking for ignition-sensors6 -- found version 6.9.0\n'}
[1.591434] (workspace_gz) StdoutLine: {'line': b'-- Looking for ignition-transport11 -- found version 11.4.2\n'}
[1.591848] (workspace_gz) StdoutLine: {'line': b'-- Looking for ignition-utils1 -- found version 1.5.1\n'}
[1.592140] (workspace_gz) StdoutLine: {'line': b'-- Looking for sdformat12 -- found version 12.9.0\n'}
[1.601026] (-) TimerEvent: {}
[1.661313] (workspace_gz) StdoutLine: {'line': b'-- Configuring done\n'}
[1.701163] (-) TimerEvent: {}
[1.742718] (workspace_gz) StdoutLine: {'line': b'-- Generating done\n'}
[1.766967] (workspace_gz) StdoutLine: {'line': b'-- Build files have been written to: /home/aliomacc/sti_usv/build/workspace_gz\n'}
[1.777149] (workspace_gz) CommandEnded: {'returncode': 0}
[1.777772] (workspace_gz) JobProgress: {'identifier': 'workspace_gz', 'progress': 'build'}
[1.778466] (workspace_gz) Command: {'cmd': ['/usr/bin/cmake', '--build', '/home/aliomacc/sti_usv/build/workspace_gz', '--', '-j8', '-l8'], 'cwd': '/home/aliomacc/sti_usv/build/workspace_gz', 'env': OrderedDict([('GJS_DEBUG_TOPICS', 'JS ERROR;JS LOG'), ('LESSOPEN', '| /usr/bin/lesspipe %s'), ('USER', 'aliomacc'), ('XDG_SESSION_TYPE', 'x11'), ('SHLVL', '1'), ('LD_LIBRARY_PATH', '/home/aliomacc/ros2_ws/install/my_robot_interfaces/lib:/opt/ros/humble/opt/rviz_ogre_vendor/lib:/opt/ros/humble/lib/x86_64-linux-gnu:/opt/ros/humble/lib'), ('HOME', '/home/aliomacc'), ('OLDPWD', '/home/aliomacc/sti_usv'), ('DESKTOP_SESSION', 'ubuntu-xorg'), ('GIO_LAUNCHED_DESKTOP_FILE', '/usr/share/applications/terminator.desktop'), ('ROS_PYTHON_VERSION', '3'), ('GNOME_SHELL_SESSION_MODE', 'ubuntu'), ('GTK_MODULES', 'gail:atk-bridge'), ('MANAGERPID', '1119'), ('SYSTEMD_EXEC_PID', '1535'), ('DBUS_SESSION_BUS_ADDRESS', 'unix:path=/run/user/1000/bus'), ('COLORTERM', 'truecolor'), ('TERMINATOR_DBUS_NAME', 'net.tenshu.Terminator21a9d5db22c73a993ff0b42f64b396873'), ('GIO_LAUNCHED_DESKTOP_FILE_PID', '3448'), ('COLCON_PREFIX_PATH', '/home/aliomacc/sti_usv/install:/home/aliomacc/turtlebot3_ws/install:/home/aliomacc/ros2_ws/install'), ('ROS_DISTRO', 'humble'), ('GTK_IM_MODULE', 'ibus'), ('LOGNAME', 'aliomacc'), ('JOURNAL_STREAM', '8:12878'), ('_', '/usr/bin/colcon'), ('ROS_VERSION', '2'), ('XDG_SESSION_CLASS', 'user'), ('USERNAME', 'aliomacc'), ('TERM', 'xterm-256color'), ('GNOME_DESKTOP_SESSION_ID', 'this-is-deprecated'), ('ROS_LOCALHOST_ONLY', '0'), ('WINDOWPATH', '2'), ('PATH', '/home/aliomacc/.local/bin:/opt/ros/humble/bin:/home/aliomacc/.local/bin:/usr/local/sbin:/usr/local/bin:/usr/sbin:/usr/bin:/sbin:/bin:/usr/games:/usr/local/games:/snap/bin:/snap/bin'), ('SESSION_MANAGER', 'local/aliomacc-Nitro-AN515-55:@/tmp/.ICE-unix/1477,unix/aliomacc-Nitro-AN515-55:/tmp/.ICE-unix/1477'), ('INVOCATION_ID', '8bb2c71350dd440785a65a077b4f78af'), ('XDG_MENU_PREFIX', 'gnome-'), ('XDG_RUNTIME_DIR', '/run/user/1000'), ('DISPLAY', ':0'), ('TERMINATOR_DBUS_PATH', '/net/tenshu/Terminator2'), ('LANG', 'tr_TR.UTF-8'), ('XDG_CURRENT_DESKTOP', 'ubuntu:GNOME'), ('IBUS_DISABLE_SNOOPER', '1'), ('XMODIFIERS', '@im=ibus'), ('XDG_SESSION_DESKTOP', 'ubuntu-xorg'), ('XAUTHORITY', '/run/user/1000/gdm/Xauthority'), ('LS_COLORS', 'rs=0:di=01;34:ln=01;36:mh=00:pi=40;33:so=01;35:do=01;35:bd=40;33;01:cd=40;33;01:or=40;31;01:mi=00:su=37;41:sg=30;43:ca=30;41:tw=30;42:ow=34;42:st=37;44:ex=01;32:*.tar=01;31:*.tgz=01;31:*.arc=01;31:*.arj=01;31:*.taz=01;31:*.lha=01;31:*.lz4=01;31:*.lzh=01;31:*.lzma=01;31:*.tlz=01;31:*.txz=01;31:*.tzo=01;31:*.t7z=01;31:*.zip=01;31:*.z=01;31:*.dz=01;31:*.gz=01;31:*.lrz=01;31:*.lz=01;31:*.lzo=01;31:*.xz=01;31:*.zst=01;31:*.tzst=01;31:*.bz2=01;31:*.bz=01;31:*.tbz=01;31:*.tbz2=01;31:*.tz=01;31:*.deb=01;31:*.rpm=01;31:*.jar=01;31:*.war=01;31:*.ear=01;31:*.sar=01;31:*.rar=01;31:*.alz=01;31:*.ace=01;31:*.zoo=01;31:*.cpio=01;31:*.7z=01;31:*.rz=01;31:*.cab=01;31:*.wim=01;31:*.swm=01;31:*.dwm=01;31:*.esd=01;31:*.jpg=01;35:*.jpeg=01;35:*.mjpg=01;35:*.mjpeg=01;35:*.gif=01;35:*.bmp=01;35:*.pbm=01;35:*.pgm=01;35:*.ppm=01;35:*.tga=01;35:*.xbm=01;35:*.xpm=01;35:*.tif=01;35:*.tiff=01;35:*.png=01;35:*.svg=01;35:*.svgz=01;35:*.mng=01;35:*.pcx=01;35:*.mov=01;35:*.mpg=01;35:*.mpeg=01;35:*.m2v=01;35:*.mkv=01;35:*.webm=01;35:*.webp=01;35:*.ogm=01;35:*.mp4=01;35:*.m4v=01;35:*.mp4v=01;35:*.vob=01;35:*.qt=01;35:*.nuv=01;35:*.wmv=01;35:*.asf=01;35:*.rm=01;35:*.rmvb=01;35:*.flc=01;35:*.avi=01;35:*.fli=01;35:*.flv=01;35:*.gl=01;35:*.dl=01;35:*.xcf=01;35:*.xwd=01;35:*.yuv=01;35:*.cgm=01;35:*.emf=01;35:*.ogv=01;35:*.ogx=01;35:*.aac=00;36:*.au=00;36:*.flac=00;36:*.m4a=00;36:*.mid=00;36:*.midi=00;36:*.mka=00;36:*.mp3=00;36:*.mpc=00;36:*.ogg=00;36:*.ra=00;36:*.wav=00;36:*.oga=00;36:*.opus=00;36:*.spx=00;36:*.xspf=00;36:'), ('SSH_AGENT_LAUNCHER', 'gnome-keyring'), ('SSH_AUTH_SOCK', '/run/user/1000/keyring/ssh'), ('AMENT_PREFIX_PATH', '/home/aliomacc/turtlebot3_ws/install/turtlebot3_simulations:/home/aliomacc/turtlebot3_ws/install/turtlebot3_manipulation_gazebo:/home/aliomacc/turtlebot3_ws/install/turtlebot3_gazebo:/home/aliomacc/turtlebot3_ws/install/turtlebot3_fake_node:/home/aliomacc/ros2_ws/install/actions_py:/home/aliomacc/ros2_ws/install/my_robot_interfaces:/home/aliomacc/ros2_ws/install/my_robot_description:/home/aliomacc/ros2_ws/install/my_robot_bringup:/home/aliomacc/ros2_ws/install/lifecycle_py:/home/aliomacc/ros2_ws/install/lifecycle_cpp:/opt/ros/humble'), ('SHELL', '/bin/bash'), ('TERMINATOR_UUID', 'urn:uuid:32fde568-3ee8-49c9-8756-c8696b50bded'), ('QT_ACCESSIBILITY', '1'), ('GDMSESSION', 'ubuntu-xorg'), ('LESSCLOSE', '/usr/bin/lesspipe %s %s'), ('GPG_AGENT_INFO', '/run/user/1000/gnupg/S.gpg-agent:0:1'), ('GJS_DEBUG_OUTPUT', 'stderr'), ('QT_IM_MODULE', 'ibus'), ('PWD', '/home/aliomacc/sti_usv/build/workspace_gz'), ('TURTLEBOT3_MODEL', 'waffle'), ('XDG_CONFIG_DIRS', '/etc/xdg/xdg-ubuntu-xorg:/etc/xdg'), ('XDG_DATA_DIRS', '/usr/share/ubuntu-xorg:/usr/share/gnome:/home/aliomacc/.local/share/flatpak/exports/share:/var/lib/flatpak/exports/share:/usr/local/share/:/usr/share/:/var/lib/snapd/desktop'), ('PYTHONPATH', '/home/aliomacc/ros2_ws/install/actions_py/lib/python3.10/site-packages:/home/aliomacc/ros2_ws/install/my_robot_interfaces/local/lib/python3.10/dist-packages:/home/aliomacc/ros2_ws/install/lifecycle_py/lib/python3.10/site-packages:/opt/ros/humble/lib/python3.10/site-packages:/opt/ros/humble/local/lib/python3.10/dist-packages'), ('COLCON', '1'), ('VTE_VERSION', '6800'), ('CMAKE_PREFIX_PATH', '/home/aliomacc/turtlebot3_ws/install/turtlebot3_simulations:/home/aliomacc/turtlebot3_ws/install/turtlebot3_manipulation_gazebo:/home/aliomacc/turtlebot3_ws/install/turtlebot3_gazebo:/home/aliomacc/turtlebot3_ws/install/turtlebot3_fake_node:/home/aliomacc/ros2_ws/install/my_robot_interfaces:/home/aliomacc/ros2_ws/install/my_robot_description:/home/aliomacc/ros2_ws/install/my_robot_bringup:/home/aliomacc/ros2_ws/install/lifecycle_cpp:/home/aliomacc/ros2_ws/install/actions_py:/home/aliomacc/ros2_ws/install/lifecycle_py:/opt/ros/humble')]), 'shell': False}
[1.801284] (-) TimerEvent: {}
[1.825564] (workspace_gz) StdoutLine: {'line': b'[  3%] \x1b[32mBuilding CXX object CMakeFiles/ScoringPlugin.dir/plugins/ScoringPlugin.cc.o\x1b[0m\n'}
[1.825788] (workspace_gz) StdoutLine: {'line': b'[  3%] \x1b[32mBuilding CXX object CMakeFiles/Waves.dir/plugins/Wavefield.cc.o\x1b[0m\n'}
[1.901410] (-) TimerEvent: {}
[2.001670] (-) TimerEvent: {}
[2.101910] (-) TimerEvent: {}
[2.202200] (-) TimerEvent: {}
[2.302568] (-) TimerEvent: {}
[2.402815] (-) TimerEvent: {}
[2.503088] (-) TimerEvent: {}
[2.603355] (-) TimerEvent: {}
[2.703660] (-) TimerEvent: {}
[2.803944] (-) TimerEvent: {}
[2.904227] (-) TimerEvent: {}
[3.004512] (-) TimerEvent: {}
[3.104753] (-) TimerEvent: {}
[3.205003] (-) TimerEvent: {}
[3.305280] (-) TimerEvent: {}
[3.405672] (-) TimerEvent: {}
[3.505921] (-) TimerEvent: {}
[3.606166] (-) TimerEvent: {}
[3.706447] (-) TimerEvent: {}
[3.806727] (-) TimerEvent: {}
[3.907055] (-) TimerEvent: {}
[4.007348] (-) TimerEvent: {}
[4.107622] (-) TimerEvent: {}
[4.207950] (-) TimerEvent: {}
[4.308216] (-) TimerEvent: {}
[4.408538] (-) TimerEvent: {}
[4.508795] (-) TimerEvent: {}
[4.609084] (-) TimerEvent: {}
[4.709377] (-) TimerEvent: {}
[4.809638] (-) TimerEvent: {}
[4.909901] (-) TimerEvent: {}
[4.926409] (workspace_gz) StderrLine: {'line': b'\x1b[01m\x1b[K/home/aliomacc/sti_usv/src/usv_sim/workspace_gz/plugins/Wavefield.cc:\x1b[m\x1b[K In constructor \xe2\x80\x98\x1b[01m\x1b[Kvrx::WavefieldPrivate::WavefieldPrivate()\x1b[m\x1b[K\xe2\x80\x99:\n'}
[4.926595] (workspace_gz) StderrLine: {'line': b'\x1b[01m\x1b[K/home/aliomacc/sti_usv/src/usv_sim/workspace_gz/plugins/Wavefield.cc:137:18:\x1b[m\x1b[K \x1b[01;35m\x1b[Kwarning: \x1b[m\x1b[K\xe2\x80\x98\x1b[01m\x1b[Kvrx::WavefieldPrivate::wavenumber\x1b[m\x1b[K\xe2\x80\x99 will be initialized after [\x1b[01;35m\x1b[K\x1b]8;;https://gcc.gnu.org/onlinedocs/gcc/Warning-Options.html#index-Wreorder\x07-Wreorder\x1b]8;;\x07\x1b[m\x1b[K]\n'}
[4.926673] (workspace_gz) StderrLine: {'line': b'  137 |   public: double \x1b[01;35m\x1b[Kwavenumber\x1b[m\x1b[K;\n'}
[4.926736] (workspace_gz) StderrLine: {'line': b'      |                  \x1b[01;35m\x1b[K^~~~~~~~~~\x1b[m\x1b[K\n'}
[4.926795] (workspace_gz) StderrLine: {'line': b'\x1b[01m\x1b[K/home/aliomacc/sti_usv/src/usv_sim/workspace_gz/plugins/Wavefield.cc:125:18:\x1b[m\x1b[K \x1b[01;35m\x1b[Kwarning: \x1b[m\x1b[K  \xe2\x80\x98\x1b[01m\x1b[Kdouble vrx::WavefieldPrivate::tau\x1b[m\x1b[K\xe2\x80\x99 [\x1b[01;35m\x1b[K\x1b]8;;https://gcc.gnu.org/onlinedocs/gcc/Warning-Options.html#index-Wreorder\x07-Wreorder\x1b]8;;\x07\x1b[m\x1b[K]\n'}
[4.926856] (workspace_gz) StderrLine: {'line': b'  125 |   public: double \x1b[01;35m\x1b[Ktau\x1b[m\x1b[K;\n'}
[4.926913] (workspace_gz) StderrLine: {'line': b'      |                  \x1b[01;35m\x1b[K^~~\x1b[m\x1b[K\n'}
[4.926973] (workspace_gz) StderrLine: {'line': b'\x1b[01m\x1b[K/home/aliomacc/sti_usv/src/usv_sim/workspace_gz/plugins/Wavefield.cc:50:11:\x1b[m\x1b[K \x1b[01;35m\x1b[Kwarning: \x1b[m\x1b[K  when initialized here [\x1b[01;35m\x1b[K\x1b]8;;https://gcc.gnu.org/onlinedocs/gcc/Warning-Options.html#index-Wreorder\x07-Wreorder\x1b]8;;\x07\x1b[m\x1b[K]\n'}
[4.927033] (workspace_gz) StderrLine: {'line': b'   50 |   public: \x1b[01;35m\x1b[KWavefieldPrivate\x1b[m\x1b[K():\n'}
[4.927089] (workspace_gz) StderrLine: {'line': b'      |           \x1b[01;35m\x1b[K^~~~~~~~~~~~~~~~\x1b[m\x1b[K\n'}
[4.937142] (workspace_gz) StderrLine: {'line': b'\x1b[01m\x1b[K/home/aliomacc/sti_usv/src/usv_sim/workspace_gz/plugins/Wavefield.cc:\x1b[m\x1b[K In member function \xe2\x80\x98\x1b[01m\x1b[Kvoid vrx::WavefieldPrivate::Recalculate()\x1b[m\x1b[K\xe2\x80\x99:\n'}
[4.937405] (workspace_gz) StderrLine: {'line': b'\x1b[01m\x1b[K/home/aliomacc/sti_usv/src/usv_sim/workspace_gz/plugins/Wavefield.cc:292:5:\x1b[m\x1b[K \x1b[01;31m\x1b[Kerror: \x1b[m\x1b[K\xe2\x80\x98\x1b[01m\x1b[Kgzwarn\x1b[m\x1b[K\xe2\x80\x99 was not declared in this scope; did you mean \xe2\x80\x98\x1b[01m\x1b[Kignwarn\x1b[m\x1b[K\xe2\x80\x99?\n'}
[4.937544] (workspace_gz) StderrLine: {'line': b'  292 |     \x1b[01;31m\x1b[Kgzwarn\x1b[m\x1b[K << "Wavefield model specified as <" << this->model\n'}
[4.937666] (workspace_gz) StderrLine: {'line': b'      |     \x1b[01;31m\x1b[K^~~~~~\x1b[m\x1b[K\n'}
[4.937780] (workspace_gz) StderrLine: {'line': b'      |     \x1b[32m\x1b[Kignwarn\x1b[m\x1b[K\n'}
[4.956999] (workspace_gz) StderrLine: {'line': b'\x1b[01m\x1b[K/home/aliomacc/sti_usv/src/usv_sim/workspace_gz/plugins/Wavefield.cc:\x1b[m\x1b[K In member function \xe2\x80\x98\x1b[01m\x1b[Kvoid vrx::Wavefield::DebugPrint() const\x1b[m\x1b[K\xe2\x80\x99:\n'}
[4.957247] (workspace_gz) StderrLine: {'line': b'\x1b[01m\x1b[K/home/aliomacc/sti_usv/src/usv_sim/workspace_gz/plugins/Wavefield.cc:719:3:\x1b[m\x1b[K \x1b[01;31m\x1b[Kerror: \x1b[m\x1b[K\xe2\x80\x98\x1b[01m\x1b[Kgzmsg\x1b[m\x1b[K\xe2\x80\x99 was not declared in this scope; did you mean \xe2\x80\x98\x1b[01m\x1b[Kignmsg\x1b[m\x1b[K\xe2\x80\x99?\n'}
[4.957387] (workspace_gz) StderrLine: {'line': b'  719 |   \x1b[01;31m\x1b[Kgzmsg\x1b[m\x1b[K << "Input Parameters:" << std::endl;\n'}
[4.957508] (workspace_gz) StderrLine: {'line': b'      |   \x1b[01;31m\x1b[K^~~~~\x1b[m\x1b[K\n'}
[4.957627] (workspace_gz) StderrLine: {'line': b'      |   \x1b[32m\x1b[Kignmsg\x1b[m\x1b[K\n'}
[4.994794] (workspace_gz) StderrLine: {'line': b'/home/aliomacc/sti_usv/src/usv_sim/workspace_gz/plugins/Wavefield.cc: In instantiation of \xe2\x80\x98\x1b[01m\x1b[Kvrx::Wavefield::ComputeDepthDirectly(const Vector3d&, double, double)::<lambda(auto:24, auto:25, auto:26, auto:27&, auto:28&, auto:29&)> [with auto:24 = Eigen::Matrix<double, 2, 1>; auto:25 = Eigen::Matrix<double, 2, 1>; auto:26 = double; auto:27 = vrx::Wavefield::ComputeDepthDirectly(const Vector3d&, double, double)::WaveParams; auto:28 = Eigen::Matrix<double, 2, 1>; auto:29 = Eigen::Matrix<double, 2, 2>]\x1b[m\x1b[K\xe2\x80\x99:\n'}
[4.995030] (workspace_gz) StderrLine: {'line': b'\x1b[01m\x1b[K/home/aliomacc/sti_usv/src/usv_sim/workspace_gz/plugins/Wavefield.cc:853:18:\x1b[m\x1b[K   required from \xe2\x80\x98\x1b[01m\x1b[Kvrx::Wavefield::ComputeDepthDirectly(const Vector3d&, double, double)::<lambda(auto:30&, auto:31, auto:32, auto:33, auto:34&, auto:35, auto:36)> [with auto:30 = vrx::Wavefield::ComputeDepthDirectly(const Vector3d&, double, double)::<lambda(auto:24, auto:25, auto:26, auto:27&, auto:28&, auto:29&)>; auto:31 = Eigen::Matrix<double, 2, 1>; auto:32 = Eigen::Matrix<double, 2, 1>; auto:33 = double; auto:34 = vrx::Wavefield::ComputeDepthDirectly(const Vector3d&, double, double)::WaveParams; auto:35 = double; auto:36 = double]\x1b[m\x1b[K\xe2\x80\x99\n'}
[4.995161] (workspace_gz) StderrLine: {'line': b'\x1b[01m\x1b[K/home/aliomacc/sti_usv/src/usv_sim/workspace_gz/plugins/Wavefield.cc:878:27:\x1b[m\x1b[K   required from here\n'}
[4.995273] (workspace_gz) StderrLine: {'line': b'\x1b[01m\x1b[K/home/aliomacc/sti_usv/src/usv_sim/workspace_gz/plugins/Wavefield.cc:810:26:\x1b[m\x1b[K \x1b[01;35m\x1b[Kwarning: \x1b[m\x1b[Kcomparison of integer expressions of different signedness: \xe2\x80\x98\x1b[01m\x1b[Kint\x1b[m\x1b[K\xe2\x80\x99 and \xe2\x80\x98\x1b[01m\x1b[Kconst size_t\x1b[m\x1b[K\xe2\x80\x99 {aka \xe2\x80\x98\x1b[01m\x1b[Kconst long unsigned int\x1b[m\x1b[K\xe2\x80\x99} [\x1b[01;35m\x1b[K\x1b]8;;https://gcc.gnu.org/onlinedocs/gcc/Warning-Options.html#index-Wsign-compare\x07-Wsign-compare\x1b]8;;\x07\x1b[m\x1b[K]\n'}
[4.995388] (workspace_gz) StderrLine: {'line': b'  810 |     for (auto&& i = 0; \x1b[01;35m\x1b[Ki < n\x1b[m\x1b[K; ++i) // NOLINT\n'}
[4.995535] (workspace_gz) StderrLine: {'line': b'      |                        \x1b[01;35m\x1b[K~~^~~\x1b[m\x1b[K\n'}
[5.010011] (-) TimerEvent: {}
[5.110327] (-) TimerEvent: {}
[5.210668] (-) TimerEvent: {}
[5.310992] (-) TimerEvent: {}
[5.411322] (-) TimerEvent: {}
[5.511588] (-) TimerEvent: {}
[5.611901] (-) TimerEvent: {}
[5.712236] (-) TimerEvent: {}
[5.812556] (-) TimerEvent: {}
[5.912901] (-) TimerEvent: {}
[6.013273] (-) TimerEvent: {}
[6.113645] (-) TimerEvent: {}
[6.213981] (-) TimerEvent: {}
[6.314291] (-) TimerEvent: {}
[6.321210] (workspace_gz) StderrLine: {'line': b'gmake[2]: *** [CMakeFiles/Waves.dir/build.make:76: CMakeFiles/Waves.dir/plugins/Wavefield.cc.o] Error 1\n'}
[6.321422] (workspace_gz) StderrLine: {'line': b'gmake[1]: *** [CMakeFiles/Makefile2:177: CMakeFiles/Waves.dir/all] Error 2\n'}
[6.321519] (workspace_gz) StderrLine: {'line': b'gmake[1]: *** Bitmemi\xc5\x9f i\xc5\x9fler i\xc3\xa7in bekliyor....\n'}
[6.414413] (-) TimerEvent: {}
[6.514670] (-) TimerEvent: {}
[6.614939] (-) TimerEvent: {}
[6.645740] (workspace_gz) StderrLine: {'line': b'In file included from \x1b[01m\x1b[K/home/aliomacc/sti_usv/src/usv_sim/workspace_gz/plugins/ScoringPlugin.cc:32\x1b[m\x1b[K:\n'}
[6.646031] (workspace_gz) StderrLine: {'line': b'\x1b[01m\x1b[K/home/aliomacc/sti_usv/src/usv_sim/workspace_gz/plugins/ScoringPlugin.hh:217:30:\x1b[m\x1b[K \x1b[01;31m\x1b[Kerror: \x1b[m\x1b[K\xe2\x80\x98\x1b[01m\x1b[KdataPtr\x1b[m\x1b[K\xe2\x80\x99 has not been declared\n'}
[6.646156] (workspace_gz) StderrLine: {'line': b'  217 |     GZ_UTILS_UNIQUE_IMPL_PTR(\x1b[01;31m\x1b[KdataPtr\x1b[m\x1b[K)\n'}
[6.646250] (workspace_gz) StderrLine: {'line': b'      |                              \x1b[01;31m\x1b[K^~~~~~~\x1b[m\x1b[K\n'}
[6.646368] (workspace_gz) StderrLine: {'line': b'\x1b[01m\x1b[K/home/aliomacc/sti_usv/src/usv_sim/workspace_gz/plugins/ScoringPlugin.hh:217:5:\x1b[m\x1b[K \x1b[01;31m\x1b[Kerror: \x1b[m\x1b[KISO C++ forbids declaration of \xe2\x80\x98\x1b[01m\x1b[KGZ_UTILS_UNIQUE_IMPL_PTR\x1b[m\x1b[K\xe2\x80\x99 with no type [\x1b[01;31m\x1b[K\x1b]8;;https://gcc.gnu.org/onlinedocs/gcc/Warning-Options.html#index-fpermissive\x07-fpermissive\x1b]8;;\x07\x1b[m\x1b[K]\n'}
[6.646465] (workspace_gz) StderrLine: {'line': b'  217 |     \x1b[01;31m\x1b[KGZ_UTILS_UNIQUE_IMPL_PTR\x1b[m\x1b[K(dataPtr)\n'}
[6.646578] (workspace_gz) StderrLine: {'line': b'      |     \x1b[01;31m\x1b[K^~~~~~~~~~~~~~~~~~~~~~~~\x1b[m\x1b[K\n'}
[6.646668] (workspace_gz) StderrLine: {'line': b'\x1b[01m\x1b[K/home/aliomacc/sti_usv/src/usv_sim/workspace_gz/plugins/ScoringPlugin.hh:217:37:\x1b[m\x1b[K \x1b[01;31m\x1b[Kerror: \x1b[m\x1b[Kexpected \xe2\x80\x98\x1b[01m\x1b[K;\x1b[m\x1b[K\xe2\x80\x99 at end of member declaration\n'}
[6.646760] (workspace_gz) StderrLine: {'line': b'  217 |     GZ_UTILS_UNIQUE_IMPL_PTR(dataPtr\x1b[01;31m\x1b[K)\x1b[m\x1b[K\n'}
[6.646844] (workspace_gz) StderrLine: {'line': b'      |                                     \x1b[01;31m\x1b[K^\x1b[m\x1b[K\n'}
[6.646931] (workspace_gz) StderrLine: {'line': b'      |                                      \x1b[32m\x1b[K;\x1b[m\x1b[K\n'}
[6.647018] (workspace_gz) StderrLine: {'line': b'\x1b[01m\x1b[K/home/aliomacc/sti_usv/src/usv_sim/workspace_gz/plugins/ScoringPlugin.cc:39:1:\x1b[m\x1b[K \x1b[01;31m\x1b[Kerror: \x1b[m\x1b[Kqualified name does not name a class before \xe2\x80\x98\x1b[01m\x1b[K{\x1b[m\x1b[K\xe2\x80\x99 token\n'}
[6.647113] (workspace_gz) StderrLine: {'line': b'   39 | \x1b[01;31m\x1b[K{\x1b[m\x1b[K\n'}
[6.647199] (workspace_gz) StderrLine: {'line': b'      | \x1b[01;31m\x1b[K^\x1b[m\x1b[K\n'}
[6.647283] (workspace_gz) StderrLine: {'line': b'\x1b[01m\x1b[K/home/aliomacc/sti_usv/src/usv_sim/workspace_gz/plugins/ScoringPlugin.cc:176:21:\x1b[m\x1b[K \x1b[01;31m\x1b[Kerror: \x1b[m\x1b[K\xe2\x80\x98\x1b[01m\x1b[Kvrx::ScoringPlugin::Implementation\x1b[m\x1b[K\xe2\x80\x99 has not been declared\n'}
[6.647362] (workspace_gz) StderrLine: {'line': b'  176 | bool ScoringPlugin::\x1b[01;31m\x1b[KImplementation\x1b[m\x1b[K::ParseSDFParameters()\n'}
[6.647424] (workspace_gz) StderrLine: {'line': b'      |                     \x1b[01;31m\x1b[K^~~~~~~~~~~~~~\x1b[m\x1b[K\n'}
[6.647493] (workspace_gz) StderrLine: {'line': b'\x1b[01m\x1b[K/home/aliomacc/sti_usv/src/usv_sim/workspace_gz/plugins/ScoringPlugin.cc:\x1b[m\x1b[K In function \xe2\x80\x98\x1b[01m\x1b[Kbool ParseSDFParameters()\x1b[m\x1b[K\xe2\x80\x99:\n'}
[6.647570] (workspace_gz) StderrLine: {'line': b'\x1b[01m\x1b[K/home/aliomacc/sti_usv/src/usv_sim/workspace_gz/plugins/ScoringPlugin.cc:179:8:\x1b[m\x1b[K \x1b[01;31m\x1b[Kerror: \x1b[m\x1b[Kinvalid use of \xe2\x80\x98\x1b[01m\x1b[Kthis\x1b[m\x1b[K\xe2\x80\x99 in non-member function\n'}
[6.647632] (workspace_gz) StderrLine: {'line': b'  179 |   if (!\x1b[01;31m\x1b[Kthis\x1b[m\x1b[K->sdf->HasElement("vehicle"))\n'}
[6.647708] (workspace_gz) StderrLine: {'line': b'      |        \x1b[01;31m\x1b[K^~~~\x1b[m\x1b[K\n'}
[6.651923] (workspace_gz) StderrLine: {'line': b'\x1b[01m\x1b[K/home/aliomacc/sti_usv/src/usv_sim/workspace_gz/plugins/ScoringPlugin.cc:181:5:\x1b[m\x1b[K \x1b[01;31m\x1b[Kerror: \x1b[m\x1b[K\xe2\x80\x98\x1b[01m\x1b[Kgzerr\x1b[m\x1b[K\xe2\x80\x99 was not declared in this scope\n'}
[6.652115] (workspace_gz) StderrLine: {'line': b'  181 |     \x1b[01;31m\x1b[Kgzerr\x1b[m\x1b[K << "Unable to find <vehicle> element in SDF." << std::endl;\n'}
[6.652183] (workspace_gz) StderrLine: {'line': b'      |     \x1b[01;31m\x1b[K^~~~~\x1b[m\x1b[K\n'}
[6.652245] (workspace_gz) StderrLine: {'line': b'\x1b[01m\x1b[K/home/aliomacc/sti_usv/src/usv_sim/workspace_gz/plugins/ScoringPlugin.cc:184:3:\x1b[m\x1b[K \x1b[01;31m\x1b[Kerror: \x1b[m\x1b[Kinvalid use of \xe2\x80\x98\x1b[01m\x1b[Kthis\x1b[m\x1b[K\xe2\x80\x99 in non-member function\n'}
[6.652309] (workspace_gz) StderrLine: {'line': b'  184 |   \x1b[01;31m\x1b[Kthis\x1b[m\x1b[K->vehicleName = this->sdf->Get<std::string>("vehicle");\n'}
[6.652371] (workspace_gz) StderrLine: {'line': b'      |   \x1b[01;31m\x1b[K^~~~\x1b[m\x1b[K\n'}
[6.652431] (workspace_gz) StderrLine: {'line': b'\x1b[01m\x1b[K/home/aliomacc/sti_usv/src/usv_sim/workspace_gz/plugins/ScoringPlugin.cc:184:23:\x1b[m\x1b[K \x1b[01;31m\x1b[Kerror: \x1b[m\x1b[Kinvalid use of \xe2\x80\x98\x1b[01m\x1b[Kthis\x1b[m\x1b[K\xe2\x80\x99 in non-member function\n'}
[6.652505] (workspace_gz) StderrLine: {'line': b'  184 |   this->vehicleName = \x1b[01;31m\x1b[Kthis\x1b[m\x1b[K->sdf->Get<std::string>("vehicle");\n'}
[6.652570] (workspace_gz) StderrLine: {'line': b'      |                       \x1b[01;31m\x1b[K^~~~\x1b[m\x1b[K\n'}
[6.652660] (workspace_gz) StderrLine: {'line': b'\x1b[01m\x1b[K/home/aliomacc/sti_usv/src/usv_sim/workspace_gz/plugins/ScoringPlugin.cc:184:49:\x1b[m\x1b[K \x1b[01;31m\x1b[Kerror: \x1b[m\x1b[Kexpected primary-expression before \xe2\x80\x98\x1b[01m\x1b[K>\x1b[m\x1b[K\xe2\x80\x99 token\n'}
[6.652726] (workspace_gz) StderrLine: {'line': b'  184 |   this->vehicleName = this->sdf->Get<std::string\x1b[01;31m\x1b[K>\x1b[m\x1b[K("vehicle");\n'}
[6.652803] (workspace_gz) StderrLine: {'line': b'      |                                                 \x1b[01;31m\x1b[K^\x1b[m\x1b[K\n'}
[6.652868] (workspace_gz) StderrLine: {'line': b'\x1b[01m\x1b[K/home/aliomacc/sti_usv/src/usv_sim/workspace_gz/plugins/ScoringPlugin.cc:187:8:\x1b[m\x1b[K \x1b[01;31m\x1b[Kerror: \x1b[m\x1b[Kinvalid use of \xe2\x80\x98\x1b[01m\x1b[Kthis\x1b[m\x1b[K\xe2\x80\x99 in non-member function\n'}
[6.652933] (workspace_gz) StderrLine: {'line': b'  187 |   if (!\x1b[01;31m\x1b[Kthis\x1b[m\x1b[K->sdf->HasElement("task_name"))\n'}
[6.652993] (workspace_gz) StderrLine: {'line': b'      |        \x1b[01;31m\x1b[K^~~~\x1b[m\x1b[K\n'}
[6.655865] (workspace_gz) StderrLine: {'line': b'\x1b[01m\x1b[K/home/aliomacc/sti_usv/src/usv_sim/workspace_gz/plugins/ScoringPlugin.cc:189:5:\x1b[m\x1b[K \x1b[01;31m\x1b[Kerror: \x1b[m\x1b[K\xe2\x80\x98\x1b[01m\x1b[Kgzerr\x1b[m\x1b[K\xe2\x80\x99 was not declared in this scope\n'}
[6.656139] (workspace_gz) StderrLine: {'line': b'  189 |     \x1b[01;31m\x1b[Kgzerr\x1b[m\x1b[K << "Unable to find <task_name> element in SDF." << std::endl;\n'}
[6.656214] (workspace_gz) StderrLine: {'line': b'      |     \x1b[01;31m\x1b[K^~~~~\x1b[m\x1b[K\n'}
[6.656277] (workspace_gz) StderrLine: {'line': b'\x1b[01m\x1b[K/home/aliomacc/sti_usv/src/usv_sim/workspace_gz/plugins/ScoringPlugin.cc:192:3:\x1b[m\x1b[K \x1b[01;31m\x1b[Kerror: \x1b[m\x1b[Kinvalid use of \xe2\x80\x98\x1b[01m\x1b[Kthis\x1b[m\x1b[K\xe2\x80\x99 in non-member function\n'}
[6.656349] (workspace_gz) StderrLine: {'line': b'  192 |   \x1b[01;31m\x1b[Kthis\x1b[m\x1b[K->taskName = this->sdf->Get<std::string>("task_name");\n'}
[6.656409] (workspace_gz) StderrLine: {'line': b'      |   \x1b[01;31m\x1b[K^~~~\x1b[m\x1b[K\n'}
[6.656467] (workspace_gz) StderrLine: {'line': b'\x1b[01m\x1b[K/home/aliomacc/sti_usv/src/usv_sim/workspace_gz/plugins/ScoringPlugin.cc:192:20:\x1b[m\x1b[K \x1b[01;31m\x1b[Kerror: \x1b[m\x1b[Kinvalid use of \xe2\x80\x98\x1b[01m\x1b[Kthis\x1b[m\x1b[K\xe2\x80\x99 in non-member function\n'}
[6.656541] (workspace_gz) StderrLine: {'line': b'  192 |   this->taskName = \x1b[01;31m\x1b[Kthis\x1b[m\x1b[K->sdf->Get<std::string>("task_name");\n'}
[6.656601] (workspace_gz) StderrLine: {'line': b'      |                    \x1b[01;31m\x1b[K^~~~\x1b[m\x1b[K\n'}
[6.656659] (workspace_gz) StderrLine: {'line': b'\x1b[01m\x1b[K/home/aliomacc/sti_usv/src/usv_sim/workspace_gz/plugins/ScoringPlugin.cc:192:46:\x1b[m\x1b[K \x1b[01;31m\x1b[Kerror: \x1b[m\x1b[Kexpected primary-expression before \xe2\x80\x98\x1b[01m\x1b[K>\x1b[m\x1b[K\xe2\x80\x99 token\n'}
[6.656718] (workspace_gz) StderrLine: {'line': b'  192 |   this->taskName = this->sdf->Get<std::string\x1b[01;31m\x1b[K>\x1b[m\x1b[K("task_name");\n'}
[6.656775] (workspace_gz) StderrLine: {'line': b'      |                                              \x1b[01;31m\x1b[K^\x1b[m\x1b[K\n'}
[6.656834] (workspace_gz) StderrLine: {'line': b'\x1b[01m\x1b[K/home/aliomacc/sti_usv/src/usv_sim/workspace_gz/plugins/ScoringPlugin.cc:195:7:\x1b[m\x1b[K \x1b[01;31m\x1b[Kerror: \x1b[m\x1b[Kinvalid use of \xe2\x80\x98\x1b[01m\x1b[Kthis\x1b[m\x1b[K\xe2\x80\x99 in non-member function\n'}
[6.656892] (workspace_gz) StderrLine: {'line': b'  195 |   if (\x1b[01;31m\x1b[Kthis\x1b[m\x1b[K->sdf->HasElement("task_info_topic"))\n'}
[6.656950] (workspace_gz) StderrLine: {'line': b'      |       \x1b[01;31m\x1b[K^~~~\x1b[m\x1b[K\n'}
[6.657007] (workspace_gz) StderrLine: {'line': b'\x1b[01m\x1b[K/home/aliomacc/sti_usv/src/usv_sim/workspace_gz/plugins/ScoringPlugin.cc:196:5:\x1b[m\x1b[K \x1b[01;31m\x1b[Kerror: \x1b[m\x1b[Kinvalid use of \xe2\x80\x98\x1b[01m\x1b[Kthis\x1b[m\x1b[K\xe2\x80\x99 in non-member function\n'}
[6.657064] (workspace_gz) StderrLine: {'line': b'  196 |     \x1b[01;31m\x1b[Kthis\x1b[m\x1b[K->taskInfoTopic = this->sdf->Get<std::string>("task_info_topic");\n'}
[6.657121] (workspace_gz) StderrLine: {'line': b'      |     \x1b[01;31m\x1b[K^~~~\x1b[m\x1b[K\n'}
[6.657177] (workspace_gz) StderrLine: {'line': b'\x1b[01m\x1b[K/home/aliomacc/sti_usv/src/usv_sim/workspace_gz/plugins/ScoringPlugin.cc:196:27:\x1b[m\x1b[K \x1b[01;31m\x1b[Kerror: \x1b[m\x1b[Kinvalid use of \xe2\x80\x98\x1b[01m\x1b[Kthis\x1b[m\x1b[K\xe2\x80\x99 in non-member function\n'}
[6.657234] (workspace_gz) StderrLine: {'line': b'  196 |     this->taskInfoTopic = \x1b[01;31m\x1b[Kthis\x1b[m\x1b[K->sdf->Get<std::string>("task_info_topic");\n'}
[6.657290] (workspace_gz) StderrLine: {'line': b'      |                           \x1b[01;31m\x1b[K^~~~\x1b[m\x1b[K\n'}
[6.657347] (workspace_gz) StderrLine: {'line': b'\x1b[01m\x1b[K/home/aliomacc/sti_usv/src/usv_sim/workspace_gz/plugins/ScoringPlugin.cc:196:53:\x1b[m\x1b[K \x1b[01;31m\x1b[Kerror: \x1b[m\x1b[Kexpected primary-expression before \xe2\x80\x98\x1b[01m\x1b[K>\x1b[m\x1b[K\xe2\x80\x99 token\n'}
[6.657404] (workspace_gz) StderrLine: {'line': b'  196 |     this->taskInfoTopic = this->sdf->Get<std::string\x1b[01;31m\x1b[K>\x1b[m\x1b[K("task_info_topic");\n'}
[6.657461] (workspace_gz) StderrLine: {'line': b'      |                                                     \x1b[01;31m\x1b[K^\x1b[m\x1b[K\n'}
[6.657532] (workspace_gz) StderrLine: {'line': b'\x1b[01m\x1b[K/home/aliomacc/sti_usv/src/usv_sim/workspace_gz/plugins/ScoringPlugin.cc:199:7:\x1b[m\x1b[K \x1b[01;31m\x1b[Kerror: \x1b[m\x1b[Kinvalid use of \xe2\x80\x98\x1b[01m\x1b[Kthis\x1b[m\x1b[K\xe2\x80\x99 in non-member function\n'}
[6.657597] (workspace_gz) StderrLine: {'line': b'  199 |   if (\x1b[01;31m\x1b[Kthis\x1b[m\x1b[K->sdf->HasElement("per_plugin_exit_on_completion"))\n'}
[6.657654] (workspace_gz) StderrLine: {'line': b'      |       \x1b[01;31m\x1b[K^~~~\x1b[m\x1b[K\n'}
[6.657711] (workspace_gz) StderrLine: {'line': b'\x1b[01m\x1b[K/home/aliomacc/sti_usv/src/usv_sim/workspace_gz/plugins/ScoringPlugin.cc:201:5:\x1b[m\x1b[K \x1b[01;31m\x1b[Kerror: \x1b[m\x1b[Kinvalid use of \xe2\x80\x98\x1b[01m\x1b[Kthis\x1b[m\x1b[K\xe2\x80\x99 in non-member function\n'}
[6.657770] (workspace_gz) StderrLine: {'line': b'  201 |     \x1b[01;31m\x1b[Kthis\x1b[m\x1b[K->perPluginExitOnCompletion = this->sdf->Get<bool>(\n'}
[6.657827] (workspace_gz) StderrLine: {'line': b'      |     \x1b[01;31m\x1b[K^~~~\x1b[m\x1b[K\n'}
[6.657884] (workspace_gz) StderrLine: {'line': b'\x1b[01m\x1b[K/home/aliomacc/sti_usv/src/usv_sim/workspace_gz/plugins/ScoringPlugin.cc:201:39:\x1b[m\x1b[K \x1b[01;31m\x1b[Kerror: \x1b[m\x1b[Kinvalid use of \xe2\x80\x98\x1b[01m\x1b[Kthis\x1b[m\x1b[K\xe2\x80\x99 in non-member function\n'}
[6.657941] (workspace_gz) StderrLine: {'line': b'  201 |     this->perPluginExitOnCompletion = \x1b[01;31m\x1b[Kthis\x1b[m\x1b[K->sdf->Get<bool>(\n'}
[6.657998] (workspace_gz) StderrLine: {'line': b'      |                                       \x1b[01;31m\x1b[K^~~~\x1b[m\x1b[K\n'}
[6.658054] (workspace_gz) StderrLine: {'line': b'\x1b[01m\x1b[K/home/aliomacc/sti_usv/src/usv_sim/workspace_gz/plugins/ScoringPlugin.cc:201:54:\x1b[m\x1b[K \x1b[01;31m\x1b[Kerror: \x1b[m\x1b[Kexpected primary-expression before \xe2\x80\x98\x1b[01m\x1b[Kbool\x1b[m\x1b[K\xe2\x80\x99\n'}
[6.658111] (workspace_gz) StderrLine: {'line': b'  201 |     this->perPluginExitOnCompletion = this->sdf->Get<\x1b[01;31m\x1b[Kbool\x1b[m\x1b[K>(\n'}
[6.658167] (workspace_gz) StderrLine: {'line': b'      |                                                      \x1b[01;31m\x1b[K^~~~\x1b[m\x1b[K\n'}
[6.658223] (workspace_gz) StderrLine: {'line': b'\x1b[01m\x1b[K/home/aliomacc/sti_usv/src/usv_sim/workspace_gz/plugins/ScoringPlugin.cc:206:7:\x1b[m\x1b[K \x1b[01;31m\x1b[Kerror: \x1b[m\x1b[Kinvalid use of \xe2\x80\x98\x1b[01m\x1b[Kthis\x1b[m\x1b[K\xe2\x80\x99 in non-member function\n'}
[6.658279] (workspace_gz) StderrLine: {'line': b'  206 |   if (\x1b[01;31m\x1b[Kthis\x1b[m\x1b[K->sdf->HasElement("exit_delay"))\n'}
[6.658340] (workspace_gz) StderrLine: {'line': b'      |       \x1b[01;31m\x1b[K^~~~\x1b[m\x1b[K\n'}
[6.658402] (workspace_gz) StderrLine: {'line': b'\x1b[01m\x1b[K/home/aliomacc/sti_usv/src/usv_sim/workspace_gz/plugins/ScoringPlugin.cc:207:5:\x1b[m\x1b[K \x1b[01;31m\x1b[Kerror: \x1b[m\x1b[Kinvalid use of \xe2\x80\x98\x1b[01m\x1b[Kthis\x1b[m\x1b[K\xe2\x80\x99 in non-member function\n'}
[6.658459] (workspace_gz) StderrLine: {'line': b'  207 |     \x1b[01;31m\x1b[Kthis\x1b[m\x1b[K->exitDelay = this->sdf->Get<double>("exit_delay");\n'}
[6.658523] (workspace_gz) StderrLine: {'line': b'      |     \x1b[01;31m\x1b[K^~~~\x1b[m\x1b[K\n'}
[6.658587] (workspace_gz) StderrLine: {'line': b'\x1b[01m\x1b[K/home/aliomacc/sti_usv/src/usv_sim/workspace_gz/plugins/ScoringPlugin.cc:207:23:\x1b[m\x1b[K \x1b[01;31m\x1b[Kerror: \x1b[m\x1b[Kinvalid use of \xe2\x80\x98\x1b[01m\x1b[Kthis\x1b[m\x1b[K\xe2\x80\x99 in non-member function\n'}
[6.658644] (workspace_gz) StderrLine: {'line': b'  207 |     this->exitDelay = \x1b[01;31m\x1b[Kthis\x1b[m\x1b[K->sdf->Get<double>("exit_delay");\n'}
[6.658701] (workspace_gz) StderrLine: {'line': b'      |                       \x1b[01;31m\x1b[K^~~~\x1b[m\x1b[K\n'}
[6.658757] (workspace_gz) StderrLine: {'line': b'\x1b[01m\x1b[K/home/aliomacc/sti_usv/src/usv_sim/workspace_gz/plugins/ScoringPlugin.cc:207:38:\x1b[m\x1b[K \x1b[01;31m\x1b[Kerror: \x1b[m\x1b[Kexpected primary-expression before \xe2\x80\x98\x1b[01m\x1b[Kdouble\x1b[m\x1b[K\xe2\x80\x99\n'}
[6.658813] (workspace_gz) StderrLine: {'line': b'  207 |     this->exitDelay = this->sdf->Get<\x1b[01;31m\x1b[Kdouble\x1b[m\x1b[K>("exit_delay");\n'}
[6.658872] (workspace_gz) StderrLine: {'line': b'      |                                      \x1b[01;31m\x1b[K^~~~~~\x1b[m\x1b[K\n'}
[6.658932] (workspace_gz) StderrLine: {'line': b'\x1b[01m\x1b[K/home/aliomacc/sti_usv/src/usv_sim/workspace_gz/plugins/ScoringPlugin.cc:210:7:\x1b[m\x1b[K \x1b[01;31m\x1b[Kerror: \x1b[m\x1b[Kinvalid use of \xe2\x80\x98\x1b[01m\x1b[Kthis\x1b[m\x1b[K\xe2\x80\x99 in non-member function\n'}
[6.658990] (workspace_gz) StderrLine: {'line': b'  210 |   if (\x1b[01;31m\x1b[Kthis\x1b[m\x1b[K->sdf->HasElement("initial_state_duration"))\n'}
[6.659047] (workspace_gz) StderrLine: {'line': b'      |       \x1b[01;31m\x1b[K^~~~\x1b[m\x1b[K\n'}
[6.659104] (workspace_gz) StderrLine: {'line': b'\x1b[01m\x1b[K/home/aliomacc/sti_usv/src/usv_sim/workspace_gz/plugins/ScoringPlugin.cc:212:20:\x1b[m\x1b[K \x1b[01;31m\x1b[Kerror: \x1b[m\x1b[Kinvalid use of \xe2\x80\x98\x1b[01m\x1b[Kthis\x1b[m\x1b[K\xe2\x80\x99 in non-member function\n'}
[6.659161] (workspace_gz) StderrLine: {'line': b'  212 |     double value = \x1b[01;31m\x1b[Kthis\x1b[m\x1b[K->sdf->Get<double>("initial_state_duration");\n'}
[6.659217] (workspace_gz) StderrLine: {'line': b'      |                    \x1b[01;31m\x1b[K^~~~\x1b[m\x1b[K\n'}
[6.659273] (workspace_gz) StderrLine: {'line': b'\x1b[01m\x1b[K/home/aliomacc/sti_usv/src/usv_sim/workspace_gz/plugins/ScoringPlugin.cc:212:35:\x1b[m\x1b[K \x1b[01;31m\x1b[Kerror: \x1b[m\x1b[Kexpected primary-expression before \xe2\x80\x98\x1b[01m\x1b[Kdouble\x1b[m\x1b[K\xe2\x80\x99\n'}
[6.659329] (workspace_gz) StderrLine: {'line': b'  212 |     double value = this->sdf->Get<\x1b[01;31m\x1b[Kdouble\x1b[m\x1b[K>("initial_state_duration");\n'}
[6.659508] (workspace_gz) StderrLine: {'line': b'      |                                   \x1b[01;31m\x1b[K^~~~~~\x1b[m\x1b[K\n'}
[6.659585] (workspace_gz) StderrLine: {'line': b'\x1b[01m\x1b[K/home/aliomacc/sti_usv/src/usv_sim/workspace_gz/plugins/ScoringPlugin.cc:215:7:\x1b[m\x1b[K \x1b[01;31m\x1b[Kerror: \x1b[m\x1b[K\xe2\x80\x98\x1b[01m\x1b[Kgzerr\x1b[m\x1b[K\xe2\x80\x99 was not declared in this scope\n'}
[6.659645] (workspace_gz) StderrLine: {'line': b'  215 |       \x1b[01;31m\x1b[Kgzerr\x1b[m\x1b[K << "<initial_state_duration> value should not be negative."\n'}
[6.659703] (workspace_gz) StderrLine: {'line': b'      |       \x1b[01;31m\x1b[K^~~~~\x1b[m\x1b[K\n'}
[6.659759] (workspace_gz) StderrLine: {'line': b'\x1b[01m\x1b[K/home/aliomacc/sti_usv/src/usv_sim/workspace_gz/plugins/ScoringPlugin.cc:219:5:\x1b[m\x1b[K \x1b[01;31m\x1b[Kerror: \x1b[m\x1b[Kinvalid use of \xe2\x80\x98\x1b[01m\x1b[Kthis\x1b[m\x1b[K\xe2\x80\x99 in non-member function\n'}
[6.659816] (workspace_gz) StderrLine: {'line': b'  219 |     \x1b[01;31m\x1b[Kthis\x1b[m\x1b[K->initialStateDuration = value;\n'}
[6.659872] (workspace_gz) StderrLine: {'line': b'      |     \x1b[01;31m\x1b[K^~~~\x1b[m\x1b[K\n'}
[6.659927] (workspace_gz) StderrLine: {'line': b'\x1b[01m\x1b[K/home/aliomacc/sti_usv/src/usv_sim/workspace_gz/plugins/ScoringPlugin.cc:223:7:\x1b[m\x1b[K \x1b[01;31m\x1b[Kerror: \x1b[m\x1b[Kinvalid use of \xe2\x80\x98\x1b[01m\x1b[Kthis\x1b[m\x1b[K\xe2\x80\x99 in non-member function\n'}
[6.659985] (workspace_gz) StderrLine: {'line': b'  223 |   if (\x1b[01;31m\x1b[Kthis\x1b[m\x1b[K->sdf->HasElement("ready_state_duration"))\n'}
[6.660040] (workspace_gz) StderrLine: {'line': b'      |       \x1b[01;31m\x1b[K^~~~\x1b[m\x1b[K\n'}
[6.660097] (workspace_gz) StderrLine: {'line': b'\x1b[01m\x1b[K/home/aliomacc/sti_usv/src/usv_sim/workspace_gz/plugins/ScoringPlugin.cc:225:20:\x1b[m\x1b[K \x1b[01;31m\x1b[Kerror: \x1b[m\x1b[Kinvalid use of \xe2\x80\x98\x1b[01m\x1b[Kthis\x1b[m\x1b[K\xe2\x80\x99 in non-member function\n'}
[6.660155] (workspace_gz) StderrLine: {'line': b'  225 |     double value = \x1b[01;31m\x1b[Kthis\x1b[m\x1b[K->sdf->Get<double>("ready_state_duration");\n'}
[6.660211] (workspace_gz) StderrLine: {'line': b'      |                    \x1b[01;31m\x1b[K^~~~\x1b[m\x1b[K\n'}
[6.660268] (workspace_gz) StderrLine: {'line': b'\x1b[01m\x1b[K/home/aliomacc/sti_usv/src/usv_sim/workspace_gz/plugins/ScoringPlugin.cc:225:35:\x1b[m\x1b[K \x1b[01;31m\x1b[Kerror: \x1b[m\x1b[Kexpected primary-expression before \xe2\x80\x98\x1b[01m\x1b[Kdouble\x1b[m\x1b[K\xe2\x80\x99\n'}
[6.660332] (workspace_gz) StderrLine: {'line': b'  225 |     double value = this->sdf->Get<\x1b[01;31m\x1b[Kdouble\x1b[m\x1b[K>("ready_state_duration");\n'}
[6.660388] (workspace_gz) StderrLine: {'line': b'      |                                   \x1b[01;31m\x1b[K^~~~~~\x1b[m\x1b[K\n'}
[6.662868] (workspace_gz) StderrLine: {'line': b'\x1b[01m\x1b[K/home/aliomacc/sti_usv/src/usv_sim/workspace_gz/plugins/ScoringPlugin.cc:228:7:\x1b[m\x1b[K \x1b[01;31m\x1b[Kerror: \x1b[m\x1b[K\xe2\x80\x98\x1b[01m\x1b[Kgzerr\x1b[m\x1b[K\xe2\x80\x99 was not declared in this scope\n'}
[6.662977] (workspace_gz) StderrLine: {'line': b'  228 |       \x1b[01;31m\x1b[Kgzerr\x1b[m\x1b[K << "<ready_state_duration> value should not be negative."\n'}
[6.663049] (workspace_gz) StderrLine: {'line': b'      |       \x1b[01;31m\x1b[K^~~~~\x1b[m\x1b[K\n'}
[6.663117] (workspace_gz) StderrLine: {'line': b'\x1b[01m\x1b[K/home/aliomacc/sti_usv/src/usv_sim/workspace_gz/plugins/ScoringPlugin.cc:233:5:\x1b[m\x1b[K \x1b[01;31m\x1b[Kerror: \x1b[m\x1b[Kinvalid use of \xe2\x80\x98\x1b[01m\x1b[Kthis\x1b[m\x1b[K\xe2\x80\x99 in non-member function\n'}
[6.663178] (workspace_gz) StderrLine: {'line': b'  233 |     \x1b[01;31m\x1b[Kthis\x1b[m\x1b[K->readyStateDuration = value;\n'}
[6.663236] (workspace_gz) StderrLine: {'line': b'      |     \x1b[01;31m\x1b[K^~~~\x1b[m\x1b[K\n'}
[6.663303] (workspace_gz) StderrLine: {'line': b'\x1b[01m\x1b[K/home/aliomacc/sti_usv/src/usv_sim/workspace_gz/plugins/ScoringPlugin.cc:237:7:\x1b[m\x1b[K \x1b[01;31m\x1b[Kerror: \x1b[m\x1b[Kinvalid use of \xe2\x80\x98\x1b[01m\x1b[Kthis\x1b[m\x1b[K\xe2\x80\x99 in non-member function\n'}
[6.663366] (workspace_gz) StderrLine: {'line': b'  237 |   if (\x1b[01;31m\x1b[Kthis\x1b[m\x1b[K->sdf->HasElement("running_state_duration"))\n'}
[6.663424] (workspace_gz) StderrLine: {'line': b'      |       \x1b[01;31m\x1b[K^~~~\x1b[m\x1b[K\n'}
[6.663488] (workspace_gz) StderrLine: {'line': b'\x1b[01m\x1b[K/home/aliomacc/sti_usv/src/usv_sim/workspace_gz/plugins/ScoringPlugin.cc:239:20:\x1b[m\x1b[K \x1b[01;31m\x1b[Kerror: \x1b[m\x1b[Kinvalid use of \xe2\x80\x98\x1b[01m\x1b[Kthis\x1b[m\x1b[K\xe2\x80\x99 in non-member function\n'}
[6.663554] (workspace_gz) StderrLine: {'line': b'  239 |     double value = \x1b[01;31m\x1b[Kthis\x1b[m\x1b[K->sdf->Get<double>("running_state_duration");\n'}
[6.663613] (workspace_gz) StderrLine: {'line': b'      |                    \x1b[01;31m\x1b[K^~~~\x1b[m\x1b[K\n'}
[6.663670] (workspace_gz) StderrLine: {'line': b'\x1b[01m\x1b[K/home/aliomacc/sti_usv/src/usv_sim/workspace_gz/plugins/ScoringPlugin.cc:239:35:\x1b[m\x1b[K \x1b[01;31m\x1b[Kerror: \x1b[m\x1b[Kexpected primary-expression before \xe2\x80\x98\x1b[01m\x1b[Kdouble\x1b[m\x1b[K\xe2\x80\x99\n'}
[6.663729] (workspace_gz) StderrLine: {'line': b'  239 |     double value = this->sdf->Get<\x1b[01;31m\x1b[Kdouble\x1b[m\x1b[K>("running_state_duration");\n'}
[6.663786] (workspace_gz) StderrLine: {'line': b'      |                                   \x1b[01;31m\x1b[K^~~~~~\x1b[m\x1b[K\n'}
[6.666088] (workspace_gz) StderrLine: {'line': b'\x1b[01m\x1b[K/home/aliomacc/sti_usv/src/usv_sim/workspace_gz/plugins/ScoringPlugin.cc:242:7:\x1b[m\x1b[K \x1b[01;31m\x1b[Kerror: \x1b[m\x1b[K\xe2\x80\x98\x1b[01m\x1b[Kgzerr\x1b[m\x1b[K\xe2\x80\x99 was not declared in this scope\n'}
[6.666301] (workspace_gz) StderrLine: {'line': b'  242 |       \x1b[01;31m\x1b[Kgzerr\x1b[m\x1b[K << "<running_state_duration> value should not be negative."\n'}
[6.666368] (workspace_gz) StderrLine: {'line': b'      |       \x1b[01;31m\x1b[K^~~~~\x1b[m\x1b[K\n'}
[6.666428] (workspace_gz) StderrLine: {'line': b'\x1b[01m\x1b[K/home/aliomacc/sti_usv/src/usv_sim/workspace_gz/plugins/ScoringPlugin.cc:246:5:\x1b[m\x1b[K \x1b[01;31m\x1b[Kerror: \x1b[m\x1b[Kinvalid use of \xe2\x80\x98\x1b[01m\x1b[Kthis\x1b[m\x1b[K\xe2\x80\x99 in non-member function\n'}
[6.666494] (workspace_gz) StderrLine: {'line': b'  246 |     \x1b[01;31m\x1b[Kthis\x1b[m\x1b[K->runningStateDuration = value;\n'}
[6.666559] (workspace_gz) StderrLine: {'line': b'      |     \x1b[01;31m\x1b[K^~~~\x1b[m\x1b[K\n'}
[6.666621] (workspace_gz) StderrLine: {'line': b'\x1b[01m\x1b[K/home/aliomacc/sti_usv/src/usv_sim/workspace_gz/plugins/ScoringPlugin.cc:250:7:\x1b[m\x1b[K \x1b[01;31m\x1b[Kerror: \x1b[m\x1b[Kinvalid use of \xe2\x80\x98\x1b[01m\x1b[Kthis\x1b[m\x1b[K\xe2\x80\x99 in non-member function\n'}
[6.666677] (workspace_gz) StderrLine: {'line': b'  250 |   if (\x1b[01;31m\x1b[Kthis\x1b[m\x1b[K->sdf->HasElement("release_topic"))\n'}
[6.666732] (workspace_gz) StderrLine: {'line': b'      |       \x1b[01;31m\x1b[K^~~~\x1b[m\x1b[K\n'}
[6.666786] (workspace_gz) StderrLine: {'line': b'\x1b[01m\x1b[K/home/aliomacc/sti_usv/src/usv_sim/workspace_gz/plugins/ScoringPlugin.cc:252:5:\x1b[m\x1b[K \x1b[01;31m\x1b[Kerror: \x1b[m\x1b[Kinvalid use of \xe2\x80\x98\x1b[01m\x1b[Kthis\x1b[m\x1b[K\xe2\x80\x99 in non-member function\n'}
[6.666841] (workspace_gz) StderrLine: {'line': b'  252 |     \x1b[01;31m\x1b[Kthis\x1b[m\x1b[K->releaseTopic = this->sdf->Get<std::string>("release_topic");\n'}
[6.666900] (workspace_gz) StderrLine: {'line': b'      |     \x1b[01;31m\x1b[K^~~~\x1b[m\x1b[K\n'}
[6.666980] (workspace_gz) StderrLine: {'line': b'\x1b[01m\x1b[K/home/aliomacc/sti_usv/src/usv_sim/workspace_gz/plugins/ScoringPlugin.cc:252:26:\x1b[m\x1b[K \x1b[01;31m\x1b[Kerror: \x1b[m\x1b[Kinvalid use of \xe2\x80\x98\x1b[01m\x1b[Kthis\x1b[m\x1b[K\xe2\x80\x99 in non-member function\n'}
[6.667058] (workspace_gz) StderrLine: {'line': b'  252 |     this->releaseTopic = \x1b[01;31m\x1b[Kthis\x1b[m\x1b[K->sdf->Get<std::string>("release_topic");\n'}
[6.667133] (workspace_gz) StderrLine: {'line': b'      |                          \x1b[01;31m\x1b[K^~~~\x1b[m\x1b[K\n'}
[6.667207] (workspace_gz) StderrLine: {'line': b'\x1b[01m\x1b[K/home/aliomacc/sti_usv/src/usv_sim/workspace_gz/plugins/ScoringPlugin.cc:252:52:\x1b[m\x1b[K \x1b[01;31m\x1b[Kerror: \x1b[m\x1b[Kexpected primary-expression before \xe2\x80\x98\x1b[01m\x1b[K>\x1b[m\x1b[K\xe2\x80\x99 token\n'}
[6.667283] (workspace_gz) StderrLine: {'line': b'  252 |     this->releaseTopic = this->sdf->Get<std::string\x1b[01;31m\x1b[K>\x1b[m\x1b[K("release_topic");\n'}
[6.667358] (workspace_gz) StderrLine: {'line': b'      |                                                    \x1b[01;31m\x1b[K^\x1b[m\x1b[K\n'}
[6.667433] (workspace_gz) StderrLine: {'line': b'\x1b[01m\x1b[K/home/aliomacc/sti_usv/src/usv_sim/workspace_gz/plugins/ScoringPlugin.cc:256:7:\x1b[m\x1b[K \x1b[01;31m\x1b[Kerror: \x1b[m\x1b[Kinvalid use of \xe2\x80\x98\x1b[01m\x1b[Kthis\x1b[m\x1b[K\xe2\x80\x99 in non-member function\n'}
[6.667576] (workspace_gz) StderrLine: {'line': b'  256 |   if (\x1b[01;31m\x1b[Kthis\x1b[m\x1b[K->sdf->HasElement("silent"))\n'}
[6.667661] (workspace_gz) StderrLine: {'line': b'      |       \x1b[01;31m\x1b[K^~~~\x1b[m\x1b[K\n'}
[6.667738] (workspace_gz) StderrLine: {'line': b'\x1b[01m\x1b[K/home/aliomacc/sti_usv/src/usv_sim/workspace_gz/plugins/ScoringPlugin.cc:258:5:\x1b[m\x1b[K \x1b[01;31m\x1b[Kerror: \x1b[m\x1b[Kinvalid use of \xe2\x80\x98\x1b[01m\x1b[Kthis\x1b[m\x1b[K\xe2\x80\x99 in non-member function\n'}
[6.667814] (workspace_gz) StderrLine: {'line': b'  258 |     \x1b[01;31m\x1b[Kthis\x1b[m\x1b[K->silent = this->sdf->Get<bool>("silent");\n'}
[6.667889] (workspace_gz) StderrLine: {'line': b'      |     \x1b[01;31m\x1b[K^~~~\x1b[m\x1b[K\n'}
[6.667964] (workspace_gz) StderrLine: {'line': b'\x1b[01m\x1b[K/home/aliomacc/sti_usv/src/usv_sim/workspace_gz/plugins/ScoringPlugin.cc:258:20:\x1b[m\x1b[K \x1b[01;31m\x1b[Kerror: \x1b[m\x1b[Kinvalid use of \xe2\x80\x98\x1b[01m\x1b[Kthis\x1b[m\x1b[K\xe2\x80\x99 in non-member function\n'}
[6.668146] (workspace_gz) StderrLine: {'line': b'  258 |     this->silent = \x1b[01;31m\x1b[Kthis\x1b[m\x1b[K->sdf->Get<bool>("silent");\n'}
[6.668232] (workspace_gz) StderrLine: {'line': b'      |                    \x1b[01;31m\x1b[K^~~~\x1b[m\x1b[K\n'}
[6.668309] (workspace_gz) StderrLine: {'line': b'\x1b[01m\x1b[K/home/aliomacc/sti_usv/src/usv_sim/workspace_gz/plugins/ScoringPlugin.cc:258:35:\x1b[m\x1b[K \x1b[01;31m\x1b[Kerror: \x1b[m\x1b[Kexpected primary-expression before \xe2\x80\x98\x1b[01m\x1b[Kbool\x1b[m\x1b[K\xe2\x80\x99\n'}
[6.668638] (workspace_gz) StderrLine: {'line': b'  258 |     this->silent = this->sdf->Get<\x1b[01;31m\x1b[Kbool\x1b[m\x1b[K>("silent");\n'}
[6.668733] (workspace_gz) StderrLine: {'line': b'      |                                   \x1b[01;31m\x1b[K^~~~\x1b[m\x1b[K\n'}
[6.668812] (workspace_gz) StderrLine: {'line': b'\x1b[01m\x1b[K/home/aliomacc/sti_usv/src/usv_sim/workspace_gz/plugins/ScoringPlugin.cc:\x1b[m\x1b[K At global scope:\n'}
[6.669084] (workspace_gz) StderrLine: {'line': b'\x1b[01m\x1b[K/home/aliomacc/sti_usv/src/usv_sim/workspace_gz/plugins/ScoringPlugin.cc:265:21:\x1b[m\x1b[K \x1b[01;31m\x1b[Kerror: \x1b[m\x1b[K\xe2\x80\x98\x1b[01m\x1b[Kvrx::ScoringPlugin::Implementation\x1b[m\x1b[K\xe2\x80\x99 has not been declared\n'}
[6.669154] (workspace_gz) StderrLine: {'line': b'  265 | void ScoringPlugin::\x1b[01;31m\x1b[KImplementation\x1b[m\x1b[K::UpdateTime(\n'}
[6.669214] (workspace_gz) StderrLine: {'line': b'      |                     \x1b[01;31m\x1b[K^~~~~~~~~~~~~~\x1b[m\x1b[K\n'}
[6.669271] (workspace_gz) StderrLine: {'line': b'\x1b[01m\x1b[K/home/aliomacc/sti_usv/src/usv_sim/workspace_gz/plugins/ScoringPlugin.cc:\x1b[m\x1b[K In function \xe2\x80\x98\x1b[01m\x1b[Kvoid UpdateTime(std::chrono::duration<double>)\x1b[m\x1b[K\xe2\x80\x99:\n'}
[6.669334] (workspace_gz) StderrLine: {'line': b'\x1b[01m\x1b[K/home/aliomacc/sti_usv/src/usv_sim/workspace_gz/plugins/ScoringPlugin.cc:268:3:\x1b[m\x1b[K \x1b[01;31m\x1b[Kerror: \x1b[m\x1b[Kinvalid use of \xe2\x80\x98\x1b[01m\x1b[Kthis\x1b[m\x1b[K\xe2\x80\x99 in non-member function\n'}
[6.669411] (workspace_gz) StderrLine: {'line': b'  268 |   \x1b[01;31m\x1b[Kthis\x1b[m\x1b[K->currentTime = _simTime;\n'}
[6.669495] (workspace_gz) StderrLine: {'line': b'      |   \x1b[01;31m\x1b[K^~~~\x1b[m\x1b[K\n'}
[6.669632] (workspace_gz) StderrLine: {'line': b'\x1b[01m\x1b[K/home/aliomacc/sti_usv/src/usv_sim/workspace_gz/plugins/ScoringPlugin.cc:270:7:\x1b[m\x1b[K \x1b[01;31m\x1b[Kerror: \x1b[m\x1b[Kinvalid use of \xe2\x80\x98\x1b[01m\x1b[Kthis\x1b[m\x1b[K\xe2\x80\x99 in non-member function\n'}
[6.669693] (workspace_gz) StderrLine: {'line': b'  270 |   if (\x1b[01;31m\x1b[Kthis\x1b[m\x1b[K->taskState == "running")\n'}
[6.669750] (workspace_gz) StderrLine: {'line': b'      |       \x1b[01;31m\x1b[K^~~~\x1b[m\x1b[K\n'}
[6.669806] (workspace_gz) StderrLine: {'line': b'\x1b[01m\x1b[K/home/aliomacc/sti_usv/src/usv_sim/workspace_gz/plugins/ScoringPlugin.cc:272:5:\x1b[m\x1b[K \x1b[01;31m\x1b[Kerror: \x1b[m\x1b[Kinvalid use of \xe2\x80\x98\x1b[01m\x1b[Kthis\x1b[m\x1b[K\xe2\x80\x99 in non-member function\n'}
[6.669863] (workspace_gz) StderrLine: {'line': b'  272 |     \x1b[01;31m\x1b[Kthis\x1b[m\x1b[K->elapsedTime = this->currentTime - this->runningTime;\n'}
[6.669919] (workspace_gz) StderrLine: {'line': b'      |     \x1b[01;31m\x1b[K^~~~\x1b[m\x1b[K\n'}
[6.669974] (workspace_gz) StderrLine: {'line': b'\x1b[01m\x1b[K/home/aliomacc/sti_usv/src/usv_sim/workspace_gz/plugins/ScoringPlugin.cc:272:25:\x1b[m\x1b[K \x1b[01;31m\x1b[Kerror: \x1b[m\x1b[Kinvalid use of \xe2\x80\x98\x1b[01m\x1b[Kthis\x1b[m\x1b[K\xe2\x80\x99 in non-member function\n'}
[6.670030] (workspace_gz) StderrLine: {'line': b'  272 |     this->elapsedTime = \x1b[01;31m\x1b[Kthis\x1b[m\x1b[K->currentTime - this->runningTime;\n'}
[6.670086] (workspace_gz) StderrLine: {'line': b'      |                         \x1b[01;31m\x1b[K^~~~\x1b[m\x1b[K\n'}
[6.670141] (workspace_gz) StderrLine: {'line': b'\x1b[01m\x1b[K/home/aliomacc/sti_usv/src/usv_sim/workspace_gz/plugins/ScoringPlugin.cc:272:45:\x1b[m\x1b[K \x1b[01;31m\x1b[Kerror: \x1b[m\x1b[Kinvalid use of \xe2\x80\x98\x1b[01m\x1b[Kthis\x1b[m\x1b[K\xe2\x80\x99 in non-member function\n'}
[6.670197] (workspace_gz) StderrLine: {'line': b'  272 |     this->elapsedTime = this->currentTime - \x1b[01;31m\x1b[Kthis\x1b[m\x1b[K->runningTime;\n'}
[6.670254] (workspace_gz) StderrLine: {'line': b'      |                                             \x1b[01;31m\x1b[K^~~~\x1b[m\x1b[K\n'}
[6.670309] (workspace_gz) StderrLine: {'line': b'\x1b[01m\x1b[K/home/aliomacc/sti_usv/src/usv_sim/workspace_gz/plugins/ScoringPlugin.cc:273:5:\x1b[m\x1b[K \x1b[01;31m\x1b[Kerror: \x1b[m\x1b[Kinvalid use of \xe2\x80\x98\x1b[01m\x1b[Kthis\x1b[m\x1b[K\xe2\x80\x99 in non-member function\n'}
[6.670371] (workspace_gz) StderrLine: {'line': b'  273 |     \x1b[01;31m\x1b[Kthis\x1b[m\x1b[K->remainingTime = this->finishTime - this->currentTime;\n'}
[6.670426] (workspace_gz) StderrLine: {'line': b'      |     \x1b[01;31m\x1b[K^~~~\x1b[m\x1b[K\n'}
[6.670487] (workspace_gz) StderrLine: {'line': b'\x1b[01m\x1b[K/home/aliomacc/sti_usv/src/usv_sim/workspace_gz/plugins/ScoringPlugin.cc:273:27:\x1b[m\x1b[K \x1b[01;31m\x1b[Kerror: \x1b[m\x1b[Kinvalid use of \xe2\x80\x98\x1b[01m\x1b[Kthis\x1b[m\x1b[K\xe2\x80\x99 in non-member function\n'}
[6.670552] (workspace_gz) StderrLine: {'line': b'  273 |     this->remainingTime = \x1b[01;31m\x1b[Kthis\x1b[m\x1b[K->finishTime - this->currentTime;\n'}
[6.670608] (workspace_gz) StderrLine: {'line': b'      |                           \x1b[01;31m\x1b[K^~~~\x1b[m\x1b[K\n'}
[6.670662] (workspace_gz) StderrLine: {'line': b'\x1b[01m\x1b[K/home/aliomacc/sti_usv/src/usv_sim/workspace_gz/plugins/ScoringPlugin.cc:273:46:\x1b[m\x1b[K \x1b[01;31m\x1b[Kerror: \x1b[m\x1b[Kinvalid use of \xe2\x80\x98\x1b[01m\x1b[Kthis\x1b[m\x1b[K\xe2\x80\x99 in non-member function\n'}
[6.670717] (workspace_gz) StderrLine: {'line': b'  273 |     this->remainingTime = this->finishTime - \x1b[01;31m\x1b[Kthis\x1b[m\x1b[K->currentTime;\n'}
[6.670772] (workspace_gz) StderrLine: {'line': b'      |                                              \x1b[01;31m\x1b[K^~~~\x1b[m\x1b[K\n'}
[6.670826] (workspace_gz) StderrLine: {'line': b'\x1b[01m\x1b[K/home/aliomacc/sti_usv/src/usv_sim/workspace_gz/plugins/ScoringPlugin.cc:274:5:\x1b[m\x1b[K \x1b[01;31m\x1b[Kerror: \x1b[m\x1b[Kinvalid use of \xe2\x80\x98\x1b[01m\x1b[Kthis\x1b[m\x1b[K\xe2\x80\x99 in non-member function\n'}
[6.670885] (workspace_gz) StderrLine: {'line': b'  274 |     \x1b[01;31m\x1b[Kthis\x1b[m\x1b[K->timedOut = this->remainingTime <= std::chrono::duration<double>(0.0);\n'}
[6.670941] (workspace_gz) StderrLine: {'line': b'      |     \x1b[01;31m\x1b[K^~~~\x1b[m\x1b[K\n'}
[6.670995] (workspace_gz) StderrLine: {'line': b'\x1b[01m\x1b[K/home/aliomacc/sti_usv/src/usv_sim/workspace_gz/plugins/ScoringPlugin.cc:274:22:\x1b[m\x1b[K \x1b[01;31m\x1b[Kerror: \x1b[m\x1b[Kinvalid use of \xe2\x80\x98\x1b[01m\x1b[Kthis\x1b[m\x1b[K\xe2\x80\x99 in non-member function\n'}
[6.671051] (workspace_gz) StderrLine: {'line': b'  274 |     this->timedOut = \x1b[01;31m\x1b[Kthis\x1b[m\x1b[K->remainingTime <= std::chrono::duration<double>(0.0);\n'}
[6.671106] (workspace_gz) StderrLine: {'line': b'      |                      \x1b[01;31m\x1b[K^~~~\x1b[m\x1b[K\n'}
[6.671161] (workspace_gz) StderrLine: {'line': b'\x1b[01m\x1b[K/home/aliomacc/sti_usv/src/usv_sim/workspace_gz/plugins/ScoringPlugin.cc:\x1b[m\x1b[K In member function \xe2\x80\x98\x1b[01m\x1b[Kvoid vrx::ScoringPlugin::UpdateTaskState()\x1b[m\x1b[K\xe2\x80\x99:\n'}
[6.671217] (workspace_gz) StderrLine: {'line': b'\x1b[01m\x1b[K/home/aliomacc/sti_usv/src/usv_sim/workspace_gz/plugins/ScoringPlugin.cc:281:13:\x1b[m\x1b[K \x1b[01;31m\x1b[Kerror: \x1b[m\x1b[K\xe2\x80\x98\x1b[01m\x1b[Kclass vrx::ScoringPlugin\x1b[m\x1b[K\xe2\x80\x99 has no member named \xe2\x80\x98\x1b[01m\x1b[KdataPtr\x1b[m\x1b[K\xe2\x80\x99\n'}
[6.671279] (workspace_gz) StderrLine: {'line': b'  281 |   if (this->\x1b[01;31m\x1b[KdataPtr\x1b[m\x1b[K->taskState == "initial" &&\n'}
[6.671338] (workspace_gz) StderrLine: {'line': b'      |             \x1b[01;31m\x1b[K^~~~~~~\x1b[m\x1b[K\n'}
[6.671394] (workspace_gz) StderrLine: {'line': b'\x1b[01m\x1b[K/home/aliomacc/sti_usv/src/usv_sim/workspace_gz/plugins/ScoringPlugin.cc:282:13:\x1b[m\x1b[K \x1b[01;31m\x1b[Kerror: \x1b[m\x1b[K\xe2\x80\x98\x1b[01m\x1b[Kclass vrx::ScoringPlugin\x1b[m\x1b[K\xe2\x80\x99 has no member named \xe2\x80\x98\x1b[01m\x1b[KdataPtr\x1b[m\x1b[K\xe2\x80\x99\n'}
[6.671450] (workspace_gz) StderrLine: {'line': b'  282 |       this->\x1b[01;31m\x1b[KdataPtr\x1b[m\x1b[K->currentTime >= this->dataPtr->readyTime)\n'}
[6.671520] (workspace_gz) StderrLine: {'line': b'      |             \x1b[01;31m\x1b[K^~~~~~~\x1b[m\x1b[K\n'}
[6.671577] (workspace_gz) StderrLine: {'line': b'\x1b[01m\x1b[K/home/aliomacc/sti_usv/src/usv_sim/workspace_gz/plugins/ScoringPlugin.cc:282:43:\x1b[m\x1b[K \x1b[01;31m\x1b[Kerror: \x1b[m\x1b[K\xe2\x80\x98\x1b[01m\x1b[Kclass vrx::ScoringPlugin\x1b[m\x1b[K\xe2\x80\x99 has no member named \xe2\x80\x98\x1b[01m\x1b[KdataPtr\x1b[m\x1b[K\xe2\x80\x99\n'}
[6.671633] (workspace_gz) StderrLine: {'line': b'  282 |       this->dataPtr->currentTime >= this->\x1b[01;31m\x1b[KdataPtr\x1b[m\x1b[K->readyTime)\n'}
[6.671687] (workspace_gz) StderrLine: {'line': b'      |                                           \x1b[01;31m\x1b[K^~~~~~~\x1b[m\x1b[K\n'}
[6.671742] (workspace_gz) StderrLine: {'line': b'\x1b[01m\x1b[K/home/aliomacc/sti_usv/src/usv_sim/workspace_gz/plugins/ScoringPlugin.cc:284:11:\x1b[m\x1b[K \x1b[01;31m\x1b[Kerror: \x1b[m\x1b[K\xe2\x80\x98\x1b[01m\x1b[Kclass vrx::ScoringPlugin\x1b[m\x1b[K\xe2\x80\x99 has no member named \xe2\x80\x98\x1b[01m\x1b[KdataPtr\x1b[m\x1b[K\xe2\x80\x99\n'}
[6.671797] (workspace_gz) StderrLine: {'line': b'  284 |     this->\x1b[01;31m\x1b[KdataPtr\x1b[m\x1b[K->taskState = "ready";\n'}
[6.671851] (workspace_gz) StderrLine: {'line': b'      |           \x1b[01;31m\x1b[K^~~~~~~\x1b[m\x1b[K\n'}
[6.671905] (workspace_gz) StderrLine: {'line': b'\x1b[01m\x1b[K/home/aliomacc/sti_usv/src/usv_sim/workspace_gz/plugins/ScoringPlugin.cc:290:13:\x1b[m\x1b[K \x1b[01;31m\x1b[Kerror: \x1b[m\x1b[K\xe2\x80\x98\x1b[01m\x1b[Kclass vrx::ScoringPlugin\x1b[m\x1b[K\xe2\x80\x99 has no member named \xe2\x80\x98\x1b[01m\x1b[KdataPtr\x1b[m\x1b[K\xe2\x80\x99\n'}
[6.671961] (workspace_gz) StderrLine: {'line': b'  290 |   if (this->\x1b[01;31m\x1b[KdataPtr\x1b[m\x1b[K->taskState == "ready" &&\n'}
[6.672016] (workspace_gz) StderrLine: {'line': b'      |             \x1b[01;31m\x1b[K^~~~~~~\x1b[m\x1b[K\n'}
[6.672071] (workspace_gz) StderrLine: {'line': b'\x1b[01m\x1b[K/home/aliomacc/sti_usv/src/usv_sim/workspace_gz/plugins/ScoringPlugin.cc:291:13:\x1b[m\x1b[K \x1b[01;31m\x1b[Kerror: \x1b[m\x1b[K\xe2\x80\x98\x1b[01m\x1b[Kclass vrx::ScoringPlugin\x1b[m\x1b[K\xe2\x80\x99 has no member named \xe2\x80\x98\x1b[01m\x1b[KdataPtr\x1b[m\x1b[K\xe2\x80\x99\n'}
[6.672126] (workspace_gz) StderrLine: {'line': b'  291 |       this->\x1b[01;31m\x1b[KdataPtr\x1b[m\x1b[K->currentTime >= this->dataPtr->runningTime)\n'}
[6.672181] (workspace_gz) StderrLine: {'line': b'      |             \x1b[01;31m\x1b[K^~~~~~~\x1b[m\x1b[K\n'}
[6.672236] (workspace_gz) StderrLine: {'line': b'\x1b[01m\x1b[K/home/aliomacc/sti_usv/src/usv_sim/workspace_gz/plugins/ScoringPlugin.cc:291:43:\x1b[m\x1b[K \x1b[01;31m\x1b[Kerror: \x1b[m\x1b[K\xe2\x80\x98\x1b[01m\x1b[Kclass vrx::ScoringPlugin\x1b[m\x1b[K\xe2\x80\x99 has no member named \xe2\x80\x98\x1b[01m\x1b[KdataPtr\x1b[m\x1b[K\xe2\x80\x99\n'}
[6.672291] (workspace_gz) StderrLine: {'line': b'  291 |       this->dataPtr->currentTime >= this->\x1b[01;31m\x1b[KdataPtr\x1b[m\x1b[K->runningTime)\n'}
[6.672345] (workspace_gz) StderrLine: {'line': b'      |                                           \x1b[01;31m\x1b[K^~~~~~~\x1b[m\x1b[K\n'}
[6.672400] (workspace_gz) StderrLine: {'line': b'\x1b[01m\x1b[K/home/aliomacc/sti_usv/src/usv_sim/workspace_gz/plugins/ScoringPlugin.cc:293:11:\x1b[m\x1b[K \x1b[01;31m\x1b[Kerror: \x1b[m\x1b[K\xe2\x80\x98\x1b[01m\x1b[Kclass vrx::ScoringPlugin\x1b[m\x1b[K\xe2\x80\x99 has no member named \xe2\x80\x98\x1b[01m\x1b[KdataPtr\x1b[m\x1b[K\xe2\x80\x99\n'}
[6.672455] (workspace_gz) StderrLine: {'line': b'  293 |     this->\x1b[01;31m\x1b[KdataPtr\x1b[m\x1b[K->taskState = "running";\n'}
[6.672515] (workspace_gz) StderrLine: {'line': b'      |           \x1b[01;31m\x1b[K^~~~~~~\x1b[m\x1b[K\n'}
[6.672577] (workspace_gz) StderrLine: {'line': b'\x1b[01m\x1b[K/home/aliomacc/sti_usv/src/usv_sim/workspace_gz/plugins/ScoringPlugin.cc:298:13:\x1b[m\x1b[K \x1b[01;31m\x1b[Kerror: \x1b[m\x1b[K\xe2\x80\x98\x1b[01m\x1b[Kclass vrx::ScoringPlugin\x1b[m\x1b[K\xe2\x80\x99 has no member named \xe2\x80\x98\x1b[01m\x1b[KdataPtr\x1b[m\x1b[K\xe2\x80\x99\n'}
[6.672637] (workspace_gz) StderrLine: {'line': b'  298 |   if (this->\x1b[01;31m\x1b[KdataPtr\x1b[m\x1b[K->taskState == "running" && this->dataPtr->timedOut)\n'}
[6.672692] (workspace_gz) StderrLine: {'line': b'      |             \x1b[01;31m\x1b[K^~~~~~~\x1b[m\x1b[K\n'}
[6.672746] (workspace_gz) StderrLine: {'line': b'\x1b[01m\x1b[K/home/aliomacc/sti_usv/src/usv_sim/workspace_gz/plugins/ScoringPlugin.cc:298:54:\x1b[m\x1b[K \x1b[01;31m\x1b[Kerror: \x1b[m\x1b[K\xe2\x80\x98\x1b[01m\x1b[Kclass vrx::ScoringPlugin\x1b[m\x1b[K\xe2\x80\x99 has no member named \xe2\x80\x98\x1b[01m\x1b[KdataPtr\x1b[m\x1b[K\xe2\x80\x99\n'}
[6.672849] (workspace_gz) StderrLine: {'line': b'  298 |   if (this->dataPtr->taskState == "running" && this->\x1b[01;31m\x1b[KdataPtr\x1b[m\x1b[K->timedOut)\n'}
[6.672913] (workspace_gz) StderrLine: {'line': b'      |                                                      \x1b[01;31m\x1b[K^~~~~~~\x1b[m\x1b[K\n'}
[6.673013] (workspace_gz) StderrLine: {'line': b'\x1b[01m\x1b[K/home/aliomacc/sti_usv/src/usv_sim/workspace_gz/plugins/ScoringPlugin.cc:300:11:\x1b[m\x1b[K \x1b[01;31m\x1b[Kerror: \x1b[m\x1b[K\xe2\x80\x98\x1b[01m\x1b[Kclass vrx::ScoringPlugin\x1b[m\x1b[K\xe2\x80\x99 has no member named \xe2\x80\x98\x1b[01m\x1b[KdataPtr\x1b[m\x1b[K\xe2\x80\x99\n'}
[6.673074] (workspace_gz) StderrLine: {'line': b'  300 |     this->\x1b[01;31m\x1b[KdataPtr\x1b[m\x1b[K->taskState = "finished";\n'}
[6.673130] (workspace_gz) StderrLine: {'line': b'      |           \x1b[01;31m\x1b[K^~~~~~~\x1b[m\x1b[K\n'}
[6.673184] (workspace_gz) StderrLine: {'line': b'\x1b[01m\x1b[K/home/aliomacc/sti_usv/src/usv_sim/workspace_gz/plugins/ScoringPlugin.cc:305:13:\x1b[m\x1b[K \x1b[01;31m\x1b[Kerror: \x1b[m\x1b[K\xe2\x80\x98\x1b[01m\x1b[Kclass vrx::ScoringPlugin\x1b[m\x1b[K\xe2\x80\x99 has no member named \xe2\x80\x98\x1b[01m\x1b[KdataPtr\x1b[m\x1b[K\xe2\x80\x99\n'}
[6.673240] (workspace_gz) StderrLine: {'line': b'  305 |   if (this->\x1b[01;31m\x1b[KdataPtr\x1b[m\x1b[K->taskState == "finished" &&\n'}
[6.673294] (workspace_gz) StderrLine: {'line': b'      |             \x1b[01;31m\x1b[K^~~~~~~\x1b[m\x1b[K\n'}
[6.673348] (workspace_gz) StderrLine: {'line': b'\x1b[01m\x1b[K/home/aliomacc/sti_usv/src/usv_sim/workspace_gz/plugins/ScoringPlugin.cc:306:13:\x1b[m\x1b[K \x1b[01;31m\x1b[Kerror: \x1b[m\x1b[K\xe2\x80\x98\x1b[01m\x1b[Kclass vrx::ScoringPlugin\x1b[m\x1b[K\xe2\x80\x99 has no member named \xe2\x80\x98\x1b[01m\x1b[KdataPtr\x1b[m\x1b[K\xe2\x80\x99\n'}
[6.673417] (workspace_gz) StderrLine: {'line': b'  306 |       this->\x1b[01;31m\x1b[KdataPtr\x1b[m\x1b[K->currentTime >= this->dataPtr->exitTime)\n'}
[6.673472] (workspace_gz) StderrLine: {'line': b'      |             \x1b[01;31m\x1b[K^~~~~~~\x1b[m\x1b[K\n'}
[6.673542] (workspace_gz) StderrLine: {'line': b'\x1b[01m\x1b[K/home/aliomacc/sti_usv/src/usv_sim/workspace_gz/plugins/ScoringPlugin.cc:306:43:\x1b[m\x1b[K \x1b[01;31m\x1b[Kerror: \x1b[m\x1b[K\xe2\x80\x98\x1b[01m\x1b[Kclass vrx::ScoringPlugin\x1b[m\x1b[K\xe2\x80\x99 has no member named \xe2\x80\x98\x1b[01m\x1b[KdataPtr\x1b[m\x1b[K\xe2\x80\x99\n'}
[6.673601] (workspace_gz) StderrLine: {'line': b'  306 |       this->dataPtr->currentTime >= this->\x1b[01;31m\x1b[KdataPtr\x1b[m\x1b[K->exitTime)\n'}
[6.673656] (workspace_gz) StderrLine: {'line': b'      |                                           \x1b[01;31m\x1b[K^~~~~~~\x1b[m\x1b[K\n'}
[6.673711] (workspace_gz) StderrLine: {'line': b'\x1b[01m\x1b[K/home/aliomacc/sti_usv/src/usv_sim/workspace_gz/plugins/ScoringPlugin.cc:308:11:\x1b[m\x1b[K \x1b[01;31m\x1b[Kerror: \x1b[m\x1b[K\xe2\x80\x98\x1b[01m\x1b[Kclass vrx::ScoringPlugin\x1b[m\x1b[K\xe2\x80\x99 has no member named \xe2\x80\x98\x1b[01m\x1b[KdataPtr\x1b[m\x1b[K\xe2\x80\x99\n'}
[6.673767] (workspace_gz) StderrLine: {'line': b'  308 |     this->\x1b[01;31m\x1b[KdataPtr\x1b[m\x1b[K->Exit();\n'}
[6.673822] (workspace_gz) StderrLine: {'line': b'      |           \x1b[01;31m\x1b[K^~~~~~~\x1b[m\x1b[K\n'}
[6.673876] (workspace_gz) StderrLine: {'line': b'\x1b[01m\x1b[K/home/aliomacc/sti_usv/src/usv_sim/workspace_gz/plugins/ScoringPlugin.cc:\x1b[m\x1b[K At global scope:\n'}
[6.673936] (workspace_gz) StderrLine: {'line': b'\x1b[01m\x1b[K/home/aliomacc/sti_usv/src/usv_sim/workspace_gz/plugins/ScoringPlugin.cc:314:21:\x1b[m\x1b[K \x1b[01;31m\x1b[Kerror: \x1b[m\x1b[K\xe2\x80\x98\x1b[01m\x1b[Kvrx::ScoringPlugin::Implementation\x1b[m\x1b[K\xe2\x80\x99 has not been declared\n'}
[6.673993] (workspace_gz) StderrLine: {'line': b'  314 | void ScoringPlugin::\x1b[01;31m\x1b[KImplementation\x1b[m\x1b[K::UpdateTaskMessage()\n'}
[6.674048] (workspace_gz) StderrLine: {'line': b'      |                     \x1b[01;31m\x1b[K^~~~~~~~~~~~~~\x1b[m\x1b[K\n'}
[6.674103] (workspace_gz) StderrLine: {'line': b'\x1b[01m\x1b[K/home/aliomacc/sti_usv/src/usv_sim/workspace_gz/plugins/ScoringPlugin.cc:\x1b[m\x1b[K In function \xe2\x80\x98\x1b[01m\x1b[Kvoid UpdateTaskMessage()\x1b[m\x1b[K\xe2\x80\x99:\n'}
[6.674159] (workspace_gz) StderrLine: {'line': b'\x1b[01m\x1b[K/home/aliomacc/sti_usv/src/usv_sim/workspace_gz/plugins/ScoringPlugin.cc:316:17:\x1b[m\x1b[K \x1b[01;31m\x1b[Kerror: \x1b[m\x1b[Kinvalid use of \xe2\x80\x98\x1b[01m\x1b[Kthis\x1b[m\x1b[K\xe2\x80\x99 in non-member function\n'}
[6.674215] (workspace_gz) StderrLine: {'line': b'  316 |   auto *param = \x1b[01;31m\x1b[Kthis\x1b[m\x1b[K->taskMsg.mutable_params();\n'}
[6.674270] (workspace_gz) StderrLine: {'line': b'      |                 \x1b[01;31m\x1b[K^~~~\x1b[m\x1b[K\n'}
[6.674324] (workspace_gz) StderrLine: {'line': b'\x1b[01m\x1b[K/home/aliomacc/sti_usv/src/usv_sim/workspace_gz/plugins/ScoringPlugin.cc:318:38:\x1b[m\x1b[K \x1b[01;31m\x1b[Kerror: \x1b[m\x1b[Kinvalid use of \xe2\x80\x98\x1b[01m\x1b[Kthis\x1b[m\x1b[K\xe2\x80\x99 in non-member function\n'}
[6.674379] (workspace_gz) StderrLine: {'line': b'  318 |   (*param)["state"].set_string_value(\x1b[01;31m\x1b[Kthis\x1b[m\x1b[K->taskState);\n'}
[6.674433] (workspace_gz) StderrLine: {'line': b'      |                                      \x1b[01;31m\x1b[K^~~~\x1b[m\x1b[K\n'}
[6.674496] (workspace_gz) StderrLine: {'line': b'\x1b[01m\x1b[K/home/aliomacc/sti_usv/src/usv_sim/workspace_gz/plugins/ScoringPlugin.cc:319:45:\x1b[m\x1b[K \x1b[01;31m\x1b[Kerror: \x1b[m\x1b[Kinvalid use of \xe2\x80\x98\x1b[01m\x1b[Kthis\x1b[m\x1b[K\xe2\x80\x99 in non-member function\n'}
[6.674559] (workspace_gz) StderrLine: {'line': b'  319 |   (*param)["elapsed_time"].set_double_value(\x1b[01;31m\x1b[Kthis\x1b[m\x1b[K->elapsedTime.count());\n'}
[6.674614] (workspace_gz) StderrLine: {'line': b'      |                                             \x1b[01;31m\x1b[K^~~~\x1b[m\x1b[K\n'}
[6.674669] (workspace_gz) StderrLine: {'line': b'\x1b[01m\x1b[K/home/aliomacc/sti_usv/src/usv_sim/workspace_gz/plugins/ScoringPlugin.cc:320:47:\x1b[m\x1b[K \x1b[01;31m\x1b[Kerror: \x1b[m\x1b[Kinvalid use of \xe2\x80\x98\x1b[01m\x1b[Kthis\x1b[m\x1b[K\xe2\x80\x99 in non-member function\n'}
[6.674729] (workspace_gz) StderrLine: {'line': b'  320 |   (*param)["remaining_time"].set_double_value(\x1b[01;31m\x1b[Kthis\x1b[m\x1b[K->remainingTime.count());\n'}
[6.674784] (workspace_gz) StderrLine: {'line': b'      |                                               \x1b[01;31m\x1b[K^~~~\x1b[m\x1b[K\n'}
[6.674839] (workspace_gz) StderrLine: {'line': b'\x1b[01m\x1b[K/home/aliomacc/sti_usv/src/usv_sim/workspace_gz/plugins/ScoringPlugin.cc:321:40:\x1b[m\x1b[K \x1b[01;31m\x1b[Kerror: \x1b[m\x1b[Kinvalid use of \xe2\x80\x98\x1b[01m\x1b[Kthis\x1b[m\x1b[K\xe2\x80\x99 in non-member function\n'}
[6.674894] (workspace_gz) StderrLine: {'line': b'  321 |   (*param)["timed_out"].set_bool_value(\x1b[01;31m\x1b[Kthis\x1b[m\x1b[K->timedOut);\n'}
[6.674949] (workspace_gz) StderrLine: {'line': b'      |                                        \x1b[01;31m\x1b[K^~~~\x1b[m\x1b[K\n'}
[6.675004] (workspace_gz) StderrLine: {'line': b'\x1b[01m\x1b[K/home/aliomacc/sti_usv/src/usv_sim/workspace_gz/plugins/ScoringPlugin.cc:322:44:\x1b[m\x1b[K \x1b[01;31m\x1b[Kerror: \x1b[m\x1b[Kinvalid use of \xe2\x80\x98\x1b[01m\x1b[Kthis\x1b[m\x1b[K\xe2\x80\x99 in non-member function\n'}
[6.675060] (workspace_gz) StderrLine: {'line': b'  322 |   (*param)["num_collisions"].set_int_value(\x1b[01;31m\x1b[Kthis\x1b[m\x1b[K->numCollisions);\n'}
[6.675119] (workspace_gz) StderrLine: {'line': b'      |                                            \x1b[01;31m\x1b[K^~~~\x1b[m\x1b[K\n'}
[6.675174] (workspace_gz) StderrLine: {'line': b'\x1b[01m\x1b[K/home/aliomacc/sti_usv/src/usv_sim/workspace_gz/plugins/ScoringPlugin.cc:323:38:\x1b[m\x1b[K \x1b[01;31m\x1b[Kerror: \x1b[m\x1b[Kinvalid use of \xe2\x80\x98\x1b[01m\x1b[Kthis\x1b[m\x1b[K\xe2\x80\x99 in non-member function\n'}
[6.675229] (workspace_gz) StderrLine: {'line': b'  323 |   (*param)["score"].set_double_value(\x1b[01;31m\x1b[Kthis\x1b[m\x1b[K->score);\n'}
[6.675283] (workspace_gz) StderrLine: {'line': b'      |                                      \x1b[01;31m\x1b[K^~~~\x1b[m\x1b[K\n'}
[6.675337] (workspace_gz) StderrLine: {'line': b'\x1b[01m\x1b[K/home/aliomacc/sti_usv/src/usv_sim/workspace_gz/plugins/ScoringPlugin.cc:\x1b[m\x1b[K At global scope:\n'}
[6.675391] (workspace_gz) StderrLine: {'line': b'\x1b[01m\x1b[K/home/aliomacc/sti_usv/src/usv_sim/workspace_gz/plugins/ScoringPlugin.cc:327:21:\x1b[m\x1b[K \x1b[01;31m\x1b[Kerror: \x1b[m\x1b[K\xe2\x80\x98\x1b[01m\x1b[Kvrx::ScoringPlugin::Implementation\x1b[m\x1b[K\xe2\x80\x99 has not been declared\n'}
[6.675450] (workspace_gz) StderrLine: {'line': b'  327 | void ScoringPlugin::\x1b[01;31m\x1b[KImplementation\x1b[m\x1b[K::PublishStats()\n'}
[6.675513] (workspace_gz) StderrLine: {'line': b'      |                     \x1b[01;31m\x1b[K^~~~~~~~~~~~~~\x1b[m\x1b[K\n'}
[6.675573] (workspace_gz) StderrLine: {'line': b'\x1b[01m\x1b[K/home/aliomacc/sti_usv/src/usv_sim/workspace_gz/plugins/ScoringPlugin.cc:\x1b[m\x1b[K In function \xe2\x80\x98\x1b[01m\x1b[Kvoid PublishStats()\x1b[m\x1b[K\xe2\x80\x99:\n'}
[6.675629] (workspace_gz) StderrLine: {'line': b'\x1b[01m\x1b[K/home/aliomacc/sti_usv/src/usv_sim/workspace_gz/plugins/ScoringPlugin.cc:329:3:\x1b[m\x1b[K \x1b[01;31m\x1b[Kerror: \x1b[m\x1b[Kinvalid use of \xe2\x80\x98\x1b[01m\x1b[Kthis\x1b[m\x1b[K\xe2\x80\x99 in non-member function\n'}
[6.675683] (workspace_gz) StderrLine: {'line': b'  329 |   \x1b[01;31m\x1b[Kthis\x1b[m\x1b[K->UpdateTaskMessage();\n'}
[6.675738] (workspace_gz) StderrLine: {'line': b'      |   \x1b[01;31m\x1b[K^~~~\x1b[m\x1b[K\n'}
[6.675792] (workspace_gz) StderrLine: {'line': b'\x1b[01m\x1b[K/home/aliomacc/sti_usv/src/usv_sim/workspace_gz/plugins/ScoringPlugin.cc:332:7:\x1b[m\x1b[K \x1b[01;31m\x1b[Kerror: \x1b[m\x1b[Kinvalid use of \xe2\x80\x98\x1b[01m\x1b[Kthis\x1b[m\x1b[K\xe2\x80\x99 in non-member function\n'}
[6.675847] (workspace_gz) StderrLine: {'line': b'  332 |   if (\x1b[01;31m\x1b[Kthis\x1b[m\x1b[K->currentTime - this->lastStatsSent >=\n'}
[6.675902] (workspace_gz) StderrLine: {'line': b'      |       \x1b[01;31m\x1b[K^~~~\x1b[m\x1b[K\n'}
[6.675956] (workspace_gz) StderrLine: {'line': b'\x1b[01m\x1b[K/home/aliomacc/sti_usv/src/usv_sim/workspace_gz/plugins/ScoringPlugin.cc:332:27:\x1b[m\x1b[K \x1b[01;31m\x1b[Kerror: \x1b[m\x1b[Kinvalid use of \xe2\x80\x98\x1b[01m\x1b[Kthis\x1b[m\x1b[K\xe2\x80\x99 in non-member function\n'}
[6.676012] (workspace_gz) StderrLine: {'line': b'  332 |   if (this->currentTime - \x1b[01;31m\x1b[Kthis\x1b[m\x1b[K->lastStatsSent >=\n'}
[6.676067] (workspace_gz) StderrLine: {'line': b'      |                           \x1b[01;31m\x1b[K^~~~\x1b[m\x1b[K\n'}
[6.676122] (workspace_gz) StderrLine: {'line': b'\x1b[01m\x1b[K/home/aliomacc/sti_usv/src/usv_sim/workspace_gz/plugins/ScoringPlugin.cc:335:5:\x1b[m\x1b[K \x1b[01;31m\x1b[Kerror: \x1b[m\x1b[Kinvalid use of \xe2\x80\x98\x1b[01m\x1b[Kthis\x1b[m\x1b[K\xe2\x80\x99 in non-member function\n'}
[6.676177] (workspace_gz) StderrLine: {'line': b'  335 |     \x1b[01;31m\x1b[Kthis\x1b[m\x1b[K->taskPub.Publish(this->taskMsg);\n'}
[6.676231] (workspace_gz) StderrLine: {'line': b'      |     \x1b[01;31m\x1b[K^~~~\x1b[m\x1b[K\n'}
[6.676286] (workspace_gz) StderrLine: {'line': b'\x1b[01m\x1b[K/home/aliomacc/sti_usv/src/usv_sim/workspace_gz/plugins/ScoringPlugin.cc:335:27:\x1b[m\x1b[K \x1b[01;31m\x1b[Kerror: \x1b[m\x1b[Kinvalid use of \xe2\x80\x98\x1b[01m\x1b[Kthis\x1b[m\x1b[K\xe2\x80\x99 in non-member function\n'}
[6.676344] (workspace_gz) StderrLine: {'line': b'  335 |     this->taskPub.Publish(\x1b[01;31m\x1b[Kthis\x1b[m\x1b[K->taskMsg);\n'}
[6.676399] (workspace_gz) StderrLine: {'line': b'      |                           \x1b[01;31m\x1b[K^~~~\x1b[m\x1b[K\n'}
[6.676454] (workspace_gz) StderrLine: {'line': b'\x1b[01m\x1b[K/home/aliomacc/sti_usv/src/usv_sim/workspace_gz/plugins/ScoringPlugin.cc:336:5:\x1b[m\x1b[K \x1b[01;31m\x1b[Kerror: \x1b[m\x1b[Kinvalid use of \xe2\x80\x98\x1b[01m\x1b[Kthis\x1b[m\x1b[K\xe2\x80\x99 in non-member function\n'}
[6.676517] (workspace_gz) StderrLine: {'line': b'  336 |     \x1b[01;31m\x1b[Kthis\x1b[m\x1b[K->lastStatsSent = this->currentTime;\n'}
[6.676573] (workspace_gz) StderrLine: {'line': b'      |     \x1b[01;31m\x1b[K^~~~\x1b[m\x1b[K\n'}
[6.676628] (workspace_gz) StderrLine: {'line': b'\x1b[01m\x1b[K/home/aliomacc/sti_usv/src/usv_sim/workspace_gz/plugins/ScoringPlugin.cc:336:27:\x1b[m\x1b[K \x1b[01;31m\x1b[Kerror: \x1b[m\x1b[Kinvalid use of \xe2\x80\x98\x1b[01m\x1b[Kthis\x1b[m\x1b[K\xe2\x80\x99 in non-member function\n'}
[6.676682] (workspace_gz) StderrLine: {'line': b'  336 |     this->lastStatsSent = \x1b[01;31m\x1b[Kthis\x1b[m\x1b[K->currentTime;\n'}
[6.676737] (workspace_gz) StderrLine: {'line': b'      |                           \x1b[01;31m\x1b[K^~~~\x1b[m\x1b[K\n'}
[6.676794] (workspace_gz) StderrLine: {'line': b'\x1b[01m\x1b[K/home/aliomacc/sti_usv/src/usv_sim/workspace_gz/plugins/ScoringPlugin.cc:\x1b[m\x1b[K At global scope:\n'}
[6.676850] (workspace_gz) StderrLine: {'line': b'\x1b[01m\x1b[K/home/aliomacc/sti_usv/src/usv_sim/workspace_gz/plugins/ScoringPlugin.cc:341:21:\x1b[m\x1b[K \x1b[01;31m\x1b[Kerror: \x1b[m\x1b[K\xe2\x80\x98\x1b[01m\x1b[Kvrx::ScoringPlugin::Implementation\x1b[m\x1b[K\xe2\x80\x99 has not been declared\n'}
[6.676906] (workspace_gz) StderrLine: {'line': b'  341 | void ScoringPlugin::\x1b[01;31m\x1b[KImplementation\x1b[m\x1b[K::Exit()\n'}
[6.676961] (workspace_gz) StderrLine: {'line': b'      |                     \x1b[01;31m\x1b[K^~~~~~~~~~~~~~\x1b[m\x1b[K\n'}
[6.677015] (workspace_gz) StderrLine: {'line': b'\x1b[01m\x1b[K/home/aliomacc/sti_usv/src/usv_sim/workspace_gz/plugins/ScoringPlugin.cc:\x1b[m\x1b[K In function \xe2\x80\x98\x1b[01m\x1b[Kvoid Exit()\x1b[m\x1b[K\xe2\x80\x99:\n'}
[6.677070] (workspace_gz) StderrLine: {'line': b'\x1b[01m\x1b[K/home/aliomacc/sti_usv/src/usv_sim/workspace_gz/plugins/ScoringPlugin.cc:343:15:\x1b[m\x1b[K \x1b[01;31m\x1b[Kerror: \x1b[m\x1b[Kinvalid use of \xe2\x80\x98\x1b[01m\x1b[Kthis\x1b[m\x1b[K\xe2\x80\x99 in non-member function\n'}
[6.677125] (workspace_gz) StderrLine: {'line': b'  343 |   bool exit = \x1b[01;31m\x1b[Kthis\x1b[m\x1b[K->perPluginExitOnCompletion;\n'}
[6.677180] (workspace_gz) StderrLine: {'line': b'      |               \x1b[01;31m\x1b[K^~~~\x1b[m\x1b[K\n'}
[6.677235] (workspace_gz) StderrLine: {'line': b'\x1b[01m\x1b[K/home/aliomacc/sti_usv/src/usv_sim/workspace_gz/plugins/ScoringPlugin.cc:355:5:\x1b[m\x1b[K \x1b[01;31m\x1b[Kerror: \x1b[m\x1b[Kinvalid use of \xe2\x80\x98\x1b[01m\x1b[Kthis\x1b[m\x1b[K\xe2\x80\x99 in non-member function\n'}
[6.677290] (workspace_gz) StderrLine: {'line': b'  355 |     \x1b[01;31m\x1b[Kthis\x1b[m\x1b[K->eventManager->Emit<sim::events::Stop>();\n'}
[6.677343] (workspace_gz) StderrLine: {'line': b'      |     \x1b[01;31m\x1b[K^~~~\x1b[m\x1b[K\n'}
[6.677397] (workspace_gz) StderrLine: {'line': b'\x1b[01m\x1b[K/home/aliomacc/sti_usv/src/usv_sim/workspace_gz/plugins/ScoringPlugin.cc:355:47:\x1b[m\x1b[K \x1b[01;31m\x1b[Kerror: \x1b[m\x1b[Kexpected primary-expression before \xe2\x80\x98\x1b[01m\x1b[K>\x1b[m\x1b[K\xe2\x80\x99 token\n'}
[6.677452] (workspace_gz) StderrLine: {'line': b'  355 |     this->eventManager->Emit<sim::events::Stop\x1b[01;31m\x1b[K>\x1b[m\x1b[K();\n'}
[6.677510] (workspace_gz) StderrLine: {'line': b'      |                                               \x1b[01;31m\x1b[K^\x1b[m\x1b[K\n'}
[6.677570] (workspace_gz) StderrLine: {'line': b'\x1b[01m\x1b[K/home/aliomacc/sti_usv/src/usv_sim/workspace_gz/plugins/ScoringPlugin.cc:355:49:\x1b[m\x1b[K \x1b[01;31m\x1b[Kerror: \x1b[m\x1b[Kexpected primary-expression before \xe2\x80\x98\x1b[01m\x1b[K)\x1b[m\x1b[K\xe2\x80\x99 token\n'}
[6.677631] (workspace_gz) StderrLine: {'line': b'  355 |     this->eventManager->Emit<sim::events::Stop>(\x1b[01;31m\x1b[K)\x1b[m\x1b[K;\n'}
[6.677685] (workspace_gz) StderrLine: {'line': b'      |                                                 \x1b[01;31m\x1b[K^\x1b[m\x1b[K\n'}
[6.677746] (workspace_gz) StderrLine: {'line': b'\x1b[01m\x1b[K/home/aliomacc/sti_usv/src/usv_sim/workspace_gz/plugins/ScoringPlugin.cc:359:5:\x1b[m\x1b[K \x1b[01;31m\x1b[Kerror: \x1b[m\x1b[K\xe2\x80\x98\x1b[01m\x1b[Kgzerr\x1b[m\x1b[K\xe2\x80\x99 was not declared in this scope\n'}
[6.677801] (workspace_gz) StderrLine: {'line': b'  359 |     \x1b[01;31m\x1b[Kgzerr\x1b[m\x1b[K << "VRX_EXIT_ON_COMPLETION and <per_plugin_exit_on_completion> "\n'}
[6.677856] (workspace_gz) StderrLine: {'line': b'      |     \x1b[01;31m\x1b[K^~~~~\x1b[m\x1b[K\n'}
[6.677910] (workspace_gz) StderrLine: {'line': b'\x1b[01m\x1b[K/home/aliomacc/sti_usv/src/usv_sim/workspace_gz/plugins/ScoringPlugin.cc:\x1b[m\x1b[K In constructor \xe2\x80\x98\x1b[01m\x1b[Kvrx::ScoringPlugin::ScoringPlugin()\x1b[m\x1b[K\xe2\x80\x99:\n'}
[6.677965] (workspace_gz) StderrLine: {'line': b'\x1b[01m\x1b[K/home/aliomacc/sti_usv/src/usv_sim/workspace_gz/plugins/ScoringPlugin.cc:368:15:\x1b[m\x1b[K \x1b[01;31m\x1b[Kerror: \x1b[m\x1b[Kclass \xe2\x80\x98\x1b[01m\x1b[Kvrx::ScoringPlugin\x1b[m\x1b[K\xe2\x80\x99 does not have any field named \xe2\x80\x98\x1b[01m\x1b[KdataPtr\x1b[m\x1b[K\xe2\x80\x99\n'}
[6.678021] (workspace_gz) StderrLine: {'line': b'  368 |   : System(), \x1b[01;31m\x1b[KdataPtr\x1b[m\x1b[K(utils::MakeUniqueImpl<Implementation>())\n'}
[6.678076] (workspace_gz) StderrLine: {'line': b'      |               \x1b[01;31m\x1b[K^~~~~~~\x1b[m\x1b[K\n'}
[6.680130] (workspace_gz) StderrLine: {'line': b'\x1b[01m\x1b[K/home/aliomacc/sti_usv/src/usv_sim/workspace_gz/plugins/ScoringPlugin.cc:368:45:\x1b[m\x1b[K \x1b[01;31m\x1b[Kerror: \x1b[m\x1b[K\xe2\x80\x98\x1b[01m\x1b[KImplementation\x1b[m\x1b[K\xe2\x80\x99 was not declared in this scope\n'}
[6.680495] (workspace_gz) StderrLine: {'line': b'  368 |   : System(), dataPtr(utils::MakeUniqueImpl<\x1b[01;31m\x1b[KImplementation\x1b[m\x1b[K>())\n'}
[6.680595] (workspace_gz) StderrLine: {'line': b'      |                                             \x1b[01;31m\x1b[K^~~~~~~~~~~~~~\x1b[m\x1b[K\n'}
[6.680660] (workspace_gz) StderrLine: {'line': b'\x1b[01m\x1b[K/home/aliomacc/sti_usv/src/usv_sim/workspace_gz/plugins/ScoringPlugin.cc:368:60:\x1b[m\x1b[K \x1b[01;31m\x1b[Kerror: \x1b[m\x1b[Kno matching function for call to \xe2\x80\x98\x1b[01m\x1b[KMakeUniqueImpl<<expression error> >()\x1b[m\x1b[K\xe2\x80\x99\n'}
[6.680724] (workspace_gz) StderrLine: {'line': b'  368 |   : System(), dataPtr(\x1b[01;31m\x1b[Kutils::MakeUniqueImpl<Implementation>()\x1b[m\x1b[K)\n'}
[6.680783] (workspace_gz) StderrLine: {'line': b'      |                       \x1b[01;31m\x1b[K~~~~~~~~~~~~~~~~~~~~~~~~~~~~~~~~~~~~~^~\x1b[m\x1b[K\n'}
[6.680840] (workspace_gz) StderrLine: {'line': b'In file included from \x1b[01m\x1b[K/usr/include/ignition/utils1/gz/utils/ImplPtr.hh:259\x1b[m\x1b[K,\n'}
[6.680903] (workspace_gz) StderrLine: {'line': b'                 from \x1b[01m\x1b[K/usr/include/ignition/sdformat12/sdf/PrintConfig.hh:21\x1b[m\x1b[K,\n'}
[6.680963] (workspace_gz) StderrLine: {'line': b'                 from \x1b[01m\x1b[K/usr/include/ignition/sdformat12/sdf/Param.hh:39\x1b[m\x1b[K,\n'}
[6.681022] (workspace_gz) StderrLine: {'line': b'                 from \x1b[01m\x1b[K/usr/include/ignition/sdformat12/sdf/Element.hh:28\x1b[m\x1b[K,\n'}
[6.681136] (workspace_gz) StderrLine: {'line': b'                 from \x1b[01m\x1b[K/usr/include/ignition/gazebo6/gz/sim/Events.hh:20\x1b[m\x1b[K,\n'}
[6.681195] (workspace_gz) StderrLine: {'line': b'                 from \x1b[01m\x1b[K/home/aliomacc/sti_usv/src/usv_sim/workspace_gz/plugins/ScoringPlugin.cc:25\x1b[m\x1b[K:\n'}
[6.681252] (workspace_gz) StderrLine: {'line': b'\x1b[01m\x1b[K/usr/include/ignition/utils1/gz/utils/detail/ImplPtr.hh:142:22:\x1b[m\x1b[K \x1b[01;36m\x1b[Knote: \x1b[m\x1b[Kcandidate: \xe2\x80\x98\x1b[01m\x1b[Ktemplate<class T, class ... Args> ignition::utils::UniqueImplPtr<T> ignition::utils::MakeUniqueImpl(Args&& ...)\x1b[m\x1b[K\xe2\x80\x99\n'}
[6.681315] (workspace_gz) StderrLine: {'line': b'  142 |     UniqueImplPtr<T> \x1b[01;36m\x1b[KMakeUniqueImpl\x1b[m\x1b[K(Args &&...args)\n'}
[6.681372] (workspace_gz) StderrLine: {'line': b'      |                      \x1b[01;36m\x1b[K^~~~~~~~~~~~~~\x1b[m\x1b[K\n'}
[6.681428] (workspace_gz) StderrLine: {'line': b'\x1b[01m\x1b[K/usr/include/ignition/utils1/gz/utils/detail/ImplPtr.hh:142:22:\x1b[m\x1b[K \x1b[01;36m\x1b[Knote: \x1b[m\x1b[K  template argument deduction/substitution failed:\n'}
[6.681500] (workspace_gz) StderrLine: {'line': b'\x1b[01m\x1b[K/home/aliomacc/sti_usv/src/usv_sim/workspace_gz/plugins/ScoringPlugin.cc:368:60:\x1b[m\x1b[K \x1b[01;31m\x1b[Kerror: \x1b[m\x1b[Ktemplate argument 1 is invalid\n'}
[6.681570] (workspace_gz) StderrLine: {'line': b'  368 |   : System(), dataPtr(\x1b[01;31m\x1b[Kutils::MakeUniqueImpl<Implementation>()\x1b[m\x1b[K)\n'}
[6.681626] (workspace_gz) StderrLine: {'line': b'      |                       \x1b[01;31m\x1b[K~~~~~~~~~~~~~~~~~~~~~~~~~~~~~~~~~~~~~^~\x1b[m\x1b[K\n'}
[6.681681] (workspace_gz) StderrLine: {'line': b'\x1b[01m\x1b[K/home/aliomacc/sti_usv/src/usv_sim/workspace_gz/plugins/ScoringPlugin.cc:\x1b[m\x1b[K In member function \xe2\x80\x98\x1b[01m\x1b[Kvirtual void vrx::ScoringPlugin::Configure(const Entity&, const std::shared_ptr<const sdf::v12::Element>&, ignition::gazebo::v6::EntityComponentManager&, ignition::gazebo::v6::EventManager&)\x1b[m\x1b[K\xe2\x80\x99:\n'}
[6.681740] (workspace_gz) StderrLine: {'line': b'\x1b[01m\x1b[K/home/aliomacc/sti_usv/src/usv_sim/workspace_gz/plugins/ScoringPlugin.cc:378:9:\x1b[m\x1b[K \x1b[01;31m\x1b[Kerror: \x1b[m\x1b[K\xe2\x80\x98\x1b[01m\x1b[Kclass vrx::ScoringPlugin\x1b[m\x1b[K\xe2\x80\x99 has no member named \xe2\x80\x98\x1b[01m\x1b[KdataPtr\x1b[m\x1b[K\xe2\x80\x99\n'}
[6.681798] (workspace_gz) StderrLine: {'line': b'  378 |   this->\x1b[01;31m\x1b[KdataPtr\x1b[m\x1b[K->sdf = _sdf->Clone();\n'}
[6.681854] (workspace_gz) StderrLine: {'line': b'      |         \x1b[01;31m\x1b[K^~~~~~~\x1b[m\x1b[K\n'}
[6.683054] (workspace_gz) StderrLine: {'line': b'\x1b[01m\x1b[K/home/aliomacc/sti_usv/src/usv_sim/workspace_gz/plugins/ScoringPlugin.cc:379:9:\x1b[m\x1b[K \x1b[01;31m\x1b[Kerror: \x1b[m\x1b[K\xe2\x80\x98\x1b[01m\x1b[Kclass vrx::ScoringPlugin\x1b[m\x1b[K\xe2\x80\x99 has no member named \xe2\x80\x98\x1b[01m\x1b[KdataPtr\x1b[m\x1b[K\xe2\x80\x99\n'}
[6.683157] (workspace_gz) StderrLine: {'line': b'  379 |   this->\x1b[01;31m\x1b[KdataPtr\x1b[m\x1b[K->eventManager = &_eventMgr;\n'}
[6.683214] (workspace_gz) StderrLine: {'line': b'      |         \x1b[01;31m\x1b[K^~~~~~~\x1b[m\x1b[K\n'}
[6.683269] (workspace_gz) StderrLine: {'line': b'\x1b[01m\x1b[K/home/aliomacc/sti_usv/src/usv_sim/workspace_gz/plugins/ScoringPlugin.cc:382:14:\x1b[m\x1b[K \x1b[01;31m\x1b[Kerror: \x1b[m\x1b[K\xe2\x80\x98\x1b[01m\x1b[Kclass vrx::ScoringPlugin\x1b[m\x1b[K\xe2\x80\x99 has no member named \xe2\x80\x98\x1b[01m\x1b[KdataPtr\x1b[m\x1b[K\xe2\x80\x99\n'}
[6.683338] (workspace_gz) StderrLine: {'line': b'  382 |   if (!this->\x1b[01;31m\x1b[KdataPtr\x1b[m\x1b[K->ParseSDFParameters())\n'}
[6.683394] (workspace_gz) StderrLine: {'line': b'      |              \x1b[01;31m\x1b[K^~~~~~~\x1b[m\x1b[K\n'}
[6.688838] (workspace_gz) StderrLine: {'line': b'\x1b[01m\x1b[K/home/aliomacc/sti_usv/src/usv_sim/workspace_gz/plugins/ScoringPlugin.cc:384:5:\x1b[m\x1b[K \x1b[01;31m\x1b[Kerror: \x1b[m\x1b[K\xe2\x80\x98\x1b[01m\x1b[Kgzerr\x1b[m\x1b[K\xe2\x80\x99 was not declared in this scope\n'}
[6.689171] (workspace_gz) StderrLine: {'line': b'  384 |     \x1b[01;31m\x1b[Kgzerr\x1b[m\x1b[K << "Scoring disabled" << std::endl;\n'}
[6.689256] (workspace_gz) StderrLine: {'line': b'      |     \x1b[01;31m\x1b[K^~~~~\x1b[m\x1b[K\n'}
[6.689331] (workspace_gz) StderrLine: {'line': b'\x1b[01m\x1b[K/home/aliomacc/sti_usv/src/usv_sim/workspace_gz/plugins/ScoringPlugin.cc:388:9:\x1b[m\x1b[K \x1b[01;31m\x1b[Kerror: \x1b[m\x1b[K\xe2\x80\x98\x1b[01m\x1b[Kclass vrx::ScoringPlugin\x1b[m\x1b[K\xe2\x80\x99 has no member named \xe2\x80\x98\x1b[01m\x1b[KdataPtr\x1b[m\x1b[K\xe2\x80\x99\n'}
[6.689586] (workspace_gz) StderrLine: {'line': b'  388 |   this->\x1b[01;31m\x1b[KdataPtr\x1b[m\x1b[K->readyTime =\n'}
[6.689780] (workspace_gz) StderrLine: {'line': b'      |         \x1b[01;31m\x1b[K^~~~~~~\x1b[m\x1b[K\n'}
[6.689884] (workspace_gz) StderrLine: {'line': b'\x1b[01m\x1b[K/home/aliomacc/sti_usv/src/usv_sim/workspace_gz/plugins/ScoringPlugin.cc:389:41:\x1b[m\x1b[K \x1b[01;31m\x1b[Kerror: \x1b[m\x1b[K\xe2\x80\x98\x1b[01m\x1b[Kclass vrx::ScoringPlugin\x1b[m\x1b[K\xe2\x80\x99 has no member named \xe2\x80\x98\x1b[01m\x1b[KdataPtr\x1b[m\x1b[K\xe2\x80\x99\n'}
[6.689989] (workspace_gz) StderrLine: {'line': b'  389 |     std::chrono::duration<double>(this->\x1b[01;31m\x1b[KdataPtr\x1b[m\x1b[K->initialStateDuration);\n'}
[6.690092] (workspace_gz) StderrLine: {'line': b'      |                                         \x1b[01;31m\x1b[K^~~~~~~\x1b[m\x1b[K\n'}
[6.690198] (workspace_gz) StderrLine: {'line': b'\x1b[01m\x1b[K/home/aliomacc/sti_usv/src/usv_sim/workspace_gz/plugins/ScoringPlugin.cc:390:9:\x1b[m\x1b[K \x1b[01;31m\x1b[Kerror: \x1b[m\x1b[K\xe2\x80\x98\x1b[01m\x1b[Kclass vrx::ScoringPlugin\x1b[m\x1b[K\xe2\x80\x99 has no member named \xe2\x80\x98\x1b[01m\x1b[KdataPtr\x1b[m\x1b[K\xe2\x80\x99\n'}
[6.690315] (workspace_gz) StderrLine: {'line': b'  390 |   this->\x1b[01;31m\x1b[KdataPtr\x1b[m\x1b[K->runningTime = this->dataPtr->readyTime +\n'}
[6.690469] (workspace_gz) StderrLine: {'line': b'      |         \x1b[01;31m\x1b[K^~~~~~~\x1b[m\x1b[K\n'}
[6.690670] (workspace_gz) StderrLine: {'line': b'\x1b[01m\x1b[K/home/aliomacc/sti_usv/src/usv_sim/workspace_gz/plugins/ScoringPlugin.cc:390:38:\x1b[m\x1b[K \x1b[01;31m\x1b[Kerror: \x1b[m\x1b[K\xe2\x80\x98\x1b[01m\x1b[Kclass vrx::ScoringPlugin\x1b[m\x1b[K\xe2\x80\x99 has no member named \xe2\x80\x98\x1b[01m\x1b[KdataPtr\x1b[m\x1b[K\xe2\x80\x99\n'}
[6.690753] (workspace_gz) StderrLine: {'line': b'  390 |   this->dataPtr->runningTime = this->\x1b[01;31m\x1b[KdataPtr\x1b[m\x1b[K->readyTime +\n'}
[6.690821] (workspace_gz) StderrLine: {'line': b'      |                                      \x1b[01;31m\x1b[K^~~~~~~\x1b[m\x1b[K\n'}
[6.690885] (workspace_gz) StderrLine: {'line': b'\x1b[01m\x1b[K/home/aliomacc/sti_usv/src/usv_sim/workspace_gz/plugins/ScoringPlugin.cc:391:41:\x1b[m\x1b[K \x1b[01;31m\x1b[Kerror: \x1b[m\x1b[K\xe2\x80\x98\x1b[01m\x1b[Kclass vrx::ScoringPlugin\x1b[m\x1b[K\xe2\x80\x99 has no member named \xe2\x80\x98\x1b[01m\x1b[KdataPtr\x1b[m\x1b[K\xe2\x80\x99\n'}
[6.690958] (workspace_gz) StderrLine: {'line': b'  391 |     std::chrono::duration<double>(this->\x1b[01;31m\x1b[KdataPtr\x1b[m\x1b[K->readyStateDuration);\n'}
[6.691024] (workspace_gz) StderrLine: {'line': b'      |                                         \x1b[01;31m\x1b[K^~~~~~~\x1b[m\x1b[K\n'}
[6.691093] (workspace_gz) StderrLine: {'line': b'\x1b[01m\x1b[K/home/aliomacc/sti_usv/src/usv_sim/workspace_gz/plugins/ScoringPlugin.cc:392:9:\x1b[m\x1b[K \x1b[01;31m\x1b[Kerror: \x1b[m\x1b[K\xe2\x80\x98\x1b[01m\x1b[Kclass vrx::ScoringPlugin\x1b[m\x1b[K\xe2\x80\x99 has no member named \xe2\x80\x98\x1b[01m\x1b[KdataPtr\x1b[m\x1b[K\xe2\x80\x99\n'}
[6.691161] (workspace_gz) StderrLine: {'line': b'  392 |   this->\x1b[01;31m\x1b[KdataPtr\x1b[m\x1b[K->finishTime = this->dataPtr->runningTime +\n'}
[6.691233] (workspace_gz) StderrLine: {'line': b'      |         \x1b[01;31m\x1b[K^~~~~~~\x1b[m\x1b[K\n'}
[6.691301] (workspace_gz) StderrLine: {'line': b'\x1b[01m\x1b[K/home/aliomacc/sti_usv/src/usv_sim/workspace_gz/plugins/ScoringPlugin.cc:392:37:\x1b[m\x1b[K \x1b[01;31m\x1b[Kerror: \x1b[m\x1b[K\xe2\x80\x98\x1b[01m\x1b[Kclass vrx::ScoringPlugin\x1b[m\x1b[K\xe2\x80\x99 has no member named \xe2\x80\x98\x1b[01m\x1b[KdataPtr\x1b[m\x1b[K\xe2\x80\x99\n'}
[6.691375] (workspace_gz) StderrLine: {'line': b'  392 |   this->dataPtr->finishTime = this->\x1b[01;31m\x1b[KdataPtr\x1b[m\x1b[K->runningTime +\n'}
[6.691491] (workspace_gz) StderrLine: {'line': b'      |                                     \x1b[01;31m\x1b[K^~~~~~~\x1b[m\x1b[K\n'}
[6.691571] (workspace_gz) StderrLine: {'line': b'\x1b[01m\x1b[K/home/aliomacc/sti_usv/src/usv_sim/workspace_gz/plugins/ScoringPlugin.cc:393:41:\x1b[m\x1b[K \x1b[01;31m\x1b[Kerror: \x1b[m\x1b[K\xe2\x80\x98\x1b[01m\x1b[Kclass vrx::ScoringPlugin\x1b[m\x1b[K\xe2\x80\x99 has no member named \xe2\x80\x98\x1b[01m\x1b[KdataPtr\x1b[m\x1b[K\xe2\x80\x99\n'}
[6.691639] (workspace_gz) StderrLine: {'line': b'  393 |     std::chrono::duration<double>(this->\x1b[01;31m\x1b[KdataPtr\x1b[m\x1b[K->runningStateDuration);\n'}
[6.691696] (workspace_gz) StderrLine: {'line': b'      |                                         \x1b[01;31m\x1b[K^~~~~~~\x1b[m\x1b[K\n'}
[6.691751] (workspace_gz) StderrLine: {'line': b'\x1b[01m\x1b[K/home/aliomacc/sti_usv/src/usv_sim/workspace_gz/plugins/ScoringPlugin.cc:394:9:\x1b[m\x1b[K \x1b[01;31m\x1b[Kerror: \x1b[m\x1b[K\xe2\x80\x98\x1b[01m\x1b[Kclass vrx::ScoringPlugin\x1b[m\x1b[K\xe2\x80\x99 has no member named \xe2\x80\x98\x1b[01m\x1b[KdataPtr\x1b[m\x1b[K\xe2\x80\x99\n'}
[6.691807] (workspace_gz) StderrLine: {'line': b'  394 |   this->\x1b[01;31m\x1b[KdataPtr\x1b[m\x1b[K->exitTime = this->dataPtr->finishTime +\n'}
[6.691863] (workspace_gz) StderrLine: {'line': b'      |         \x1b[01;31m\x1b[K^~~~~~~\x1b[m\x1b[K\n'}
[6.691917] (workspace_gz) StderrLine: {'line': b'\x1b[01m\x1b[K/home/aliomacc/sti_usv/src/usv_sim/workspace_gz/plugins/ScoringPlugin.cc:394:35:\x1b[m\x1b[K \x1b[01;31m\x1b[Kerror: \x1b[m\x1b[K\xe2\x80\x98\x1b[01m\x1b[Kclass vrx::ScoringPlugin\x1b[m\x1b[K\xe2\x80\x99 has no member named \xe2\x80\x98\x1b[01m\x1b[KdataPtr\x1b[m\x1b[K\xe2\x80\x99\n'}
[6.691973] (workspace_gz) StderrLine: {'line': b'  394 |   this->dataPtr->exitTime = this->\x1b[01;31m\x1b[KdataPtr\x1b[m\x1b[K->finishTime +\n'}
[6.692028] (workspace_gz) StderrLine: {'line': b'      |                                   \x1b[01;31m\x1b[K^~~~~~~\x1b[m\x1b[K\n'}
[6.692085] (workspace_gz) StderrLine: {'line': b'\x1b[01m\x1b[K/home/aliomacc/sti_usv/src/usv_sim/workspace_gz/plugins/ScoringPlugin.cc:395:41:\x1b[m\x1b[K \x1b[01;31m\x1b[Kerror: \x1b[m\x1b[K\xe2\x80\x98\x1b[01m\x1b[Kclass vrx::ScoringPlugin\x1b[m\x1b[K\xe2\x80\x99 has no member named \xe2\x80\x98\x1b[01m\x1b[KdataPtr\x1b[m\x1b[K\xe2\x80\x99\n'}
[6.692150] (workspace_gz) StderrLine: {'line': b'  395 |     std::chrono::duration<double>(this->\x1b[01;31m\x1b[KdataPtr\x1b[m\x1b[K->exitDelay);\n'}
[6.692206] (workspace_gz) StderrLine: {'line': b'      |                                         \x1b[01;31m\x1b[K^~~~~~~\x1b[m\x1b[K\n'}
[6.692260] (workspace_gz) StderrLine: {'line': b'\x1b[01m\x1b[K/home/aliomacc/sti_usv/src/usv_sim/workspace_gz/plugins/ScoringPlugin.cc:398:23:\x1b[m\x1b[K \x1b[01;31m\x1b[Kerror: \x1b[m\x1b[K\xe2\x80\x98\x1b[01m\x1b[Kclass vrx::ScoringPlugin\x1b[m\x1b[K\xe2\x80\x99 has no member named \xe2\x80\x98\x1b[01m\x1b[KdataPtr\x1b[m\x1b[K\xe2\x80\x99\n'}
[6.692316] (workspace_gz) StderrLine: {'line': b'  398 |   auto *param = this->\x1b[01;31m\x1b[KdataPtr\x1b[m\x1b[K->taskMsg.mutable_params();\n'}
[6.692371] (workspace_gz) StderrLine: {'line': b'      |                       \x1b[01;31m\x1b[K^~~~~~~\x1b[m\x1b[K\n'}
[6.692425] (workspace_gz) StderrLine: {'line': b'\x1b[01m\x1b[K/home/aliomacc/sti_usv/src/usv_sim/workspace_gz/plugins/ScoringPlugin.cc:402:36:\x1b[m\x1b[K \x1b[01;31m\x1b[Kerror: \x1b[m\x1b[K\xe2\x80\x98\x1b[01m\x1b[Kclass vrx::ScoringPlugin\x1b[m\x1b[K\xe2\x80\x99 has no member named \xe2\x80\x98\x1b[01m\x1b[KdataPtr\x1b[m\x1b[K\xe2\x80\x99\n'}
[6.692489] (workspace_gz) StderrLine: {'line': b'  402 |   nameValue.set_string_value(this->\x1b[01;31m\x1b[KdataPtr\x1b[m\x1b[K->taskName);\n'}
[6.692555] (workspace_gz) StderrLine: {'line': b'      |                                    \x1b[01;31m\x1b[K^~~~~~~\x1b[m\x1b[K\n'}
[6.692611] (workspace_gz) StderrLine: {'line': b'\x1b[01m\x1b[K/home/aliomacc/sti_usv/src/usv_sim/workspace_gz/plugins/ScoringPlugin.cc:411:41:\x1b[m\x1b[K \x1b[01;31m\x1b[Kerror: \x1b[m\x1b[K\xe2\x80\x98\x1b[01m\x1b[Kclass vrx::ScoringPlugin\x1b[m\x1b[K\xe2\x80\x99 has no member named \xe2\x80\x98\x1b[01m\x1b[KdataPtr\x1b[m\x1b[K\xe2\x80\x99\n'}
[6.692673] (workspace_gz) StderrLine: {'line': b'  411 |   readyTimeValue.set_double_value(this->\x1b[01;31m\x1b[KdataPtr\x1b[m\x1b[K->readyTime.count());\n'}
[6.692750] (workspace_gz) StderrLine: {'line': b'      |                                         \x1b[01;31m\x1b[K^~~~~~~\x1b[m\x1b[K\n'}
[6.692810] (workspace_gz) StderrLine: {'line': b'\x1b[01m\x1b[K/home/aliomacc/sti_usv/src/usv_sim/workspace_gz/plugins/ScoringPlugin.cc:416:43:\x1b[m\x1b[K \x1b[01;31m\x1b[Kerror: \x1b[m\x1b[K\xe2\x80\x98\x1b[01m\x1b[Kclass vrx::ScoringPlugin\x1b[m\x1b[K\xe2\x80\x99 has no member named \xe2\x80\x98\x1b[01m\x1b[KdataPtr\x1b[m\x1b[K\xe2\x80\x99\n'}
[6.692868] (workspace_gz) StderrLine: {'line': b'  416 |   runningTimeValue.set_double_value(this->\x1b[01;31m\x1b[KdataPtr\x1b[m\x1b[K->runningTime.count());\n'}
[6.692925] (workspace_gz) StderrLine: {'line': b'      |                                           \x1b[01;31m\x1b[K^~~~~~~\x1b[m\x1b[K\n'}
[6.692981] (workspace_gz) StderrLine: {'line': b'\x1b[01m\x1b[K/home/aliomacc/sti_usv/src/usv_sim/workspace_gz/plugins/ScoringPlugin.cc:439:9:\x1b[m\x1b[K \x1b[01;31m\x1b[Kerror: \x1b[m\x1b[K\xe2\x80\x98\x1b[01m\x1b[Kclass vrx::ScoringPlugin\x1b[m\x1b[K\xe2\x80\x99 has no member named \xe2\x80\x98\x1b[01m\x1b[KdataPtr\x1b[m\x1b[K\xe2\x80\x99\n'}
[6.693038] (workspace_gz) StderrLine: {'line': b'  439 |   this->\x1b[01;31m\x1b[KdataPtr\x1b[m\x1b[K->UpdateTaskMessage();\n'}
[6.693094] (workspace_gz) StderrLine: {'line': b'      |         \x1b[01;31m\x1b[K^~~~~~~\x1b[m\x1b[K\n'}
[6.693150] (workspace_gz) StderrLine: {'line': b'\x1b[01m\x1b[K/home/aliomacc/sti_usv/src/usv_sim/workspace_gz/plugins/ScoringPlugin.cc:441:9:\x1b[m\x1b[K \x1b[01;31m\x1b[Kerror: \x1b[m\x1b[K\xe2\x80\x98\x1b[01m\x1b[Kclass vrx::ScoringPlugin\x1b[m\x1b[K\xe2\x80\x99 has no member named \xe2\x80\x98\x1b[01m\x1b[KdataPtr\x1b[m\x1b[K\xe2\x80\x99\n'}
[6.693207] (workspace_gz) StderrLine: {'line': b'  441 |   this->\x1b[01;31m\x1b[KdataPtr\x1b[m\x1b[K->taskPub = this->dataPtr->node.Advertise<msgs::Param>(\n'}
[6.693264] (workspace_gz) StderrLine: {'line': b'      |         \x1b[01;31m\x1b[K^~~~~~~\x1b[m\x1b[K\n'}
[6.693319] (workspace_gz) StderrLine: {'line': b'\x1b[01m\x1b[K/home/aliomacc/sti_usv/src/usv_sim/workspace_gz/plugins/ScoringPlugin.cc:441:34:\x1b[m\x1b[K \x1b[01;31m\x1b[Kerror: \x1b[m\x1b[K\xe2\x80\x98\x1b[01m\x1b[Kclass vrx::ScoringPlugin\x1b[m\x1b[K\xe2\x80\x99 has no member named \xe2\x80\x98\x1b[01m\x1b[KdataPtr\x1b[m\x1b[K\xe2\x80\x99\n'}
[6.693375] (workspace_gz) StderrLine: {'line': b'  441 |   this->dataPtr->taskPub = this->\x1b[01;31m\x1b[KdataPtr\x1b[m\x1b[K->node.Advertise<msgs::Param>(\n'}
[6.693432] (workspace_gz) StderrLine: {'line': b'      |                                  \x1b[01;31m\x1b[K^~~~~~~\x1b[m\x1b[K\n'}
[6.693493] (workspace_gz) StderrLine: {'line': b'\x1b[01m\x1b[K/home/aliomacc/sti_usv/src/usv_sim/workspace_gz/plugins/ScoringPlugin.cc:441:69:\x1b[m\x1b[K \x1b[01;31m\x1b[Kerror: \x1b[m\x1b[Kexpected primary-expression before \xe2\x80\x98\x1b[01m\x1b[K>\x1b[m\x1b[K\xe2\x80\x99 token\n'}
[6.693559] (workspace_gz) StderrLine: {'line': b'  441 |   this->dataPtr->taskPub = this->dataPtr->node.Advertise<msgs::Param\x1b[01;31m\x1b[K>\x1b[m\x1b[K(\n'}
[6.693616] (workspace_gz) StderrLine: {'line': b'      |                                                                     \x1b[01;31m\x1b[K^\x1b[m\x1b[K\n'}
[6.693672] (workspace_gz) StderrLine: {'line': b'\x1b[01m\x1b[K/home/aliomacc/sti_usv/src/usv_sim/workspace_gz/plugins/ScoringPlugin.cc:442:11:\x1b[m\x1b[K \x1b[01;31m\x1b[Kerror: \x1b[m\x1b[K\xe2\x80\x98\x1b[01m\x1b[Kclass vrx::ScoringPlugin\x1b[m\x1b[K\xe2\x80\x99 has no member named \xe2\x80\x98\x1b[01m\x1b[KdataPtr\x1b[m\x1b[K\xe2\x80\x99\n'}
[6.693747] (workspace_gz) StderrLine: {'line': b'  442 |     this->\x1b[01;31m\x1b[KdataPtr\x1b[m\x1b[K->taskInfoTopic);\n'}
[6.693803] (workspace_gz) StderrLine: {'line': b'      |           \x1b[01;31m\x1b[K^~~~~~~\x1b[m\x1b[K\n'}
[6.693862] (workspace_gz) StderrLine: {'line': b'\x1b[01m\x1b[K/home/aliomacc/sti_usv/src/usv_sim/workspace_gz/plugins/ScoringPlugin.cc:444:9:\x1b[m\x1b[K \x1b[01;31m\x1b[Kerror: \x1b[m\x1b[K\xe2\x80\x98\x1b[01m\x1b[Kclass vrx::ScoringPlugin\x1b[m\x1b[K\xe2\x80\x99 has no member named \xe2\x80\x98\x1b[01m\x1b[KdataPtr\x1b[m\x1b[K\xe2\x80\x99\n'}
[6.693919] (workspace_gz) StderrLine: {'line': b'  444 |   this->\x1b[01;31m\x1b[KdataPtr\x1b[m\x1b[K->releasePub = this->dataPtr->node.Advertise<msgs::Empty>(\n'}
[6.693973] (workspace_gz) StderrLine: {'line': b'      |         \x1b[01;31m\x1b[K^~~~~~~\x1b[m\x1b[K\n'}
[6.694026] (workspace_gz) StderrLine: {'line': b'\x1b[01m\x1b[K/home/aliomacc/sti_usv/src/usv_sim/workspace_gz/plugins/ScoringPlugin.cc:444:37:\x1b[m\x1b[K \x1b[01;31m\x1b[Kerror: \x1b[m\x1b[K\xe2\x80\x98\x1b[01m\x1b[Kclass vrx::ScoringPlugin\x1b[m\x1b[K\xe2\x80\x99 has no member named \xe2\x80\x98\x1b[01m\x1b[KdataPtr\x1b[m\x1b[K\xe2\x80\x99\n'}
[6.694080] (workspace_gz) StderrLine: {'line': b'  444 |   this->dataPtr->releasePub = this->\x1b[01;31m\x1b[KdataPtr\x1b[m\x1b[K->node.Advertise<msgs::Empty>(\n'}
[6.694141] (workspace_gz) StderrLine: {'line': b'      |                                     \x1b[01;31m\x1b[K^~~~~~~\x1b[m\x1b[K\n'}
[6.694204] (workspace_gz) StderrLine: {'line': b'\x1b[01m\x1b[K/home/aliomacc/sti_usv/src/usv_sim/workspace_gz/plugins/ScoringPlugin.cc:444:72:\x1b[m\x1b[K \x1b[01;31m\x1b[Kerror: \x1b[m\x1b[Kexpected primary-expression before \xe2\x80\x98\x1b[01m\x1b[K>\x1b[m\x1b[K\xe2\x80\x99 token\n'}
[6.694282] (workspace_gz) StderrLine: {'line': b'  444 |   this->dataPtr->releasePub = this->dataPtr->node.Advertise<msgs::Empty\x1b[01;31m\x1b[K>\x1b[m\x1b[K(\n'}
[6.694348] (workspace_gz) StderrLine: {'line': b'      |                                                                        \x1b[01;31m\x1b[K^\x1b[m\x1b[K\n'}
[6.694410] (workspace_gz) StderrLine: {'line': b'\x1b[01m\x1b[K/home/aliomacc/sti_usv/src/usv_sim/workspace_gz/plugins/ScoringPlugin.cc:445:11:\x1b[m\x1b[K \x1b[01;31m\x1b[Kerror: \x1b[m\x1b[K\xe2\x80\x98\x1b[01m\x1b[Kclass vrx::ScoringPlugin\x1b[m\x1b[K\xe2\x80\x99 has no member named \xe2\x80\x98\x1b[01m\x1b[KdataPtr\x1b[m\x1b[K\xe2\x80\x99\n'}
[6.694466] (workspace_gz) StderrLine: {'line': b'  445 |     this->\x1b[01;31m\x1b[KdataPtr\x1b[m\x1b[K->releaseTopic);\n'}
[6.694538] (workspace_gz) StderrLine: {'line': b'      |           \x1b[01;31m\x1b[K^~~~~~~\x1b[m\x1b[K\n'}
[6.694596] (workspace_gz) StderrLine: {'line': b'\x1b[01m\x1b[K/home/aliomacc/sti_usv/src/usv_sim/workspace_gz/plugins/ScoringPlugin.cc:447:9:\x1b[m\x1b[K \x1b[01;31m\x1b[Kerror: \x1b[m\x1b[K\xe2\x80\x98\x1b[01m\x1b[Kclass vrx::ScoringPlugin\x1b[m\x1b[K\xe2\x80\x99 has no member named \xe2\x80\x98\x1b[01m\x1b[KdataPtr\x1b[m\x1b[K\xe2\x80\x99\n'}
[6.694651] (workspace_gz) StderrLine: {'line': b'  447 |   this->\x1b[01;31m\x1b[KdataPtr\x1b[m\x1b[K->node.Subscribe("/vrx/contacts",\n'}
[6.694710] (workspace_gz) StderrLine: {'line': b'      |         \x1b[01;31m\x1b[K^~~~~~~\x1b[m\x1b[K\n'}
[6.694765] (workspace_gz) StderrLine: {'line': b'\x1b[01m\x1b[K/home/aliomacc/sti_usv/src/usv_sim/workspace_gz/plugins/ScoringPlugin.cc:453:13:\x1b[m\x1b[K \x1b[01;31m\x1b[Kerror: \x1b[m\x1b[K\xe2\x80\x98\x1b[01m\x1b[Kclass vrx::ScoringPlugin\x1b[m\x1b[K\xe2\x80\x99 has no member named \xe2\x80\x98\x1b[01m\x1b[KdataPtr\x1b[m\x1b[K\xe2\x80\x99\n'}
[6.694821] (workspace_gz) StderrLine: {'line': b'  453 |       this->\x1b[01;31m\x1b[KdataPtr\x1b[m\x1b[K->debug = false;\n'}
[6.694876] (workspace_gz) StderrLine: {'line': b'      |             \x1b[01;31m\x1b[K^~~~~~~\x1b[m\x1b[K\n'}
[6.697352] (workspace_gz) StderrLine: {'line': b'\x1b[01m\x1b[K/home/aliomacc/sti_usv/src/usv_sim/workspace_gz/plugins/ScoringPlugin.cc:457:5:\x1b[m\x1b[K \x1b[01;31m\x1b[Kerror: \x1b[m\x1b[K\xe2\x80\x98\x1b[01m\x1b[Kgzwarn\x1b[m\x1b[K\xe2\x80\x99 was not declared in this scope; did you mean \xe2\x80\x98\x1b[01m\x1b[Kignwarn\x1b[m\x1b[K\xe2\x80\x99?\n'}
[6.697481] (workspace_gz) StderrLine: {'line': b'  457 |     \x1b[01;31m\x1b[Kgzwarn\x1b[m\x1b[K << "VRX_DEBUG environment variable not set, defaulting to true"\n'}
[6.697657] (workspace_gz) StderrLine: {'line': b'      |     \x1b[01;31m\x1b[K^~~~~~\x1b[m\x1b[K\n'}
[6.697726] (workspace_gz) StderrLine: {'line': b'      |     \x1b[32m\x1b[Kignwarn\x1b[m\x1b[K\n'}
[6.697785] (workspace_gz) StderrLine: {'line': b'\x1b[01m\x1b[K/home/aliomacc/sti_usv/src/usv_sim/workspace_gz/plugins/ScoringPlugin.cc:373:50:\x1b[m\x1b[K \x1b[01;35m\x1b[Kwarning: \x1b[m\x1b[Kunused parameter \xe2\x80\x98\x1b[01m\x1b[K_entity\x1b[m\x1b[K\xe2\x80\x99 [\x1b[01;35m\x1b[K\x1b]8;;https://gcc.gnu.org/onlinedocs/gcc/Warning-Options.html#index-Wunused-parameter\x07-Wunused-parameter\x1b]8;;\x07\x1b[m\x1b[K]\n'}
[6.697848] (workspace_gz) StderrLine: {'line': b'  373 | void ScoringPlugin::Configure(\x1b[01;35m\x1b[Kconst sim::Entity &_entity\x1b[m\x1b[K,\n'}
[6.697904] (workspace_gz) StderrLine: {'line': b'      |                               \x1b[01;35m\x1b[K~~~~~~~~~~~~~~~~~~~^~~~~~~\x1b[m\x1b[K\n'}
[6.697959] (workspace_gz) StderrLine: {'line': b'\x1b[01m\x1b[K/home/aliomacc/sti_usv/src/usv_sim/workspace_gz/plugins/ScoringPlugin.cc:375:34:\x1b[m\x1b[K \x1b[01;35m\x1b[Kwarning: \x1b[m\x1b[Kunused parameter \xe2\x80\x98\x1b[01m\x1b[K_ecm\x1b[m\x1b[K\xe2\x80\x99 [\x1b[01;35m\x1b[K\x1b]8;;https://gcc.gnu.org/onlinedocs/gcc/Warning-Options.html#index-Wunused-parameter\x07-Wunused-parameter\x1b]8;;\x07\x1b[m\x1b[K]\n'}
[6.698018] (workspace_gz) StderrLine: {'line': b'  375 |     \x1b[01;35m\x1b[Ksim::EntityComponentManager &_ecm\x1b[m\x1b[K,\n'}
[6.698074] (workspace_gz) StderrLine: {'line': b'      |     \x1b[01;35m\x1b[K~~~~~~~~~~~~~~~~~~~~~~~~~~~~~^~~~\x1b[m\x1b[K\n'}
[6.703750] (workspace_gz) StderrLine: {'line': b'\x1b[01m\x1b[K/home/aliomacc/sti_usv/src/usv_sim/workspace_gz/plugins/ScoringPlugin.cc:\x1b[m\x1b[K In member function \xe2\x80\x98\x1b[01m\x1b[Kvirtual void vrx::ScoringPlugin::PreUpdate(const ignition::gazebo::v6::UpdateInfo&, ignition::gazebo::v6::EntityComponentManager&)\x1b[m\x1b[K\xe2\x80\x99:\n'}
[6.703860] (workspace_gz) StderrLine: {'line': b'\x1b[01m\x1b[K/home/aliomacc/sti_usv/src/usv_sim/workspace_gz/plugins/ScoringPlugin.cc:466:3:\x1b[m\x1b[K \x1b[01;31m\x1b[Kerror: \x1b[m\x1b[K\xe2\x80\x98\x1b[01m\x1b[KGZ_PROFILE\x1b[m\x1b[K\xe2\x80\x99 was not declared in this scope; did you mean \xe2\x80\x98\x1b[01m\x1b[KIGN_PROFILE\x1b[m\x1b[K\xe2\x80\x99?\n'}
[6.703929] (workspace_gz) StderrLine: {'line': b'  466 |   \x1b[01;31m\x1b[KGZ_PROFILE\x1b[m\x1b[K("ScoringPlugin::PreUpdate");\n'}
[6.704074] (workspace_gz) StderrLine: {'line': b'      |   \x1b[01;31m\x1b[K^~~~~~~~~~\x1b[m\x1b[K\n'}
[6.704134] (workspace_gz) StderrLine: {'line': b'      |   \x1b[32m\x1b[KIGN_PROFILE\x1b[m\x1b[K\n'}
[6.704190] (workspace_gz) StderrLine: {'line': b'\x1b[01m\x1b[K/home/aliomacc/sti_usv/src/usv_sim/workspace_gz/plugins/ScoringPlugin.cc:468:13:\x1b[m\x1b[K \x1b[01;31m\x1b[Kerror: \x1b[m\x1b[K\xe2\x80\x98\x1b[01m\x1b[Kclass vrx::ScoringPlugin\x1b[m\x1b[K\xe2\x80\x99 has no member named \xe2\x80\x98\x1b[01m\x1b[KdataPtr\x1b[m\x1b[K\xe2\x80\x99\n'}
[6.704248] (workspace_gz) StderrLine: {'line': b'  468 |   if (this->\x1b[01;31m\x1b[KdataPtr\x1b[m\x1b[K->vehicleModel == sim::kNullEntity)\n'}
[6.704307] (workspace_gz) StderrLine: {'line': b'      |             \x1b[01;31m\x1b[K^~~~~~~\x1b[m\x1b[K\n'}
[6.704364] (workspace_gz) StderrLine: {'line': b'\x1b[01m\x1b[K/home/aliomacc/sti_usv/src/usv_sim/workspace_gz/plugins/ScoringPlugin.cc:470:53:\x1b[m\x1b[K \x1b[01;31m\x1b[Kerror: \x1b[m\x1b[K\xe2\x80\x98\x1b[01m\x1b[Kclass vrx::ScoringPlugin\x1b[m\x1b[K\xe2\x80\x99 has no member named \xe2\x80\x98\x1b[01m\x1b[KdataPtr\x1b[m\x1b[K\xe2\x80\x99\n'}
[6.704423] (workspace_gz) StderrLine: {'line': b'  470 |     auto entity = sim::entitiesFromScopedName(this->\x1b[01;31m\x1b[KdataPtr\x1b[m\x1b[K->vehicleName, _ecm);\n'}
[6.704491] (workspace_gz) StderrLine: {'line': b'      |                                                     \x1b[01;31m\x1b[K^~~~~~~\x1b[m\x1b[K\n'}
[6.704795] (workspace_gz) StderrLine: {'line': b'\x1b[01m\x1b[K/home/aliomacc/sti_usv/src/usv_sim/workspace_gz/plugins/ScoringPlugin.cc:472:13:\x1b[m\x1b[K \x1b[01;31m\x1b[Kerror: \x1b[m\x1b[K\xe2\x80\x98\x1b[01m\x1b[Kclass vrx::ScoringPlugin\x1b[m\x1b[K\xe2\x80\x99 has no member named \xe2\x80\x98\x1b[01m\x1b[KdataPtr\x1b[m\x1b[K\xe2\x80\x99\n'}
[6.704905] (workspace_gz) StderrLine: {'line': b'  472 |       this->\x1b[01;31m\x1b[KdataPtr\x1b[m\x1b[K->vehicleModel = *entity.begin();\n'}
[6.704973] (workspace_gz) StderrLine: {'line': b'      |             \x1b[01;31m\x1b[K^~~~~~~\x1b[m\x1b[K\n'}
[6.705036] (workspace_gz) StderrLine: {'line': b'\x1b[01m\x1b[K/home/aliomacc/sti_usv/src/usv_sim/workspace_gz/plugins/ScoringPlugin.cc:475:9:\x1b[m\x1b[K \x1b[01;31m\x1b[Kerror: \x1b[m\x1b[K\xe2\x80\x98\x1b[01m\x1b[Kclass vrx::ScoringPlugin\x1b[m\x1b[K\xe2\x80\x99 has no member named \xe2\x80\x98\x1b[01m\x1b[KdataPtr\x1b[m\x1b[K\xe2\x80\x99\n'}
[6.705098] (workspace_gz) StderrLine: {'line': b'  475 |   this->\x1b[01;31m\x1b[KdataPtr\x1b[m\x1b[K->UpdateTime(_info.simTime);\n'}
[6.705156] (workspace_gz) StderrLine: {'line': b'      |         \x1b[01;31m\x1b[K^~~~~~~\x1b[m\x1b[K\n'}
[6.705214] (workspace_gz) StderrLine: {'line': b'\x1b[01m\x1b[K/home/aliomacc/sti_usv/src/usv_sim/workspace_gz/plugins/ScoringPlugin.cc:477:9:\x1b[m\x1b[K \x1b[01;31m\x1b[Kerror: \x1b[m\x1b[K\xe2\x80\x98\x1b[01m\x1b[Kclass vrx::ScoringPlugin\x1b[m\x1b[K\xe2\x80\x99 has no member named \xe2\x80\x98\x1b[01m\x1b[KdataPtr\x1b[m\x1b[K\xe2\x80\x99\n'}
[6.705298] (workspace_gz) StderrLine: {'line': b'  477 |   this->\x1b[01;31m\x1b[KdataPtr\x1b[m\x1b[K->PublishStats();\n'}
[6.705359] (workspace_gz) StderrLine: {'line': b'      |         \x1b[01;31m\x1b[K^~~~~~~\x1b[m\x1b[K\n'}
[6.705417] (workspace_gz) StderrLine: {'line': b'\x1b[01m\x1b[K/home/aliomacc/sti_usv/src/usv_sim/workspace_gz/plugins/ScoringPlugin.cc:\x1b[m\x1b[K In member function \xe2\x80\x98\x1b[01m\x1b[Kdouble vrx::ScoringPlugin::Score() const\x1b[m\x1b[K\xe2\x80\x99:\n'}
[6.705481] (workspace_gz) StderrLine: {'line': b'\x1b[01m\x1b[K/home/aliomacc/sti_usv/src/usv_sim/workspace_gz/plugins/ScoringPlugin.cc:483:16:\x1b[m\x1b[K \x1b[01;31m\x1b[Kerror: \x1b[m\x1b[K\xe2\x80\x98\x1b[01m\x1b[Kconst class vrx::ScoringPlugin\x1b[m\x1b[K\xe2\x80\x99 has no member named \xe2\x80\x98\x1b[01m\x1b[KdataPtr\x1b[m\x1b[K\xe2\x80\x99\n'}
[6.705590] (workspace_gz) StderrLine: {'line': b'  483 |   return this->\x1b[01;31m\x1b[KdataPtr\x1b[m\x1b[K->score;\n'}
[6.705650] (workspace_gz) StderrLine: {'line': b'      |                \x1b[01;31m\x1b[K^~~~~~~\x1b[m\x1b[K\n'}
[6.705705] (workspace_gz) StderrLine: {'line': b'\x1b[01m\x1b[K/home/aliomacc/sti_usv/src/usv_sim/workspace_gz/plugins/ScoringPlugin.cc:\x1b[m\x1b[K In member function \xe2\x80\x98\x1b[01m\x1b[Kvoid vrx::ScoringPlugin::SetScore(double)\x1b[m\x1b[K\xe2\x80\x99:\n'}
[6.705760] (workspace_gz) StderrLine: {'line': b'\x1b[01m\x1b[K/home/aliomacc/sti_usv/src/usv_sim/workspace_gz/plugins/ScoringPlugin.cc:490:11:\x1b[m\x1b[K \x1b[01;31m\x1b[Kerror: \x1b[m\x1b[K\xe2\x80\x98\x1b[01m\x1b[Kclass vrx::ScoringPlugin\x1b[m\x1b[K\xe2\x80\x99 has no member named \xe2\x80\x98\x1b[01m\x1b[KdataPtr\x1b[m\x1b[K\xe2\x80\x99\n'}
[6.705816] (workspace_gz) StderrLine: {'line': b'  490 |     this->\x1b[01;31m\x1b[KdataPtr\x1b[m\x1b[K->score = _newScore;\n'}
[6.705870] (workspace_gz) StderrLine: {'line': b'      |           \x1b[01;31m\x1b[K^~~~~~~\x1b[m\x1b[K\n'}
[6.705923] (workspace_gz) StderrLine: {'line': b'\x1b[01m\x1b[K/home/aliomacc/sti_usv/src/usv_sim/workspace_gz/plugins/ScoringPlugin.cc:\x1b[m\x1b[K In member function \xe2\x80\x98\x1b[01m\x1b[Kstd::string vrx::ScoringPlugin::TaskName() const\x1b[m\x1b[K\xe2\x80\x99:\n'}
[6.705979] (workspace_gz) StderrLine: {'line': b'\x1b[01m\x1b[K/home/aliomacc/sti_usv/src/usv_sim/workspace_gz/plugins/ScoringPlugin.cc:496:16:\x1b[m\x1b[K \x1b[01;31m\x1b[Kerror: \x1b[m\x1b[K\xe2\x80\x98\x1b[01m\x1b[Kconst class vrx::ScoringPlugin\x1b[m\x1b[K\xe2\x80\x99 has no member named \xe2\x80\x98\x1b[01m\x1b[KdataPtr\x1b[m\x1b[K\xe2\x80\x99\n'}
[6.706034] (workspace_gz) StderrLine: {'line': b'  496 |   return this->\x1b[01;31m\x1b[KdataPtr\x1b[m\x1b[K->taskName;\n'}
[6.706093] (workspace_gz) StderrLine: {'line': b'      |                \x1b[01;31m\x1b[K^~~~~~~\x1b[m\x1b[K\n'}
[6.706147] (workspace_gz) StderrLine: {'line': b'\x1b[01m\x1b[K/home/aliomacc/sti_usv/src/usv_sim/workspace_gz/plugins/ScoringPlugin.cc:\x1b[m\x1b[K In member function \xe2\x80\x98\x1b[01m\x1b[Kstd::string vrx::ScoringPlugin::TaskState() const\x1b[m\x1b[K\xe2\x80\x99:\n'}
[6.706202] (workspace_gz) StderrLine: {'line': b'\x1b[01m\x1b[K/home/aliomacc/sti_usv/src/usv_sim/workspace_gz/plugins/ScoringPlugin.cc:502:16:\x1b[m\x1b[K \x1b[01;31m\x1b[Kerror: \x1b[m\x1b[K\xe2\x80\x98\x1b[01m\x1b[Kconst class vrx::ScoringPlugin\x1b[m\x1b[K\xe2\x80\x99 has no member named \xe2\x80\x98\x1b[01m\x1b[KdataPtr\x1b[m\x1b[K\xe2\x80\x99\n'}
[6.706257] (workspace_gz) StderrLine: {'line': b'  502 |   return this->\x1b[01;31m\x1b[KdataPtr\x1b[m\x1b[K->taskState;\n'}
[6.706311] (workspace_gz) StderrLine: {'line': b'      |                \x1b[01;31m\x1b[K^~~~~~~\x1b[m\x1b[K\n'}
[6.706364] (workspace_gz) StderrLine: {'line': b'\x1b[01m\x1b[K/home/aliomacc/sti_usv/src/usv_sim/workspace_gz/plugins/ScoringPlugin.cc:\x1b[m\x1b[K In member function \xe2\x80\x98\x1b[01m\x1b[Kdouble vrx::ScoringPlugin::RunningStateDuration() const\x1b[m\x1b[K\xe2\x80\x99:\n'}
[6.706418] (workspace_gz) StderrLine: {'line': b'\x1b[01m\x1b[K/home/aliomacc/sti_usv/src/usv_sim/workspace_gz/plugins/ScoringPlugin.cc:508:16:\x1b[m\x1b[K \x1b[01;31m\x1b[Kerror: \x1b[m\x1b[K\xe2\x80\x98\x1b[01m\x1b[Kconst class vrx::ScoringPlugin\x1b[m\x1b[K\xe2\x80\x99 has no member named \xe2\x80\x98\x1b[01m\x1b[KdataPtr\x1b[m\x1b[K\xe2\x80\x99\n'}
[6.706472] (workspace_gz) StderrLine: {'line': b'  508 |   return this->\x1b[01;31m\x1b[KdataPtr\x1b[m\x1b[K->runningStateDuration;\n'}
[6.706538] (workspace_gz) StderrLine: {'line': b'      |                \x1b[01;31m\x1b[K^~~~~~~\x1b[m\x1b[K\n'}
[6.706592] (workspace_gz) StderrLine: {'line': b'\x1b[01m\x1b[K/home/aliomacc/sti_usv/src/usv_sim/workspace_gz/plugins/ScoringPlugin.cc:\x1b[m\x1b[K In member function \xe2\x80\x98\x1b[01m\x1b[Kstd::chrono::duration<double> vrx::ScoringPlugin::ElapsedTime() const\x1b[m\x1b[K\xe2\x80\x99:\n'}
[6.706647] (workspace_gz) StderrLine: {'line': b'\x1b[01m\x1b[K/home/aliomacc/sti_usv/src/usv_sim/workspace_gz/plugins/ScoringPlugin.cc:514:16:\x1b[m\x1b[K \x1b[01;31m\x1b[Kerror: \x1b[m\x1b[K\xe2\x80\x98\x1b[01m\x1b[Kconst class vrx::ScoringPlugin\x1b[m\x1b[K\xe2\x80\x99 has no member named \xe2\x80\x98\x1b[01m\x1b[KdataPtr\x1b[m\x1b[K\xe2\x80\x99\n'}
[6.706701] (workspace_gz) StderrLine: {'line': b'  514 |   return this->\x1b[01;31m\x1b[KdataPtr\x1b[m\x1b[K->elapsedTime;\n'}
[6.706754] (workspace_gz) StderrLine: {'line': b'      |                \x1b[01;31m\x1b[K^~~~~~~\x1b[m\x1b[K\n'}
[6.706807] (workspace_gz) StderrLine: {'line': b'\x1b[01m\x1b[K/home/aliomacc/sti_usv/src/usv_sim/workspace_gz/plugins/ScoringPlugin.cc:\x1b[m\x1b[K In member function \xe2\x80\x98\x1b[01m\x1b[Kstd::chrono::duration<double> vrx::ScoringPlugin::RemainingTime() const\x1b[m\x1b[K\xe2\x80\x99:\n'}
[6.706869] (workspace_gz) StderrLine: {'line': b'\x1b[01m\x1b[K/home/aliomacc/sti_usv/src/usv_sim/workspace_gz/plugins/ScoringPlugin.cc:520:16:\x1b[m\x1b[K \x1b[01;31m\x1b[Kerror: \x1b[m\x1b[K\xe2\x80\x98\x1b[01m\x1b[Kconst class vrx::ScoringPlugin\x1b[m\x1b[K\xe2\x80\x99 has no member named \xe2\x80\x98\x1b[01m\x1b[KdataPtr\x1b[m\x1b[K\xe2\x80\x99\n'}
[6.706924] (workspace_gz) StderrLine: {'line': b'  520 |   return this->\x1b[01;31m\x1b[KdataPtr\x1b[m\x1b[K->remainingTime;\n'}
[6.706979] (workspace_gz) StderrLine: {'line': b'      |                \x1b[01;31m\x1b[K^~~~~~~\x1b[m\x1b[K\n'}
[6.707033] (workspace_gz) StderrLine: {'line': b'\x1b[01m\x1b[K/home/aliomacc/sti_usv/src/usv_sim/workspace_gz/plugins/ScoringPlugin.cc:\x1b[m\x1b[K In member function \xe2\x80\x98\x1b[01m\x1b[Kvoid vrx::ScoringPlugin::SetTimeoutScore(double)\x1b[m\x1b[K\xe2\x80\x99:\n'}
[6.707091] (workspace_gz) StderrLine: {'line': b'\x1b[01m\x1b[K/home/aliomacc/sti_usv/src/usv_sim/workspace_gz/plugins/ScoringPlugin.cc:526:9:\x1b[m\x1b[K \x1b[01;31m\x1b[Kerror: \x1b[m\x1b[K\xe2\x80\x98\x1b[01m\x1b[Kclass vrx::ScoringPlugin\x1b[m\x1b[K\xe2\x80\x99 has no member named \xe2\x80\x98\x1b[01m\x1b[KdataPtr\x1b[m\x1b[K\xe2\x80\x99\n'}
[6.707150] (workspace_gz) StderrLine: {'line': b'  526 |   this->\x1b[01;31m\x1b[KdataPtr\x1b[m\x1b[K->timeoutScore = _timeoutScore;\n'}
[6.707204] (workspace_gz) StderrLine: {'line': b'      |         \x1b[01;31m\x1b[K^~~~~~~\x1b[m\x1b[K\n'}
[6.707257] (workspace_gz) StderrLine: {'line': b'\x1b[01m\x1b[K/home/aliomacc/sti_usv/src/usv_sim/workspace_gz/plugins/ScoringPlugin.cc:\x1b[m\x1b[K In member function \xe2\x80\x98\x1b[01m\x1b[Kdouble vrx::ScoringPlugin::TimeoutScore() const\x1b[m\x1b[K\xe2\x80\x99:\n'}
[6.707312] (workspace_gz) StderrLine: {'line': b'\x1b[01m\x1b[K/home/aliomacc/sti_usv/src/usv_sim/workspace_gz/plugins/ScoringPlugin.cc:532:16:\x1b[m\x1b[K \x1b[01;31m\x1b[Kerror: \x1b[m\x1b[K\xe2\x80\x98\x1b[01m\x1b[Kconst class vrx::ScoringPlugin\x1b[m\x1b[K\xe2\x80\x99 has no member named \xe2\x80\x98\x1b[01m\x1b[KdataPtr\x1b[m\x1b[K\xe2\x80\x99\n'}
[6.707366] (workspace_gz) StderrLine: {'line': b'  532 |   return this->\x1b[01;31m\x1b[KdataPtr\x1b[m\x1b[K->timeoutScore;\n'}
[6.707419] (workspace_gz) StderrLine: {'line': b'      |                \x1b[01;31m\x1b[K^~~~~~~\x1b[m\x1b[K\n'}
[6.707472] (workspace_gz) StderrLine: {'line': b'\x1b[01m\x1b[K/home/aliomacc/sti_usv/src/usv_sim/workspace_gz/plugins/ScoringPlugin.cc:\x1b[m\x1b[K In member function \xe2\x80\x98\x1b[01m\x1b[Kvoid vrx::ScoringPlugin::Finish()\x1b[m\x1b[K\xe2\x80\x99:\n'}
[6.707532] (workspace_gz) StderrLine: {'line': b'\x1b[01m\x1b[K/home/aliomacc/sti_usv/src/usv_sim/workspace_gz/plugins/ScoringPlugin.cc:538:13:\x1b[m\x1b[K \x1b[01;31m\x1b[Kerror: \x1b[m\x1b[K\xe2\x80\x98\x1b[01m\x1b[Kclass vrx::ScoringPlugin\x1b[m\x1b[K\xe2\x80\x99 has no member named \xe2\x80\x98\x1b[01m\x1b[KdataPtr\x1b[m\x1b[K\xe2\x80\x99\n'}
[6.707591] (workspace_gz) StderrLine: {'line': b'  538 |   if (this->\x1b[01;31m\x1b[KdataPtr\x1b[m\x1b[K->taskState == "finished")\n'}
[6.707644] (workspace_gz) StderrLine: {'line': b'      |             \x1b[01;31m\x1b[K^~~~~~~\x1b[m\x1b[K\n'}
[6.707698] (workspace_gz) StderrLine: {'line': b'\x1b[01m\x1b[K/home/aliomacc/sti_usv/src/usv_sim/workspace_gz/plugins/ScoringPlugin.cc:541:9:\x1b[m\x1b[K \x1b[01;31m\x1b[Kerror: \x1b[m\x1b[K\xe2\x80\x98\x1b[01m\x1b[Kclass vrx::ScoringPlugin\x1b[m\x1b[K\xe2\x80\x99 has no member named \xe2\x80\x98\x1b[01m\x1b[KdataPtr\x1b[m\x1b[K\xe2\x80\x99\n'}
[6.707752] (workspace_gz) StderrLine: {'line': b'  541 |   this->\x1b[01;31m\x1b[KdataPtr\x1b[m\x1b[K->taskState = "finished";\n'}
[6.707806] (workspace_gz) StderrLine: {'line': b'      |         \x1b[01;31m\x1b[K^~~~~~~\x1b[m\x1b[K\n'}
[6.707859] (workspace_gz) StderrLine: {'line': b'\x1b[01m\x1b[K/home/aliomacc/sti_usv/src/usv_sim/workspace_gz/plugins/ScoringPlugin.cc:542:9:\x1b[m\x1b[K \x1b[01;31m\x1b[Kerror: \x1b[m\x1b[K\xe2\x80\x98\x1b[01m\x1b[Kclass vrx::ScoringPlugin\x1b[m\x1b[K\xe2\x80\x99 has no member named \xe2\x80\x98\x1b[01m\x1b[KdataPtr\x1b[m\x1b[K\xe2\x80\x99\n'}
[6.707914] (workspace_gz) StderrLine: {'line': b'  542 |   this->\x1b[01;31m\x1b[KdataPtr\x1b[m\x1b[K->exitTime = this->dataPtr->currentTime +\n'}
[6.707969] (workspace_gz) StderrLine: {'line': b'      |         \x1b[01;31m\x1b[K^~~~~~~\x1b[m\x1b[K\n'}
[6.708022] (workspace_gz) StderrLine: {'line': b'\x1b[01m\x1b[K/home/aliomacc/sti_usv/src/usv_sim/workspace_gz/plugins/ScoringPlugin.cc:542:35:\x1b[m\x1b[K \x1b[01;31m\x1b[Kerror: \x1b[m\x1b[K\xe2\x80\x98\x1b[01m\x1b[Kclass vrx::ScoringPlugin\x1b[m\x1b[K\xe2\x80\x99 has no member named \xe2\x80\x98\x1b[01m\x1b[KdataPtr\x1b[m\x1b[K\xe2\x80\x99\n'}
[6.708076] (workspace_gz) StderrLine: {'line': b'  542 |   this->dataPtr->exitTime = this->\x1b[01;31m\x1b[KdataPtr\x1b[m\x1b[K->currentTime +\n'}
[6.708130] (workspace_gz) StderrLine: {'line': b'      |                                   \x1b[01;31m\x1b[K^~~~~~~\x1b[m\x1b[K\n'}
[6.708184] (workspace_gz) StderrLine: {'line': b'\x1b[01m\x1b[K/home/aliomacc/sti_usv/src/usv_sim/workspace_gz/plugins/ScoringPlugin.cc:543:41:\x1b[m\x1b[K \x1b[01;31m\x1b[Kerror: \x1b[m\x1b[K\xe2\x80\x98\x1b[01m\x1b[Kclass vrx::ScoringPlugin\x1b[m\x1b[K\xe2\x80\x99 has no member named \xe2\x80\x98\x1b[01m\x1b[KdataPtr\x1b[m\x1b[K\xe2\x80\x99\n'}
[6.708243] (workspace_gz) StderrLine: {'line': b'  543 |     std::chrono::duration<double>(this->\x1b[01;31m\x1b[KdataPtr\x1b[m\x1b[K->exitDelay);\n'}
[6.708297] (workspace_gz) StderrLine: {'line': b'      |                                         \x1b[01;31m\x1b[K^~~~~~~\x1b[m\x1b[K\n'}
[6.708350] (workspace_gz) StderrLine: {'line': b'\x1b[01m\x1b[K/home/aliomacc/sti_usv/src/usv_sim/workspace_gz/plugins/ScoringPlugin.cc:\x1b[m\x1b[K In member function \xe2\x80\x98\x1b[01m\x1b[Kstd::string vrx::ScoringPlugin::VehicleName() const\x1b[m\x1b[K\xe2\x80\x99:\n'}
[6.708404] (workspace_gz) StderrLine: {'line': b'\x1b[01m\x1b[K/home/aliomacc/sti_usv/src/usv_sim/workspace_gz/plugins/ScoringPlugin.cc:550:16:\x1b[m\x1b[K \x1b[01;31m\x1b[Kerror: \x1b[m\x1b[K\xe2\x80\x98\x1b[01m\x1b[Kconst class vrx::ScoringPlugin\x1b[m\x1b[K\xe2\x80\x99 has no member named \xe2\x80\x98\x1b[01m\x1b[KdataPtr\x1b[m\x1b[K\xe2\x80\x99\n'}
[6.708458] (workspace_gz) StderrLine: {'line': b'  550 |   return this->\x1b[01;31m\x1b[KdataPtr\x1b[m\x1b[K->vehicleName;\n'}
[6.708520] (workspace_gz) StderrLine: {'line': b'      |                \x1b[01;31m\x1b[K^~~~~~~\x1b[m\x1b[K\n'}
[6.708575] (workspace_gz) StderrLine: {'line': b'\x1b[01m\x1b[K/home/aliomacc/sti_usv/src/usv_sim/workspace_gz/plugins/ScoringPlugin.cc:\x1b[m\x1b[K In member function \xe2\x80\x98\x1b[01m\x1b[Kignition::gazebo::v6::Entity vrx::ScoringPlugin::VehicleEntity() const\x1b[m\x1b[K\xe2\x80\x99:\n'}
[6.708629] (workspace_gz) StderrLine: {'line': b'\x1b[01m\x1b[K/home/aliomacc/sti_usv/src/usv_sim/workspace_gz/plugins/ScoringPlugin.cc:556:16:\x1b[m\x1b[K \x1b[01;31m\x1b[Kerror: \x1b[m\x1b[K\xe2\x80\x98\x1b[01m\x1b[Kconst class vrx::ScoringPlugin\x1b[m\x1b[K\xe2\x80\x99 has no member named \xe2\x80\x98\x1b[01m\x1b[KdataPtr\x1b[m\x1b[K\xe2\x80\x99\n'}
[6.708690] (workspace_gz) StderrLine: {'line': b'  556 |   return this->\x1b[01;31m\x1b[KdataPtr\x1b[m\x1b[K->vehicleModel;\n'}
[6.708744] (workspace_gz) StderrLine: {'line': b'      |                \x1b[01;31m\x1b[K^~~~~~~\x1b[m\x1b[K\n'}
[6.708800] (workspace_gz) StderrLine: {'line': b'\x1b[01m\x1b[K/home/aliomacc/sti_usv/src/usv_sim/workspace_gz/plugins/ScoringPlugin.cc:\x1b[m\x1b[K In member function \xe2\x80\x98\x1b[01m\x1b[Kuint16_t vrx::ScoringPlugin::NumCollisions() const\x1b[m\x1b[K\xe2\x80\x99:\n'}
[6.708855] (workspace_gz) StderrLine: {'line': b'\x1b[01m\x1b[K/home/aliomacc/sti_usv/src/usv_sim/workspace_gz/plugins/ScoringPlugin.cc:562:16:\x1b[m\x1b[K \x1b[01;31m\x1b[Kerror: \x1b[m\x1b[K\xe2\x80\x98\x1b[01m\x1b[Kconst class vrx::ScoringPlugin\x1b[m\x1b[K\xe2\x80\x99 has no member named \xe2\x80\x98\x1b[01m\x1b[KdataPtr\x1b[m\x1b[K\xe2\x80\x99\n'}
[6.708909] (workspace_gz) StderrLine: {'line': b'  562 |   return this->\x1b[01;31m\x1b[KdataPtr\x1b[m\x1b[K->numCollisions;\n'}
[6.708963] (workspace_gz) StderrLine: {'line': b'      |                \x1b[01;31m\x1b[K^~~~~~~\x1b[m\x1b[K\n'}
[6.709016] (workspace_gz) StderrLine: {'line': b'\x1b[01m\x1b[K/home/aliomacc/sti_usv/src/usv_sim/workspace_gz/plugins/ScoringPlugin.cc:\x1b[m\x1b[K In member function \xe2\x80\x98\x1b[01m\x1b[Kvirtual void vrx::ScoringPlugin::OnReady()\x1b[m\x1b[K\xe2\x80\x99:\n'}
[6.709070] (workspace_gz) StderrLine: {'line': b'\x1b[01m\x1b[K/home/aliomacc/sti_usv/src/usv_sim/workspace_gz/plugins/ScoringPlugin.cc:568:14:\x1b[m\x1b[K \x1b[01;31m\x1b[Kerror: \x1b[m\x1b[K\xe2\x80\x98\x1b[01m\x1b[Kclass vrx::ScoringPlugin\x1b[m\x1b[K\xe2\x80\x99 has no member named \xe2\x80\x98\x1b[01m\x1b[KdataPtr\x1b[m\x1b[K\xe2\x80\x99\n'}
[6.709125] (workspace_gz) StderrLine: {'line': b'  568 |   if (!this->\x1b[01;31m\x1b[KdataPtr\x1b[m\x1b[K->silent)\n'}
[6.709178] (workspace_gz) StderrLine: {'line': b'      |              \x1b[01;31m\x1b[K^~~~~~~\x1b[m\x1b[K\n'}
[6.710115] (workspace_gz) StderrLine: {'line': b'\x1b[01m\x1b[K/home/aliomacc/sti_usv/src/usv_sim/workspace_gz/plugins/ScoringPlugin.cc:570:5:\x1b[m\x1b[K \x1b[01;31m\x1b[Kerror: \x1b[m\x1b[K\xe2\x80\x98\x1b[01m\x1b[Kgzmsg\x1b[m\x1b[K\xe2\x80\x99 was not declared in this scope; did you mean \xe2\x80\x98\x1b[01m\x1b[Kignmsg\x1b[m\x1b[K\xe2\x80\x99?\n'}
[6.710267] (workspace_gz) StderrLine: {'line': b'  570 |     \x1b[01;31m\x1b[Kgzmsg\x1b[m\x1b[K << "ScoringPlugin::OnReady" << std::endl;\n'}
[6.710375] (workspace_gz) StderrLine: {'line': b'      |     \x1b[01;31m\x1b[K^~~~~\x1b[m\x1b[K\n'}
[6.710486] (workspace_gz) StderrLine: {'line': b'      |     \x1b[32m\x1b[Kignmsg\x1b[m\x1b[K\n'}
[6.710665] (workspace_gz) StderrLine: {'line': b'\x1b[01m\x1b[K/home/aliomacc/sti_usv/src/usv_sim/workspace_gz/plugins/ScoringPlugin.cc:\x1b[m\x1b[K In member function \xe2\x80\x98\x1b[01m\x1b[Kvirtual void vrx::ScoringPlugin::OnRunning()\x1b[m\x1b[K\xe2\x80\x99:\n'}
[6.710775] (workspace_gz) StderrLine: {'line': b'\x1b[01m\x1b[K/home/aliomacc/sti_usv/src/usv_sim/workspace_gz/plugins/ScoringPlugin.cc:578:14:\x1b[m\x1b[K \x1b[01;31m\x1b[Kerror: \x1b[m\x1b[K\xe2\x80\x98\x1b[01m\x1b[Kclass vrx::ScoringPlugin\x1b[m\x1b[K\xe2\x80\x99 has no member named \xe2\x80\x98\x1b[01m\x1b[KdataPtr\x1b[m\x1b[K\xe2\x80\x99\n'}
[6.710882] (workspace_gz) StderrLine: {'line': b'  578 |   if (!this->\x1b[01;31m\x1b[KdataPtr\x1b[m\x1b[K->silent)\n'}
[6.710980] (workspace_gz) StderrLine: {'line': b'      |              \x1b[01;31m\x1b[K^~~~~~~\x1b[m\x1b[K\n'}
[6.715025] (-) TimerEvent: {}
[6.715779] (workspace_gz) StderrLine: {'line': b'\x1b[01m\x1b[K/home/aliomacc/sti_usv/src/usv_sim/workspace_gz/plugins/ScoringPlugin.cc:580:5:\x1b[m\x1b[K \x1b[01;31m\x1b[Kerror: \x1b[m\x1b[K\xe2\x80\x98\x1b[01m\x1b[Kgzmsg\x1b[m\x1b[K\xe2\x80\x99 was not declared in this scope; did you mean \xe2\x80\x98\x1b[01m\x1b[Kignmsg\x1b[m\x1b[K\xe2\x80\x99?\n'}
[6.715900] (workspace_gz) StderrLine: {'line': b'  580 |     \x1b[01;31m\x1b[Kgzmsg\x1b[m\x1b[K << "ScoringPlugin::OnRunning" << std::endl;\n'}
[6.715968] (workspace_gz) StderrLine: {'line': b'      |     \x1b[01;31m\x1b[K^~~~~\x1b[m\x1b[K\n'}
[6.716027] (workspace_gz) StderrLine: {'line': b'      |     \x1b[32m\x1b[Kignmsg\x1b[m\x1b[K\n'}
[6.716174] (workspace_gz) StderrLine: {'line': b'\x1b[01m\x1b[K/home/aliomacc/sti_usv/src/usv_sim/workspace_gz/plugins/ScoringPlugin.cc:\x1b[m\x1b[K In member function \xe2\x80\x98\x1b[01m\x1b[Kvirtual void vrx::ScoringPlugin::OnFinished()\x1b[m\x1b[K\xe2\x80\x99:\n'}
[6.716268] (workspace_gz) StderrLine: {'line': b'\x1b[01m\x1b[K/home/aliomacc/sti_usv/src/usv_sim/workspace_gz/plugins/ScoringPlugin.cc:588:14:\x1b[m\x1b[K \x1b[01;31m\x1b[Kerror: \x1b[m\x1b[K\xe2\x80\x98\x1b[01m\x1b[Kclass vrx::ScoringPlugin\x1b[m\x1b[K\xe2\x80\x99 has no member named \xe2\x80\x98\x1b[01m\x1b[KdataPtr\x1b[m\x1b[K\xe2\x80\x99\n'}
[6.716333] (workspace_gz) StderrLine: {'line': b'  588 |   if (!this->\x1b[01;31m\x1b[KdataPtr\x1b[m\x1b[K->silent)\n'}
[6.716393] (workspace_gz) StderrLine: {'line': b'      |              \x1b[01;31m\x1b[K^~~~~~~\x1b[m\x1b[K\n'}
[6.721216] (workspace_gz) StderrLine: {'line': b'\x1b[01m\x1b[K/home/aliomacc/sti_usv/src/usv_sim/workspace_gz/plugins/ScoringPlugin.cc:590:5:\x1b[m\x1b[K \x1b[01;31m\x1b[Kerror: \x1b[m\x1b[K\xe2\x80\x98\x1b[01m\x1b[Kgzmsg\x1b[m\x1b[K\xe2\x80\x99 was not declared in this scope; did you mean \xe2\x80\x98\x1b[01m\x1b[Kignmsg\x1b[m\x1b[K\xe2\x80\x99?\n'}
[6.721395] (workspace_gz) StderrLine: {'line': b'  590 |     \x1b[01;31m\x1b[Kgzmsg\x1b[m\x1b[K << "ScoringPlugin::OnFinished at time="\n'}
[6.721509] (workspace_gz) StderrLine: {'line': b'      |     \x1b[01;31m\x1b[K^~~~~\x1b[m\x1b[K\n'}
[6.721618] (workspace_gz) StderrLine: {'line': b'      |     \x1b[32m\x1b[Kignmsg\x1b[m\x1b[K\n'}
[6.721710] (workspace_gz) StderrLine: {'line': b'\x1b[01m\x1b[K/home/aliomacc/sti_usv/src/usv_sim/workspace_gz/plugins/ScoringPlugin.cc:591:20:\x1b[m\x1b[K \x1b[01;31m\x1b[Kerror: \x1b[m\x1b[K\xe2\x80\x98\x1b[01m\x1b[Kclass vrx::ScoringPlugin\x1b[m\x1b[K\xe2\x80\x99 has no member named \xe2\x80\x98\x1b[01m\x1b[KdataPtr\x1b[m\x1b[K\xe2\x80\x99\n'}
[6.722059] (workspace_gz) StderrLine: {'line': b'  591 |           << this->\x1b[01;31m\x1b[KdataPtr\x1b[m\x1b[K->currentTime.count()  << std::endl;\n'}
[6.722183] (workspace_gz) StderrLine: {'line': b'      |                    \x1b[01;31m\x1b[K^~~~~~~\x1b[m\x1b[K\n'}
[6.722350] (workspace_gz) StderrLine: {'line': b'\x1b[01m\x1b[K/home/aliomacc/sti_usv/src/usv_sim/workspace_gz/plugins/ScoringPlugin.cc:596:13:\x1b[m\x1b[K \x1b[01;31m\x1b[Kerror: \x1b[m\x1b[K\xe2\x80\x98\x1b[01m\x1b[Kclass vrx::ScoringPlugin\x1b[m\x1b[K\xe2\x80\x99 has no member named \xe2\x80\x98\x1b[01m\x1b[KdataPtr\x1b[m\x1b[K\xe2\x80\x99\n'}
[6.722464] (workspace_gz) StderrLine: {'line': b'  596 |   if (this->\x1b[01;31m\x1b[KdataPtr\x1b[m\x1b[K->timedOut && this->dataPtr->timeoutScore > 0.0)\n'}
[6.722585] (workspace_gz) StderrLine: {'line': b'      |             \x1b[01;31m\x1b[K^~~~~~~\x1b[m\x1b[K\n'}
[6.722693] (workspace_gz) StderrLine: {'line': b'\x1b[01m\x1b[K/home/aliomacc/sti_usv/src/usv_sim/workspace_gz/plugins/ScoringPlugin.cc:596:40:\x1b[m\x1b[K \x1b[01;31m\x1b[Kerror: \x1b[m\x1b[K\xe2\x80\x98\x1b[01m\x1b[Kclass vrx::ScoringPlugin\x1b[m\x1b[K\xe2\x80\x99 has no member named \xe2\x80\x98\x1b[01m\x1b[KdataPtr\x1b[m\x1b[K\xe2\x80\x99\n'}
[6.722826] (workspace_gz) StderrLine: {'line': b'  596 |   if (this->dataPtr->timedOut && this->\x1b[01;31m\x1b[KdataPtr\x1b[m\x1b[K->timeoutScore > 0.0)\n'}
[6.722937] (workspace_gz) StderrLine: {'line': b'      |                                        \x1b[01;31m\x1b[K^~~~~~~\x1b[m\x1b[K\n'}
[6.723044] (workspace_gz) StderrLine: {'line': b'\x1b[01m\x1b[K/home/aliomacc/sti_usv/src/usv_sim/workspace_gz/plugins/ScoringPlugin.cc:598:11:\x1b[m\x1b[K \x1b[01;31m\x1b[Kerror: \x1b[m\x1b[K\xe2\x80\x98\x1b[01m\x1b[Kclass vrx::ScoringPlugin\x1b[m\x1b[K\xe2\x80\x99 has no member named \xe2\x80\x98\x1b[01m\x1b[KdataPtr\x1b[m\x1b[K\xe2\x80\x99\n'}
[6.723153] (workspace_gz) StderrLine: {'line': b'  598 |     this->\x1b[01;31m\x1b[KdataPtr\x1b[m\x1b[K->score = this->dataPtr->timeoutScore;\n'}
[6.723262] (workspace_gz) StderrLine: {'line': b'      |           \x1b[01;31m\x1b[K^~~~~~~\x1b[m\x1b[K\n'}
[6.723371] (workspace_gz) StderrLine: {'line': b'\x1b[01m\x1b[K/home/aliomacc/sti_usv/src/usv_sim/workspace_gz/plugins/ScoringPlugin.cc:598:34:\x1b[m\x1b[K \x1b[01;31m\x1b[Kerror: \x1b[m\x1b[K\xe2\x80\x98\x1b[01m\x1b[Kclass vrx::ScoringPlugin\x1b[m\x1b[K\xe2\x80\x99 has no member named \xe2\x80\x98\x1b[01m\x1b[KdataPtr\x1b[m\x1b[K\xe2\x80\x99\n'}
[6.723485] (workspace_gz) StderrLine: {'line': b'  598 |     this->dataPtr->score = this->\x1b[01;31m\x1b[KdataPtr\x1b[m\x1b[K->timeoutScore;\n'}
[6.723608] (workspace_gz) StderrLine: {'line': b'      |                                  \x1b[01;31m\x1b[K^~~~~~~\x1b[m\x1b[K\n'}
[6.723719] (workspace_gz) StderrLine: {'line': b'\x1b[01m\x1b[K/home/aliomacc/sti_usv/src/usv_sim/workspace_gz/plugins/ScoringPlugin.cc:600:9:\x1b[m\x1b[K \x1b[01;31m\x1b[Kerror: \x1b[m\x1b[K\xe2\x80\x98\x1b[01m\x1b[Kclass vrx::ScoringPlugin\x1b[m\x1b[K\xe2\x80\x99 has no member named \xe2\x80\x98\x1b[01m\x1b[KdataPtr\x1b[m\x1b[K\xe2\x80\x99\n'}
[6.723823] (workspace_gz) StderrLine: {'line': b'  600 |   this->\x1b[01;31m\x1b[KdataPtr\x1b[m\x1b[K->UpdateTaskMessage();\n'}
[6.723919] (workspace_gz) StderrLine: {'line': b'      |         \x1b[01;31m\x1b[K^~~~~~~\x1b[m\x1b[K\n'}
[6.724024] (workspace_gz) StderrLine: {'line': b'\x1b[01m\x1b[K/home/aliomacc/sti_usv/src/usv_sim/workspace_gz/plugins/ScoringPlugin.cc:601:9:\x1b[m\x1b[K \x1b[01;31m\x1b[Kerror: \x1b[m\x1b[K\xe2\x80\x98\x1b[01m\x1b[Kclass vrx::ScoringPlugin\x1b[m\x1b[K\xe2\x80\x99 has no member named \xe2\x80\x98\x1b[01m\x1b[KdataPtr\x1b[m\x1b[K\xe2\x80\x99\n'}
[6.724127] (workspace_gz) StderrLine: {'line': b'  601 |   this->\x1b[01;31m\x1b[KdataPtr\x1b[m\x1b[K->taskPub.Publish(this->dataPtr->taskMsg);\n'}
[6.724236] (workspace_gz) StderrLine: {'line': b'      |         \x1b[01;31m\x1b[K^~~~~~~\x1b[m\x1b[K\n'}
[6.724342] (workspace_gz) StderrLine: {'line': b'\x1b[01m\x1b[K/home/aliomacc/sti_usv/src/usv_sim/workspace_gz/plugins/ScoringPlugin.cc:601:40:\x1b[m\x1b[K \x1b[01;31m\x1b[Kerror: \x1b[m\x1b[K\xe2\x80\x98\x1b[01m\x1b[Kclass vrx::ScoringPlugin\x1b[m\x1b[K\xe2\x80\x99 has no member named \xe2\x80\x98\x1b[01m\x1b[KdataPtr\x1b[m\x1b[K\xe2\x80\x99\n'}
[6.724597] (workspace_gz) StderrLine: {'line': b'  601 |   this->dataPtr->taskPub.Publish(this->\x1b[01;31m\x1b[KdataPtr\x1b[m\x1b[K->taskMsg);\n'}
[6.724701] (workspace_gz) StderrLine: {'line': b'      |                                        \x1b[01;31m\x1b[K^~~~~~~\x1b[m\x1b[K\n'}
[6.724799] (workspace_gz) StderrLine: {'line': b'\x1b[01m\x1b[K/home/aliomacc/sti_usv/src/usv_sim/workspace_gz/plugins/ScoringPlugin.cc:\x1b[m\x1b[K In member function \xe2\x80\x98\x1b[01m\x1b[Kvoid vrx::ScoringPlugin::OnContacts(const ignition::msgs::Contacts&)\x1b[m\x1b[K\xe2\x80\x99:\n'}
[6.724899] (workspace_gz) StderrLine: {'line': b'\x1b[01m\x1b[K/home/aliomacc/sti_usv/src/usv_sim/workspace_gz/plugins/ScoringPlugin.cc:613:30:\x1b[m\x1b[K \x1b[01;35m\x1b[Kwarning: \x1b[m\x1b[Kcomparison of integer expressions of different signedness: \xe2\x80\x98\x1b[01m\x1b[Kunsigned int\x1b[m\x1b[K\xe2\x80\x99 and \xe2\x80\x98\x1b[01m\x1b[Kint\x1b[m\x1b[K\xe2\x80\x99 [\x1b[01;35m\x1b[K\x1b]8;;https://gcc.gnu.org/onlinedocs/gcc/Warning-Options.html#index-Wsign-compare\x07-Wsign-compare\x1b]8;;\x07\x1b[m\x1b[K]\n'}
[6.725008] (workspace_gz) StderrLine: {'line': b'  613 |   for (unsigned int i = 0; \x1b[01;35m\x1b[Ki < _contacts.contact_size()\x1b[m\x1b[K; ++i)\n'}
[6.725108] (workspace_gz) StderrLine: {'line': b'      |                            \x1b[01;35m\x1b[K~~^~~~~~~~~~~~~~~~~~~~~~~~~~\x1b[m\x1b[K\n'}
[6.725201] (workspace_gz) StderrLine: {'line': b'\x1b[01m\x1b[K/home/aliomacc/sti_usv/src/usv_sim/workspace_gz/plugins/ScoringPlugin.cc:623:14:\x1b[m\x1b[K \x1b[01;31m\x1b[Kerror: \x1b[m\x1b[K\xe2\x80\x98\x1b[01m\x1b[Kclass vrx::ScoringPlugin\x1b[m\x1b[K\xe2\x80\x99 has no member named \xe2\x80\x98\x1b[01m\x1b[KdataPtr\x1b[m\x1b[K\xe2\x80\x99\n'}
[6.725302] (workspace_gz) StderrLine: {'line': b'  623 |       (this->\x1b[01;31m\x1b[KdataPtr\x1b[m\x1b[K->currentTime - this->dataPtr->lastCollisionTime).count() >\n'}
[6.725401] (workspace_gz) StderrLine: {'line': b'      |              \x1b[01;31m\x1b[K^~~~~~~\x1b[m\x1b[K\n'}
[6.725503] (workspace_gz) StderrLine: {'line': b'\x1b[01m\x1b[K/home/aliomacc/sti_usv/src/usv_sim/workspace_gz/plugins/ScoringPlugin.cc:623:43:\x1b[m\x1b[K \x1b[01;31m\x1b[Kerror: \x1b[m\x1b[K\xe2\x80\x98\x1b[01m\x1b[Kclass vrx::ScoringPlugin\x1b[m\x1b[K\xe2\x80\x99 has no member named \xe2\x80\x98\x1b[01m\x1b[KdataPtr\x1b[m\x1b[K\xe2\x80\x99\n'}
[6.725611] (workspace_gz) StderrLine: {'line': b'  623 |       (this->dataPtr->currentTime - this->\x1b[01;31m\x1b[KdataPtr\x1b[m\x1b[K->lastCollisionTime).count() >\n'}
[6.725692] (workspace_gz) StderrLine: {'line': b'      |                                           \x1b[01;31m\x1b[K^~~~~~~\x1b[m\x1b[K\n'}
[6.725770] (workspace_gz) StderrLine: {'line': b'\x1b[01m\x1b[K/home/aliomacc/sti_usv/src/usv_sim/workspace_gz/plugins/ScoringPlugin.cc:624:13:\x1b[m\x1b[K \x1b[01;31m\x1b[Kerror: \x1b[m\x1b[K\xe2\x80\x98\x1b[01m\x1b[Kclass vrx::ScoringPlugin\x1b[m\x1b[K\xe2\x80\x99 has no member named \xe2\x80\x98\x1b[01m\x1b[KdataPtr\x1b[m\x1b[K\xe2\x80\x99\n'}
[6.725850] (workspace_gz) StderrLine: {'line': b'  624 |       this->\x1b[01;31m\x1b[KdataPtr\x1b[m\x1b[K->collisionBuffer;\n'}
[6.725941] (workspace_gz) StderrLine: {'line': b'      |             \x1b[01;31m\x1b[K^~~~~~~\x1b[m\x1b[K\n'}
[6.726020] (workspace_gz) StderrLine: {'line': b'\x1b[01m\x1b[K/home/aliomacc/sti_usv/src/usv_sim/workspace_gz/plugins/ScoringPlugin.cc:628:15:\x1b[m\x1b[K \x1b[01;31m\x1b[Kerror: \x1b[m\x1b[K\xe2\x80\x98\x1b[01m\x1b[Kclass vrx::ScoringPlugin\x1b[m\x1b[K\xe2\x80\x99 has no member named \xe2\x80\x98\x1b[01m\x1b[KdataPtr\x1b[m\x1b[K\xe2\x80\x99\n'}
[6.726098] (workspace_gz) StderrLine: {'line': b'  628 |       ++this->\x1b[01;31m\x1b[KdataPtr\x1b[m\x1b[K->numCollisions;\n'}
[6.726181] (workspace_gz) StderrLine: {'line': b'      |               \x1b[01;31m\x1b[K^~~~~~~\x1b[m\x1b[K\n'}
[6.726263] (workspace_gz) StderrLine: {'line': b'\x1b[01m\x1b[K/home/aliomacc/sti_usv/src/usv_sim/workspace_gz/plugins/ScoringPlugin.cc:629:18:\x1b[m\x1b[K \x1b[01;31m\x1b[Kerror: \x1b[m\x1b[K\xe2\x80\x98\x1b[01m\x1b[Kclass vrx::ScoringPlugin\x1b[m\x1b[K\xe2\x80\x99 has no member named \xe2\x80\x98\x1b[01m\x1b[KdataPtr\x1b[m\x1b[K\xe2\x80\x99\n'}
[6.726346] (workspace_gz) StderrLine: {'line': b'  629 |       if (!this->\x1b[01;31m\x1b[KdataPtr\x1b[m\x1b[K->silent)\n'}
[6.726423] (workspace_gz) StderrLine: {'line': b'      |                  \x1b[01;31m\x1b[K^~~~~~~\x1b[m\x1b[K\n'}
[6.731095] (workspace_gz) StderrLine: {'line': b'\x1b[01m\x1b[K/home/aliomacc/sti_usv/src/usv_sim/workspace_gz/plugins/ScoringPlugin.cc:631:9:\x1b[m\x1b[K \x1b[01;31m\x1b[Kerror: \x1b[m\x1b[K\xe2\x80\x98\x1b[01m\x1b[Kgzdbg\x1b[m\x1b[K\xe2\x80\x99 was not declared in this scope; did you mean \xe2\x80\x98\x1b[01m\x1b[Kigndbg\x1b[m\x1b[K\xe2\x80\x99?\n'}
[6.731288] (workspace_gz) StderrLine: {'line': b'  631 |         \x1b[01;31m\x1b[Kgzdbg\x1b[m\x1b[K << "[" << this->dataPtr->numCollisions\n'}
[6.731395] (workspace_gz) StderrLine: {'line': b'      |         \x1b[01;31m\x1b[K^~~~~\x1b[m\x1b[K\n'}
[6.731509] (workspace_gz) StderrLine: {'line': b'      |         \x1b[32m\x1b[Kigndbg\x1b[m\x1b[K\n'}
[6.731709] (workspace_gz) StderrLine: {'line': b'\x1b[01m\x1b[K/home/aliomacc/sti_usv/src/usv_sim/workspace_gz/plugins/ScoringPlugin.cc:631:31:\x1b[m\x1b[K \x1b[01;31m\x1b[Kerror: \x1b[m\x1b[K\xe2\x80\x98\x1b[01m\x1b[Kclass vrx::ScoringPlugin\x1b[m\x1b[K\xe2\x80\x99 has no member named \xe2\x80\x98\x1b[01m\x1b[KdataPtr\x1b[m\x1b[K\xe2\x80\x99\n'}
[6.731780] (workspace_gz) StderrLine: {'line': b'  631 |         gzdbg << "[" << this->\x1b[01;31m\x1b[KdataPtr\x1b[m\x1b[K->numCollisions\n'}
[6.731842] (workspace_gz) StderrLine: {'line': b'      |                               \x1b[01;31m\x1b[K^~~~~~~\x1b[m\x1b[K\n'}
[6.731901] (workspace_gz) StderrLine: {'line': b'\x1b[01m\x1b[K/home/aliomacc/sti_usv/src/usv_sim/workspace_gz/plugins/ScoringPlugin.cc:638:13:\x1b[m\x1b[K \x1b[01;31m\x1b[Kerror: \x1b[m\x1b[K\xe2\x80\x98\x1b[01m\x1b[Kclass vrx::ScoringPlugin\x1b[m\x1b[K\xe2\x80\x99 has no member named \xe2\x80\x98\x1b[01m\x1b[KdataPtr\x1b[m\x1b[K\xe2\x80\x99\n'}
[6.731960] (workspace_gz) StderrLine: {'line': b'  638 |       this->\x1b[01;31m\x1b[KdataPtr\x1b[m\x1b[K->lastCollisionTime = this->dataPtr->currentTime;\n'}
[6.732016] (workspace_gz) StderrLine: {'line': b'      |             \x1b[01;31m\x1b[K^~~~~~~\x1b[m\x1b[K\n'}
[6.732071] (workspace_gz) StderrLine: {'line': b'\x1b[01m\x1b[K/home/aliomacc/sti_usv/src/usv_sim/workspace_gz/plugins/ScoringPlugin.cc:638:48:\x1b[m\x1b[K \x1b[01;31m\x1b[Kerror: \x1b[m\x1b[K\xe2\x80\x98\x1b[01m\x1b[Kclass vrx::ScoringPlugin\x1b[m\x1b[K\xe2\x80\x99 has no member named \xe2\x80\x98\x1b[01m\x1b[KdataPtr\x1b[m\x1b[K\xe2\x80\x99\n'}
[6.732126] (workspace_gz) StderrLine: {'line': b'  638 |       this->dataPtr->lastCollisionTime = this->\x1b[01;31m\x1b[KdataPtr\x1b[m\x1b[K->currentTime;\n'}
[6.732181] (workspace_gz) StderrLine: {'line': b'      |                                                \x1b[01;31m\x1b[K^~~~~~~\x1b[m\x1b[K\n'}
[6.732236] (workspace_gz) StderrLine: {'line': b'\x1b[01m\x1b[K/home/aliomacc/sti_usv/src/usv_sim/workspace_gz/plugins/ScoringPlugin.cc:640:13:\x1b[m\x1b[K \x1b[01;31m\x1b[Kerror: \x1b[m\x1b[K\xe2\x80\x98\x1b[01m\x1b[Kclass vrx::ScoringPlugin\x1b[m\x1b[K\xe2\x80\x99 has no member named \xe2\x80\x98\x1b[01m\x1b[KdataPtr\x1b[m\x1b[K\xe2\x80\x99\n'}
[6.732291] (workspace_gz) StderrLine: {'line': b'  640 |       this->\x1b[01;31m\x1b[KdataPtr\x1b[m\x1b[K->collisionList.push_back(\n'}
[6.732345] (workspace_gz) StderrLine: {'line': b'      |             \x1b[01;31m\x1b[K^~~~~~~\x1b[m\x1b[K\n'}
[6.732710] (workspace_gz) StderrLine: {'line': b'\x1b[01m\x1b[K/home/aliomacc/sti_usv/src/usv_sim/workspace_gz/plugins/ScoringPlugin.cc:643:13:\x1b[m\x1b[K \x1b[01;31m\x1b[Kerror: \x1b[m\x1b[K\xe2\x80\x98\x1b[01m\x1b[Kclass vrx::ScoringPlugin\x1b[m\x1b[K\xe2\x80\x99 has no member named \xe2\x80\x98\x1b[01m\x1b[KdataPtr\x1b[m\x1b[K\xe2\x80\x99\n'}
[6.732790] (workspace_gz) StderrLine: {'line': b'  643 |       this->\x1b[01;31m\x1b[KdataPtr\x1b[m\x1b[K->collisionTimestamps.push_back(\n'}
[6.732846] (workspace_gz) StderrLine: {'line': b'      |             \x1b[01;31m\x1b[K^~~~~~~\x1b[m\x1b[K\n'}
[6.732966] (workspace_gz) StderrLine: {'line': b'\x1b[01m\x1b[K/home/aliomacc/sti_usv/src/usv_sim/workspace_gz/plugins/ScoringPlugin.cc:644:15:\x1b[m\x1b[K \x1b[01;31m\x1b[Kerror: \x1b[m\x1b[K\xe2\x80\x98\x1b[01m\x1b[Kclass vrx::ScoringPlugin\x1b[m\x1b[K\xe2\x80\x99 has no member named \xe2\x80\x98\x1b[01m\x1b[KdataPtr\x1b[m\x1b[K\xe2\x80\x99\n'}
[6.733028] (workspace_gz) StderrLine: {'line': b'  644 |         this->\x1b[01;31m\x1b[KdataPtr\x1b[m\x1b[K->currentTime.count());\n'}
[6.733086] (workspace_gz) StderrLine: {'line': b'      |               \x1b[01;31m\x1b[K^~~~~~~\x1b[m\x1b[K\n'}
[6.733143] (workspace_gz) StderrLine: {'line': b'\x1b[01m\x1b[K/home/aliomacc/sti_usv/src/usv_sim/workspace_gz/plugins/ScoringPlugin.cc:\x1b[m\x1b[K In member function \xe2\x80\x98\x1b[01m\x1b[Kvirtual void vrx::ScoringPlugin::ReleaseVehicle()\x1b[m\x1b[K\xe2\x80\x99:\n'}
[6.733205] (workspace_gz) StderrLine: {'line': b'\x1b[01m\x1b[K/home/aliomacc/sti_usv/src/usv_sim/workspace_gz/plugins/ScoringPlugin.cc:656:9:\x1b[m\x1b[K \x1b[01;31m\x1b[Kerror: \x1b[m\x1b[K\xe2\x80\x98\x1b[01m\x1b[Kclass vrx::ScoringPlugin\x1b[m\x1b[K\xe2\x80\x99 has no member named \xe2\x80\x98\x1b[01m\x1b[KdataPtr\x1b[m\x1b[K\xe2\x80\x99\n'}
[6.733275] (workspace_gz) StderrLine: {'line': b'  656 |   this->\x1b[01;31m\x1b[KdataPtr\x1b[m\x1b[K->releasePub.Publish(msg);\n'}
[6.733346] (workspace_gz) StderrLine: {'line': b'      |         \x1b[01;31m\x1b[K^~~~~~~\x1b[m\x1b[K\n'}
[6.733449] (workspace_gz) StderrLine: {'line': b'\x1b[01m\x1b[K/home/aliomacc/sti_usv/src/usv_sim/workspace_gz/plugins/ScoringPlugin.cc:\x1b[m\x1b[K At global scope:\n'}
[6.733526] (workspace_gz) StderrLine: {'line': b'\x1b[01m\x1b[K/home/aliomacc/sti_usv/src/usv_sim/workspace_gz/plugins/ScoringPlugin.cc:664:1:\x1b[m\x1b[K \x1b[01;31m\x1b[Kerror: \x1b[m\x1b[Kexpected constructor, destructor, or type conversion before \xe2\x80\x98\x1b[01m\x1b[KGZ_ADD_PLUGIN_ALIAS\x1b[m\x1b[K\xe2\x80\x99\n'}
[6.733591] (workspace_gz) StderrLine: {'line': b'  664 | \x1b[01;31m\x1b[KGZ_ADD_PLUGIN_ALIAS\x1b[m\x1b[K(vrx::ScoringPlugin,\n'}
[6.733647] (workspace_gz) StderrLine: {'line': b'      | \x1b[01;31m\x1b[K^~~~~~~~~~~~~~~~~~~\x1b[m\x1b[K\n'}
[6.815123] (-) TimerEvent: {}
[6.915370] (-) TimerEvent: {}
[7.015643] (-) TimerEvent: {}
[7.115972] (-) TimerEvent: {}
[7.216284] (-) TimerEvent: {}
[7.316549] (-) TimerEvent: {}
[7.416856] (-) TimerEvent: {}
[7.517164] (-) TimerEvent: {}
[7.617525] (-) TimerEvent: {}
[7.700448] (workspace_gz) StderrLine: {'line': b'gmake[2]: *** [CMakeFiles/ScoringPlugin.dir/build.make:76: CMakeFiles/ScoringPlugin.dir/plugins/ScoringPlugin.cc.o] Error 1\n'}
[7.700673] (workspace_gz) StderrLine: {'line': b'gmake[1]: *** [CMakeFiles/Makefile2:203: CMakeFiles/ScoringPlugin.dir/all] Error 2\n'}
[7.700887] (workspace_gz) StderrLine: {'line': b'gmake: *** [Makefile:146: all] Error 2\n'}
[7.703084] (workspace_gz) CommandEnded: {'returncode': 2}
[7.711260] (workspace_gz) JobEnded: {'identifier': 'workspace_gz', 'rc': 2}
[7.726632] (-) TimerEvent: {}
[7.726722] (-) EventReactorShutdown: {}
