[0.000000] (-) TimerEvent: {}
[0.001435] (-) JobUnselected: {'identifier': 'workspace_nav'}
[0.002217] (-) JobUnselected: {'identifier': 'workspace_ros'}
[0.002280] (workspace_gz) JobQueued: {'identifier': 'workspace_gz', 'dependencies': OrderedDict()}
[0.002333] (workspace_gz) JobStarted: {'identifier': 'workspace_gz'}
[0.019243] (workspace_gz) JobProgress: {'identifier': 'workspace_gz', 'progress': 'cmake'}
[0.021192] (workspace_gz) JobProgress: {'identifier': 'workspace_gz', 'progress': 'build'}
[0.022079] (workspace_gz) Command: {'cmd': ['/usr/bin/cmake', '--build', '/home/aliomacc/sti_usv/build/workspace_gz', '--', '-j8', '-l8'], 'cwd': '/home/aliomacc/sti_usv/build/workspace_gz', 'env': OrderedDict([('GJS_DEBUG_TOPICS', 'JS ERROR;JS LOG'), ('LESSOPEN', '| /usr/bin/lesspipe %s'), ('USER', 'aliomacc'), ('XDG_SESSION_TYPE', 'x11'), ('GIT_ASKPASS', '/usr/share/antigravity/resources/app/extensions/git/dist/askpass.sh'), ('SHLVL', '2'), ('LD_LIBRARY_PATH', '/home/aliomacc/ros2_ws/install/my_robot_interfaces/lib:/opt/ros/humble/opt/rviz_ogre_vendor/lib:/opt/ros/humble/lib/x86_64-linux-gnu:/opt/ros/humble/lib'), ('ANTIGRAVITY_CLI_ALIAS', 'agy'), ('HOME', '/home/aliomacc'), ('CHROME_DESKTOP', 'antigravity.desktop'), ('OLDPWD', '/home/aliomacc/sti_usv/src/usv_sim/workspace_gz/plugins'), ('TERM_PROGRAM_VERSION', '1.107.0'), ('DESKTOP_SESSION', 'ubuntu-xorg'), ('GIO_LAUNCHED_DESKTOP_FILE', '/usr/share/applications/terminator.desktop'), ('ROS_PYTHON_VERSION', '3'), ('GNOME_SHELL_SESSION_MODE', 'ubuntu'), ('GTK_MODULES', 'gail:atk-bridge'), ('PAGER', 'cat'), ('VSCODE_GIT_ASKPASS_MAIN', '/usr/share/antigravity/resources/app/extensions/git/dist/askpass-main.js'), ('VSCODE_GIT_ASKPASS_NODE', '/usr/share/antigravity/antigravity'), ('MANAGERPID', '1119'), ('SYSTEMD_EXEC_PID', '1535'), ('VSCODE_PYTHON_AUTOACTIVATE_GUARD', '1'), ('DBUS_SESSION_BUS_ADDRESS', 'unix:path=/run/user/1000/bus'), ('COLORTERM', 'truecolor'), ('TERMINATOR_DBUS_NAME', 'net.tenshu.Terminator21a9d5db22c73a993ff0b42f64b396873'), ('ANTIGRAVITY_AGENT', '1'), ('GIO_LAUNCHED_DESKTOP_FILE_PID', '21184'), ('COLCON_PREFIX_PATH', '/home/aliomacc/turtlebot3_ws/install:/home/aliomacc/ros2_ws/install'), ('ROS_DISTRO', 'humble'), ('GTK_IM_MODULE', 'ibus'), ('LOGNAME', 'aliomacc'), ('JOURNAL_STREAM', '8:12878'), ('_', '/usr/bin/colcon'), ('ROS_VERSION', '2'), ('XDG_SESSION_CLASS', 'user'), ('USERNAME', 'aliomacc'), ('TERM', 'xterm-256color'), ('GNOME_DESKTOP_SESSION_ID', 'this-is-deprecated'), ('FC_FONTATIONS', '1'), ('ROS_LOCALHOST_ONLY', '0'), ('WINDOWPATH', '2'), ('PATH', '/home/aliomacc/.local/bin:/home/aliomacc/.local/bin:/opt/ros/humble/bin:/home/aliomacc/.local/bin:/usr/local/sbin:/usr/local/bin:/usr/sbin:/usr/bin:/sbin:/bin:/usr/games:/usr/local/games:/snap/bin:/snap/bin'), ('SESSION_MANAGER', 'local/aliomacc-Nitro-AN515-55:@/tmp/.ICE-unix/1477,unix/aliomacc-Nitro-AN515-55:/tmp/.ICE-unix/1477'), ('INVOCATION_ID', '8bb2c71350dd440785a65a077b4f78af'), ('XDG_MENU_PREFIX', 'gnome-'), ('XDG_RUNTIME_DIR', '/run/user/1000'), ('GDK_BACKEND', 'x11'), ('DISPLAY', ':0'), ('TERMINATOR_DBUS_PATH', '/net/tenshu/Terminator2'), ('LANG', 'tr_TR.UTF-8'), ('XDG_CURRENT_DESKTOP', 'ubuntu:GNOME'), ('IBUS_DISABLE_SNOOPER', '1'), ('XMODIFIERS', '@im=ibus'), ('XDG_SESSION_DESKTOP', 'ubuntu-xorg'), ('XAUTHORITY', '/run/user/1000/gdm/Xauthority'), ('LS_COLORS', 'rs=0:di=01;34:ln=01;36:mh=00:pi=40;33:so=01;35:do=01;35:bd=40;33;01:cd=40;33;01:or=40;31;01:mi=00:su=37;41:sg=30;43:ca=30;41:tw=30;42:ow=34;42:st=37;44:ex=01;32:*.tar=01;31:*.tgz=01;31:*.arc=01;31:*.arj=01;31:*.taz=01;31:*.lha=01;31:*.lz4=01;31:*.lzh=01;31:*.lzma=01;31:*.tlz=01;31:*.txz=01;31:*.tzo=01;31:*.t7z=01;31:*.zip=01;31:*.z=01;31:*.dz=01;31:*.gz=01;31:*.lrz=01;31:*.lz=01;31:*.lzo=01;31:*.xz=01;31:*.zst=01;31:*.tzst=01;31:*.bz2=01;31:*.bz=01;31:*.tbz=01;31:*.tbz2=01;31:*.tz=01;31:*.deb=01;31:*.rpm=01;31:*.jar=01;31:*.war=01;31:*.ear=01;31:*.sar=01;31:*.rar=01;31:*.alz=01;31:*.ace=01;31:*.zoo=01;31:*.cpio=01;31:*.7z=01;31:*.rz=01;31:*.cab=01;31:*.wim=01;31:*.swm=01;31:*.dwm=01;31:*.esd=01;31:*.jpg=01;35:*.jpeg=01;35:*.mjpg=01;35:*.mjpeg=01;35:*.gif=01;35:*.bmp=01;35:*.pbm=01;35:*.pgm=01;35:*.ppm=01;35:*.tga=01;35:*.xbm=01;35:*.xpm=01;35:*.tif=01;35:*.tiff=01;35:*.png=01;35:*.svg=01;35:*.svgz=01;35:*.mng=01;35:*.pcx=01;35:*.mov=01;35:*.mpg=01;35:*.mpeg=01;35:*.m2v=01;35:*.mkv=01;35:*.webm=01;35:*.webp=01;35:*.ogm=01;35:*.mp4=01;35:*.m4v=01;35:*.mp4v=01;35:*.vob=01;35:*.qt=01;35:*.nuv=01;35:*.wmv=01;35:*.asf=01;35:*.rm=01;35:*.rmvb=01;35:*.flc=01;35:*.avi=01;35:*.fli=01;35:*.flv=01;35:*.gl=01;35:*.dl=01;35:*.xcf=01;35:*.xwd=01;35:*.yuv=01;35:*.cgm=01;35:*.emf=01;35:*.ogv=01;35:*.ogx=01;35:*.aac=00;36:*.au=00;36:*.flac=00;36:*.m4a=00;36:*.mid=00;36:*.midi=00;36:*.mka=00;36:*.mp3=00;36:*.mpc=00;36:*.ogg=00;36:*.ra=00;36:*.wav=00;36:*.oga=00;36:*.opus=00;36:*.spx=00;36:*.xspf=00;36:'), ('VSCODE_GIT_IPC_HANDLE', '/run/user/1000/vscode-git-0cbf93e25a.sock'), ('TERM_PROGRAM', 'vscode'), ('SSH_AGENT_LAUNCHER', 'gnome-keyring'), ('SSH_AUTH_SOCK', '/run/user/1000/keyring/ssh'), ('AMENT_PREFIX_PATH', '/home/aliomacc/turtlebot3_ws/install/turtlebot3_simulations:/home/aliomacc/turtlebot3_ws/install/turtlebot3_manipulation_gazebo:/home/aliomacc/turtlebot3_ws/install/turtlebot3_gazebo:/home/aliomacc/turtlebot3_ws/install/turtlebot3_fake_node:/home/aliomacc/ros2_ws/install/actions_py:/home/aliomacc/ros2_ws/install/my_robot_interfaces:/home/aliomacc/ros2_ws/install/my_robot_description:/home/aliomacc/ros2_ws/install/my_robot_bringup:/home/aliomacc/ros2_ws/install/lifecycle_py:/home/aliomacc/ros2_ws/install/lifecycle_cpp:/opt/ros/humble'), ('SHELL', '/bin/bash'), ('TERMINATOR_UUID', 'urn:uuid:000422ba-25d5-4262-9e2f-dc4b83371a6a'), ('QT_ACCESSIBILITY', '1'), ('GDMSESSION', 'ubuntu-xorg'), ('LESSCLOSE', '/usr/bin/lesspipe %s %s'), ('GPG_AGENT_INFO', '/run/user/1000/gnupg/S.gpg-agent:0:1'), ('GJS_DEBUG_OUTPUT', 'stderr'), ('VSCODE_GIT_ASKPASS_EXTRA_ARGS', ''), ('QT_IM_MODULE', 'ibus'), ('PWD', '/home/aliomacc/sti_usv/build/workspace_gz'), ('TURTLEBOT3_MODEL', 'waffle'), ('XDG_CONFIG_DIRS', '/etc/xdg/xdg-ubuntu-xorg:/etc/xdg'), ('XDG_DATA_DIRS', '/usr/share/ubuntu-xorg:/usr/share/gnome:/home/aliomacc/.local/share/flatpak/exports/share:/var/lib/flatpak/exports/share:/usr/local/share/:/usr/share/:/var/lib/snapd/desktop'), ('PYTHONPATH', '/home/aliomacc/ros2_ws/install/actions_py/lib/python3.10/site-packages:/home/aliomacc/ros2_ws/install/my_robot_interfaces/local/lib/python3.10/dist-packages:/home/aliomacc/ros2_ws/install/lifecycle_py/lib/python3.10/site-packages:/opt/ros/humble/lib/python3.10/site-packages:/opt/ros/humble/local/lib/python3.10/dist-packages'), ('COLCON', '1'), ('VTE_VERSION', '6800'), ('CMAKE_PREFIX_PATH', '/home/aliomacc/turtlebot3_ws/install/turtlebot3_simulations:/home/aliomacc/turtlebot3_ws/install/turtlebot3_manipulation_gazebo:/home/aliomacc/turtlebot3_ws/install/turtlebot3_gazebo:/home/aliomacc/turtlebot3_ws/install/turtlebot3_fake_node:/home/aliomacc/ros2_ws/install/my_robot_interfaces:/home/aliomacc/ros2_ws/install/my_robot_description:/home/aliomacc/ros2_ws/install/my_robot_bringup:/home/aliomacc/ros2_ws/install/lifecycle_cpp:/home/aliomacc/ros2_ws/install/actions_py:/home/aliomacc/ros2_ws/install/lifecycle_py:/opt/ros/humble')]), 'shell': False}
[0.099297] (-) TimerEvent: {}
[0.126433] (workspace_gz) StdoutLine: {'line': b'\x1b[35m\x1b[1mConsolidate compiler generated dependencies of target Waves\x1b[0m\n'}
[0.126904] (workspace_gz) StdoutLine: {'line': b'\x1b[35m\x1b[1mConsolidate compiler generated dependencies of target ScoringPlugin\x1b[0m\n'}
[0.164475] (workspace_gz) StdoutLine: {'line': b'[  1%] \x1b[32mBuilding CXX object CMakeFiles/Waves.dir/plugins/Wavefield.cc.o\x1b[0m\n'}
[0.172252] (workspace_gz) StdoutLine: {'line': b'[  3%] \x1b[32mBuilding CXX object CMakeFiles/ScoringPlugin.dir/plugins/ScoringPlugin.cc.o\x1b[0m\n'}
[0.199502] (-) TimerEvent: {}
[0.299998] (-) TimerEvent: {}
[0.400621] (-) TimerEvent: {}
[0.501933] (-) TimerEvent: {}
[0.602699] (-) TimerEvent: {}
[0.703545] (-) TimerEvent: {}
[0.805521] (-) TimerEvent: {}
[0.906008] (-) TimerEvent: {}
[1.006694] (-) TimerEvent: {}
[1.107351] (-) TimerEvent: {}
[1.209638] (-) TimerEvent: {}
[1.320686] (-) TimerEvent: {}
[1.423112] (-) TimerEvent: {}
[1.524275] (-) TimerEvent: {}
[1.626488] (-) TimerEvent: {}
[1.727851] (-) TimerEvent: {}
[1.834669] (-) TimerEvent: {}
[1.936168] (-) TimerEvent: {}
[2.037438] (-) TimerEvent: {}
[2.138520] (-) TimerEvent: {}
[2.239596] (-) TimerEvent: {}
[2.340822] (-) TimerEvent: {}
[2.441770] (-) TimerEvent: {}
[2.542546] (-) TimerEvent: {}
[2.643523] (-) TimerEvent: {}
[2.744233] (-) TimerEvent: {}
[2.844831] (-) TimerEvent: {}
[2.947771] (-) TimerEvent: {}
[3.049492] (-) TimerEvent: {}
[3.153880] (-) TimerEvent: {}
[3.257308] (-) TimerEvent: {}
[3.358396] (-) TimerEvent: {}
[3.459247] (-) TimerEvent: {}
[3.560674] (-) TimerEvent: {}
[3.661819] (-) TimerEvent: {}
[3.763923] (-) TimerEvent: {}
[3.864964] (-) TimerEvent: {}
[3.966318] (-) TimerEvent: {}
[4.067268] (-) TimerEvent: {}
[4.167948] (-) TimerEvent: {}
[4.269452] (-) TimerEvent: {}
[4.370710] (-) TimerEvent: {}
[4.472035] (-) TimerEvent: {}
[4.573171] (-) TimerEvent: {}
[4.673650] (-) TimerEvent: {}
[4.774201] (-) TimerEvent: {}
[4.875322] (-) TimerEvent: {}
[4.976023] (-) TimerEvent: {}
[5.076889] (-) TimerEvent: {}
[5.177858] (-) TimerEvent: {}
[5.278521] (-) TimerEvent: {}
[5.379171] (-) TimerEvent: {}
[5.479878] (-) TimerEvent: {}
[5.581309] (-) TimerEvent: {}
[5.682177] (-) TimerEvent: {}
[5.782629] (-) TimerEvent: {}
[5.883316] (-) TimerEvent: {}
[5.983791] (-) TimerEvent: {}
[6.084420] (-) TimerEvent: {}
[6.185076] (-) TimerEvent: {}
[6.285704] (-) TimerEvent: {}
[6.386168] (-) TimerEvent: {}
[6.487009] (-) TimerEvent: {}
[6.588437] (-) TimerEvent: {}
[6.689526] (-) TimerEvent: {}
[6.789878] (-) TimerEvent: {}
[6.890331] (-) TimerEvent: {}
[6.991003] (-) TimerEvent: {}
[7.091932] (-) TimerEvent: {}
[7.192672] (-) TimerEvent: {}
[7.293977] (-) TimerEvent: {}
[7.394749] (-) TimerEvent: {}
[7.495236] (-) TimerEvent: {}
[7.596161] (-) TimerEvent: {}
[7.696775] (-) TimerEvent: {}
[7.798496] (-) TimerEvent: {}
[7.899517] (-) TimerEvent: {}
[8.000438] (-) TimerEvent: {}
[8.101684] (-) TimerEvent: {}
[8.203249] (-) TimerEvent: {}
[8.303898] (-) TimerEvent: {}
[8.404792] (-) TimerEvent: {}
[8.506037] (-) TimerEvent: {}
[8.606900] (-) TimerEvent: {}
[8.708275] (-) TimerEvent: {}
[8.809692] (-) TimerEvent: {}
[8.911135] (-) TimerEvent: {}
[9.012334] (-) TimerEvent: {}
[9.113426] (-) TimerEvent: {}
[9.214697] (-) TimerEvent: {}
[9.315908] (-) TimerEvent: {}
[9.417351] (-) TimerEvent: {}
[9.518946] (-) TimerEvent: {}
[9.620639] (-) TimerEvent: {}
[9.721768] (-) TimerEvent: {}
[9.822635] (-) TimerEvent: {}
[9.924295] (-) TimerEvent: {}
[10.026139] (-) TimerEvent: {}
[10.097420] (workspace_gz) StderrLine: {'line': b'\x1b[01m\x1b[K/home/aliomacc/sti_usv/src/usv_sim/workspace_gz/plugins/Wavefield.cc:\x1b[m\x1b[K In constructor \xe2\x80\x98\x1b[01m\x1b[Kvrx::WavefieldPrivate::WavefieldPrivate()\x1b[m\x1b[K\xe2\x80\x99:\n'}
[10.098128] (workspace_gz) StderrLine: {'line': b'\x1b[01m\x1b[K/home/aliomacc/sti_usv/src/usv_sim/workspace_gz/plugins/Wavefield.cc:137:18:\x1b[m\x1b[K \x1b[01;35m\x1b[Kwarning: \x1b[m\x1b[K\xe2\x80\x98\x1b[01m\x1b[Kvrx::WavefieldPrivate::wavenumber\x1b[m\x1b[K\xe2\x80\x99 will be initialized after [\x1b[01;35m\x1b[K\x1b]8;;https://gcc.gnu.org/onlinedocs/gcc/Warning-Options.html#index-Wreorder\x07-Wreorder\x1b]8;;\x07\x1b[m\x1b[K]\n'}
[10.098530] (workspace_gz) StderrLine: {'line': b'  137 | e \x1b[01;35m\x1b[Kwavenumber\x1b[m\x1b[K;\n'}
[10.098769] (workspace_gz) StderrLine: {'line': b'      |   \x1b[01;35m\x1b[K^~~~~~~~~~\x1b[m\x1b[K\n'}
[10.098934] (workspace_gz) StderrLine: {'line': b'\n'}
[10.099088] (workspace_gz) StderrLine: {'line': b'\x1b[01m\x1b[K/home/aliomacc/sti_usv/src/usv_sim/workspace_gz/plugins/Wavefield.cc:125:18:\x1b[m\x1b[K \x1b[01;35m\x1b[Kwarning: \x1b[m\x1b[K  \xe2\x80\x98\x1b[01m\x1b[Kdouble vrx::WavefieldPrivate::tau\x1b[m\x1b[K\xe2\x80\x99 [\x1b[01;35m\x1b[K\x1b]8;;https://gcc.gnu.org/onlinedocs/gcc/Warning-Options.html#index-Wreorder\x07-Wreorder\x1b]8;;\x07\x1b[m\x1b[K]\n'}
[10.099260] (workspace_gz) StderrLine: {'line': b'  125 | : double \x1b[01;35m\x1b[Ktau\x1b[m\x1b[K;\n'}
[10.099434] (workspace_gz) StderrLine: {'line': b'      |          \x1b[01;35m\x1b[K^~~\x1b[m\x1b[K\n'}
[10.099621] (workspace_gz) StderrLine: {'line': b'\n'}
[10.099777] (workspace_gz) StderrLine: {'line': b'\x1b[01m\x1b[K/home/aliomacc/sti_usv/src/usv_sim/workspace_gz/plugins/Wavefield.cc:50:11:\x1b[m\x1b[K \x1b[01;35m\x1b[Kwarning: \x1b[m\x1b[K  when initialized here [\x1b[01;35m\x1b[K\x1b]8;;https://gcc.gnu.org/onlinedocs/gcc/Warning-Options.html#index-Wreorder\x07-Wreorder\x1b]8;;\x07\x1b[m\x1b[K]\n'}
[10.099950] (workspace_gz) StderrLine: {'line': b'   50 | : \x1b[01;35m\x1b[KWavefieldPrivate\x1b[m\x1b[K():\n'}
[10.100186] (workspace_gz) StderrLine: {'line': b'      |   \x1b[01;35m\x1b[K^~~~~~~~~~~~~~~~\x1b[m\x1b[K\n'}
[10.100393] (workspace_gz) StderrLine: {'line': b'\n'}
[10.126263] (-) TimerEvent: {}
[10.227160] (-) TimerEvent: {}
[10.328293] (-) TimerEvent: {}
[10.372151] (workspace_gz) StderrLine: {'line': b'/home/aliomacc/sti_usv/src/usv_sim/workspace_gz/plugins/Wavefield.cc: In instantiation of \xe2\x80\x98\x1b[01m\x1b[Kvrx::Wavefield::ComputeDepthDirectly(const Vector3d&, double, double)::<lambda(auto:24, auto:25, auto:26, auto:27&, auto:28&, auto:29&)> [with auto:24 = Eigen::Matrix<double, 2, 1>; auto:25 = Eigen::Matrix<double, 2, 1>; auto:26 = double; auto:27 = vrx::Wavefield::ComputeDepthDirectly(const Vector3d&, double, double)::WaveParams; auto:28 = Eigen::Matrix<double, 2, 1>; auto:29 = Eigen::Matrix<double, 2, 2>]\x1b[m\x1b[K\xe2\x80\x99:\n'}
[10.372564] (workspace_gz) StderrLine: {'line': b'\x1b[01m\x1b[K/home/aliomacc/sti_usv/src/usv_sim/workspace_gz/plugins/Wavefield.cc:853:18:\x1b[m\x1b[K   required from \xe2\x80\x98\x1b[01m\x1b[Kvrx::Wavefield::ComputeDepthDirectly(const Vector3d&, double, double)::<lambda(auto:30&, auto:31, auto:32, auto:33, auto:34&, auto:35, auto:36)> [with auto:30 = vrx::Wavefield::ComputeDepthDirectly(const Vector3d&, double, double)::<lambda(auto:24, auto:25, auto:26, auto:27&, auto:28&, auto:29&)>; auto:31 = Eigen::Matrix<double, 2, 1>; auto:32 = Eigen::Matrix<double, 2, 1>; auto:33 = double; auto:34 = vrx::Wavefield::ComputeDepthDirectly(const Vector3d&, double, double)::WaveParams; auto:35 = double; auto:36 = double]\x1b[m\x1b[K\xe2\x80\x99\n'}
[10.372814] (workspace_gz) StderrLine: {'line': b'\x1b[01m\x1b[K/home/aliomacc/sti_usv/src/usv_sim/workspace_gz/plugins/Wavefield.cc:878:27:\x1b[m\x1b[K   required from here\n'}
[10.372984] (workspace_gz) StderrLine: {'line': b'\x1b[01m\x1b[K/home/aliomacc/sti_usv/src/usv_sim/workspace_gz/plugins/Wavefield.cc:810:26:\x1b[m\x1b[K \x1b[01;35m\x1b[Kwarning: \x1b[m\x1b[Kcomparison of integer expressions of different signedness: \xe2\x80\x98\x1b[01m\x1b[Kint\x1b[m\x1b[K\xe2\x80\x99 and \xe2\x80\x98\x1b[01m\x1b[Kconst size_t\x1b[m\x1b[K\xe2\x80\x99 {aka \xe2\x80\x98\x1b[01m\x1b[Kconst long unsigned int\x1b[m\x1b[K\xe2\x80\x99} [\x1b[01;35m\x1b[K\x1b]8;;https://gcc.gnu.org/onlinedocs/gcc/Warning-Options.html#index-Wsign-compare\x07-Wsign-compare\x1b]8;;\x07\x1b[m\x1b[K]\n'}
[10.373157] (workspace_gz) StderrLine: {'line': b'  810 | \x1b[01;35m\x1b[Ki < n\x1b[m\x1b[K; ++i) // NOLINT\n'}
[10.373327] (workspace_gz) StderrLine: {'line': b'      | \x1b[01;35m\x1b[K~~^~~\x1b[m\x1b[K\n'}
[10.373542] (workspace_gz) StderrLine: {'line': b'\n'}
[10.428706] (-) TimerEvent: {}
[10.529568] (-) TimerEvent: {}
[10.630710] (-) TimerEvent: {}
[10.732406] (-) TimerEvent: {}
[10.834218] (-) TimerEvent: {}
[10.935274] (-) TimerEvent: {}
[11.036257] (-) TimerEvent: {}
[11.137056] (-) TimerEvent: {}
[11.238429] (-) TimerEvent: {}
[11.339220] (-) TimerEvent: {}
[11.440222] (-) TimerEvent: {}
[11.541433] (-) TimerEvent: {}
[11.642284] (-) TimerEvent: {}
[11.743193] (-) TimerEvent: {}
[11.843816] (-) TimerEvent: {}
[11.945831] (-) TimerEvent: {}
[12.047032] (-) TimerEvent: {}
[12.148299] (-) TimerEvent: {}
[12.249514] (-) TimerEvent: {}
[12.350584] (-) TimerEvent: {}
[12.451251] (-) TimerEvent: {}
[12.552089] (-) TimerEvent: {}
[12.652730] (-) TimerEvent: {}
[12.753673] (-) TimerEvent: {}
[12.855219] (-) TimerEvent: {}
[12.956379] (-) TimerEvent: {}
[13.056886] (-) TimerEvent: {}
[13.158654] (-) TimerEvent: {}
[13.259638] (-) TimerEvent: {}
[13.361398] (-) TimerEvent: {}
[13.462783] (-) TimerEvent: {}
[13.564450] (-) TimerEvent: {}
[13.665799] (-) TimerEvent: {}
[13.767064] (-) TimerEvent: {}
[13.868139] (-) TimerEvent: {}
[13.968778] (-) TimerEvent: {}
[14.069798] (-) TimerEvent: {}
[14.170813] (-) TimerEvent: {}
[14.271998] (-) TimerEvent: {}
[14.372887] (-) TimerEvent: {}
[14.475118] (-) TimerEvent: {}
[14.576177] (-) TimerEvent: {}
[14.676761] (-) TimerEvent: {}
[14.778760] (-) TimerEvent: {}
[14.879806] (-) TimerEvent: {}
[14.981239] (-) TimerEvent: {}
[15.082528] (-) TimerEvent: {}
[15.183189] (-) TimerEvent: {}
[15.284512] (-) TimerEvent: {}
[15.385933] (-) TimerEvent: {}
[15.486790] (-) TimerEvent: {}
[15.588225] (-) TimerEvent: {}
[15.689753] (-) TimerEvent: {}
[15.791743] (-) TimerEvent: {}
[15.893192] (-) TimerEvent: {}
[15.994680] (-) TimerEvent: {}
[16.095558] (-) TimerEvent: {}
[16.196354] (-) TimerEvent: {}
[16.297574] (-) TimerEvent: {}
[16.398794] (-) TimerEvent: {}
[16.499814] (-) TimerEvent: {}
[16.601213] (-) TimerEvent: {}
[16.701996] (-) TimerEvent: {}
[16.802739] (-) TimerEvent: {}
[16.903853] (-) TimerEvent: {}
[17.006210] (-) TimerEvent: {}
[17.107224] (-) TimerEvent: {}
[17.208031] (-) TimerEvent: {}
[17.309682] (-) TimerEvent: {}
[17.410563] (-) TimerEvent: {}
[17.511128] (-) TimerEvent: {}
[17.611741] (-) TimerEvent: {}
[17.712374] (-) TimerEvent: {}
[17.813052] (-) TimerEvent: {}
[17.913761] (-) TimerEvent: {}
[18.014770] (-) TimerEvent: {}
[18.115965] (-) TimerEvent: {}
[18.217477] (-) TimerEvent: {}
[18.318615] (-) TimerEvent: {}
[18.321558] (workspace_gz) StderrLine: {'line': b'\x1b[01m\x1b[K/home/aliomacc/sti_usv/src/usv_sim/workspace_gz/plugins/ScoringPlugin.cc:\x1b[m\x1b[K In member function \xe2\x80\x98\x1b[01m\x1b[Kvirtual void vrx::ScoringPlugin::Configure(const Entity&, const std::shared_ptr<const sdf::v12::Element>&, ignition::gazebo::v6::EntityComponentManager&, ignition::gazebo::v6::EventManager&)\x1b[m\x1b[K\xe2\x80\x99:\n'}
[18.321935] (workspace_gz) StderrLine: {'line': b'\x1b[01m\x1b[K/home/aliomacc/sti_usv/src/usv_sim/workspace_gz/plugins/ScoringPlugin.cc:374:50:\x1b[m\x1b[K \x1b[01;35m\x1b[Kwarning: \x1b[m\x1b[Kunused parameter \xe2\x80\x98\x1b[01m\x1b[K_entity\x1b[m\x1b[K\xe2\x80\x99 [\x1b[01;35m\x1b[K\x1b]8;;https://gcc.gnu.org/onlinedocs/gcc/Warning-Options.html#index-Wunused-parameter\x07-Wunused-parameter\x1b]8;;\x07\x1b[m\x1b[K]\n'}
[18.322155] (workspace_gz) StderrLine: {'line': b'  374 | void ScoringPlugin::Configure(\x1b[01;35m\x1b[Kconst sim::Entity &_entity\x1b[m\x1b[K,\n'}
[18.322325] (workspace_gz) StderrLine: {'line': b'      |                               \x1b[01;35m\x1b[K~~~~~~~~~~~~~~~~~~~^~~~~~~\x1b[m\x1b[K\n'}
[18.322552] (workspace_gz) StderrLine: {'line': b'\x1b[01m\x1b[K/home/aliomacc/sti_usv/src/usv_sim/workspace_gz/plugins/ScoringPlugin.cc:376:34:\x1b[m\x1b[K \x1b[01;35m\x1b[Kwarning: \x1b[m\x1b[Kunused parameter \xe2\x80\x98\x1b[01m\x1b[K_ecm\x1b[m\x1b[K\xe2\x80\x99 [\x1b[01;35m\x1b[K\x1b]8;;https://gcc.gnu.org/onlinedocs/gcc/Warning-Options.html#index-Wunused-parameter\x07-Wunused-parameter\x1b]8;;\x07\x1b[m\x1b[K]\n'}
[18.322746] (workspace_gz) StderrLine: {'line': b'  376 |     \x1b[01;35m\x1b[Ksim::EntityComponentManager &_ecm\x1b[m\x1b[K,\n'}
[18.322930] (workspace_gz) StderrLine: {'line': b'      |     \x1b[01;35m\x1b[K~~~~~~~~~~~~~~~~~~~~~~~~~~~~~^~~~\x1b[m\x1b[K\n'}
[18.339135] (workspace_gz) StderrLine: {'line': b'\x1b[01m\x1b[K/home/aliomacc/sti_usv/src/usv_sim/workspace_gz/plugins/ScoringPlugin.cc:\x1b[m\x1b[K In member function \xe2\x80\x98\x1b[01m\x1b[Kvoid vrx::ScoringPlugin::OnContacts(const ignition::msgs::Contacts&)\x1b[m\x1b[K\xe2\x80\x99:\n'}
[18.339555] (workspace_gz) StderrLine: {'line': b'\x1b[01m\x1b[K/home/aliomacc/sti_usv/src/usv_sim/workspace_gz/plugins/ScoringPlugin.cc:614:30:\x1b[m\x1b[K \x1b[01;35m\x1b[Kwarning: \x1b[m\x1b[Kcomparison of integer expressions of different signedness: \xe2\x80\x98\x1b[01m\x1b[Kunsigned int\x1b[m\x1b[K\xe2\x80\x99 and \xe2\x80\x98\x1b[01m\x1b[Kint\x1b[m\x1b[K\xe2\x80\x99 [\x1b[01;35m\x1b[K\x1b]8;;https://gcc.gnu.org/onlinedocs/gcc/Warning-Options.html#index-Wsign-compare\x07-Wsign-compare\x1b]8;;\x07\x1b[m\x1b[K]\n'}
[18.339785] (workspace_gz) StderrLine: {'line': b'  614 |   for (unsigned int i = 0; \x1b[01;35m\x1b[Ki < _contacts.contact_size()\x1b[m\x1b[K; ++i)\n'}
[18.340032] (workspace_gz) StderrLine: {'line': b'      |                            \x1b[01;35m\x1b[K~~^~~~~~~~~~~~~~~~~~~~~~~~~~\x1b[m\x1b[K\n'}
[18.419102] (-) TimerEvent: {}
[18.520590] (-) TimerEvent: {}
[18.621657] (-) TimerEvent: {}
[18.722237] (-) TimerEvent: {}
[18.823557] (-) TimerEvent: {}
[18.924832] (-) TimerEvent: {}
[19.026374] (-) TimerEvent: {}
[19.127972] (-) TimerEvent: {}
[19.229267] (-) TimerEvent: {}
[19.330692] (-) TimerEvent: {}
[19.431277] (-) TimerEvent: {}
[19.533189] (-) TimerEvent: {}
[19.633728] (-) TimerEvent: {}
[19.735613] (-) TimerEvent: {}
[19.836761] (-) TimerEvent: {}
[19.937656] (-) TimerEvent: {}
[20.038656] (-) TimerEvent: {}
[20.139573] (-) TimerEvent: {}
[20.240193] (-) TimerEvent: {}
[20.341411] (-) TimerEvent: {}
[20.442991] (-) TimerEvent: {}
[20.543476] (-) TimerEvent: {}
[20.644037] (-) TimerEvent: {}
[20.745184] (-) TimerEvent: {}
[20.846644] (-) TimerEvent: {}
[20.954024] (-) TimerEvent: {}
[21.056915] (-) TimerEvent: {}
[21.158513] (-) TimerEvent: {}
[21.260704] (-) TimerEvent: {}
[21.361565] (-) TimerEvent: {}
[21.463394] (-) TimerEvent: {}
[21.566449] (-) TimerEvent: {}
[21.667413] (-) TimerEvent: {}
[21.767990] (-) TimerEvent: {}
[21.869408] (-) TimerEvent: {}
[21.971383] (-) TimerEvent: {}
[21.983536] (workspace_gz) StdoutLine: {'line': b'[  5%] \x1b[32m\x1b[1mLinking CXX shared library libWaves.so\x1b[0m\n'}
[22.071498] (-) TimerEvent: {}
[22.172540] (-) TimerEvent: {}
[22.273384] (-) TimerEvent: {}
[22.374656] (-) TimerEvent: {}
[22.475340] (-) TimerEvent: {}
[22.576978] (-) TimerEvent: {}
[22.679052] (-) TimerEvent: {}
[22.782140] (-) TimerEvent: {}
[22.884049] (-) TimerEvent: {}
[22.985777] (-) TimerEvent: {}
[23.087153] (-) TimerEvent: {}
[23.188508] (-) TimerEvent: {}
[23.225608] (workspace_gz) StdoutLine: {'line': b'[  5%] Built target Waves\n'}
[23.288747] (-) TimerEvent: {}
[23.389474] (-) TimerEvent: {}
[23.490133] (-) TimerEvent: {}
[23.593310] (-) TimerEvent: {}
[23.694241] (-) TimerEvent: {}
[23.794985] (-) TimerEvent: {}
[23.896020] (-) TimerEvent: {}
[23.996545] (-) TimerEvent: {}
[24.096852] (-) TimerEvent: {}
[24.197190] (-) TimerEvent: {}
[24.297676] (-) TimerEvent: {}
[24.398794] (-) TimerEvent: {}
[24.500334] (-) TimerEvent: {}
[24.601448] (-) TimerEvent: {}
[24.701944] (-) TimerEvent: {}
[24.802747] (-) TimerEvent: {}
[24.903153] (-) TimerEvent: {}
[25.003679] (-) TimerEvent: {}
[25.105250] (-) TimerEvent: {}
[25.206148] (-) TimerEvent: {}
[25.306914] (-) TimerEvent: {}
[25.407778] (-) TimerEvent: {}
[25.508329] (-) TimerEvent: {}
[25.608755] (-) TimerEvent: {}
[25.709359] (-) TimerEvent: {}
[25.810134] (-) TimerEvent: {}
[25.910622] (-) TimerEvent: {}
[26.011177] (-) TimerEvent: {}
[26.112033] (-) TimerEvent: {}
[26.213266] (-) TimerEvent: {}
[26.314826] (-) TimerEvent: {}
[26.416004] (-) TimerEvent: {}
[26.516993] (-) TimerEvent: {}
[26.617499] (-) TimerEvent: {}
[26.718177] (-) TimerEvent: {}
[26.818620] (-) TimerEvent: {}
[26.919235] (-) TimerEvent: {}
[27.020645] (-) TimerEvent: {}
[27.121091] (-) TimerEvent: {}
[27.222244] (-) TimerEvent: {}
[27.323292] (-) TimerEvent: {}
[27.423989] (-) TimerEvent: {}
[27.524772] (-) TimerEvent: {}
[27.625531] (-) TimerEvent: {}
[27.726719] (-) TimerEvent: {}
[27.827442] (-) TimerEvent: {}
[27.928503] (-) TimerEvent: {}
[28.028951] (-) TimerEvent: {}
[28.129851] (-) TimerEvent: {}
[28.230515] (-) TimerEvent: {}
[28.331156] (-) TimerEvent: {}
[28.432291] (-) TimerEvent: {}
[28.532862] (-) TimerEvent: {}
[28.634251] (-) TimerEvent: {}
[28.735511] (-) TimerEvent: {}
[28.836401] (-) TimerEvent: {}
[28.937529] (-) TimerEvent: {}
[29.038099] (-) TimerEvent: {}
[29.138472] (-) TimerEvent: {}
[29.239242] (-) TimerEvent: {}
[29.340673] (-) TimerEvent: {}
[29.441296] (-) TimerEvent: {}
[29.542314] (-) TimerEvent: {}
[29.645278] (-) TimerEvent: {}
[29.746116] (-) TimerEvent: {}
[29.847288] (-) TimerEvent: {}
[29.948719] (-) TimerEvent: {}
[30.049674] (-) TimerEvent: {}
[30.150551] (-) TimerEvent: {}
[30.251161] (-) TimerEvent: {}
[30.351809] (-) TimerEvent: {}
[30.452308] (-) TimerEvent: {}
[30.553330] (-) TimerEvent: {}
[30.653900] (-) TimerEvent: {}
[30.754611] (-) TimerEvent: {}
[30.855601] (-) TimerEvent: {}
[30.956859] (-) TimerEvent: {}
[31.057866] (-) TimerEvent: {}
[31.158617] (-) TimerEvent: {}
[31.260558] (-) TimerEvent: {}
[31.362926] (-) TimerEvent: {}
[31.411750] (workspace_gz) StdoutLine: {'line': b'[  7%] \x1b[32m\x1b[1mLinking CXX shared library libScoringPlugin.so\x1b[0m\n'}
[31.463115] (-) TimerEvent: {}
[31.563924] (-) TimerEvent: {}
[31.664614] (-) TimerEvent: {}
[31.765333] (-) TimerEvent: {}
[31.866681] (-) TimerEvent: {}
[31.967320] (-) TimerEvent: {}
[32.067875] (-) TimerEvent: {}
[32.168570] (-) TimerEvent: {}
[32.269738] (-) TimerEvent: {}
[32.371119] (-) TimerEvent: {}
[32.472153] (-) TimerEvent: {}
[32.573391] (-) TimerEvent: {}
[32.674448] (-) TimerEvent: {}
[32.775234] (-) TimerEvent: {}
[32.838129] (workspace_gz) StdoutLine: {'line': b'[  7%] Built target ScoringPlugin\n'}
[32.877755] (-) TimerEvent: {}
[32.882949] (workspace_gz) StdoutLine: {'line': b'\x1b[35m\x1b[1mConsolidate compiler generated dependencies of target PolyhedraBuoyancyDrag\x1b[0m\n'}
[32.884370] (workspace_gz) StdoutLine: {'line': b'\x1b[35m\x1b[1mConsolidate compiler generated dependencies of target WaveVisual\x1b[0m\n'}
[32.884984] (workspace_gz) StdoutLine: {'line': b'\x1b[35m\x1b[1mConsolidate compiler generated dependencies of target Surface\x1b[0m\n'}
[32.885251] (workspace_gz) StdoutLine: {'line': b'\x1b[35m\x1b[1mConsolidate compiler generated dependencies of target USVWind\x1b[0m\n'}
[32.885413] (workspace_gz) StdoutLine: {'line': b'\x1b[35m\x1b[1mConsolidate compiler generated dependencies of target StationkeepingScoringPlugin\x1b[0m\n'}
[32.888594] (workspace_gz) StdoutLine: {'line': b'\x1b[35m\x1b[1mConsolidate compiler generated dependencies of target SimpleHydrodynamics\x1b[0m\n'}
[32.893884] (workspace_gz) StdoutLine: {'line': b'\x1b[35m\x1b[1mConsolidate compiler generated dependencies of target AcousticPerceptionScoringPlugin\x1b[0m\n'}
[32.914916] (workspace_gz) StdoutLine: {'line': b'\x1b[35m\x1b[1mConsolidate compiler generated dependencies of target WayfindingScoringPlugin\x1b[0m\n'}
[32.938131] (workspace_gz) StdoutLine: {'line': b'[  9%] \x1b[32mBuilding CXX object CMakeFiles/WaveVisual.dir/plugins/WaveVisual.cc.o\x1b[0m\n'}
[32.964927] (workspace_gz) StdoutLine: {'line': b'[ 13%] \x1b[32mBuilding CXX object CMakeFiles/PolyhedraBuoyancyDrag.dir/plugins/PolyhedraBuoyancyDrag.cc.o\x1b[0m\n'}
[32.965544] (workspace_gz) StdoutLine: {'line': b'[ 13%] \x1b[32mBuilding CXX object CMakeFiles/Surface.dir/plugins/Surface.cc.o\x1b[0m\n'}
[32.970389] (workspace_gz) StdoutLine: {'line': b'[ 15%] \x1b[32mBuilding CXX object CMakeFiles/SimpleHydrodynamics.dir/plugins/SimpleHydrodynamics.cc.o\x1b[0m\n'}
[32.973982] (workspace_gz) StdoutLine: {'line': b'[ 16%] \x1b[32mBuilding CXX object CMakeFiles/StationkeepingScoringPlugin.dir/plugins/StationkeepingScoringPlugin.cc.o\x1b[0m\n'}
[32.975080] (workspace_gz) StdoutLine: {'line': b'[ 18%] \x1b[32mBuilding CXX object CMakeFiles/USVWind.dir/plugins/USVWind.cc.o\x1b[0m\n'}
[32.979068] (-) TimerEvent: {}
[32.994171] (workspace_gz) StdoutLine: {'line': b'[ 20%] \x1b[32mBuilding CXX object CMakeFiles/AcousticPerceptionScoringPlugin.dir/plugins/AcousticPerceptionScoringPlugin.cc.o\x1b[0m\n'}
[33.016185] (workspace_gz) StdoutLine: {'line': b'[ 22%] \x1b[32mBuilding CXX object CMakeFiles/WayfindingScoringPlugin.dir/plugins/WayfindingScoringPlugin.cc.o\x1b[0m\n'}
[33.082291] (-) TimerEvent: {}
[33.182779] (-) TimerEvent: {}
[33.285786] (-) TimerEvent: {}
[33.386965] (-) TimerEvent: {}
[33.489973] (-) TimerEvent: {}
[33.597942] (-) TimerEvent: {}
[33.704161] (-) TimerEvent: {}
[33.810416] (-) TimerEvent: {}
[33.911451] (-) TimerEvent: {}
[34.020646] (-) TimerEvent: {}
[34.128399] (-) TimerEvent: {}
[34.230140] (-) TimerEvent: {}
[34.334442] (-) TimerEvent: {}
[34.440290] (-) TimerEvent: {}
[34.541310] (-) TimerEvent: {}
[34.644579] (-) TimerEvent: {}
[34.746363] (-) TimerEvent: {}
[34.848816] (-) TimerEvent: {}
[34.956512] (-) TimerEvent: {}
[35.069404] (-) TimerEvent: {}
[35.173127] (-) TimerEvent: {}
[35.276876] (-) TimerEvent: {}
[35.386089] (-) TimerEvent: {}
[35.487759] (-) TimerEvent: {}
[35.588913] (-) TimerEvent: {}
[35.692437] (-) TimerEvent: {}
[35.801674] (-) TimerEvent: {}
[35.904973] (-) TimerEvent: {}
[36.006288] (-) TimerEvent: {}
[36.117811] (-) TimerEvent: {}
[36.232218] (-) TimerEvent: {}
[36.333612] (-) TimerEvent: {}
[36.442939] (-) TimerEvent: {}
[36.544790] (-) TimerEvent: {}
[36.654232] (-) TimerEvent: {}
[36.754803] (-) TimerEvent: {}
[36.856081] (-) TimerEvent: {}
[36.962704] (-) TimerEvent: {}
[37.065855] (-) TimerEvent: {}
[37.168272] (-) TimerEvent: {}
[37.268997] (-) TimerEvent: {}
[37.375025] (-) TimerEvent: {}
[37.481901] (-) TimerEvent: {}
[37.583158] (-) TimerEvent: {}
[37.684738] (-) TimerEvent: {}
[37.791036] (-) TimerEvent: {}
[37.891599] (-) TimerEvent: {}
[37.992369] (-) TimerEvent: {}
[38.097288] (-) TimerEvent: {}
[38.197967] (-) TimerEvent: {}
[38.301671] (-) TimerEvent: {}
[38.410810] (-) TimerEvent: {}
[38.514723] (-) TimerEvent: {}
[38.619186] (-) TimerEvent: {}
[38.722114] (-) TimerEvent: {}
[38.825392] (-) TimerEvent: {}
[38.968254] (-) TimerEvent: {}
[39.074113] (-) TimerEvent: {}
[39.175360] (-) TimerEvent: {}
[39.289401] (-) TimerEvent: {}
[39.390533] (-) TimerEvent: {}
[39.491802] (-) TimerEvent: {}
[39.594356] (-) TimerEvent: {}
[39.697300] (-) TimerEvent: {}
[39.804585] (-) TimerEvent: {}
[39.905399] (-) TimerEvent: {}
[40.012744] (-) TimerEvent: {}
[40.114620] (-) TimerEvent: {}
[40.222783] (-) TimerEvent: {}
[40.323529] (-) TimerEvent: {}
[40.426717] (-) TimerEvent: {}
[40.529917] (-) TimerEvent: {}
[40.632294] (-) TimerEvent: {}
[40.739007] (-) TimerEvent: {}
[40.849591] (-) TimerEvent: {}
[40.954992] (-) TimerEvent: {}
[41.056812] (-) TimerEvent: {}
[41.165785] (-) TimerEvent: {}
[41.267156] (-) TimerEvent: {}
[41.372811] (-) TimerEvent: {}
[41.480746] (-) TimerEvent: {}
[41.582021] (-) TimerEvent: {}
[41.686744] (-) TimerEvent: {}
[41.793512] (-) TimerEvent: {}
[41.898652] (-) TimerEvent: {}
[42.002175] (-) TimerEvent: {}
[42.103082] (-) TimerEvent: {}
[42.205213] (-) TimerEvent: {}
[42.311314] (-) TimerEvent: {}
[42.412719] (-) TimerEvent: {}
[42.517812] (-) TimerEvent: {}
[42.620888] (-) TimerEvent: {}
[42.722821] (-) TimerEvent: {}
[42.829573] (-) TimerEvent: {}
[42.930294] (-) TimerEvent: {}
[43.044117] (-) TimerEvent: {}
[43.145418] (-) TimerEvent: {}
[43.250070] (-) TimerEvent: {}
[43.355535] (-) TimerEvent: {}
[43.459970] (-) TimerEvent: {}
[43.561784] (-) TimerEvent: {}
[43.664068] (-) TimerEvent: {}
[43.768253] (-) TimerEvent: {}
[43.873217] (-) TimerEvent: {}
[43.990731] (-) TimerEvent: {}
[44.095949] (-) TimerEvent: {}
[44.197715] (-) TimerEvent: {}
[44.301994] (-) TimerEvent: {}
[44.403337] (-) TimerEvent: {}
[44.505820] (-) TimerEvent: {}
[44.607677] (-) TimerEvent: {}
[44.714022] (-) TimerEvent: {}
[44.818760] (-) TimerEvent: {}
[44.922109] (-) TimerEvent: {}
[45.030633] (-) TimerEvent: {}
[45.131333] (-) TimerEvent: {}
[45.235784] (-) TimerEvent: {}
[45.336557] (-) TimerEvent: {}
[45.438787] (-) TimerEvent: {}
[45.550668] (-) TimerEvent: {}
[45.653695] (-) TimerEvent: {}
[45.755009] (-) TimerEvent: {}
[45.861840] (-) TimerEvent: {}
[45.971811] (-) TimerEvent: {}
[46.076566] (-) TimerEvent: {}
[46.178022] (-) TimerEvent: {}
[46.280446] (-) TimerEvent: {}
[46.387905] (-) TimerEvent: {}
[46.489428] (-) TimerEvent: {}
[46.593753] (-) TimerEvent: {}
[46.694659] (-) TimerEvent: {}
[46.799381] (-) TimerEvent: {}
[46.909795] (-) TimerEvent: {}
[47.016419] (-) TimerEvent: {}
[47.124998] (-) TimerEvent: {}
[47.230165] (-) TimerEvent: {}
[47.335278] (-) TimerEvent: {}
[47.441196] (-) TimerEvent: {}
[47.546659] (-) TimerEvent: {}
[47.648122] (-) TimerEvent: {}
[47.750895] (-) TimerEvent: {}
[47.859111] (-) TimerEvent: {}
[47.960672] (-) TimerEvent: {}
[48.061874] (-) TimerEvent: {}
[48.169124] (-) TimerEvent: {}
[48.275630] (-) TimerEvent: {}
[48.376730] (-) TimerEvent: {}
[48.482716] (-) TimerEvent: {}
[48.585675] (-) TimerEvent: {}
[48.691499] (-) TimerEvent: {}
[48.796814] (-) TimerEvent: {}
[48.901639] (-) TimerEvent: {}
[49.004834] (-) TimerEvent: {}
[49.106273] (-) TimerEvent: {}
[49.210263] (-) TimerEvent: {}
[49.316123] (-) TimerEvent: {}
[49.417603] (-) TimerEvent: {}
[49.523779] (-) TimerEvent: {}
[49.628988] (-) TimerEvent: {}
[49.732780] (-) TimerEvent: {}
[49.837722] (-) TimerEvent: {}
[49.938596] (-) TimerEvent: {}
[50.042259] (-) TimerEvent: {}
[50.146109] (-) TimerEvent: {}
[50.254855] (-) TimerEvent: {}
[50.359896] (-) TimerEvent: {}
[50.463975] (-) TimerEvent: {}
[50.574177] (-) TimerEvent: {}
[50.675334] (-) TimerEvent: {}
[50.778888] (-) TimerEvent: {}
[50.884742] (-) TimerEvent: {}
[50.985602] (-) TimerEvent: {}
[51.090219] (-) TimerEvent: {}
[51.198772] (-) TimerEvent: {}
[51.299731] (-) TimerEvent: {}
[51.401369] (-) TimerEvent: {}
[51.503806] (-) TimerEvent: {}
[51.608705] (-) TimerEvent: {}
[51.709316] (-) TimerEvent: {}
[51.810517] (-) TimerEvent: {}
[51.913638] (-) TimerEvent: {}
[52.014770] (-) TimerEvent: {}
[52.121512] (-) TimerEvent: {}
[52.226879] (-) TimerEvent: {}
[52.328914] (-) TimerEvent: {}
[52.435605] (-) TimerEvent: {}
[52.536532] (-) TimerEvent: {}
[52.638286] (-) TimerEvent: {}
[52.742553] (-) TimerEvent: {}
[52.843252] (-) TimerEvent: {}
[52.944442] (-) TimerEvent: {}
[53.046972] (-) TimerEvent: {}
[53.149612] (-) TimerEvent: {}
[53.252004] (-) TimerEvent: {}
[53.356767] (-) TimerEvent: {}
[53.457728] (-) TimerEvent: {}
[53.558239] (-) TimerEvent: {}
[53.660609] (-) TimerEvent: {}
[53.761206] (-) TimerEvent: {}
[53.861948] (-) TimerEvent: {}
[53.966703] (-) TimerEvent: {}
[54.067752] (-) TimerEvent: {}
[54.168996] (-) TimerEvent: {}
[54.271578] (-) TimerEvent: {}
[54.373487] (-) TimerEvent: {}
[54.476913] (-) TimerEvent: {}
[54.577490] (-) TimerEvent: {}
[54.679782] (-) TimerEvent: {}
[54.783908] (-) TimerEvent: {}
[54.887661] (-) TimerEvent: {}
[54.989032] (-) TimerEvent: {}
[55.090239] (-) TimerEvent: {}
[55.193615] (-) TimerEvent: {}
[55.295427] (-) TimerEvent: {}
[55.400970] (-) TimerEvent: {}
[55.506046] (-) TimerEvent: {}
[55.609830] (-) TimerEvent: {}
[55.713323] (-) TimerEvent: {}
[55.814883] (-) TimerEvent: {}
[55.921220] (-) TimerEvent: {}
[56.023544] (-) TimerEvent: {}
[56.130676] (-) TimerEvent: {}
[56.232309] (-) TimerEvent: {}
[56.336971] (-) TimerEvent: {}
[56.441993] (-) TimerEvent: {}
[56.544947] (-) TimerEvent: {}
[56.651391] (-) TimerEvent: {}
[56.754987] (-) TimerEvent: {}
[56.858896] (-) TimerEvent: {}
[56.963753] (-) TimerEvent: {}
[57.068211] (-) TimerEvent: {}
[57.168978] (-) TimerEvent: {}
[57.276477] (-) TimerEvent: {}
[57.380170] (-) TimerEvent: {}
[57.486654] (-) TimerEvent: {}
[57.589915] (-) TimerEvent: {}
[57.693598] (-) TimerEvent: {}
[57.803759] (-) TimerEvent: {}
[57.905635] (-) TimerEvent: {}
[58.013023] (-) TimerEvent: {}
[58.118359] (-) TimerEvent: {}
[58.219380] (-) TimerEvent: {}
[58.323488] (-) TimerEvent: {}
[58.427245] (-) TimerEvent: {}
[58.538004] (-) TimerEvent: {}
[58.639677] (-) TimerEvent: {}
[58.743603] (-) TimerEvent: {}
[58.845530] (-) TimerEvent: {}
[58.951567] (-) TimerEvent: {}
[59.054017] (-) TimerEvent: {}
[59.158219] (-) TimerEvent: {}
[59.263211] (-) TimerEvent: {}
[59.366930] (-) TimerEvent: {}
[59.473047] (-) TimerEvent: {}
[59.578763] (-) TimerEvent: {}
[59.679385] (-) TimerEvent: {}
[59.780137] (-) TimerEvent: {}
[59.881448] (-) TimerEvent: {}
[59.984531] (-) TimerEvent: {}
[60.092593] (-) TimerEvent: {}
[60.193502] (-) TimerEvent: {}
[60.298790] (-) TimerEvent: {}
[60.400104] (-) TimerEvent: {}
[60.504637] (-) TimerEvent: {}
[60.610730] (-) TimerEvent: {}
[60.711524] (-) TimerEvent: {}
[60.815787] (-) TimerEvent: {}
[60.916879] (-) TimerEvent: {}
[61.017934] (-) TimerEvent: {}
[61.124817] (-) TimerEvent: {}
[61.225920] (-) TimerEvent: {}
[61.334069] (-) TimerEvent: {}
[61.437343] (-) TimerEvent: {}
[61.538281] (-) TimerEvent: {}
[61.641090] (-) TimerEvent: {}
[61.742224] (-) TimerEvent: {}
[61.850006] (-) TimerEvent: {}
[61.955079] (-) TimerEvent: {}
[62.056213] (-) TimerEvent: {}
[62.157840] (-) TimerEvent: {}
[62.260094] (-) TimerEvent: {}
[62.362366] (-) TimerEvent: {}
[62.466653] (-) TimerEvent: {}
[62.570764] (-) TimerEvent: {}
[62.671784] (-) TimerEvent: {}
[62.774023] (-) TimerEvent: {}
[62.875503] (-) TimerEvent: {}
[62.977230] (-) TimerEvent: {}
[63.082063] (-) TimerEvent: {}
[63.182852] (-) TimerEvent: {}
[63.286178] (-) TimerEvent: {}
[63.401799] (-) TimerEvent: {}
[63.503810] (-) TimerEvent: {}
[63.605027] (-) TimerEvent: {}
[63.706265] (-) TimerEvent: {}
[63.815885] (-) TimerEvent: {}
[63.919666] (-) TimerEvent: {}
[64.020906] (-) TimerEvent: {}
[64.128727] (-) TimerEvent: {}
[64.229846] (-) TimerEvent: {}
[64.335659] (-) TimerEvent: {}
[64.436605] (-) TimerEvent: {}
[64.541786] (-) TimerEvent: {}
[64.642777] (-) TimerEvent: {}
[64.743922] (-) TimerEvent: {}
[64.848477] (-) TimerEvent: {}
[64.949378] (-) TimerEvent: {}
[65.050956] (-) TimerEvent: {}
[65.157643] (-) TimerEvent: {}
[65.261487] (-) TimerEvent: {}
[65.363654] (-) TimerEvent: {}
[65.467699] (-) TimerEvent: {}
[65.568929] (-) TimerEvent: {}
[65.675789] (-) TimerEvent: {}
[65.782359] (-) TimerEvent: {}
[65.883962] (-) TimerEvent: {}
[65.986692] (-) TimerEvent: {}
[66.089691] (-) TimerEvent: {}
[66.190871] (-) TimerEvent: {}
[66.296233] (-) TimerEvent: {}
[66.397914] (-) TimerEvent: {}
[66.498862] (-) TimerEvent: {}
[66.606907] (-) TimerEvent: {}
[66.709619] (-) TimerEvent: {}
[66.814134] (-) TimerEvent: {}
[66.915319] (-) TimerEvent: {}
[67.021717] (-) TimerEvent: {}
[67.124217] (-) TimerEvent: {}
[67.226137] (-) TimerEvent: {}
[67.335671] (-) TimerEvent: {}
[67.436556] (-) TimerEvent: {}
[67.537269] (-) TimerEvent: {}
[67.639530] (-) TimerEvent: {}
[67.747231] (-) TimerEvent: {}
[67.850886] (-) TimerEvent: {}
[67.956386] (-) TimerEvent: {}
[68.057862] (-) TimerEvent: {}
[68.163375] (-) TimerEvent: {}
[68.265272] (-) TimerEvent: {}
[68.367623] (-) TimerEvent: {}
[68.470552] (-) TimerEvent: {}
[68.571439] (-) TimerEvent: {}
[68.679721] (-) TimerEvent: {}
[68.780736] (-) TimerEvent: {}
[68.881506] (-) TimerEvent: {}
[68.983018] (-) TimerEvent: {}
[69.087288] (-) TimerEvent: {}
[69.190895] (-) TimerEvent: {}
[69.297019] (-) TimerEvent: {}
[69.400578] (-) TimerEvent: {}
[69.503696] (-) TimerEvent: {}
[69.604411] (-) TimerEvent: {}
[69.705618] (-) TimerEvent: {}
[69.810718] (-) TimerEvent: {}
[69.912594] (-) TimerEvent: {}
[70.013322] (-) TimerEvent: {}
[70.117009] (-) TimerEvent: {}
[70.218208] (-) TimerEvent: {}
[70.320201] (-) TimerEvent: {}
[70.422711] (-) TimerEvent: {}
[70.527064] (-) TimerEvent: {}
[70.629653] (-) TimerEvent: {}
[70.735574] (-) TimerEvent: {}
[70.836086] (-) TimerEvent: {}
[70.936746] (-) TimerEvent: {}
[71.038125] (-) TimerEvent: {}
[71.140968] (-) TimerEvent: {}
[71.245132] (-) TimerEvent: {}
[71.355830] (-) TimerEvent: {}
[71.456448] (-) TimerEvent: {}
[71.557845] (-) TimerEvent: {}
[71.664581] (-) TimerEvent: {}
[71.765101] (-) TimerEvent: {}
[71.865716] (-) TimerEvent: {}
[71.966909] (-) TimerEvent: {}
[72.069952] (-) TimerEvent: {}
[72.174120] (-) TimerEvent: {}
[72.275067] (-) TimerEvent: {}
[72.381890] (-) TimerEvent: {}
[72.482660] (-) TimerEvent: {}
[72.586509] (-) TimerEvent: {}
[72.687067] (-) TimerEvent: {}
[72.790584] (-) TimerEvent: {}
[72.892011] (-) TimerEvent: {}
[72.992653] (-) TimerEvent: {}
[73.097306] (-) TimerEvent: {}
[73.200360] (-) TimerEvent: {}
[73.307904] (-) TimerEvent: {}
[73.412644] (-) TimerEvent: {}
[73.518636] (-) TimerEvent: {}
[73.619827] (-) TimerEvent: {}
[73.681843] (workspace_gz) StderrLine: {'line': b'\x1b[01m\x1b[K/home/aliomacc/sti_usv/src/usv_sim/workspace_gz/plugins/WayfindingScoringPlugin.cc:\x1b[m\x1b[K In member function \xe2\x80\x98\x1b[01m\x1b[Kvirtual void vrx::WayfindingScoringPlugin::Configure(const Entity&, const std::shared_ptr<const sdf::v12::Element>&, ignition::gazebo::v6::EntityComponentManager&, ignition::gazebo::v6::EventManager&)\x1b[m\x1b[K\xe2\x80\x99:\n'}
[73.683305] (workspace_gz) StderrLine: {'line': b'\x1b[01m\x1b[K/home/aliomacc/sti_usv/src/usv_sim/workspace_gz/plugins/WayfindingScoringPlugin.cc:205:21:\x1b[m\x1b[K \x1b[01;35m\x1b[Kwarning: \x1b[m\x1b[Kloop variable \xe2\x80\x98\x1b[01m\x1b[Kwaypoint\x1b[m\x1b[K\xe2\x80\x99 creates a copy from type \xe2\x80\x98\x1b[01m\x1b[Kconst ignition::math::v6::Vector3<double>\x1b[m\x1b[K\xe2\x80\x99 [\x1b[01;35m\x1b[K\x1b]8;;https://gcc.gnu.org/onlinedocs/gcc/Warning-Options.html#index-Wrange-loop-construct\x07-Wrange-loop-construct\x1b]8;;\x07\x1b[m\x1b[K]\n'}
[73.683891] (workspace_gz) StderrLine: {'line': b'  205 |     for (const auto \x1b[01;35m\x1b[Kwaypoint\x1b[m\x1b[K : this->dataPtr->localWaypoints)\n'}
[73.684175] (workspace_gz) StderrLine: {'line': b'      |                     \x1b[01;35m\x1b[K^~~~~~~~\x1b[m\x1b[K\n'}
[73.684485] (workspace_gz) StderrLine: {'line': b'\x1b[01m\x1b[K/home/aliomacc/sti_usv/src/usv_sim/workspace_gz/plugins/WayfindingScoringPlugin.cc:205:21:\x1b[m\x1b[K \x1b[01;36m\x1b[Knote: \x1b[m\x1b[Kuse reference type to prevent copying\n'}
[73.684974] (workspace_gz) StderrLine: {'line': b'  205 |     for (const auto \x1b[01;36m\x1b[Kwaypoint\x1b[m\x1b[K : this->dataPtr->localWaypoints)\n'}
[73.685355] (workspace_gz) StderrLine: {'line': b'      |                     \x1b[01;36m\x1b[K^~~~~~~~\x1b[m\x1b[K\n'}
[73.692934] (workspace_gz) StderrLine: {'line': b'      |                     \x1b[32m\x1b[K&\x1b[m\x1b[K\n'}
[73.720761] (-) TimerEvent: {}
[73.829562] (-) TimerEvent: {}
[73.930141] (-) TimerEvent: {}
[74.030752] (-) TimerEvent: {}
[74.136825] (-) TimerEvent: {}
[74.240446] (-) TimerEvent: {}
[74.342080] (-) TimerEvent: {}
[74.444889] (-) TimerEvent: {}
[74.551671] (-) TimerEvent: {}
[74.659481] (-) TimerEvent: {}
[74.760315] (-) TimerEvent: {}
[74.864611] (-) TimerEvent: {}
[74.965347] (-) TimerEvent: {}
[75.069577] (-) TimerEvent: {}
[75.174120] (-) TimerEvent: {}
[75.278669] (-) TimerEvent: {}
[75.380206] (-) TimerEvent: {}
[75.481500] (-) TimerEvent: {}
[75.582124] (-) TimerEvent: {}
[75.690595] (-) TimerEvent: {}
[75.794811] (-) TimerEvent: {}
[75.899700] (-) TimerEvent: {}
[76.002743] (-) TimerEvent: {}
[76.104024] (-) TimerEvent: {}
[76.207357] (-) TimerEvent: {}
[76.308774] (-) TimerEvent: {}
[76.412535] (-) TimerEvent: {}
[76.520091] (-) TimerEvent: {}
[76.628924] (-) TimerEvent: {}
[76.730546] (-) TimerEvent: {}
[76.834613] (-) TimerEvent: {}
[76.935309] (-) TimerEvent: {}
[77.036191] (-) TimerEvent: {}
[77.139966] (-) TimerEvent: {}
[77.257378] (-) TimerEvent: {}
[77.358574] (-) TimerEvent: {}
[77.466984] (-) TimerEvent: {}
[77.569985] (-) TimerEvent: {}
[77.675798] (-) TimerEvent: {}
[77.777298] (-) TimerEvent: {}
[77.880281] (-) TimerEvent: {}
[77.987392] (-) TimerEvent: {}
[78.093046] (-) TimerEvent: {}
[78.199946] (-) TimerEvent: {}
[78.304691] (-) TimerEvent: {}
[78.408915] (-) TimerEvent: {}
[78.510556] (-) TimerEvent: {}
[78.616122] (-) TimerEvent: {}
[78.719661] (-) TimerEvent: {}
[78.825745] (-) TimerEvent: {}
[78.926926] (-) TimerEvent: {}
[79.032334] (-) TimerEvent: {}
[79.141091] (-) TimerEvent: {}
[79.245809] (-) TimerEvent: {}
[79.347967] (-) TimerEvent: {}
[79.448825] (-) TimerEvent: {}
[79.556779] (-) TimerEvent: {}
[79.658857] (-) TimerEvent: {}
[79.763950] (-) TimerEvent: {}
[79.870297] (-) TimerEvent: {}
[79.974751] (-) TimerEvent: {}
[80.078151] (-) TimerEvent: {}
[80.184983] (-) TimerEvent: {}
[80.219695] (workspace_gz) StderrLine: {'line': b'In file included from \x1b[01m\x1b[K/home/aliomacc/sti_usv/src/usv_sim/workspace_gz/plugins/USVWind.cc:16\x1b[m\x1b[K:\n'}
[80.220886] (workspace_gz) StderrLine: {'line': b'\x1b[01m\x1b[K/home/aliomacc/sti_usv/src/usv_sim/workspace_gz/plugins/USVWind.hh:92:44:\x1b[m\x1b[K \x1b[01;35m\x1b[Kwarning: \x1b[m\x1b[Kextra \xe2\x80\x98\x1b[01m\x1b[K;\x1b[m\x1b[K\xe2\x80\x99 [\x1b[01;35m\x1b[K\x1b]8;;https://gcc.gnu.org/onlinedocs/gcc/Warning-Options.html#index-Wpedantic\x07-Wpedantic\x1b]8;;\x07\x1b[m\x1b[K]\n'}
[80.221741] (workspace_gz) StderrLine: {'line': b'   92 |          IGN_UTILS_UNIQUE_IMPL_PTR(dataPtr)\x1b[01;35m\x1b[K;\x1b[m\x1b[K\n'}
[80.222156] (workspace_gz) StderrLine: {'line': b'      |                                            \x1b[01;35m\x1b[K^\x1b[m\x1b[K\n'}
[80.222410] (workspace_gz) StderrLine: {'line': b'      |                                            \x1b[31m\x1b[K-\x1b[m\x1b[K\n'}
[80.288746] (-) TimerEvent: {}
[80.394716] (-) TimerEvent: {}
[80.491671] (workspace_gz) StderrLine: {'line': b'\x1b[01m\x1b[K/home/aliomacc/sti_usv/src/usv_sim/workspace_gz/plugins/USVWind.cc:\x1b[m\x1b[K In member function \xe2\x80\x98\x1b[01m\x1b[Kvirtual void vrx::USVWind::Configure(const Entity&, const std::shared_ptr<const sdf::v12::Element>&, ignition::gazebo::v6::EntityComponentManager&, ignition::gazebo::v6::EventManager&)\x1b[m\x1b[K\xe2\x80\x99:\n'}
[80.492570] (workspace_gz) StderrLine: {'line': b'\x1b[01m\x1b[K/home/aliomacc/sti_usv/src/usv_sim/workspace_gz/plugins/USVWind.cc:116:44:\x1b[m\x1b[K \x1b[01;35m\x1b[Kwarning: \x1b[m\x1b[Kunused parameter \xe2\x80\x98\x1b[01m\x1b[K_entity\x1b[m\x1b[K\xe2\x80\x99 [\x1b[01;35m\x1b[K\x1b]8;;https://gcc.gnu.org/onlinedocs/gcc/Warning-Options.html#index-Wunused-parameter\x07-Wunused-parameter\x1b]8;;\x07\x1b[m\x1b[K]\n'}
[80.492849] (workspace_gz) StderrLine: {'line': b'  116 | void USVWind::Configure(\x1b[01;35m\x1b[Kconst sim::Entity &_entity\x1b[m\x1b[K,\n'}
[80.493054] (workspace_gz) StderrLine: {'line': b'      |                         \x1b[01;35m\x1b[K~~~~~~~~~~~~~~~~~~~^~~~~~~\x1b[m\x1b[K\n'}
[80.493246] (workspace_gz) StderrLine: {'line': b'\x1b[01m\x1b[K/home/aliomacc/sti_usv/src/usv_sim/workspace_gz/plugins/USVWind.cc:118:54:\x1b[m\x1b[K \x1b[01;35m\x1b[Kwarning: \x1b[m\x1b[Kunused parameter \xe2\x80\x98\x1b[01m\x1b[K_ecm\x1b[m\x1b[K\xe2\x80\x99 [\x1b[01;35m\x1b[K\x1b]8;;https://gcc.gnu.org/onlinedocs/gcc/Warning-Options.html#index-Wunused-parameter\x07-Wunused-parameter\x1b]8;;\x07\x1b[m\x1b[K]\n'}
[80.493474] (workspace_gz) StderrLine: {'line': b'  118 |                         \x1b[01;35m\x1b[Ksim::EntityComponentManager &_ecm\x1b[m\x1b[K,\n'}
[80.493684] (workspace_gz) StderrLine: {'line': b'      |                         \x1b[01;35m\x1b[K~~~~~~~~~~~~~~~~~~~~~~~~~~~~~^~~~\x1b[m\x1b[K\n'}
[80.497195] (-) TimerEvent: {}
[80.602103] (-) TimerEvent: {}
[80.702675] (-) TimerEvent: {}
[80.803910] (-) TimerEvent: {}
[80.912796] (-) TimerEvent: {}
[81.021506] (-) TimerEvent: {}
[81.128799] (-) TimerEvent: {}
[81.230193] (-) TimerEvent: {}
[81.335600] (-) TimerEvent: {}
[81.443031] (-) TimerEvent: {}
[81.544290] (-) TimerEvent: {}
[81.650804] (-) TimerEvent: {}
[81.756433] (-) TimerEvent: {}
[81.859175] (-) TimerEvent: {}
[81.962292] (-) TimerEvent: {}
[82.065256] (-) TimerEvent: {}
[82.168021] (-) TimerEvent: {}
[82.275695] (-) TimerEvent: {}
[82.376596] (-) TimerEvent: {}
[82.481023] (-) TimerEvent: {}
[82.582628] (-) TimerEvent: {}
[82.688190] (-) TimerEvent: {}
[82.789252] (-) TimerEvent: {}
[82.893856] (-) TimerEvent: {}
[82.997424] (-) TimerEvent: {}
[83.098630] (-) TimerEvent: {}
[83.203276] (-) TimerEvent: {}
[83.307813] (-) TimerEvent: {}
[83.409424] (-) TimerEvent: {}
[83.515180] (-) TimerEvent: {}
[83.626260] (-) TimerEvent: {}
[83.728046] (-) TimerEvent: {}
[83.832642] (-) TimerEvent: {}
[83.936871] (-) TimerEvent: {}
[84.044379] (-) TimerEvent: {}
[84.145350] (-) TimerEvent: {}
[84.251595] (-) TimerEvent: {}
[84.357565] (-) TimerEvent: {}
[84.458369] (-) TimerEvent: {}
[84.560773] (-) TimerEvent: {}
[84.668207] (-) TimerEvent: {}
[84.769375] (-) TimerEvent: {}
[84.872007] (-) TimerEvent: {}
[84.975082] (-) TimerEvent: {}
[85.082165] (-) TimerEvent: {}
[85.183045] (-) TimerEvent: {}
[85.284818] (-) TimerEvent: {}
[85.385587] (-) TimerEvent: {}
[85.493789] (-) TimerEvent: {}
[85.598814] (-) TimerEvent: {}
[85.703427] (-) TimerEvent: {}
[85.805406] (-) TimerEvent: {}
[85.908166] (-) TimerEvent: {}
[86.014834] (-) TimerEvent: {}
[86.120112] (-) TimerEvent: {}
[86.228843] (-) TimerEvent: {}
[86.334741] (-) TimerEvent: {}
[86.444336] (-) TimerEvent: {}
[86.548728] (-) TimerEvent: {}
[86.651188] (-) TimerEvent: {}
[86.755494] (-) TimerEvent: {}
[86.856624] (-) TimerEvent: {}
[86.962499] (-) TimerEvent: {}
[87.069172] (-) TimerEvent: {}
[87.170219] (-) TimerEvent: {}
[87.274967] (-) TimerEvent: {}
[87.377305] (-) TimerEvent: {}
[87.483895] (-) TimerEvent: {}
[87.587080] (-) TimerEvent: {}
[87.688375] (-) TimerEvent: {}
[87.796274] (-) TimerEvent: {}
[87.897953] (-) TimerEvent: {}
[88.001278] (-) TimerEvent: {}
[88.104058] (-) TimerEvent: {}
[88.209998] (-) TimerEvent: {}
[88.313975] (-) TimerEvent: {}
[88.421562] (-) TimerEvent: {}
[88.522234] (-) TimerEvent: {}
[88.627943] (-) TimerEvent: {}
[88.729227] (-) TimerEvent: {}
[88.832710] (-) TimerEvent: {}
[88.933726] (-) TimerEvent: {}
[89.039043] (-) TimerEvent: {}
[89.143294] (-) TimerEvent: {}
[89.244303] (-) TimerEvent: {}
[89.352378] (-) TimerEvent: {}
[89.454556] (-) TimerEvent: {}
[89.561902] (-) TimerEvent: {}
[89.670087] (-) TimerEvent: {}
[89.780138] (-) TimerEvent: {}
[89.881244] (-) TimerEvent: {}
[89.982045] (-) TimerEvent: {}
[90.085514] (-) TimerEvent: {}
[90.189712] (-) TimerEvent: {}
[90.292893] (-) TimerEvent: {}
[90.398929] (-) TimerEvent: {}
[90.502033] (-) TimerEvent: {}
[90.611694] (-) TimerEvent: {}
[90.714576] (-) TimerEvent: {}
[90.818595] (-) TimerEvent: {}
[90.919335] (-) TimerEvent: {}
[91.022769] (-) TimerEvent: {}
[91.126993] (-) TimerEvent: {}
[91.232976] (-) TimerEvent: {}
[91.340798] (-) TimerEvent: {}
[91.446685] (-) TimerEvent: {}
[91.547595] (-) TimerEvent: {}
[91.655924] (-) TimerEvent: {}
[91.757424] (-) TimerEvent: {}
[91.860841] (-) TimerEvent: {}
[91.962320] (-) TimerEvent: {}
[92.066686] (-) TimerEvent: {}
[92.167570] (-) TimerEvent: {}
[92.268500] (-) TimerEvent: {}
[92.373358] (-) TimerEvent: {}
[92.477898] (-) TimerEvent: {}
[92.579132] (-) TimerEvent: {}
[92.685669] (-) TimerEvent: {}
[92.790231] (-) TimerEvent: {}
[92.895709] (-) TimerEvent: {}
[93.002724] (-) TimerEvent: {}
[93.103745] (-) TimerEvent: {}
[93.204453] (-) TimerEvent: {}
[93.307779] (-) TimerEvent: {}
[93.408963] (-) TimerEvent: {}
[93.511829] (-) TimerEvent: {}
[93.617096] (-) TimerEvent: {}
[93.719790] (-) TimerEvent: {}
[93.820792] (-) TimerEvent: {}
[93.922717] (-) TimerEvent: {}
[94.025714] (-) TimerEvent: {}
[94.129240] (-) TimerEvent: {}
[94.232236] (-) TimerEvent: {}
[94.246774] (workspace_gz) StdoutLine: {'line': b'[ 24%] \x1b[32m\x1b[1mLinking CXX shared library libSimpleHydrodynamics.so\x1b[0m\n'}
[94.333419] (-) TimerEvent: {}
[94.438292] (-) TimerEvent: {}
[94.544603] (-) TimerEvent: {}
[94.647992] (-) TimerEvent: {}
[94.751688] (-) TimerEvent: {}
[94.853228] (-) TimerEvent: {}
[94.955596] (-) TimerEvent: {}
[95.057356] (-) TimerEvent: {}
[95.159019] (-) TimerEvent: {}
[95.264805] (-) TimerEvent: {}
[95.366847] (-) TimerEvent: {}
[95.471631] (-) TimerEvent: {}
[95.574693] (-) TimerEvent: {}
[95.681709] (-) TimerEvent: {}
[95.787012] (-) TimerEvent: {}
[95.887996] (-) TimerEvent: {}
[95.990066] (-) TimerEvent: {}
[96.090958] (-) TimerEvent: {}
[96.192259] (-) TimerEvent: {}
[96.294363] (-) TimerEvent: {}
[96.397747] (-) TimerEvent: {}
[96.501199] (-) TimerEvent: {}
[96.602638] (-) TimerEvent: {}
[96.707163] (-) TimerEvent: {}
[96.809325] (-) TimerEvent: {}
[96.914205] (-) TimerEvent: {}
[97.019658] (-) TimerEvent: {}
[97.120263] (-) TimerEvent: {}
[97.220977] (-) TimerEvent: {}
[97.327884] (-) TimerEvent: {}
[97.428701] (-) TimerEvent: {}
[97.530735] (-) TimerEvent: {}
[97.636524] (-) TimerEvent: {}
[97.739715] (-) TimerEvent: {}
[97.766037] (workspace_gz) StdoutLine: {'line': b'[ 24%] Built target SimpleHydrodynamics\n'}
[97.842809] (-) TimerEvent: {}
[97.945966] (-) TimerEvent: {}
[98.050646] (-) TimerEvent: {}
[98.151490] (-) TimerEvent: {}
[98.255846] (-) TimerEvent: {}
[98.357071] (-) TimerEvent: {}
[98.461448] (-) TimerEvent: {}
[98.567140] (-) TimerEvent: {}
[98.668266] (-) TimerEvent: {}
[98.772053] (-) TimerEvent: {}
[98.873698] (-) TimerEvent: {}
[98.983387] (-) TimerEvent: {}
[99.084325] (-) TimerEvent: {}
[99.185250] (-) TimerEvent: {}
[99.290384] (-) TimerEvent: {}
[99.393636] (-) TimerEvent: {}
[99.496418] (-) TimerEvent: {}
[99.600443] (-) TimerEvent: {}
[99.701316] (-) TimerEvent: {}
[99.811866] (-) TimerEvent: {}
[99.915662] (-) TimerEvent: {}
[100.019400] (-) TimerEvent: {}
[100.122729] (-) TimerEvent: {}
[100.226100] (-) TimerEvent: {}
[100.331132] (-) TimerEvent: {}
[100.435688] (-) TimerEvent: {}
[100.536430] (-) TimerEvent: {}
[100.637096] (-) TimerEvent: {}
[100.739068] (-) TimerEvent: {}
[100.843648] (-) TimerEvent: {}
[100.944696] (-) TimerEvent: {}
[101.049778] (-) TimerEvent: {}
[101.151114] (-) TimerEvent: {}
[101.255437] (-) TimerEvent: {}
[101.360279] (-) TimerEvent: {}
[101.465014] (-) TimerEvent: {}
[101.569131] (-) TimerEvent: {}
[101.674289] (-) TimerEvent: {}
[101.777714] (-) TimerEvent: {}
[101.880816] (-) TimerEvent: {}
[101.981822] (-) TimerEvent: {}
[102.089290] (-) TimerEvent: {}
[102.193713] (-) TimerEvent: {}
[102.295187] (-) TimerEvent: {}
[102.398897] (-) TimerEvent: {}
[102.505091] (-) TimerEvent: {}
[102.606236] (-) TimerEvent: {}
[102.708760] (-) TimerEvent: {}
[102.809557] (-) TimerEvent: {}
[102.916626] (-) TimerEvent: {}
[103.020997] (-) TimerEvent: {}
[103.062577] (workspace_gz) StdoutLine: {'line': b'[ 26%] \x1b[32mBuilding CXX object CMakeFiles/AcousticPerceptionScoringPlugin.dir/plugins/WaypointMarkers.cc.o\x1b[0m\n'}
[103.121370] (-) TimerEvent: {}
[103.224282] (-) TimerEvent: {}
[103.279580] (workspace_gz) StdoutLine: {'line': b'[ 28%] \x1b[32mBuilding CXX object CMakeFiles/StationkeepingScoringPlugin.dir/plugins/WaypointMarkers.cc.o\x1b[0m\n'}
[103.324708] (-) TimerEvent: {}
[103.433909] (-) TimerEvent: {}
[103.516390] (workspace_gz) StdoutLine: {'line': b'[ 30%] \x1b[32mBuilding CXX object CMakeFiles/PolyhedraBuoyancyDrag.dir/plugins/PolyhedronVolume.cc.o\x1b[0m\n'}
[103.536673] (-) TimerEvent: {}
[103.643053] (-) TimerEvent: {}
[103.748804] (-) TimerEvent: {}
[103.849789] (-) TimerEvent: {}
[103.958075] (-) TimerEvent: {}
[104.064782] (-) TimerEvent: {}
[104.165393] (-) TimerEvent: {}
[104.222730] (workspace_gz) StdoutLine: {'line': b'[ 32%] \x1b[32mBuilding CXX object CMakeFiles/WayfindingScoringPlugin.dir/plugins/WaypointMarkers.cc.o\x1b[0m\n'}
[104.267144] (-) TimerEvent: {}
[104.376407] (-) TimerEvent: {}
[104.481609] (-) TimerEvent: {}
[104.587398] (-) TimerEvent: {}
[104.690367] (-) TimerEvent: {}
[104.798047] (-) TimerEvent: {}
[104.908904] (-) TimerEvent: {}
[105.015194] (-) TimerEvent: {}
[105.120791] (-) TimerEvent: {}
[105.230332] (-) TimerEvent: {}
[105.335659] (-) TimerEvent: {}
[105.437828] (-) TimerEvent: {}
[105.541232] (-) TimerEvent: {}
[105.642559] (-) TimerEvent: {}
[105.747137] (-) TimerEvent: {}
[105.854572] (-) TimerEvent: {}
[105.959820] (-) TimerEvent: {}
[106.060948] (-) TimerEvent: {}
[106.162644] (-) TimerEvent: {}
[106.266893] (-) TimerEvent: {}
[106.367972] (-) TimerEvent: {}
[106.476888] (-) TimerEvent: {}
[106.582094] (-) TimerEvent: {}
[106.686961] (-) TimerEvent: {}
[106.789712] (-) TimerEvent: {}
[106.893724] (-) TimerEvent: {}
[106.995831] (-) TimerEvent: {}
[107.100089] (-) TimerEvent: {}
[107.203398] (-) TimerEvent: {}
[107.305634] (-) TimerEvent: {}
[107.412156] (-) TimerEvent: {}
[107.521924] (-) TimerEvent: {}
[107.622891] (-) TimerEvent: {}
[107.728375] (-) TimerEvent: {}
[107.834249] (-) TimerEvent: {}
[107.941652] (-) TimerEvent: {}
[108.046116] (-) TimerEvent: {}
[108.152831] (-) TimerEvent: {}
[108.255639] (-) TimerEvent: {}
[108.356321] (-) TimerEvent: {}
[108.461568] (-) TimerEvent: {}
[108.568343] (-) TimerEvent: {}
[108.679374] (-) TimerEvent: {}
[108.784748] (-) TimerEvent: {}
[108.886837] (-) TimerEvent: {}
[108.992779] (-) TimerEvent: {}
[109.075221] (workspace_gz) StdoutLine: {'line': b'[ 33%] \x1b[32m\x1b[1mLinking CXX shared library libSurface.so\x1b[0m\n'}
[109.095731] (-) TimerEvent: {}
[109.198930] (-) TimerEvent: {}
[109.300844] (-) TimerEvent: {}
[109.405703] (-) TimerEvent: {}
[109.507511] (-) TimerEvent: {}
[109.608295] (-) TimerEvent: {}
[109.713669] (-) TimerEvent: {}
[109.815020] (-) TimerEvent: {}
[109.919542] (-) TimerEvent: {}
[110.024845] (-) TimerEvent: {}
[110.125712] (-) TimerEvent: {}
[110.229904] (-) TimerEvent: {}
[110.335941] (-) TimerEvent: {}
[110.442118] (-) TimerEvent: {}
[110.546574] (-) TimerEvent: {}
[110.648110] (-) TimerEvent: {}
[110.751224] (workspace_gz) StderrLine: {'line': b'In file included from \x1b[01m\x1b[K/usr/include/c++/11/cassert:44\x1b[m\x1b[K,\n'}
[110.751912] (-) TimerEvent: {}
[110.754633] (workspace_gz) StderrLine: {'line': b'                 from \x1b[01m\x1b[K/home/aliomacc/sti_usv/src/usv_sim/workspace_gz/plugins/PolyhedronVolume.cc:18\x1b[m\x1b[K:\n'}
[110.755209] (workspace_gz) StderrLine: {'line': b'\x1b[01m\x1b[K/home/aliomacc/sti_usv/src/usv_sim/workspace_gz/plugins/PolyhedronVolume.cc:\x1b[m\x1b[K In static member function \xe2\x80\x98\x1b[01m\x1b[Kstatic vrx::Polyhedron vrx::Polyhedron::makeCylinder(double, double, int)\x1b[m\x1b[K\xe2\x80\x99:\n'}
[110.755802] (workspace_gz) StderrLine: {'line': b'\x1b[01m\x1b[K/home/aliomacc/sti_usv/src/usv_sim/workspace_gz/plugins/PolyhedronVolume.cc:126:35:\x1b[m\x1b[K \x1b[01;35m\x1b[Kwarning: \x1b[m\x1b[Kcomparison of integer expressions of different signedness: \xe2\x80\x98\x1b[01m\x1b[Kstd::vector<ignition::math::v6::Vector3<double> >::size_type\x1b[m\x1b[K\xe2\x80\x99 {aka \xe2\x80\x98\x1b[01m\x1b[Klong unsigned int\x1b[m\x1b[K\xe2\x80\x99} and \xe2\x80\x98\x1b[01m\x1b[Kint\x1b[m\x1b[K\xe2\x80\x99 [\x1b[01;35m\x1b[K\x1b]8;;https://gcc.gnu.org/onlinedocs/gcc/Warning-Options.html#index-Wsign-compare\x07-Wsign-compare\x1b]8;;\x07\x1b[m\x1b[K]\n'}
[110.756373] (workspace_gz) StderrLine: {'line': b'  126 |   assert(\x1b[01;35m\x1b[Kcylinder.vertices.size() == 2 * _n + 2\x1b[m\x1b[K);\n'}
[110.756896] (workspace_gz) StderrLine: {'line': b'      |          \x1b[01;35m\x1b[K~~~~~~~~~~~~~~~~~~~~~~~~~^~~~~~~~~~~~~\x1b[m\x1b[K\n'}
[110.757253] (workspace_gz) StderrLine: {'line': b'\x1b[01m\x1b[K/home/aliomacc/sti_usv/src/usv_sim/workspace_gz/plugins/PolyhedronVolume.cc:127:32:\x1b[m\x1b[K \x1b[01;35m\x1b[Kwarning: \x1b[m\x1b[Kcomparison of integer expressions of different signedness: \xe2\x80\x98\x1b[01m\x1b[Kstd::vector<vrx::Polyhedron::Face>::size_type\x1b[m\x1b[K\xe2\x80\x99 {aka \xe2\x80\x98\x1b[01m\x1b[Klong unsigned int\x1b[m\x1b[K\xe2\x80\x99} and \xe2\x80\x98\x1b[01m\x1b[Kint\x1b[m\x1b[K\xe2\x80\x99 [\x1b[01;35m\x1b[K\x1b]8;;https://gcc.gnu.org/onlinedocs/gcc/Warning-Options.html#index-Wsign-compare\x07-Wsign-compare\x1b]8;;\x07\x1b[m\x1b[K]\n'}
[110.761739] (workspace_gz) StderrLine: {'line': b'  127 |   assert(\x1b[01;35m\x1b[Kcylinder.faces.size() == 4 * _n\x1b[m\x1b[K);\n'}
[110.762609] (workspace_gz) StderrLine: {'line': b'      |          \x1b[01;35m\x1b[K~~~~~~~~~~~~~~~~~~~~~~^~~~~~~~~\x1b[m\x1b[K\n'}
[110.857587] (-) TimerEvent: {}
[110.958269] (-) TimerEvent: {}
[111.063958] (-) TimerEvent: {}
[111.167279] (-) TimerEvent: {}
[111.269147] (-) TimerEvent: {}
[111.376820] (-) TimerEvent: {}
[111.480611] (-) TimerEvent: {}
[111.583148] (-) TimerEvent: {}
[111.688728] (-) TimerEvent: {}
[111.791639] (-) TimerEvent: {}
[111.893909] (-) TimerEvent: {}
[111.999144] (-) TimerEvent: {}
[112.108569] (-) TimerEvent: {}
[112.209306] (-) TimerEvent: {}
[112.309866] (-) TimerEvent: {}
[112.412159] (-) TimerEvent: {}
[112.513049] (-) TimerEvent: {}
[112.617876] (-) TimerEvent: {}
[112.720536] (-) TimerEvent: {}
[112.822249] (-) TimerEvent: {}
[112.930174] (-) TimerEvent: {}
[113.035022] (-) TimerEvent: {}
[113.056803] (workspace_gz) StdoutLine: {'line': b'[ 33%] Built target Surface\n'}
[113.067241] (workspace_gz) StdoutLine: {'line': b'[ 35%] \x1b[32m\x1b[1mLinking CXX shared library libUSVWind.so\x1b[0m\n'}
[113.135356] (-) TimerEvent: {}
[113.241246] (-) TimerEvent: {}
[113.342877] (-) TimerEvent: {}
[113.447155] (-) TimerEvent: {}
[113.501652] (workspace_gz) StdoutLine: {'line': b'[ 37%] \x1b[32m\x1b[1mLinking CXX shared library libWaveVisual.so\x1b[0m\n'}
[113.547445] (-) TimerEvent: {}
[113.649809] (-) TimerEvent: {}
[113.753577] (-) TimerEvent: {}
[113.858174] (-) TimerEvent: {}
[113.965673] (-) TimerEvent: {}
[114.067273] (-) TimerEvent: {}
[114.174280] (-) TimerEvent: {}
[114.278941] (-) TimerEvent: {}
[114.383272] (-) TimerEvent: {}
[114.489512] (-) TimerEvent: {}
[114.593870] (-) TimerEvent: {}
[114.694970] (-) TimerEvent: {}
[114.799365] (-) TimerEvent: {}
[114.901106] (-) TimerEvent: {}
[115.003633] (-) TimerEvent: {}
[115.107948] (-) TimerEvent: {}
[115.209674] (-) TimerEvent: {}
[115.310843] (-) TimerEvent: {}
[115.416633] (-) TimerEvent: {}
[115.517900] (-) TimerEvent: {}
[115.619366] (-) TimerEvent: {}
[115.720937] (-) TimerEvent: {}
[115.821738] (-) TimerEvent: {}
[115.927364] (-) TimerEvent: {}
[116.020266] (workspace_gz) StdoutLine: {'line': b'[ 37%] Built target USVWind\n'}
[116.027710] (-) TimerEvent: {}
[116.132611] (-) TimerEvent: {}
[116.233599] (-) TimerEvent: {}
[116.335024] (-) TimerEvent: {}
[116.436171] (-) TimerEvent: {}
[116.538561] (-) TimerEvent: {}
[116.640811] (-) TimerEvent: {}
[116.744921] (-) TimerEvent: {}
[116.848483] (-) TimerEvent: {}
[116.953868] (-) TimerEvent: {}
[117.055260] (-) TimerEvent: {}
[117.148317] (workspace_gz) StdoutLine: {'line': b'[ 37%] Built target WaveVisual\n'}
[117.158076] (-) TimerEvent: {}
[117.262844] (-) TimerEvent: {}
[117.363763] (-) TimerEvent: {}
[117.468658] (-) TimerEvent: {}
[117.572631] (-) TimerEvent: {}
[117.673514] (-) TimerEvent: {}
[117.774541] (-) TimerEvent: {}
[117.877734] (-) TimerEvent: {}
[117.981163] (-) TimerEvent: {}
[118.085103] (-) TimerEvent: {}
[118.189263] (-) TimerEvent: {}
[118.293882] (-) TimerEvent: {}
[118.395560] (-) TimerEvent: {}
[118.498127] (-) TimerEvent: {}
[118.602221] (-) TimerEvent: {}
[118.703405] (-) TimerEvent: {}
[118.803994] (-) TimerEvent: {}
[118.904784] (-) TimerEvent: {}
[119.008447] (-) TimerEvent: {}
[119.110986] (-) TimerEvent: {}
[119.214654] (-) TimerEvent: {}
[119.315591] (-) TimerEvent: {}
[119.417024] (-) TimerEvent: {}
[119.520258] (-) TimerEvent: {}
[119.622915] (-) TimerEvent: {}
[119.724495] (-) TimerEvent: {}
[119.825766] (-) TimerEvent: {}
[119.926752] (-) TimerEvent: {}
[120.028289] (-) TimerEvent: {}
[120.129357] (-) TimerEvent: {}
[120.231715] (-) TimerEvent: {}
[120.335778] (-) TimerEvent: {}
[120.436775] (-) TimerEvent: {}
[120.538064] (-) TimerEvent: {}
[120.643591] (-) TimerEvent: {}
[120.744241] (-) TimerEvent: {}
[120.845273] (-) TimerEvent: {}
[120.951660] (-) TimerEvent: {}
[121.053195] (-) TimerEvent: {}
[121.154769] (-) TimerEvent: {}
[121.255549] (-) TimerEvent: {}
[121.357703] (-) TimerEvent: {}
[121.462826] (-) TimerEvent: {}
[121.563907] (-) TimerEvent: {}
[121.664692] (-) TimerEvent: {}
[121.766697] (-) TimerEvent: {}
[121.869729] (-) TimerEvent: {}
[121.973860] (-) TimerEvent: {}
[122.076035] (-) TimerEvent: {}
[122.164708] (workspace_gz) StdoutLine: {'line': b'[ 39%] \x1b[32mBuilding CXX object CMakeFiles/PolyhedraBuoyancyDrag.dir/plugins/ShapeVolume.cc.o\x1b[0m\n'}
[122.176142] (-) TimerEvent: {}
[122.278693] (-) TimerEvent: {}
[122.379875] (-) TimerEvent: {}
[122.482602] (-) TimerEvent: {}
[122.585161] (-) TimerEvent: {}
[122.686706] (-) TimerEvent: {}
[122.787448] (-) TimerEvent: {}
[122.890864] (-) TimerEvent: {}
[122.992509] (-) TimerEvent: {}
[123.093607] (-) TimerEvent: {}
[123.196026] (-) TimerEvent: {}
[123.298821] (-) TimerEvent: {}
[123.399504] (-) TimerEvent: {}
[123.500473] (-) TimerEvent: {}
[123.601810] (-) TimerEvent: {}
[123.704140] (-) TimerEvent: {}
[123.807281] (-) TimerEvent: {}
[123.910876] (-) TimerEvent: {}
[124.012582] (-) TimerEvent: {}
[124.114183] (-) TimerEvent: {}
[124.215479] (-) TimerEvent: {}
[124.318117] (-) TimerEvent: {}
[124.419360] (-) TimerEvent: {}
[124.520403] (-) TimerEvent: {}
[124.622232] (-) TimerEvent: {}
[124.723443] (-) TimerEvent: {}
[124.826102] (-) TimerEvent: {}
[124.936193] (-) TimerEvent: {}
[125.038058] (-) TimerEvent: {}
[125.141731] (-) TimerEvent: {}
[125.242923] (-) TimerEvent: {}
[125.344057] (-) TimerEvent: {}
[125.447407] (-) TimerEvent: {}
[125.549421] (-) TimerEvent: {}
[125.652591] (-) TimerEvent: {}
[125.753650] (-) TimerEvent: {}
[125.854774] (-) TimerEvent: {}
[125.957350] (-) TimerEvent: {}
[126.059371] (-) TimerEvent: {}
[126.163143] (-) TimerEvent: {}
[126.264803] (-) TimerEvent: {}
[126.367669] (-) TimerEvent: {}
[126.469737] (-) TimerEvent: {}
[126.572325] (-) TimerEvent: {}
[126.677226] (-) TimerEvent: {}
[126.778095] (-) TimerEvent: {}
[126.880031] (-) TimerEvent: {}
[126.981758] (-) TimerEvent: {}
[127.082896] (-) TimerEvent: {}
[127.184154] (-) TimerEvent: {}
[127.285413] (-) TimerEvent: {}
[127.386716] (-) TimerEvent: {}
[127.487784] (-) TimerEvent: {}
[127.589882] (-) TimerEvent: {}
[127.690950] (-) TimerEvent: {}
[127.791985] (-) TimerEvent: {}
[127.893246] (-) TimerEvent: {}
[127.994649] (-) TimerEvent: {}
[128.095330] (-) TimerEvent: {}
[128.198156] (-) TimerEvent: {}
[128.299071] (-) TimerEvent: {}
[128.401672] (-) TimerEvent: {}
[128.502600] (-) TimerEvent: {}
[128.607007] (-) TimerEvent: {}
[128.710756] (-) TimerEvent: {}
[128.815565] (-) TimerEvent: {}
[128.916363] (-) TimerEvent: {}
[129.017972] (-) TimerEvent: {}
[129.119624] (-) TimerEvent: {}
[129.221282] (-) TimerEvent: {}
[129.323396] (-) TimerEvent: {}
[129.424269] (-) TimerEvent: {}
[129.525615] (-) TimerEvent: {}
[129.627172] (-) TimerEvent: {}
[129.729388] (-) TimerEvent: {}
[129.831227] (-) TimerEvent: {}
[129.933513] (-) TimerEvent: {}
[130.035931] (-) TimerEvent: {}
[130.136961] (-) TimerEvent: {}
[130.238672] (-) TimerEvent: {}
[130.344648] (-) TimerEvent: {}
[130.448730] (-) TimerEvent: {}
[130.553296] (-) TimerEvent: {}
[130.655048] (-) TimerEvent: {}
[130.757113] (-) TimerEvent: {}
[130.859843] (-) TimerEvent: {}
[130.960886] (-) TimerEvent: {}
[131.061852] (-) TimerEvent: {}
[131.165204] (-) TimerEvent: {}
[131.266869] (-) TimerEvent: {}
[131.369211] (-) TimerEvent: {}
[131.472072] (-) TimerEvent: {}
[131.573874] (-) TimerEvent: {}
[131.678717] (-) TimerEvent: {}
[131.780344] (-) TimerEvent: {}
[131.881415] (-) TimerEvent: {}
[131.982089] (-) TimerEvent: {}
[132.084515] (-) TimerEvent: {}
[132.187741] (-) TimerEvent: {}
[132.288566] (-) TimerEvent: {}
[132.389210] (-) TimerEvent: {}
[132.493573] (-) TimerEvent: {}
[132.596125] (-) TimerEvent: {}
[132.697357] (-) TimerEvent: {}
[132.801800] (-) TimerEvent: {}
[132.904692] (-) TimerEvent: {}
[133.005382] (-) TimerEvent: {}
[133.106028] (-) TimerEvent: {}
[133.206677] (-) TimerEvent: {}
[133.307221] (-) TimerEvent: {}
[133.408110] (-) TimerEvent: {}
[133.511844] (-) TimerEvent: {}
[133.612877] (-) TimerEvent: {}
[133.713552] (-) TimerEvent: {}
[133.814312] (-) TimerEvent: {}
[133.917919] (-) TimerEvent: {}
[134.019302] (-) TimerEvent: {}
[134.120567] (-) TimerEvent: {}
[134.222703] (-) TimerEvent: {}
[134.337153] (-) TimerEvent: {}
[134.438087] (-) TimerEvent: {}
[134.538797] (-) TimerEvent: {}
[134.639297] (-) TimerEvent: {}
[134.743039] (-) TimerEvent: {}
[134.844142] (-) TimerEvent: {}
[134.946808] (-) TimerEvent: {}
[135.047699] (-) TimerEvent: {}
[135.148910] (-) TimerEvent: {}
[135.250733] (-) TimerEvent: {}
[135.351743] (-) TimerEvent: {}
[135.453733] (-) TimerEvent: {}
[135.557580] (-) TimerEvent: {}
[135.659962] (-) TimerEvent: {}
[135.761625] (-) TimerEvent: {}
[135.862982] (-) TimerEvent: {}
[135.963993] (-) TimerEvent: {}
[136.065259] (-) TimerEvent: {}
[136.169766] (-) TimerEvent: {}
[136.270425] (-) TimerEvent: {}
[136.371368] (-) TimerEvent: {}
[136.473341] (-) TimerEvent: {}
[136.573947] (-) TimerEvent: {}
[136.674473] (-) TimerEvent: {}
[136.775929] (-) TimerEvent: {}
[136.879383] (-) TimerEvent: {}
[136.980036] (-) TimerEvent: {}
[137.081003] (-) TimerEvent: {}
[137.183728] (-) TimerEvent: {}
[137.288740] (-) TimerEvent: {}
[137.389927] (-) TimerEvent: {}
[137.490930] (-) TimerEvent: {}
[137.591599] (-) TimerEvent: {}
[137.693028] (-) TimerEvent: {}
[137.794218] (-) TimerEvent: {}
[137.895743] (-) TimerEvent: {}
[137.996570] (-) TimerEvent: {}
[138.097161] (-) TimerEvent: {}
[138.198051] (-) TimerEvent: {}
[138.300831] (-) TimerEvent: {}
[138.401332] (-) TimerEvent: {}
[138.501960] (-) TimerEvent: {}
[138.604046] (-) TimerEvent: {}
[138.705246] (-) TimerEvent: {}
[138.809496] (-) TimerEvent: {}
[138.910248] (-) TimerEvent: {}
[139.014577] (-) TimerEvent: {}
[139.115637] (-) TimerEvent: {}
[139.216117] (-) TimerEvent: {}
[139.316902] (-) TimerEvent: {}
[139.417890] (-) TimerEvent: {}
[139.518818] (-) TimerEvent: {}
[139.621395] (-) TimerEvent: {}
[139.722561] (-) TimerEvent: {}
[139.823057] (-) TimerEvent: {}
[139.923882] (-) TimerEvent: {}
[140.030172] (-) TimerEvent: {}
[140.052384] (workspace_gz) StdoutLine: {'line': b'[ 41%] \x1b[32m\x1b[1mLinking CXX shared library libPolyhedraBuoyancyDrag.so\x1b[0m\n'}
[140.132062] (-) TimerEvent: {}
[140.233648] (-) TimerEvent: {}
[140.336010] (-) TimerEvent: {}
[140.436999] (-) TimerEvent: {}
[140.540526] (-) TimerEvent: {}
[140.642491] (-) TimerEvent: {}
[140.743656] (-) TimerEvent: {}
[140.846213] (-) TimerEvent: {}
[140.947862] (-) TimerEvent: {}
[141.048815] (-) TimerEvent: {}
[141.151336] (-) TimerEvent: {}
[141.252377] (-) TimerEvent: {}
[141.354276] (-) TimerEvent: {}
[141.455400] (-) TimerEvent: {}
[141.556738] (-) TimerEvent: {}
[141.658548] (-) TimerEvent: {}
[141.723775] (workspace_gz) StdoutLine: {'line': b'[ 43%] \x1b[32m\x1b[1mLinking CXX shared library libStationkeepingScoringPlugin.so\x1b[0m\n'}
[141.758703] (-) TimerEvent: {}
[141.860369] (-) TimerEvent: {}
[141.962172] (-) TimerEvent: {}
[142.063509] (-) TimerEvent: {}
[142.164711] (-) TimerEvent: {}
[142.269560] (-) TimerEvent: {}
[142.372439] (-) TimerEvent: {}
[142.463967] (workspace_gz) StdoutLine: {'line': b'[ 43%] Built target PolyhedraBuoyancyDrag\n'}
[142.472628] (-) TimerEvent: {}
[142.523396] (workspace_gz) StdoutLine: {'line': b'[ 45%] \x1b[32m\x1b[1mLinking CXX shared library libAcousticPerceptionScoringPlugin.so\x1b[0m\n'}
[142.572922] (-) TimerEvent: {}
[142.674418] (-) TimerEvent: {}
[142.776394] (-) TimerEvent: {}
[142.877499] (-) TimerEvent: {}
[142.979204] (-) TimerEvent: {}
[143.080947] (-) TimerEvent: {}
[143.181901] (-) TimerEvent: {}
[143.282483] (-) TimerEvent: {}
[143.383715] (-) TimerEvent: {}
[143.487812] (-) TimerEvent: {}
[143.588923] (-) TimerEvent: {}
[143.690184] (-) TimerEvent: {}
[143.791913] (-) TimerEvent: {}
[143.892864] (-) TimerEvent: {}
[143.907092] (workspace_gz) StdoutLine: {'line': b'[ 47%] \x1b[32m\x1b[1mLinking CXX shared library libWayfindingScoringPlugin.so\x1b[0m\n'}
[143.993334] (-) TimerEvent: {}
[144.094242] (-) TimerEvent: {}
[144.195503] (-) TimerEvent: {}
[144.297187] (-) TimerEvent: {}
[144.398233] (-) TimerEvent: {}
[144.450911] (workspace_gz) StdoutLine: {'line': b'[ 47%] Built target StationkeepingScoringPlugin\n'}
[144.499040] (-) TimerEvent: {}
[144.601686] (-) TimerEvent: {}
[144.707057] (-) TimerEvent: {}
[144.808593] (-) TimerEvent: {}
[144.910558] (-) TimerEvent: {}
[145.012361] (-) TimerEvent: {}
[145.113602] (-) TimerEvent: {}
[145.185356] (workspace_gz) StdoutLine: {'line': b'[ 47%] Built target AcousticPerceptionScoringPlugin\n'}
[145.215773] (-) TimerEvent: {}
[145.316522] (-) TimerEvent: {}
[145.417123] (-) TimerEvent: {}
[145.518263] (-) TimerEvent: {}
[145.619142] (-) TimerEvent: {}
[145.720359] (-) TimerEvent: {}
[145.820935] (-) TimerEvent: {}
[145.921815] (-) TimerEvent: {}
[146.023027] (-) TimerEvent: {}
[146.124176] (-) TimerEvent: {}
[146.225385] (-) TimerEvent: {}
[146.326377] (-) TimerEvent: {}
[146.427126] (-) TimerEvent: {}
[146.528077] (-) TimerEvent: {}
[146.576319] (workspace_gz) StdoutLine: {'line': b'[ 47%] Built target WayfindingScoringPlugin\n'}
[146.628371] (-) TimerEvent: {}
[146.640529] (workspace_gz) StdoutLine: {'line': b'[ 49%] \x1b[32mBuilding CXX object CMakeFiles/PerceptionScoringPlugin.dir/plugins/PerceptionScoringPlugin.cc.o\x1b[0m\n'}
[146.728752] (-) TimerEvent: {}
[146.829944] (-) TimerEvent: {}
[146.930815] (-) TimerEvent: {}
[147.031246] (-) TimerEvent: {}
[147.131953] (-) TimerEvent: {}
[147.233149] (-) TimerEvent: {}
[147.334191] (-) TimerEvent: {}
[147.435032] (-) TimerEvent: {}
[147.536201] (-) TimerEvent: {}
[147.636923] (-) TimerEvent: {}
[147.738280] (-) TimerEvent: {}
[147.838980] (-) TimerEvent: {}
[147.939936] (-) TimerEvent: {}
[148.041755] (-) TimerEvent: {}
[148.143291] (-) TimerEvent: {}
[148.244101] (-) TimerEvent: {}
[148.345081] (-) TimerEvent: {}
[148.446259] (-) TimerEvent: {}
[148.547523] (-) TimerEvent: {}
[148.648270] (-) TimerEvent: {}
[148.749181] (-) TimerEvent: {}
[148.850575] (-) TimerEvent: {}
[148.951146] (-) TimerEvent: {}
[149.051715] (-) TimerEvent: {}
[149.152574] (-) TimerEvent: {}
[149.253873] (-) TimerEvent: {}
[149.354631] (-) TimerEvent: {}
[149.455001] (-) TimerEvent: {}
[149.555661] (-) TimerEvent: {}
[149.656618] (-) TimerEvent: {}
[149.759591] (-) TimerEvent: {}
[149.860728] (-) TimerEvent: {}
[149.961940] (-) TimerEvent: {}
[150.063060] (-) TimerEvent: {}
[150.163978] (-) TimerEvent: {}
[150.264861] (-) TimerEvent: {}
[150.365968] (-) TimerEvent: {}
[150.466393] (-) TimerEvent: {}
[150.567198] (-) TimerEvent: {}
[150.668657] (-) TimerEvent: {}
[150.769601] (-) TimerEvent: {}
[150.870209] (-) TimerEvent: {}
[150.973927] (-) TimerEvent: {}
[151.075412] (-) TimerEvent: {}
[151.176885] (-) TimerEvent: {}
[151.278079] (-) TimerEvent: {}
[151.379422] (-) TimerEvent: {}
[151.480081] (-) TimerEvent: {}
[151.580969] (-) TimerEvent: {}
[151.682075] (-) TimerEvent: {}
[151.783036] (-) TimerEvent: {}
[151.883808] (-) TimerEvent: {}
[151.984580] (-) TimerEvent: {}
[152.085270] (-) TimerEvent: {}
[152.187092] (-) TimerEvent: {}
[152.288205] (-) TimerEvent: {}
[152.388851] (-) TimerEvent: {}
[152.490248] (-) TimerEvent: {}
[152.591879] (-) TimerEvent: {}
[152.692510] (-) TimerEvent: {}
[152.793550] (-) TimerEvent: {}
[152.894935] (-) TimerEvent: {}
[152.996794] (-) TimerEvent: {}
[153.097882] (-) TimerEvent: {}
[153.198895] (-) TimerEvent: {}
[153.299812] (-) TimerEvent: {}
[153.400932] (-) TimerEvent: {}
[153.502524] (-) TimerEvent: {}
[153.603194] (-) TimerEvent: {}
[153.704079] (-) TimerEvent: {}
[153.805403] (-) TimerEvent: {}
[153.906315] (-) TimerEvent: {}
[154.007061] (-) TimerEvent: {}
[154.108551] (-) TimerEvent: {}
[154.209757] (-) TimerEvent: {}
[154.310806] (-) TimerEvent: {}
[154.411673] (-) TimerEvent: {}
[154.512244] (-) TimerEvent: {}
[154.613024] (-) TimerEvent: {}
[154.714642] (-) TimerEvent: {}
[154.815772] (-) TimerEvent: {}
[154.917055] (-) TimerEvent: {}
[155.017890] (-) TimerEvent: {}
[155.119372] (-) TimerEvent: {}
[155.220183] (-) TimerEvent: {}
[155.320791] (-) TimerEvent: {}
[155.421437] (-) TimerEvent: {}
[155.522417] (-) TimerEvent: {}
[155.623433] (-) TimerEvent: {}
[155.724264] (-) TimerEvent: {}
[155.825161] (-) TimerEvent: {}
[155.925985] (-) TimerEvent: {}
[156.027159] (-) TimerEvent: {}
[156.127776] (-) TimerEvent: {}
[156.228893] (-) TimerEvent: {}
[156.329636] (-) TimerEvent: {}
[156.430905] (-) TimerEvent: {}
[156.531659] (-) TimerEvent: {}
[156.632898] (-) TimerEvent: {}
[156.734003] (-) TimerEvent: {}
[156.834867] (-) TimerEvent: {}
[156.936078] (-) TimerEvent: {}
[157.037363] (-) TimerEvent: {}
[157.138354] (-) TimerEvent: {}
[157.239546] (-) TimerEvent: {}
[157.340416] (-) TimerEvent: {}
[157.441057] (-) TimerEvent: {}
[157.542206] (-) TimerEvent: {}
[157.643019] (-) TimerEvent: {}
[157.743606] (-) TimerEvent: {}
[157.844059] (-) TimerEvent: {}
[157.944905] (-) TimerEvent: {}
[158.046056] (-) TimerEvent: {}
[158.147337] (-) TimerEvent: {}
[158.248066] (-) TimerEvent: {}
[158.349624] (-) TimerEvent: {}
[158.450518] (-) TimerEvent: {}
[158.552108] (-) TimerEvent: {}
[158.653160] (-) TimerEvent: {}
[158.753864] (-) TimerEvent: {}
[158.854805] (-) TimerEvent: {}
[158.955844] (-) TimerEvent: {}
[159.057185] (-) TimerEvent: {}
[159.158351] (-) TimerEvent: {}
[159.258899] (-) TimerEvent: {}
[159.359872] (-) TimerEvent: {}
[159.460780] (-) TimerEvent: {}
[159.564263] (-) TimerEvent: {}
[159.665679] (-) TimerEvent: {}
[159.766330] (-) TimerEvent: {}
[159.867073] (-) TimerEvent: {}
[159.968003] (-) TimerEvent: {}
[160.069346] (-) TimerEvent: {}
[160.170250] (-) TimerEvent: {}
[160.271219] (-) TimerEvent: {}
[160.371900] (-) TimerEvent: {}
[160.472501] (-) TimerEvent: {}
[160.574020] (-) TimerEvent: {}
[160.675306] (-) TimerEvent: {}
[160.776169] (-) TimerEvent: {}
[160.877599] (-) TimerEvent: {}
[160.978546] (-) TimerEvent: {}
[161.080785] (-) TimerEvent: {}
[161.182103] (-) TimerEvent: {}
[161.282732] (-) TimerEvent: {}
[161.383388] (-) TimerEvent: {}
[161.484170] (-) TimerEvent: {}
[161.584631] (-) TimerEvent: {}
[161.685264] (-) TimerEvent: {}
[161.786743] (-) TimerEvent: {}
[161.887796] (-) TimerEvent: {}
[161.988791] (-) TimerEvent: {}
[162.089584] (-) TimerEvent: {}
[162.191601] (-) TimerEvent: {}
[162.293053] (-) TimerEvent: {}
[162.394524] (-) TimerEvent: {}
[162.495310] (-) TimerEvent: {}
[162.596180] (-) TimerEvent: {}
[162.697117] (-) TimerEvent: {}
[162.797968] (-) TimerEvent: {}
[162.898766] (-) TimerEvent: {}
[162.999792] (-) TimerEvent: {}
[163.100202] (-) TimerEvent: {}
[163.200613] (-) TimerEvent: {}
[163.301534] (-) TimerEvent: {}
[163.402916] (-) TimerEvent: {}
[163.504201] (-) TimerEvent: {}
[163.604710] (-) TimerEvent: {}
[163.705562] (-) TimerEvent: {}
[163.772382] (workspace_gz) StderrLine: {'line': b'\x1b[01m\x1b[K/home/aliomacc/sti_usv/src/usv_sim/workspace_gz/plugins/PerceptionScoringPlugin.cc:\x1b[m\x1b[K In member function \xe2\x80\x98\x1b[01m\x1b[Kvoid vrx::PerceptionScoringPlugin::Implementation::ProcessAttempts(ignition::gazebo::v6::EntityComponentManager&)\x1b[m\x1b[K\xe2\x80\x99:\n'}
[163.772624] (workspace_gz) StderrLine: {'line': b'\x1b[01m\x1b[K/home/aliomacc/sti_usv/src/usv_sim/workspace_gz/plugins/PerceptionScoringPlugin.cc:363:25:\x1b[m\x1b[K \x1b[01;35m\x1b[Kwarning: \x1b[m\x1b[Kcomparison of integer expressions of different signedness: \xe2\x80\x98\x1b[01m\x1b[Kunsigned int\x1b[m\x1b[K\xe2\x80\x99 and \xe2\x80\x98\x1b[01m\x1b[Kint\x1b[m\x1b[K\xe2\x80\x99 [\x1b[01;35m\x1b[K\x1b]8;;https://gcc.gnu.org/onlinedocs/gcc/Warning-Options.html#index-Wsign-compare\x07-Wsign-compare\x1b]8;;\x07\x1b[m\x1b[K]\n'}
[163.772768] (workspace_gz) StderrLine: {'line': b'  363 | \x1b[01;35m\x1b[K< _msg.header().data_size()\x1b[m\x1b[K; ++i)\n'}
[163.772863] (workspace_gz) StderrLine: {'line': b'      | \x1b[01;35m\x1b[K^~~~~~~~~~~~~~~~~~~~~~~~~~~\x1b[m\x1b[K\n'}
[163.772993] (workspace_gz) StderrLine: {'line': b'\n'}
[163.805871] (-) TimerEvent: {}
[163.907329] (-) TimerEvent: {}
[164.007967] (-) TimerEvent: {}
[164.108532] (-) TimerEvent: {}
[164.209114] (-) TimerEvent: {}
[164.311936] (-) TimerEvent: {}
[164.413396] (-) TimerEvent: {}
[164.518386] (-) TimerEvent: {}
[164.619752] (-) TimerEvent: {}
[164.720620] (-) TimerEvent: {}
[164.821296] (-) TimerEvent: {}
[164.922231] (-) TimerEvent: {}
[165.022896] (-) TimerEvent: {}
[165.123503] (-) TimerEvent: {}
[165.224203] (-) TimerEvent: {}
[165.324734] (-) TimerEvent: {}
[165.425377] (-) TimerEvent: {}
[165.526399] (-) TimerEvent: {}
[165.627385] (-) TimerEvent: {}
[165.728255] (-) TimerEvent: {}
[165.829174] (-) TimerEvent: {}
[165.929894] (-) TimerEvent: {}
[166.030722] (-) TimerEvent: {}
[166.131333] (-) TimerEvent: {}
[166.233509] (-) TimerEvent: {}
[166.334639] (-) TimerEvent: {}
[166.435858] (-) TimerEvent: {}
[166.536545] (-) TimerEvent: {}
[166.637108] (-) TimerEvent: {}
[166.738234] (-) TimerEvent: {}
[166.839328] (-) TimerEvent: {}
[166.939998] (-) TimerEvent: {}
[167.041113] (-) TimerEvent: {}
[167.141691] (-) TimerEvent: {}
[167.242620] (-) TimerEvent: {}
[167.343379] (-) TimerEvent: {}
[167.445120] (-) TimerEvent: {}
[167.545922] (-) TimerEvent: {}
[167.646738] (-) TimerEvent: {}
[167.747809] (-) TimerEvent: {}
[167.848997] (-) TimerEvent: {}
[167.950270] (-) TimerEvent: {}
[168.051664] (-) TimerEvent: {}
[168.152972] (-) TimerEvent: {}
[168.254935] (-) TimerEvent: {}
[168.355729] (-) TimerEvent: {}
[168.457158] (-) TimerEvent: {}
[168.558096] (-) TimerEvent: {}
[168.658810] (-) TimerEvent: {}
[168.759596] (-) TimerEvent: {}
[168.861028] (-) TimerEvent: {}
[168.962197] (-) TimerEvent: {}
[169.063213] (-) TimerEvent: {}
[169.163945] (-) TimerEvent: {}
[169.264908] (-) TimerEvent: {}
[169.365602] (-) TimerEvent: {}
[169.466114] (-) TimerEvent: {}
[169.566936] (-) TimerEvent: {}
[169.667955] (-) TimerEvent: {}
[169.768508] (-) TimerEvent: {}
[169.869353] (-) TimerEvent: {}
[169.970612] (-) TimerEvent: {}
[170.071167] (-) TimerEvent: {}
[170.171995] (-) TimerEvent: {}
[170.272545] (-) TimerEvent: {}
[170.373212] (-) TimerEvent: {}
[170.473861] (-) TimerEvent: {}
[170.574508] (-) TimerEvent: {}
[170.674910] (-) TimerEvent: {}
[170.775304] (-) TimerEvent: {}
[170.875754] (-) TimerEvent: {}
[170.977045] (-) TimerEvent: {}
[171.078189] (-) TimerEvent: {}
[171.179396] (-) TimerEvent: {}
[171.280026] (-) TimerEvent: {}
[171.380979] (-) TimerEvent: {}
[171.481657] (-) TimerEvent: {}
[171.582116] (-) TimerEvent: {}
[171.683636] (-) TimerEvent: {}
[171.784201] (-) TimerEvent: {}
[171.884876] (-) TimerEvent: {}
[171.985891] (-) TimerEvent: {}
[172.086861] (-) TimerEvent: {}
[172.187625] (-) TimerEvent: {}
[172.288676] (-) TimerEvent: {}
[172.389809] (-) TimerEvent: {}
[172.491659] (-) TimerEvent: {}
[172.592748] (-) TimerEvent: {}
[172.693234] (-) TimerEvent: {}
[172.794523] (-) TimerEvent: {}
[172.895697] (-) TimerEvent: {}
[172.996900] (-) TimerEvent: {}
[173.098307] (-) TimerEvent: {}
[173.199481] (-) TimerEvent: {}
[173.300377] (-) TimerEvent: {}
[173.401423] (-) TimerEvent: {}
[173.502378] (-) TimerEvent: {}
[173.603706] (-) TimerEvent: {}
[173.704884] (-) TimerEvent: {}
[173.806048] (-) TimerEvent: {}
[173.906808] (-) TimerEvent: {}
[174.007670] (-) TimerEvent: {}
[174.110254] (-) TimerEvent: {}
[174.211136] (-) TimerEvent: {}
[174.311825] (-) TimerEvent: {}
[174.412571] (-) TimerEvent: {}
[174.514037] (-) TimerEvent: {}
[174.614668] (-) TimerEvent: {}
[174.715499] (-) TimerEvent: {}
[174.816122] (-) TimerEvent: {}
[174.917275] (-) TimerEvent: {}
[175.018682] (-) TimerEvent: {}
[175.119421] (-) TimerEvent: {}
[175.220117] (-) TimerEvent: {}
[175.320476] (-) TimerEvent: {}
[175.421587] (-) TimerEvent: {}
[175.522626] (-) TimerEvent: {}
[175.623551] (-) TimerEvent: {}
[175.724635] (-) TimerEvent: {}
[175.825722] (-) TimerEvent: {}
[175.926599] (-) TimerEvent: {}
[176.027350] (-) TimerEvent: {}
[176.128489] (-) TimerEvent: {}
[176.229044] (-) TimerEvent: {}
[176.330097] (-) TimerEvent: {}
[176.430988] (-) TimerEvent: {}
[176.531792] (-) TimerEvent: {}
[176.632936] (-) TimerEvent: {}
[176.733414] (-) TimerEvent: {}
[176.834063] (-) TimerEvent: {}
[176.934939] (-) TimerEvent: {}
[177.035662] (-) TimerEvent: {}
[177.136527] (-) TimerEvent: {}
[177.237569] (-) TimerEvent: {}
[177.338383] (-) TimerEvent: {}
[177.439444] (-) TimerEvent: {}
[177.540377] (-) TimerEvent: {}
[177.641247] (-) TimerEvent: {}
[177.742222] (-) TimerEvent: {}
[177.843492] (-) TimerEvent: {}
[177.944385] (-) TimerEvent: {}
[178.045776] (-) TimerEvent: {}
[178.146809] (-) TimerEvent: {}
[178.247920] (-) TimerEvent: {}
[178.349234] (-) TimerEvent: {}
[178.449593] (-) TimerEvent: {}
[178.550026] (-) TimerEvent: {}
[178.650616] (-) TimerEvent: {}
[178.751422] (-) TimerEvent: {}
[178.853920] (-) TimerEvent: {}
[178.954839] (-) TimerEvent: {}
[179.055536] (-) TimerEvent: {}
[179.156120] (-) TimerEvent: {}
[179.256619] (-) TimerEvent: {}
[179.357654] (-) TimerEvent: {}
[179.462801] (-) TimerEvent: {}
[179.563686] (-) TimerEvent: {}
[179.664266] (-) TimerEvent: {}
[179.765246] (-) TimerEvent: {}
[179.865906] (-) TimerEvent: {}
[179.966935] (-) TimerEvent: {}
[180.067965] (-) TimerEvent: {}
[180.168614] (-) TimerEvent: {}
[180.270190] (-) TimerEvent: {}
[180.371686] (-) TimerEvent: {}
[180.376720] (workspace_gz) StdoutLine: {'line': b'[ 50%] \x1b[32mBuilding CXX object CMakeFiles/PerceptionScoringPlugin.dir/plugins/WaypointMarkers.cc.o\x1b[0m\n'}
[180.471840] (-) TimerEvent: {}
[180.572727] (-) TimerEvent: {}
[180.673393] (-) TimerEvent: {}
[180.774419] (-) TimerEvent: {}
[180.875160] (-) TimerEvent: {}
[180.976275] (-) TimerEvent: {}
[181.077488] (-) TimerEvent: {}
[181.178438] (-) TimerEvent: {}
[181.279179] (-) TimerEvent: {}
[181.379742] (-) TimerEvent: {}
[181.480487] (-) TimerEvent: {}
[181.580985] (-) TimerEvent: {}
[181.682004] (-) TimerEvent: {}
[181.782420] (-) TimerEvent: {}
[181.883119] (-) TimerEvent: {}
[181.984171] (-) TimerEvent: {}
[182.087072] (-) TimerEvent: {}
[182.187694] (-) TimerEvent: {}
[182.288670] (-) TimerEvent: {}
[182.393113] (-) TimerEvent: {}
[182.493894] (-) TimerEvent: {}
[182.595119] (-) TimerEvent: {}
[182.696453] (-) TimerEvent: {}
[182.797174] (-) TimerEvent: {}
[182.898780] (-) TimerEvent: {}
[182.999666] (-) TimerEvent: {}
[183.100871] (-) TimerEvent: {}
[183.201509] (-) TimerEvent: {}
[183.301949] (-) TimerEvent: {}
[183.402533] (-) TimerEvent: {}
[183.503405] (-) TimerEvent: {}
[183.604379] (-) TimerEvent: {}
[183.705064] (-) TimerEvent: {}
[183.805717] (-) TimerEvent: {}
[183.906297] (-) TimerEvent: {}
[184.006781] (-) TimerEvent: {}
[184.107794] (-) TimerEvent: {}
[184.209089] (-) TimerEvent: {}
[184.310438] (-) TimerEvent: {}
[184.413493] (-) TimerEvent: {}
[184.514549] (-) TimerEvent: {}
[184.615331] (-) TimerEvent: {}
[184.716041] (-) TimerEvent: {}
[184.817291] (-) TimerEvent: {}
[184.918416] (-) TimerEvent: {}
[185.020288] (-) TimerEvent: {}
[185.122015] (-) TimerEvent: {}
[185.222517] (-) TimerEvent: {}
[185.322937] (-) TimerEvent: {}
[185.423611] (-) TimerEvent: {}
[185.525335] (-) TimerEvent: {}
[185.626246] (-) TimerEvent: {}
[185.727189] (-) TimerEvent: {}
[185.828074] (-) TimerEvent: {}
[185.929300] (-) TimerEvent: {}
[186.030580] (-) TimerEvent: {}
[186.132014] (-) TimerEvent: {}
[186.232774] (-) TimerEvent: {}
[186.333730] (-) TimerEvent: {}
[186.434535] (-) TimerEvent: {}
[186.535601] (-) TimerEvent: {}
[186.636541] (-) TimerEvent: {}
[186.736997] (-) TimerEvent: {}
[186.837903] (-) TimerEvent: {}
[186.939083] (-) TimerEvent: {}
[187.040107] (-) TimerEvent: {}
[187.141204] (-) TimerEvent: {}
[187.241901] (-) TimerEvent: {}
[187.343191] (-) TimerEvent: {}
[187.444401] (-) TimerEvent: {}
[187.545344] (-) TimerEvent: {}
[187.645938] (-) TimerEvent: {}
[187.746736] (-) TimerEvent: {}
[187.847861] (-) TimerEvent: {}
[187.948837] (-) TimerEvent: {}
[188.049572] (-) TimerEvent: {}
[188.150183] (-) TimerEvent: {}
[188.251236] (-) TimerEvent: {}
[188.352577] (-) TimerEvent: {}
[188.453375] (-) TimerEvent: {}
[188.554139] (-) TimerEvent: {}
[188.654790] (-) TimerEvent: {}
[188.755815] (-) TimerEvent: {}
[188.856350] (-) TimerEvent: {}
[188.957046] (-) TimerEvent: {}
[189.058196] (-) TimerEvent: {}
[189.159118] (-) TimerEvent: {}
[189.259688] (-) TimerEvent: {}
[189.360517] (-) TimerEvent: {}
[189.460949] (-) TimerEvent: {}
[189.561384] (-) TimerEvent: {}
[189.662048] (-) TimerEvent: {}
[189.762546] (-) TimerEvent: {}
[189.863271] (-) TimerEvent: {}
[189.964165] (-) TimerEvent: {}
[190.065060] (-) TimerEvent: {}
[190.166692] (-) TimerEvent: {}
[190.267728] (-) TimerEvent: {}
[190.368750] (-) TimerEvent: {}
[190.470367] (-) TimerEvent: {}
[190.571831] (-) TimerEvent: {}
[190.672789] (-) TimerEvent: {}
[190.729752] (workspace_gz) StdoutLine: {'line': b'[ 52%] \x1b[32mBuilding CXX object CMakeFiles/PlacardPlugin.dir/plugins/PlacardPlugin.cc.o\x1b[0m\n'}
[190.773796] (-) TimerEvent: {}
[190.875113] (-) TimerEvent: {}
[190.976167] (-) TimerEvent: {}
[191.076748] (-) TimerEvent: {}
[191.177855] (-) TimerEvent: {}
[191.278356] (-) TimerEvent: {}
[191.380058] (-) TimerEvent: {}
[191.481115] (-) TimerEvent: {}
[191.581835] (-) TimerEvent: {}
[191.683424] (-) TimerEvent: {}
[191.776886] (workspace_gz) StdoutLine: {'line': b'[ 54%] \x1b[32mBuilding CXX object CMakeFiles/GymkhanaScoringPlugin.dir/plugins/GymkhanaScoringPlugin.cc.o\x1b[0m\n'}
[191.783791] (-) TimerEvent: {}
[191.885108] (-) TimerEvent: {}
[191.986758] (-) TimerEvent: {}
[192.088124] (-) TimerEvent: {}
[192.190278] (-) TimerEvent: {}
[192.291356] (-) TimerEvent: {}
[192.393283] (-) TimerEvent: {}
[192.494962] (-) TimerEvent: {}
[192.595796] (-) TimerEvent: {}
[192.697684] (-) TimerEvent: {}
[192.799955] (-) TimerEvent: {}
[192.831867] (workspace_gz) StdoutLine: {'line': b'[ 56%] \x1b[32mBuilding CXX object CMakeFiles/NavigationScoringPlugin.dir/plugins/NavigationScoringPlugin.cc.o\x1b[0m\n'}
[192.900445] (-) TimerEvent: {}
[193.003920] (-) TimerEvent: {}
[193.113330] (-) TimerEvent: {}
[193.215869] (-) TimerEvent: {}
[193.317227] (-) TimerEvent: {}
[193.419892] (-) TimerEvent: {}
[193.524868] (-) TimerEvent: {}
[193.625698] (-) TimerEvent: {}
[193.729948] (-) TimerEvent: {}
[193.834696] (-) TimerEvent: {}
[193.890679] (workspace_gz) StdoutLine: {'line': b'[ 58%] \x1b[32mBuilding CXX object CMakeFiles/LightBuoyPlugin.dir/plugins/LightBuoyPlugin.cc.o\x1b[0m\n'}
[193.936228] (-) TimerEvent: {}
[193.944693] (workspace_gz) StdoutLine: {'line': b'[ 60%] \x1b[32mBuilding CXX object CMakeFiles/BallShooterPlugin.dir/plugins/BallShooterPlugin.cc.o\x1b[0m\n'}
[194.038842] (-) TimerEvent: {}
[194.140413] (-) TimerEvent: {}
[194.248679] (-) TimerEvent: {}
[194.351249] (-) TimerEvent: {}
[194.454634] (-) TimerEvent: {}
[194.555568] (-) TimerEvent: {}
[194.656537] (-) TimerEvent: {}
[194.764972] (-) TimerEvent: {}
[194.867162] (-) TimerEvent: {}
[194.975793] (-) TimerEvent: {}
[195.076675] (-) TimerEvent: {}
[195.177591] (-) TimerEvent: {}
[195.281073] (-) TimerEvent: {}
[195.383288] (-) TimerEvent: {}
[195.487229] (-) TimerEvent: {}
[195.590665] (-) TimerEvent: {}
[195.693003] (-) TimerEvent: {}
[195.797052] (-) TimerEvent: {}
[195.898900] (-) TimerEvent: {}
[196.004437] (-) TimerEvent: {}
[196.106984] (-) TimerEvent: {}
[196.212752] (-) TimerEvent: {}
[196.319669] (-) TimerEvent: {}
[196.420539] (-) TimerEvent: {}
[196.524727] (-) TimerEvent: {}
[196.625977] (-) TimerEvent: {}
[196.730549] (-) TimerEvent: {}
[196.831211] (-) TimerEvent: {}
[196.931797] (-) TimerEvent: {}
[197.037877] (-) TimerEvent: {}
[197.139135] (-) TimerEvent: {}
[197.242117] (-) TimerEvent: {}
[197.350194] (-) TimerEvent: {}
[197.456527] (-) TimerEvent: {}
[197.559770] (-) TimerEvent: {}
[197.661576] (-) TimerEvent: {}
[197.767194] (-) TimerEvent: {}
[197.868865] (-) TimerEvent: {}
[197.975579] (-) TimerEvent: {}
[198.076264] (-) TimerEvent: {}
[198.179871] (-) TimerEvent: {}
[198.280586] (-) TimerEvent: {}
[198.385823] (-) TimerEvent: {}
[198.486596] (-) TimerEvent: {}
[198.587577] (-) TimerEvent: {}
[198.692979] (-) TimerEvent: {}
[198.798560] (-) TimerEvent: {}
[198.902774] (-) TimerEvent: {}
[199.003254] (-) TimerEvent: {}
[199.103743] (-) TimerEvent: {}
[199.204415] (-) TimerEvent: {}
[199.306720] (-) TimerEvent: {}
[199.410406] (-) TimerEvent: {}
[199.514975] (-) TimerEvent: {}
[199.617961] (-) TimerEvent: {}
[199.724895] (-) TimerEvent: {}
[199.827335] (-) TimerEvent: {}
[199.929529] (-) TimerEvent: {}
[200.031823] (-) TimerEvent: {}
[200.134888] (-) TimerEvent: {}
[200.236351] (-) TimerEvent: {}
[200.341578] (-) TimerEvent: {}
[200.442189] (-) TimerEvent: {}
[200.542827] (-) TimerEvent: {}
[200.643582] (-) TimerEvent: {}
[200.744880] (-) TimerEvent: {}
[200.850586] (-) TimerEvent: {}
[200.960586] (-) TimerEvent: {}
[201.066819] (-) TimerEvent: {}
[201.167656] (-) TimerEvent: {}
[201.272329] (-) TimerEvent: {}
[201.372869] (-) TimerEvent: {}
[201.473712] (-) TimerEvent: {}
[201.574804] (-) TimerEvent: {}
[201.678035] (-) TimerEvent: {}
[201.780056] (-) TimerEvent: {}
[201.881256] (-) TimerEvent: {}
[201.985025] (-) TimerEvent: {}
[202.086741] (-) TimerEvent: {}
[202.192421] (-) TimerEvent: {}
[202.296718] (-) TimerEvent: {}
[202.397716] (-) TimerEvent: {}
[202.500327] (-) TimerEvent: {}
[202.605322] (-) TimerEvent: {}
[202.706623] (-) TimerEvent: {}
[202.807287] (-) TimerEvent: {}
[202.908921] (-) TimerEvent: {}
[203.013384] (-) TimerEvent: {}
[203.115048] (-) TimerEvent: {}
[203.219123] (-) TimerEvent: {}
[203.322835] (-) TimerEvent: {}
[203.423700] (-) TimerEvent: {}
[203.527560] (-) TimerEvent: {}
[203.628971] (-) TimerEvent: {}
[203.735300] (-) TimerEvent: {}
[203.836349] (-) TimerEvent: {}
[203.937293] (-) TimerEvent: {}
[204.044580] (-) TimerEvent: {}
[204.145395] (-) TimerEvent: {}
[204.246548] (-) TimerEvent: {}
[204.349702] (-) TimerEvent: {}
[204.450859] (-) TimerEvent: {}
[204.553191] (-) TimerEvent: {}
[204.657887] (-) TimerEvent: {}
[204.761995] (-) TimerEvent: {}
[204.862851] (-) TimerEvent: {}
[204.967616] (-) TimerEvent: {}
[205.069531] (-) TimerEvent: {}
[205.170091] (-) TimerEvent: {}
[205.270700] (-) TimerEvent: {}
[205.375416] (-) TimerEvent: {}
[205.476210] (-) TimerEvent: {}
[205.577755] (-) TimerEvent: {}
[205.680932] (-) TimerEvent: {}
[205.781982] (-) TimerEvent: {}
[205.886632] (-) TimerEvent: {}
[205.987783] (-) TimerEvent: {}
[206.088676] (-) TimerEvent: {}
[206.193295] (-) TimerEvent: {}
[206.294658] (-) TimerEvent: {}
[206.397443] (-) TimerEvent: {}
[206.503792] (-) TimerEvent: {}
[206.605268] (-) TimerEvent: {}
[206.705836] (-) TimerEvent: {}
[206.806801] (-) TimerEvent: {}
[206.907724] (-) TimerEvent: {}
[207.008575] (-) TimerEvent: {}
[207.110760] (-) TimerEvent: {}
[207.216186] (-) TimerEvent: {}
[207.316976] (-) TimerEvent: {}
[207.417689] (-) TimerEvent: {}
[207.520256] (-) TimerEvent: {}
[207.623998] (-) TimerEvent: {}
[207.724586] (-) TimerEvent: {}
[207.825283] (-) TimerEvent: {}
[207.926653] (-) TimerEvent: {}
[208.029556] (-) TimerEvent: {}
[208.133880] (-) TimerEvent: {}
[208.240528] (-) TimerEvent: {}
[208.341345] (-) TimerEvent: {}
[208.444597] (-) TimerEvent: {}
[208.509188] (workspace_gz) StderrLine: {'line': b'In file included from \x1b[01m\x1b[K/usr/include/ignition/rendering6/gz/rendering/Node.hh:22\x1b[m\x1b[K,\n'}
[208.510106] (workspace_gz) StderrLine: {'line': b'                 from \x1b[01m\x1b[K/usr/include/ignition/rendering6/gz/rendering/Storage.hh:24\x1b[m\x1b[K,\n'}
[208.511981] (workspace_gz) StderrLine: {'line': b'                 from \x1b[01m\x1b[K/usr/include/ignition/rendering6/gz/rendering/Scene.hh:34\x1b[m\x1b[K,\n'}
[208.512213] (workspace_gz) StderrLine: {'line': b'                 from \x1b[01m\x1b[K/usr/include/ignition/rendering6/ignition/rendering/Scene.hh:18\x1b[m\x1b[K,\n'}
[208.512398] (workspace_gz) StderrLine: {'line': b'                 from \x1b[01m\x1b[K/home/aliomacc/sti_usv/src/usv_sim/workspace_gz/plugins/LightBuoyPlugin.cc:29\x1b[m\x1b[K:\n'}
[208.512628] (workspace_gz) StderrLine: {'line': b'/usr/include/c++/11/variant: In instantiation of \xe2\x80\x98\x1b[01m\x1b[Kconstexpr std::add_pointer_t<_Tp> std::get_if(std::variant<_Types ...>*) [with _Tp = long unsigned int; _Types = {std::monostate, int, float, double, std::__cxx11::basic_string<char, std::char_traits<char>, std::allocator<char> >, bool, unsigned int}; std::add_pointer_t<_Tp> = long unsigned int*]\x1b[m\x1b[K\xe2\x80\x99:\n'}
[208.512852] (workspace_gz) StderrLine: {'line': b'\x1b[01m\x1b[K/home/aliomacc/sti_usv/src/usv_sim/workspace_gz/plugins/LightBuoyPlugin.cc:211:54:\x1b[m\x1b[K   required from here\n'}
[208.513038] (workspace_gz) StderrLine: {'line': b'\x1b[01m\x1b[K/usr/include/c++/11/variant:1185:42:\x1b[m\x1b[K \x1b[01;31m\x1b[Kerror: \x1b[m\x1b[Kstatic assertion failed: T must occur exactly once in alternatives\n'}
[208.513233] (workspace_gz) StderrLine: {'line': b' 1185 |       static_assert(\x1b[01;31m\x1b[K__detail::__variant::__exactly_once<_Tp, _Types...>\x1b[m\x1b[K,\n'}
[208.513389] (workspace_gz) StderrLine: {'line': b'      |                     \x1b[01;31m\x1b[K~~~~~~~~~~~~~~~~~~~~~^~~~~~~~~~~~~~~~~~~~~~~~~~~~~~\x1b[m\x1b[K\n'}
[208.513569] (workspace_gz) StderrLine: {'line': b'\x1b[01m\x1b[K/usr/include/c++/11/variant:1185:42:\x1b[m\x1b[K \x1b[01;36m\x1b[Knote: \x1b[m\x1b[K\xe2\x80\x98\x1b[01m\x1b[Kstd::__detail::__variant::__exactly_once<long unsigned int, std::monostate, int, float, double, std::__cxx11::basic_string<char, std::char_traits<char>, std::allocator<char> >, bool, unsigned int>\x1b[m\x1b[K\xe2\x80\x99 evaluates to false\n'}
[208.513743] (workspace_gz) StderrLine: {'line': b'/usr/include/c++/11/variant: In instantiation of \xe2\x80\x98\x1b[01m\x1b[Kstruct std::variant_alternative<1, std::variant<unsigned int> >\x1b[m\x1b[K\xe2\x80\x99:\n'}
[208.513917] (workspace_gz) StderrLine: {'line': b'\x1b[01m\x1b[K/usr/include/c++/11/variant:103:12:\x1b[m\x1b[K   recursively required from \xe2\x80\x98\x1b[01m\x1b[Kstruct std::variant_alternative<6, std::variant<int, float, double, std::__cxx11::basic_string<char, std::char_traits<char>, std::allocator<char> >, bool, unsigned int> >\x1b[m\x1b[K\xe2\x80\x99\n'}
[208.514182] (workspace_gz) StderrLine: {'line': b'\x1b[01m\x1b[K/usr/include/c++/11/variant:103:12:\x1b[m\x1b[K   required from \xe2\x80\x98\x1b[01m\x1b[Kstruct std::variant_alternative<7, std::variant<std::monostate, int, float, double, std::__cxx11::basic_string<char, std::char_traits<char>, std::allocator<char> >, bool, unsigned int> >\x1b[m\x1b[K\xe2\x80\x99\n'}
[208.514352] (workspace_gz) StderrLine: {'line': b'\x1b[01m\x1b[K/usr/include/c++/11/variant:1170:5:\x1b[m\x1b[K   required by substitution of \xe2\x80\x98\x1b[01m\x1b[Ktemplate<long unsigned int _Np, class ... _Types> constexpr std::add_pointer_t<const typename std::variant_alternative<_Np, std::variant<_Types ...> >::type> std::get_if(const std::variant<_Types ...>*) [with long unsigned int _Np = 7; _Types = {std::monostate, int, float, double, std::__cxx11::basic_string<char, std::char_traits<char>, std::allocator<char> >, bool, unsigned int}]\x1b[m\x1b[K\xe2\x80\x99\n'}
[208.514688] (workspace_gz) StderrLine: {'line': b'\x1b[01m\x1b[K/usr/include/c++/11/variant:1188:76:\x1b[m\x1b[K   required from \xe2\x80\x98\x1b[01m\x1b[Kconstexpr std::add_pointer_t<_Tp> std::get_if(std::variant<_Types ...>*) [with _Tp = long unsigned int; _Types = {std::monostate, int, float, double, std::__cxx11::basic_string<char, std::char_traits<char>, std::allocator<char> >, bool, unsigned int}; std::add_pointer_t<_Tp> = long unsigned int*]\x1b[m\x1b[K\xe2\x80\x99\n'}
[208.514900] (workspace_gz) StderrLine: {'line': b'\x1b[01m\x1b[K/home/aliomacc/sti_usv/src/usv_sim/workspace_gz/plugins/LightBuoyPlugin.cc:211:54:\x1b[m\x1b[K   required from here\n'}
[208.515058] (workspace_gz) StderrLine: {'line': b'\x1b[01m\x1b[K/usr/include/c++/11/variant:103:12:\x1b[m\x1b[K \x1b[01;31m\x1b[Kerror: \x1b[m\x1b[Kinvalid use of incomplete type \xe2\x80\x98\x1b[01m\x1b[Kstruct std::variant_alternative<0, std::variant<> >\x1b[m\x1b[K\xe2\x80\x99\n'}
[208.515211] (workspace_gz) StderrLine: {'line': b'  103 |     struct \x1b[01;31m\x1b[Kvariant_alternative<_Np, variant<_First, _Rest...>>\x1b[m\x1b[K\n'}
[208.515362] (workspace_gz) StderrLine: {'line': b'      |            \x1b[01;31m\x1b[K^~~~~~~~~~~~~~~~~~~~~~~~~~~~~~~~~~~~~~~~~~~~~~~~~~~\x1b[m\x1b[K\n'}
[208.515550] (workspace_gz) StderrLine: {'line': b'\x1b[01m\x1b[K/usr/include/c++/11/variant:100:12:\x1b[m\x1b[K \x1b[01;36m\x1b[Knote: \x1b[m\x1b[Kdeclaration of \xe2\x80\x98\x1b[01m\x1b[Kstruct std::variant_alternative<0, std::variant<> >\x1b[m\x1b[K\xe2\x80\x99\n'}
[208.515704] (workspace_gz) StderrLine: {'line': b'  100 |     struct \x1b[01;36m\x1b[Kvariant_alternative\x1b[m\x1b[K;\n'}
[208.515858] (workspace_gz) StderrLine: {'line': b'      |            \x1b[01;36m\x1b[K^~~~~~~~~~~~~~~~~~~\x1b[m\x1b[K\n'}
[208.516001] (workspace_gz) StderrLine: {'line': b'/usr/include/c++/11/variant: In instantiation of \xe2\x80\x98\x1b[01m\x1b[Kconstexpr std::add_pointer_t<_Tp> std::get_if(std::variant<_Types ...>*) [with _Tp = long unsigned int; _Types = {std::monostate, int, float, double, std::__cxx11::basic_string<char, std::char_traits<char>, std::allocator<char> >, bool, unsigned int}; std::add_pointer_t<_Tp> = long unsigned int*]\x1b[m\x1b[K\xe2\x80\x99:\n'}
[208.516147] (workspace_gz) StderrLine: {'line': b'\x1b[01m\x1b[K/home/aliomacc/sti_usv/src/usv_sim/workspace_gz/plugins/LightBuoyPlugin.cc:211:54:\x1b[m\x1b[K   required from here\n'}
[208.516315] (workspace_gz) StderrLine: {'line': b'\x1b[01m\x1b[K/usr/include/c++/11/variant:1188:76:\x1b[m\x1b[K \x1b[01;31m\x1b[Kerror: \x1b[m\x1b[Kno matching function for call to \xe2\x80\x98\x1b[01m\x1b[Kget_if<std::__detail::__variant::__index_of_v<long unsigned int, std::monostate, int, float, double, std::__cxx11::basic_string<char, std::char_traits<char>, std::allocator<char> >, bool, unsigned int> >(std::variant<std::monostate, int, float, double, std::__cxx11::basic_string<char, std::char_traits<char>, std::allocator<char> >, bool, unsigned int>*&)\x1b[m\x1b[K\xe2\x80\x99\n'}
[208.516510] (workspace_gz) StderrLine: {'line': b' 1188 |       return \x1b[01;31m\x1b[Kstd::get_if<__detail::__variant::__index_of_v<_Tp, _Types...>>(\x1b[m\x1b[K\n'}
[208.516673] (workspace_gz) StderrLine: {'line': b'      |              \x1b[01;31m\x1b[K~~~~~~~~~~~~~~~~~~~~~~~~~~~~~~~~~~~~~~~~~~~~~~~~~~~~~~~~~~~~~~^\x1b[m\x1b[K\n'}
[208.516813] (workspace_gz) StderrLine: {'line': b' 1189 | \x1b[01;31m\x1b[K          __ptr)\x1b[m\x1b[K;\n'}
[208.516955] (workspace_gz) StderrLine: {'line': b'      |           \x1b[01;31m\x1b[K~~~~~~\x1b[m\x1b[K                                                            \n'}
[208.517131] (workspace_gz) StderrLine: {'line': b'\x1b[01m\x1b[K/usr/include/c++/11/variant:1156:5:\x1b[m\x1b[K \x1b[01;36m\x1b[Knote: \x1b[m\x1b[Kcandidate: \xe2\x80\x98\x1b[01m\x1b[Ktemplate<long unsigned int _Np, class ... _Types> constexpr std::add_pointer_t<typename std::variant_alternative<_Np, std::variant<_Types ...> >::type> std::get_if(std::variant<_Types ...>*)\x1b[m\x1b[K\xe2\x80\x99\n'}
[208.517327] (workspace_gz) StderrLine: {'line': b' 1156 |     \x1b[01;36m\x1b[Kget_if\x1b[m\x1b[K(variant<_Types...>* __ptr) noexcept\n'}
[208.517504] (workspace_gz) StderrLine: {'line': b'      |     \x1b[01;36m\x1b[K^~~~~~\x1b[m\x1b[K\n'}
[208.517678] (workspace_gz) StderrLine: {'line': b'\x1b[01m\x1b[K/usr/include/c++/11/variant:1156:5:\x1b[m\x1b[K \x1b[01;36m\x1b[Knote: \x1b[m\x1b[K  template argument deduction/substitution failed:\n'}
[208.517868] (workspace_gz) StderrLine: {'line': b'/usr/include/c++/11/variant: In substitution of \xe2\x80\x98\x1b[01m\x1b[Ktemplate<long unsigned int _Np, class ... _Types> constexpr std::add_pointer_t<typename std::variant_alternative<_Np, std::variant<_Types ...> >::type> std::get_if(std::variant<_Types ...>*) [with long unsigned int _Np = 7; _Types = {std::monostate, int, float, double, std::__cxx11::basic_string<char, std::char_traits<char>, std::allocator<char> >, bool, unsigned int}]\x1b[m\x1b[K\xe2\x80\x99:\n'}
[208.518080] (workspace_gz) StderrLine: {'line': b'\x1b[01m\x1b[K/usr/include/c++/11/variant:1188:76:\x1b[m\x1b[K   required from \xe2\x80\x98\x1b[01m\x1b[Kconstexpr std::add_pointer_t<_Tp> std::get_if(std::variant<_Types ...>*) [with _Tp = long unsigned int; _Types = {std::monostate, int, float, double, std::__cxx11::basic_string<char, std::char_traits<char>, std::allocator<char> >, bool, unsigned int}; std::add_pointer_t<_Tp> = long unsigned int*]\x1b[m\x1b[K\xe2\x80\x99\n'}
[208.518293] (workspace_gz) StderrLine: {'line': b'\x1b[01m\x1b[K/home/aliomacc/sti_usv/src/usv_sim/workspace_gz/plugins/LightBuoyPlugin.cc:211:54:\x1b[m\x1b[K   required from here\n'}
[208.518504] (workspace_gz) StderrLine: {'line': b'\x1b[01m\x1b[K/usr/include/c++/11/variant:1156:5:\x1b[m\x1b[K \x1b[01;31m\x1b[Kerror: \x1b[m\x1b[Kno type named \xe2\x80\x98\x1b[01m\x1b[Ktype\x1b[m\x1b[K\xe2\x80\x99 in \xe2\x80\x98\x1b[01m\x1b[Kstruct std::variant_alternative<7, std::variant<std::monostate, int, float, double, std::__cxx11::basic_string<char, std::char_traits<char>, std::allocator<char> >, bool, unsigned int> >\x1b[m\x1b[K\xe2\x80\x99\n'}
[208.519140] (workspace_gz) StderrLine: {'line': b'/usr/include/c++/11/variant: In instantiation of \xe2\x80\x98\x1b[01m\x1b[Kconstexpr std::add_pointer_t<_Tp> std::get_if(std::variant<_Types ...>*) [with _Tp = long unsigned int; _Types = {std::monostate, int, float, double, std::__cxx11::basic_string<char, std::char_traits<char>, std::allocator<char> >, bool, unsigned int}; std::add_pointer_t<_Tp> = long unsigned int*]\x1b[m\x1b[K\xe2\x80\x99:\n'}
[208.519605] (workspace_gz) StderrLine: {'line': b'\x1b[01m\x1b[K/home/aliomacc/sti_usv/src/usv_sim/workspace_gz/plugins/LightBuoyPlugin.cc:211:54:\x1b[m\x1b[K   required from here\n'}
[208.519921] (workspace_gz) StderrLine: {'line': b'\x1b[01m\x1b[K/usr/include/c++/11/variant:1170:5:\x1b[m\x1b[K \x1b[01;36m\x1b[Knote: \x1b[m\x1b[Kcandidate: \xe2\x80\x98\x1b[01m\x1b[Ktemplate<long unsigned int _Np, class ... _Types> constexpr std::add_pointer_t<const typename std::variant_alternative<_Np, std::variant<_Types ...> >::type> std::get_if(const std::variant<_Types ...>*)\x1b[m\x1b[K\xe2\x80\x99\n'}
[208.520161] (workspace_gz) StderrLine: {'line': b' 1170 |     \x1b[01;36m\x1b[Kget_if\x1b[m\x1b[K(const variant<_Types...>* __ptr) noexcept\n'}
[208.520374] (workspace_gz) StderrLine: {'line': b'      |     \x1b[01;36m\x1b[K^~~~~~\x1b[m\x1b[K\n'}
[208.520676] (workspace_gz) StderrLine: {'line': b'\x1b[01m\x1b[K/usr/include/c++/11/variant:1170:5:\x1b[m\x1b[K \x1b[01;36m\x1b[Knote: \x1b[m\x1b[K  substitution of deduced template arguments resulted in errors seen above\n'}
[208.520879] (workspace_gz) StderrLine: {'line': b'\x1b[01m\x1b[K/usr/include/c++/11/variant:1183:5:\x1b[m\x1b[K \x1b[01;36m\x1b[Knote: \x1b[m\x1b[Kcandidate: \xe2\x80\x98\x1b[01m\x1b[Ktemplate<class _Tp, class ... _Types> constexpr std::add_pointer_t<_Tp> std::get_if(std::variant<_Types ...>*)\x1b[m\x1b[K\xe2\x80\x99\n'}
[208.521162] (workspace_gz) StderrLine: {'line': b' 1183 |     \x1b[01;36m\x1b[Kget_if\x1b[m\x1b[K(variant<_Types...>* __ptr) noexcept\n'}
[208.521375] (workspace_gz) StderrLine: {'line': b'      |     \x1b[01;36m\x1b[K^~~~~~\x1b[m\x1b[K\n'}
[208.521686] (workspace_gz) StderrLine: {'line': b'\x1b[01m\x1b[K/usr/include/c++/11/variant:1183:5:\x1b[m\x1b[K \x1b[01;36m\x1b[Knote: \x1b[m\x1b[K  template argument deduction/substitution failed:\n'}
[208.522036] (workspace_gz) StderrLine: {'line': b'\x1b[01m\x1b[K/usr/include/c++/11/variant:1188:76:\x1b[m\x1b[K \x1b[01;31m\x1b[Kerror: \x1b[m\x1b[Ktype/value mismatch at argument 1 in template parameter list for \xe2\x80\x98\x1b[01m\x1b[Ktemplate<class _Tp, class ... _Types> constexpr std::add_pointer_t<_Tp> std::get_if(std::variant<_Types ...>*)\x1b[m\x1b[K\xe2\x80\x99\n'}
[208.522364] (workspace_gz) StderrLine: {'line': b' 1188 |       return \x1b[01;31m\x1b[Kstd::get_if<__detail::__variant::__index_of_v<_Tp, _Types...>>(\x1b[m\x1b[K\n'}
[208.522674] (workspace_gz) StderrLine: {'line': b'      |              \x1b[01;31m\x1b[K~~~~~~~~~~~~~~~~~~~~~~~~~~~~~~~~~~~~~~~~~~~~~~~~~~~~~~~~~~~~~~^\x1b[m\x1b[K\n'}
[208.522888] (workspace_gz) StderrLine: {'line': b' 1189 | \x1b[01;31m\x1b[K          __ptr)\x1b[m\x1b[K;\n'}
[208.523016] (workspace_gz) StderrLine: {'line': b'      |           \x1b[01;31m\x1b[K~~~~~~\x1b[m\x1b[K                                                            \n'}
[208.523153] (workspace_gz) StderrLine: {'line': b'\x1b[01m\x1b[K/usr/include/c++/11/variant:1188:76:\x1b[m\x1b[K \x1b[01;36m\x1b[Knote: \x1b[m\x1b[K  expected a type, got \xe2\x80\x98\x1b[01m\x1b[Kstd::__detail::__variant::__index_of_v<long unsigned int, std::monostate, int, float, double, std::__cxx11::basic_string<char, std::char_traits<char>, std::allocator<char> >, bool, unsigned int>\x1b[m\x1b[K\xe2\x80\x99\n'}
[208.544949] (-) TimerEvent: {}
[208.649384] (-) TimerEvent: {}
[208.689068] (workspace_gz) StderrLine: {'line': b'\x1b[01m\x1b[K/home/aliomacc/sti_usv/src/usv_sim/workspace_gz/plugins/LightBuoyPlugin.cc:\x1b[m\x1b[K In member function \xe2\x80\x98\x1b[01m\x1b[Kvirtual void vrx::LightBuoyPlugin::Configure(const Entity&, const std::shared_ptr<const sdf::v12::Element>&, ignition::gazebo::v6::EntityComponentManager&, ignition::gazebo::v6::EventManager&)\x1b[m\x1b[K\xe2\x80\x99:\n'}
[208.690473] (workspace_gz) StderrLine: {'line': b'\x1b[01m\x1b[K/home/aliomacc/sti_usv/src/usv_sim/workspace_gz/plugins/LightBuoyPlugin.cc:310:34:\x1b[m\x1b[K \x1b[01;35m\x1b[Kwarning: \x1b[m\x1b[Kunused parameter \xe2\x80\x98\x1b[01m\x1b[K_ecm\x1b[m\x1b[K\xe2\x80\x99 [\x1b[01;35m\x1b[K\x1b]8;;https://gcc.gnu.org/onlinedocs/gcc/Warning-Options.html#index-Wunused-parameter\x07-Wunused-parameter\x1b]8;;\x07\x1b[m\x1b[K]\n'}
[208.691088] (workspace_gz) StderrLine: {'line': b'  310 |     \x1b[01;35m\x1b[Ksim::EntityComponentManager &_ecm\x1b[m\x1b[K,\n'}
[208.691726] (workspace_gz) StderrLine: {'line': b'      |     \x1b[01;35m\x1b[K~~~~~~~~~~~~~~~~~~~~~~~~~~~~~^~~~\x1b[m\x1b[K\n'}
[208.700594] (workspace_gz) StderrLine: {'line': b'\x1b[01m\x1b[K/home/aliomacc/sti_usv/src/usv_sim/workspace_gz/plugins/LightBuoyPlugin.cc:\x1b[m\x1b[K In member function \xe2\x80\x98\x1b[01m\x1b[Kvirtual void vrx::LightBuoyPlugin::PreUpdate(const ignition::gazebo::v6::UpdateInfo&, ignition::gazebo::v6::EntityComponentManager&)\x1b[m\x1b[K\xe2\x80\x99:\n'}
[208.701074] (workspace_gz) StderrLine: {'line': b'\x1b[01m\x1b[K/home/aliomacc/sti_usv/src/usv_sim/workspace_gz/plugins/LightBuoyPlugin.cc:332:32:\x1b[m\x1b[K \x1b[01;35m\x1b[Kwarning: \x1b[m\x1b[Kunused parameter \xe2\x80\x98\x1b[01m\x1b[K_ecm\x1b[m\x1b[K\xe2\x80\x99 [\x1b[01;35m\x1b[K\x1b]8;;https://gcc.gnu.org/onlinedocs/gcc/Warning-Options.html#index-Wunused-parameter\x07-Wunused-parameter\x1b]8;;\x07\x1b[m\x1b[K]\n'}
[208.701445] (workspace_gz) StderrLine: {'line': b'  332 |   \x1b[01;35m\x1b[Ksim::EntityComponentManager &_ecm\x1b[m\x1b[K)\n'}
[208.701742] (workspace_gz) StderrLine: {'line': b'      |   \x1b[01;35m\x1b[K~~~~~~~~~~~~~~~~~~~~~~~~~~~~~^~~~\x1b[m\x1b[K\n'}
[208.751113] (-) TimerEvent: {}
[208.853805] (-) TimerEvent: {}
[208.955839] (-) TimerEvent: {}
[209.061229] (-) TimerEvent: {}
[209.165816] (-) TimerEvent: {}
[209.269818] (-) TimerEvent: {}
[209.370612] (-) TimerEvent: {}
[209.473347] (-) TimerEvent: {}
[209.581998] (-) TimerEvent: {}
[209.687761] (-) TimerEvent: {}
[209.798794] (-) TimerEvent: {}
[209.900720] (-) TimerEvent: {}
[210.006134] (-) TimerEvent: {}
[210.108580] (-) TimerEvent: {}
[210.212791] (-) TimerEvent: {}
[210.315616] (-) TimerEvent: {}
[210.417221] (-) TimerEvent: {}
[210.520814] (-) TimerEvent: {}
[210.624572] (-) TimerEvent: {}
[210.731322] (-) TimerEvent: {}
[210.838499] (-) TimerEvent: {}
[210.939993] (-) TimerEvent: {}
[211.042004] (-) TimerEvent: {}
[211.145677] (-) TimerEvent: {}
[211.250675] (-) TimerEvent: {}
[211.354642] (-) TimerEvent: {}
[211.460345] (-) TimerEvent: {}
[211.563043] (-) TimerEvent: {}
[211.667688] (-) TimerEvent: {}
[211.768881] (-) TimerEvent: {}
[211.870640] (-) TimerEvent: {}
[211.976597] (-) TimerEvent: {}
[212.077366] (-) TimerEvent: {}
[212.181351] (-) TimerEvent: {}
[212.282654] (-) TimerEvent: {}
[212.387834] (-) TimerEvent: {}
[212.495012] (-) TimerEvent: {}
[212.596028] (-) TimerEvent: {}
[212.654297] (workspace_gz) StdoutLine: {'line': b'[ 62%] \x1b[32m\x1b[1mLinking CXX shared library libPerceptionScoringPlugin.so\x1b[0m\n'}
[212.698590] (-) TimerEvent: {}
[212.800844] (-) TimerEvent: {}
[212.906135] (-) TimerEvent: {}
[213.007824] (-) TimerEvent: {}
[213.113069] (-) TimerEvent: {}
[213.214348] (-) TimerEvent: {}
[213.331594] (-) TimerEvent: {}
[213.436736] (-) TimerEvent: {}
[213.548802] (-) TimerEvent: {}
[213.653767] (-) TimerEvent: {}
[213.765797] (-) TimerEvent: {}
[213.872513] (-) TimerEvent: {}
[213.973597] (-) TimerEvent: {}
[214.077154] (-) TimerEvent: {}
[214.180762] (-) TimerEvent: {}
[214.285424] (-) TimerEvent: {}
[214.391411] (-) TimerEvent: {}
[214.492790] (-) TimerEvent: {}
[214.593507] (-) TimerEvent: {}
[214.696052] (-) TimerEvent: {}
[214.797198] (-) TimerEvent: {}
[214.901088] (-) TimerEvent: {}
[215.008589] (-) TimerEvent: {}
[215.109662] (-) TimerEvent: {}
[215.212257] (-) TimerEvent: {}
[215.314420] (-) TimerEvent: {}
[215.415664] (-) TimerEvent: {}
[215.519584] (-) TimerEvent: {}
[215.621044] (-) TimerEvent: {}
[215.724120] (-) TimerEvent: {}
[215.830645] (-) TimerEvent: {}
[215.931489] (-) TimerEvent: {}
[216.034661] (-) TimerEvent: {}
[216.139040] (-) TimerEvent: {}
[216.240623] (-) TimerEvent: {}
[216.341702] (-) TimerEvent: {}
[216.449631] (-) TimerEvent: {}
[216.553637] (-) TimerEvent: {}
[216.654979] (-) TimerEvent: {}
[216.755926] (workspace_gz) StdoutLine: {'line': b'[ 62%] Built target PerceptionScoringPlugin\n'}
[216.756350] (-) TimerEvent: {}
[216.860588] (-) TimerEvent: {}
[216.961226] (-) TimerEvent: {}
[217.062968] (-) TimerEvent: {}
[217.164277] (-) TimerEvent: {}
[217.268712] (-) TimerEvent: {}
[217.374163] (-) TimerEvent: {}
[217.475182] (-) TimerEvent: {}
[217.579766] (-) TimerEvent: {}
[217.683699] (-) TimerEvent: {}
[217.785144] (-) TimerEvent: {}
[217.886546] (-) TimerEvent: {}
[217.991515] (-) TimerEvent: {}
[218.096903] (-) TimerEvent: {}
[218.202557] (-) TimerEvent: {}
[218.303986] (-) TimerEvent: {}
[218.407933] (-) TimerEvent: {}
[218.509135] (-) TimerEvent: {}
[218.613728] (-) TimerEvent: {}
[218.668842] (workspace_gz) StderrLine: {'line': b'gmake[2]: *** [CMakeFiles/LightBuoyPlugin.dir/build.make:76: CMakeFiles/LightBuoyPlugin.dir/plugins/LightBuoyPlugin.cc.o] Error 1\n'}
[218.670195] (workspace_gz) StderrLine: {'line': b'gmake[1]: *** [CMakeFiles/Makefile2:527: CMakeFiles/LightBuoyPlugin.dir/all] Error 2\n'}
[218.671389] (workspace_gz) StderrLine: {'line': b'gmake[1]: *** Bitmemi\xc5\x9f i\xc5\x9fler i\xc3\xa7in bekliyor....\n'}
[218.713871] (-) TimerEvent: {}
[218.815006] (-) TimerEvent: {}
[218.919903] (-) TimerEvent: {}
[219.023544] (-) TimerEvent: {}
[219.126435] (-) TimerEvent: {}
[219.228152] (-) TimerEvent: {}
[219.329495] (-) TimerEvent: {}
[219.430373] (-) TimerEvent: {}
[219.531271] (-) TimerEvent: {}
[219.632585] (-) TimerEvent: {}
[219.736441] (-) TimerEvent: {}
[219.837814] (-) TimerEvent: {}
[219.878023] (workspace_gz) StderrLine: {'line': b'\x1b[01m\x1b[K/home/aliomacc/sti_usv/src/usv_sim/workspace_gz/plugins/PlacardPlugin.cc:\x1b[m\x1b[K In member function \xe2\x80\x98\x1b[01m\x1b[Kvirtual void vrx::PlacardPlugin::Configure(const Entity&, const std::shared_ptr<const sdf::v12::Element>&, ignition::gazebo::v6::EntityComponentManager&, ignition::gazebo::v6::EventManager&)\x1b[m\x1b[K\xe2\x80\x99:\n'}
[219.878639] (workspace_gz) StderrLine: {'line': b'\x1b[01m\x1b[K/home/aliomacc/sti_usv/src/usv_sim/workspace_gz/plugins/PlacardPlugin.cc:157:34:\x1b[m\x1b[K \x1b[01;35m\x1b[Kwarning: \x1b[m\x1b[Kunused parameter \xe2\x80\x98\x1b[01m\x1b[K_ecm\x1b[m\x1b[K\xe2\x80\x99 [\x1b[01;35m\x1b[K\x1b]8;;https://gcc.gnu.org/onlinedocs/gcc/Warning-Options.html#index-Wunused-parameter\x07-Wunused-parameter\x1b]8;;\x07\x1b[m\x1b[K]\n'}
[219.878922] (workspace_gz) StderrLine: {'line': b'  157 |     \x1b[01;35m\x1b[Ksim::EntityComponentManager &_ecm\x1b[m\x1b[K,\n'}
[219.879130] (workspace_gz) StderrLine: {'line': b'      |     \x1b[01;35m\x1b[K~~~~~~~~~~~~~~~~~~~~~~~~~~~~~^~~~\x1b[m\x1b[K\n'}
[219.938302] (-) TimerEvent: {}
[220.025768] (workspace_gz) StderrLine: {'line': b'In file included from \x1b[01m\x1b[K/usr/include/ignition/rendering6/gz/rendering/Node.hh:22\x1b[m\x1b[K,\n'}
[220.026151] (workspace_gz) StderrLine: {'line': b'                 from \x1b[01m\x1b[K/usr/include/ignition/rendering6/gz/rendering/Storage.hh:24\x1b[m\x1b[K,\n'}
[220.026351] (workspace_gz) StderrLine: {'line': b'                 from \x1b[01m\x1b[K/usr/include/ignition/rendering6/gz/rendering/Scene.hh:34\x1b[m\x1b[K,\n'}
[220.026546] (workspace_gz) StderrLine: {'line': b'                 from \x1b[01m\x1b[K/usr/include/ignition/rendering6/ignition/rendering/Scene.hh:18\x1b[m\x1b[K,\n'}
[220.027062] (workspace_gz) StderrLine: {'line': b'                 from \x1b[01m\x1b[K/home/aliomacc/sti_usv/src/usv_sim/workspace_gz/plugins/PlacardPlugin.cc:31\x1b[m\x1b[K:\n'}
[220.027311] (workspace_gz) StderrLine: {'line': b'/usr/include/c++/11/variant: In instantiation of \xe2\x80\x98\x1b[01m\x1b[Kconstexpr std::add_pointer_t<_Tp> std::get_if(std::variant<_Types ...>*) [with _Tp = long unsigned int; _Types = {std::monostate, int, float, double, std::__cxx11::basic_string<char, std::char_traits<char>, std::allocator<char> >, bool, unsigned int}; std::add_pointer_t<_Tp> = long unsigned int*]\x1b[m\x1b[K\xe2\x80\x99:\n'}
[220.027573] (workspace_gz) StderrLine: {'line': b'\x1b[01m\x1b[K/home/aliomacc/sti_usv/src/usv_sim/workspace_gz/plugins/PlacardPlugin.cc:344:54:\x1b[m\x1b[K   required from here\n'}
[220.027762] (workspace_gz) StderrLine: {'line': b'\x1b[01m\x1b[K/usr/include/c++/11/variant:1185:42:\x1b[m\x1b[K \x1b[01;31m\x1b[Kerror: \x1b[m\x1b[Kstatic assertion failed: T must occur exactly once in alternatives\n'}
[220.029508] (workspace_gz) StderrLine: {'line': b' 1185 |       static_assert(\x1b[01;31m\x1b[K__detail::__variant::__exactly_once<_Tp, _Types...>\x1b[m\x1b[K,\n'}
[220.029807] (workspace_gz) StderrLine: {'line': b'      |                     \x1b[01;31m\x1b[K~~~~~~~~~~~~~~~~~~~~~^~~~~~~~~~~~~~~~~~~~~~~~~~~~~~\x1b[m\x1b[K\n'}
[220.030253] (workspace_gz) StderrLine: {'line': b'\x1b[01m\x1b[K/usr/include/c++/11/variant:1185:42:\x1b[m\x1b[K \x1b[01;36m\x1b[Knote: \x1b[m\x1b[K\xe2\x80\x98\x1b[01m\x1b[Kstd::__detail::__variant::__exactly_once<long unsigned int, std::monostate, int, float, double, std::__cxx11::basic_string<char, std::char_traits<char>, std::allocator<char> >, bool, unsigned int>\x1b[m\x1b[K\xe2\x80\x99 evaluates to false\n'}
[220.031787] (workspace_gz) StderrLine: {'line': b'/usr/include/c++/11/variant: In instantiation of \xe2\x80\x98\x1b[01m\x1b[Kstruct std::variant_alternative<1, std::variant<unsigned int> >\x1b[m\x1b[K\xe2\x80\x99:\n'}
[220.032255] (workspace_gz) StderrLine: {'line': b'\x1b[01m\x1b[K/usr/include/c++/11/variant:103:12:\x1b[m\x1b[K   recursively required from \xe2\x80\x98\x1b[01m\x1b[Kstruct std::variant_alternative<6, std::variant<int, float, double, std::__cxx11::basic_string<char, std::char_traits<char>, std::allocator<char> >, bool, unsigned int> >\x1b[m\x1b[K\xe2\x80\x99\n'}
[220.032769] (workspace_gz) StderrLine: {'line': b'\x1b[01m\x1b[K/usr/include/c++/11/variant:103:12:\x1b[m\x1b[K   required from \xe2\x80\x98\x1b[01m\x1b[Kstruct std::variant_alternative<7, std::variant<std::monostate, int, float, double, std::__cxx11::basic_string<char, std::char_traits<char>, std::allocator<char> >, bool, unsigned int> >\x1b[m\x1b[K\xe2\x80\x99\n'}
[220.033200] (workspace_gz) StderrLine: {'line': b'\x1b[01m\x1b[K/usr/include/c++/11/variant:1170:5:\x1b[m\x1b[K   required by substitution of \xe2\x80\x98\x1b[01m\x1b[Ktemplate<long unsigned int _Np, class ... _Types> constexpr std::add_pointer_t<const typename std::variant_alternative<_Np, std::variant<_Types ...> >::type> std::get_if(const std::variant<_Types ...>*) [with long unsigned int _Np = 7; _Types = {std::monostate, int, float, double, std::__cxx11::basic_string<char, std::char_traits<char>, std::allocator<char> >, bool, unsigned int}]\x1b[m\x1b[K\xe2\x80\x99\n'}
[220.034010] (workspace_gz) StderrLine: {'line': b'\x1b[01m\x1b[K/usr/include/c++/11/variant:1188:76:\x1b[m\x1b[K   required from \xe2\x80\x98\x1b[01m\x1b[Kconstexpr std::add_pointer_t<_Tp> std::get_if(std::variant<_Types ...>*) [with _Tp = long unsigned int; _Types = {std::monostate, int, float, double, std::__cxx11::basic_string<char, std::char_traits<char>, std::allocator<char> >, bool, unsigned int}; std::add_pointer_t<_Tp> = long unsigned int*]\x1b[m\x1b[K\xe2\x80\x99\n'}
[220.034576] (workspace_gz) StderrLine: {'line': b'\x1b[01m\x1b[K/home/aliomacc/sti_usv/src/usv_sim/workspace_gz/plugins/PlacardPlugin.cc:344:54:\x1b[m\x1b[K   required from here\n'}
[220.035699] (workspace_gz) StderrLine: {'line': b'\x1b[01m\x1b[K/usr/include/c++/11/variant:103:12:\x1b[m\x1b[K \x1b[01;31m\x1b[Kerror: \x1b[m\x1b[Kinvalid use of incomplete type \xe2\x80\x98\x1b[01m\x1b[Kstruct std::variant_alternative<0, std::variant<> >\x1b[m\x1b[K\xe2\x80\x99\n'}
[220.036027] (workspace_gz) StderrLine: {'line': b'  103 |     struct \x1b[01;31m\x1b[Kvariant_alternative<_Np, variant<_First, _Rest...>>\x1b[m\x1b[K\n'}
[220.036300] (workspace_gz) StderrLine: {'line': b'      |            \x1b[01;31m\x1b[K^~~~~~~~~~~~~~~~~~~~~~~~~~~~~~~~~~~~~~~~~~~~~~~~~~~\x1b[m\x1b[K\n'}
[220.036565] (workspace_gz) StderrLine: {'line': b'\x1b[01m\x1b[K/usr/include/c++/11/variant:100:12:\x1b[m\x1b[K \x1b[01;36m\x1b[Knote: \x1b[m\x1b[Kdeclaration of \xe2\x80\x98\x1b[01m\x1b[Kstruct std::variant_alternative<0, std::variant<> >\x1b[m\x1b[K\xe2\x80\x99\n'}
[220.036925] (workspace_gz) StderrLine: {'line': b'  100 |     struct \x1b[01;36m\x1b[Kvariant_alternative\x1b[m\x1b[K;\n'}
[220.037296] (workspace_gz) StderrLine: {'line': b'      |            \x1b[01;36m\x1b[K^~~~~~~~~~~~~~~~~~~\x1b[m\x1b[K\n'}
[220.039580] (-) TimerEvent: {}
[220.040788] (workspace_gz) StderrLine: {'line': b'/usr/include/c++/11/variant: In instantiation of \xe2\x80\x98\x1b[01m\x1b[Kconstexpr std::add_pointer_t<_Tp> std::get_if(std::variant<_Types ...>*) [with _Tp = long unsigned int; _Types = {std::monostate, int, float, double, std::__cxx11::basic_string<char, std::char_traits<char>, std::allocator<char> >, bool, unsigned int}; std::add_pointer_t<_Tp> = long unsigned int*]\x1b[m\x1b[K\xe2\x80\x99:\n'}
[220.041507] (workspace_gz) StderrLine: {'line': b'\x1b[01m\x1b[K/home/aliomacc/sti_usv/src/usv_sim/workspace_gz/plugins/PlacardPlugin.cc:344:54:\x1b[m\x1b[K   required from here\n'}
[220.042026] (workspace_gz) StderrLine: {'line': b'\x1b[01m\x1b[K/usr/include/c++/11/variant:1188:76:\x1b[m\x1b[K \x1b[01;31m\x1b[Kerror: \x1b[m\x1b[Kno matching function for call to \xe2\x80\x98\x1b[01m\x1b[Kget_if<std::__detail::__variant::__index_of_v<long unsigned int, std::monostate, int, float, double, std::__cxx11::basic_string<char, std::char_traits<char>, std::allocator<char> >, bool, unsigned int> >(std::variant<std::monostate, int, float, double, std::__cxx11::basic_string<char, std::char_traits<char>, std::allocator<char> >, bool, unsigned int>*&)\x1b[m\x1b[K\xe2\x80\x99\n'}
[220.042290] (workspace_gz) StderrLine: {'line': b' 1188 |       return \x1b[01;31m\x1b[Kstd::get_if<__detail::__variant::__index_of_v<_Tp, _Types...>>(\x1b[m\x1b[K\n'}
[220.042737] (workspace_gz) StderrLine: {'line': b'      |              \x1b[01;31m\x1b[K~~~~~~~~~~~~~~~~~~~~~~~~~~~~~~~~~~~~~~~~~~~~~~~~~~~~~~~~~~~~~~^\x1b[m\x1b[K\n'}
[220.043063] (workspace_gz) StderrLine: {'line': b' 1189 | \x1b[01;31m\x1b[K          __ptr)\x1b[m\x1b[K;\n'}
[220.043316] (workspace_gz) StderrLine: {'line': b'      |           \x1b[01;31m\x1b[K~~~~~~\x1b[m\x1b[K                                                            \n'}
[220.043716] (workspace_gz) StderrLine: {'line': b'\x1b[01m\x1b[K/usr/include/c++/11/variant:1156:5:\x1b[m\x1b[K \x1b[01;36m\x1b[Knote: \x1b[m\x1b[Kcandidate: \xe2\x80\x98\x1b[01m\x1b[Ktemplate<long unsigned int _Np, class ... _Types> constexpr std::add_pointer_t<typename std::variant_alternative<_Np, std::variant<_Types ...> >::type> std::get_if(std::variant<_Types ...>*)\x1b[m\x1b[K\xe2\x80\x99\n'}
[220.044235] (workspace_gz) StderrLine: {'line': b' 1156 |     \x1b[01;36m\x1b[Kget_if\x1b[m\x1b[K(variant<_Types...>* __ptr) noexcept\n'}
[220.044791] (workspace_gz) StderrLine: {'line': b'      |     \x1b[01;36m\x1b[K^~~~~~\x1b[m\x1b[K\n'}
[220.045151] (workspace_gz) StderrLine: {'line': b'\x1b[01m\x1b[K/usr/include/c++/11/variant:1156:5:\x1b[m\x1b[K \x1b[01;36m\x1b[Knote: \x1b[m\x1b[K  template argument deduction/substitution failed:\n'}
[220.045549] (workspace_gz) StderrLine: {'line': b'/usr/include/c++/11/variant: In substitution of \xe2\x80\x98\x1b[01m\x1b[Ktemplate<long unsigned int _Np, class ... _Types> constexpr std::add_pointer_t<typename std::variant_alternative<_Np, std::variant<_Types ...> >::type> std::get_if(std::variant<_Types ...>*) [with long unsigned int _Np = 7; _Types = {std::monostate, int, float, double, std::__cxx11::basic_string<char, std::char_traits<char>, std::allocator<char> >, bool, unsigned int}]\x1b[m\x1b[K\xe2\x80\x99:\n'}
[220.045875] (workspace_gz) StderrLine: {'line': b'\x1b[01m\x1b[K/usr/include/c++/11/variant:1188:76:\x1b[m\x1b[K   required from \xe2\x80\x98\x1b[01m\x1b[Kconstexpr std::add_pointer_t<_Tp> std::get_if(std::variant<_Types ...>*) [with _Tp = long unsigned int; _Types = {std::monostate, int, float, double, std::__cxx11::basic_string<char, std::char_traits<char>, std::allocator<char> >, bool, unsigned int}; std::add_pointer_t<_Tp> = long unsigned int*]\x1b[m\x1b[K\xe2\x80\x99\n'}
[220.046189] (workspace_gz) StderrLine: {'line': b'\x1b[01m\x1b[K/home/aliomacc/sti_usv/src/usv_sim/workspace_gz/plugins/PlacardPlugin.cc:344:54:\x1b[m\x1b[K   required from here\n'}
[220.046584] (workspace_gz) StderrLine: {'line': b'\x1b[01m\x1b[K/usr/include/c++/11/variant:1156:5:\x1b[m\x1b[K \x1b[01;31m\x1b[Kerror: \x1b[m\x1b[Kno type named \xe2\x80\x98\x1b[01m\x1b[Ktype\x1b[m\x1b[K\xe2\x80\x99 in \xe2\x80\x98\x1b[01m\x1b[Kstruct std::variant_alternative<7, std::variant<std::monostate, int, float, double, std::__cxx11::basic_string<char, std::char_traits<char>, std::allocator<char> >, bool, unsigned int> >\x1b[m\x1b[K\xe2\x80\x99\n'}
[220.047535] (workspace_gz) StderrLine: {'line': b'/usr/include/c++/11/variant: In instantiation of \xe2\x80\x98\x1b[01m\x1b[Kconstexpr std::add_pointer_t<_Tp> std::get_if(std::variant<_Types ...>*) [with _Tp = long unsigned int; _Types = {std::monostate, int, float, double, std::__cxx11::basic_string<char, std::char_traits<char>, std::allocator<char> >, bool, unsigned int}; std::add_pointer_t<_Tp> = long unsigned int*]\x1b[m\x1b[K\xe2\x80\x99:\n'}
[220.048497] (workspace_gz) StderrLine: {'line': b'\x1b[01m\x1b[K/home/aliomacc/sti_usv/src/usv_sim/workspace_gz/plugins/PlacardPlugin.cc:344:54:\x1b[m\x1b[K   required from here\n'}
[220.050131] (workspace_gz) StderrLine: {'line': b'\x1b[01m\x1b[K/usr/include/c++/11/variant:1170:5:\x1b[m\x1b[K \x1b[01;36m\x1b[Knote: \x1b[m\x1b[Kcandidate: \xe2\x80\x98\x1b[01m\x1b[Ktemplate<long unsigned int _Np, class ... _Types> constexpr std::add_pointer_t<const typename std::variant_alternative<_Np, std::variant<_Types ...> >::type> std::get_if(const std::variant<_Types ...>*)\x1b[m\x1b[K\xe2\x80\x99\n'}
[220.054056] (workspace_gz) StderrLine: {'line': b' 1170 |     \x1b[01;36m\x1b[Kget_if\x1b[m\x1b[K(const variant<_Types...>* __ptr) noexcept\n'}
[220.054298] (workspace_gz) StderrLine: {'line': b'      |     \x1b[01;36m\x1b[K^~~~~~\x1b[m\x1b[K\n'}
[220.054504] (workspace_gz) StderrLine: {'line': b'\x1b[01m\x1b[K/usr/include/c++/11/variant:1170:5:\x1b[m\x1b[K \x1b[01;36m\x1b[Knote: \x1b[m\x1b[K  substitution of deduced template arguments resulted in errors seen above\n'}
[220.054705] (workspace_gz) StderrLine: {'line': b'\x1b[01m\x1b[K/usr/include/c++/11/variant:1183:5:\x1b[m\x1b[K \x1b[01;36m\x1b[Knote: \x1b[m\x1b[Kcandidate: \xe2\x80\x98\x1b[01m\x1b[Ktemplate<class _Tp, class ... _Types> constexpr std::add_pointer_t<_Tp> std::get_if(std::variant<_Types ...>*)\x1b[m\x1b[K\xe2\x80\x99\n'}
[220.054892] (workspace_gz) StderrLine: {'line': b' 1183 |     \x1b[01;36m\x1b[Kget_if\x1b[m\x1b[K(variant<_Types...>* __ptr) noexcept\n'}
[220.055074] (workspace_gz) StderrLine: {'line': b'      |     \x1b[01;36m\x1b[K^~~~~~\x1b[m\x1b[K\n'}
[220.055247] (workspace_gz) StderrLine: {'line': b'\x1b[01m\x1b[K/usr/include/c++/11/variant:1183:5:\x1b[m\x1b[K \x1b[01;36m\x1b[Knote: \x1b[m\x1b[K  template argument deduction/substitution failed:\n'}
[220.055424] (workspace_gz) StderrLine: {'line': b'\x1b[01m\x1b[K/usr/include/c++/11/variant:1188:76:\x1b[m\x1b[K \x1b[01;31m\x1b[Kerror: \x1b[m\x1b[Ktype/value mismatch at argument 1 in template parameter list for \xe2\x80\x98\x1b[01m\x1b[Ktemplate<class _Tp, class ... _Types> constexpr std::add_pointer_t<_Tp> std::get_if(std::variant<_Types ...>*)\x1b[m\x1b[K\xe2\x80\x99\n'}
[220.055661] (workspace_gz) StderrLine: {'line': b' 1188 |       return \x1b[01;31m\x1b[Kstd::get_if<__detail::__variant::__index_of_v<_Tp, _Types...>>(\x1b[m\x1b[K\n'}
[220.055840] (workspace_gz) StderrLine: {'line': b'      |              \x1b[01;31m\x1b[K~~~~~~~~~~~~~~~~~~~~~~~~~~~~~~~~~~~~~~~~~~~~~~~~~~~~~~~~~~~~~~^\x1b[m\x1b[K\n'}
[220.056034] (workspace_gz) StderrLine: {'line': b' 1189 | \x1b[01;31m\x1b[K          __ptr)\x1b[m\x1b[K;\n'}
[220.056215] (workspace_gz) StderrLine: {'line': b'      |           \x1b[01;31m\x1b[K~~~~~~\x1b[m\x1b[K                                                            \n'}
[220.056390] (workspace_gz) StderrLine: {'line': b'\x1b[01m\x1b[K/usr/include/c++/11/variant:1188:76:\x1b[m\x1b[K \x1b[01;36m\x1b[Knote: \x1b[m\x1b[K  expected a type, got \xe2\x80\x98\x1b[01m\x1b[Kstd::__detail::__variant::__index_of_v<long unsigned int, std::monostate, int, float, double, std::__cxx11::basic_string<char, std::char_traits<char>, std::allocator<char> >, bool, unsigned int>\x1b[m\x1b[K\xe2\x80\x99\n'}
[220.097646] (workspace_gz) StderrLine: {'line': b'\x1b[01m\x1b[K/home/aliomacc/sti_usv/src/usv_sim/workspace_gz/plugins/PlacardPlugin.cc:\x1b[m\x1b[K In member function \xe2\x80\x98\x1b[01m\x1b[Kvoid vrx::PlacardPlugin::Implementation::ChangeSymbol(const ignition::msgs::Empty&)\x1b[m\x1b[K\xe2\x80\x99:\n'}
[220.098998] (workspace_gz) StderrLine: {'line': b'\x1b[01m\x1b[K/home/aliomacc/sti_usv/src/usv_sim/workspace_gz/plugins/PlacardPlugin.cc:436:69:\x1b[m\x1b[K \x1b[01;35m\x1b[Kwarning: \x1b[m\x1b[Kunused parameter \xe2\x80\x98\x1b[01m\x1b[K_msg\x1b[m\x1b[K\xe2\x80\x99 [\x1b[01;35m\x1b[K\x1b]8;;https://gcc.gnu.org/onlinedocs/gcc/Warning-Options.html#index-Wunused-parameter\x07-Wunused-parameter\x1b]8;;\x07\x1b[m\x1b[K]\n'}
[220.099445] (workspace_gz) StderrLine: {'line': b'  436 | void PlacardPlugin::Implementation::ChangeSymbol(\x1b[01;35m\x1b[Kconst msgs::Empty &_msg\x1b[m\x1b[K)\n'}
[220.099912] (workspace_gz) StderrLine: {'line': b'      |                                                  \x1b[01;35m\x1b[K~~~~~~~~~~~~~~~~~~~^~~~\x1b[m\x1b[K\n'}
[220.139709] (-) TimerEvent: {}
[220.243777] (-) TimerEvent: {}
[220.344841] (-) TimerEvent: {}
[220.446880] (-) TimerEvent: {}
[220.547954] (-) TimerEvent: {}
[220.650268] (-) TimerEvent: {}
[220.755027] (-) TimerEvent: {}
[220.857438] (-) TimerEvent: {}
[220.958788] (-) TimerEvent: {}
[221.062673] (-) TimerEvent: {}
[221.165784] (-) TimerEvent: {}
[221.267069] (-) TimerEvent: {}
[221.370570] (-) TimerEvent: {}
[221.471394] (-) TimerEvent: {}
[221.572256] (-) TimerEvent: {}
[221.674197] (-) TimerEvent: {}
[221.776666] (-) TimerEvent: {}
[221.877451] (-) TimerEvent: {}
[221.978653] (-) TimerEvent: {}
[222.082200] (-) TimerEvent: {}
[222.183314] (-) TimerEvent: {}
[222.284277] (-) TimerEvent: {}
[222.389284] (-) TimerEvent: {}
[222.490669] (-) TimerEvent: {}
[222.596438] (-) TimerEvent: {}
[222.698793] (-) TimerEvent: {}
[222.800579] (-) TimerEvent: {}
[222.904678] (-) TimerEvent: {}
[223.006167] (-) TimerEvent: {}
[223.109867] (-) TimerEvent: {}
[223.211099] (-) TimerEvent: {}
[223.311958] (-) TimerEvent: {}
[223.414128] (-) TimerEvent: {}
[223.515531] (-) TimerEvent: {}
[223.527600] (workspace_gz) StderrLine: {'line': b'\x1b[01m\x1b[K/home/aliomacc/sti_usv/src/usv_sim/workspace_gz/plugins/BallShooterPlugin.cc:\x1b[m\x1b[K In member function \xe2\x80\x98\x1b[01m\x1b[Kvirtual void vrx::BallShooterPlugin::Configure(const Entity&, const std::shared_ptr<const sdf::v12::Element>&, ignition::gazebo::v6::EntityComponentManager&, ignition::gazebo::v6::EventManager&)\x1b[m\x1b[K\xe2\x80\x99:\n'}
[223.530130] (workspace_gz) StderrLine: {'line': b'\x1b[01m\x1b[K/home/aliomacc/sti_usv/src/usv_sim/workspace_gz/plugins/BallShooterPlugin.cc:90:54:\x1b[m\x1b[K \x1b[01;35m\x1b[Kwarning: \x1b[m\x1b[Kunused parameter \xe2\x80\x98\x1b[01m\x1b[K_entity\x1b[m\x1b[K\xe2\x80\x99 [\x1b[01;35m\x1b[K\x1b]8;;https://gcc.gnu.org/onlinedocs/gcc/Warning-Options.html#index-Wunused-parameter\x07-Wunused-parameter\x1b]8;;\x07\x1b[m\x1b[K]\n'}
[223.532957] (workspace_gz) StderrLine: {'line': b'   90 | void BallShooterPlugin::Configure(\x1b[01;35m\x1b[Kconst sim::Entity &_entity\x1b[m\x1b[K,\n'}
[223.536244] (workspace_gz) StderrLine: {'line': b'      |                                   \x1b[01;35m\x1b[K~~~~~~~~~~~~~~~~~~~^~~~~~~\x1b[m\x1b[K\n'}
[223.536894] (workspace_gz) StderrLine: {'line': b'\x1b[01m\x1b[K/home/aliomacc/sti_usv/src/usv_sim/workspace_gz/plugins/BallShooterPlugin.cc:92:57:\x1b[m\x1b[K \x1b[01;35m\x1b[Kwarning: \x1b[m\x1b[Kunused parameter \xe2\x80\x98\x1b[01m\x1b[K_eventMgr\x1b[m\x1b[K\xe2\x80\x99 [\x1b[01;35m\x1b[K\x1b]8;;https://gcc.gnu.org/onlinedocs/gcc/Warning-Options.html#index-Wunused-parameter\x07-Wunused-parameter\x1b]8;;\x07\x1b[m\x1b[K]\n'}
[223.537295] (workspace_gz) StderrLine: {'line': b'   92 |   sim::EntityComponentManager &_ecm, \x1b[01;35m\x1b[Ksim::EventManager &_eventMgr\x1b[m\x1b[K)\n'}
[223.537629] (workspace_gz) StderrLine: {'line': b'      |                                      \x1b[01;35m\x1b[K~~~~~~~~~~~~~~~~~~~^~~~~~~~~\x1b[m\x1b[K\n'}
[223.544068] (workspace_gz) StderrLine: {'line': b'\x1b[01m\x1b[K/home/aliomacc/sti_usv/src/usv_sim/workspace_gz/plugins/BallShooterPlugin.cc:\x1b[m\x1b[K In member function \xe2\x80\x98\x1b[01m\x1b[Kvoid vrx::BallShooterPlugin::Implementation::OnFire(const ignition::msgs::Boolean&)\x1b[m\x1b[K\xe2\x80\x99:\n'}
[223.544526] (workspace_gz) StderrLine: {'line': b'\x1b[01m\x1b[K/home/aliomacc/sti_usv/src/usv_sim/workspace_gz/plugins/BallShooterPlugin.cc:292:69:\x1b[m\x1b[K \x1b[01;35m\x1b[Kwarning: \x1b[m\x1b[Kunused parameter \xe2\x80\x98\x1b[01m\x1b[K_msg\x1b[m\x1b[K\xe2\x80\x99 [\x1b[01;35m\x1b[K\x1b]8;;https://gcc.gnu.org/onlinedocs/gcc/Warning-Options.html#index-Wunused-parameter\x07-Wunused-parameter\x1b]8;;\x07\x1b[m\x1b[K]\n'}
[223.544914] (workspace_gz) StderrLine: {'line': b'  292 | void BallShooterPlugin::Implementation::OnFire(\x1b[01;35m\x1b[Kconst msgs::Boolean &_msg\x1b[m\x1b[K)\n'}
[223.545231] (workspace_gz) StderrLine: {'line': b'      |                                                \x1b[01;35m\x1b[K~~~~~~~~~~~~~~~~~~~~~^~~~\x1b[m\x1b[K\n'}
[223.615730] (-) TimerEvent: {}
[223.718018] (-) TimerEvent: {}
[223.825291] (-) TimerEvent: {}
[223.926500] (-) TimerEvent: {}
[224.028706] (-) TimerEvent: {}
[224.131756] (-) TimerEvent: {}
[224.236322] (-) TimerEvent: {}
[224.338426] (-) TimerEvent: {}
[224.439507] (-) TimerEvent: {}
[224.543789] (-) TimerEvent: {}
[224.648675] (-) TimerEvent: {}
[224.750742] (-) TimerEvent: {}
[224.859912] (-) TimerEvent: {}
[224.968940] (-) TimerEvent: {}
[225.069963] (-) TimerEvent: {}
[225.170594] (-) TimerEvent: {}
[225.273236] (-) TimerEvent: {}
[225.379189] (-) TimerEvent: {}
[225.480961] (-) TimerEvent: {}
[225.585558] (-) TimerEvent: {}
[225.688723] (-) TimerEvent: {}
[225.789396] (-) TimerEvent: {}
[225.890947] (-) TimerEvent: {}
[225.992028] (-) TimerEvent: {}
[226.096859] (-) TimerEvent: {}
[226.198098] (-) TimerEvent: {}
[226.300970] (-) TimerEvent: {}
[226.404852] (-) TimerEvent: {}
[226.508607] (-) TimerEvent: {}
[226.609797] (-) TimerEvent: {}
[226.715676] (-) TimerEvent: {}
[226.816371] (-) TimerEvent: {}
[226.917905] (-) TimerEvent: {}
[227.020113] (-) TimerEvent: {}
[227.121750] (-) TimerEvent: {}
[227.223842] (-) TimerEvent: {}
[227.325087] (-) TimerEvent: {}
[227.425630] (-) TimerEvent: {}
[227.527908] (-) TimerEvent: {}
[227.631563] (-) TimerEvent: {}
[227.736596] (-) TimerEvent: {}
[227.796421] (workspace_gz) StderrLine: {'line': b'gmake[2]: *** [CMakeFiles/PlacardPlugin.dir/build.make:76: CMakeFiles/PlacardPlugin.dir/plugins/PlacardPlugin.cc.o] Error 1\n'}
[227.798071] (workspace_gz) StderrLine: {'line': b'gmake[1]: *** [CMakeFiles/Makefile2:635: CMakeFiles/PlacardPlugin.dir/all] Error 2\n'}
[227.836960] (-) TimerEvent: {}
[227.938631] (-) TimerEvent: {}
[228.039577] (-) TimerEvent: {}
[228.141589] (-) TimerEvent: {}
[228.243139] (-) TimerEvent: {}
[228.344766] (-) TimerEvent: {}
[228.445903] (-) TimerEvent: {}
[228.546912] (-) TimerEvent: {}
[228.648491] (-) TimerEvent: {}
[228.749804] (-) TimerEvent: {}
[228.850817] (-) TimerEvent: {}
[228.951428] (-) TimerEvent: {}
[229.053550] (-) TimerEvent: {}
[229.154209] (-) TimerEvent: {}
[229.255065] (-) TimerEvent: {}
[229.356657] (-) TimerEvent: {}
[229.457556] (-) TimerEvent: {}
[229.560567] (-) TimerEvent: {}
[229.661055] (-) TimerEvent: {}
[229.761730] (-) TimerEvent: {}
[229.863310] (-) TimerEvent: {}
[229.964364] (-) TimerEvent: {}
[230.065111] (-) TimerEvent: {}
[230.166397] (-) TimerEvent: {}
[230.267916] (-) TimerEvent: {}
[230.370530] (-) TimerEvent: {}
[230.472145] (-) TimerEvent: {}
[230.574247] (-) TimerEvent: {}
[230.677159] (-) TimerEvent: {}
[230.778382] (-) TimerEvent: {}
[230.879260] (-) TimerEvent: {}
[230.980689] (-) TimerEvent: {}
[231.082001] (-) TimerEvent: {}
[231.184778] (-) TimerEvent: {}
[231.285789] (-) TimerEvent: {}
[231.388218] (-) TimerEvent: {}
[231.490551] (-) TimerEvent: {}
[231.591886] (-) TimerEvent: {}
[231.693105] (-) TimerEvent: {}
[231.793561] (-) TimerEvent: {}
[231.894116] (-) TimerEvent: {}
[231.994820] (-) TimerEvent: {}
[232.095629] (-) TimerEvent: {}
[232.196597] (-) TimerEvent: {}
[232.297333] (-) TimerEvent: {}
[232.398665] (-) TimerEvent: {}
[232.499416] (-) TimerEvent: {}
[232.600638] (-) TimerEvent: {}
[232.701419] (-) TimerEvent: {}
[232.802258] (-) TimerEvent: {}
[232.903354] (-) TimerEvent: {}
[233.003873] (-) TimerEvent: {}
[233.109402] (-) TimerEvent: {}
[233.210773] (-) TimerEvent: {}
[233.313427] (-) TimerEvent: {}
[233.415094] (-) TimerEvent: {}
[233.516073] (-) TimerEvent: {}
[233.617771] (-) TimerEvent: {}
[233.718733] (-) TimerEvent: {}
[233.819844] (-) TimerEvent: {}
[233.920743] (-) TimerEvent: {}
[234.021854] (-) TimerEvent: {}
[234.122313] (-) TimerEvent: {}
[234.222920] (-) TimerEvent: {}
[234.323673] (-) TimerEvent: {}
[234.425048] (-) TimerEvent: {}
[234.443760] (workspace_gz) StdoutLine: {'line': b'[ 64%] \x1b[32mBuilding CXX object CMakeFiles/GymkhanaScoringPlugin.dir/plugins/WaypointMarkers.cc.o\x1b[0m\n'}
[234.525426] (-) TimerEvent: {}
[234.626698] (-) TimerEvent: {}
[234.727849] (-) TimerEvent: {}
[234.829344] (-) TimerEvent: {}
[234.930562] (-) TimerEvent: {}
[235.034840] (-) TimerEvent: {}
[235.136009] (-) TimerEvent: {}
[235.237244] (-) TimerEvent: {}
[235.338582] (-) TimerEvent: {}
[235.439624] (-) TimerEvent: {}
[235.540231] (-) TimerEvent: {}
[235.642119] (-) TimerEvent: {}
[235.744633] (-) TimerEvent: {}
[235.846718] (-) TimerEvent: {}
[235.948141] (-) TimerEvent: {}
[236.050747] (-) TimerEvent: {}
[236.152541] (-) TimerEvent: {}
[236.257323] (-) TimerEvent: {}
[236.363197] (-) TimerEvent: {}
[236.464511] (-) TimerEvent: {}
[236.566478] (-) TimerEvent: {}
[236.667381] (-) TimerEvent: {}
[236.768207] (-) TimerEvent: {}
[236.869169] (-) TimerEvent: {}
[236.971264] (-) TimerEvent: {}
[237.073984] (-) TimerEvent: {}
[237.176950] (-) TimerEvent: {}
[237.277617] (-) TimerEvent: {}
[237.378752] (-) TimerEvent: {}
[237.482046] (-) TimerEvent: {}
[237.583256] (-) TimerEvent: {}
[237.684410] (-) TimerEvent: {}
[237.785690] (-) TimerEvent: {}
[237.886722] (-) TimerEvent: {}
[237.988146] (-) TimerEvent: {}
[238.089779] (-) TimerEvent: {}
[238.191821] (-) TimerEvent: {}
[238.293825] (-) TimerEvent: {}
[238.394712] (-) TimerEvent: {}
[238.495246] (-) TimerEvent: {}
[238.595975] (-) TimerEvent: {}
[238.696874] (-) TimerEvent: {}
[238.797528] (-) TimerEvent: {}
[238.898587] (-) TimerEvent: {}
[238.999603] (-) TimerEvent: {}
[239.103135] (-) TimerEvent: {}
[239.204941] (-) TimerEvent: {}
[239.305560] (-) TimerEvent: {}
[239.406541] (-) TimerEvent: {}
[239.512420] (-) TimerEvent: {}
[239.613999] (-) TimerEvent: {}
[239.718325] (-) TimerEvent: {}
[239.819576] (-) TimerEvent: {}
[239.921076] (-) TimerEvent: {}
[240.022613] (-) TimerEvent: {}
[240.123722] (-) TimerEvent: {}
[240.227011] (-) TimerEvent: {}
[240.327611] (-) TimerEvent: {}
[240.428523] (-) TimerEvent: {}
[240.529246] (-) TimerEvent: {}
[240.629871] (-) TimerEvent: {}
[240.731533] (-) TimerEvent: {}
[240.832897] (-) TimerEvent: {}
[240.934405] (-) TimerEvent: {}
[241.036704] (-) TimerEvent: {}
[241.140319] (-) TimerEvent: {}
[241.164884] (workspace_gz) StdoutLine: {'line': b'[ 66%] \x1b[32mBuilding CXX object CMakeFiles/NavigationScoringPlugin.dir/plugins/WaypointMarkers.cc.o\x1b[0m\n'}
[241.240667] (-) TimerEvent: {}
[241.341377] (-) TimerEvent: {}
[241.442382] (-) TimerEvent: {}
[241.543751] (-) TimerEvent: {}
[241.644406] (-) TimerEvent: {}
[241.745851] (-) TimerEvent: {}
[241.846614] (-) TimerEvent: {}
[241.947504] (-) TimerEvent: {}
[242.054469] (-) TimerEvent: {}
[242.157291] (-) TimerEvent: {}
[242.258421] (-) TimerEvent: {}
[242.362157] (-) TimerEvent: {}
[242.463133] (-) TimerEvent: {}
[242.564274] (-) TimerEvent: {}
[242.665766] (-) TimerEvent: {}
[242.766785] (-) TimerEvent: {}
[242.867796] (-) TimerEvent: {}
[242.968598] (-) TimerEvent: {}
[243.069599] (-) TimerEvent: {}
[243.170921] (-) TimerEvent: {}
[243.271675] (-) TimerEvent: {}
[243.372771] (-) TimerEvent: {}
[243.473748] (-) TimerEvent: {}
[243.575235] (-) TimerEvent: {}
[243.677981] (-) TimerEvent: {}
[243.778689] (-) TimerEvent: {}
[243.879194] (-) TimerEvent: {}
[243.980023] (-) TimerEvent: {}
[244.081134] (-) TimerEvent: {}
[244.182563] (-) TimerEvent: {}
[244.283822] (-) TimerEvent: {}
[244.385080] (-) TimerEvent: {}
[244.486171] (-) TimerEvent: {}
[244.587251] (-) TimerEvent: {}
[244.688537] (-) TimerEvent: {}
[244.789520] (-) TimerEvent: {}
[244.890882] (-) TimerEvent: {}
[244.992394] (-) TimerEvent: {}
[245.095151] (-) TimerEvent: {}
[245.198403] (-) TimerEvent: {}
[245.299368] (-) TimerEvent: {}
[245.400875] (-) TimerEvent: {}
[245.502549] (-) TimerEvent: {}
[245.603711] (-) TimerEvent: {}
[245.646219] (workspace_gz) StdoutLine: {'line': b'[ 67%] \x1b[32m\x1b[1mLinking CXX shared library libBallShooterPlugin.so\x1b[0m\n'}
[245.704191] (-) TimerEvent: {}
[245.805476] (-) TimerEvent: {}
[245.906153] (-) TimerEvent: {}
[246.007009] (-) TimerEvent: {}
[246.108438] (-) TimerEvent: {}
[246.208858] (-) TimerEvent: {}
[246.309708] (-) TimerEvent: {}
[246.411511] (-) TimerEvent: {}
[246.512509] (-) TimerEvent: {}
[246.613891] (-) TimerEvent: {}
[246.714866] (-) TimerEvent: {}
[246.818952] (-) TimerEvent: {}
[246.921658] (-) TimerEvent: {}
[247.023432] (-) TimerEvent: {}
[247.125209] (-) TimerEvent: {}
[247.226903] (-) TimerEvent: {}
[247.327906] (-) TimerEvent: {}
[247.433021] (-) TimerEvent: {}
[247.534118] (-) TimerEvent: {}
[247.638278] (-) TimerEvent: {}
[247.740046] (-) TimerEvent: {}
[247.840983] (-) TimerEvent: {}
[247.943157] (-) TimerEvent: {}
[248.044050] (-) TimerEvent: {}
[248.149175] (-) TimerEvent: {}
[248.250222] (-) TimerEvent: {}
[248.279396] (workspace_gz) StdoutLine: {'line': b'[ 67%] Built target BallShooterPlugin\n'}
[248.350344] (-) TimerEvent: {}
[248.451190] (-) TimerEvent: {}
[248.552403] (-) TimerEvent: {}
[248.653630] (-) TimerEvent: {}
[248.754769] (-) TimerEvent: {}
[248.855349] (-) TimerEvent: {}
[248.956110] (-) TimerEvent: {}
[249.057245] (-) TimerEvent: {}
[249.158017] (-) TimerEvent: {}
[249.259430] (-) TimerEvent: {}
[249.361009] (-) TimerEvent: {}
[249.462410] (-) TimerEvent: {}
[249.564149] (-) TimerEvent: {}
[249.665152] (-) TimerEvent: {}
[249.766480] (-) TimerEvent: {}
[249.867342] (-) TimerEvent: {}
[249.968486] (-) TimerEvent: {}
[250.069749] (-) TimerEvent: {}
[250.170535] (-) TimerEvent: {}
[250.271263] (-) TimerEvent: {}
[250.372451] (-) TimerEvent: {}
[250.473223] (-) TimerEvent: {}
[250.574014] (-) TimerEvent: {}
[250.675215] (-) TimerEvent: {}
[250.776442] (-) TimerEvent: {}
[250.877780] (-) TimerEvent: {}
[250.978662] (-) TimerEvent: {}
[251.079642] (-) TimerEvent: {}
[251.181136] (-) TimerEvent: {}
[251.281954] (-) TimerEvent: {}
[251.383018] (-) TimerEvent: {}
[251.483916] (-) TimerEvent: {}
[251.585323] (-) TimerEvent: {}
[251.687117] (-) TimerEvent: {}
[251.788304] (-) TimerEvent: {}
[251.889808] (-) TimerEvent: {}
[251.991299] (-) TimerEvent: {}
[252.094439] (-) TimerEvent: {}
[252.195318] (-) TimerEvent: {}
[252.296263] (-) TimerEvent: {}
[252.396859] (-) TimerEvent: {}
[252.498115] (-) TimerEvent: {}
[252.599645] (-) TimerEvent: {}
[252.700670] (-) TimerEvent: {}
[252.801259] (-) TimerEvent: {}
[252.902579] (-) TimerEvent: {}
[253.003415] (-) TimerEvent: {}
[253.104570] (-) TimerEvent: {}
[253.205553] (-) TimerEvent: {}
[253.306311] (-) TimerEvent: {}
[253.407664] (-) TimerEvent: {}
[253.511392] (-) TimerEvent: {}
[253.613201] (-) TimerEvent: {}
[253.714275] (-) TimerEvent: {}
[253.815527] (-) TimerEvent: {}
[253.917799] (-) TimerEvent: {}
[254.019099] (-) TimerEvent: {}
[254.120086] (-) TimerEvent: {}
[254.220884] (-) TimerEvent: {}
[254.321526] (-) TimerEvent: {}
[254.422337] (-) TimerEvent: {}
[254.523694] (-) TimerEvent: {}
[254.625033] (-) TimerEvent: {}
[254.726327] (-) TimerEvent: {}
[254.827629] (-) TimerEvent: {}
[254.929068] (-) TimerEvent: {}
[255.032862] (-) TimerEvent: {}
[255.134140] (-) TimerEvent: {}
[255.235067] (-) TimerEvent: {}
[255.335824] (-) TimerEvent: {}
[255.436778] (-) TimerEvent: {}
[255.537587] (-) TimerEvent: {}
[255.638964] (-) TimerEvent: {}
[255.739949] (-) TimerEvent: {}
[255.840631] (-) TimerEvent: {}
[255.941978] (-) TimerEvent: {}
[256.042905] (-) TimerEvent: {}
[256.144176] (-) TimerEvent: {}
[256.245715] (-) TimerEvent: {}
[256.346871] (-) TimerEvent: {}
[256.447210] (-) TimerEvent: {}
[256.547625] (-) TimerEvent: {}
[256.648355] (-) TimerEvent: {}
[256.749644] (-) TimerEvent: {}
[256.850762] (-) TimerEvent: {}
[256.951486] (-) TimerEvent: {}
[257.052236] (-) TimerEvent: {}
[257.153493] (-) TimerEvent: {}
[257.254707] (-) TimerEvent: {}
[257.355690] (-) TimerEvent: {}
[257.456965] (-) TimerEvent: {}
[257.557996] (-) TimerEvent: {}
[257.658689] (-) TimerEvent: {}
[257.760568] (-) TimerEvent: {}
[257.862203] (-) TimerEvent: {}
[257.963333] (-) TimerEvent: {}
[258.064055] (-) TimerEvent: {}
[258.166808] (-) TimerEvent: {}
[258.267989] (-) TimerEvent: {}
[258.368506] (-) TimerEvent: {}
[258.469293] (-) TimerEvent: {}
[258.570292] (-) TimerEvent: {}
[258.671204] (-) TimerEvent: {}
[258.772045] (-) TimerEvent: {}
[258.872935] (-) TimerEvent: {}
[258.973748] (-) TimerEvent: {}
[259.074692] (-) TimerEvent: {}
[259.176034] (-) TimerEvent: {}
[259.277637] (-) TimerEvent: {}
[259.379938] (-) TimerEvent: {}
[259.480725] (-) TimerEvent: {}
[259.581400] (-) TimerEvent: {}
[259.682255] (-) TimerEvent: {}
[259.782971] (-) TimerEvent: {}
[259.883513] (-) TimerEvent: {}
[259.984444] (-) TimerEvent: {}
[260.086617] (-) TimerEvent: {}
[260.187797] (-) TimerEvent: {}
[260.288740] (-) TimerEvent: {}
[260.389789] (-) TimerEvent: {}
[260.491159] (-) TimerEvent: {}
[260.592036] (-) TimerEvent: {}
[260.692609] (-) TimerEvent: {}
[260.793451] (-) TimerEvent: {}
[260.894951] (-) TimerEvent: {}
[260.996260] (-) TimerEvent: {}
[261.096987] (-) TimerEvent: {}
[261.197501] (-) TimerEvent: {}
[261.298399] (-) TimerEvent: {}
[261.399507] (-) TimerEvent: {}
[261.500558] (-) TimerEvent: {}
[261.601405] (-) TimerEvent: {}
[261.702226] (-) TimerEvent: {}
[261.802835] (-) TimerEvent: {}
[261.904398] (-) TimerEvent: {}
[262.005770] (-) TimerEvent: {}
[262.106866] (-) TimerEvent: {}
[262.207622] (-) TimerEvent: {}
[262.308482] (-) TimerEvent: {}
[262.409736] (-) TimerEvent: {}
[262.512726] (-) TimerEvent: {}
[262.613830] (-) TimerEvent: {}
[262.715150] (-) TimerEvent: {}
[262.816634] (-) TimerEvent: {}
[262.917672] (-) TimerEvent: {}
[263.018637] (-) TimerEvent: {}
[263.119662] (-) TimerEvent: {}
[263.220976] (-) TimerEvent: {}
[263.322243] (-) TimerEvent: {}
[263.423309] (-) TimerEvent: {}
[263.524300] (-) TimerEvent: {}
[263.625269] (-) TimerEvent: {}
[263.725905] (-) TimerEvent: {}
[263.826562] (-) TimerEvent: {}
[263.927109] (-) TimerEvent: {}
[264.027570] (-) TimerEvent: {}
[264.128207] (-) TimerEvent: {}
[264.229839] (-) TimerEvent: {}
[264.331599] (-) TimerEvent: {}
[264.432914] (-) TimerEvent: {}
[264.533280] (-) TimerEvent: {}
[264.633952] (-) TimerEvent: {}
[264.735062] (-) TimerEvent: {}
[264.836086] (-) TimerEvent: {}
[264.937436] (-) TimerEvent: {}
[264.993092] (workspace_gz) StdoutLine: {'line': b'[ 69%] \x1b[32m\x1b[1mLinking CXX shared library libGymkhanaScoringPlugin.so\x1b[0m\n'}
[265.037695] (-) TimerEvent: {}
[265.140559] (-) TimerEvent: {}
[265.241544] (-) TimerEvent: {}
[265.343845] (-) TimerEvent: {}
[265.444959] (-) TimerEvent: {}
[265.545934] (-) TimerEvent: {}
[265.647037] (-) TimerEvent: {}
[265.748692] (-) TimerEvent: {}
[265.849822] (-) TimerEvent: {}
[265.950891] (-) TimerEvent: {}
[266.052318] (-) TimerEvent: {}
[266.153270] (-) TimerEvent: {}
[266.254610] (-) TimerEvent: {}
[266.356350] (-) TimerEvent: {}
[266.457240] (-) TimerEvent: {}
[266.557640] (-) TimerEvent: {}
[266.658365] (-) TimerEvent: {}
[266.759294] (-) TimerEvent: {}
[266.860874] (-) TimerEvent: {}
[266.914959] (workspace_gz) StdoutLine: {'line': b'[ 69%] Built target GymkhanaScoringPlugin\n'}
[266.960970] (-) TimerEvent: {}
[267.061688] (-) TimerEvent: {}
[267.162603] (-) TimerEvent: {}
[267.263342] (-) TimerEvent: {}
[267.364415] (-) TimerEvent: {}
[267.465987] (-) TimerEvent: {}
[267.566967] (-) TimerEvent: {}
[267.667490] (-) TimerEvent: {}
[267.767985] (-) TimerEvent: {}
[267.868822] (-) TimerEvent: {}
[267.970601] (-) TimerEvent: {}
[268.071576] (-) TimerEvent: {}
[268.172144] (-) TimerEvent: {}
[268.273289] (-) TimerEvent: {}
[268.374158] (-) TimerEvent: {}
[268.474720] (-) TimerEvent: {}
[268.575552] (-) TimerEvent: {}
[268.676771] (-) TimerEvent: {}
[268.777805] (-) TimerEvent: {}
[268.879274] (-) TimerEvent: {}
[268.979899] (-) TimerEvent: {}
[269.080869] (-) TimerEvent: {}
[269.181886] (-) TimerEvent: {}
[269.283100] (-) TimerEvent: {}
[269.384229] (-) TimerEvent: {}
[269.485323] (-) TimerEvent: {}
[269.586633] (-) TimerEvent: {}
[269.687774] (-) TimerEvent: {}
[269.788835] (-) TimerEvent: {}
[269.890103] (-) TimerEvent: {}
[269.991088] (-) TimerEvent: {}
[270.091762] (-) TimerEvent: {}
[270.192952] (-) TimerEvent: {}
[270.293685] (-) TimerEvent: {}
[270.394558] (-) TimerEvent: {}
[270.495038] (-) TimerEvent: {}
[270.552826] (workspace_gz) StdoutLine: {'line': b'[ 71%] \x1b[32m\x1b[1mLinking CXX shared library libNavigationScoringPlugin.so\x1b[0m\n'}
[270.595301] (-) TimerEvent: {}
[270.696358] (-) TimerEvent: {}
[270.797279] (-) TimerEvent: {}
[270.898863] (-) TimerEvent: {}
[270.999761] (-) TimerEvent: {}
[271.100418] (-) TimerEvent: {}
[271.201379] (-) TimerEvent: {}
[271.302252] (-) TimerEvent: {}
[271.403128] (-) TimerEvent: {}
[271.505004] (-) TimerEvent: {}
[271.606947] (-) TimerEvent: {}
[271.708622] (-) TimerEvent: {}
[271.809483] (-) TimerEvent: {}
[271.910700] (-) TimerEvent: {}
[272.012496] (-) TimerEvent: {}
[272.113594] (-) TimerEvent: {}
[272.214447] (-) TimerEvent: {}
[272.315039] (-) TimerEvent: {}
[272.416064] (-) TimerEvent: {}
[272.516752] (-) TimerEvent: {}
[272.617334] (-) TimerEvent: {}
[272.718602] (-) TimerEvent: {}
[272.754576] (workspace_gz) StdoutLine: {'line': b'[ 71%] Built target NavigationScoringPlugin\n'}
[272.756630] (workspace_gz) StderrLine: {'line': b'gmake: *** [Makefile:146: all] Error 2\n'}
[272.764410] (workspace_gz) CommandEnded: {'returncode': 2}
[272.800741] (workspace_gz) JobEnded: {'identifier': 'workspace_gz', 'rc': 2}
[272.811583] (-) EventReactorShutdown: {}
