[0.000000] (-) TimerEvent: {}
[0.000270] (workspace_gz) JobQueued: {'identifier': 'workspace_gz', 'dependencies': OrderedDict()}
[0.000296] (workspace_nav) JobQueued: {'identifier': 'workspace_nav', 'dependencies': OrderedDict()}
[0.000305] (workspace_ros) JobQueued: {'identifier': 'workspace_ros', 'dependencies': OrderedDict()}
[0.000815] (workspace_gz) JobStarted: {'identifier': 'workspace_gz'}
[0.006621] (workspace_nav) JobStarted: {'identifier': 'workspace_nav'}
[0.011233] (workspace_ros) JobStarted: {'identifier': 'workspace_ros'}
[0.014788] (workspace_gz) JobProgress: {'identifier': 'workspace_gz', 'progress': 'cmake'}
[0.015648] (workspace_gz) Command: {'cmd': ['/usr/bin/cmake', '/home/tugmirk/Desktop/garp-test/workspace_gz', '-DAMENT_CMAKE_SYMLINK_INSTALL=1', '-DCMAKE_INSTALL_PREFIX=/home/tugmirk/Desktop/garp-test/install/workspace_gz'], 'cwd': '/home/tugmirk/Desktop/garp-test/build/workspace_gz', 'env': OrderedDict({'LESSOPEN': '| /usr/bin/lesspipe %s', 'GZ_SIM_RESOURCE_PATH': '/opt/ros/jazzy/share', 'USER': 'tugmirk', 'GZ_CONFIG_PATH': '/opt/ros/jazzy/opt/gz_sim_vendor/share/gz:/opt/ros/jazzy/opt/sdformat_vendor/share/gz:/opt/ros/jazzy/opt/gz_gui_vendor/share/gz:/opt/ros/jazzy/opt/gz_transport_vendor/share/gz:/opt/ros/jazzy/opt/gz_rendering_vendor/share/gz:/opt/ros/jazzy/opt/gz_plugin_vendor/share/gz:/opt/ros/jazzy/opt/gz_fuel_tools_vendor/share/gz:/opt/ros/jazzy/opt/gz_msgs_vendor/share/gz:/opt/ros/jazzy/opt/gz_common_vendor/share/gz', 'XDG_SESSION_TYPE': 'x11', 'SHLVL': '1', 'LD_LIBRARY_PATH': '/home/tugmirk/Desktop/ros2_eg/ros2_ws/install/my_interfaces/lib:/opt/ros/jazzy/opt/gz_sim_vendor/lib:/opt/ros/jazzy/opt/gz_sensors_vendor/lib:/opt/ros/jazzy/opt/gz_physics_vendor/lib:/opt/ros/jazzy/opt/sdformat_vendor/lib:/opt/ros/jazzy/opt/rviz_ogre_vendor/lib:/opt/ros/jazzy/lib/x86_64-linux-gnu:/opt/ros/jazzy/opt/gz_gui_vendor/lib:/opt/ros/jazzy/opt/gz_transport_vendor/lib:/opt/ros/jazzy/opt/gz_rendering_vendor/lib:/opt/ros/jazzy/opt/gz_plugin_vendor/lib:/opt/ros/jazzy/opt/gz_fuel_tools_vendor/lib:/opt/ros/jazzy/opt/gz_msgs_vendor/lib:/opt/ros/jazzy/opt/gz_common_vendor/lib:/opt/ros/jazzy/opt/gz_math_vendor/lib:/opt/ros/jazzy/opt/gz_utils_vendor/lib:/opt/ros/jazzy/opt/gz_tools_vendor/lib:/opt/ros/jazzy/opt/gz_ogre_next_vendor/lib:/opt/ros/jazzy/opt/gz_dartsim_vendor/lib:/opt/ros/jazzy/opt/gz_cmake_vendor/lib:/opt/ros/jazzy/lib', 'HOME': '/home/tugmirk', 'OLDPWD': '/home/tugmirk', 'DESKTOP_SESSION': 'ubuntu', 'NVM_BIN': '/home/tugmirk/.config/nvm/versions/node/v24.12.0/bin', 'NVM_INC': '/home/tugmirk/.config/nvm/versions/node/v24.12.0/include/node', 'ROS_PYTHON_VERSION': '3', 'GNOME_SHELL_SESSION_MODE': 'ubuntu', 'GTK_MODULES': 'gail:atk-bridge', 'SYSTEMD_EXEC_PID': '3825', 'GSM_SKIP_SSH_AGENT_WORKAROUND': 'true', 'DBUS_SESSION_BUS_ADDRESS': 'unix:path=/run/user/1000/bus', 'COLORTERM': 'truecolor', 'GNOME_KEYRING_CONTROL': '/run/user/1000/keyring', 'NVM_DIR': '/home/tugmirk/.config/nvm', 'DEBUGINFOD_URLS': 'https://debuginfod.ubuntu.com', 'COLCON_PREFIX_PATH': '/home/tugmirk/Desktop/ros2_eg/ros2_ws/install', 'ROS_DISTRO': 'jazzy', 'LOGNAME': 'tugmirk', '_': '/usr/bin/colcon', 'ROS_VERSION': '2', 'MEMORY_PRESSURE_WATCH': '/sys/fs/cgroup/user.slice/user-1000.slice/user@1000.service/session.slice/org.gnome.SettingsDaemon.MediaKeys.service/memory.pressure', 'XDG_SESSION_CLASS': 'user', 'USERNAME': 'tugmirk', 'TERM': 'xterm-256color', 'GNOME_DESKTOP_SESSION_ID': 'this-is-deprecated', 'WINDOWPATH': '2', 'PATH': '/home/tugmirk/.config/nvm/versions/node/v24.12.0/bin:/opt/ros/jazzy/opt/gz_msgs_vendor/bin:/opt/ros/jazzy/opt/gz_tools_vendor/bin:/opt/ros/jazzy/opt/gz_ogre_next_vendor/bin:/opt/ros/jazzy/bin:/home/tugmirk/.local/bin:/usr/local/sbin:/usr/local/bin:/usr/sbin:/usr/bin:/sbin:/bin:/usr/games:/usr/local/games:/snap/bin:/snap/bin', 'SESSION_MANAGER': 'local/tugmirk-Katana-15-HX-B14WFK:@/tmp/.ICE-unix/3670,unix/tugmirk-Katana-15-HX-B14WFK:/tmp/.ICE-unix/3670', 'XDG_MENU_PREFIX': 'gnome-', 'GNOME_TERMINAL_SCREEN': '/org/gnome/Terminal/screen/74a590d1_aa1e_4a00_9cb6_51780375202c', 'XDG_RUNTIME_DIR': '/run/user/1000', 'DISPLAY': ':1', 'LANG': 'en_US.UTF-8', 'XDG_CURRENT_DESKTOP': 'ubuntu:GNOME', 'XMODIFIERS': '@im=ibus', 'XDG_SESSION_DESKTOP': 'ubuntu', 'XAUTHORITY': '/run/user/1000/gdm/Xauthority', 'LS_COLORS': 'rs=0:di=01;34:ln=01;36:mh=00:pi=40;33:so=01;35:do=01;35:bd=40;33;01:cd=40;33;01:or=40;31;01:mi=00:su=37;41:sg=30;43:ca=00:tw=30;42:ow=34;42:st=37;44:ex=01;32:*.tar=01;31:*.tgz=01;31:*.arc=01;31:*.arj=01;31:*.taz=01;31:*.lha=01;31:*.lz4=01;31:*.lzh=01;31:*.lzma=01;31:*.tlz=01;31:*.txz=01;31:*.tzo=01;31:*.t7z=01;31:*.zip=01;31:*.z=01;31:*.dz=01;31:*.gz=01;31:*.lrz=01;31:*.lz=01;31:*.lzo=01;31:*.xz=01;31:*.zst=01;31:*.tzst=01;31:*.bz2=01;31:*.bz=01;31:*.tbz=01;31:*.tbz2=01;31:*.tz=01;31:*.deb=01;31:*.rpm=01;31:*.jar=01;31:*.war=01;31:*.ear=01;31:*.sar=01;31:*.rar=01;31:*.alz=01;31:*.ace=01;31:*.zoo=01;31:*.cpio=01;31:*.7z=01;31:*.rz=01;31:*.cab=01;31:*.wim=01;31:*.swm=01;31:*.dwm=01;31:*.esd=01;31:*.avif=01;35:*.jpg=01;35:*.jpeg=01;35:*.mjpg=01;35:*.mjpeg=01;35:*.gif=01;35:*.bmp=01;35:*.pbm=01;35:*.pgm=01;35:*.ppm=01;35:*.tga=01;35:*.xbm=01;35:*.xpm=01;35:*.tif=01;35:*.tiff=01;35:*.png=01;35:*.svg=01;35:*.svgz=01;35:*.mng=01;35:*.pcx=01;35:*.mov=01;35:*.mpg=01;35:*.mpeg=01;35:*.m2v=01;35:*.mkv=01;35:*.webm=01;35:*.webp=01;35:*.ogm=01;35:*.mp4=01;35:*.m4v=01;35:*.mp4v=01;35:*.vob=01;35:*.qt=01;35:*.nuv=01;35:*.wmv=01;35:*.asf=01;35:*.rm=01;35:*.rmvb=01;35:*.flc=01;35:*.avi=01;35:*.fli=01;35:*.flv=01;35:*.gl=01;35:*.dl=01;35:*.xcf=01;35:*.xwd=01;35:*.yuv=01;35:*.cgm=01;35:*.emf=01;35:*.ogv=01;35:*.ogx=01;35:*.aac=00;36:*.au=00;36:*.flac=00;36:*.m4a=00;36:*.mid=00;36:*.midi=00;36:*.mka=00;36:*.mp3=00;36:*.mpc=00;36:*.ogg=00;36:*.ra=00;36:*.wav=00;36:*.oga=00;36:*.opus=00;36:*.spx=00;36:*.xspf=00;36:*~=00;90:*#=00;90:*.bak=00;90:*.crdownload=00;90:*.dpkg-dist=00;90:*.dpkg-new=00;90:*.dpkg-old=00;90:*.dpkg-tmp=00;90:*.old=00;90:*.orig=00;90:*.part=00;90:*.rej=00;90:*.rpmnew=00;90:*.rpmorig=00;90:*.rpmsave=00;90:*.swp=00;90:*.tmp=00;90:*.ucf-dist=00;90:*.ucf-new=00;90:*.ucf-old=00;90:', 'GNOME_TERMINAL_SERVICE': ':1.434', 'SSH_AUTH_SOCK': '/run/user/1000/keyring/ssh', 'AMENT_PREFIX_PATH': '/home/tugmirk/Desktop/ros2_eg/ros2_ws/install/my_robot:/home/tugmirk/Desktop/ros2_eg/ros2_ws/install/cpp_basics:/home/tugmirk/Desktop/ros2_eg/ros2_ws/install/my_interfaces:/opt/ros/jazzy', 'SHELL': '/bin/bash', 'QT_ACCESSIBILITY': '1', 'GDMSESSION': 'ubuntu', 'LESSCLOSE': '/usr/bin/lesspipe %s %s', 'GPG_AGENT_INFO': '/run/user/1000/gnupg/S.gpg-agent:0:1', 'ROS_AUTOMATIC_DISCOVERY_RANGE': 'SUBNET', 'QT_IM_MODULE': 'ibus', 'PWD': '/home/tugmirk/Desktop/garp-test/build/workspace_gz', 'XDG_CONFIG_DIRS': '/etc/xdg/xdg-ubuntu:/etc/xdg', 'NVM_CD_FLAGS': '', 'XDG_DATA_DIRS': '/usr/share/ubuntu:/usr/share/gnome:/home/tugmirk/.local/share/flatpak/exports/share:/var/lib/flatpak/exports/share:/usr/local/share/:/usr/share/:/var/lib/snapd/desktop', 'PYTHONPATH': '/home/tugmirk/Desktop/ros2_eg/ros2_ws/install/my_interfaces/lib/python3.12/site-packages:/usr/local/lib/python:/usr/local/lib/python:/opt/ros/jazzy/lib/python3.12/site-packages', 'COLCON': '1', 'MEMORY_PRESSURE_WRITE': 'c29tZSAyMDAwMDAgMjAwMDAwMAA=', 'VTE_VERSION': '7600', 'CMAKE_PREFIX_PATH': '/home/tugmirk/Desktop/ros2_eg/ros2_ws/install/my_robot:/home/tugmirk/Desktop/ros2_eg/ros2_ws/install/cpp_basics:/home/tugmirk/Desktop/ros2_eg/ros2_ws/install/my_interfaces:/opt/ros/jazzy/opt/gz_sim_vendor:/opt/ros/jazzy/opt/gz_sensors_vendor:/opt/ros/jazzy/opt/gz_physics_vendor:/opt/ros/jazzy/opt/sdformat_vendor:/opt/ros/jazzy/opt/gz_gui_vendor:/opt/ros/jazzy/opt/gz_transport_vendor:/opt/ros/jazzy/opt/gz_rendering_vendor:/opt/ros/jazzy/opt/gz_plugin_vendor:/opt/ros/jazzy/opt/gz_fuel_tools_vendor:/opt/ros/jazzy/opt/gz_msgs_vendor:/opt/ros/jazzy/opt/gz_common_vendor:/opt/ros/jazzy/opt/gz_math_vendor:/opt/ros/jazzy/opt/gz_utils_vendor:/opt/ros/jazzy/opt/gz_tools_vendor:/opt/ros/jazzy/opt/gz_ogre_next_vendor:/opt/ros/jazzy/opt/gz_dartsim_vendor:/opt/ros/jazzy/opt/gz_cmake_vendor:/opt/ros/jazzy'}), 'shell': False}
[0.100060] (-) TimerEvent: {}
[0.119506] (workspace_gz) StdoutLine: {'line': b'-- The C compiler identification is GNU 13.3.0\n'}
[0.119601] (workspace_gz) StdoutLine: {'line': b'-- The CXX compiler identification is GNU 13.3.0\n'}
[0.119633] (workspace_gz) StdoutLine: {'line': b'-- Detecting C compiler ABI info\n'}
[0.162689] (workspace_gz) StdoutLine: {'line': b'-- Detecting C compiler ABI info - done\n'}
[0.168106] (workspace_gz) StdoutLine: {'line': b'-- Check for working C compiler: /usr/bin/cc - skipped\n'}
[0.168224] (workspace_gz) StdoutLine: {'line': b'-- Detecting C compile features\n'}
[0.168293] (workspace_gz) StdoutLine: {'line': b'-- Detecting C compile features - done\n'}
[0.175692] (workspace_gz) StdoutLine: {'line': b'-- Detecting CXX compiler ABI info\n'}
[0.200139] (-) TimerEvent: {}
[0.243728] (workspace_gz) StdoutLine: {'line': b'-- Detecting CXX compiler ABI info - done\n'}
[0.249097] (workspace_gz) StdoutLine: {'line': b'-- Check for working CXX compiler: /usr/bin/c++ - skipped\n'}
[0.249346] (workspace_gz) StdoutLine: {'line': b'-- Detecting CXX compile features\n'}
[0.249410] (workspace_gz) StdoutLine: {'line': b'-- Detecting CXX compile features - done\n'}
[0.251922] (workspace_gz) StdoutLine: {'line': b'-- Found ament_cmake: 2.5.4 (/opt/ros/jazzy/share/ament_cmake/cmake)\n'}
[0.300215] (-) TimerEvent: {}
[0.351889] (workspace_gz) StdoutLine: {'line': b'-- Found Python3: /usr/bin/python3 (found version "3.12.3") found components: Interpreter \n'}
[0.396614] (workspace_gz) StdoutLine: {'line': b'-- Override CMake install command with custom implementation using symlinks instead of copying resources\n'}
[0.400561] (-) TimerEvent: {}
[0.425379] (workspace_gz) StdoutLine: {'line': b'-- Looking for gz-sim8 -- found version 8.10.0\n'}
[0.431368] (workspace_gz) StdoutLine: {'line': b'-- Searching for dependencies of gz-sim8\n'}
[0.432320] (workspace_gz) StdoutLine: {'line': b'-- Looking for sdformat14 -- found version 14.8.0\n'}
[0.432401] (workspace_gz) StdoutLine: {'line': b'-- Searching for dependencies of sdformat14\n'}
[0.437207] (workspace_gz) StdoutLine: {'line': b"-- Checking for module 'tinyxml2'\n"}
[0.449488] (workspace_gz) StdoutLine: {'line': b'--   Found tinyxml2, version 10.0.0\n'}
[0.477887] (workspace_gz) StdoutLine: {'line': b'-- Looking for gz-math7 -- found version 7.5.2\n'}
[0.478010] (workspace_gz) StdoutLine: {'line': b'-- Searching for dependencies of gz-math7\n'}
[0.478881] (workspace_gz) StdoutLine: {'line': b'-- Looking for gz-utils2 -- found version 2.2.1\n'}
[0.478966] (workspace_gz) StdoutLine: {'line': b'-- Searching for dependencies of gz-utils2\n'}
[0.479948] (workspace_gz) StdoutLine: {'line': b'-- Looking for gz-utils2 -- found version 2.2.1\n'}
[0.480034] (workspace_gz) StdoutLine: {'line': b'-- Searching for dependencies of gz-utils2\n'}
[0.480064] (workspace_gz) StdoutLine: {'line': b'-- Searching for <gz-utils2> component [cli]\n'}
[0.480995] (workspace_gz) StdoutLine: {'line': b'-- Looking for gz-utils2-cli -- found version 2.2.1\n'}
[0.481073] (workspace_gz) StdoutLine: {'line': b'-- Searching for dependencies of gz-utils2-cli\n'}
[0.482359] (workspace_gz) StdoutLine: {'line': b'-- Looking for gz-plugin2 -- found version 2.0.4\n'}
[0.482434] (workspace_gz) StdoutLine: {'line': b'-- Searching for dependencies of gz-plugin2\n'}
[0.482528] (workspace_gz) StdoutLine: {'line': b'-- Looking for gz-utils2 -- found version 2.2.1\n'}
[0.482650] (workspace_gz) StdoutLine: {'line': b'-- Searching for <gz-plugin2> component [loader]\n'}
[0.483681] (workspace_gz) StdoutLine: {'line': b'-- Looking for gz-plugin2-loader -- found version 2.0.4\n'}
[0.483761] (workspace_gz) StdoutLine: {'line': b'-- Searching for dependencies of gz-plugin2-loader\n'}
[0.483997] (workspace_gz) StdoutLine: {'line': b'-- Searching for <gz-plugin2> component [register]\n'}
[0.484925] (workspace_gz) StdoutLine: {'line': b'-- Looking for gz-plugin2-register -- found version 2.0.4\n'}
[0.485250] (workspace_gz) StdoutLine: {'line': b'-- Searching for dependencies of gz-plugin2-register\n'}
[0.485775] (workspace_gz) StdoutLine: {'line': b'-- Looking for gz-transport13 -- found version 13.5.0\n'}
[0.485857] (workspace_gz) StdoutLine: {'line': b'-- Searching for dependencies of gz-transport13\n'}
[0.490705] (workspace_nav) Command: {'cmd': ['/usr/bin/python3', '-W', 'ignore:setup.py install is deprecated', '-W', 'ignore:easy_install command is deprecated', 'setup.py', 'develop', '--editable', '--build-directory', '/home/tugmirk/Desktop/garp-test/build/workspace_nav/build', '--no-deps', 'symlink_data'], 'cwd': '/home/tugmirk/Desktop/garp-test/build/workspace_nav', 'env': {'LESSOPEN': '| /usr/bin/lesspipe %s', 'GZ_SIM_RESOURCE_PATH': '/opt/ros/jazzy/share', 'USER': 'tugmirk', 'GZ_CONFIG_PATH': '/opt/ros/jazzy/opt/gz_sim_vendor/share/gz:/opt/ros/jazzy/opt/sdformat_vendor/share/gz:/opt/ros/jazzy/opt/gz_gui_vendor/share/gz:/opt/ros/jazzy/opt/gz_transport_vendor/share/gz:/opt/ros/jazzy/opt/gz_rendering_vendor/share/gz:/opt/ros/jazzy/opt/gz_plugin_vendor/share/gz:/opt/ros/jazzy/opt/gz_fuel_tools_vendor/share/gz:/opt/ros/jazzy/opt/gz_msgs_vendor/share/gz:/opt/ros/jazzy/opt/gz_common_vendor/share/gz', 'XDG_SESSION_TYPE': 'x11', 'SHLVL': '1', 'LD_LIBRARY_PATH': '/home/tugmirk/Desktop/ros2_eg/ros2_ws/install/my_interfaces/lib:/opt/ros/jazzy/opt/gz_sim_vendor/lib:/opt/ros/jazzy/opt/gz_sensors_vendor/lib:/opt/ros/jazzy/opt/gz_physics_vendor/lib:/opt/ros/jazzy/opt/sdformat_vendor/lib:/opt/ros/jazzy/opt/rviz_ogre_vendor/lib:/opt/ros/jazzy/lib/x86_64-linux-gnu:/opt/ros/jazzy/opt/gz_gui_vendor/lib:/opt/ros/jazzy/opt/gz_transport_vendor/lib:/opt/ros/jazzy/opt/gz_rendering_vendor/lib:/opt/ros/jazzy/opt/gz_plugin_vendor/lib:/opt/ros/jazzy/opt/gz_fuel_tools_vendor/lib:/opt/ros/jazzy/opt/gz_msgs_vendor/lib:/opt/ros/jazzy/opt/gz_common_vendor/lib:/opt/ros/jazzy/opt/gz_math_vendor/lib:/opt/ros/jazzy/opt/gz_utils_vendor/lib:/opt/ros/jazzy/opt/gz_tools_vendor/lib:/opt/ros/jazzy/opt/gz_ogre_next_vendor/lib:/opt/ros/jazzy/opt/gz_dartsim_vendor/lib:/opt/ros/jazzy/opt/gz_cmake_vendor/lib:/opt/ros/jazzy/lib', 'HOME': '/home/tugmirk', 'OLDPWD': '/home/tugmirk', 'DESKTOP_SESSION': 'ubuntu', 'NVM_BIN': '/home/tugmirk/.config/nvm/versions/node/v24.12.0/bin', 'NVM_INC': '/home/tugmirk/.config/nvm/versions/node/v24.12.0/include/node', 'ROS_PYTHON_VERSION': '3', 'GNOME_SHELL_SESSION_MODE': 'ubuntu', 'GTK_MODULES': 'gail:atk-bridge', 'SYSTEMD_EXEC_PID': '3825', 'GSM_SKIP_SSH_AGENT_WORKAROUND': 'true', 'DBUS_SESSION_BUS_ADDRESS': 'unix:path=/run/user/1000/bus', 'COLORTERM': 'truecolor', 'GNOME_KEYRING_CONTROL': '/run/user/1000/keyring', 'NVM_DIR': '/home/tugmirk/.config/nvm', 'DEBUGINFOD_URLS': 'https://debuginfod.ubuntu.com', 'COLCON_PREFIX_PATH': '/home/tugmirk/Desktop/ros2_eg/ros2_ws/install', 'ROS_DISTRO': 'jazzy', 'LOGNAME': 'tugmirk', '_': '/usr/bin/colcon', 'ROS_VERSION': '2', 'MEMORY_PRESSURE_WATCH': '/sys/fs/cgroup/user.slice/user-1000.slice/user@1000.service/session.slice/org.gnome.SettingsDaemon.MediaKeys.service/memory.pressure', 'XDG_SESSION_CLASS': 'user', 'USERNAME': 'tugmirk', 'TERM': 'xterm-256color', 'GNOME_DESKTOP_SESSION_ID': 'this-is-deprecated', 'WINDOWPATH': '2', 'PATH': '/home/tugmirk/.config/nvm/versions/node/v24.12.0/bin:/opt/ros/jazzy/opt/gz_msgs_vendor/bin:/opt/ros/jazzy/opt/gz_tools_vendor/bin:/opt/ros/jazzy/opt/gz_ogre_next_vendor/bin:/opt/ros/jazzy/bin:/home/tugmirk/.local/bin:/usr/local/sbin:/usr/local/bin:/usr/sbin:/usr/bin:/sbin:/bin:/usr/games:/usr/local/games:/snap/bin:/snap/bin', 'SESSION_MANAGER': 'local/tugmirk-Katana-15-HX-B14WFK:@/tmp/.ICE-unix/3670,unix/tugmirk-Katana-15-HX-B14WFK:/tmp/.ICE-unix/3670', 'XDG_MENU_PREFIX': 'gnome-', 'GNOME_TERMINAL_SCREEN': '/org/gnome/Terminal/screen/74a590d1_aa1e_4a00_9cb6_51780375202c', 'XDG_RUNTIME_DIR': '/run/user/1000', 'DISPLAY': ':1', 'LANG': 'en_US.UTF-8', 'XDG_CURRENT_DESKTOP': 'ubuntu:GNOME', 'XMODIFIERS': '@im=ibus', 'XDG_SESSION_DESKTOP': 'ubuntu', 'XAUTHORITY': '/run/user/1000/gdm/Xauthority', 'LS_COLORS': 'rs=0:di=01;34:ln=01;36:mh=00:pi=40;33:so=01;35:do=01;35:bd=40;33;01:cd=40;33;01:or=40;31;01:mi=00:su=37;41:sg=30;43:ca=00:tw=30;42:ow=34;42:st=37;44:ex=01;32:*.tar=01;31:*.tgz=01;31:*.arc=01;31:*.arj=01;31:*.taz=01;31:*.lha=01;31:*.lz4=01;31:*.lzh=01;31:*.lzma=01;31:*.tlz=01;31:*.txz=01;31:*.tzo=01;31:*.t7z=01;31:*.zip=01;31:*.z=01;31:*.dz=01;31:*.gz=01;31:*.lrz=01;31:*.lz=01;31:*.lzo=01;31:*.xz=01;31:*.zst=01;31:*.tzst=01;31:*.bz2=01;31:*.bz=01;31:*.tbz=01;31:*.tbz2=01;31:*.tz=01;31:*.deb=01;31:*.rpm=01;31:*.jar=01;31:*.war=01;31:*.ear=01;31:*.sar=01;31:*.rar=01;31:*.alz=01;31:*.ace=01;31:*.zoo=01;31:*.cpio=01;31:*.7z=01;31:*.rz=01;31:*.cab=01;31:*.wim=01;31:*.swm=01;31:*.dwm=01;31:*.esd=01;31:*.avif=01;35:*.jpg=01;35:*.jpeg=01;35:*.mjpg=01;35:*.mjpeg=01;35:*.gif=01;35:*.bmp=01;35:*.pbm=01;35:*.pgm=01;35:*.ppm=01;35:*.tga=01;35:*.xbm=01;35:*.xpm=01;35:*.tif=01;35:*.tiff=01;35:*.png=01;35:*.svg=01;35:*.svgz=01;35:*.mng=01;35:*.pcx=01;35:*.mov=01;35:*.mpg=01;35:*.mpeg=01;35:*.m2v=01;35:*.mkv=01;35:*.webm=01;35:*.webp=01;35:*.ogm=01;35:*.mp4=01;35:*.m4v=01;35:*.mp4v=01;35:*.vob=01;35:*.qt=01;35:*.nuv=01;35:*.wmv=01;35:*.asf=01;35:*.rm=01;35:*.rmvb=01;35:*.flc=01;35:*.avi=01;35:*.fli=01;35:*.flv=01;35:*.gl=01;35:*.dl=01;35:*.xcf=01;35:*.xwd=01;35:*.yuv=01;35:*.cgm=01;35:*.emf=01;35:*.ogv=01;35:*.ogx=01;35:*.aac=00;36:*.au=00;36:*.flac=00;36:*.m4a=00;36:*.mid=00;36:*.midi=00;36:*.mka=00;36:*.mp3=00;36:*.mpc=00;36:*.ogg=00;36:*.ra=00;36:*.wav=00;36:*.oga=00;36:*.opus=00;36:*.spx=00;36:*.xspf=00;36:*~=00;90:*#=00;90:*.bak=00;90:*.crdownload=00;90:*.dpkg-dist=00;90:*.dpkg-new=00;90:*.dpkg-old=00;90:*.dpkg-tmp=00;90:*.old=00;90:*.orig=00;90:*.part=00;90:*.rej=00;90:*.rpmnew=00;90:*.rpmorig=00;90:*.rpmsave=00;90:*.swp=00;90:*.tmp=00;90:*.ucf-dist=00;90:*.ucf-new=00;90:*.ucf-old=00;90:', 'GNOME_TERMINAL_SERVICE': ':1.434', 'SSH_AUTH_SOCK': '/run/user/1000/keyring/ssh', 'AMENT_PREFIX_PATH': '/home/tugmirk/Desktop/ros2_eg/ros2_ws/install/my_robot:/home/tugmirk/Desktop/ros2_eg/ros2_ws/install/cpp_basics:/home/tugmirk/Desktop/ros2_eg/ros2_ws/install/my_interfaces:/opt/ros/jazzy', 'SHELL': '/bin/bash', 'QT_ACCESSIBILITY': '1', 'GDMSESSION': 'ubuntu', 'LESSCLOSE': '/usr/bin/lesspipe %s %s', 'GPG_AGENT_INFO': '/run/user/1000/gnupg/S.gpg-agent:0:1', 'ROS_AUTOMATIC_DISCOVERY_RANGE': 'SUBNET', 'QT_IM_MODULE': 'ibus', 'PWD': '/home/tugmirk/Desktop/garp-test/build/workspace_nav', 'XDG_CONFIG_DIRS': '/etc/xdg/xdg-ubuntu:/etc/xdg', 'NVM_CD_FLAGS': '', 'XDG_DATA_DIRS': '/usr/share/ubuntu:/usr/share/gnome:/home/tugmirk/.local/share/flatpak/exports/share:/var/lib/flatpak/exports/share:/usr/local/share/:/usr/share/:/var/lib/snapd/desktop', 'PYTHONPATH': '/home/tugmirk/Desktop/garp-test/build/workspace_nav/prefix_override:/usr/lib/python3/dist-packages/colcon_core/task/python/colcon_distutils_commands:/home/tugmirk/Desktop/garp-test/install/workspace_nav/lib/python3.12/site-packages:/home/tugmirk/Desktop/ros2_eg/ros2_ws/install/my_interfaces/lib/python3.12/site-packages:/usr/local/lib/python:/usr/local/lib/python:/opt/ros/jazzy/lib/python3.12/site-packages', 'COLCON': '1', 'MEMORY_PRESSURE_WRITE': 'c29tZSAyMDAwMDAgMjAwMDAwMAA=', 'VTE_VERSION': '7600', 'CMAKE_PREFIX_PATH': '/home/tugmirk/Desktop/ros2_eg/ros2_ws/install/my_robot:/home/tugmirk/Desktop/ros2_eg/ros2_ws/install/cpp_basics:/home/tugmirk/Desktop/ros2_eg/ros2_ws/install/my_interfaces:/opt/ros/jazzy/opt/gz_sim_vendor:/opt/ros/jazzy/opt/gz_sensors_vendor:/opt/ros/jazzy/opt/gz_physics_vendor:/opt/ros/jazzy/opt/sdformat_vendor:/opt/ros/jazzy/opt/gz_gui_vendor:/opt/ros/jazzy/opt/gz_transport_vendor:/opt/ros/jazzy/opt/gz_rendering_vendor:/opt/ros/jazzy/opt/gz_plugin_vendor:/opt/ros/jazzy/opt/gz_fuel_tools_vendor:/opt/ros/jazzy/opt/gz_msgs_vendor:/opt/ros/jazzy/opt/gz_common_vendor:/opt/ros/jazzy/opt/gz_math_vendor:/opt/ros/jazzy/opt/gz_utils_vendor:/opt/ros/jazzy/opt/gz_tools_vendor:/opt/ros/jazzy/opt/gz_ogre_next_vendor:/opt/ros/jazzy/opt/gz_dartsim_vendor:/opt/ros/jazzy/opt/gz_cmake_vendor'}, 'shell': False}
[0.497459] (workspace_ros) Command: {'cmd': ['/usr/bin/python3', '-W', 'ignore:setup.py install is deprecated', '-W', 'ignore:easy_install command is deprecated', 'setup.py', 'develop', '--editable', '--build-directory', '/home/tugmirk/Desktop/garp-test/build/workspace_ros/build', '--no-deps', 'symlink_data'], 'cwd': '/home/tugmirk/Desktop/garp-test/build/workspace_ros', 'env': {'LESSOPEN': '| /usr/bin/lesspipe %s', 'GZ_SIM_RESOURCE_PATH': '/opt/ros/jazzy/share', 'USER': 'tugmirk', 'GZ_CONFIG_PATH': '/opt/ros/jazzy/opt/gz_sim_vendor/share/gz:/opt/ros/jazzy/opt/sdformat_vendor/share/gz:/opt/ros/jazzy/opt/gz_gui_vendor/share/gz:/opt/ros/jazzy/opt/gz_transport_vendor/share/gz:/opt/ros/jazzy/opt/gz_rendering_vendor/share/gz:/opt/ros/jazzy/opt/gz_plugin_vendor/share/gz:/opt/ros/jazzy/opt/gz_fuel_tools_vendor/share/gz:/opt/ros/jazzy/opt/gz_msgs_vendor/share/gz:/opt/ros/jazzy/opt/gz_common_vendor/share/gz', 'XDG_SESSION_TYPE': 'x11', 'SHLVL': '1', 'LD_LIBRARY_PATH': '/home/tugmirk/Desktop/ros2_eg/ros2_ws/install/my_interfaces/lib:/opt/ros/jazzy/opt/gz_sim_vendor/lib:/opt/ros/jazzy/opt/gz_sensors_vendor/lib:/opt/ros/jazzy/opt/gz_physics_vendor/lib:/opt/ros/jazzy/opt/sdformat_vendor/lib:/opt/ros/jazzy/opt/rviz_ogre_vendor/lib:/opt/ros/jazzy/lib/x86_64-linux-gnu:/opt/ros/jazzy/opt/gz_gui_vendor/lib:/opt/ros/jazzy/opt/gz_transport_vendor/lib:/opt/ros/jazzy/opt/gz_rendering_vendor/lib:/opt/ros/jazzy/opt/gz_plugin_vendor/lib:/opt/ros/jazzy/opt/gz_fuel_tools_vendor/lib:/opt/ros/jazzy/opt/gz_msgs_vendor/lib:/opt/ros/jazzy/opt/gz_common_vendor/lib:/opt/ros/jazzy/opt/gz_math_vendor/lib:/opt/ros/jazzy/opt/gz_utils_vendor/lib:/opt/ros/jazzy/opt/gz_tools_vendor/lib:/opt/ros/jazzy/opt/gz_ogre_next_vendor/lib:/opt/ros/jazzy/opt/gz_dartsim_vendor/lib:/opt/ros/jazzy/opt/gz_cmake_vendor/lib:/opt/ros/jazzy/lib', 'HOME': '/home/tugmirk', 'OLDPWD': '/home/tugmirk', 'DESKTOP_SESSION': 'ubuntu', 'NVM_BIN': '/home/tugmirk/.config/nvm/versions/node/v24.12.0/bin', 'NVM_INC': '/home/tugmirk/.config/nvm/versions/node/v24.12.0/include/node', 'ROS_PYTHON_VERSION': '3', 'GNOME_SHELL_SESSION_MODE': 'ubuntu', 'GTK_MODULES': 'gail:atk-bridge', 'SYSTEMD_EXEC_PID': '3825', 'GSM_SKIP_SSH_AGENT_WORKAROUND': 'true', 'DBUS_SESSION_BUS_ADDRESS': 'unix:path=/run/user/1000/bus', 'COLORTERM': 'truecolor', 'GNOME_KEYRING_CONTROL': '/run/user/1000/keyring', 'NVM_DIR': '/home/tugmirk/.config/nvm', 'DEBUGINFOD_URLS': 'https://debuginfod.ubuntu.com', 'COLCON_PREFIX_PATH': '/home/tugmirk/Desktop/ros2_eg/ros2_ws/install', 'ROS_DISTRO': 'jazzy', 'LOGNAME': 'tugmirk', '_': '/usr/bin/colcon', 'ROS_VERSION': '2', 'MEMORY_PRESSURE_WATCH': '/sys/fs/cgroup/user.slice/user-1000.slice/user@1000.service/session.slice/org.gnome.SettingsDaemon.MediaKeys.service/memory.pressure', 'XDG_SESSION_CLASS': 'user', 'USERNAME': 'tugmirk', 'TERM': 'xterm-256color', 'GNOME_DESKTOP_SESSION_ID': 'this-is-deprecated', 'WINDOWPATH': '2', 'PATH': '/home/tugmirk/.config/nvm/versions/node/v24.12.0/bin:/opt/ros/jazzy/opt/gz_msgs_vendor/bin:/opt/ros/jazzy/opt/gz_tools_vendor/bin:/opt/ros/jazzy/opt/gz_ogre_next_vendor/bin:/opt/ros/jazzy/bin:/home/tugmirk/.local/bin:/usr/local/sbin:/usr/local/bin:/usr/sbin:/usr/bin:/sbin:/bin:/usr/games:/usr/local/games:/snap/bin:/snap/bin', 'SESSION_MANAGER': 'local/tugmirk-Katana-15-HX-B14WFK:@/tmp/.ICE-unix/3670,unix/tugmirk-Katana-15-HX-B14WFK:/tmp/.ICE-unix/3670', 'XDG_MENU_PREFIX': 'gnome-', 'GNOME_TERMINAL_SCREEN': '/org/gnome/Terminal/screen/74a590d1_aa1e_4a00_9cb6_51780375202c', 'XDG_RUNTIME_DIR': '/run/user/1000', 'DISPLAY': ':1', 'LANG': 'en_US.UTF-8', 'XDG_CURRENT_DESKTOP': 'ubuntu:GNOME', 'XMODIFIERS': '@im=ibus', 'XDG_SESSION_DESKTOP': 'ubuntu', 'XAUTHORITY': '/run/user/1000/gdm/Xauthority', 'LS_COLORS': 'rs=0:di=01;34:ln=01;36:mh=00:pi=40;33:so=01;35:do=01;35:bd=40;33;01:cd=40;33;01:or=40;31;01:mi=00:su=37;41:sg=30;43:ca=00:tw=30;42:ow=34;42:st=37;44:ex=01;32:*.tar=01;31:*.tgz=01;31:*.arc=01;31:*.arj=01;31:*.taz=01;31:*.lha=01;31:*.lz4=01;31:*.lzh=01;31:*.lzma=01;31:*.tlz=01;31:*.txz=01;31:*.tzo=01;31:*.t7z=01;31:*.zip=01;31:*.z=01;31:*.dz=01;31:*.gz=01;31:*.lrz=01;31:*.lz=01;31:*.lzo=01;31:*.xz=01;31:*.zst=01;31:*.tzst=01;31:*.bz2=01;31:*.bz=01;31:*.tbz=01;31:*.tbz2=01;31:*.tz=01;31:*.deb=01;31:*.rpm=01;31:*.jar=01;31:*.war=01;31:*.ear=01;31:*.sar=01;31:*.rar=01;31:*.alz=01;31:*.ace=01;31:*.zoo=01;31:*.cpio=01;31:*.7z=01;31:*.rz=01;31:*.cab=01;31:*.wim=01;31:*.swm=01;31:*.dwm=01;31:*.esd=01;31:*.avif=01;35:*.jpg=01;35:*.jpeg=01;35:*.mjpg=01;35:*.mjpeg=01;35:*.gif=01;35:*.bmp=01;35:*.pbm=01;35:*.pgm=01;35:*.ppm=01;35:*.tga=01;35:*.xbm=01;35:*.xpm=01;35:*.tif=01;35:*.tiff=01;35:*.png=01;35:*.svg=01;35:*.svgz=01;35:*.mng=01;35:*.pcx=01;35:*.mov=01;35:*.mpg=01;35:*.mpeg=01;35:*.m2v=01;35:*.mkv=01;35:*.webm=01;35:*.webp=01;35:*.ogm=01;35:*.mp4=01;35:*.m4v=01;35:*.mp4v=01;35:*.vob=01;35:*.qt=01;35:*.nuv=01;35:*.wmv=01;35:*.asf=01;35:*.rm=01;35:*.rmvb=01;35:*.flc=01;35:*.avi=01;35:*.fli=01;35:*.flv=01;35:*.gl=01;35:*.dl=01;35:*.xcf=01;35:*.xwd=01;35:*.yuv=01;35:*.cgm=01;35:*.emf=01;35:*.ogv=01;35:*.ogx=01;35:*.aac=00;36:*.au=00;36:*.flac=00;36:*.m4a=00;36:*.mid=00;36:*.midi=00;36:*.mka=00;36:*.mp3=00;36:*.mpc=00;36:*.ogg=00;36:*.ra=00;36:*.wav=00;36:*.oga=00;36:*.opus=00;36:*.spx=00;36:*.xspf=00;36:*~=00;90:*#=00;90:*.bak=00;90:*.crdownload=00;90:*.dpkg-dist=00;90:*.dpkg-new=00;90:*.dpkg-old=00;90:*.dpkg-tmp=00;90:*.old=00;90:*.orig=00;90:*.part=00;90:*.rej=00;90:*.rpmnew=00;90:*.rpmorig=00;90:*.rpmsave=00;90:*.swp=00;90:*.tmp=00;90:*.ucf-dist=00;90:*.ucf-new=00;90:*.ucf-old=00;90:', 'GNOME_TERMINAL_SERVICE': ':1.434', 'SSH_AUTH_SOCK': '/run/user/1000/keyring/ssh', 'AMENT_PREFIX_PATH': '/home/tugmirk/Desktop/ros2_eg/ros2_ws/install/my_robot:/home/tugmirk/Desktop/ros2_eg/ros2_ws/install/cpp_basics:/home/tugmirk/Desktop/ros2_eg/ros2_ws/install/my_interfaces:/opt/ros/jazzy', 'SHELL': '/bin/bash', 'QT_ACCESSIBILITY': '1', 'GDMSESSION': 'ubuntu', 'LESSCLOSE': '/usr/bin/lesspipe %s %s', 'GPG_AGENT_INFO': '/run/user/1000/gnupg/S.gpg-agent:0:1', 'ROS_AUTOMATIC_DISCOVERY_RANGE': 'SUBNET', 'QT_IM_MODULE': 'ibus', 'PWD': '/home/tugmirk/Desktop/garp-test/build/workspace_ros', 'XDG_CONFIG_DIRS': '/etc/xdg/xdg-ubuntu:/etc/xdg', 'NVM_CD_FLAGS': '', 'XDG_DATA_DIRS': '/usr/share/ubuntu:/usr/share/gnome:/home/tugmirk/.local/share/flatpak/exports/share:/var/lib/flatpak/exports/share:/usr/local/share/:/usr/share/:/var/lib/snapd/desktop', 'PYTHONPATH': '/home/tugmirk/Desktop/garp-test/build/workspace_ros/prefix_override:/usr/lib/python3/dist-packages/colcon_core/task/python/colcon_distutils_commands:/home/tugmirk/Desktop/garp-test/install/workspace_ros/lib/python3.12/site-packages:/home/tugmirk/Desktop/ros2_eg/ros2_ws/install/my_interfaces/lib/python3.12/site-packages:/usr/local/lib/python:/usr/local/lib/python:/opt/ros/jazzy/lib/python3.12/site-packages', 'COLCON': '1', 'MEMORY_PRESSURE_WRITE': 'c29tZSAyMDAwMDAgMjAwMDAwMAA=', 'VTE_VERSION': '7600', 'CMAKE_PREFIX_PATH': '/home/tugmirk/Desktop/ros2_eg/ros2_ws/install/my_robot:/home/tugmirk/Desktop/ros2_eg/ros2_ws/install/cpp_basics:/home/tugmirk/Desktop/ros2_eg/ros2_ws/install/my_interfaces:/opt/ros/jazzy/opt/gz_sim_vendor:/opt/ros/jazzy/opt/gz_sensors_vendor:/opt/ros/jazzy/opt/gz_physics_vendor:/opt/ros/jazzy/opt/sdformat_vendor:/opt/ros/jazzy/opt/gz_gui_vendor:/opt/ros/jazzy/opt/gz_transport_vendor:/opt/ros/jazzy/opt/gz_rendering_vendor:/opt/ros/jazzy/opt/gz_plugin_vendor:/opt/ros/jazzy/opt/gz_fuel_tools_vendor:/opt/ros/jazzy/opt/gz_msgs_vendor:/opt/ros/jazzy/opt/gz_common_vendor:/opt/ros/jazzy/opt/gz_math_vendor:/opt/ros/jazzy/opt/gz_utils_vendor:/opt/ros/jazzy/opt/gz_tools_vendor:/opt/ros/jazzy/opt/gz_ogre_next_vendor:/opt/ros/jazzy/opt/gz_dartsim_vendor:/opt/ros/jazzy/opt/gz_cmake_vendor'}, 'shell': False}
[0.500741] (-) TimerEvent: {}
[0.580123] (workspace_gz) StdoutLine: {'line': b'-- Found Protobuf: /usr/lib/x86_64-linux-gnu/libprotobuf.so (found version "3.21.12") \n'}
[0.590699] (workspace_gz) StdoutLine: {'line': b'-- Config-file not installed for ZeroMQ -- checking for pkg-config\n'}
[0.594165] (workspace_gz) StdoutLine: {'line': b"-- Checking for module 'libzmq >= 4'\n"}
[0.600785] (-) TimerEvent: {}
[0.606128] (workspace_gz) StdoutLine: {'line': b'--   Found libzmq, version 4.3.5\n'}
[0.637826] (workspace_gz) StdoutLine: {'line': b'-- Found ZeroMQ: TRUE (Required is at least version "4") \n'}
[0.641963] (workspace_gz) StdoutLine: {'line': b"-- Checking for module 'uuid'\n"}
[0.644765] (workspace_nav) StdoutLine: {'line': b'running develop\n'}
[0.649871] (workspace_ros) StdoutLine: {'line': b'running develop\n'}
[0.653099] (workspace_gz) StdoutLine: {'line': b'--   Found uuid, version 2.39.3\n'}
[0.679335] (workspace_gz) StdoutLine: {'line': b'-- Found UUID: TRUE  \n'}
[0.679450] (workspace_gz) StdoutLine: {'line': b'-- Looking for gz-utils2 -- found version 2.2.1\n'}
[0.680412] (workspace_gz) StdoutLine: {'line': b'-- Looking for gz-msgs10 -- found version 10.3.2\n'}
[0.680494] (workspace_gz) StdoutLine: {'line': b'-- Searching for dependencies of gz-msgs10\n'}
[0.692195] (workspace_gz) StdoutLine: {'line': b'-- Looking for gz-utils2 -- found version 2.2.1\n'}
[0.692438] (workspace_gz) StdoutLine: {'line': b'-- Looking for gz-math7 -- found version 7.5.2\n'}
[0.697217] (workspace_gz) StdoutLine: {'line': b'-- Searching for <gz-transport13> component [log]\n'}
[0.697931] (workspace_gz) StdoutLine: {'line': b'-- Looking for gz-transport13-log -- found version 13.5.0\n'}
[0.697968] (workspace_gz) StdoutLine: {'line': b'-- Searching for dependencies of gz-transport13-log\n'}
[0.698225] (workspace_gz) StdoutLine: {'line': b'-- Searching for <gz-transport13> component [parameters]\n'}
[0.699023] (workspace_gz) StdoutLine: {'line': b'-- Looking for gz-transport13-parameters -- found version 13.5.0\n'}
[0.699130] (workspace_gz) StdoutLine: {'line': b'-- Searching for dependencies of gz-transport13-parameters\n'}
[0.699432] (workspace_gz) StdoutLine: {'line': b'-- Looking for gz-msgs10 -- found version 10.3.2\n'}
[0.700468] (workspace_gz) StdoutLine: {'line': b'-- Looking for gz-common5 -- found version 5.7.1\n'}
[0.700558] (workspace_gz) StdoutLine: {'line': b'-- Searching for dependencies of gz-common5\n'}
[0.700601] (workspace_gz) StdoutLine: {'line': b'-- Looking for gz-utils2 -- found version 2.2.1\n'}
[0.700743] (workspace_gz) StdoutLine: {'line': b'-- Looking for dlfcn.h - found\n'}
[0.700785] (-) TimerEvent: {}
[0.701685] (workspace_gz) StdoutLine: {'line': b'-- Looking for libdl - found\n'}
[0.702538] (workspace_gz) StdoutLine: {'line': b'-- Found DL: TRUE  \n'}
[0.706750] (workspace_gz) StdoutLine: {'line': b'-- Searching for <gz-common5> component [av]\n'}
[0.707601] (workspace_gz) StdoutLine: {'line': b'-- Looking for gz-common5-av -- found version 5.7.1\n'}
[0.707674] (workspace_gz) StdoutLine: {'line': b'-- Searching for dependencies of gz-common5-av\n'}
[0.710679] (workspace_gz) StdoutLine: {'line': b"-- Checking for module 'libswscale'\n"}
[0.722137] (workspace_gz) StdoutLine: {'line': b'--   Found libswscale, version 7.5.100\n'}
[0.734883] (workspace_nav) StdoutLine: {'line': b'running egg_info\n'}
[0.734997] (workspace_nav) StdoutLine: {'line': b'creating workspace_nav.egg-info\n'}
[0.738356] (workspace_ros) StdoutLine: {'line': b'running egg_info\n'}
[0.738458] (workspace_ros) StdoutLine: {'line': b'creating workspace_ros.egg-info\n'}
[0.743581] (workspace_nav) StdoutLine: {'line': b'writing workspace_nav.egg-info/PKG-INFO\n'}
[0.743701] (workspace_nav) StdoutLine: {'line': b'writing dependency_links to workspace_nav.egg-info/dependency_links.txt\n'}
[0.743763] (workspace_nav) StdoutLine: {'line': b'writing requirements to workspace_nav.egg-info/requires.txt\n'}
[0.743860] (workspace_nav) StdoutLine: {'line': b'writing top-level names to workspace_nav.egg-info/top_level.txt\n'}
[0.743922] (workspace_nav) StdoutLine: {'line': b"writing manifest file 'workspace_nav.egg-info/SOURCES.txt'\n"}
[0.747266] (workspace_ros) StdoutLine: {'line': b'writing workspace_ros.egg-info/PKG-INFO\n'}
[0.747409] (workspace_ros) StdoutLine: {'line': b'writing dependency_links to workspace_ros.egg-info/dependency_links.txt\n'}
[0.747471] (workspace_ros) StdoutLine: {'line': b'writing entry points to workspace_ros.egg-info/entry_points.txt\n'}
[0.747529] (workspace_ros) StdoutLine: {'line': b'writing requirements to workspace_ros.egg-info/requires.txt\n'}
[0.747585] (workspace_ros) StdoutLine: {'line': b'writing top-level names to workspace_ros.egg-info/top_level.txt\n'}
[0.747640] (workspace_ros) StdoutLine: {'line': b"writing manifest file 'workspace_ros.egg-info/SOURCES.txt'\n"}
[0.748997] (workspace_gz) StdoutLine: {'line': b'-- Found SWSCALE: TRUE  \n'}
[0.753216] (workspace_gz) StdoutLine: {'line': b"-- Checking for module 'libavdevice >= 56.4.100'\n"}
[0.761934] (workspace_nav) StdoutLine: {'line': b"reading manifest file 'workspace_nav.egg-info/SOURCES.txt'\n"}
[0.762079] (workspace_nav) StdoutLine: {'line': b"writing manifest file 'workspace_nav.egg-info/SOURCES.txt'\n"}
[0.764023] (workspace_gz) StdoutLine: {'line': b'--   Found libavdevice, version 60.3.100\n'}
[0.765404] (workspace_ros) StdoutLine: {'line': b"reading manifest file 'workspace_ros.egg-info/SOURCES.txt'\n"}
[0.765559] (workspace_ros) StdoutLine: {'line': b"writing manifest file 'workspace_ros.egg-info/SOURCES.txt'\n"}
[0.771399] (workspace_nav) StdoutLine: {'line': b'running build_ext\n'}
[0.771506] (workspace_nav) StdoutLine: {'line': b'Creating /home/tugmirk/Desktop/garp-test/install/workspace_nav/lib/python3.12/site-packages/workspace-nav.egg-link (link to .)\n'}
[0.771624] (workspace_nav) StdoutLine: {'line': b'\n'}
[0.771704] (workspace_nav) StdoutLine: {'line': b'Installed /home/tugmirk/Desktop/garp-test/build/workspace_nav\n'}
[0.771772] (workspace_nav) StdoutLine: {'line': b'running symlink_data\n'}
[0.771837] (workspace_nav) StdoutLine: {'line': b'creating /home/tugmirk/Desktop/garp-test/install/workspace_nav/share/ament_index\n'}
[0.771900] (workspace_nav) StdoutLine: {'line': b'creating /home/tugmirk/Desktop/garp-test/install/workspace_nav/share/ament_index/resource_index\n'}
[0.771963] (workspace_nav) StdoutLine: {'line': b'creating /home/tugmirk/Desktop/garp-test/install/workspace_nav/share/ament_index/resource_index/packages\n'}
[0.772023] (workspace_nav) StdoutLine: {'line': b'symbolically linking /home/tugmirk/Desktop/garp-test/build/workspace_nav/resource/workspace_nav -> /home/tugmirk/Desktop/garp-test/install/workspace_nav/share/ament_index/resource_index/packages\n'}
[0.772089] (workspace_nav) StdoutLine: {'line': b'symbolically linking /home/tugmirk/Desktop/garp-test/build/workspace_nav/package.xml -> /home/tugmirk/Desktop/garp-test/install/workspace_nav/share/workspace_nav\n'}
[0.772147] (workspace_nav) StdoutLine: {'line': b'creating /home/tugmirk/Desktop/garp-test/install/workspace_nav/share/workspace_nav/config\n'}
[0.772204] (workspace_nav) StdoutLine: {'line': b'symbolically linking /home/tugmirk/Desktop/garp-test/build/workspace_nav/config/nav2_params.yaml -> /home/tugmirk/Desktop/garp-test/install/workspace_nav/share/workspace_nav/config\n'}
[0.772263] (workspace_nav) StdoutLine: {'line': b'symbolically linking /home/tugmirk/Desktop/garp-test/build/workspace_nav/config/map.yaml -> /home/tugmirk/Desktop/garp-test/install/workspace_nav/share/workspace_nav/config\n'}
[0.772320] (workspace_nav) StdoutLine: {'line': b'creating /home/tugmirk/Desktop/garp-test/install/workspace_nav/share/workspace_nav/launch\n'}
[0.772377] (workspace_nav) StdoutLine: {'line': b'symbolically linking /home/tugmirk/Desktop/garp-test/build/workspace_nav/launch/nav2.launch.py -> /home/tugmirk/Desktop/garp-test/install/workspace_nav/share/workspace_nav/launch\n'}
[0.772435] (workspace_nav) StdoutLine: {'line': b'creating /home/tugmirk/Desktop/garp-test/install/workspace_nav/share/workspace_nav/scripts\n'}
[0.772517] (workspace_nav) StdoutLine: {'line': b'symbolically linking /home/tugmirk/Desktop/garp-test/build/workspace_nav/scripts/__init__.py -> /home/tugmirk/Desktop/garp-test/install/workspace_nav/share/workspace_nav/scripts\n'}
[0.772574] (workspace_nav) StdoutLine: {'line': b'symbolically linking /home/tugmirk/Desktop/garp-test/build/workspace_nav/scripts/reactive_obstacle_avoidance.py -> /home/tugmirk/Desktop/garp-test/install/workspace_nav/share/workspace_nav/scripts\n'}
[0.772629] (workspace_nav) StdoutLine: {'line': b'creating /home/tugmirk/Desktop/garp-test/install/workspace_nav/share/workspace_nav/map\n'}
[0.772682] (workspace_nav) StdoutLine: {'line': b'symbolically linking /home/tugmirk/Desktop/garp-test/build/workspace_nav/map/map.pgm -> /home/tugmirk/Desktop/garp-test/install/workspace_nav/share/workspace_nav/map\n'}
[0.774739] (workspace_ros) StdoutLine: {'line': b'running build_ext\n'}
[0.774815] (workspace_ros) StdoutLine: {'line': b'Creating /home/tugmirk/Desktop/garp-test/install/workspace_ros/lib/python3.12/site-packages/workspace-ros.egg-link (link to .)\n'}
[0.775173] (workspace_ros) StdoutLine: {'line': b'Installing converter script to /home/tugmirk/Desktop/garp-test/install/workspace_ros/lib/workspace_ros\n'}
[0.775233] (workspace_ros) StdoutLine: {'line': b'Installing gps_covariance_repub script to /home/tugmirk/Desktop/garp-test/install/workspace_ros/lib/workspace_ros\n'}
[0.775291] (workspace_ros) StdoutLine: {'line': b'Installing imu_covariance_repub script to /home/tugmirk/Desktop/garp-test/install/workspace_ros/lib/workspace_ros\n'}
[0.775369] (workspace_ros) StdoutLine: {'line': b'Installing lidar_processor script to /home/tugmirk/Desktop/garp-test/install/workspace_ros/lib/workspace_ros\n'}
[0.775425] (workspace_ros) StdoutLine: {'line': b'Installing static_transform_publisher script to /home/tugmirk/Desktop/garp-test/install/workspace_ros/lib/workspace_ros\n'}
[0.775494] (workspace_ros) StdoutLine: {'line': b'Installing wasd_teleop script to /home/tugmirk/Desktop/garp-test/install/workspace_ros/lib/workspace_ros\n'}
[0.775570] (workspace_ros) StdoutLine: {'line': b'\n'}
[0.775628] (workspace_ros) StdoutLine: {'line': b'Installed /home/tugmirk/Desktop/garp-test/build/workspace_ros\n'}
[0.775750] (workspace_ros) StdoutLine: {'line': b'running symlink_data\n'}
[0.775841] (workspace_ros) StdoutLine: {'line': b'creating /home/tugmirk/Desktop/garp-test/install/workspace_ros/share/ament_index\n'}
[0.775939] (workspace_ros) StdoutLine: {'line': b'creating /home/tugmirk/Desktop/garp-test/install/workspace_ros/share/ament_index/resource_index\n'}
[0.776031] (workspace_ros) StdoutLine: {'line': b'creating /home/tugmirk/Desktop/garp-test/install/workspace_ros/share/ament_index/resource_index/packages\n'}
[0.776101] (workspace_ros) StdoutLine: {'line': b'symbolically linking /home/tugmirk/Desktop/garp-test/build/workspace_ros/resource/workspace_ros -> /home/tugmirk/Desktop/garp-test/install/workspace_ros/share/ament_index/resource_index/packages\n'}
[0.776162] (workspace_ros) StdoutLine: {'line': b'symbolically linking /home/tugmirk/Desktop/garp-test/build/workspace_ros/package.xml -> /home/tugmirk/Desktop/garp-test/install/workspace_ros/share/workspace_ros\n'}
[0.776221] (workspace_ros) StdoutLine: {'line': b'creating /home/tugmirk/Desktop/garp-test/install/workspace_ros/share/workspace_ros/config\n'}
[0.776280] (workspace_ros) StdoutLine: {'line': b'symbolically linking /home/tugmirk/Desktop/garp-test/build/workspace_ros/config/kiss_icp.yaml -> /home/tugmirk/Desktop/garp-test/install/workspace_ros/share/workspace_ros/config\n'}
[0.776338] (workspace_ros) StdoutLine: {'line': b'symbolically linking /home/tugmirk/Desktop/garp-test/build/workspace_ros/config/ekf.yaml -> /home/tugmirk/Desktop/garp-test/install/workspace_ros/share/workspace_ros/config\n'}
[0.776396] (workspace_ros) StdoutLine: {'line': b'symbolically linking /home/tugmirk/Desktop/garp-test/build/workspace_ros/config/lidar_rviz.rviz -> /home/tugmirk/Desktop/garp-test/install/workspace_ros/share/workspace_ros/config\n'}
[0.776454] (workspace_ros) StdoutLine: {'line': b'symbolically linking /home/tugmirk/Desktop/garp-test/build/workspace_ros/config/lidar_filter.yaml -> /home/tugmirk/Desktop/garp-test/install/workspace_ros/share/workspace_ros/config\n'}
[0.776512] (workspace_ros) StdoutLine: {'line': b'symbolically linking /home/tugmirk/Desktop/garp-test/build/workspace_ros/config/navsat.yaml -> /home/tugmirk/Desktop/garp-test/install/workspace_ros/share/workspace_ros/config\n'}
[0.776570] (workspace_ros) StdoutLine: {'line': b'symbolically linking /home/tugmirk/Desktop/garp-test/build/workspace_ros/config/static_transform.yaml -> /home/tugmirk/Desktop/garp-test/install/workspace_ros/share/workspace_ros/config\n'}
[0.776640] (workspace_ros) StdoutLine: {'line': b'creating /home/tugmirk/Desktop/garp-test/install/workspace_ros/share/workspace_ros/launch\n'}
[0.776697] (workspace_ros) StdoutLine: {'line': b'symbolically linking /home/tugmirk/Desktop/garp-test/build/workspace_ros/launch/localization.launch.py -> /home/tugmirk/Desktop/garp-test/install/workspace_ros/share/workspace_ros/launch\n'}
[0.776755] (workspace_ros) StdoutLine: {'line': b'symbolically linking /home/tugmirk/Desktop/garp-test/build/workspace_ros/launch/mola_slam.launch.py -> /home/tugmirk/Desktop/garp-test/install/workspace_ros/share/workspace_ros/launch\n'}
[0.776830] (workspace_ros) StdoutLine: {'line': b'symbolically linking /home/tugmirk/Desktop/garp-test/build/workspace_ros/launch/kiss_icp.launch.py -> /home/tugmirk/Desktop/garp-test/install/workspace_ros/share/workspace_ros/launch\n'}
[0.776901] (workspace_ros) StdoutLine: {'line': b'symbolically linking /home/tugmirk/Desktop/garp-test/build/workspace_ros/launch/lidar_filter.launch.py -> /home/tugmirk/Desktop/garp-test/install/workspace_ros/share/workspace_ros/launch\n'}
[0.776963] (workspace_ros) StdoutLine: {'line': b'creating /home/tugmirk/Desktop/garp-test/install/workspace_ros/share/workspace_ros/scripts\n'}
[0.777044] (workspace_ros) StdoutLine: {'line': b'symbolically linking /home/tugmirk/Desktop/garp-test/build/workspace_ros/scripts/converter.py -> /home/tugmirk/Desktop/garp-test/install/workspace_ros/share/workspace_ros/scripts\n'}
[0.777105] (workspace_ros) StdoutLine: {'line': b'symbolically linking /home/tugmirk/Desktop/garp-test/build/workspace_ros/scripts/gps_covariance_repub.py -> /home/tugmirk/Desktop/garp-test/install/workspace_ros/share/workspace_ros/scripts\n'}
[0.777162] (workspace_ros) StdoutLine: {'line': b'symbolically linking /home/tugmirk/Desktop/garp-test/build/workspace_ros/scripts/imu_covariance_repub.py -> /home/tugmirk/Desktop/garp-test/install/workspace_ros/share/workspace_ros/scripts\n'}
[0.777219] (workspace_ros) StdoutLine: {'line': b'symbolically linking /home/tugmirk/Desktop/garp-test/build/workspace_ros/scripts/__init__.py -> /home/tugmirk/Desktop/garp-test/install/workspace_ros/share/workspace_ros/scripts\n'}
[0.777276] (workspace_ros) StdoutLine: {'line': b'symbolically linking /home/tugmirk/Desktop/garp-test/build/workspace_ros/scripts/wasd_teleop.py -> /home/tugmirk/Desktop/garp-test/install/workspace_ros/share/workspace_ros/scripts\n'}
[0.777333] (workspace_ros) StdoutLine: {'line': b'symbolically linking /home/tugmirk/Desktop/garp-test/build/workspace_ros/scripts/static_transform_publisher.py -> /home/tugmirk/Desktop/garp-test/install/workspace_ros/share/workspace_ros/scripts\n'}
[0.777392] (workspace_ros) StdoutLine: {'line': b'symbolically linking /home/tugmirk/Desktop/garp-test/build/workspace_ros/scripts/lidar_processor.py -> /home/tugmirk/Desktop/garp-test/install/workspace_ros/share/workspace_ros/scripts\n'}
[0.777449] (workspace_ros) StdoutLine: {'line': b'creating /home/tugmirk/Desktop/garp-test/install/workspace_ros/share/workspace_ros/YOLOv11\n'}
[0.777506] (workspace_ros) StdoutLine: {'line': b'symbolically linking /home/tugmirk/Desktop/garp-test/build/workspace_ros/YOLOv11/YOLOv11.pt -> /home/tugmirk/Desktop/garp-test/install/workspace_ros/share/workspace_ros/YOLOv11\n'}
[0.787507] (workspace_nav) CommandEnded: {'returncode': 0}
[0.792302] (workspace_nav) JobEnded: {'identifier': 'workspace_nav', 'rc': 0}
[0.793025] (workspace_ros) CommandEnded: {'returncode': 0}
[0.797123] (workspace_ros) JobEnded: {'identifier': 'workspace_ros', 'rc': 0}
[0.800909] (-) TimerEvent: {}
[0.803019] (workspace_gz) StdoutLine: {'line': b'-- Found AVDEVICE: TRUE (Required is at least version "56.4.100") \n'}
[0.806592] (workspace_gz) StdoutLine: {'line': b"-- Checking for module 'libavformat'\n"}
[0.821717] (workspace_gz) StdoutLine: {'line': b'--   Found libavformat, version 60.16.100\n'}
[0.901079] (-) TimerEvent: {}
[0.928799] (workspace_gz) StdoutLine: {'line': b'-- Found AVFORMAT: TRUE  \n'}
[0.942231] (workspace_gz) StdoutLine: {'line': b"-- Checking for module 'libavcodec'\n"}
[0.972060] (workspace_gz) StdoutLine: {'line': b'--   Found libavcodec, version 60.31.102\n'}
[1.001214] (-) TimerEvent: {}
[1.085746] (workspace_gz) StdoutLine: {'line': b'-- Found AVCODEC: TRUE  \n'}
[1.098637] (workspace_gz) StdoutLine: {'line': b"-- Checking for module 'libavutil'\n"}
[1.101293] (-) TimerEvent: {}
[1.136432] (workspace_gz) StdoutLine: {'line': b'--   Found libavutil, version 58.29.100\n'}
[1.201454] (-) TimerEvent: {}
[1.239253] (workspace_gz) StdoutLine: {'line': b'-- Found AVUTIL: TRUE  \n'}
[1.241067] (workspace_gz) StdoutLine: {'line': b'-- Searching for <gz-common5> component [events]\n'}
[1.245167] (workspace_gz) StdoutLine: {'line': b'-- Looking for gz-common5-events -- found version 5.7.1\n'}
[1.245656] (workspace_gz) StdoutLine: {'line': b'-- Searching for dependencies of gz-common5-events\n'}
[1.246149] (workspace_gz) StdoutLine: {'line': b'-- Looking for gz-math7 -- found version 7.5.2\n'}
[1.247061] (workspace_gz) StdoutLine: {'line': b'-- Searching for <gz-common5> component [graphics]\n'}
[1.249398] (workspace_gz) StdoutLine: {'line': b'-- Looking for gz-common5-graphics -- found version 5.7.1\n'}
[1.249607] (workspace_gz) StdoutLine: {'line': b'-- Searching for dependencies of gz-common5-graphics\n'}
[1.249765] (workspace_gz) StdoutLine: {'line': b'-- Looking for gz-math7 -- found version 7.5.2\n'}
[1.254253] (workspace_gz) StdoutLine: {'line': b'-- Found GzAssimp: TRUE (found version "5.3.0") \n'}
[1.254444] (workspace_gz) StdoutLine: {'line': b'-- Searching for <gz-common5> component [io]\n'}
[1.255477] (workspace_gz) StdoutLine: {'line': b'-- Looking for gz-common5-io -- found version 5.7.1\n'}
[1.255536] (workspace_gz) StdoutLine: {'line': b'-- Searching for dependencies of gz-common5-io\n'}
[1.255618] (workspace_gz) StdoutLine: {'line': b'-- Searching for <gz-common5> component [profiler]\n'}
[1.256596] (workspace_gz) StdoutLine: {'line': b'-- Looking for gz-common5-profiler -- found version 5.7.1\n'}
[1.256655] (workspace_gz) StdoutLine: {'line': b'-- Searching for dependencies of gz-common5-profiler\n'}
[1.257592] (workspace_gz) StdoutLine: {'line': b'-- Looking for gz-fuel_tools9 -- found version 9.1.1\n'}
[1.257655] (workspace_gz) StdoutLine: {'line': b'-- Searching for dependencies of gz-fuel_tools9\n'}
[1.301573] (-) TimerEvent: {}
[1.402041] (-) TimerEvent: {}
[1.422905] (workspace_gz) StdoutLine: {'line': b'-- Found CURL: /usr/lib/x86_64-linux-gnu/libcurl.so (found version "8.5.0")  \n'}
[1.447141] (workspace_gz) StdoutLine: {'line': b"-- Checking for module 'jsoncpp'\n"}
[1.493138] (workspace_gz) StdoutLine: {'line': b'--   Found jsoncpp, version 1.9.5\n'}
[1.502184] (-) TimerEvent: {}
[1.602751] (-) TimerEvent: {}
[1.603538] (workspace_gz) StdoutLine: {'line': b'-- Found JSONCPP: TRUE  \n'}
[1.630085] (workspace_gz) StdoutLine: {'line': b"-- Checking for module 'yaml-0.1'\n"}
[1.668991] (workspace_gz) StdoutLine: {'line': b'--   Found yaml-0.1, version 0.2.5\n'}
[1.702984] (-) TimerEvent: {}
[1.775685] (workspace_gz) StdoutLine: {'line': b'-- Found YAML: TRUE  \n'}
[1.791422] (workspace_gz) StdoutLine: {'line': b"-- Checking for module 'libzip'\n"}
[1.803148] (-) TimerEvent: {}
[1.835568] (workspace_gz) StdoutLine: {'line': b'--   Found libzip, version 1.7.3\n'}
[1.903307] (-) TimerEvent: {}
[1.943073] (workspace_gz) StdoutLine: {'line': b'-- Found ZIP: TRUE  \n'}
[1.944318] (workspace_gz) StdoutLine: {'line': b'-- Looking for gz-utils2 -- found version 2.2.1\n'}
[1.945384] (workspace_gz) StdoutLine: {'line': b'-- Looking for gz-common5 -- found version 5.7.1\n'}
[1.945850] (workspace_gz) StdoutLine: {'line': b'-- Searching for dependencies of gz-common5\n'}
[1.946701] (workspace_gz) StdoutLine: {'line': b'-- Looking for gz-utils2 -- found version 2.2.1\n'}
[1.947178] (workspace_gz) StdoutLine: {'line': b'-- Looking for dlfcn.h - found\n'}
[1.947443] (workspace_gz) StdoutLine: {'line': b'-- Looking for libdl - found\n'}
[1.956453] (workspace_gz) StdoutLine: {'line': b'-- Searching for <gz-common5> component [testing]\n'}
[1.958709] (workspace_gz) StdoutLine: {'line': b'-- Looking for gz-common5-testing -- found version 5.7.1\n'}
[1.958923] (workspace_gz) StdoutLine: {'line': b'-- Searching for dependencies of gz-common5-testing\n'}
[1.960563] (workspace_gz) StdoutLine: {'line': b'-- Looking for gz-math7 -- found version 7.5.2\n'}
[1.961291] (workspace_gz) StdoutLine: {'line': b'-- Looking for gz-msgs10 -- found version 10.3.2\n'}
[1.964377] (workspace_gz) StdoutLine: {'line': b'-- Looking for gz-gui8 -- found version 8.4.0\n'}
[1.964732] (workspace_gz) StdoutLine: {'line': b'-- Searching for dependencies of gz-gui8\n'}
[1.982959] (workspace_gz) StdoutLine: {'line': b'-- Looking for gz-utils2 -- found version 2.2.1\n'}
[1.983280] (workspace_gz) StdoutLine: {'line': b'-- Looking for gz-math7 -- found version 7.5.2\n'}
[1.983521] (workspace_gz) StdoutLine: {'line': b'-- Looking for gz-common5 -- found version 5.7.1\n'}
[1.983698] (workspace_gz) StdoutLine: {'line': b'-- Looking for gz-plugin2 -- found version 2.0.4\n'}
[1.983982] (workspace_gz) StdoutLine: {'line': b'-- Looking for gz-transport13 -- found version 13.5.0\n'}
[1.985030] (workspace_gz) StdoutLine: {'line': b'-- Looking for gz-rendering8 -- found version 8.2.2\n'}
[1.985233] (workspace_gz) StdoutLine: {'line': b'-- Searching for dependencies of gz-rendering8\n'}
[1.985527] (workspace_gz) StdoutLine: {'line': b'-- Looking for gz-math7 -- found version 7.5.2\n'}
[1.985672] (workspace_gz) StdoutLine: {'line': b'-- Searching for dependencies of gz-math7\n'}
[1.985931] (workspace_gz) StdoutLine: {'line': b'-- Looking for gz-utils2 -- found version 2.2.1\n'}
[1.986035] (workspace_gz) StdoutLine: {'line': b'-- Searching for <gz-math7> component [eigen3]\n'}
[1.987576] (workspace_gz) StdoutLine: {'line': b'-- Looking for gz-math7-eigen3 -- found version 7.5.2\n'}
[1.987696] (workspace_gz) StdoutLine: {'line': b'-- Searching for dependencies of gz-math7-eigen3\n'}
[1.999876] (workspace_gz) StdoutLine: {'line': b'-- Looking for gz-common5 -- found version 5.7.1\n'}
[2.000157] (workspace_gz) StdoutLine: {'line': b'-- Searching for dependencies of gz-common5\n'}
[2.000469] (workspace_gz) StdoutLine: {'line': b'-- Looking for gz-utils2 -- found version 2.2.1\n'}
[2.000593] (workspace_gz) StdoutLine: {'line': b'-- Looking for dlfcn.h - found\n'}
[2.000652] (workspace_gz) StdoutLine: {'line': b'-- Looking for libdl - found\n'}
[2.003454] (-) TimerEvent: {}
[2.008599] (workspace_gz) StdoutLine: {'line': b'-- Searching for <gz-common5> component [graphics]\n'}
[2.008739] (workspace_gz) StdoutLine: {'line': b'-- Searching for <gz-common5> component [events]\n'}
[2.008813] (workspace_gz) StdoutLine: {'line': b'-- Searching for <gz-common5> component [geospatial]\n'}
[2.010669] (workspace_gz) StdoutLine: {'line': b'-- Looking for gz-common5-geospatial -- found version 5.7.1\n'}
[2.011044] (workspace_gz) StdoutLine: {'line': b'-- Searching for dependencies of gz-common5-geospatial\n'}
[2.011345] (workspace_gz) StdoutLine: {'line': b'-- Looking for gz-math7 -- found version 7.5.2\n'}
[2.012065] (workspace_gz) StdoutLine: {'line': b'-- Looking for gz-common5 -- found version 5.7.1\n'}
[2.013610] (workspace_gz) StdoutLine: {'line': b'-- Looking for gz-plugin2 -- found version 2.0.4\n'}
[2.013857] (workspace_gz) StdoutLine: {'line': b'-- Searching for dependencies of gz-plugin2\n'}
[2.014402] (workspace_gz) StdoutLine: {'line': b'-- Looking for gz-utils2 -- found version 2.2.1\n'}
[2.014652] (workspace_gz) StdoutLine: {'line': b'-- Searching for <gz-plugin2> component [all]\n'}
[2.017340] (workspace_gz) StdoutLine: {'line': b'-- Looking for all libraries of gz-plugin2 -- found version 2.0.4\n'}
[2.018407] (workspace_gz) StdoutLine: {'line': b'-- Looking for gz-plugin2 -- found version 2.0.4\n'}
[2.019946] (workspace_gz) StdoutLine: {'line': b'-- Looking for gz-utils2 -- found version 2.2.1\n'}
[2.030301] (workspace_gz) StdoutLine: {'line': b'-- Found OpenGL: /usr/lib/x86_64-linux-gnu/libOpenGL.so  found components: OpenGL \n'}
[2.030931] (workspace_gz) StdoutLine: {'line': b'-- Looking for gz-msgs10 -- found version 10.3.2\n'}
[2.040968] (workspace_gz) StdoutLine: {'line': b'-- Looking for gz-physics7 -- found version 7.6.0\n'}
[2.041040] (workspace_gz) StdoutLine: {'line': b'-- Searching for dependencies of gz-physics7\n'}
[2.041228] (workspace_gz) StdoutLine: {'line': b'-- Looking for gz-common5 -- found version 5.7.1\n'}
[2.041297] (workspace_gz) StdoutLine: {'line': b'-- Looking for gz-math7 -- found version 7.5.2\n'}
[2.041337] (workspace_gz) StdoutLine: {'line': b'-- Looking for gz-plugin2 -- found version 2.0.4\n'}
[2.041605] (workspace_gz) StdoutLine: {'line': b'-- Looking for gz-utils2 -- found version 2.2.1\n'}
[2.042117] (workspace_gz) StdoutLine: {'line': b'-- Searching for <gz-physics7> component [heightmap]\n'}
[2.042838] (workspace_gz) StdoutLine: {'line': b'-- Looking for gz-physics7-heightmap -- found version 7.6.0\n'}
[2.042903] (workspace_gz) StdoutLine: {'line': b'-- Searching for dependencies of gz-physics7-heightmap\n'}
[2.042944] (workspace_gz) StdoutLine: {'line': b'-- Looking for gz-common5 -- found version 5.7.1\n'}
[2.043155] (workspace_gz) StdoutLine: {'line': b'-- Searching for <gz-physics7> component [mesh]\n'}
[2.043856] (workspace_gz) StdoutLine: {'line': b'-- Looking for gz-physics7-mesh -- found version 7.6.0\n'}
[2.043911] (workspace_gz) StdoutLine: {'line': b'-- Searching for dependencies of gz-physics7-mesh\n'}
[2.044093] (workspace_gz) StdoutLine: {'line': b'-- Looking for gz-common5 -- found version 5.7.1\n'}
[2.044281] (workspace_gz) StdoutLine: {'line': b'-- Searching for <gz-physics7> component [sdf]\n'}
[2.044937] (workspace_gz) StdoutLine: {'line': b'-- Looking for gz-physics7-sdf -- found version 7.6.0\n'}
[2.044974] (workspace_gz) StdoutLine: {'line': b'-- Searching for dependencies of gz-physics7-sdf\n'}
[2.045138] (workspace_gz) StdoutLine: {'line': b'-- Looking for sdformat14 -- found version 14.8.0\n'}
[2.045994] (workspace_gz) StdoutLine: {'line': b'-- Looking for gz-sensors8 -- found version 8.2.2\n'}
[2.046028] (workspace_gz) StdoutLine: {'line': b'-- Searching for dependencies of gz-sensors8\n'}
[2.056445] (workspace_gz) StdoutLine: {'line': b'-- Looking for gz-math7 -- found version 7.5.2\n'}
[2.056518] (workspace_gz) StdoutLine: {'line': b'-- Looking for gz-common5 -- found version 5.7.1\n'}
[2.056654] (workspace_gz) StdoutLine: {'line': b'-- Looking for gz-transport13 -- found version 13.5.0\n'}
[2.056995] (workspace_gz) StdoutLine: {'line': b'-- Looking for gz-rendering8 -- found version 8.2.2\n'}
[2.057188] (workspace_gz) StdoutLine: {'line': b'-- Looking for gz-msgs10 -- found version 10.3.2\n'}
[2.057275] (workspace_gz) StdoutLine: {'line': b'-- Looking for sdformat14 -- found version 14.8.0\n'}
[2.057595] (workspace_gz) StdoutLine: {'line': b'-- Searching for <gz-sensors8> component [air_pressure]\n'}
[2.058096] (workspace_gz) StdoutLine: {'line': b'-- Looking for gz-sensors8-air_pressure -- found version 8.2.2\n'}
[2.058176] (workspace_gz) StdoutLine: {'line': b'-- Searching for dependencies of gz-sensors8-air_pressure\n'}
[2.058389] (workspace_gz) StdoutLine: {'line': b'-- Searching for <gz-sensors8> component [air_speed]\n'}
[2.058919] (workspace_gz) StdoutLine: {'line': b'-- Looking for gz-sensors8-air_speed -- found version 8.2.2\n'}
[2.059000] (workspace_gz) StdoutLine: {'line': b'-- Searching for dependencies of gz-sensors8-air_speed\n'}
[2.059259] (workspace_gz) StdoutLine: {'line': b'-- Searching for <gz-sensors8> component [altimeter]\n'}
[2.059818] (workspace_gz) StdoutLine: {'line': b'-- Looking for gz-sensors8-altimeter -- found version 8.2.2\n'}
[2.059881] (workspace_gz) StdoutLine: {'line': b'-- Searching for dependencies of gz-sensors8-altimeter\n'}
[2.060067] (workspace_gz) StdoutLine: {'line': b'-- Searching for <gz-sensors8> component [imu]\n'}
[2.060576] (workspace_gz) StdoutLine: {'line': b'-- Looking for gz-sensors8-imu -- found version 8.2.2\n'}
[2.060658] (workspace_gz) StdoutLine: {'line': b'-- Searching for dependencies of gz-sensors8-imu\n'}
[2.060913] (workspace_gz) StdoutLine: {'line': b'-- Searching for <gz-sensors8> component [force_torque]\n'}
[2.061448] (workspace_gz) StdoutLine: {'line': b'-- Looking for gz-sensors8-force_torque -- found version 8.2.2\n'}
[2.061533] (workspace_gz) StdoutLine: {'line': b'-- Searching for dependencies of gz-sensors8-force_torque\n'}
[2.061750] (workspace_gz) StdoutLine: {'line': b'-- Searching for <gz-sensors8> component [logical_camera]\n'}
[2.062284] (workspace_gz) StdoutLine: {'line': b'-- Looking for gz-sensors8-logical_camera -- found version 8.2.2\n'}
[2.062365] (workspace_gz) StdoutLine: {'line': b'-- Searching for dependencies of gz-sensors8-logical_camera\n'}
[2.062566] (workspace_gz) StdoutLine: {'line': b'-- Searching for <gz-sensors8> component [magnetometer]\n'}
[2.063119] (workspace_gz) StdoutLine: {'line': b'-- Looking for gz-sensors8-magnetometer -- found version 8.2.2\n'}
[2.063306] (workspace_gz) StdoutLine: {'line': b'-- Searching for dependencies of gz-sensors8-magnetometer\n'}
[2.063413] (workspace_gz) StdoutLine: {'line': b'-- Searching for <gz-sensors8> component [navsat]\n'}
[2.064052] (workspace_gz) StdoutLine: {'line': b'-- Looking for gz-sensors8-navsat -- found version 8.2.2\n'}
[2.064079] (workspace_gz) StdoutLine: {'line': b'-- Searching for dependencies of gz-sensors8-navsat\n'}
[2.064321] (workspace_gz) StdoutLine: {'line': b'-- Searching for <gz-sensors8> component [dvl]\n'}
[2.064785] (workspace_gz) StdoutLine: {'line': b'-- Looking for gz-sensors8-dvl -- found version 8.2.2\n'}
[2.064855] (workspace_gz) StdoutLine: {'line': b'-- Searching for dependencies of gz-sensors8-dvl\n'}
[2.065003] (workspace_gz) StdoutLine: {'line': b'-- Looking for gz-sensors8 -- found version 8.2.2\n'}
[2.065088] (workspace_gz) StdoutLine: {'line': b'-- Searching for dependencies of gz-sensors8\n'}
[2.075259] (workspace_gz) StdoutLine: {'line': b'-- Looking for gz-math7 -- found version 7.5.2\n'}
[2.075521] (workspace_gz) StdoutLine: {'line': b'-- Looking for gz-common5 -- found version 5.7.1\n'}
[2.075690] (workspace_gz) StdoutLine: {'line': b'-- Looking for gz-transport13 -- found version 13.5.0\n'}
[2.075803] (workspace_gz) StdoutLine: {'line': b'-- Looking for gz-rendering8 -- found version 8.2.2\n'}
[2.076028] (workspace_gz) StdoutLine: {'line': b'-- Looking for gz-msgs10 -- found version 10.3.2\n'}
[2.076211] (workspace_gz) StdoutLine: {'line': b'-- Looking for sdformat14 -- found version 14.8.0\n'}
[2.076307] (workspace_gz) StdoutLine: {'line': b'-- Searching for <gz-sensors8> component [rendering]\n'}
[2.076914] (workspace_gz) StdoutLine: {'line': b'-- Looking for gz-sensors8-rendering -- found version 8.2.2\n'}
[2.076988] (workspace_gz) StdoutLine: {'line': b'-- Searching for dependencies of gz-sensors8-rendering\n'}
[2.077561] (workspace_gz) StdoutLine: {'line': b'-- Searching for <gz-sensors8> component [rendering]\n'}
[2.077607] (workspace_gz) StdoutLine: {'line': b'-- Searching for <gz-sensors8> component [lidar]\n'}
[2.078026] (workspace_gz) StdoutLine: {'line': b'-- Looking for gz-sensors8-lidar -- found version 8.2.2\n'}
[2.078109] (workspace_gz) StdoutLine: {'line': b'-- Searching for dependencies of gz-sensors8-lidar\n'}
[2.078301] (workspace_gz) StdoutLine: {'line': b'-- Looking for gz-sensors8 -- found version 8.2.2\n'}
[2.078591] (workspace_gz) StdoutLine: {'line': b'-- Searching for <gz-sensors8> component [gpu_lidar]\n'}
[2.079074] (workspace_gz) StdoutLine: {'line': b'-- Looking for gz-sensors8-gpu_lidar -- found version 8.2.2\n'}
[2.079157] (workspace_gz) StdoutLine: {'line': b'-- Searching for dependencies of gz-sensors8-gpu_lidar\n'}
[2.079342] (workspace_gz) StdoutLine: {'line': b'-- Looking for gz-sensors8 -- found version 8.2.2\n'}
[2.079639] (workspace_gz) StdoutLine: {'line': b'-- Searching for <gz-sensors8> component [camera]\n'}
[2.080185] (workspace_gz) StdoutLine: {'line': b'-- Looking for gz-sensors8-camera -- found version 8.2.2\n'}
[2.080272] (workspace_gz) StdoutLine: {'line': b'-- Searching for dependencies of gz-sensors8-camera\n'}
[2.080418] (workspace_gz) StdoutLine: {'line': b'-- Looking for gz-sensors8 -- found version 8.2.2\n'}
[2.080737] (workspace_gz) StdoutLine: {'line': b'-- Searching for <gz-sensors8> component [boundingbox_camera]\n'}
[2.081287] (workspace_gz) StdoutLine: {'line': b'-- Looking for gz-sensors8-boundingbox_camera -- found version 8.2.2\n'}
[2.081378] (workspace_gz) StdoutLine: {'line': b'-- Searching for dependencies of gz-sensors8-boundingbox_camera\n'}
[2.081589] (workspace_gz) StdoutLine: {'line': b'-- Searching for <gz-sensors8> component [segmentation_camera]\n'}
[2.082200] (workspace_gz) StdoutLine: {'line': b'-- Looking for gz-sensors8-segmentation_camera -- found version 8.2.2\n'}
[2.082301] (workspace_gz) StdoutLine: {'line': b'-- Searching for dependencies of gz-sensors8-segmentation_camera\n'}
[2.082511] (workspace_gz) StdoutLine: {'line': b'-- Searching for <gz-sensors8> component [depth_camera]\n'}
[2.083069] (workspace_gz) StdoutLine: {'line': b'-- Looking for gz-sensors8-depth_camera -- found version 8.2.2\n'}
[2.083176] (workspace_gz) StdoutLine: {'line': b'-- Searching for dependencies of gz-sensors8-depth_camera\n'}
[2.083338] (workspace_gz) StdoutLine: {'line': b'-- Looking for gz-sensors8 -- found version 8.2.2\n'}
[2.083643] (workspace_gz) StdoutLine: {'line': b'-- Searching for <gz-sensors8> component [rgbd_camera]\n'}
[2.084206] (workspace_gz) StdoutLine: {'line': b'-- Looking for gz-sensors8-rgbd_camera -- found version 8.2.2\n'}
[2.084292] (workspace_gz) StdoutLine: {'line': b'-- Searching for dependencies of gz-sensors8-rgbd_camera\n'}
[2.084437] (workspace_gz) StdoutLine: {'line': b'-- Looking for gz-sensors8 -- found version 8.2.2\n'}
[2.084734] (workspace_gz) StdoutLine: {'line': b'-- Searching for <gz-sensors8> component [thermal_camera]\n'}
[2.085308] (workspace_gz) StdoutLine: {'line': b'-- Looking for gz-sensors8-thermal_camera -- found version 8.2.2\n'}
[2.085378] (workspace_gz) StdoutLine: {'line': b'-- Searching for dependencies of gz-sensors8-thermal_camera\n'}
[2.085538] (workspace_gz) StdoutLine: {'line': b'-- Looking for gz-sensors8 -- found version 8.2.2\n'}
[2.085846] (workspace_gz) StdoutLine: {'line': b'-- Searching for <gz-sensors8> component [wide_angle_camera]\n'}
[2.086431] (workspace_gz) StdoutLine: {'line': b'-- Looking for gz-sensors8-wide_angle_camera -- found version 8.2.2\n'}
[2.086495] (workspace_gz) StdoutLine: {'line': b'-- Searching for dependencies of gz-sensors8-wide_angle_camera\n'}
[2.087021] (workspace_gz) StdoutLine: {'line': b'-- Looking for gz-rendering8 -- found version 8.2.2\n'}
[2.087175] (workspace_gz) StdoutLine: {'line': b'-- Looking for gz-math7 -- found version 7.5.2\n'}
[2.087370] (workspace_gz) StdoutLine: {'line': b'-- Looking for gz-utils2 -- found version 2.2.1\n'}
[2.097791] (workspace_gz) StdoutLine: {'line': b'-- Looking for gz-common5 -- found version 5.7.1\n'}
[2.097856] (workspace_gz) StdoutLine: {'line': b'-- Looking for gz-math7 -- found version 7.5.2\n'}
[2.098057] (workspace_gz) StdoutLine: {'line': b'-- Looking for gz-transport13 -- found version 13.5.0\n'}
[2.098261] (workspace_gz) StdoutLine: {'line': b'-- Looking for gz-plugin2 -- found version 2.0.4\n'}
[2.098438] (workspace_gz) StdoutLine: {'line': b'-- Looking for gz-rendering8 -- found version 8.2.2\n'}
[2.098573] (workspace_gz) StdoutLine: {'line': b'-- Looking for gz-sensors8 -- found version 8.2.2\n'}
[2.098675] (workspace_gz) StdoutLine: {'line': b'-- Looking for gz-utils2 -- found version 2.2.1\n'}
[2.098933] (workspace_gz) StdoutLine: {'line': b'-- Looking for sdformat14 -- found version 14.8.0\n'}
[2.100854] (workspace_gz) StdoutLine: {'line': b'-- Found std_msgs: 5.3.6 (/opt/ros/jazzy/share/std_msgs/cmake)\n'}
[2.103558] (-) TimerEvent: {}
[2.123986] (workspace_gz) StdoutLine: {'line': b'-- Found rosidl_generator_c: 4.6.6 (/opt/ros/jazzy/share/rosidl_generator_c/cmake)\n'}
[2.132906] (workspace_gz) StdoutLine: {'line': b'-- Found rosidl_generator_cpp: 4.6.6 (/opt/ros/jazzy/share/rosidl_generator_cpp/cmake)\n'}
[2.142595] (workspace_gz) StdoutLine: {'line': b'-- Using all available rosidl_typesupport_c: rosidl_typesupport_fastrtps_c;rosidl_typesupport_introspection_c\n'}
[2.154436] (workspace_gz) StdoutLine: {'line': b'-- Using all available rosidl_typesupport_cpp: rosidl_typesupport_fastrtps_cpp;rosidl_typesupport_introspection_cpp\n'}
[2.175782] (workspace_gz) StdoutLine: {'line': b'-- Looking for gz-msgs10 -- found version 10.3.2\n'}
[2.176046] (workspace_gz) StdoutLine: {'line': b'-- Looking for gz-fuel_tools9 -- found version 9.1.1\n'}
[2.203723] (-) TimerEvent: {}
[2.222620] (workspace_gz) StdoutLine: {'line': b'-- Configuring done (2.2s)\n'}
[2.274816] (workspace_gz) StdoutLine: {'line': b'-- Generating done (0.0s)\n'}
[2.285124] (workspace_gz) StdoutLine: {'line': b'-- Build files have been written to: /home/tugmirk/Desktop/garp-test/build/workspace_gz\n'}
[2.293494] (workspace_gz) CommandEnded: {'returncode': 0}
[2.294155] (workspace_gz) JobProgress: {'identifier': 'workspace_gz', 'progress': 'build'}
[2.294166] (workspace_gz) Command: {'cmd': ['/usr/bin/cmake', '--build', '/home/tugmirk/Desktop/garp-test/build/workspace_gz', '--', '-j32', '-l32'], 'cwd': '/home/tugmirk/Desktop/garp-test/build/workspace_gz', 'env': OrderedDict({'LESSOPEN': '| /usr/bin/lesspipe %s', 'GZ_SIM_RESOURCE_PATH': '/opt/ros/jazzy/share', 'USER': 'tugmirk', 'GZ_CONFIG_PATH': '/opt/ros/jazzy/opt/gz_sim_vendor/share/gz:/opt/ros/jazzy/opt/sdformat_vendor/share/gz:/opt/ros/jazzy/opt/gz_gui_vendor/share/gz:/opt/ros/jazzy/opt/gz_transport_vendor/share/gz:/opt/ros/jazzy/opt/gz_rendering_vendor/share/gz:/opt/ros/jazzy/opt/gz_plugin_vendor/share/gz:/opt/ros/jazzy/opt/gz_fuel_tools_vendor/share/gz:/opt/ros/jazzy/opt/gz_msgs_vendor/share/gz:/opt/ros/jazzy/opt/gz_common_vendor/share/gz', 'XDG_SESSION_TYPE': 'x11', 'SHLVL': '1', 'LD_LIBRARY_PATH': '/home/tugmirk/Desktop/ros2_eg/ros2_ws/install/my_interfaces/lib:/opt/ros/jazzy/opt/gz_sim_vendor/lib:/opt/ros/jazzy/opt/gz_sensors_vendor/lib:/opt/ros/jazzy/opt/gz_physics_vendor/lib:/opt/ros/jazzy/opt/sdformat_vendor/lib:/opt/ros/jazzy/opt/rviz_ogre_vendor/lib:/opt/ros/jazzy/lib/x86_64-linux-gnu:/opt/ros/jazzy/opt/gz_gui_vendor/lib:/opt/ros/jazzy/opt/gz_transport_vendor/lib:/opt/ros/jazzy/opt/gz_rendering_vendor/lib:/opt/ros/jazzy/opt/gz_plugin_vendor/lib:/opt/ros/jazzy/opt/gz_fuel_tools_vendor/lib:/opt/ros/jazzy/opt/gz_msgs_vendor/lib:/opt/ros/jazzy/opt/gz_common_vendor/lib:/opt/ros/jazzy/opt/gz_math_vendor/lib:/opt/ros/jazzy/opt/gz_utils_vendor/lib:/opt/ros/jazzy/opt/gz_tools_vendor/lib:/opt/ros/jazzy/opt/gz_ogre_next_vendor/lib:/opt/ros/jazzy/opt/gz_dartsim_vendor/lib:/opt/ros/jazzy/opt/gz_cmake_vendor/lib:/opt/ros/jazzy/lib', 'HOME': '/home/tugmirk', 'OLDPWD': '/home/tugmirk', 'DESKTOP_SESSION': 'ubuntu', 'NVM_BIN': '/home/tugmirk/.config/nvm/versions/node/v24.12.0/bin', 'NVM_INC': '/home/tugmirk/.config/nvm/versions/node/v24.12.0/include/node', 'ROS_PYTHON_VERSION': '3', 'GNOME_SHELL_SESSION_MODE': 'ubuntu', 'GTK_MODULES': 'gail:atk-bridge', 'SYSTEMD_EXEC_PID': '3825', 'GSM_SKIP_SSH_AGENT_WORKAROUND': 'true', 'DBUS_SESSION_BUS_ADDRESS': 'unix:path=/run/user/1000/bus', 'COLORTERM': 'truecolor', 'GNOME_KEYRING_CONTROL': '/run/user/1000/keyring', 'NVM_DIR': '/home/tugmirk/.config/nvm', 'DEBUGINFOD_URLS': 'https://debuginfod.ubuntu.com', 'COLCON_PREFIX_PATH': '/home/tugmirk/Desktop/ros2_eg/ros2_ws/install', 'ROS_DISTRO': 'jazzy', 'LOGNAME': 'tugmirk', '_': '/usr/bin/colcon', 'ROS_VERSION': '2', 'MEMORY_PRESSURE_WATCH': '/sys/fs/cgroup/user.slice/user-1000.slice/user@1000.service/session.slice/org.gnome.SettingsDaemon.MediaKeys.service/memory.pressure', 'XDG_SESSION_CLASS': 'user', 'USERNAME': 'tugmirk', 'TERM': 'xterm-256color', 'GNOME_DESKTOP_SESSION_ID': 'this-is-deprecated', 'WINDOWPATH': '2', 'PATH': '/home/tugmirk/.config/nvm/versions/node/v24.12.0/bin:/opt/ros/jazzy/opt/gz_msgs_vendor/bin:/opt/ros/jazzy/opt/gz_tools_vendor/bin:/opt/ros/jazzy/opt/gz_ogre_next_vendor/bin:/opt/ros/jazzy/bin:/home/tugmirk/.local/bin:/usr/local/sbin:/usr/local/bin:/usr/sbin:/usr/bin:/sbin:/bin:/usr/games:/usr/local/games:/snap/bin:/snap/bin', 'SESSION_MANAGER': 'local/tugmirk-Katana-15-HX-B14WFK:@/tmp/.ICE-unix/3670,unix/tugmirk-Katana-15-HX-B14WFK:/tmp/.ICE-unix/3670', 'XDG_MENU_PREFIX': 'gnome-', 'GNOME_TERMINAL_SCREEN': '/org/gnome/Terminal/screen/74a590d1_aa1e_4a00_9cb6_51780375202c', 'XDG_RUNTIME_DIR': '/run/user/1000', 'DISPLAY': ':1', 'LANG': 'en_US.UTF-8', 'XDG_CURRENT_DESKTOP': 'ubuntu:GNOME', 'XMODIFIERS': '@im=ibus', 'XDG_SESSION_DESKTOP': 'ubuntu', 'XAUTHORITY': '/run/user/1000/gdm/Xauthority', 'LS_COLORS': 'rs=0:di=01;34:ln=01;36:mh=00:pi=40;33:so=01;35:do=01;35:bd=40;33;01:cd=40;33;01:or=40;31;01:mi=00:su=37;41:sg=30;43:ca=00:tw=30;42:ow=34;42:st=37;44:ex=01;32:*.tar=01;31:*.tgz=01;31:*.arc=01;31:*.arj=01;31:*.taz=01;31:*.lha=01;31:*.lz4=01;31:*.lzh=01;31:*.lzma=01;31:*.tlz=01;31:*.txz=01;31:*.tzo=01;31:*.t7z=01;31:*.zip=01;31:*.z=01;31:*.dz=01;31:*.gz=01;31:*.lrz=01;31:*.lz=01;31:*.lzo=01;31:*.xz=01;31:*.zst=01;31:*.tzst=01;31:*.bz2=01;31:*.bz=01;31:*.tbz=01;31:*.tbz2=01;31:*.tz=01;31:*.deb=01;31:*.rpm=01;31:*.jar=01;31:*.war=01;31:*.ear=01;31:*.sar=01;31:*.rar=01;31:*.alz=01;31:*.ace=01;31:*.zoo=01;31:*.cpio=01;31:*.7z=01;31:*.rz=01;31:*.cab=01;31:*.wim=01;31:*.swm=01;31:*.dwm=01;31:*.esd=01;31:*.avif=01;35:*.jpg=01;35:*.jpeg=01;35:*.mjpg=01;35:*.mjpeg=01;35:*.gif=01;35:*.bmp=01;35:*.pbm=01;35:*.pgm=01;35:*.ppm=01;35:*.tga=01;35:*.xbm=01;35:*.xpm=01;35:*.tif=01;35:*.tiff=01;35:*.png=01;35:*.svg=01;35:*.svgz=01;35:*.mng=01;35:*.pcx=01;35:*.mov=01;35:*.mpg=01;35:*.mpeg=01;35:*.m2v=01;35:*.mkv=01;35:*.webm=01;35:*.webp=01;35:*.ogm=01;35:*.mp4=01;35:*.m4v=01;35:*.mp4v=01;35:*.vob=01;35:*.qt=01;35:*.nuv=01;35:*.wmv=01;35:*.asf=01;35:*.rm=01;35:*.rmvb=01;35:*.flc=01;35:*.avi=01;35:*.fli=01;35:*.flv=01;35:*.gl=01;35:*.dl=01;35:*.xcf=01;35:*.xwd=01;35:*.yuv=01;35:*.cgm=01;35:*.emf=01;35:*.ogv=01;35:*.ogx=01;35:*.aac=00;36:*.au=00;36:*.flac=00;36:*.m4a=00;36:*.mid=00;36:*.midi=00;36:*.mka=00;36:*.mp3=00;36:*.mpc=00;36:*.ogg=00;36:*.ra=00;36:*.wav=00;36:*.oga=00;36:*.opus=00;36:*.spx=00;36:*.xspf=00;36:*~=00;90:*#=00;90:*.bak=00;90:*.crdownload=00;90:*.dpkg-dist=00;90:*.dpkg-new=00;90:*.dpkg-old=00;90:*.dpkg-tmp=00;90:*.old=00;90:*.orig=00;90:*.part=00;90:*.rej=00;90:*.rpmnew=00;90:*.rpmorig=00;90:*.rpmsave=00;90:*.swp=00;90:*.tmp=00;90:*.ucf-dist=00;90:*.ucf-new=00;90:*.ucf-old=00;90:', 'GNOME_TERMINAL_SERVICE': ':1.434', 'SSH_AUTH_SOCK': '/run/user/1000/keyring/ssh', 'AMENT_PREFIX_PATH': '/home/tugmirk/Desktop/ros2_eg/ros2_ws/install/my_robot:/home/tugmirk/Desktop/ros2_eg/ros2_ws/install/cpp_basics:/home/tugmirk/Desktop/ros2_eg/ros2_ws/install/my_interfaces:/opt/ros/jazzy', 'SHELL': '/bin/bash', 'QT_ACCESSIBILITY': '1', 'GDMSESSION': 'ubuntu', 'LESSCLOSE': '/usr/bin/lesspipe %s %s', 'GPG_AGENT_INFO': '/run/user/1000/gnupg/S.gpg-agent:0:1', 'ROS_AUTOMATIC_DISCOVERY_RANGE': 'SUBNET', 'QT_IM_MODULE': 'ibus', 'PWD': '/home/tugmirk/Desktop/garp-test/build/workspace_gz', 'XDG_CONFIG_DIRS': '/etc/xdg/xdg-ubuntu:/etc/xdg', 'NVM_CD_FLAGS': '', 'XDG_DATA_DIRS': '/usr/share/ubuntu:/usr/share/gnome:/home/tugmirk/.local/share/flatpak/exports/share:/var/lib/flatpak/exports/share:/usr/local/share/:/usr/share/:/var/lib/snapd/desktop', 'PYTHONPATH': '/home/tugmirk/Desktop/ros2_eg/ros2_ws/install/my_interfaces/lib/python3.12/site-packages:/usr/local/lib/python:/usr/local/lib/python:/opt/ros/jazzy/lib/python3.12/site-packages', 'COLCON': '1', 'MEMORY_PRESSURE_WRITE': 'c29tZSAyMDAwMDAgMjAwMDAwMAA=', 'VTE_VERSION': '7600', 'CMAKE_PREFIX_PATH': '/home/tugmirk/Desktop/ros2_eg/ros2_ws/install/my_robot:/home/tugmirk/Desktop/ros2_eg/ros2_ws/install/cpp_basics:/home/tugmirk/Desktop/ros2_eg/ros2_ws/install/my_interfaces:/opt/ros/jazzy/opt/gz_sim_vendor:/opt/ros/jazzy/opt/gz_sensors_vendor:/opt/ros/jazzy/opt/gz_physics_vendor:/opt/ros/jazzy/opt/sdformat_vendor:/opt/ros/jazzy/opt/gz_gui_vendor:/opt/ros/jazzy/opt/gz_transport_vendor:/opt/ros/jazzy/opt/gz_rendering_vendor:/opt/ros/jazzy/opt/gz_plugin_vendor:/opt/ros/jazzy/opt/gz_fuel_tools_vendor:/opt/ros/jazzy/opt/gz_msgs_vendor:/opt/ros/jazzy/opt/gz_common_vendor:/opt/ros/jazzy/opt/gz_math_vendor:/opt/ros/jazzy/opt/gz_utils_vendor:/opt/ros/jazzy/opt/gz_tools_vendor:/opt/ros/jazzy/opt/gz_ogre_next_vendor:/opt/ros/jazzy/opt/gz_dartsim_vendor:/opt/ros/jazzy/opt/gz_cmake_vendor:/opt/ros/jazzy'}), 'shell': False}
[2.303972] (-) TimerEvent: {}
[2.348032] (workspace_gz) StdoutLine: {'line': b'[  2%] \x1b[32mBuilding CXX object CMakeFiles/Waves.dir/plugins/Wavefield.cc.o\x1b[0m\n'}
[2.350162] (workspace_gz) StdoutLine: {'line': b'[  4%] \x1b[32mBuilding CXX object CMakeFiles/ScoringPlugin.dir/plugins/ScoringPlugin.cc.o\x1b[0m\n'}
[2.404085] (-) TimerEvent: {}
[2.504298] (-) TimerEvent: {}
[2.604592] (-) TimerEvent: {}
[2.704872] (-) TimerEvent: {}
[2.805059] (-) TimerEvent: {}
[2.905276] (-) TimerEvent: {}
[3.005554] (-) TimerEvent: {}
[3.105893] (-) TimerEvent: {}
[3.206081] (-) TimerEvent: {}
[3.306287] (-) TimerEvent: {}
[3.406565] (-) TimerEvent: {}
[3.506851] (-) TimerEvent: {}
[3.607035] (-) TimerEvent: {}
[3.707210] (-) TimerEvent: {}
[3.807496] (-) TimerEvent: {}
[3.881268] (workspace_gz) StdoutLine: {'line': b'[  6%] \x1b[32m\x1b[1mLinking CXX shared library libWaves.so\x1b[0m\n'}
[3.907675] (-) TimerEvent: {}
[3.984513] (workspace_gz) StdoutLine: {'line': b'[  6%] Built target Waves\n'}
[4.000803] (workspace_gz) StdoutLine: {'line': b'[  8%] \x1b[32mBuilding CXX object CMakeFiles/PolyhedraBuoyancyDrag.dir/plugins/ShapeVolume.cc.o\x1b[0m\n'}
[4.001252] (workspace_gz) StdoutLine: {'line': b'[ 12%] \x1b[32mBuilding CXX object CMakeFiles/PolyhedraBuoyancyDrag.dir/plugins/PolyhedronVolume.cc.o\x1b[0m\n'}
[4.001559] (workspace_gz) StdoutLine: {'line': b'[ 12%] \x1b[32mBuilding CXX object CMakeFiles/PolyhedraBuoyancyDrag.dir/plugins/PolyhedraBuoyancyDrag.cc.o\x1b[0m\n'}
[4.007930] (-) TimerEvent: {}
[4.108103] (-) TimerEvent: {}
[4.208317] (-) TimerEvent: {}
[4.308582] (-) TimerEvent: {}
[4.408875] (-) TimerEvent: {}
[4.509066] (-) TimerEvent: {}
[4.539187] (workspace_gz) StdoutLine: {'line': b'[ 14%] \x1b[32m\x1b[1mLinking CXX shared library libScoringPlugin.so\x1b[0m\n'}
[4.609162] (-) TimerEvent: {}
[4.662510] (workspace_gz) StdoutLine: {'line': b'[ 14%] Built target ScoringPlugin\n'}
[4.678740] (workspace_gz) StdoutLine: {'line': b'[ 16%] \x1b[32mBuilding CXX object CMakeFiles/AcousticPerceptionScoringPlugin.dir/plugins/AcousticPerceptionScoringPlugin.cc.o\x1b[0m\n'}
[4.679950] (workspace_gz) StdoutLine: {'line': b'[ 18%] \x1b[32mBuilding CXX object CMakeFiles/NavigationScoringPlugin.dir/plugins/NavigationScoringPlugin.cc.o\x1b[0m\n'}
[4.680287] (workspace_gz) StdoutLine: {'line': b'[ 20%] \x1b[32mBuilding CXX object CMakeFiles/PlacardPlugin.dir/plugins/PlacardPlugin.cc.o\x1b[0m\n'}
[4.680671] (workspace_gz) StdoutLine: {'line': b'[ 22%] \x1b[32mBuilding CXX object CMakeFiles/StationkeepingScoringPlugin.dir/plugins/WaypointMarkers.cc.o\x1b[0m\n'}
[4.681242] (workspace_gz) StdoutLine: {'line': b'[ 25%] \x1b[32mBuilding CXX object CMakeFiles/AcousticPerceptionScoringPlugin.dir/plugins/WaypointMarkers.cc.o\x1b[0m\n'}
[4.681481] (workspace_gz) StdoutLine: {'line': b'[ 27%] \x1b[32mBuilding CXX object CMakeFiles/StationkeepingScoringPlugin.dir/plugins/StationkeepingScoringPlugin.cc.o\x1b[0m\n'}
[4.681602] (workspace_gz) StdoutLine: {'line': b'[ 29%] \x1b[32mBuilding CXX object CMakeFiles/ScanDockScoringPlugin.dir/plugins/ScanDockScoringPlugin.cc.o\x1b[0m\n'}
[4.682743] (workspace_gz) StdoutLine: {'line': b'[ 31%] \x1b[32mBuilding CXX object CMakeFiles/PerceptionScoringPlugin.dir/plugins/PerceptionScoringPlugin.cc.o\x1b[0m\n'}
[4.683144] (workspace_gz) StdoutLine: {'line': b'[ 33%] \x1b[32mBuilding CXX object CMakeFiles/AcousticPingerPlugin.dir/plugins/AcousticPingerPlugin.cc.o\x1b[0m\n'}
[4.683495] (workspace_gz) StdoutLine: {'line': b'[ 37%] \x1b[32mBuilding CXX object CMakeFiles/WayfindingScoringPlugin.dir/plugins/WayfindingScoringPlugin.cc.o\x1b[0m\n'}
[4.683716] (workspace_gz) StdoutLine: {'line': b'[ 37%] \x1b[32mBuilding CXX object CMakeFiles/WildlifeScoringPlugin.dir/plugins/WildlifeScoringPlugin.cc.o\x1b[0m\n'}
[4.684087] (workspace_gz) StdoutLine: {'line': b'[ 43%] \x1b[32mBuilding CXX object CMakeFiles/AcousticTrackingScoringPlugin.dir/plugins/WaypointMarkers.cc.o\x1b[0m\n'}
[4.684223] (workspace_gz) StdoutLine: {'line': b'[ 43%] \x1b[32mBuilding CXX object CMakeFiles/GymkhanaScoringPlugin.dir/plugins/GymkhanaScoringPlugin.cc.o\x1b[0m\n'}
[4.684324] (workspace_gz) StdoutLine: {'line': b'[ 39%] \x1b[32mBuilding CXX object CMakeFiles/AcousticTrackingScoringPlugin.dir/plugins/AcousticTrackingScoringPlugin.cc.o\x1b[0m\n'}
[4.684434] (workspace_gz) StdoutLine: {'line': b'[ 45%] \x1b[32mBuilding CXX object CMakeFiles/WayfindingScoringPlugin.dir/plugins/WaypointMarkers.cc.o\x1b[0m\n'}
[4.685180] (workspace_gz) StdoutLine: {'line': b'[ 47%] \x1b[32mBuilding CXX object CMakeFiles/LightBuoyPlugin.dir/plugins/LightBuoyPlugin.cc.o\x1b[0m\n'}
[4.685470] (workspace_gz) StdoutLine: {'line': b'[ 50%] \x1b[32mBuilding CXX object CMakeFiles/BallShooterPlugin.dir/plugins/BallShooterPlugin.cc.o\x1b[0m\n'}
[4.686866] (workspace_gz) StdoutLine: {'line': b'[ 52%] \x1b[32mBuilding CXX object CMakeFiles/USVWind.dir/plugins/USVWind.cc.o\x1b[0m\n'}
[4.686926] (workspace_gz) StdoutLine: {'line': b'[ 56%] \x1b[32mBuilding CXX object CMakeFiles/WaveVisual.dir/plugins/WaveVisual.cc.o\x1b[0m\n'}
[4.686967] (workspace_gz) StdoutLine: {'line': b'[ 56%] \x1b[32mBuilding CXX object CMakeFiles/PublisherPlugin.dir/plugins/PublisherPlugin.cc.o\x1b[0m\n'}
[4.687010] (workspace_gz) StdoutLine: {'line': b'[ 58%] \x1b[32mBuilding CXX object CMakeFiles/SimpleHydrodynamics.dir/plugins/SimpleHydrodynamics.cc.o\x1b[0m\n'}
[4.687341] (workspace_gz) StdoutLine: {'line': b'[ 60%] \x1b[32mBuilding CXX object CMakeFiles/Surface.dir/plugins/Surface.cc.o\x1b[0m\n'}
[4.709263] (-) TimerEvent: {}
[4.809517] (-) TimerEvent: {}
[4.909797] (-) TimerEvent: {}
[5.010183] (-) TimerEvent: {}
[5.110578] (-) TimerEvent: {}
[5.210924] (-) TimerEvent: {}
[5.311213] (-) TimerEvent: {}
[5.411499] (-) TimerEvent: {}
[5.511801] (-) TimerEvent: {}
[5.612089] (-) TimerEvent: {}
[5.712549] (-) TimerEvent: {}
[5.812837] (-) TimerEvent: {}
[5.913115] (-) TimerEvent: {}
[6.013389] (-) TimerEvent: {}
[6.113663] (-) TimerEvent: {}
[6.213945] (-) TimerEvent: {}
[6.314214] (-) TimerEvent: {}
[6.414491] (-) TimerEvent: {}
[6.514755] (-) TimerEvent: {}
[6.615038] (-) TimerEvent: {}
[6.715308] (-) TimerEvent: {}
[6.815578] (-) TimerEvent: {}
[6.915869] (-) TimerEvent: {}
[7.016176] (-) TimerEvent: {}
[7.116456] (-) TimerEvent: {}
[7.216729] (-) TimerEvent: {}
[7.317018] (-) TimerEvent: {}
[7.417296] (-) TimerEvent: {}
[7.517564] (-) TimerEvent: {}
[7.532710] (workspace_gz) StdoutLine: {'line': b'[ 62%] \x1b[32m\x1b[1mLinking CXX shared library libSimpleHydrodynamics.so\x1b[0m\n'}
[7.598014] (workspace_gz) StdoutLine: {'line': b'[ 64%] \x1b[32m\x1b[1mLinking CXX shared library libSurface.so\x1b[0m\n'}
[7.617677] (-) TimerEvent: {}
[7.671216] (workspace_gz) StdoutLine: {'line': b'[ 64%] Built target SimpleHydrodynamics\n'}
[7.717787] (-) TimerEvent: {}
[7.818045] (-) TimerEvent: {}
[7.819536] (workspace_gz) StdoutLine: {'line': b'[ 64%] Built target Surface\n'}
[7.918230] (-) TimerEvent: {}
[8.018586] (-) TimerEvent: {}
[8.118839] (-) TimerEvent: {}
[8.219181] (-) TimerEvent: {}
[8.319446] (-) TimerEvent: {}
[8.419721] (-) TimerEvent: {}
[8.445801] (workspace_gz) StdoutLine: {'line': b'[ 66%] \x1b[32m\x1b[1mLinking CXX shared library libAcousticPerceptionScoringPlugin.so\x1b[0m\n'}
[8.483570] (workspace_gz) StdoutLine: {'line': b'[ 68%] \x1b[32m\x1b[1mLinking CXX shared library libPerceptionScoringPlugin.so\x1b[0m\n'}
[8.519836] (-) TimerEvent: {}
[8.558157] (workspace_gz) StdoutLine: {'line': b'[ 70%] \x1b[32m\x1b[1mLinking CXX shared library libPublisherPlugin.so\x1b[0m\n'}
[8.619944] (-) TimerEvent: {}
[8.703839] (workspace_gz) StdoutLine: {'line': b'[ 70%] Built target PublisherPlugin\n'}
[8.711048] (workspace_gz) StdoutLine: {'line': b'[ 70%] Built target PerceptionScoringPlugin\n'}
[8.720056] (-) TimerEvent: {}
[8.723687] (workspace_gz) StdoutLine: {'line': b'[ 70%] Built target AcousticPerceptionScoringPlugin\n'}
[8.742838] (workspace_gz) StdoutLine: {'line': b'[ 72%] \x1b[32m\x1b[1mLinking CXX shared library libLightBuoyPlugin.so\x1b[0m\n'}
[8.820279] (-) TimerEvent: {}
[8.898683] (workspace_gz) StdoutLine: {'line': b'[ 72%] Built target LightBuoyPlugin\n'}
[8.920382] (-) TimerEvent: {}
[9.020681] (-) TimerEvent: {}
[9.037249] (workspace_gz) StdoutLine: {'line': b'[ 75%] \x1b[32m\x1b[1mLinking CXX shared library libStationkeepingScoringPlugin.so\x1b[0m\n'}
[9.039385] (workspace_gz) StdoutLine: {'line': b'[ 77%] \x1b[32m\x1b[1mLinking CXX shared library libWildlifeScoringPlugin.so\x1b[0m\n'}
[9.120905] (-) TimerEvent: {}
[9.221167] (-) TimerEvent: {}
[9.235434] (workspace_gz) StdoutLine: {'line': b'[ 77%] Built target StationkeepingScoringPlugin\n'}
[9.273417] (workspace_gz) StdoutLine: {'line': b'[ 77%] Built target WildlifeScoringPlugin\n'}
[9.294111] (workspace_gz) StdoutLine: {'line': b'[ 79%] \x1b[32m\x1b[1mLinking CXX shared library libPlacardPlugin.so\x1b[0m\n'}
[9.312096] (workspace_gz) StdoutLine: {'line': b'[ 81%] \x1b[32m\x1b[1mLinking CXX shared library libPolyhedraBuoyancyDrag.so\x1b[0m\n'}
[9.317764] (workspace_gz) StdoutLine: {'line': b'[ 83%] \x1b[32m\x1b[1mLinking CXX shared library libGymkhanaScoringPlugin.so\x1b[0m\n'}
[9.321332] (-) TimerEvent: {}
[9.421710] (-) TimerEvent: {}
[9.438069] (workspace_gz) StdoutLine: {'line': b'[ 85%] \x1b[32m\x1b[1mLinking CXX shared library libScanDockScoringPlugin.so\x1b[0m\n'}
[9.480672] (workspace_gz) StdoutLine: {'line': b'[ 85%] Built target PlacardPlugin\n'}
[9.486672] (workspace_gz) StdoutLine: {'line': b'[ 85%] Built target GymkhanaScoringPlugin\n'}
[9.495009] (workspace_gz) StdoutLine: {'line': b'[ 85%] Built target PolyhedraBuoyancyDrag\n'}
[9.521978] (-) TimerEvent: {}
[9.622455] (-) TimerEvent: {}
[9.624459] (workspace_gz) StdoutLine: {'line': b'[ 85%] Built target ScanDockScoringPlugin\n'}
[9.692130] (workspace_gz) StdoutLine: {'line': b'[ 87%] \x1b[32m\x1b[1mLinking CXX shared library libAcousticTrackingScoringPlugin.so\x1b[0m\n'}
[9.722617] (-) TimerEvent: {}
[9.783875] (workspace_gz) StdoutLine: {'line': b'[ 89%] \x1b[32m\x1b[1mLinking CXX shared library libWayfindingScoringPlugin.so\x1b[0m\n'}
[9.784246] (workspace_gz) StdoutLine: {'line': b'[ 91%] \x1b[32m\x1b[1mLinking CXX shared library libAcousticPingerPlugin.so\x1b[0m\n'}
[9.822757] (-) TimerEvent: {}
[9.873670] (workspace_gz) StdoutLine: {'line': b'[ 91%] Built target AcousticTrackingScoringPlugin\n'}
[9.922819] (-) TimerEvent: {}
[9.940143] (workspace_gz) StdoutLine: {'line': b'[ 91%] Built target AcousticPingerPlugin\n'}
[9.941963] (workspace_gz) StdoutLine: {'line': b'[ 93%] \x1b[32m\x1b[1mLinking CXX shared library libUSVWind.so\x1b[0m\n'}
[9.952450] (workspace_gz) StdoutLine: {'line': b'[ 93%] Built target WayfindingScoringPlugin\n'}
[10.022936] (-) TimerEvent: {}
[10.074205] (workspace_gz) StdoutLine: {'line': b'[ 93%] Built target USVWind\n'}
[10.123063] (-) TimerEvent: {}
[10.205910] (workspace_gz) StdoutLine: {'line': b'[ 95%] \x1b[32m\x1b[1mLinking CXX shared library libNavigationScoringPlugin.so\x1b[0m\n'}
[10.223173] (-) TimerEvent: {}
[10.323448] (-) TimerEvent: {}
[10.331336] (workspace_gz) StdoutLine: {'line': b'[ 95%] Built target NavigationScoringPlugin\n'}
[10.423675] (-) TimerEvent: {}
[10.512527] (workspace_gz) StdoutLine: {'line': b'[ 97%] \x1b[32m\x1b[1mLinking CXX shared library libBallShooterPlugin.so\x1b[0m\n'}
[10.523915] (-) TimerEvent: {}
[10.541453] (workspace_gz) StdoutLine: {'line': b'[100%] \x1b[32m\x1b[1mLinking CXX shared library libWaveVisual.so\x1b[0m\n'}
[10.624218] (-) TimerEvent: {}
[10.639938] (workspace_gz) StdoutLine: {'line': b'[100%] Built target BallShooterPlugin\n'}
[10.663332] (workspace_gz) StdoutLine: {'line': b'[100%] Built target WaveVisual\n'}
[10.670910] (workspace_gz) CommandEnded: {'returncode': 0}
[10.671329] (workspace_gz) JobProgress: {'identifier': 'workspace_gz', 'progress': 'install'}
[10.677965] (workspace_gz) Command: {'cmd': ['/usr/bin/cmake', '--install', '/home/tugmirk/Desktop/garp-test/build/workspace_gz'], 'cwd': '/home/tugmirk/Desktop/garp-test/build/workspace_gz', 'env': OrderedDict({'LESSOPEN': '| /usr/bin/lesspipe %s', 'GZ_SIM_RESOURCE_PATH': '/opt/ros/jazzy/share', 'USER': 'tugmirk', 'GZ_CONFIG_PATH': '/opt/ros/jazzy/opt/gz_sim_vendor/share/gz:/opt/ros/jazzy/opt/sdformat_vendor/share/gz:/opt/ros/jazzy/opt/gz_gui_vendor/share/gz:/opt/ros/jazzy/opt/gz_transport_vendor/share/gz:/opt/ros/jazzy/opt/gz_rendering_vendor/share/gz:/opt/ros/jazzy/opt/gz_plugin_vendor/share/gz:/opt/ros/jazzy/opt/gz_fuel_tools_vendor/share/gz:/opt/ros/jazzy/opt/gz_msgs_vendor/share/gz:/opt/ros/jazzy/opt/gz_common_vendor/share/gz', 'XDG_SESSION_TYPE': 'x11', 'SHLVL': '1', 'LD_LIBRARY_PATH': '/home/tugmirk/Desktop/ros2_eg/ros2_ws/install/my_interfaces/lib:/opt/ros/jazzy/opt/gz_sim_vendor/lib:/opt/ros/jazzy/opt/gz_sensors_vendor/lib:/opt/ros/jazzy/opt/gz_physics_vendor/lib:/opt/ros/jazzy/opt/sdformat_vendor/lib:/opt/ros/jazzy/opt/rviz_ogre_vendor/lib:/opt/ros/jazzy/lib/x86_64-linux-gnu:/opt/ros/jazzy/opt/gz_gui_vendor/lib:/opt/ros/jazzy/opt/gz_transport_vendor/lib:/opt/ros/jazzy/opt/gz_rendering_vendor/lib:/opt/ros/jazzy/opt/gz_plugin_vendor/lib:/opt/ros/jazzy/opt/gz_fuel_tools_vendor/lib:/opt/ros/jazzy/opt/gz_msgs_vendor/lib:/opt/ros/jazzy/opt/gz_common_vendor/lib:/opt/ros/jazzy/opt/gz_math_vendor/lib:/opt/ros/jazzy/opt/gz_utils_vendor/lib:/opt/ros/jazzy/opt/gz_tools_vendor/lib:/opt/ros/jazzy/opt/gz_ogre_next_vendor/lib:/opt/ros/jazzy/opt/gz_dartsim_vendor/lib:/opt/ros/jazzy/opt/gz_cmake_vendor/lib:/opt/ros/jazzy/lib', 'HOME': '/home/tugmirk', 'OLDPWD': '/home/tugmirk', 'DESKTOP_SESSION': 'ubuntu', 'NVM_BIN': '/home/tugmirk/.config/nvm/versions/node/v24.12.0/bin', 'NVM_INC': '/home/tugmirk/.config/nvm/versions/node/v24.12.0/include/node', 'ROS_PYTHON_VERSION': '3', 'GNOME_SHELL_SESSION_MODE': 'ubuntu', 'GTK_MODULES': 'gail:atk-bridge', 'SYSTEMD_EXEC_PID': '3825', 'GSM_SKIP_SSH_AGENT_WORKAROUND': 'true', 'DBUS_SESSION_BUS_ADDRESS': 'unix:path=/run/user/1000/bus', 'COLORTERM': 'truecolor', 'GNOME_KEYRING_CONTROL': '/run/user/1000/keyring', 'NVM_DIR': '/home/tugmirk/.config/nvm', 'DEBUGINFOD_URLS': 'https://debuginfod.ubuntu.com', 'COLCON_PREFIX_PATH': '/home/tugmirk/Desktop/ros2_eg/ros2_ws/install', 'ROS_DISTRO': 'jazzy', 'LOGNAME': 'tugmirk', '_': '/usr/bin/colcon', 'ROS_VERSION': '2', 'MEMORY_PRESSURE_WATCH': '/sys/fs/cgroup/user.slice/user-1000.slice/user@1000.service/session.slice/org.gnome.SettingsDaemon.MediaKeys.service/memory.pressure', 'XDG_SESSION_CLASS': 'user', 'USERNAME': 'tugmirk', 'TERM': 'xterm-256color', 'GNOME_DESKTOP_SESSION_ID': 'this-is-deprecated', 'WINDOWPATH': '2', 'PATH': '/home/tugmirk/.config/nvm/versions/node/v24.12.0/bin:/opt/ros/jazzy/opt/gz_msgs_vendor/bin:/opt/ros/jazzy/opt/gz_tools_vendor/bin:/opt/ros/jazzy/opt/gz_ogre_next_vendor/bin:/opt/ros/jazzy/bin:/home/tugmirk/.local/bin:/usr/local/sbin:/usr/local/bin:/usr/sbin:/usr/bin:/sbin:/bin:/usr/games:/usr/local/games:/snap/bin:/snap/bin', 'SESSION_MANAGER': 'local/tugmirk-Katana-15-HX-B14WFK:@/tmp/.ICE-unix/3670,unix/tugmirk-Katana-15-HX-B14WFK:/tmp/.ICE-unix/3670', 'XDG_MENU_PREFIX': 'gnome-', 'GNOME_TERMINAL_SCREEN': '/org/gnome/Terminal/screen/74a590d1_aa1e_4a00_9cb6_51780375202c', 'XDG_RUNTIME_DIR': '/run/user/1000', 'DISPLAY': ':1', 'LANG': 'en_US.UTF-8', 'XDG_CURRENT_DESKTOP': 'ubuntu:GNOME', 'XMODIFIERS': '@im=ibus', 'XDG_SESSION_DESKTOP': 'ubuntu', 'XAUTHORITY': '/run/user/1000/gdm/Xauthority', 'LS_COLORS': 'rs=0:di=01;34:ln=01;36:mh=00:pi=40;33:so=01;35:do=01;35:bd=40;33;01:cd=40;33;01:or=40;31;01:mi=00:su=37;41:sg=30;43:ca=00:tw=30;42:ow=34;42:st=37;44:ex=01;32:*.tar=01;31:*.tgz=01;31:*.arc=01;31:*.arj=01;31:*.taz=01;31:*.lha=01;31:*.lz4=01;31:*.lzh=01;31:*.lzma=01;31:*.tlz=01;31:*.txz=01;31:*.tzo=01;31:*.t7z=01;31:*.zip=01;31:*.z=01;31:*.dz=01;31:*.gz=01;31:*.lrz=01;31:*.lz=01;31:*.lzo=01;31:*.xz=01;31:*.zst=01;31:*.tzst=01;31:*.bz2=01;31:*.bz=01;31:*.tbz=01;31:*.tbz2=01;31:*.tz=01;31:*.deb=01;31:*.rpm=01;31:*.jar=01;31:*.war=01;31:*.ear=01;31:*.sar=01;31:*.rar=01;31:*.alz=01;31:*.ace=01;31:*.zoo=01;31:*.cpio=01;31:*.7z=01;31:*.rz=01;31:*.cab=01;31:*.wim=01;31:*.swm=01;31:*.dwm=01;31:*.esd=01;31:*.avif=01;35:*.jpg=01;35:*.jpeg=01;35:*.mjpg=01;35:*.mjpeg=01;35:*.gif=01;35:*.bmp=01;35:*.pbm=01;35:*.pgm=01;35:*.ppm=01;35:*.tga=01;35:*.xbm=01;35:*.xpm=01;35:*.tif=01;35:*.tiff=01;35:*.png=01;35:*.svg=01;35:*.svgz=01;35:*.mng=01;35:*.pcx=01;35:*.mov=01;35:*.mpg=01;35:*.mpeg=01;35:*.m2v=01;35:*.mkv=01;35:*.webm=01;35:*.webp=01;35:*.ogm=01;35:*.mp4=01;35:*.m4v=01;35:*.mp4v=01;35:*.vob=01;35:*.qt=01;35:*.nuv=01;35:*.wmv=01;35:*.asf=01;35:*.rm=01;35:*.rmvb=01;35:*.flc=01;35:*.avi=01;35:*.fli=01;35:*.flv=01;35:*.gl=01;35:*.dl=01;35:*.xcf=01;35:*.xwd=01;35:*.yuv=01;35:*.cgm=01;35:*.emf=01;35:*.ogv=01;35:*.ogx=01;35:*.aac=00;36:*.au=00;36:*.flac=00;36:*.m4a=00;36:*.mid=00;36:*.midi=00;36:*.mka=00;36:*.mp3=00;36:*.mpc=00;36:*.ogg=00;36:*.ra=00;36:*.wav=00;36:*.oga=00;36:*.opus=00;36:*.spx=00;36:*.xspf=00;36:*~=00;90:*#=00;90:*.bak=00;90:*.crdownload=00;90:*.dpkg-dist=00;90:*.dpkg-new=00;90:*.dpkg-old=00;90:*.dpkg-tmp=00;90:*.old=00;90:*.orig=00;90:*.part=00;90:*.rej=00;90:*.rpmnew=00;90:*.rpmorig=00;90:*.rpmsave=00;90:*.swp=00;90:*.tmp=00;90:*.ucf-dist=00;90:*.ucf-new=00;90:*.ucf-old=00;90:', 'GNOME_TERMINAL_SERVICE': ':1.434', 'SSH_AUTH_SOCK': '/run/user/1000/keyring/ssh', 'AMENT_PREFIX_PATH': '/home/tugmirk/Desktop/ros2_eg/ros2_ws/install/my_robot:/home/tugmirk/Desktop/ros2_eg/ros2_ws/install/cpp_basics:/home/tugmirk/Desktop/ros2_eg/ros2_ws/install/my_interfaces:/opt/ros/jazzy', 'SHELL': '/bin/bash', 'QT_ACCESSIBILITY': '1', 'GDMSESSION': 'ubuntu', 'LESSCLOSE': '/usr/bin/lesspipe %s %s', 'GPG_AGENT_INFO': '/run/user/1000/gnupg/S.gpg-agent:0:1', 'ROS_AUTOMATIC_DISCOVERY_RANGE': 'SUBNET', 'QT_IM_MODULE': 'ibus', 'PWD': '/home/tugmirk/Desktop/garp-test/build/workspace_gz', 'XDG_CONFIG_DIRS': '/etc/xdg/xdg-ubuntu:/etc/xdg', 'NVM_CD_FLAGS': '', 'XDG_DATA_DIRS': '/usr/share/ubuntu:/usr/share/gnome:/home/tugmirk/.local/share/flatpak/exports/share:/var/lib/flatpak/exports/share:/usr/local/share/:/usr/share/:/var/lib/snapd/desktop', 'PYTHONPATH': '/home/tugmirk/Desktop/ros2_eg/ros2_ws/install/my_interfaces/lib/python3.12/site-packages:/usr/local/lib/python:/usr/local/lib/python:/opt/ros/jazzy/lib/python3.12/site-packages', 'COLCON': '1', 'MEMORY_PRESSURE_WRITE': 'c29tZSAyMDAwMDAgMjAwMDAwMAA=', 'VTE_VERSION': '7600', 'CMAKE_PREFIX_PATH': '/home/tugmirk/Desktop/ros2_eg/ros2_ws/install/my_robot:/home/tugmirk/Desktop/ros2_eg/ros2_ws/install/cpp_basics:/home/tugmirk/Desktop/ros2_eg/ros2_ws/install/my_interfaces:/opt/ros/jazzy/opt/gz_sim_vendor:/opt/ros/jazzy/opt/gz_sensors_vendor:/opt/ros/jazzy/opt/gz_physics_vendor:/opt/ros/jazzy/opt/sdformat_vendor:/opt/ros/jazzy/opt/gz_gui_vendor:/opt/ros/jazzy/opt/gz_transport_vendor:/opt/ros/jazzy/opt/gz_rendering_vendor:/opt/ros/jazzy/opt/gz_plugin_vendor:/opt/ros/jazzy/opt/gz_fuel_tools_vendor:/opt/ros/jazzy/opt/gz_msgs_vendor:/opt/ros/jazzy/opt/gz_common_vendor:/opt/ros/jazzy/opt/gz_math_vendor:/opt/ros/jazzy/opt/gz_utils_vendor:/opt/ros/jazzy/opt/gz_tools_vendor:/opt/ros/jazzy/opt/gz_ogre_next_vendor:/opt/ros/jazzy/opt/gz_dartsim_vendor:/opt/ros/jazzy/opt/gz_cmake_vendor:/opt/ros/jazzy'}), 'shell': False}
[10.687492] (workspace_gz) StdoutLine: {'line': b'-- Install configuration: ""\n'}
[10.687751] (workspace_gz) StdoutLine: {'line': b'-- Execute custom install script\n'}
[10.688193] (workspace_gz) StdoutLine: {'line': b'-- Symlinking: /home/tugmirk/Desktop/garp-test/install/workspace_gz/lib/libWaves.so\n'}
[10.697398] (workspace_gz) StdoutLine: {'line': b'-- Symlinking: /home/tugmirk/Desktop/garp-test/install/workspace_gz/lib/libPolyhedraBuoyancyDrag.so\n'}
[10.706714] (workspace_gz) StdoutLine: {'line': b'-- Symlinking: /home/tugmirk/Desktop/garp-test/install/workspace_gz/lib/libScoringPlugin.so\n'}
[10.718702] (workspace_gz) StdoutLine: {'line': b'-- Symlinking: /home/tugmirk/Desktop/garp-test/install/workspace_gz/lib/libStationkeepingScoringPlugin.so\n'}
[10.724352] (-) TimerEvent: {}
[10.733096] (workspace_gz) StdoutLine: {'line': b'-- Symlinking: /home/tugmirk/Desktop/garp-test/install/workspace_gz/lib/libWayfindingScoringPlugin.so\n'}
[10.749198] (workspace_gz) StdoutLine: {'line': b'-- Symlinking: /home/tugmirk/Desktop/garp-test/install/workspace_gz/lib/libAcousticPerceptionScoringPlugin.so\n'}
[10.768263] (workspace_gz) StdoutLine: {'line': b'-- Symlinking: /home/tugmirk/Desktop/garp-test/install/workspace_gz/lib/libAcousticTrackingScoringPlugin.so\n'}
[10.781929] (workspace_gz) StdoutLine: {'line': b'-- Symlinking: /home/tugmirk/Desktop/garp-test/install/workspace_gz/lib/libAcousticPingerPlugin.so\n'}
[10.788224] (workspace_gz) StdoutLine: {'line': b'-- Symlinking: /home/tugmirk/Desktop/garp-test/install/workspace_gz/lib/libBallShooterPlugin.so\n'}
[10.796384] (workspace_gz) StdoutLine: {'line': b'-- Symlinking: /home/tugmirk/Desktop/garp-test/install/workspace_gz/lib/libLightBuoyPlugin.so\n'}
[10.804344] (workspace_gz) StdoutLine: {'line': b'-- Symlinking: /home/tugmirk/Desktop/garp-test/install/workspace_gz/lib/libNavigationScoringPlugin.so\n'}
[10.811899] (workspace_gz) StdoutLine: {'line': b'-- Symlinking: /home/tugmirk/Desktop/garp-test/install/workspace_gz/lib/libGymkhanaScoringPlugin.so\n'}
[10.816833] (workspace_gz) StdoutLine: {'line': b'-- Symlinking: /home/tugmirk/Desktop/garp-test/install/workspace_gz/lib/libPerceptionScoringPlugin.so\n'}
[10.824534] (workspace_gz) StdoutLine: {'line': b'-- Symlinking: /home/tugmirk/Desktop/garp-test/install/workspace_gz/lib/libPlacardPlugin.so\n'}
[10.824594] (-) TimerEvent: {}
[10.829658] (workspace_gz) StdoutLine: {'line': b'-- Symlinking: /home/tugmirk/Desktop/garp-test/install/workspace_gz/lib/libPublisherPlugin.so\n'}
[10.836724] (workspace_gz) StdoutLine: {'line': b'-- Symlinking: /home/tugmirk/Desktop/garp-test/install/workspace_gz/lib/libScanDockScoringPlugin.so\n'}
[10.843119] (workspace_gz) StdoutLine: {'line': b'-- Symlinking: /home/tugmirk/Desktop/garp-test/install/workspace_gz/lib/libSimpleHydrodynamics.so\n'}
[10.848772] (workspace_gz) StdoutLine: {'line': b'-- Symlinking: /home/tugmirk/Desktop/garp-test/install/workspace_gz/lib/libSurface.so\n'}
[10.857811] (workspace_gz) StdoutLine: {'line': b'-- Symlinking: /home/tugmirk/Desktop/garp-test/install/workspace_gz/lib/libUSVWind.so\n'}
[10.874256] (workspace_gz) StdoutLine: {'line': b'-- Symlinking: /home/tugmirk/Desktop/garp-test/install/workspace_gz/lib/libWaveVisual.so\n'}
[10.887743] (workspace_gz) StdoutLine: {'line': b'-- Symlinking: /home/tugmirk/Desktop/garp-test/install/workspace_gz/lib/libWildlifeScoringPlugin.so\n'}
[10.899810] (workspace_gz) StdoutLine: {'line': b'-- Symlinking: /home/tugmirk/Desktop/garp-test/install/workspace_gz/share/workspace_gz//description/roboboat/roboboat.xacro\n'}
[10.910676] (workspace_gz) StdoutLine: {'line': b'-- Symlinking: /home/tugmirk/Desktop/garp-test/install/workspace_gz/share/workspace_gz//launch/simulation.launch.py\n'}
[10.924809] (-) TimerEvent: {}
[10.928659] (workspace_gz) StdoutLine: {'line': b'-- Symlinking: /home/tugmirk/Desktop/garp-test/install/workspace_gz/share/workspace_gz//models/buoys/marker_buoy_black/materials/textures/MarkerBuoy_Base_Color.png\n'}
[10.945880] (workspace_gz) StdoutLine: {'line': b'-- Symlinking: /home/tugmirk/Desktop/garp-test/install/workspace_gz/share/workspace_gz//models/buoys/marker_buoy_black/materials/textures/MarkerBuoy_Roughness.png\n'}
[10.966181] (workspace_gz) StdoutLine: {'line': b'-- Symlinking: /home/tugmirk/Desktop/garp-test/install/workspace_gz/share/workspace_gz//models/buoys/marker_buoy_black/meshes/marker_buoy.dae\n'}
[10.990698] (workspace_gz) StdoutLine: {'line': b'-- Symlinking: /home/tugmirk/Desktop/garp-test/install/workspace_gz/share/workspace_gz//models/buoys/marker_buoy_black/model.config\n'}
[11.013143] (workspace_gz) StdoutLine: {'line': b'-- Symlinking: /home/tugmirk/Desktop/garp-test/install/workspace_gz/share/workspace_gz//models/buoys/marker_buoy_black/model.sdf\n'}
[11.024935] (-) TimerEvent: {}
[11.035900] (workspace_gz) StdoutLine: {'line': b'-- Symlinking: /home/tugmirk/Desktop/garp-test/install/workspace_gz/share/workspace_gz//models/buoys/marker_buoy_green/materials/textures/MarkerBuoy_Base_Color.png\n'}
[11.047185] (workspace_gz) StdoutLine: {'line': b'-- Symlinking: /home/tugmirk/Desktop/garp-test/install/workspace_gz/share/workspace_gz//models/buoys/marker_buoy_green/materials/textures/MarkerBuoy_Roughness.png\n'}
[11.069343] (workspace_gz) StdoutLine: {'line': b'-- Symlinking: /home/tugmirk/Desktop/garp-test/install/workspace_gz/share/workspace_gz//models/buoys/marker_buoy_green/meshes/marker_buoy.dae\n'}
[11.087940] (workspace_gz) StdoutLine: {'line': b'-- Symlinking: /home/tugmirk/Desktop/garp-test/install/workspace_gz/share/workspace_gz//models/buoys/marker_buoy_green/model.config\n'}
[11.109554] (workspace_gz) StdoutLine: {'line': b'-- Symlinking: /home/tugmirk/Desktop/garp-test/install/workspace_gz/share/workspace_gz//models/buoys/marker_buoy_green/model.sdf\n'}
[11.125137] (-) TimerEvent: {}
[11.127172] (workspace_gz) StdoutLine: {'line': b'-- Symlinking: /home/tugmirk/Desktop/garp-test/install/workspace_gz/share/workspace_gz//models/buoys/marker_buoy_orange/materials/textures/MarkerBuoy_Base_Color.png\n'}
[11.151382] (workspace_gz) StdoutLine: {'line': b'-- Symlinking: /home/tugmirk/Desktop/garp-test/install/workspace_gz/share/workspace_gz//models/buoys/marker_buoy_orange/materials/textures/MarkerBuoy_Roughness.png\n'}
[11.175417] (workspace_gz) StdoutLine: {'line': b'-- Symlinking: /home/tugmirk/Desktop/garp-test/install/workspace_gz/share/workspace_gz//models/buoys/marker_buoy_orange/meshes/marker_buoy.dae\n'}
[11.196593] (workspace_gz) StdoutLine: {'line': b'-- Symlinking: /home/tugmirk/Desktop/garp-test/install/workspace_gz/share/workspace_gz//models/buoys/marker_buoy_orange/model.config\n'}
[11.217158] (workspace_gz) StdoutLine: {'line': b'-- Symlinking: /home/tugmirk/Desktop/garp-test/install/workspace_gz/share/workspace_gz//models/buoys/marker_buoy_orange/model.sdf\n'}
[11.225345] (-) TimerEvent: {}
[11.240445] (workspace_gz) StdoutLine: {'line': b'-- Symlinking: /home/tugmirk/Desktop/garp-test/install/workspace_gz/share/workspace_gz//models/buoys/marker_buoy_red/materials/textures/MarkerBuoy_Base_Color.png\n'}
[11.259590] (workspace_gz) StdoutLine: {'line': b'-- Symlinking: /home/tugmirk/Desktop/garp-test/install/workspace_gz/share/workspace_gz//models/buoys/marker_buoy_red/materials/textures/MarkerBuoy_Roughness.png\n'}
[11.276215] (workspace_gz) StdoutLine: {'line': b'-- Symlinking: /home/tugmirk/Desktop/garp-test/install/workspace_gz/share/workspace_gz//models/buoys/marker_buoy_red/meshes/marker_buoy.dae\n'}
[11.292564] (workspace_gz) StdoutLine: {'line': b'-- Symlinking: /home/tugmirk/Desktop/garp-test/install/workspace_gz/share/workspace_gz//models/buoys/marker_buoy_red/model.config\n'}
[11.302575] (workspace_gz) StdoutLine: {'line': b'-- Symlinking: /home/tugmirk/Desktop/garp-test/install/workspace_gz/share/workspace_gz//models/buoys/marker_buoy_red/model.sdf\n'}
[11.312579] (workspace_gz) StdoutLine: {'line': b'-- Symlinking: /home/tugmirk/Desktop/garp-test/install/workspace_gz/share/workspace_gz//models/buoys/marker_buoy_yellow/materials/textures/MarkerBuoy_Base_Color.png\n'}
[11.325462] (-) TimerEvent: {}
[11.329338] (workspace_gz) StdoutLine: {'line': b'-- Symlinking: /home/tugmirk/Desktop/garp-test/install/workspace_gz/share/workspace_gz//models/buoys/marker_buoy_yellow/materials/textures/MarkerBuoy_Roughness.png\n'}
[11.342202] (workspace_gz) StdoutLine: {'line': b'-- Symlinking: /home/tugmirk/Desktop/garp-test/install/workspace_gz/share/workspace_gz//models/buoys/marker_buoy_yellow/meshes/marker_buoy.dae\n'}
[11.353281] (workspace_gz) StdoutLine: {'line': b'-- Symlinking: /home/tugmirk/Desktop/garp-test/install/workspace_gz/share/workspace_gz//models/buoys/marker_buoy_yellow/model.config\n'}
[11.372315] (workspace_gz) StdoutLine: {'line': b'-- Symlinking: /home/tugmirk/Desktop/garp-test/install/workspace_gz/share/workspace_gz//models/buoys/marker_buoy_yellow/model.sdf\n'}
[11.385247] (workspace_gz) StdoutLine: {'line': b'-- Symlinking: /home/tugmirk/Desktop/garp-test/install/workspace_gz/share/workspace_gz//models/buoys/round_buoy_orange/materials/textures/RoundBarrierBuoy_Base_Color.png\n'}
[11.405215] (workspace_gz) StdoutLine: {'line': b'-- Symlinking: /home/tugmirk/Desktop/garp-test/install/workspace_gz/share/workspace_gz//models/buoys/round_buoy_orange/materials/textures/RoundBarrierBuoy_Roughness.png\n'}
[11.416574] (workspace_gz) StdoutLine: {'line': b'-- Symlinking: /home/tugmirk/Desktop/garp-test/install/workspace_gz/share/workspace_gz//models/buoys/round_buoy_orange/meshes/round_buoy.dae\n'}
[11.425525] (-) TimerEvent: {}
[11.426295] (workspace_gz) StdoutLine: {'line': b'-- Symlinking: /home/tugmirk/Desktop/garp-test/install/workspace_gz/share/workspace_gz//models/buoys/round_buoy_orange/model.config\n'}
[11.433670] (workspace_gz) StdoutLine: {'line': b'-- Symlinking: /home/tugmirk/Desktop/garp-test/install/workspace_gz/share/workspace_gz//models/buoys/round_buoy_orange/model.sdf\n'}
[11.448400] (workspace_gz) StdoutLine: {'line': b'-- Symlinking: /home/tugmirk/Desktop/garp-test/install/workspace_gz/share/workspace_gz//models/roboboat/materials/textures/roboboat_albedo.png\n'}
[11.460479] (workspace_gz) StdoutLine: {'line': b'-- Symlinking: /home/tugmirk/Desktop/garp-test/install/workspace_gz/share/workspace_gz//models/roboboat/materials/textures/roboboat_metalness.png\n'}
[11.475333] (workspace_gz) StdoutLine: {'line': b'-- Symlinking: /home/tugmirk/Desktop/garp-test/install/workspace_gz/share/workspace_gz//models/roboboat/materials/textures/roboboat_normal.png\n'}
[11.495960] (workspace_gz) StdoutLine: {'line': b'-- Symlinking: /home/tugmirk/Desktop/garp-test/install/workspace_gz/share/workspace_gz//models/roboboat/materials/textures/roboboat_roughness.png\n'}
[11.515348] (workspace_gz) StdoutLine: {'line': b'-- Symlinking: /home/tugmirk/Desktop/garp-test/install/workspace_gz/share/workspace_gz//models/roboboat/materials/textures/thruster_albedo.png\n'}
[11.522240] (workspace_gz) StdoutLine: {'line': b'-- Symlinking: /home/tugmirk/Desktop/garp-test/install/workspace_gz/share/workspace_gz//models/roboboat/materials/textures/thruster_roughness.png\n'}
[11.525684] (-) TimerEvent: {}
[11.527136] (workspace_gz) StdoutLine: {'line': b'-- Symlinking: /home/tugmirk/Desktop/garp-test/install/workspace_gz/share/workspace_gz//models/roboboat/meshes/housing.dae\n'}
[11.533907] (workspace_gz) StdoutLine: {'line': b'-- Symlinking: /home/tugmirk/Desktop/garp-test/install/workspace_gz/share/workspace_gz//models/roboboat/meshes/mount.dae\n'}
[11.543106] (workspace_gz) StdoutLine: {'line': b'-- Symlinking: /home/tugmirk/Desktop/garp-test/install/workspace_gz/share/workspace_gz//models/roboboat/meshes/prop.dae\n'}
[11.556271] (workspace_gz) StdoutLine: {'line': b'-- Symlinking: /home/tugmirk/Desktop/garp-test/install/workspace_gz/share/workspace_gz//models/roboboat/meshes/roboboat.dae\n'}
[11.574468] (workspace_gz) StdoutLine: {'line': b'-- Symlinking: /home/tugmirk/Desktop/garp-test/install/workspace_gz/share/workspace_gz//models/roboboat/sensors/camera/materials/textures/camera.png\n'}
[11.597114] (workspace_gz) StdoutLine: {'line': b'-- Symlinking: /home/tugmirk/Desktop/garp-test/install/workspace_gz/share/workspace_gz//models/roboboat/sensors/camera/materials/textures/camera_albedo.png\n'}
[11.611823] (workspace_gz) StdoutLine: {'line': b'-- Symlinking: /home/tugmirk/Desktop/garp-test/install/workspace_gz/share/workspace_gz//models/roboboat/sensors/camera/materials/textures/camera_metalness.png\n'}
[11.625958] (-) TimerEvent: {}
[11.630360] (workspace_gz) StdoutLine: {'line': b'-- Symlinking: /home/tugmirk/Desktop/garp-test/install/workspace_gz/share/workspace_gz//models/roboboat/sensors/camera/materials/textures/camera_normal.png\n'}
[11.648260] (workspace_gz) StdoutLine: {'line': b'-- Symlinking: /home/tugmirk/Desktop/garp-test/install/workspace_gz/share/workspace_gz//models/roboboat/sensors/camera/materials/textures/camera_roughness.png\n'}
[11.666820] (workspace_gz) StdoutLine: {'line': b'-- Symlinking: /home/tugmirk/Desktop/garp-test/install/workspace_gz/share/workspace_gz//models/roboboat/sensors/camera/meshes/camera.dae\n'}
[11.680048] (workspace_gz) StdoutLine: {'line': b'-- Symlinking: /home/tugmirk/Desktop/garp-test/install/workspace_gz/share/workspace_gz//models/roboboat/sensors/camera/meshes/camera_albedo.png\n'}
[11.691685] (workspace_gz) StdoutLine: {'line': b'-- Symlinking: /home/tugmirk/Desktop/garp-test/install/workspace_gz/share/workspace_gz//models/roboboat/sensors/camera_post/materials/textures/post_albedo.png\n'}
[11.700171] (workspace_gz) StdoutLine: {'line': b'-- Symlinking: /home/tugmirk/Desktop/garp-test/install/workspace_gz/share/workspace_gz//models/roboboat/sensors/camera_post/meshes/post.dae\n'}
[11.705887] (workspace_gz) StdoutLine: {'line': b'-- Symlinking: /home/tugmirk/Desktop/garp-test/install/workspace_gz/share/workspace_gz//models/roboboat/sensors/camera_post/meshes/post_albedo.jpg\n'}
[11.713155] (workspace_gz) StdoutLine: {'line': b'-- Symlinking: /home/tugmirk/Desktop/garp-test/install/workspace_gz/share/workspace_gz//models/roboboat/sensors/drybox/materials/textures/drybox_albedo.png\n'}
[11.718148] (workspace_gz) StdoutLine: {'line': b'-- Symlinking: /home/tugmirk/Desktop/garp-test/install/workspace_gz/share/workspace_gz//models/roboboat/sensors/drybox/materials/textures/drybox_roughness.png\n'}
[11.723480] (workspace_gz) StdoutLine: {'line': b'-- Symlinking: /home/tugmirk/Desktop/garp-test/install/workspace_gz/share/workspace_gz//models/roboboat/sensors/drybox/meshes/drybox.dae\n'}
[11.726030] (-) TimerEvent: {}
[11.728708] (workspace_gz) StdoutLine: {'line': b'-- Symlinking: /home/tugmirk/Desktop/garp-test/install/workspace_gz/share/workspace_gz//models/roboboat/sensors/gps/materials/textures/gps_albedo.png\n'}
[11.736060] (workspace_gz) StdoutLine: {'line': b'-- Symlinking: /home/tugmirk/Desktop/garp-test/install/workspace_gz/share/workspace_gz//models/roboboat/sensors/gps/meshes/gps.dae\n'}
[11.742043] (workspace_gz) StdoutLine: {'line': b'-- Symlinking: /home/tugmirk/Desktop/garp-test/install/workspace_gz/share/workspace_gz//models/roboboat/sensors/gps/meshes/gps_albedo.png\n'}
[11.749286] (workspace_gz) StdoutLine: {'line': b'-- Symlinking: /home/tugmirk/Desktop/garp-test/install/workspace_gz/share/workspace_gz//models/roboboat/sensors/lidar/materials/textures/lidar.png\n'}
[11.755058] (workspace_gz) StdoutLine: {'line': b'-- Symlinking: /home/tugmirk/Desktop/garp-test/install/workspace_gz/share/workspace_gz//models/roboboat/sensors/lidar/materials/textures/lidar_albedo.png\n'}
[11.762065] (workspace_gz) StdoutLine: {'line': b'-- Symlinking: /home/tugmirk/Desktop/garp-test/install/workspace_gz/share/workspace_gz//models/roboboat/sensors/lidar/materials/textures/lidar_metalness.png\n'}
[11.767036] (workspace_gz) StdoutLine: {'line': b'-- Symlinking: /home/tugmirk/Desktop/garp-test/install/workspace_gz/share/workspace_gz//models/roboboat/sensors/lidar/materials/textures/lidar_normal.png\n'}
[11.773627] (workspace_gz) StdoutLine: {'line': b'-- Symlinking: /home/tugmirk/Desktop/garp-test/install/workspace_gz/share/workspace_gz//models/roboboat/sensors/lidar/materials/textures/lidar_roughness.png\n'}
[11.779785] (workspace_gz) StdoutLine: {'line': b'-- Symlinking: /home/tugmirk/Desktop/garp-test/install/workspace_gz/share/workspace_gz//models/roboboat/sensors/lidar/meshes/lidar.dae\n'}
[11.785396] (workspace_gz) StdoutLine: {'line': b'-- Symlinking: /home/tugmirk/Desktop/garp-test/install/workspace_gz/share/workspace_gz//models/roboboat/sensors/lidar/meshes/lidar_albedo.png\n'}
[11.790327] (workspace_gz) StdoutLine: {'line': b'-- Symlinking: /home/tugmirk/Desktop/garp-test/install/workspace_gz/share/workspace_gz//models/roboboat/sensors/lidar_post/materials/textures/post_albedo.png\n'}
[11.795349] (workspace_gz) StdoutLine: {'line': b'-- Symlinking: /home/tugmirk/Desktop/garp-test/install/workspace_gz/share/workspace_gz//models/roboboat/sensors/lidar_post/meshes/post.dae\n'}
[11.800863] (workspace_gz) StdoutLine: {'line': b'-- Symlinking: /home/tugmirk/Desktop/garp-test/install/workspace_gz/share/workspace_gz//models/roboboat/sensors/lidar_post/meshes/post_albedo.jpg\n'}
[11.806072] (workspace_gz) StdoutLine: {'line': b'-- Symlinking: /home/tugmirk/Desktop/garp-test/install/workspace_gz/share/workspace_gz//models/waves/materials/programs/GerstnerWaves_fs_330.glsl\n'}
[11.810885] (workspace_gz) StdoutLine: {'line': b'-- Symlinking: /home/tugmirk/Desktop/garp-test/install/workspace_gz/share/workspace_gz//models/waves/materials/programs/GerstnerWaves_vs_330.glsl\n'}
[11.816920] (workspace_gz) StdoutLine: {'line': b'-- Symlinking: /home/tugmirk/Desktop/garp-test/install/workspace_gz/share/workspace_gz//models/waves/materials/textures/skybox_lowres.dds\n'}
[11.822152] (workspace_gz) StdoutLine: {'line': b'-- Symlinking: /home/tugmirk/Desktop/garp-test/install/workspace_gz/share/workspace_gz//models/waves/materials/textures/wave_normals.dds\n'}
[11.826089] (-) TimerEvent: {}
[11.829218] (workspace_gz) StdoutLine: {'line': b'-- Symlinking: /home/tugmirk/Desktop/garp-test/install/workspace_gz/share/workspace_gz//models/waves/meshes/waterlow.dae\n'}
[11.835172] (workspace_gz) StdoutLine: {'line': b'-- Symlinking: /home/tugmirk/Desktop/garp-test/install/workspace_gz/share/workspace_gz//models/waves/model.config\n'}
[11.841001] (workspace_gz) StdoutLine: {'line': b'-- Symlinking: /home/tugmirk/Desktop/garp-test/install/workspace_gz/share/workspace_gz//models/waves/model.sdf\n'}
[11.847833] (workspace_gz) StdoutLine: {'line': b'-- Symlinking: /home/tugmirk/Desktop/garp-test/install/workspace_gz/share/workspace_gz//worlds/world.sdf\n'}
[11.853566] (workspace_gz) StdoutLine: {'line': b'-- Symlinking: /home/tugmirk/Desktop/garp-test/install/workspace_gz/share/workspace_gz/environment/library_path.sh\n'}
[11.860512] (workspace_gz) StdoutLine: {'line': b'-- Symlinking: /home/tugmirk/Desktop/garp-test/install/workspace_gz/share/workspace_gz/environment/library_path.dsv\n'}
[11.866328] (workspace_gz) StdoutLine: {'line': b'-- Symlinking: /home/tugmirk/Desktop/garp-test/install/workspace_gz/share/ament_index/resource_index/package_run_dependencies/workspace_gz\n'}
[11.871194] (workspace_gz) StdoutLine: {'line': b'-- Symlinking: /home/tugmirk/Desktop/garp-test/install/workspace_gz/share/ament_index/resource_index/parent_prefix_path/workspace_gz\n'}
[11.877731] (workspace_gz) StdoutLine: {'line': b'-- Symlinking: /home/tugmirk/Desktop/garp-test/install/workspace_gz/share/workspace_gz/environment/ament_prefix_path.sh\n'}
[11.883728] (workspace_gz) StdoutLine: {'line': b'-- Symlinking: /home/tugmirk/Desktop/garp-test/install/workspace_gz/share/workspace_gz/environment/ament_prefix_path.dsv\n'}
[11.889897] (workspace_gz) StdoutLine: {'line': b'-- Symlinking: /home/tugmirk/Desktop/garp-test/install/workspace_gz/share/workspace_gz/environment/path.sh\n'}
[11.896956] (workspace_gz) StdoutLine: {'line': b'-- Symlinking: /home/tugmirk/Desktop/garp-test/install/workspace_gz/share/workspace_gz/environment/path.dsv\n'}
[11.902313] (workspace_gz) StdoutLine: {'line': b'-- Symlinking: /home/tugmirk/Desktop/garp-test/install/workspace_gz/share/workspace_gz/local_setup.bash\n'}
[11.909206] (workspace_gz) StdoutLine: {'line': b'-- Symlinking: /home/tugmirk/Desktop/garp-test/install/workspace_gz/share/workspace_gz/local_setup.sh\n'}
[11.914354] (workspace_gz) StdoutLine: {'line': b'-- Symlinking: /home/tugmirk/Desktop/garp-test/install/workspace_gz/share/workspace_gz/local_setup.zsh\n'}
[11.921104] (workspace_gz) StdoutLine: {'line': b'-- Symlinking: /home/tugmirk/Desktop/garp-test/install/workspace_gz/share/workspace_gz/local_setup.dsv\n'}
[11.926190] (-) TimerEvent: {}
[11.927610] (workspace_gz) StdoutLine: {'line': b'-- Symlinking: /home/tugmirk/Desktop/garp-test/install/workspace_gz/share/workspace_gz/package.dsv\n'}
[11.934421] (workspace_gz) StdoutLine: {'line': b'-- Symlinking: /home/tugmirk/Desktop/garp-test/install/workspace_gz/share/ament_index/resource_index/packages/workspace_gz\n'}
[11.939970] (workspace_gz) StdoutLine: {'line': b'-- Symlinking: /home/tugmirk/Desktop/garp-test/install/workspace_gz/share/workspace_gz/cmake/ament_cmake_export_libraries-extras.cmake\n'}
[11.945959] (workspace_gz) StdoutLine: {'line': b'-- Symlinking: /home/tugmirk/Desktop/garp-test/install/workspace_gz/share/workspace_gz/cmake/ament_cmake_export_dependencies-extras.cmake\n'}
[11.953973] (workspace_gz) StdoutLine: {'line': b'-- Symlinking: /home/tugmirk/Desktop/garp-test/install/workspace_gz/share/workspace_gz/cmake/workspace_gzConfig.cmake\n'}
[11.959922] (workspace_gz) StdoutLine: {'line': b'-- Symlinking: /home/tugmirk/Desktop/garp-test/install/workspace_gz/share/workspace_gz/cmake/workspace_gzConfig-version.cmake\n'}
[11.966383] (workspace_gz) StdoutLine: {'line': b'-- Symlinking: /home/tugmirk/Desktop/garp-test/install/workspace_gz/share/workspace_gz/package.xml\n'}
[11.973276] (workspace_gz) CommandEnded: {'returncode': 0}
[11.981122] (workspace_gz) JobEnded: {'identifier': 'workspace_gz', 'rc': 0}
[11.981271] (-) EventReactorShutdown: {}
